4OFF
1200 11040 0 4440
-0.54024351044429186 -0.15098796797915964 -0.64538691734426257 0.518474020438076
0.13117132277947263 0.61178971654147707 0.60685228354645693 -0.49014052349181669
-0.22448701888287392 -0.27790086488534638 -0.28641771663191873 0.88901157430508948
-0.22448701888287392 0.36748605245891613 -0.75784025152561652 0.49014052349181669
0.64538691734426257 -0.518474020438076 -0.54024351044429186 -0.15098796797915964
0.32800385183782144 -0.83890858735261375 -0.33652070358439334 0.2745900058353497
0.050102986952474671 0.7578402515256164 0.033597200802784874 -0.64964534321754819
0.050102986952474671 0.1509879679791595 0.94831042012587052 -0.2745900058353497
-0.60685228354645693 0.49014052349181669 0.13117132277947263 0.61178971654147707
-0.34876806386079806 0.4374056846110782 0.36748605245891558 -0.74296103932094937
0.17701588385866204 -0.29866507690832284 0.18195331685368163 0.91997692317961111
0.17701588385866204 -0.012247360276404162 -0.64538691734426201 0.74296103932094937
0.28641771663191873 -0.88901157430508948 -0.22448701888287392 -0.27790086488534638
0.17701588385866204 0.74559289124921235 -0.58082436766695433 0.2745900058353497
0.75784025152561652 -0.49014052349181669 -0.22448701888287392 0.36748605245891613
0.28641771663191873 -0.34876806386079751 -0.64964534321754863 -0.61178971654147707
0.54024351044429186 0.15098796797915964 0.64538691734426257 -0.518474020438076
-0.66189270349395191 0.74559289124921191 -0.062350347228879499 0.045844561079188606
0.14341868305587724 -0.94831042012587008 0.23205630380615744 0.16213667165399478
0.14341868305587724 -0.61178971654147651 -0.77655824012373431 -0.045844561079188606
0.33652070358439334 -0.2745900058353497 0.32800385183782144 -0.83890858735261375
0.51847402043807578 -0.64538691734426146 0.15098796797916006 0.54024351044429098
-0.050102986952476003 0.61442156846973961 -0.55249087072069525 -0.56100772246726716
-0.050102986952476003 0.58082436766695467 0.60685228354645637 -0.54024351044429098
-0.033597200802784874 0.64964534321754819 0.050102986952474671 0.7578402515256164
-0.050102986952476003 -0.3674860524589158 0.92754620810289379 0.045844561079188606
-0.94831042012587052 0.2745900058353497 0.050102986952474671 0.1509879679791595
-0.033597200802784874 0.51847402043807556 0.16213667165399523 0.83890858735261375
-0.13117132277947263 -0.61178971654147707 -0.60685228354645693 0.49014052349181669
0.78880560040013847 -0.42983639968779502 -0.30818720663813354 0.31312463963315412
-0.51847402043807567 0.64538691734426168 -0.15098796797915978 -0.54024351044429053
-0.51847402043807567 0.27790086488534615 0.74559289124921169 -0.31312463963315412
-0.36748605245891558 0.74296103932094937 -0.34876806386079806 0.4374056846110782
-0.6954899042967374 0.095947548031664553 -0.012247360276404384 -0.71199569044642652
0.51090473551479265 -0.20534938080492146 0.58082436766695422 0.59954235626507246
0.51090473551479265 -0.38730269765860303 -0.28641771663191851 0.71199569044642652
-0.18195331685368163 -0.91997692317961111 0.17701588385866204 -0.29866507690832284
0.51090473551479265 0.25808421968565898 -0.75784025152561596 0.31312463963315412
0.64538691734426201 -0.74296103932094937 0.17701588385866204 -0.012247360276404162
-0.18195331685368163 -0.69548990429673707 -0.54024351044429142 -0.4374056846110782
0.22448701888287392 0.27790086488534638 0.28641771663191873 -0.88901157430508948
0.51090473551479265 0.83890858735261331 -0.1819533168536813 -0.045844561079188606
0.58082436766695433 -0.2745900058353497 0.17701588385866204 0.74559289124921235
0.22448701888287392 -0.36748605245891613 0.75784025152561652 -0.49014052349181669
-0.18195331685368163 -0.045844561079188495 -0.51090473551479276 -0.83890858735261375
0.64964534321754863 0.61178971654147707 0.28641771663191873 -0.34876806386079751
-0.64538691734426257 0.518474020438076 0.54024351044429186 0.15098796797915964
0.74296103932094892 -0.36748605245891547 0.43740568461107798 -0.34876806386079723
-0.2821592907586325 0.77655824012373353 -0.40907218766481879 0.38730269765860248
-0.2821592907586325 0.83890858735261298 0.30818720663813404 0.34876806386079723
0.062350347228879499 -0.045844561079188606 -0.66189270349395191 0.74559289124921191
-0.49014052349181597 0.6068522835464556 -0.61178971654147696 -0.13117132277947224
-0.095947548031663277 -0.69548990429673618 0.71199569044642719 -0.012247360276404384
-0.095947548031663277 -0.92754620810289357 -0.33652070358439312 0.13117132277947224
-0.23205630380615744 -0.16213667165399478 0.14341868305587724 -0.94831042012587008
-0.095947548031663166 -0.15098796797915939 -0.91997692317961066 -0.34876806386079723
0.77655824012373431 0.045844561079188606 0.14341868305587724 -0.61178971654147651
-0.23205630380615744 -0.49014052349181625 0.38730269765860226 -0.74559289124921191
-0.32800385183782144 0.83890858735261375 0.33652070358439334 -0.2745900058353497
-0.88901157430508826 0.28641771663191773 -0.27790086488534643 -0.22448701888287351
0.49014052349181619 -0.60685228354645571 0.61178971654147662 0.13117132277947186
0.49014052349181619 -0.75784025152561574 -0.36748605245891502 0.22448701888287351
-0.15098796797916006 -0.54024351044429098 0.51847402043807578 -0.64538691734426146
-0.13117132277947324 0.23631472967944317 -0.92754620810289334 -0.25808421968565831
-0.13117132277947324 0.78880560040013836 0.033597200802784874 -0.59954235626507157
0.55249087072069525 0.56100772246726716 -0.050102986952476003 0.61442156846973961
-0.13117132277947324 0.18195331685368202 0.94831042012586964 -0.22448701888287351
-0.60685228354645637 0.54024351044429098 -0.050102986952476003 0.58082436766695467
0.55249087072069525 0.51090473551479243 0.13117132277947258 0.64538691734426146
-0.050102986952474671 -0.7578402515256164 -0.033597200802784874 0.64964534321754819
-0.13117132277947324 -0.7455928912492118 0.55249087072069469 0.34876806386079723
-0.92754620810289379 -0.045844561079188606 -0.050102986952476003 -0.3674860524589158
-0.050102986952474671 -0.1509879679791595 -0.94831042012587052 0.2745900058353497
0.55249087072069525 0.34876806386079728 0.1311713227794733 0.74559289124921191
-0.16213667165399523 -0.83890858735261375 -0.033597200802784874 0.51847402043807556
0.60685228354645693 -0.49014052349181669 -0.13117132277947263 -0.61178971654147707
-0.92754620810289357 0.25808421968565876 0.13117132277947174 0.23631472967944323
0.6618927034939518 -0.74559289124921135 0.062350347228879721 -0.045844561079189744
0.6618927034939518 -0.43740568461107787 -0.56100772246726671 -0.23631472967944323
0.30818720663813354 -0.31312463963315412 0.78880560040013847 -0.42983639968779502
0.88901157430508837 -0.28641771663191812 0.27790086488534649 0.22448701888287301
-0.49014052349181603 0.75784025152561585 0.36748605245891525 -0.22448701888287301
0.15098796797915978 0.54024351044429053 -0.51847402043807567 0.64538691734426168
-0.49014052349181603 0.012247360276404218 0.83890858735261276 0.23631472967944328
-0.74559289124921169 0.31312463963315412 -0.51847402043807567 0.27790086488534615
0.15098796797915975 0.88901157430508859 -0.045844561079189022 0.42983639968779502
0.34876806386079806 -0.4374056846110782 -0.36748605245891558 0.74296103932094937
0.94831042012587019 0.14341868305587635 -0.16213667165399387 0.23205630380615611
-0.88901157430508837 0.29866507690832261 0.25808421968565842 -0.23205630380615611
0.012247360276404384 0.71199569044642652 -0.6954899042967374 0.095947548031664553
-0.77655824012373431 -0.28215929075863161 -0.38730269765860287 -0.40907218766481757
0.64964534321754785 -0.033597200802785318 0.75784025152561552 0.050102986952474782
0.64964534321754785 -0.61442156846973961 0.18195331685368146 0.40907218766481757
-0.58082436766695422 -0.59954235626507246 0.51090473551479265 -0.20534938080492146
0.64964534321754785 -0.3280038518378211 -0.64538691734426135 0.23205630380615611
0.28641771663191851 -0.71199569044642652 0.51090473551479265 -0.38730269765860303
-0.58082436766695422 -0.77655824012373431 -0.2244870188828737 -0.095947548031664553
-0.17701588385866204 0.29866507690832284 -0.18195331685368163 -0.91997692317961111
0.64964534321754785 0.42983639968779486 -0.58082436766695389 -0.23631472967944328
0.75784025152561596 -0.31312463963315412 0.51090473551479265 0.25808421968565898
-0.17701588385866204 0.012247360276404162 0.64538691734426201 -0.74296103932094937
-0.58082436766695422 -0.236314729679443 -0.64964534321754808 -0.42983639968779502
0.54024351044429142 0.4374056846110782 -0.18195331685368163 -0.69548990429673707
-0.28641771663191873 0.88901157430508948 0.22448701888287392 0.27790086488534638
0.1819533168536813 0.045844561079188606 0.51090473551479265 0.83890858735261331
-0.17701588385866204 -0.74559289124921235 0.58082436766695433 -0.2745900058353497
-0.75784025152561652 0.49014052349181669 0.22448701888287392 -0.36748605245891613
-0.58082436766695422 0.27459000583534976 -0.17701588385866179 -0.74559289124921191
-0.28641771663191873 0.34876806386079751 0.64964534321754863 0.61178971654147707
0.31312463963315423 -0.30818720663813337 0.42983639968779491 -0.78880560040013759
0.31312463963315423 -0.74559289124921135 0.27790086488534582 -0.51847402043807489
-0.43740568461107798 0.34876806386079723 0.74296103932094892 -0.36748605245891547
0.27459000583534898 -0.33652070358439246 0.83890858735261298 -0.32800385183782099
0.20534938080492005 0.5109047355147911 -0.59954235626507268 0.58082436766695422
0.20534938080492005 0.91997692317961011 -0.062350347228879499 0.32800385183782099
0.40907218766481879 -0.38730269765860248 -0.2821592907586325 0.77655824012373353
0.20534938080492007 0.61178971654147596 0.56100772246726738 0.51847402043807489
-0.30818720663813404 -0.34876806386079723 -0.2821592907586325 0.83890858735261298
0.40907218766481879 0.27459000583534954 -0.78880560040013759 0.36748605245891547
-0.27459000583534943 0.33652070358439223 -0.83890858735261276 0.32800385183782133
-0.27459000583534943 0.94831042012586897 -0.15098796797916009 -0.05010298695247456
0.61178971654147696 0.13117132277947224 -0.49014052349181597 0.6068522835464556
-0.29866507690832128 -0.17701588385866102 0.91997692317961011 -0.18195331685368218
-0.29866507690832128 -0.88901157430508815 0.23205630380615716 0.25808421968565798
-0.71199569044642719 0.012247360276404384 -0.095947548031663277 -0.69548990429673618
-0.29866507690832128 -0.55249087072069503 -0.77655824012373342 0.050102986952474615
0.33652070358439312 -0.13117132277947224 -0.095947548031663277 -0.92754620810289357
-0.71199569044642719 -0.1311713227794728 0.32800385183782116 -0.6068522835464556
-0.14341868305587724 0.94831042012587008 -0.23205630380615744 -0.16213667165399478
-0.29866507690832128 0.36748605245891541 -0.71199569044642663 -0.518474020438075
0.91997692317961066 0.34876806386079723 -0.095947548031663166 -0.15098796797915939
-0.14341868305587724 0.61178971654147651 0.77655824012373431 0.045844561079188606
-0.71199569044642719 -0.518474020438075 0.29866507690832139 -0.36748605245891541
-0.38730269765860226 0.74559289124921191 -0.23205630380615744 -0.49014052349181625
-0.33652070358439334 0.2745900058353497 -0.32800385183782144 0.83890858735261375
0.91997692317960966 0.18195331685368218 0.29866507690832267 -0.17701588385866188
-0.7429610393209487 0.3674860524589143 -0.43740568461107765 0.34876806386079795
-0.7429610393209487 0.64538691734426079 -0.012247360276404884 0.17701588385866188
0.27790086488534643 0.22448701888287351 -0.88901157430508826 0.28641771663191773
-0.64964534321754708 0.033597200802784263 -0.75784025152561563 -0.050102986952474171
0.27459000583534943 -0.94831042012586919 0.15098796797915992 0.050102986952474171
-0.61178971654147662 -0.13117132277947186 0.49014052349181619 -0.60685228354645571
0.27459000583534943 -0.58082436766695422 -0.7455928912492108 -0.17701588385866188
0.36748605245891502 -0.22448701888287351 0.49014052349181619 -0.75784025152561574
-0.61178971654147662 -0.64964534321754752 0.34876806386079739 -0.28641771663191773
0.30818720663813426 0.3131246396331544 0.78880560040013781 0.42983639968779341
-0.16213667165399509 -0.23205630380615669 -0.94831042012586919 0.14341868305587707
-0.16213667165399509 0.69548990429673663 -0.55249087072069469 -0.42983639968779341
0.92754620810289334 0.25808421968565831 -0.13117132277947324 0.23631472967944317
-0.16213667165399506 0.66189270349395191 0.60685228354645582 -0.40907218766481723
-0.033597200802784874 0.59954235626507157 -0.13117132277947324 0.78880560040013836
0.92754620810289334 0.30818720663813431 0.050102986952474615 0.20534938080492049
0.050102986952476003 -0.61442156846973961 0.55249087072069525 0.56100772246726716
-0.16213667165399515 -0.2864177166319179 0.9275462081028929 0.1770158838586619
-0.94831042012586964 0.22448701888287351 -0.13117132277947324 0.18195331685368202
0.050102986952476003 -0.58082436766695467 -0.60685228354645637 0.54024351044429098
0.92754620810289334 0.17701588385866174 0.16213667165399512 0.28641771663191773
-0.13117132277947258 -0.64538691734426146 0.55249087072069525 0.51090473551479243
0.033597200802784874 -0.64964534321754819 -0.050102986952474671 -0.7578402515256164
-0.55249087072069469 -0.34876806386079723 -0.13117132277947324 -0.7455928912492118
0.050102986952476003 0.3674860524589158 -0.92754620810289379 -0.045844561079188606
0.94831042012587052 -0.2745900058353497 -0.050102986952474671 -0.1509879679791595
0.92754620810289334 0.045844561079188495 0.050102986952475892 0.36748605245891547
0.033597200802784874 -0.51847402043807556 -0.16213667165399523 -0.83890858735261375
0.71199569044642619 0.012247360276404218 0.095947548031664831 -0.69548990429673641
-0.55249087072069458 0.56100772246726638 0.050102986952474449 0.61442156846973961
-0.55249087072069458 0.42983639968779447 0.16213667165399404 0.69548990429673641
-0.13117132277947174 -0.23631472967944323 -0.92754620810289357 0.25808421968565876
0.28215929075863194 -0.77655824012373276 0.40907218766481834 -0.38730269765860337
0.28215929075863194 -0.83890858735261253 -0.3081872066381332 -0.34876806386079795
-0.062350347228879721 0.045844561079189744 0.6618927034939518 -0.74559289124921135
0.282159290758632 -0.27790086488534582 -0.59954235626507191 -0.69548990429673641
0.56100772246726671 0.23631472967944323 0.6618927034939518 -0.43740568461107787
-0.062350347228879749 -0.7429610393209487 0.61442156846973939 -0.25808421968565876
-0.78880560040013847 0.42983639968779502 0.30818720663813354 -0.31312463963315412
-0.91997692317960955 -0.18195331685368185 -0.29866507690832289 0.17701588385866221
0.74296103932094837 -0.64538691734426112 0.012247360276404828 -0.17701588385866221
-0.27790086488534649 -0.22448701888287301 0.88901157430508837 -0.28641771663191812
-0.27459000583534898 0.58082436766695411 0.74559289124921113 0.17701588385866221
-0.36748605245891525 0.22448701888287301 -0.49014052349181603 0.75784025152561585
0.6117897165414764 0.64964534321754741 -0.34876806386079784 0.28641771663191812
-0.27459000583534898 -0.25808421968565864 0.61178971654147596 0.69548990429673641
-0.83890858735261276 -0.23631472967944328 -0.49014052349181603 0.012247360276404218
0.51847402043807567 -0.27790086488534615 -0.74559289124921169 0.31312463963315412
0.61178971654147629 0.69548990429673652 0.27459000583534932 0.25808421968565881
0.045844561079189022 -0.42983639968779502 0.15098796797915975 0.88901157430508859
0.36748605245891558 -0.74296103932094937 0.34876806386079806 -0.4374056846110782
-0.83890858735261264 -0.32800385183782094 0.27459000583534793 0.3365207035843939
0.92754620810289268 -0.2580842196856582 -0.13117132277947199 -0.23631472967944425
0.92754620810289268 -0.095947548031664331 -0.13117132277947152 -0.3365207035843939
0.16213667165399387 -0.23205630380615611 0.94831042012587019 0.14341868305587635
-0.74296103932094837 0.38730269765860265 0.42983639968779397 0.3365207035843939
-0.25808421968565842 0.23205630380615611 -0.88901157430508837 0.29866507690832261
0.27790086488534599 0.91997692317961044 -0.23631472967944356 -0.14341868305587635
0.6954899042967374 -0.095947548031664553 0.012247360276404384 0.71199569044642652
0.74559289124921158 0.66189270349395102 0.045844561079189688 0.062350347228878167
-0.91997692317960988 0.20534938080492118 -0.32800385183782133 -0.062350347228878167
0.38730269765860287 0.40907218766481757 -0.77655824012373431 -0.28215929075863161
-0.56100772246726716 -0.55249087072069436 -0.61442156846973905 0.050102986952475947
0.54024351044429053 -0.60685228354645626 0.58082436766695378 -0.050102986952475947
-0.75784025152561552 -0.050102986952474782 0.64964534321754785 -0.033597200802785318
0.54024351044429053 -0.78880560040013759 -0.28641771663191828 0.062350347228878139
-0.18195331685368146 -0.40907218766481757 0.64964534321754785 -0.61442156846973961
-0.75784025152561552 -0.5610077224672676 0.17701588385866188 0.28215929075863161
-0.51090473551479265 0.20534938080492146 -0.58082436766695422 -0.59954235626507246
0.54024351044429053 -0.14341868305587629 -0.75784025152561507 -0.33652070358439379
0.64538691734426135 -0.23205630380615611 0.64964534321754785 -0.3280038518378211
-0.51090473551479265 0.38730269765860303 0.28641771663191851 -0.71199569044642652
-0.75784025152561552 -0.33652070358439379 -0.54024351044429086 0.14341868305587641
0.2244870188828737 0.095947548031664553 -0.58082436766695422 -0.77655824012373431
0.18195331685368163 0.91997692317961111 -0.17701588385866204 0.29866507690832284
0.58082436766695389 0.23631472967944328 0.64964534321754785 0.42983639968779486
-0.51090473551479265 -0.25808421968565898 0.75784025152561596 -0.31312463963315412
-0.64538691734426201 0.74296103932094937 -0.17701588385866204 0.012247360276404162
-0.75784025152561552 0.31312463963315429 -0.51090473551479232 -0.25808421968565876
0.18195331685368163 0.69548990429673707 0.54024351044429142 0.4374056846110782
-0.51090473551479265 -0.83890858735261331 0.1819533168536813 0.045844561079188606
-0.64964534321754863 -0.61178971654147707 -0.28641771663191873 0.34876806386079751
0.045844561079189272 -0.062350347228879832 -0.74559289124921091 0.66189270349395102
-0.23631472967944259 -0.13117132277947158 0.25808421968565887 -0.92754620810289257
-0.23631472967944259 -0.56100772246726649 0.43740568461107765 -0.66189270349395102
-0.42983639968779491 0.78880560040013759 0.31312463963315423 -0.30818720663813337
-0.23631472967944261 -0.83890858735261231 0.012247360276403718 -0.49014052349181547
-0.27790086488534582 0.51847402043807489 0.31312463963315423 -0.74559289124921135
-0.42983639968779491 0.045844561079188551 0.8890115743050877 0.15098796797915956
-0.045844561079188717 0.062350347228880193 0.74559289124921091 -0.66189270349395102
-0.045844561079188717 -0.77655824012373276 0.61178971654147629 -0.14341868305587674
-0.83890858735261298 0.32800385183782099 0.27459000583534898 -0.33652070358439246
0.61442156846973806 0.050102986952474338 -0.56100772246726693 0.5524908707206948
0.61442156846973806 0.64964534321754708 -0.40907218766481868 0.18195331685368207
0.59954235626507268 -0.58082436766695422 0.20534938080492005 0.5109047355147911
0.61442156846973806 0.71199569044642663 0.30818720663813376 0.14341868305587668
0.062350347228879499 -0.32800385183782099 0.20534938080492005 0.91997692317961011
0.59954235626507268 -0.29866507690832172 -0.66189270349395135 0.33652070358439246
0.61442156846973806 0.15098796797915928 0.59954235626507235 0.49014052349181547
-0.56100772246726738 -0.51847402043807489 0.20534938080492007 0.61178971654147596
0.59954235626507257 0.4901405234918158 -0.61442156846973806 -0.15098796797915956
0.78880560040013759 -0.36748605245891547 0.40907218766481879 0.27459000583534954
0.16213667165399415 0.23205630380615772 0.94831042012586853 -0.14341868305587735
0.045844561079188495 0.77655824012373253 -0.61178971654147629 0.14341868305587735
0.83890858735261276 -0.32800385183782133 -0.27459000583534943 0.33652070358439223
0.045844561079188439 0.92754620810289279 0.36748605245891452 0.050102986952475725
0.15098796797916009 0.05010298695247456 -0.27459000583534943 0.94831042012586897
0.83890858735261276 0.16213667165399456 -0.51847402043807478 0.033597200802784055
0.27790086488534549 -0.22448701888287464 -0.88901157430508748 -0.28641771663191684
-0.38730269765860165 0.40907218766481834 0.77655824012373298 -0.28215929075863239
-0.38730269765860165 -0.51090473551479187 0.71199569044642663 0.28641771663191684
-0.91997692317961011 0.18195331685368218 -0.29866507690832128 -0.17701588385866102
-0.3873026976586017 -0.74296103932094903 -0.33652070358439273 0.42983639968779341
-0.23205630380615716 -0.25808421968565798 -0.29866507690832128 -0.88901157430508815
-0.91997692317961011 0.2779008648853456 0.14341868305587696 -0.23631472967944189
0.095947548031663277 0.69548990429673618 -0.71199569044642719 0.012247360276404384
-0.38730269765860181 0.033597200802784402 -0.91997692317960977 -0.050102986952475559
0.77655824012373342 -0.050102986952474615 -0.29866507690832128 -0.55249087072069503
0.095947548031663277 0.92754620810289357 0.33652070358439312 -0.13117132277947224
-0.91997692317961011 -0.050102986952475448 0.38730269765860187 -0.033597200802784041
-0.32800385183782116 0.6068522835464556 -0.71199569044642719 -0.1311713227794728
0.23205630380615744 0.16213667165399478 -0.14341868305587724 0.94831042012587008
0.71199569044642663 0.518474020438075 -0.29866507690832128 0.36748605245891541
0.095947548031663166 0.15098796797915939 0.91997692317961066 0.34876806386079723
-0.77655824012373431 -0.045844561079188606 -0.14341868305587724 0.61178971654147651
-0.91997692317961022 -0.3487680638607969 0.095947548031663221 0.15098796797915959
0.23205630380615744 0.49014052349181625 -0.38730269765860226 0.74559289124921191
-0.59954235626507124 -0.58082436766695411 -0.20534938080492077 0.51090473551479199
0.71199569044642574 -0.2864177166319174 0.38730269765860303 -0.51090473551479199
-0.29866507690832267 0.17701588385866188 0.91997692317960966 0.18195331685368218
-0.31312463963315396 0.30818720663813259 -0.42983639968779391 0.78880560040013781
-0.31312463963315396 0.74559289124921024 -0.27790086488534615 0.51847402043807544
0.43740568461107765 -0.34876806386079795 -0.7429610393209487 0.3674860524589143
-0.31312463963315396 0.75784025152561496 0.25808421968565787 0.51090473551479199
0.012247360276404884 -0.17701588385866188 -0.7429610393209487 0.64538691734426079
0.43740568461107765 0.54024351044429053 -0.69548990429673618 -0.18195331685368216
0.56100772246726593 0.55249087072069503 0.61442156846973883 -0.050102986952476058
-0.54024351044428998 0.60685228354645504 -0.58082436766695467 0.050102986952476058
0.75784025152561563 0.050102986952474171 -0.64964534321754708 0.033597200802784263
-0.045844561079188717 -0.92754620810289268 -0.36748605245891464 -0.050102986952476058
-0.15098796797915992 -0.050102986952474171 0.27459000583534943 -0.94831042012586919
-0.83890858735261253 -0.16213667165399459 0.51847402043807522 -0.033597200802784263
-0.045844561079188662 -0.18195331685368182 -0.83890858735261198 -0.51090473551479187
0.7455928912492108 0.17701588385866188 0.27459000583534943 -0.58082436766695422
-0.83890858735261253 -0.51090473551479199 0.045844561079188662 0.18195331685368218
-0.34876806386079739 0.28641771663191773 -0.61178971654147662 -0.64964534321754752
-0.36748605245891508 -0.74296103932094892 -0.34876806386079756 -0.43740568461107598
0.5610077224672666 -0.23631472967944289 0.66189270349395191 0.43740568461107598
-0.78880560040013781 -0.42983639968779341 0.30818720663813426 0.3131246396331544
-0.012247360276403885 0.71199569044642619 0.69548990429673585 0.095947548031662999
-0.13117132277947235 0.33652070358439334 -0.92754620810289257 -0.095947548031662999
0.94831042012586919 -0.14341868305587707 -0.16213667165399509 -0.23205630380615669
-0.13117132277947241 0.88901157430508793 0.033597200802784818 -0.43740568461107598
0.55249087072069469 0.42983639968779341 -0.16213667165399509 0.69548990429673663
0.94831042012586919 -0.012247360276403774 -0.050102986952475892 -0.3131246396331544
0.13117132277947324 -0.23631472967944317 0.92754620810289334 0.25808421968565831
-0.13117132277947235 0.28215929075863222 0.94831042012586897 -0.06235034722887825
-0.60685228354645582 0.40907218766481723 -0.16213667165399506 0.66189270349395191
0.13117132277947324 -0.78880560040013836 -0.033597200802784874 0.59954235626507157
0.94831042012586919 -0.062350347228878472 0.13117132277947235 -0.28215929075863261
-0.050102986952474615 -0.20534938080492049 0.92754620810289334 0.30818720663813431
-0.55249087072069525 -0.56100772246726716 0.050102986952476003 -0.61442156846973961
-0.9275462081028929 -0.1770158838586619 -0.16213667165399515 -0.2864177166319179
0.13117132277947324 -0.18195331685368202 -0.94831042012586964 0.22448701888287351
0.60685228354645637 -0.54024351044429098 0.050102986952476003 -0.58082436766695467
0.94831042012586919 -0.22448701888287362 0.13117132277947313 -0.1819533168536821
-0.55249087072069525 -0.51090473551479243 -0.13117132277947258 -0.64538691734426146
0.13117132277947324 0.7455928912492118 -0.55249087072069469 -0.34876806386079723
0.16213667165399523 0.83890858735261375 0.033597200802784874 -0.51847402043807556
0.23205630380615633 -0.16213667165399376 -0.1434186830558758 -0.94831042012586919
0.23205630380615633 -0.25808421968565853 0.29866507690832234 -0.88901157430508748
-0.095947548031664831 0.69548990429673641 0.71199569044642619 0.012247360276404218
0.033597200802785082 0.64964534321754575 -0.050102986952475448 0.75784025152561596
0.033597200802785082 0.59954235626507146 0.13117132277947161 0.78880560040013759
-0.050102986952474449 -0.61442156846973961 -0.55249087072069458 0.56100772246726638
0.033597200802785096 0.43740568461107743 0.13117132277947213 0.88901157430508737
-0.16213667165399404 -0.69548990429673641 -0.55249087072069458 0.42983639968779447
-0.050102986952474449 0.31312463963315385 -0.94831042012586941 -0.012247360276404162
-0.20534938080492077 -0.51090473551479088 0.59954235626507169 -0.58082436766695456
-0.20534938080492077 -0.91997692317960922 0.06235034722887961 -0.32800385183782166
-0.40907218766481834 0.38730269765860337 0.28215929075863194 -0.77655824012373276
-0.20534938080492077 -0.61178971654147585 -0.56100772246726616 -0.518474020438075
0.3081872066381332 0.34876806386079795 0.28215929075863194 -0.83890858735261253
-0.40907218766481834 -0.27459000583534843 0.78880560040013781 -0.36748605245891486
-0.20534938080492071 -0.012247360276403996 -0.40907218766481801 -0.88901157430508737
0.59954235626507191 0.69548990429673641 0.282159290758632 -0.27790086488534582
-0.6618927034939518 0.43740568461107787 0.56100772246726671 0.23631472967944323
-0.4090721876648184 -0.8890115743050877 0.2053493808049206 0.012247360276404273
-0.61442156846973939 0.25808421968565876 -0.062350347228879749 -0.7429610393209487
-0.30818720663813354 0.31312463963315412 -0.78880560040013847 0.42983639968779502
0.59954235626507091 0.580824367666954 0.20534938080492141 -0.51090473551479199
-0.7119956904464253 -0.01224736027640505 -0.095947548031664387 0.69548990429673663
-0.7119956904464253 0.28641771663191773 -0.38730269765860331 0.51090473551479199
0.29866507690832289 -0.17701588385866221 -0.91997692317960955 -0.18195331685368185
0.3131246396331534 -0.75784025152561518 -0.25808421968565798 -0.51090473551479199
-0.012247360276404828 0.17701588385866221 0.74296103932094837 -0.64538691734426112
-0.43740568461107765 -0.54024351044429009 0.69548990429673663 0.18195331685368185
0.045844561079189161 0.18195331685368149 0.83890858735261198 0.51090473551479199
-0.74559289124921113 -0.17701588385866221 -0.27459000583534898 0.58082436766695411
0.83890858735261253 0.5109047355147921 -0.045844561079189106 -0.18195331685368188
0.34876806386079784 -0.28641771663191812 0.6117897165414764 0.64964534321754741
-0.61178971654147596 -0.69548990429673641 -0.27459000583534898 -0.25808421968565864
0.49014052349181603 -0.012247360276404218 -0.83890858735261276 -0.23631472967944328
0.74559289124921169 -0.31312463963315412 0.51847402043807567 -0.27790086488534615
0.83890858735261253 0.23631472967944278 0.4901405234918158 -0.012247360276404218
-0.15098796797915975 -0.88901157430508859 0.045844561079189022 -0.42983639968779502
0.40907218766481762 0.38730269765860248 -0.28215929075863089 -0.77655824012373353
-0.6117897165414754 0.13117132277947169 0.49014052349181469 0.60685228354645682
-0.6117897165414754 -0.14341868305587618 -0.045844561079190022 0.77655824012373353
-0.27459000583534793 -0.3365207035843939 -0.83890858735261264 -0.32800385183782094
0.55249087072069369 -0.56100772246726593 -0.050102986952475337 -0.61442156846974005
0.55249087072069369 -0.42983639968779375 -0.1621366716539937 -0.69548990429673707
0.13117132277947199 0.23631472967944425 0.92754620810289268 -0.2580842196856582
0.55249087072069369 -0.29866507690832222 -0.050102986952474338 -0.77655824012373353
0.13117132277947152 0.3365207035843939 0.92754620810289268 -0.095947548031664331
0.13117132277947202 -0.71199569044642574 0.60685228354645659 0.32800385183782094
-0.94831042012587019 -0.14341868305587635 0.16213667165399387 -0.23205630380615611
-0.31312463963315329 0.32800385183782077 0.43740568461107698 0.77655824012373353
-0.42983639968779397 -0.3365207035843939 -0.74296103932094837 0.38730269765860265
0.88901157430508837 -0.29866507690832261 -0.25808421968565842 0.23205630380615611
0.43740568461107737 0.77655824012373387 0.31312463963315368 -0.32800385183782099
0.23631472967944356 0.14341868305587635 0.27790086488534599 0.91997692317961044
-0.012247360276404384 -0.71199569044642652 0.6954899042967374 -0.095947548031664553
-0.42983639968779414 -0.78880560040013714 0.31312463963315307 0.30818720663813465
0.83890858735261165 0.32800385183782099 -0.27459000583534865 -0.33652070358439434
0.83890858735261165 0.28215929075863133 0.34876806386079795 -0.30818720663813465
-0.045844561079189688 -0.062350347228878167 0.74559289124921158 0.66189270349395102
-0.7119956904464253 0.61442156846973894 -0.14341868305587679 0.30818720663813465
0.32800385183782133 0.062350347228878167 -0.91997692317960988 0.20534938080492118
0.29866507690832217 0.59954235626507191 -0.33652070358439395 -0.66189270349395102
0.77655824012373431 0.28215929075863161 0.38730269765860287 0.40907218766481757
0.25808421968565853 0.92754620810289246 0.23631472967944311 -0.13117132277947333
-0.59954235626507124 0.03359720080278536 -0.78880560040013747 0.13117132277947333
0.61442156846973905 -0.050102986952475947 -0.56100772246726716 -0.55249087072069436
0.22448701888287328 -0.94831042012586897 0.18195331685368127 -0.13117132277947333
-0.58082436766695378 0.050102986952475947 0.54024351044429053 -0.60685228354645626
-0.6453869173442609 -0.13117132277947269 0.51090473551479221 0.55249087072069436
0.22448701888287328 -0.66189270349395057 -0.64538691734426079 -0.30818720663813465
0.28641771663191828 -0.062350347228878139 0.54024351044429053 -0.78880560040013759
-0.64964534321754785 0.61442156846973961 -0.18195331685368146 -0.40907218766481757
-0.6453869173442609 -0.30818720663813459 -0.22448701888287356 0.66189270349395102
-0.17701588385866188 -0.28215929075863161 -0.75784025152561552 -0.5610077224672676
0.58082436766695422 0.59954235626507246 -0.51090473551479265 0.20534938080492146
0.75784025152561507 0.33652070358439379 0.54024351044429053 -0.14341868305587629
-0.64964534321754785 0.3280038518378211 0.64538691734426135 -0.23205630380615611
-0.28641771663191851 0.71199569044642652 -0.51090473551479265 0.38730269765860303
-0.6453869173442609 0.23205630380615622 -0.64964534321754741 0.32800385183782099
0.58082436766695422 0.77655824012373431 0.2244870188828737 0.095947548031664553
-0.64964534321754785 -0.42983639968779486 0.58082436766695389 0.23631472967944328
-0.54024351044429142 -0.4374056846110782 0.18195331685368163 0.69548990429673707
0.34876806386079712 0.30818720663813304 -0.83890858735261198 0.28215929075863178
0.74559289124921091 -0.66189270349395102 0.045844561079189272 -0.062350347228879832
-0.6954899042967353 -0.16213667165399412 0.42983639968779441 -0.55249087072069425
-0.25808421968565887 0.92754620810289257 -0.23631472967944259 -0.13117132277947158
-0.6954899042967353 -0.59954235626507169 0.27790086488534543 -0.28215929075863178
-0.43740568461107765 0.66189270349395102 -0.23631472967944259 -0.56100772246726649
-0.25808421968565898 0.6144215684697385 0.74296103932094826 0.062350347228879832
-0.69548990429673541 -0.6117897165414754 -0.25808421968565892 -0.27459000583534893
-0.012247360276403718 0.49014052349181547 -0.23631472967944261 -0.83890858735261231
-0.25808421968565898 -0.2745900058353492 0.69548990429673552 0.61178971654147596
-0.8890115743050877 -0.15098796797915956 -0.42983639968779491 0.045844561079188551
0.38730269765860231 -0.4090721876648189 -0.77655824012373198 0.282159290758632
-0.34876806386079662 -0.30818720663813298 0.8389085873526122 -0.282159290758632
-0.74559289124921091 0.66189270349395102 -0.045844561079188717 0.062350347228880193
-0.34876806386079662 -0.91997692317960933 0.1509879679791597 0.09594754803166361
-0.61178971654147629 0.14341868305587674 -0.045844561079188717 -0.77655824012373276
-0.74559289124921091 0.38730269765860204 0.49014052349181503 0.23205630380615755
-0.75784025152561485 0.050102986952476281 0.64964534321754641 0.033597200802784236
0.78880560040013636 0.1311713227794723 -0.59954235626507213 -0.033597200802784236
0.56100772246726693 -0.5524908707206948 0.61442156846973806 0.050102986952474338
0.78880560040013636 0.54024351044429086 -0.062350347228879527 -0.28641771663191729
0.40907218766481868 -0.18195331685368207 0.61442156846973806 0.64964534321754708
0.56100772246726693 -0.75784025152561485 -0.28215929075863228 0.17701588385866007
0.78880560040013648 0.23205630380615716 0.56100772246726682 -0.095947548031663554
-0.30818720663813376 -0.14341868305587668 0.61442156846973806 0.71199569044642663
0.56100772246726716 -0.09594754803166361 -0.78880560040013681 -0.2320563038061576
0.66189270349395135 -0.33652070358439246 0.59954235626507268 -0.29866507690832172
-0.59954235626507235 -0.49014052349181547 0.61442156846973806 0.15098796797915928
0.56100772246726704 0.51847402043807467 -0.20534938080491971 -0.61178971654147596
0.01224736027640505 -0.71199569044642652 -0.69548990429673485 -0.095947548031663055
0.13117132277947191 -0.3365207035843919 0.92754620810289257 0.095947548031663055
-0.94831042012586853 0.14341868305587735 0.16213667165399415 0.23205630380615772
0.34876806386079662 0.91997692317960911 -0.15098796797916 -0.095947548031662999
0.61178971654147629 -0.14341868305587735 0.045844561079188495 0.77655824012373253
0.74559289124921047 -0.38730269765860209 -0.49014052349181558 -0.23205630380615772
0.34876806386079662 0.55249087072069458 0.74559289124921024 0.13117132277947274
-0.36748605245891452 -0.050102986952475725 0.045844561079188439 0.92754620810289279
0.74559289124921069 0.13117132277947269 -0.34876806386079673 -0.55249087072069525
0.51847402043807478 -0.033597200802784055 0.83890858735261276 0.16213667165399456
-0.15098796797915987 0.54024351044429131 0.51847402043807422 0.64538691734425946
0.012247360276404051 0.17701588385866091 -0.74296103932094881 -0.64538691734425946
0.88901157430508748 0.28641771663191684 0.27790086488534549 -0.22448701888287464
0.58082436766695333 -0.59954235626507213 -0.5109047355147911 -0.20534938080491957
-0.32800385183782049 0.062350347228879055 0.91997692317960933 0.20534938080491957
-0.77655824012373298 0.28215929075863239 -0.38730269765860165 0.40907218766481834
-0.32800385183782049 -0.64964534321754752 0.23205630380615699 0.64538691734425946
-0.71199569044642663 -0.28641771663191684 -0.38730269765860165 -0.51090473551479187
-0.77655824012373298 0.58082436766695367 -0.095947548031663332 0.22448701888287464
0.29866507690832128 0.17701588385866102 -0.91997692317961011 0.18195331685368218
-0.3280038518378206 -0.31312463963315479 -0.77655824012373276 0.43740568461107637
0.33652070358439273 -0.42983639968779341 -0.3873026976586017 -0.74296103932094903
0.29866507690832128 0.88901157430508815 -0.23205630380615716 -0.25808421968565798
-0.77655824012373298 0.43740568461107671 0.32800385183782071 0.31312463963315518
-0.14341868305587696 0.23631472967944189 -0.91997692317961011 0.2779008648853456
0.71199569044642719 -0.012247360276404384 0.095947548031663277 0.69548990429673618
0.91997692317960977 0.050102986952475559 -0.38730269765860181 0.033597200802784402
0.29866507690832128 0.55249087072069503 0.77655824012373342 -0.050102986952474615
-0.33652070358439312 0.13117132277947224 0.095947548031663277 0.92754620810289357
-0.77655824012373298 0.050102986952474837 0.29866507690832095 0.55249087072069525
0.71199569044642719 0.1311713227794728 -0.32800385183782116 0.6068522835464556
0.29866507690832128 -0.36748605245891541 0.71199569044642663 0.518474020438075
0.38730269765860226 -0.74559289124921191 0.23205630380615744 0.49014052349181625
-0.4090721876648169 -0.38730269765860276 0.28215929075863183 0.77655824012373287
-0.4090721876648169 -0.18195331685368196 -0.61442156846973872 0.64964534321754674
0.20534938080492077 -0.51090473551479199 -0.59954235626507124 -0.58082436766695411
0.23205630380615608 -0.64538691734426024 0.32800385183782133 -0.64964534321754674
-0.38730269765860303 0.51090473551479199 0.71199569044642574 -0.2864177166319174
-0.095947548031664109 -0.22448701888287334 0.77655824012373298 0.58082436766695411
0.23631472967944267 0.13117132277947147 -0.25808421968565753 0.92754620810289257
0.23631472967944267 0.56100772246726527 -0.43740568461107732 0.66189270349395146
0.42983639968779391 -0.78880560040013781 -0.31312463963315396 0.30818720663813259
0.23631472967944267 0.83890858735261153 -0.012247360276404828 0.49014052349181569
0.27790086488534615 -0.51847402043807544 -0.31312463963315396 0.74559289124921024
0.4298363996877938 -0.045844561079189189 -0.88901157430508759 -0.15098796797916023
0.23631472967944267 0.58082436766695356 0.42983639968779364 0.64964534321754674
-0.25808421968565787 -0.51090473551479199 -0.31312463963315396 0.75784025152561496
0.42983639968779391 0.64964534321754697 -0.23631472967944259 -0.580824367666954
0.69548990429673618 0.18195331685368216 0.43740568461107765 0.54024351044429053
-0.2580842196856572 -0.92754620810289246 -0.23631472967944264 0.13117132277947285
0.59954235626507035 -0.033597200802784236 0.78880560040013759 -0.13117132277947285
-0.61442156846973883 0.050102986952476058 0.56100772246726593 0.55249087072069503
-0.22448701888287306 0.9483104201258683 -0.18195331685368255 0.13117132277947285
0.58082436766695467 -0.050102986952476058 -0.54024351044428998 0.60685228354645504
0.64538691734426035 0.13117132277947174 -0.51090473551479165 -0.55249087072069503
-0.34876806386079712 -0.55249087072069458 -0.74559289124921013 -0.13117132277947297
0.36748605245891464 0.050102986952476058 -0.045844561079188717 -0.92754620810289268
-0.74559289124921047 -0.13117132277947291 0.34876806386079712 0.55249087072069503
-0.51847402043807522 0.033597200802784263 -0.83890858735261253 -0.16213667165399459
0.28641771663191717 0.8890115743050877 -0.22448701888287315 0.27790086488534438
-0.74559289124920991 -0.66189270349395146 -0.045844561079188301 -0.062350347228877917
-0.74559289124920991 -0.31312463963315396 -0.51847402043807578 -0.27790086488534438
0.34876806386079756 0.43740568461107598 -0.36748605245891508 -0.74296103932094892
0.59954235626507091 -0.69548990429673618 0.28215929075863283 0.27790086488534438
-0.66189270349395191 -0.43740568461107598 0.5610077224672666 -0.23631472967944289
-0.61442156846973828 -0.25808421968565803 -0.062350347228878333 0.74296103932094881
-0.30818720663813426 -0.3131246396331544 -0.78880560040013781 -0.42983639968779341
0.18195331685368171 -0.91997692317960944 -0.17701588385866135 -0.29866507690832067
0.25808421968565798 0.23205630380615644 0.88901157430508748 0.29866507690832067
-0.69548990429673585 -0.095947548031662999 -0.012247360276403885 0.71199569044642619
-0.05010298695247456 0.7765582401237332 -0.55249087072069414 -0.29866507690832056
0.92754620810289257 0.095947548031662999 -0.13117132277947235 0.33652070358439334
0.60685228354645526 -0.32800385183782055 -0.13117132277947316 -0.71199569044642619
-0.050102986952474615 0.74296103932094837 0.60685228354645515 -0.27790086488534438
-0.033597200802784818 0.43740568461107598 -0.13117132277947241 0.88901157430508793
0.16213667165399509 -0.69548990429673663 0.55249087072069469 0.42983639968779341
0.60685228354645537 -0.27790086488534466 0.050102986952474615 -0.74296103932094881
0.050102986952475892 0.3131246396331544 0.94831042012586919 -0.012247360276403774
-0.92754620810289334 -0.25808421968565831 0.13117132277947324 -0.23631472967944317
-0.94831042012586897 0.06235034722887825 -0.13117132277947235 0.28215929075863222
0.16213667165399506 -0.66189270349395191 -0.60685228354645582 0.40907218766481723
0.033597200802784874 -0.59954235626507157 0.13117132277947324 -0.78880560040013836
0.60685228354645537 -0.40907218766481701 0.16213667165399492 -0.66189270349395168
-0.92754620810289334 -0.30818720663813431 -0.050102986952474615 -0.20534938080492049
0.16213667165399515 0.2864177166319179 -0.9275462081028929 -0.1770158838586619
0.13117132277947258 0.64538691734426146 -0.55249087072069525 -0.51090473551479243
-0.33652070358439323 -0.27459000583534754 -0.32800385183782027 -0.8389085873526122
-0.33652070358439323 -0.1311713227794718 0.095947548031664665 -0.92754620810289201
0.1434186830558758 0.94831042012586919 0.23205630380615633 -0.16213667165399376
-0.33652070358439329 -0.42983639968779419 0.38730269765860204 -0.7429610393209477
-0.29866507690832234 0.88901157430508748 0.23205630380615633 -0.25808421968565853
0.14341868305587574 0.236314729679443 0.91997692317960955 0.27790086488534582
0.6068522835464556 0.49014052349181386 -0.13117132277947208 0.61178971654147618
0.6068522835464556 0.5402435104442892 0.050102986952474449 0.58082436766695389
0.050102986952475448 -0.75784025152561596 0.033597200802785082 0.64964534321754575
0.6068522835464556 0.40907218766481768 0.16213667165399387 0.66189270349395057
-0.13117132277947161 -0.78880560040013759 0.033597200802785082 0.59954235626507146
0.050102986952475448 -0.20534938080492127 -0.92754620810289257 0.30818720663813298
0.60685228354645548 0.2779008648853456 0.050102986952475226 0.74296103932094759
-0.13117132277947213 -0.88901157430508737 0.033597200802785096 0.43740568461107743
0.050102986952475503 0.74296103932094815 -0.6068522835464556 -0.27790086488534588
0.94831042012586941 0.012247360276404162 -0.050102986952474449 0.31312463963315385
-0.61442156846973872 -0.050102986952474504 0.56100772246726582 -0.55249087072069436
-0.61442156846973872 -0.64964534321754608 0.40907218766481784 -0.18195331685368216
-0.59954235626507169 0.58082436766695456 -0.20534938080492077 -0.51090473551479088
-0.61442156846973872 -0.71199569044642574 -0.30818720663813293 -0.14341868305587685
-0.06235034722887961 0.32800385183782166 -0.20534938080492077 -0.91997692317960922
-0.59954235626507169 0.2986650769083225 0.66189270349395124 -0.33652070358439234
-0.61442156846973872 -0.15098796797915948 -0.59954235626507135 -0.49014052349181492
-0.78880560040013781 0.36748605245891486 -0.40907218766481834 -0.27459000583534843
0.40907218766481801 0.88901157430508737 -0.20534938080492071 -0.012247360276403996
-0.282159290758632 0.27790086488534582 0.59954235626507191 0.69548990429673641
-0.56100772246726671 -0.23631472967944323 -0.6618927034939518 0.43740568461107787
-0.59954235626507169 -0.69548990429673574 -0.28215929075863205 0.27790086488534599
0.062350347228879749 0.7429610393209487 -0.61442156846973939 0.25808421968565876
0.40907218766481668 0.18195331685368174 0.61442156846973917 -0.64964534321754663
-0.20534938080492141 0.51090473551479199 0.59954235626507091 0.580824367666954
-0.23205630380615566 0.16213667165399293 0.14341868305587663 0.94831042012586897
-0.23205630380615566 0.25808421968565726 -0.29866507690832267 0.88901157430508737
0.095947548031664387 -0.69548990429673663 -0.7119956904464253 -0.01224736027640505
-0.23205630380615566 0.64538691734426068 -0.32800385183782144 0.64964534321754663
0.38730269765860331 -0.51090473551479199 -0.7119956904464253 0.28641771663191773
0.095947548031664498 0.22448701888287281 -0.7765582401237332 -0.580824367666954
-0.23631472967944334 -0.58082436766695356 -0.42983639968779386 -0.64964534321754652
0.25808421968565798 0.51090473551479199 0.3131246396331534 -0.75784025152561518
-0.42983639968779397 -0.64964534321754686 0.23631472967944311 0.580824367666954
-0.69548990429673663 -0.18195331685368185 -0.43740568461107765 -0.54024351044429009
0.27459000583534898 0.25808421968565864 -0.61178971654147596 -0.69548990429673641
-0.045844561079189022 0.42983639968779502 -0.15098796797915975 -0.88901157430508859
0.062350347228878444 0.045844561079189744 -0.66189270349395013 -0.74559289124921124
0.062350347228878444 0.3280038518378206 0.20534938080492149 -0.919976923179609
0.28215929075863089 0.77655824012373353 0.40907218766481762 0.38730269765860248
-0.15098796797915848 0.050102986952474338 0.27459000583534771 0.94831042012586897
-0.49014052349181469 -0.60685228354645682 -0.6117897165414754 0.13117132277947169
-0.15098796797915845 0.095947548031664442 -0.34876806386079762 0.919976923179609
0.045844561079190022 -0.77655824012373353 -0.6117897165414754 -0.14341868305587618
-0.49014052349181469 0.23205630380615594 -0.74559289124921146 -0.38730269765860242
-0.033597200802785956 -0.64964534321754575 0.050102986952474393 -0.75784025152561552
-0.033597200802785956 -0.59954235626507035 -0.13117132277947202 -0.78880560040013781
0.050102986952475337 0.61442156846974005 0.55249087072069369 -0.56100772246726593
-0.033597200802785956 -0.43740568461107665 -0.13117132277947136 -0.88901157430508726
0.1621366716539937 0.69548990429673707 0.55249087072069369 -0.42983639968779375
0.050102986952475226 -0.31312463963315285 0.94831042012586919 0.012247360276404273
-0.033597200802785832 -0.38730269765860231 0.050102986952475448 -0.919976923179609
0.050102986952474338 0.77655824012373353 0.55249087072069369 -0.29866507690832222
-0.92754620810289268 0.095947548031664331 0.13117132277947152 0.3365207035843939
0.050102986952475226 -0.91997692317960933 0.033597200802785637 0.38730269765860248
-0.60685228354645659 -0.32800385183782094 0.13117132277947202 -0.71199569044642574
-0.16213667165399387 0.23205630380615611 -0.94831042012587019 -0.14341868305587635
-0.43740568461107698 -0.77655824012373353 -0.31312463963315329 0.32800385183782077
0.74296103932094837 -0.38730269765860265 -0.42983639968779397 -0.3365207035843939
0.25808421968565842 -0.23205630380615611 0.88901157430508837 -0.29866507690832261
0.42983639968779386 0.33652070358439345 0.74296103932094815 -0.38730269765860248
-0.27790086488534599 -0.91997692317961044 0.23631472967944356 0.14341868305587635
-0.43740568461107626 -0.34876806386079739 0.74296103932094759 0.36748605245891619
-0.43740568461107626 -0.66189270349395046 -0.23631472967944381 0.56100772246726693
-0.31312463963315307 -0.30818720663813465 -0.42983639968779414 -0.78880560040013714
0.61178971654147429 -0.13117132277947174 -0.49014052349181536 -0.60685228354645637
0.61178971654147429 0.14341868305587691 0.045844561079189633 -0.77655824012373353
0.27459000583534865 0.33652070358439434 0.83890858735261165 0.32800385183782099
0.61178971654147429 -0.20534938080492104 0.51847402043807511 -0.56100772246726693
-0.34876806386079795 0.30818720663813465 0.83890858735261165 0.28215929075863133
0.27459000583534859 -0.40907218766481718 0.36748605245891608 0.78880560040013725
-0.23205630380615536 0.78880560040013692 0.095947548031663776 0.56100772246726693
0.14341868305587679 -0.30818720663813465 -0.7119956904464253 0.61442156846973894
0.91997692317960988 -0.20534938080492118 0.32800385183782133 0.062350347228878167
0.095947548031663776 0.56100772246726693 0.2320563038061558 -0.78880560040013725
0.33652070358439395 0.66189270349395102 0.29866507690832217 0.59954235626507191
-0.38730269765860287 -0.40907218766481757 0.77655824012373431 0.28215929075863161
0.42983639968779336 0.78880560040013692 -0.31312463963315396 -0.30818720663813443
0.42983639968779336 0.55249087072069392 0.69548990429673618 -0.16213667165399526
-0.23631472967944311 0.13117132277947333 0.25808421968565853 0.92754620810289246
-0.40907218766481673 0.6068522835464556 -0.66189270349395091 0.16213667165399526
0.78880560040013747 -0.13117132277947333 -0.59954235626507124 0.03359720080278536
0.20534938080492049 0.050102986952474782 -0.30818720663813448 -0.92754620810289246
-0.17701588385866185 -0.9275462081028919 -0.28641771663191806 -0.1621366716539952
-0.18195331685368127 0.13117132277947333 0.22448701888287328 -0.94831042012586897
-0.28641771663191795 -0.16213667165399534 0.17701588385866177 0.92754620810289234
-0.51090473551479221 -0.55249087072069436 -0.6453869173442609 -0.13117132277947269
0.64538691734426079 0.30818720663813465 0.22448701888287328 -0.66189270349395057
-0.54024351044429053 0.78880560040013759 0.28641771663191828 -0.062350347228878139
0.18195331685368146 0.40907218766481757 -0.64964534321754785 0.61442156846973961
-0.28641771663191795 0.06235034722887825 -0.54024351044429031 0.78880560040013714
0.75784025152561552 0.5610077224672676 -0.17701588385866188 -0.28215929075863161
-0.54024351044429053 0.14341868305587629 0.75784025152561507 0.33652070358439379
-0.2244870188828737 -0.095947548031664553 0.58082436766695422 0.77655824012373431
0.51847402043807422 0.56100772246726593 -0.6117897165414754 -0.20534938080492024
0.83890858735261198 -0.28215929075863178 0.34876806386079712 0.30818720663813304
0.36748605245891469 -0.7888056004001367 -0.27459000583534848 -0.4090721876648184
-0.88901157430508637 -0.13117132277947252 0.43740568461107709 0.033597200802784943
-0.42983639968779441 0.55249087072069425 -0.6954899042967353 -0.16213667165399412
0.012247360276403885 0.94831042012586864 0.31312463963315396 -0.050102986952474116
-0.88901157430508637 -0.40907218766481812 0.012247360276403663 0.20534938080492035
-0.27790086488534543 0.28215929075863178 -0.6954899042967353 -0.59954235626507169
0.012247360276403885 0.20534938080492027 0.88901157430508682 0.4090721876648184
-0.74296103932094826 -0.062350347228879832 -0.25808421968565898 0.6144215684697385
0.25808421968565892 0.27459000583534893 -0.69548990429673541 -0.6117897165414754
0.012247360276403774 -0.49014052349181536 0.23631472967944228 0.83890858735261198
-0.58082436766695389 0.59954235626507191 0.51090473551478977 0.20534938080491996
0.32800385183782066 -0.062350347228880082 -0.91997692317960866 -0.20534938080491996
0.77655824012373198 -0.282159290758632 0.38730269765860231 -0.4090721876648189
-0.51847402043807389 -0.56100772246726616 0.61178971654147585 0.20534938080492002
-0.8389085873526122 0.282159290758632 -0.34876806386079662 -0.30818720663813298
-0.36748605245891452 0.78880560040013648 0.27459000583534876 0.40907218766481879
-0.51847402043807389 -0.71199569044642586 -0.36748605245891464 0.29866507690832128
-0.1509879679791597 -0.09594754803166361 -0.34876806386079662 -0.91997692317960933
-0.36748605245891452 0.29866507690832139 0.51847402043807389 0.71199569044642652
-0.49014052349181503 -0.23205630380615755 -0.74559289124921091 0.38730269765860204
-0.58082436766695311 -0.050102986952474393 0.54024351044429064 0.60685228354645449
-0.64964534321754641 -0.033597200802784236 -0.75784025152561485 0.050102986952476281
0.66189270349395024 0.16213667165399515 -0.40907218766481829 -0.60685228354645437
0.59954235626507213 0.033597200802784236 0.78880560040013636 0.1311713227794723
0.30818720663813337 -0.92754620810289223 0.20534938080491988 -0.050102986952476336
0.66189270349395035 0.22448701888287481 0.30818720663813337 -0.64538691734425979
0.062350347228879527 0.28641771663191729 0.78880560040013636 0.54024351044429086
0.30818720663813337 -0.6453869173442599 -0.6618927034939508 -0.22448701888287481
0.28215929075863228 -0.17701588385866007 0.56100772246726693 -0.75784025152561485
-0.56100772246726682 0.095947548031663554 0.78880560040013648 0.23205630380615716
0.30818720663813354 0.14341868305587668 -0.61442156846973761 -0.71199569044642652
-0.18195331685368271 0.91997692317960866 0.17701588385866038 0.29866507690832095
-0.25808421968565715 -0.23205630380615749 -0.88901157430508682 -0.29866507690832095
0.69548990429673485 0.095947548031663055 0.01224736027640505 -0.71199569044642652
0.050102986952474615 -0.77655824012373209 0.55249087072069503 0.29866507690832089
-0.92754620810289257 -0.095947548031663055 0.13117132277947191 -0.3365207035843919
-0.60685228354645426 0.3280038518378211 0.1311713227794723 0.71199569044642652
0.51847402043807411 0.71199569044642597 0.36748605245891419 -0.29866507690832089
0.15098796797916 0.095947548031662999 0.34876806386079662 0.91997692317960911
0.36748605245891397 -0.298665076908321 -0.51847402043807422 -0.71199569044642652
0.49014052349181558 0.23205630380615772 0.74559289124921047 -0.38730269765860209
0.36748605245891425 0.74296103932094859 0.34876806386079551 0.43740568461107654
0.36748605245891425 0.22448701888287437 0.49014052349181592 0.75784025152561363
-0.51847402043807422 -0.64538691734425946 -0.15098796797915987 0.54024351044429131
-0.25808421968565814 0.51090473551479154 -0.31312463963315496 -0.75784025152561363
0.74296103932094881 0.64538691734425946 0.012247360276404051 0.17701588385866091
0.69548990429673463 -0.18195331685368205 0.43740568461107676 -0.5402435104442912
-0.27790086488534549 0.22448701888287464 0.88901157430508748 0.28641771663191684
0.18195331685368163 -0.40907218766481795 -0.64964534321754686 -0.61442156846973717
0.5109047355147911 0.20534938080491957 0.58082436766695333 -0.59954235626507213
-0.14341868305587668 -0.30818720663813404 0.71199569044642586 0.61442156846973717
-0.91997692317960933 -0.20534938080491957 -0.32800385183782049 0.062350347228879055
-0.33652070358439234 0.6618927034939508 -0.29866507690832089 0.59954235626507213
-0.14341868305587663 -0.54024351044429109 -0.33652070358439251 0.75784025152561363
-0.23205630380615699 -0.64538691734425946 -0.32800385183782049 -0.64964534321754752
0.38730269765860165 0.51090473551479187 -0.71199569044642663 -0.28641771663191684
-0.33652070358439229 0.75784025152561396 0.14341868305587679 0.54024351044429131
0.095947548031663332 -0.22448701888287464 -0.77655824012373298 0.58082436766695367
0.91997692317961011 -0.18195331685368218 0.29866507690832128 0.17701588385866102
0.77655824012373276 -0.43740568461107637 -0.3280038518378206 -0.31312463963315479
0.3873026976586017 0.74296103932094903 0.33652070358439273 -0.42983639968779341
0.23205630380615716 0.25808421968565798 0.29866507690832128 0.88901157430508815
-0.33652070358439234 0.42983639968779319 0.38730269765860142 0.74296103932094892
0.91997692317961011 -0.2779008648853456 -0.14341868305587696 0.23631472967944189
0.38730269765860181 -0.033597200802784402 0.91997692317960977 0.050102986952475559
0.32800385183782116 -0.6068522835464556 0.71199569044642719 0.1311713227794728
-0.062350347228878278 -0.045844561079189744 0.6618927034939508 0.74559289124921013
-0.062350347228878278 -0.32800385183782166 -0.20534938080492066 0.91997692317960844
-0.28215929075863183 -0.77655824012373287 -0.4090721876648169 -0.38730269765860276
-0.062350347228878278 0.28641771663191729 -0.78880560040013703 0.54024351044428964
0.61442156846973872 -0.64964534321754674 -0.4090721876648169 -0.18195331685368196
-0.28215929075863183 -0.17701588385866168 -0.56100772246726627 -0.75784025152561474
-0.33652070358439312 -0.75784025152561441 0.14341868305587679 -0.54024351044428964
-0.32800385183782133 0.64964534321754674 0.23205630380615608 -0.64538691734426024
0.14341868305587691 -0.54024351044428998 0.3365207035843929 0.75784025152561474
-0.77655824012373298 -0.58082436766695411 -0.095947548031664109 -0.22448701888287334
0.6954899042967353 0.16213667165399337 -0.42983639968779352 0.55249087072069436
0.25808421968565753 -0.92754620810289257 0.23631472967944267 0.13117132277947147
0.69548990429673541 0.59954235626507058 -0.27790086488534599 0.28215929075863216
0.43740568461107732 -0.66189270349395146 0.23631472967944267 0.56100772246726527
0.25808421968565753 -0.6144215684697385 -0.74296103932094804 -0.062350347228879915
0.6954899042967353 0.6117897165414754 0.25808421968565759 0.27459000583534882
0.88901157430508759 0.15098796797916023 0.4298363996877938 -0.045844561079189189
-0.42983639968779247 -0.55249087072069458 -0.69548990429673574 0.16213667165399431
0.23631472967944264 -0.13117132277947285 -0.2580842196856572 -0.92754620810289246
0.40907218766481657 -0.6068522835464546 0.66189270349395146 -0.16213667165399434
-0.78880560040013759 0.13117132277947285 0.59954235626507035 -0.033597200802784236
-0.20534938080491999 -0.050102986952474227 0.30818720663813326 0.92754620810289246
0.1770158838586616 0.9275462081028919 0.28641771663191673 0.16213667165399431
0.18195331685368255 -0.13117132277947285 -0.22448701888287306 0.9483104201258683
0.28641771663191673 0.16213667165399437 -0.17701588385866154 -0.92754620810289246
0.51090473551479165 0.55249087072069503 0.64538691734426035 0.13117132277947174
0.64538691734425913 0.518474020438075 -0.54024351044429042 0.15098796797915845
0.64538691734425913 0.74296103932094804 0.17701588385866243 0.012247360276403663
0.22448701888287315 -0.27790086488534438 0.28641771663191717 0.8890115743050877
-0.83890858735261042 -0.282159290758633 -0.34876806386079728 0.30818720663813443
0.045844561079188301 0.062350347228877917 -0.74559289124920991 -0.66189270349395146
-0.83890858735261042 0.23631472967944275 -0.49014052349181647 -0.012247360276403663
0.51847402043807578 0.27790086488534438 -0.74559289124920991 -0.31312463963315396
0.045844561079188301 0.42983639968779297 0.15098796797915887 -0.8890115743050877
0.40907218766481673 -0.88901157430508726 -0.20534938080491966 0.012247360276403663
-0.28215929075863283 -0.27790086488534438 0.59954235626507091 -0.69548990429673618
-0.5610077224672666 0.23631472967944289 -0.66189270349395191 -0.43740568461107598
-0.20534938080491941 0.012247360276403829 -0.40907218766481684 0.8890115743050877
0.062350347228878333 -0.74296103932094881 -0.61442156846973828 -0.25808421968565803
0.78880560040013781 0.42983639968779341 -0.30818720663813426 -0.3131246396331544
-0.28641771663191684 -0.88901157430508682 0.22448701888287409 -0.27790086488534466
-0.28641771663191684 -0.71199569044642552 -0.51090473551479187 -0.38730269765860104
0.17701588385866135 0.29866507690832067 0.18195331685368171 -0.91997692317960944
0.42983639968779291 -0.33652070358439312 0.74296103932094826 0.38730269765860098
-0.88901157430508748 -0.29866507690832067 0.25808421968565798 0.23205630380615644
-0.23631472967944211 0.14341868305587691 -0.27790086488534471 0.91997692317960944
0.050102986952475947 0.919976923179609 0.033597200802784805 -0.38730269765860098
0.55249087072069414 0.29866507690832056 -0.05010298695247456 0.7765582401237332
0.033597200802784499 -0.38730269765860126 -0.050102986952475892 -0.91997692317960944
0.13117132277947316 0.71199569044642619 0.60685228354645526 -0.32800385183782055
-0.60685228354645515 0.27790086488534438 -0.050102986952474615 0.74296103932094837
0.13117132277947241 -0.88901157430508793 -0.033597200802784818 0.43740568461107598
-0.55249087072069469 -0.42983639968779341 0.16213667165399509 -0.69548990429673663
0.033597200802784541 -0.43740568461107582 0.13117132277947224 -0.8890115743050877
-0.94831042012586919 0.012247360276403774 0.050102986952475892 0.3131246396331544
0.13117132277947235 -0.28215929075863222 -0.94831042012586897 0.06235034722887825
0.050102986952474615 0.20534938080492049 -0.92754620810289334 -0.30818720663813431
-0.77655824012373265 0.045844561079189716 -0.14341868305587563 -0.61178971654147507
0.32800385183782027 0.8389085873526122 -0.33652070358439323 -0.27459000583534754
-0.77655824012373265 -0.050102986952475059 0.29866507690832211 -0.55249087072069325
-0.095947548031664665 0.92754620810289201 -0.33652070358439323 -0.1311713227794718
0.32800385183782027 0.60685228354645593 0.71199569044642552 -0.13117132277947158
-0.77655824012373287 -0.43740568461107709 0.32800385183782016 -0.31312463963315329
-0.38730269765860204 0.7429610393209477 -0.33652070358439329 -0.42983639968779419
0.32800385183782016 -0.31312463963315351 0.77655824012373298 0.43740568461107732
-0.91997692317960955 -0.27790086488534582 0.14341868305587574 0.236314729679443
-0.64538691734426135 -0.51847402043807311 0.54024351044428931 -0.15098796797915956
0.94831042012586808 0.27459000583534765 -0.050102986952475337 0.15098796797915956
0.13117132277947208 -0.61178971654147618 0.6068522835464556 0.49014052349181386
0.94831042012586808 0.22448701888287315 0.13117132277947152 0.18195331685368124
-0.050102986952474449 -0.58082436766695389 0.6068522835464556 0.5402435104442892
0.13117132277947208 -0.64538691734426124 -0.55249087072069414 0.51090473551479032
0.94831042012586819 0.06235034722887936 0.13117132277947202 0.28215929075863089
-0.16213667165399387 -0.66189270349395057 0.6068522835464556 0.40907218766481768
0.13117132277947208 0.28215929075863128 -0.94831042012586853 -0.06235034722887961
0.92754620810289257 -0.30818720663813298 0.050102986952475448 -0.20534938080492127
-0.050102986952475226 -0.74296103932094759 0.60685228354645548 0.2779008648853456
0.13117132277947213 0.88901157430508693 -0.033597200802784805 -0.43740568461107743
0.75784025152561496 -0.050102986952475503 -0.64964534321754552 -0.03359720080278461
-0.7888056004001367 -0.13117132277947163 0.59954235626507102 0.03359720080278461
-0.56100772246726582 0.55249087072069436 -0.61442156846973872 -0.050102986952474504
-0.7888056004001367 -0.54024351044428953 0.062350347228879499 0.28641771663191729
-0.40907218766481784 0.18195331685368216 -0.61442156846973872 -0.64964534321754608
-0.56100772246726582 0.75784025152561529 0.28215929075863178 -0.17701588385866054
-0.7888056004001367 -0.23205630380615666 -0.56100772246726571 0.095947548031664054
-0.66189270349395124 0.33652070358439234 -0.59954235626507169 0.2986650769083225
0.20534938080492071 0.012247360276403996 0.40907218766481801 0.88901157430508737
0.61442156846973939 -0.25808421968565876 0.062350347228879749 0.7429610393209487
0.062350347228878 -0.28641771663191751 0.78880560040013714 -0.5402435104442892
-0.61442156846973917 0.64964534321754663 0.40907218766481668 0.18195331685368174
0.28215929075863139 0.17701588385866202 0.56100772246726605 0.75784025152561485
0.33652070358439345 0.27459000583534721 0.32800385183782133 0.83890858735261153
0.33652070358439345 0.13117132277947052 -0.095947548031664387 0.92754620810289179
-0.14341868305587663 -0.94831042012586897 -0.23205630380615566 0.16213667165399293
0.33652070358439345 0.42983639968779314 -0.38730269765860281 0.74296103932094737
0.29866507690832267 -0.88901157430508737 -0.23205630380615566 0.25808421968565726
-0.14341868305587668 -0.23631472967944356 -0.91997692317960866 -0.27790086488534615
0.33652070358439345 0.75784025152561463 -0.14341868305587657 0.5402435104442892
0.32800385183782144 -0.64964534321754663 -0.23205630380615566 0.64538691734426068
-0.14341868305587668 0.54024351044428942 -0.33652070358439329 -0.75784025152561496
0.7765582401237332 0.580824367666954 0.095947548031664498 0.22448701888287281
-0.30818720663813426 0.34876806386079751 -0.28215929075863067 -0.83890858735261131
0.66189270349395013 0.74559289124921124 0.062350347228878444 0.045844561079189744
-0.30818720663813426 0.14341868305587607 0.61442156846973861 -0.71199569044642474
-0.20534938080492149 0.919976923179609 0.062350347228878444 0.3280038518378206
0.66189270349395013 0.33652070358439362 0.59954235626507157 0.29866507690832228
0.36748605245891575 -0.05010298695247567 -0.045844561079189966 0.92754620810289135
-0.27459000583534771 -0.94831042012586897 -0.15098796797915848 0.050102986952474338
-0.51847402043807433 -0.03359720080278622 -0.83890858735261187 0.16213667165399409
0.3674860524589158 0.29866507690832206 -0.51847402043807411 0.71199569044642486
0.34876806386079762 -0.919976923179609 -0.15098796797915845 0.095947548031664442
-0.51847402043807433 0.7119956904464253 -0.36748605245891569 -0.29866507690832217
0.74559289124921146 0.38730269765860242 -0.49014052349181469 0.23205630380615594
-0.60685228354645626 -0.49014052349181414 0.1311713227794713 -0.61178971654147518
-0.60685228354645626 -0.54024351044428853 -0.050102986952475392 -0.58082436766695344
-0.050102986952474393 0.75784025152561552 -0.033597200802785956 -0.64964534321754575
-0.60685228354645626 -0.40907218766481651 -0.16213667165399359 -0.66189270349395046
0.13117132277947202 0.78880560040013781 -0.033597200802785956 -0.59954235626507035
-0.050102986952474393 0.20534938080492179 0.92754620810289201 -0.30818720663813343
-0.60685228354645604 -0.27790086488534521 -0.050102986952474449 -0.74296103932094693
-0.94831042012586919 -0.012247360276404273 0.050102986952475226 -0.31312463963315285
-0.050102986952475448 0.919976923179609 -0.033597200802785832 -0.38730269765860231
-0.55249087072069369 0.29866507690832222 0.050102986952474338 0.77655824012373353
-0.13117132277947152 -0.3365207035843939 -0.92754620810289268 0.095947548031664331
-0.050102986952474449 -0.77655824012373298 -0.55249087072069369 0.29866507690832222
-0.13117132277947202 0.71199569044642574 -0.60685228354645659 -0.32800385183782094
0.31312463963315329 -0.32800385183782077 -0.43740568461107698 -0.77655824012373353
-0.23631472967944356 -0.14341868305587635 -0.27790086488534599 -0.91997692317961044
-0.27790086488534399 -0.51847402043807478 0.31312463963315273 0.74559289124921058
-0.74296103932094759 -0.36748605245891619 -0.43740568461107626 -0.34876806386079739
-0.27790086488534399 -0.282159290758631 -0.69548990429673618 0.59954235626507102
0.23631472967944381 -0.56100772246726693 -0.43740568461107626 -0.66189270349395046
-0.74296103932094759 0.062350347228878084 -0.25808421968565909 -0.61442156846973872
0.15098796797915773 -0.5402435104442892 -0.51847402043807489 -0.64538691734426057
0.15098796797915773 -0.050102986952473727 -0.27459000583534832 -0.9483104201258683
0.49014052349181536 0.60685228354645637 0.61178971654147429 -0.13117132277947174
0.15098796797915778 -0.095947548031663332 0.34876806386079762 -0.91997692317960855
-0.045844561079189633 0.77655824012373353 0.61178971654147429 0.14341868305587691
0.49014052349181536 -0.23205630380615533 0.74559289124921102 0.38730269765860181
0.15098796797915773 -0.61442156846973828 0.49014052349181514 -0.59954235626507102
-0.51847402043807511 0.56100772246726693 0.61178971654147429 -0.20534938080492104
0.49014052349181536 -0.59954235626507135 -0.15098796797915806 0.61442156846973872
-0.36748605245891608 -0.78880560040013725 0.27459000583534859 -0.40907218766481718
-0.095947548031663776 -0.56100772246726693 -0.23205630380615536 0.78880560040013692
0.7119956904464253 -0.61442156846973894 0.14341868305587679 -0.30818720663813465
-0.32800385183782133 -0.062350347228878167 0.91997692317960988 -0.20534938080492118
-0.14341868305587691 0.30818720663813431 0.71199569044642519 -0.61442156846973872
-0.29866507690832217 -0.59954235626507191 0.33652070358439395 0.66189270349395102
0.4374056846110756 0.34876806386079706 -0.74296103932094804 -0.36748605245891525
0.4374056846110756 0.66189270349395102 0.23631472967944278 -0.5610077224672666
0.31312463963315396 0.30818720663813443 0.42983639968779336 0.78880560040013692
0.4374056846110756 -0.033597200802785263 0.88901157430508726 -0.13117132277947258
-0.69548990429673618 0.16213667165399526 0.42983639968779336 0.55249087072069392
0.31312463963315396 0.050102986952475892 -0.012247360276403219 0.94831042012586841
-0.062350347228877778 0.94831042012586797 -0.28215929075863161 0.13117132277947258
0.66189270349395091 -0.16213667165399526 -0.40907218766481673 0.6068522835464556
-0.282159290758632 0.13117132277947263 0.062350347228878084 -0.94831042012586853
0.30818720663813448 0.92754620810289246 0.20534938080492049 0.050102986952474782
-0.22448701888287328 0.66189270349395057 0.64538691734426079 0.30818720663813465
0.17701588385866188 0.28215929075863161 0.75784025152561552 0.5610077224672676
0.49014052349181447 0.59954235626507113 -0.15098796797915934 -0.61442156846973761
0.6117897165414754 0.20534938080492024 0.51847402043807422 0.56100772246726593
-0.15098796797915967 -0.61442156846973783 -0.49014052349181469 -0.59954235626507146
0.27459000583534848 0.4090721876648184 0.36748605245891469 -0.7888056004001367
-0.74296103932094704 -0.050102986952475725 0.27790086488534516 0.60685228354645493
-0.43740568461107709 -0.033597200802784943 -0.88901157430508637 -0.13117132277947252
0.27790086488534549 0.60685228354645504 0.74296103932094759 0.050102986952475892
-0.31312463963315396 0.050102986952474116 0.012247360276403885 0.94831042012586864
-0.012247360276403663 -0.20534938080492035 -0.88901157430508637 -0.40907218766481812
0.27790086488534549 -0.28215929075863189 0.69548990429673485 0.59954235626507146
-0.18195331685368205 0.4090721876648184 0.64964534321754563 0.61442156846973739
-0.51090473551478977 -0.20534938080491996 -0.58082436766695389 0.59954235626507191
0.14341868305587641 0.3081872066381327 -0.71199569044642574 -0.61442156846973739
0.91997692317960866 0.20534938080491996 0.32800385183782066 -0.062350347228880082
0.3365207035843914 -0.66189270349395035 0.29866507690832195 -0.59954235626507191
-0.49014052349181447 -0.59954235626507157 0.15098796797915962 0.61442156846973739
-0.61178971654147585 -0.20534938080492002 -0.51847402043807389 -0.56100772246726616
0.15098796797915995 0.61442156846973739 0.49014052349181475 0.59954235626507191
-0.27459000583534876 -0.40907218766481879 -0.36748605245891452 0.78880560040013648
-0.18195331685368107 -0.13117132277947233 0.22448701888287459 0.94831042012586741
-0.54024351044429064 -0.60685228354645449 -0.58082436766695311 -0.050102986952474393
-0.51090473551478999 0.55249087072069436 -0.64538691734426035 0.13117132277947358
0.28215929075863161 0.13117132277947341 -0.062350347228879416 -0.9483104201258673
0.40907218766481829 0.60685228354645437 0.66189270349395024 0.16213667165399515
-0.062350347228879721 -0.94831042012586764 -0.28215929075863189 -0.13117132277947358
-0.20534938080491988 0.050102986952476336 0.30818720663813337 -0.92754620810289223
-0.30818720663813337 0.64538691734425979 0.66189270349395035 0.22448701888287481
-0.062350347228879582 -0.28641771663191684 -0.78880560040013603 -0.54024351044429075
0.28641771663191584 0.71199569044642574 0.51090473551479076 0.38730269765860148
-0.17701588385866038 -0.29866507690832095 -0.18195331685368271 0.91997692317960866
-0.42983639968779253 0.33652070358439157 -0.74296103932094826 -0.38730269765860142
0.88901157430508682 0.29866507690832095 -0.25808421968565715 -0.23205630380615749
0.23631472967944112 -0.14341868305587718 0.27790086488534571 -0.91997692317960866
-0.050102986952475392 -0.91997692317960844 -0.03359720080278368 0.38730269765860148
-0.55249087072069503 -0.29866507690832089 0.050102986952474615 -0.77655824012373209
-0.033597200802783445 0.38730269765860176 0.050102986952475392 0.91997692317960889
-0.1311713227794723 -0.71199569044642652 -0.60685228354645426 0.3280038518378211
0.74559289124920947 0.31312463963315518 0.51847402043807367 0.27790086488534466
-0.34876806386079551 -0.43740568461107654 0.36748605245891425 0.74296103932094859
0.74559289124920947 -0.17701588385866077 0.2745900058353502 0.58082436766695267
-0.49014052349181592 -0.75784025152561363 0.36748605245891425 0.22448701888287437
-0.34876806386079545 -0.28641771663191662 -0.61178971654147551 0.6496453432175473
-0.42983639968779319 0.64964534321754686 0.23631472967944128 -0.58082436766695267
0.31312463963315496 0.75784025152561363 -0.25808421968565814 0.51090473551479154
-0.012247360276404051 -0.17701588385866091 0.74296103932094881 0.64538691734425946
0.23631472967944095 -0.58082436766695322 0.42983639968779347 -0.64964534321754719
-0.43740568461107676 0.5402435104442912 0.69548990429673463 -0.18195331685368205
-0.88901157430508748 -0.28641771663191684 -0.27790086488534549 0.22448701888287464
-0.28641771663191695 -0.062350347228878999 -0.54024351044429075 -0.78880560040013548
0.64964534321754686 0.61442156846973717 0.18195331685368163 -0.40907218766481795
0.17701588385866016 -0.28215929075863216 0.75784025152561385 -0.56100772246726682
0.095947548031663166 -0.56100772246726671 0.23205630380615677 0.78880560040013559
-0.71199569044642586 -0.61442156846973717 -0.14341868305587668 -0.30818720663813404
0.23205630380615716 0.78880560040013592 -0.095947548031663221 0.56100772246726682
0.29866507690832089 -0.59954235626507213 -0.33652070358439234 0.6618927034939508
0.33652070358439251 -0.75784025152561363 -0.14341868305587663 -0.54024351044429109
0.32800385183782049 0.64964534321754752 -0.23205630380615699 -0.64538691734425946
0.71199569044642663 0.28641771663191684 0.38730269765860165 0.51090473551479187
0.23205630380615722 0.64538691734425901 0.32800385183782033 0.64964534321754719
0.77655824012373298 -0.58082436766695367 0.095947548031663332 -0.22448701888287464
0.3280038518378206 0.31312463963315479 0.77655824012373276 -0.43740568461107637
0.14341868305587696 -0.23631472967944189 0.91997692317961011 -0.2779008648853456
0.30818720663813376 -0.34876806386079795 0.2821592907586315 0.83890858735261042
-0.6618927034939508 -0.74559289124921013 -0.062350347228878278 -0.045844561079189744
0.3081872066381337 -0.14341868305587724 -0.61442156846973828 0.71199569044642452
0.20534938080492066 -0.91997692317960844 -0.062350347228878278 -0.32800385183782166
-0.6618927034939508 -0.33652070358439318 -0.59954235626507069 -0.29866507690832178
0.3081872066381337 0.64538691734425979 -0.66189270349395035 0.22448701888287281
0.78880560040013703 -0.54024351044428964 -0.062350347228878278 0.28641771663191729
-0.6618927034939508 0.22448701888287315 -0.3081872066381337 -0.6453869173442599
0.56100772246726627 0.75784025152561474 -0.28215929075863183 -0.17701588385866168
0.88901157430508637 0.13117132277947147 -0.43740568461107682 -0.033597200802784458
0.42983639968779352 -0.55249087072069436 0.6954899042967353 0.16213667165399337
-0.012247360276404939 -0.94831042012586808 -0.31312463963315373 0.050102986952474671
0.88901157430508637 0.4090721876648174 -0.012247360276404884 -0.20534938080492016
0.74296103932094804 0.062350347228879915 0.25808421968565753 -0.6144215684697385
-0.43740568461107548 0.033597200802784263 -0.88901157430508704 0.13117132277947152
0.69548990429673574 -0.16213667165399431 -0.42983639968779247 -0.55249087072069458
-0.31312463963315418 -0.050102986952476003 0.012247360276404662 -0.94831042012586786
0.062350347228878444 -0.94831042012586741 0.28215929075863233 -0.13117132277947158
-0.66189270349395146 0.16213667165399434 0.40907218766481657 -0.6068522835464546
0.28215929075863272 -0.13117132277947163 -0.062350347228878777 0.94831042012586786
-0.30818720663813326 -0.92754620810289246 -0.20534938080491999 -0.050102986952474227
0.75784025152561285 0.49014052349181614 -0.22448701888287304 -0.36748605245891497
0.54024351044429042 -0.15098796797915845 0.64538691734425913 0.518474020438075
0.75784025152561285 0.31312463963315379 0.51090473551479254 -0.25808421968565776
-0.17701588385866243 -0.012247360276403663 0.64538691734425913 0.74296103932094804
0.54024351044429042 -0.43740568461107565 -0.18195331685368143 0.69548990429673552
-0.61178971654147396 0.20534938080491902 -0.51847402043807522 0.56100772246726638
0.34876806386079728 -0.30818720663813443 -0.83890858735261042 -0.282159290758633
-0.27459000583534998 0.40907218766481668 -0.36748605245891475 -0.78880560040013648
-0.61178971654147396 0.69548990429673552 -0.27459000583534965 0.25808421968565776
0.49014052349181647 0.012247360276403663 -0.83890858735261042 0.23631472967944275
-0.27459000583535004 0.25808421968565776 0.61178971654147452 -0.69548990429673563
-0.15098796797915887 0.8890115743050877 0.045844561079188301 0.42983639968779297
0.20534938080491966 -0.012247360276403663 0.40907218766481673 -0.88901157430508726
-0.59954235626507091 0.69548990429673618 -0.28215929075863283 -0.27790086488534438
0.66189270349395191 0.43740568461107598 -0.5610077224672666 0.23631472967944289
0.28215929075863289 0.27790086488534443 -0.59954235626507069 0.69548990429673552
0.61442156846973828 0.25808421968565803 0.062350347228878333 -0.74296103932094881
-0.64538691734425868 -0.74296103932094804 -0.17701588385866115 -0.012247360276403663
-0.22448701888287409 0.27790086488534466 -0.28641771663191684 -0.88901157430508682
-0.64538691734425868 -0.23205630380615613 -0.64964534321754719 -0.3280038518378201
0.51090473551479187 0.38730269765860104 -0.28641771663191684 -0.71199569044642552
-0.22448701888287415 0.095947548031662944 0.58082436766695278 -0.77655824012373276
0.43740568461107543 -0.77655824012373253 0.31312463963315423 0.32800385183781999
-0.74296103932094826 -0.38730269765860098 0.42983639968779291 -0.33652070358439312
0.31312463963315462 0.32800385183782033 -0.43740568461107576 0.77655824012373276
0.27790086488534471 -0.91997692317960944 -0.23631472967944211 0.14341868305587691
0.050102986952474615 -0.74296103932094837 -0.60685228354645515 0.27790086488534438
-0.050102986952475892 -0.3131246396331544 -0.94831042012586919 0.012247360276403774
-0.91997692317960822 0.34876806386079684 0.095947548031664609 -0.1509879679791585
0.14341868305587563 0.61178971654147507 -0.77655824012373265 0.045844561079189716
0.38730269765860187 0.74559289124921102 0.23205630380615616 -0.49014052349181381
-0.91997692317960822 0.050102986952474615 0.38730269765860165 0.033597200802785651
-0.29866507690832211 0.55249087072069325 -0.77655824012373265 -0.050102986952475059
0.38730269765860187 0.033597200802785512 0.91997692317960866 -0.050102986952474671
-0.71199569044642552 0.13117132277947158 0.32800385183782027 0.60685228354645593
-0.32800385183782016 0.31312463963315329 -0.77655824012373287 -0.43740568461107709
0.38730269765860187 -0.74296103932094748 0.33652070358439284 0.42983639968779402
-0.75784025152561463 -0.49014052349181336 0.22448701888287337 0.36748605245891475
-0.54024351044428931 0.15098796797915956 -0.64538691734426135 -0.51847402043807311
0.92754620810289123 -0.045844561079189161 0.050102986952474393 -0.36748605245891475
0.050102986952475337 -0.15098796797915956 0.94831042012586808 0.27459000583534765
0.1621366716539937 -0.8389085873526122 0.033597200802785068 0.51847402043807311
0.92754620810289112 -0.17701588385866068 0.1621366716539937 -0.28641771663191817
-0.13117132277947152 -0.18195331685368124 0.94831042012586808 0.22448701888287315
0.1621366716539937 -0.28641771663191806 -0.92754620810289168 0.17701588385866057
0.55249087072069414 -0.51090473551479032 0.13117132277947208 -0.64538691734426124
-0.13117132277947202 -0.28215929075863089 0.94831042012586819 0.06235034722887936
0.16213667165399376 0.66189270349395046 -0.60685228354645493 -0.40907218766481773
0.58082436766695344 0.050102986952474504 -0.54024351044428931 -0.6068522835464546
0.64964534321754552 0.03359720080278461 0.75784025152561496 -0.050102986952475503
-0.66189270349395024 -0.16213667165399401 0.40907218766481762 0.6068522835464546
-0.59954235626507102 -0.03359720080278461 -0.7888056004001367 -0.13117132277947163
-0.3081872066381327 0.92754620810289201 -0.20534938080492071 0.050102986952475503
-0.66189270349395013 -0.2244870188828734 -0.30818720663813276 0.64538691734426001
-0.28215929075863178 0.17701588385866054 -0.56100772246726582 0.75784025152561529
-0.30818720663813381 -0.6453869173442599 0.66189270349395024 -0.22448701888287231
-0.78880560040013714 0.5402435104442892 0.062350347228878 -0.28641771663191751
0.66189270349395068 -0.22448701888287265 0.3081872066381337 0.64538691734426024
-0.56100772246726605 -0.75784025152561485 0.28215929075863139 0.17701588385866202
0.77655824012373242 -0.045844561079190632 0.14341868305587652 0.61178971654147463
-0.32800385183782133 -0.83890858735261153 0.33652070358439345 0.27459000583534721
0.77655824012373242 0.050102986952473838 -0.2986650769083225 0.55249087072069314
0.095947548031664387 -0.92754620810289179 0.33652070358439345 0.13117132277947052
-0.32800385183782121 -0.60685228354645582 -0.71199569044642463 0.13117132277947155
0.77655824012373231 0.43740568461107643 -0.32800385183782105 0.31312463963315257
0.91997692317960866 0.27790086488534615 -0.14341868305587668 -0.23631472967944356
-0.56100772246726649 0.51847402043807422 0.20534938080492121 -0.61178971654147396
0.28215929075863067 0.83890858735261131 -0.30818720663813426 0.34876806386079751
0.78880560040013636 0.36748605245891597 0.40907218766481729 -0.27459000583534798
-0.56100772246726649 -0.095947548031664331 0.78880560040013603 -0.23205630380615525
-0.61442156846973861 0.71199569044642474 -0.30818720663813426 0.14341868305587607
0.78880560040013625 -0.23205630380615572 0.56100772246726671 0.095947548031664276
-0.59954235626507157 -0.29866507690832228 0.66189270349395013 0.33652070358439362
0.74559289124921047 -0.13117132277947227 -0.34876806386079739 0.55249087072069236
0.045844561079189966 -0.92754620810289135 0.36748605245891575 -0.05010298695247567
-0.34876806386079734 0.55249087072069303 -0.74559289124921091 0.1311713227794723
0.83890858735261187 -0.16213667165399409 -0.51847402043807433 -0.03359720080278622
0.51847402043807411 -0.71199569044642486 0.3674860524589158 0.29866507690832206
-0.34876806386079739 0.91997692317960855 0.15098796797915864 -0.09594754803166422
-0.94831042012586808 -0.27459000583534721 0.050102986952474227 -0.15098796797915873
-0.1311713227794713 0.61178971654147518 -0.60685228354645626 -0.49014052349181414
-0.94831042012586808 -0.22448701888287192 -0.13117132277947197 -0.18195331685368096
0.050102986952475392 0.58082436766695344 -0.60685228354645626 -0.54024351044428853
-0.13117132277947141 0.64538691734426112 0.55249087072069325 -0.5109047355147911
-0.94831042012586808 -0.062350347228878389 -0.1311713227794713 -0.2821592907586305
-0.92754620810289201 0.30818720663813343 -0.050102986952474393 0.20534938080492179
0.033597200802785832 0.38730269765860231 -0.050102986952475448 0.919976923179609
0.60685228354645659 0.32800385183782094 -0.13117132277947202 0.71199569044642574
-0.012247360276402719 -0.49014052349181525 -0.23631472967944361 0.83890858735261042
-0.31312463963315273 -0.74559289124921058 -0.27790086488534399 -0.51847402043807478
-0.88901157430508682 0.15098796797915776 -0.42983639968779386 -0.045844561079188939
-0.012247360276402663 0.20534938080492093 -0.88901157430508648 0.40907218766481657
0.69548990429673618 -0.59954235626507102 -0.27790086488534399 -0.282159290758631
-0.88901157430508704 0.4090721876648169 0.012247360276402885 -0.20534938080492079
0.25808421968565909 0.61442156846973872 -0.74296103932094759 0.062350347228878084
-0.36748605245891591 -0.22448701888287176 -0.49014052349181492 -0.75784025152561363
0.51847402043807489 0.64538691734426057 0.15098796797915773 -0.5402435104442892
-0.36748605245891586 0.050102986952476669 0.045844561079189605 -0.92754620810289068
0.27459000583534832 0.9483104201258683 0.15098796797915773 -0.050102986952473727
0.51847402043807478 0.033597200802786276 0.83890858735261098 -0.16213667165399473
-0.36748605245891586 -0.298665076908321 0.51847402043807467 -0.71199569044642408
-0.74559289124921102 -0.38730269765860181 0.49014052349181536 -0.23205630380615533
-0.49014052349181514 0.59954235626507102 0.15098796797915773 -0.61442156846973828
0.51847402043807478 -0.56100772246726671 -0.61178971654147418 0.20534938080492082
0.23205630380615536 -0.78880560040013692 -0.095947548031663776 -0.56100772246726693
-0.33652070358439395 -0.66189270349395102 -0.29866507690832217 -0.59954235626507191
0.27790086488534382 0.51847402043807511 -0.31312463963315362 -0.74559289124920969
0.74296103932094804 0.36748605245891525 0.4374056846110756 0.34876806386079706
0.27790086488534382 0.28215929075863222 0.69548990429673552 -0.59954235626507069
-0.23631472967944278 0.5610077224672666 0.4374056846110756 0.66189270349395102
0.74296103932094804 -0.062350347228878111 0.25808421968565831 0.61442156846973761
0.27790086488534382 -0.60685228354645515 0.74296103932094759 -0.050102986952474726
-0.88901157430508726 0.13117132277947258 0.4374056846110756 -0.033597200802785263
0.74296103932094804 -0.050102986952474782 -0.27790086488534405 0.60685228354645504
0.012247360276403219 -0.94831042012586841 0.31312463963315396 0.050102986952475892
-0.27790086488534516 -0.60685228354645493 -0.74296103932094704 -0.050102986952475725
0.43740568461107704 0.033597200802784624 0.88901157430508604 0.13117132277947252
0.2864177166319169 0.06235034722888011 0.54024351044428998 0.78880560040013548
-0.64964534321754563 -0.61442156846973739 -0.18195331685368205 0.4090721876648184
-0.17701588385865941 0.28215929075863172 -0.75784025152561441 0.56100772246726582
-0.095947548031663887 0.5610077224672656 -0.23205630380615727 -0.78880560040013548
0.71199569044642574 0.61442156846973739 0.14341868305587641 0.3081872066381327
-0.23205630380615772 -0.78880560040013581 0.095947548031663943 -0.56100772246726582
-0.29866507690832195 0.59954235626507191 0.3365207035843914 -0.66189270349395035
0.28641771663191767 -0.16213667165399509 -0.17701588385865979 0.9275462081028909
-0.22448701888287459 -0.94831042012586741 -0.18195331685368107 -0.13117132277947233
-0.1770158838586596 0.92754620810289146 -0.2864177166319174 0.16213667165399509
0.64538691734426035 -0.13117132277947358 -0.51090473551478999 0.55249087072069436
0.062350347228879416 0.9483104201258673 0.28215929075863161 0.13117132277947341
-0.40907218766481812 -0.60685228354645404 -0.66189270349395002 -0.16213667165399503
0.64538691734425824 0.23205630380615722 0.64964534321754619 0.32800385183782055
-0.51090473551479076 -0.38730269765860148 0.28641771663191584 0.71199569044642574
0.22448701888287451 -0.095947548031662888 -0.58082436766695344 0.77655824012373131
-0.43740568461107604 0.77655824012373109 -0.31312463963315462 -0.32800385183782055
0.74296103932094826 0.38730269765860142 -0.42983639968779253 0.33652070358439157
-0.31312463963315523 -0.32800385183782071 0.4374056846110761 -0.77655824012373142
-0.27790086488534571 0.91997692317960866 0.23631472967944112 -0.14341868305587718
0.83890858735261065 -0.2363147296794407 0.49014052349181536 0.012247360276403385
-0.51847402043807367 -0.27790086488534466 0.74559289124920947 0.31312463963315518
-0.045844561079186968 -0.42983639968779375 -0.15098796797915973 0.88901157430508615
0.83890858735261042 -0.51090473551479099 -0.045844561079187024 0.18195331685368163
-0.2745900058353502 -0.58082436766695267 0.74559289124920947 -0.17701588385866077
-0.04584456107918683 0.18195331685368182 -0.83890858735261109 0.51090473551479099
0.61178971654147551 -0.6496453432175473 -0.34876806386079545 -0.28641771663191662
-0.23631472967944128 0.58082436766695267 -0.42983639968779319 0.64964534321754686
0.25808421968565814 -0.51090473551479154 0.31312463963315496 0.75784025152561363
-0.74296103932094881 -0.64538691734425946 -0.012247360276404051 -0.17701588385866091
-0.31312463963315518 -0.7578402515256133 0.25808421968565781 -0.51090473551479088
-0.69548990429673463 0.18195331685368205 -0.43740568461107676 0.5402435104442912
-0.64538691734425901 0.30818720663813359 -0.22448701888287445 -0.66189270349394957
0.54024351044429075 0.78880560040013548 -0.28641771663191695 -0.062350347228878999
-0.22448701888287467 -0.66189270349395013 0.64538691734425913 -0.30818720663813365
-0.75784025152561385 0.56100772246726682 0.17701588385866016 -0.28215929075863216
0.14341868305587663 0.54024351044429109 0.33652070358439251 -0.75784025152561363
-0.095947548031663332 0.22448701888287464 0.77655824012373298 -0.58082436766695367
0.5610077224672656 -0.51847402043807489 -0.20534938080492043 0.61178971654147374
-0.2821592907586315 -0.83890858735261042 0.30818720663813376 -0.34876806386079795
-0.78880560040013659 -0.36748605245891486 -0.40907218766481668 0.27459000583534837
0.5610077224672656 0.095947548031663332 -0.78880560040013625 0.23205630380615541
0.61442156846973828 -0.71199569044642452 0.3081872066381337 -0.14341868305587724
-0.78880560040013659 0.23205630380615583 -0.56100772246726571 -0.095947548031663277
0.59954235626507069 0.29866507690832178 -0.6618927034939508 -0.33652070358439318
0.74296103932094693 0.050102986952474837 -0.2779008648853456 -0.60685228354645449
0.31312463963315373 -0.050102986952474671 -0.012247360276404939 -0.94831042012586808
-0.27790086488534455 0.60685228354645426 -0.74296103932094748 0.050102986952473838
0.88901157430508704 -0.13117132277947152 -0.43740568461107548 0.033597200802784263
-0.74296103932094792 0.050102986952474116 0.27790086488534488 -0.60685228354645404
-0.012247360276404662 0.94831042012586786 -0.31312463963315418 -0.050102986952476003
0.58082436766695178 0.27459000583534998 0.17701588385866227 -0.74559289124920936
0.22448701888287304 0.36748605245891497 0.75784025152561285 0.49014052349181614
0.6496453432175473 -0.61178971654147407 0.28641771663191695 0.3487680638607964
0.58082436766695189 -0.2363147296794425 0.64964534321754708 -0.42983639968779258
-0.51090473551479254 0.25808421968565776 0.75784025152561285 0.31312463963315379
0.6496453432175473 -0.42983639968779275 -0.58082436766695233 0.23631472967944228
0.18195331685368143 -0.69548990429673552 0.54024351044429042 -0.43740568461107565
-0.15098796797915834 0.61442156846973661 -0.49014052349181603 0.59954235626507035
0.36748605245891475 0.78880560040013648 -0.27459000583534998 0.40907218766481668
0.27459000583534965 -0.25808421968565776 -0.61178971654147396 0.69548990429673552
-0.49014052349181636 -0.012247360276403774 0.8389085873526102 -0.23631472967944234
-0.40907218766481673 0.88901157430508726 0.20534938080491966 -0.012247360276403663
-0.062350347228878333 0.74296103932094881 0.61442156846973828 0.25808421968565803
-0.75784025152561263 -0.3131246396331544 -0.51090473551479143 0.25808421968565809
0.17701588385866115 0.012247360276403663 -0.64538691734425868 -0.74296103932094804
-0.54024351044429064 0.43740568461107587 0.18195331685368149 -0.69548990429673441
-0.75784025152561252 0.33652070358439273 -0.54024351044429042 -0.14341868305587652
0.64964534321754719 0.3280038518378201 -0.64538691734425868 -0.23205630380615613
-0.54024351044429086 -0.14341868305587679 0.75784025152561296 -0.33652070358439262
-0.58082436766695278 0.77655824012373276 -0.22448701888287415 0.095947548031662944
-0.71199569044642441 0.51847402043807322 0.29866507690832189 0.36748605245891541
-0.095947548031664609 0.1509879679791585 -0.91997692317960822 0.34876806386079684
0.29866507690832189 0.36748605245891541 0.71199569044642497 -0.51847402043807322
-0.23205630380615616 0.49014052349181381 0.38730269765860187 0.74559289124921102
-0.38730269765860165 -0.033597200802785651 -0.91997692317960822 0.050102986952474615
0.29866507690832184 -0.55249087072069325 0.7765582401237322 0.050102986952474948
-0.58082436766695245 -0.27459000583534732 -0.17701588385866052 0.74559289124921002
-0.22448701888287337 -0.36748605245891475 -0.75784025152561463 -0.49014052349181336
-0.64964534321754508 0.61178971654147563 -0.28641771663191856 -0.34876806386079606
0.55249087072069292 -0.34876806386079595 0.13117132277947136 -0.74559289124921013
-0.050102986952474393 0.36748605245891475 0.92754620810289123 -0.045844561079189161
0.13117132277947133 -0.74559289124921047 -0.55249087072069358 0.34876806386079612
-0.033597200802785068 -0.51847402043807311 0.1621366716539937 -0.8389085873526122
-0.1621366716539937 0.28641771663191817 0.92754620810289112 -0.17701588385866068
0.1311713227794713 0.18195331685368141 -0.94831042012586764 -0.2244870188828732
0.18195331685368132 0.13117132277947161 -0.2244870188828734 -0.94831042012586708
0.54024351044428931 0.6068522835464546 0.58082436766695344 0.050102986952474504
0.51090473551478988 -0.55249087072069392 0.64538691734426035 -0.13117132277947224
-0.28215929075863116 -0.13117132277947235 0.062350347228879499 0.94831042012586708
0.20534938080492071 -0.050102986952475503 -0.3081872066381327 0.92754620810289201
0.91997692317960744 -0.34876806386079784 -0.095947548031664387 0.15098796797915853
-0.14341868305587652 -0.61178971654147463 0.77655824012373242 -0.045844561079190632
-0.38730269765860276 -0.74559289124921024 -0.23205630380615544 0.49014052349181414
0.91997692317960755 -0.050102986952475337 -0.38730269765860259 -0.033597200802785859
0.71199569044642463 -0.13117132277947155 -0.32800385183782121 -0.60685228354645582
-0.5995423562650708 0.49014052349181414 0.61442156846973806 -0.15098796797915764
-0.20534938080492121 0.61178971654147396 -0.56100772246726649 0.51847402043807422
0.61442156846973806 -0.15098796797915801 0.59954235626507113 -0.49014052349181458
-0.40907218766481729 0.27459000583534798 0.78880560040013636 0.36748605245891597
0.34876806386079739 -0.55249087072069236 0.74559289124921047 -0.13117132277947227
-0.045844561079189716 0.9275462081028909 -0.36748605245891536 0.050102986952475503
-0.92754620810289068 0.045844561079190188 -0.050102986952475281 0.36748605245891508
-0.050102986952474227 0.15098796797915873 -0.94831042012586808 -0.27459000583534721
-0.16213667165399351 0.83890858735261131 -0.033597200802785943 -0.51847402043807389
-0.92754620810289068 0.17701588385866193 -0.16213667165399354 0.28641771663191823
-0.55249087072069325 0.5109047355147911 -0.13117132277947141 0.64538691734426112
0.25808421968565892 -0.27459000583534865 -0.69548990429673552 0.61178971654147318
0.23631472967944361 -0.83890858735261042 -0.012247360276402719 -0.49014052349181525
-0.69548990429673563 0.61178971654147363 -0.25808421968565887 0.27459000583534898
0.42983639968779386 0.045844561079188939 -0.88901157430508682 0.15098796797915776
0.88901157430508648 -0.40907218766481657 -0.012247360276402663 0.20534938080492093
-0.69548990429673574 0.59954235626507069 0.27790086488534399 0.28215929075863122
-0.74559289124921024 0.17701588385866288 -0.27459000583534809 -0.58082436766695167
0.49014052349181492 0.75784025152561363 -0.36748605245891591 -0.22448701888287176
0.34876806386079734 0.28641771663191851 0.61178971654147385 -0.64964534321754641
-0.7455928912492098 0.13117132277947335 0.34876806386079728 -0.55249087072069192
-0.83890858735261098 0.16213667165399473 0.51847402043807478 0.033597200802786276
0.012247360276402997 0.49014052349181603 0.23631472967944264 -0.83890858735260987
0.31312463963315362 0.74559289124920969 0.27790086488534382 0.51847402043807511
0.88901157430508682 -0.15098796797915826 0.4298363996877928 0.045844561079188217
0.012247360276402997 -0.20534938080491952 0.88901157430508637 -0.4090721876648164
-0.25808421968565831 -0.61442156846973761 0.74296103932094804 -0.062350347228878111
0.64538691734425913 -0.30818720663813237 0.2244870188828744 0.66189270349394946
-0.54024351044428998 -0.78880560040013548 0.2864177166319169 0.06235034722888011
0.22448701888287476 0.6618927034939498 -0.64538691734425935 0.30818720663813226
0.75784025152561441 -0.56100772246726582 -0.17701588385865941 0.28215929075863172
0.17701588385865979 -0.9275462081028909 0.28641771663191767 -0.16213667165399509
0.22448701888287456 0.94831042012586653 0.1819533168536813 0.13117132277947213
0.75784025152561263 -0.33652070358439123 0.54024351044428998 0.14341868305587696
-0.64964534321754619 -0.32800385183782055 0.64538691734425824 0.23205630380615722
0.54024351044429053 0.14341868305587707 -0.75784025152561307 0.33652070358439112
0.58082436766695344 -0.77655824012373131 0.22448701888287451 -0.095947548031662888
0.61178971654147452 -0.6954899042967333 0.27459000583534998 -0.25808421968565848
0.15098796797915973 -0.88901157430508615 -0.045844561079186968 -0.42983639968779375
0.045844561079187024 -0.18195331685368163 0.83890858735261042 -0.51090473551479099
0.27459000583535026 0.58082436766695256 -0.74559289124920913 0.17701588385866032
0.42983639968779319 -0.64964534321754686 -0.23631472967944128 0.58082436766695267
0.43740568461107676 -0.5402435104442912 -0.69548990429673463 0.18195331685368205
0.59954235626506969 -0.49014052349181492 -0.61442156846973761 0.15098796797915817
0.20534938080492043 -0.61178971654147374 0.5610077224672656 -0.51847402043807489
-0.61442156846973783 0.15098796797915856 -0.59954235626507013 0.49014052349181508
0.40907218766481668 -0.27459000583534837 -0.78880560040013659 -0.36748605245891486
0.18195331685368085 -0.045844561079187746 0.51090473551479199 -0.83890858735260965
-0.17701588385866227 0.74559289124920936 0.58082436766695178 0.27459000583534998
0.51090473551479199 -0.83890858735260998 -0.18195331685368116 0.045844561079187551
-0.28641771663191695 -0.3487680638607964 0.6496453432175473 -0.61178971654147407
-0.64964534321754708 0.42983639968779258 0.58082436766695189 -0.2363147296794425
0.51090473551479199 -0.25808421968565759 -0.75784025152561263 -0.31312463963315396
-0.58082436766695167 0.23631472967944137 -0.64964534321754663 0.42983639968779269
-0.18195331685368149 0.69548990429673441 -0.54024351044429064 0.43740568461107587
-0.29866507690832189 -0.36748605245891541 -0.71199569044642441 0.51847402043807322
0.095947548031664553 -0.15098796797915864 0.91997692317960789 -0.34876806386079651
-0.18195331685368021 0.045844561079189133 -0.51090473551478954 0.83890858735261098
0.17701588385866052 -0.74559289124921002 -0.58082436766695245 -0.27459000583534732
-0.51090473551478965 0.83890858735261131 0.18195331685368052 -0.045844561079189078
0.28641771663191856 0.34876806386079606 -0.64964534321754508 0.61178971654147563
-0.13117132277947136 0.74559289124921013 0.55249087072069292 -0.34876806386079595
0.050102986952474282 -0.3674860524589143 -0.9275462081028909 0.045844561079189078
-0.28641771663191756 0.16213667165399376 0.17701588385866029 -0.92754620810289035
-0.64538691734426035 0.13117132277947224 0.51090473551478988 -0.55249087072069392
0.71199569044642363 -0.518474020438074 -0.29866507690832222 -0.36748605245891497
0.23205630380615544 -0.49014052349181414 -0.38730269765860276 -0.74559289124921024
-0.55249087072069214 0.34876806386079717 -0.13117132277947177 0.7455928912492098
0.033597200802785943 0.51847402043807389 -0.16213667165399351 0.83890858735261131
0.69548990429673552 -0.61178971654147318 0.25808421968565892 -0.27459000583534865
-0.23631472967944317 0.8389085873526102 0.012247360276402941 0.49014052349181514
-0.83890858735260987 0.51090473551479176 0.045844561079189577 -0.1819533168536798
-0.61178971654147385 0.64964534321754641 0.34876806386079734 0.28641771663191851
-0.25808421968565809 0.27459000583534954 0.69548990429673496 -0.61178971654147318
-0.4298363996877928 -0.045844561079188217 0.88901157430508682 -0.15098796797915826
3 810 456 1166
3 1166 21 810
3 456 21 810
3 456 21 1166
3 354 686 1093
3 548 354 686
3 1093 686 548
3 354 548 1093
3 354 208 686
3 208 1093 686
3 354 208 1093
3 344 422 719
3 791 344 422
3 719 422 791
3 791 344 719
3 324 30 1095
3 324 107 1095
3 324 30 107
3 107 30 1095
3 282 222 1001
3 222 1001 1037
3 222 282 1037
3 1037 1001 282
3 1167 428 683
3 683 4 1167
3 1167 428 4
3 428 4 683
3 646 511 844
3 646 570 844
3 646 511 570
3 570 511 844
3 998 532 864
3 864 257 998
3 532 257 998
3 532 257 864
3 532 864 714
3 532 998 714
3 864 714 998
3 261 991 604
3 261 255 991
3 991 604 255
3 261 255 604
3 637 974 948
3 637 18 974
3 18 974 948
3 948 18 637
3 934 637 974
3 934 637 948
3 974 948 934
3 637 351 974
3 934 637 351
3 934 351 974
3 558 305 717
3 717 54 558
3 305 54 558
3 305 54 717
3 91 983 807
3 283 91 983
3 983 807 283
3 283 91 807
3 481 317 1107
3 1107 101 481
3 317 101 481
3 317 101 1107
3 198 849 208
3 520 198 849
3 520 208 849
3 198 208 520
3 476 198 208
3 476 198 849
3 208 849 476
3 1187 534 19
3 534 19 938
3 534 938 1187
3 19 1187 938
3 117 2 1106
3 422 117 1106
3 422 2 1106
3 422 117 2
3 686 622 354
3 354 208 622
3 622 208 686
3 313 439 434
3 313 138 439
3 439 434 138
3 313 138 434
3 380 689 1090
3 403 380 689
3 1090 689 403
3 380 403 1090
3 981 380 689
3 1090 689 981
3 981 380 1090
3 978 324 1095
3 1095 106 978
3 324 106 1095
3 324 106 978
3 352 88 255
3 255 250 352
3 250 88 352
3 255 250 88
3 935 638 728
3 638 352 728
3 935 352 728
3 935 638 352
3 638 728 731
3 731 728 935
3 935 638 731
3 638 255 352
3 728 255 352
3 728 255 638
3 352 88 638
3 638 88 255
3 66 31 1090
3 31 1090 1113
3 66 31 1113
3 66 1113 1090
3 982 749 273
3 925 273 982
3 749 273 925
3 925 749 982
3 282 1001 337
3 337 222 282
3 337 222 1001
3 895 345 593
3 593 481 895
3 481 345 895
3 593 481 345
3 931 593 895
3 895 345 931
3 931 345 593
3 198 208 895
3 476 198 895
3 895 208 476
3 753 198 208
3 753 208 895
3 198 753 895
3 996 90 298
3 90 298 801
3 801 298 996
3 90 996 801
3 393 798 849
3 476 393 798
3 849 798 476
3 393 476 849
3 593 393 798
3 593 393 849
3 593 849 798
3 393 337 798
3 593 393 337
3 593 337 798
3 393 282 337
3 798 282 337
3 798 282 393
3 638 127 728
3 731 728 127
3 731 127 638
3 935 277 1013
3 277 1013 352
3 277 935 352
3 1013 352 935
3 1013 604 277
3 604 277 713
3 604 713 1013
3 277 1013 713
3 1013 388 935
3 388 277 935
3 388 277 1013
3 388 935 1098
3 388 1013 1098
3 1013 935 1098
3 1015 683 1167
3 1167 61 1015
3 683 61 1167
3 683 61 1015
3 1167 428 1015
3 1015 428 683
3 1015 456 61
3 495 61 1015
3 456 61 495
3 495 456 1015
3 456 61 1166
3 456 1166 1015
3 61 1015 1166
3 61 1015 1111
3 495 61 1111
3 495 1111 1015
3 61 1167 1111
3 1111 1015 1167
3 1111 534 938
3 534 938 1167
3 534 1111 1167
3 1111 938 1167
3 938 5 1111
3 534 5 1111
3 534 5 938
3 5 1111 902
3 1111 902 938
3 5 938 902
3 548 686 619
3 619 354 548
3 619 354 686
3 619 520 849
3 520 96 849
3 619 520 96
3 619 96 849
3 891 34 969
3 34 969 577
3 891 34 577
3 891 577 969
3 664 257 998
3 998 761 257
3 761 664 998
3 664 257 761
3 456 1166 1155
3 456 810 1155
3 810 1166 1155
3 836 344 422
3 714 422 836
3 714 344 422
3 714 344 836
3 719 422 836
3 344 836 719
3 836 2 714
3 422 2 714
3 836 2 422
3 670 692 706
3 1119 670 692
3 706 692 1119
3 670 1119 706
3 706 117 2
3 449 2 706
3 117 2 449
3 449 117 706
3 2 706 1106
3 117 1106 706
3 257 998 357
3 664 357 998
3 664 257 357
3 998 357 864
3 257 864 357
3 791 532 443
3 532 443 864
3 532 864 791
3 443 791 864
3 665 443 791
3 791 353 443
3 665 353 791
3 353 665 443
3 665 532 791
3 532 443 665
3 639 443 791
3 791 353 639
3 639 353 443
3 946 791 639
3 946 443 791
3 946 443 639
3 977 951 290
3 290 56 951
3 977 56 951
3 977 56 290
3 148 976 769
3 648 148 976
3 648 148 769
3 976 769 648
3 1106 385 480
3 480 117 1106
3 385 117 1106
3 385 117 480
3 385 480 646
3 385 1106 646
3 646 480 1106
3 498 993 678
3 654 498 993
3 678 654 993
3 498 678 654
3 798 498 678
3 798 498 993
3 678 993 798
3 678 90 498
3 90 798 498
3 678 90 798
3 993 607 654
3 654 261 993
3 993 607 261
3 607 261 654
3 498 993 607
3 607 498 654
3 844 74 646
3 646 540 844
3 844 74 540
3 540 74 646
3 646 511 74
3 511 74 844
3 60 989 351
3 934 60 989
3 989 351 934
3 60 934 351
3 490 60 989
3 490 351 989
3 490 60 351
3 282 337 302
3 337 302 393
3 282 393 302
3 102 928 1008
3 326 102 928
3 326 1008 928
3 326 102 1008
3 1080 102 928
3 1008 928 1080
3 102 1080 1008
3 668 637 351
3 351 668 974
3 637 974 668
3 539 818 1080
3 1008 539 818
3 1008 818 1080
3 539 1008 1080
3 594 539 818
3 594 1080 818
3 594 539 1080
3 539 832 818
3 594 539 832
3 832 594 818
3 628 594 652
3 628 326 594
3 652 326 594
3 652 326 628
3 832 628 652
3 832 628 594
3 832 594 652
3 1181 348 7
3 348 7 889
3 348 889 1181
3 7 1181 889
3 290 130 977
3 977 135 290
3 130 977 135
3 135 130 290
3 438 8 1100
3 1100 76 438
3 76 8 438
3 76 8 1100
3 8 1100 946
3 821 8 1100
3 821 8 946
3 1100 946 821
3 438 1100 946
3 8 438 946
3 1100 166 8
3 166 8 821
3 821 166 1100
3 166 8 665
3 166 665 1100
3 8 1100 665
3 191 821 1084
3 599 191 821
3 599 1084 821
3 599 191 1084
3 1098 200 981
3 981 517 1098
3 517 200 1098
3 517 200 981
3 200 981 1013
3 200 1098 1013
3 1013 981 1098
3 748 200 1159
3 981 748 200
3 200 981 1159
3 748 1159 981
3 748 83 1159
3 200 83 1159
3 748 83 200
3 707 317 39
3 450 39 707
3 317 39 450
3 450 317 707
3 317 39 1107
3 470 317 1107
3 470 39 1107
3 470 317 39
3 39 707 1107
3 317 1107 707
3 707 169 1183
3 169 1183 853
3 169 707 853
3 707 1183 853
3 1183 39 707
3 169 39 707
3 169 39 1183
3 306 722 874
3 451 306 722
3 451 306 874
3 451 874 722
3 138 1003 1185
3 1054 138 1003
3 138 1054 1185
3 1054 1003 1185
3 896 113 1154
3 1154 378 896
3 378 113 896
3 378 113 1154
3 982 381 587
3 381 587 920
3 982 381 920
3 920 587 982
3 381 48 587
3 982 48 587
3 982 381 48
3 444 946 560
3 639 444 946
3 639 560 946
3 444 560 639
3 444 438 560
3 444 438 946
3 946 438 560
3 560 191 444
3 444 438 191
3 438 191 560
3 1180 312 28
3 686 28 1180
3 686 312 1180
3 312 28 686
3 548 312 619
3 686 312 619
3 548 312 686
3 464 74 1122
3 74 1122 762
3 464 74 762
3 1122 762 464
3 1122 514 74
3 464 74 514
3 514 464 1122
3 125 19 1187
3 534 125 1187
3 125 19 534
3 146 125 792
3 125 792 354
3 125 146 354
3 146 792 354
3 1104 792 146
3 1104 125 146
3 1104 125 792
3 982 964 1099
3 1099 273 982
3 964 273 982
3 964 273 1099
3 1099 48 964
3 982 48 964
3 1099 48 982
3 311 27 664
3 460 311 664
3 460 27 664
3 460 311 27
3 665 27 1103
3 1103 166 665
3 166 27 665
3 166 27 1103
3 27 1103 532
3 27 665 532
3 1103 532 665
3 1103 311 27
3 27 1103 664
3 311 664 1103
3 252 146 1104
3 146 1104 765
3 146 252 765
3 252 1104 765
3 435 125 792
3 435 354 792
3 435 125 354
3 182 476 993
3 298 182 476
3 298 993 476
3 298 182 993
3 798 182 476
3 393 182 476
3 393 182 798
3 798 476 993
3 182 798 993
3 485 256 794
3 794 89 256
3 485 89 256
3 794 89 485
3 485 794 729
3 729 256 485
3 729 256 794
3 122 66 814
3 66 814 1181
3 66 122 1181
3 1181 814 122
3 1061 204 898
3 204 898 919
3 919 898 1061
3 204 1061 919
3 898 519 1061
3 519 204 898
3 519 204 1061
3 324 1095 519
3 324 30 519
3 1095 519 30
3 324 978 519
3 1095 519 978
3 1024 227 88
3 380 88 1024
3 380 227 1024
3 227 88 380
3 940 76 26
3 76 26 438
3 26 940 438
3 76 438 940
3 1024 26 940
3 76 26 1024
3 1024 76 940
3 250 26 940
3 250 940 789
3 789 26 940
3 789 26 250
3 689 522 380
3 522 380 1189
3 522 1189 689
3 380 689 1189
3 522 380 981
3 981 522 689
3 517 1098 522
3 517 981 522
3 1098 522 981
3 517 31 1098
3 1098 522 31
3 517 31 522
3 522 227 1189
3 380 227 1189
3 522 227 380
3 722 276 805
3 276 805 558
3 722 276 558
3 722 558 805
3 276 219 805
3 722 276 219
3 722 219 805
3 1090 111 31
3 66 31 111
3 111 66 1090
3 541 204 801
3 541 845 801
3 541 204 845
3 845 204 801
3 558 502 54
3 502 54 863
3 502 863 558
3 54 558 863
3 749 273 1096
3 273 982 1096
3 749 1096 982
3 789 59 250
3 250 71 789
3 789 59 71
3 71 59 250
3 413 735 748
3 413 277 735
3 277 748 735
3 413 277 748
3 479 413 735
3 748 735 479
3 413 479 748
3 479 200 981
3 479 200 748
3 748 479 981
3 479 200 1013
3 479 1013 981
3 398 25 1053
3 398 177 1053
3 398 25 177
3 177 25 1053
3 397 19 956
3 397 956 683
3 397 19 683
3 956 683 19
3 527 0 1093
3 527 334 1093
3 334 0 1093
3 0 527 334
3 99 283 868
3 969 99 283
3 868 283 969
3 969 99 868
3 913 99 283
3 868 283 913
3 99 913 868
3 916 230 756
3 756 21 916
3 916 230 21
3 230 21 756
3 1067 756 916
3 916 230 1067
3 1067 230 756
3 682 509 880
3 880 447 509
3 682 447 880
3 447 682 509
3 431 816 511
3 880 431 511
3 511 816 880
3 816 431 880
3 969 407 34
3 407 34 891
3 891 407 969
3 756 42 916
3 42 21 916
3 756 21 42
3 891 756 42
3 42 891 916
3 756 916 891
3 38 478 1052
3 1082 38 478
3 1052 478 1082
3 38 1082 1052
3 897 38 478
3 1052 478 897
3 897 38 1052
3 714 242 549
3 242 549 998
3 242 714 998
3 714 549 998
3 714 549 836
3 836 242 714
3 836 242 549
3 670 549 692
3 549 706 692
3 670 549 706
3 664 73 760
3 760 311 664
3 311 73 664
3 311 73 760
3 73 760 761
3 73 664 761
3 761 760 664
3 489 242 549
3 489 242 998
3 489 998 549
3 971 516 162
3 516 162 666
3 516 666 971
3 162 971 666
3 1120 516 666
3 516 666 661
3 516 1120 661
3 666 661 1120
3 666 161 1120
3 516 161 666
3 516 161 1120
3 151 769 366
3 1033 151 769
3 151 1033 366
3 769 366 1033
3 1019 151 769
3 1019 151 366
3 769 366 1019
3 258 148 976
3 258 976 769
3 148 258 769
3 258 976 507
3 507 148 258
3 507 148 976
3 716 257 761
3 716 761 763
3 763 761 257
3 763 257 716
3 998 716 761
3 257 998 716
3 1062 378 229
3 601 229 1062
3 601 378 1062
3 378 229 601
3 378 229 896
3 378 896 1062
3 229 1062 896
3 37 926 1165
3 695 37 926
3 1165 926 695
3 37 695 1165
3 896 37 926
3 896 1165 926
3 896 37 1165
3 1025 162 971
3 1025 516 971
3 516 162 1025
3 35 824 1089
3 893 35 824
3 1089 824 893
3 893 35 1089
3 1039 35 824
3 1039 824 1089
3 35 1039 1089
3 468 228 893
3 1160 468 228
3 228 1160 893
3 468 893 1160
3 927 468 893
3 927 468 228
3 927 228 893
3 468 893 778
3 927 468 778
3 893 778 927
3 4 1168 988
3 1085 4 1168
3 1168 988 1085
3 4 1085 988
3 494 430 1134
3 430 1134 610
3 430 494 610
3 494 1134 610
3 610 1060 840
3 917 610 1060
3 1060 840 917
3 610 917 840
3 610 0 1060
3 610 334 1060
3 334 0 1060
3 610 0 334
3 1060 840 0
3 610 0 840
3 493 261 991
3 493 991 604
3 261 493 604
3 493 991 731
3 731 261 493
3 731 261 991
3 493 132 731
3 493 731 678
3 678 132 493
3 132 731 678
3 493 277 1013
3 604 493 1013
3 493 277 604
3 493 352 1013
3 493 277 352
3 494 334 698
3 334 698 1131
3 494 1131 698
3 494 334 1131
3 698 610 334
3 610 494 698
3 494 334 610
3 334 698 1060
3 610 1060 698
3 991 734 261
3 723 261 734
3 261 991 723
3 991 723 734
3 261 255 734
3 734 255 991
3 294 767 812
3 883 294 767
3 294 883 812
3 812 767 883
3 509 294 880
3 767 509 294
3 294 767 880
3 509 880 767
3 682 294 880
3 682 509 294
3 810 682 21
3 294 21 810
3 682 294 810
3 294 21 682
3 671 550 590
3 710 590 671
3 671 550 710
3 710 550 590
3 707 590 671
3 671 550 707
3 550 707 590
3 590 853 671
3 671 853 707
3 707 590 853
3 590 482 853
3 671 482 853
3 671 482 590
3 590 222 1001
3 590 1037 1001
3 590 222 1037
3 989 680 934
3 680 60 934
3 680 60 989
3 680 38 934
3 680 140 934
3 680 38 140
3 140 38 934
3 398 1053 958
3 398 25 958
3 1053 958 25
3 1151 398 1053
3 1053 958 1151
3 398 1151 958
3 958 814 122
3 958 66 122
3 958 66 814
3 948 737 490
3 490 446 737
3 948 446 737
3 948 446 490
3 737 733 446
3 446 291 733
3 737 291 733
3 737 291 446
3 668 446 737
3 668 446 733
3 733 668 737
3 873 291 733
3 291 952 733
3 873 291 952
3 733 952 873
3 538 377 571
3 538 571 1107
3 538 377 1107
3 377 1107 571
3 538 831 571
3 538 377 831
3 831 377 571
3 881 498 678
3 678 90 881
3 881 90 498
3 132 782 388
3 132 127 782
3 132 127 388
3 782 388 127
3 721 132 782
3 782 388 721
3 132 721 388
3 782 731 132
3 132 127 731
3 731 127 782
3 132 782 493
3 782 493 731
3 785 393 432
3 432 302 785
3 302 785 393
3 393 302 432
3 881 432 785
3 393 881 432
3 785 393 881
3 432 90 785
3 881 432 90
3 881 90 785
3 90 432 298
3 90 298 785
3 785 298 432
3 188 161 662
3 1120 188 161
3 161 1120 662
3 188 662 1120
3 1190 188 662
3 662 75 1190
3 188 75 1190
3 188 75 662
3 130 977 736
3 736 290 977
3 130 736 290
3 976 736 148
3 148 130 736
3 976 130 736
3 976 130 148
3 648 148 736
3 736 648 976
3 358 351 668
3 668 52 351
3 52 358 351
3 358 52 668
3 358 351 637
3 637 358 668
3 305 717 861
3 861 717 558
3 305 558 861
3 306 305 717
3 306 861 717
3 306 305 861
3 861 276 805
3 861 805 1075
3 1075 276 861
3 1075 276 805
3 805 558 861
3 276 861 558
3 861 711 1075
3 861 711 805
3 805 711 1075
3 143 575 1109
3 497 143 575
3 497 143 1109
3 497 1109 575
3 649 143 575
3 649 575 1109
3 143 649 1109
3 57 1112 219
3 722 57 1112
3 1112 219 722
3 57 722 219
3 57 54 1112
3 1112 219 54
3 57 54 219
3 1112 306 722
3 306 57 722
3 306 57 1112
3 306 1112 874
3 874 722 1112
3 1047 276 219
3 219 1047 805
3 276 805 1047
3 552 220 1034
3 1034 57 552
3 552 220 57
3 220 57 1034
3 319 1175 517
3 319 141 1175
3 319 141 517
3 1175 517 141
3 704 319 1175
3 1175 517 704
3 319 704 517
3 1102 348 889
3 348 889 1066
3 1066 889 1102
3 348 1102 1066
3 52 1121 745
3 52 25 1121
3 745 25 52
3 745 25 1121
3 246 52 745
3 246 52 1121
3 1121 246 745
3 1105 351 668
3 1105 52 351
3 668 52 1105
3 25 1121 1105
3 25 52 1105
3 52 1121 1105
3 945 190 667
3 190 667 890
3 190 945 890
3 890 667 945
3 890 7 1181
3 1181 557 890
3 557 7 1181
3 557 7 890
3 7 1181 945
3 7 890 945
3 890 1181 945
3 890 122 557
3 1181 122 557
3 890 122 1181
3 557 177 890
3 557 177 122
3 177 122 890
3 557 25 890
3 25 557 177
3 177 25 890
3 1121 557 25
3 557 890 1121
3 25 1121 890
3 412 112 1117
3 412 206 1117
3 412 112 206
3 206 112 1117
3 1117 79 412
3 688 412 1117
3 1117 79 688
3 688 79 412
3 112 79 1117
3 412 112 79
3 424 291 807
3 807 190 424
3 291 190 807
3 424 291 190
3 424 1028 807
3 424 291 1028
3 1028 291 807
3 712 424 807
3 807 190 712
3 712 190 424
3 408 201 1155
3 673 408 201
3 201 673 1155
3 408 1155 673
3 408 387 1155
3 387 201 1155
3 201 408 387
3 1168 201 673
3 408 201 1168
3 1168 408 673
3 201 673 1015
3 1015 673 1168
3 1168 201 1015
3 428 201 673
3 1015 673 428
3 201 428 1015
3 64 676 581
3 1147 64 676
3 1147 64 581
3 676 581 1147
3 143 79 1083
3 79 1083 631
3 143 79 631
3 1083 631 143
3 427 290 977
3 951 427 977
3 427 290 951
3 427 135 977
3 135 427 290
3 889 1 1102
3 348 1 889
3 348 1 1102
3 1035 64 676
3 676 581 1035
3 64 1035 581
3 485 239 1130
3 239 89 1130
3 485 89 1130
3 485 239 89
3 239 1130 515
3 1130 515 485
3 485 239 515
3 1079 239 1130
3 1130 515 1079
3 239 1079 515
3 1130 193 1079
3 239 193 1079
3 239 193 1130
3 822 73 760
3 761 760 822
3 822 73 761
3 1141 67 363
3 67 363 1100
3 1141 67 1100
3 1100 363 1141
3 363 165 67
3 165 67 1141
3 1141 165 363
3 483 424 1028
3 807 483 1028
3 424 807 483
3 483 421 574
3 1028 574 483
3 1028 421 483
3 1028 421 574
3 50 1182 1119
3 242 50 1182
3 1182 1119 242
3 242 50 1119
3 706 50 1182
3 706 1182 1119
3 50 706 1119
3 1182 2 706
3 50 2 1182
3 50 2 706
3 2 706 870
3 2 1182 870
3 870 706 1182
3 449 2 870
3 449 870 706
3 847 28 870
3 870 310 847
3 870 310 28
3 310 28 847
3 39 707 802
3 450 39 802
3 450 802 707
3 802 707 1183
3 39 1183 802
3 831 163 802
3 802 553 831
3 802 553 163
3 553 163 831
3 802 538 831
3 538 163 802
3 831 163 538
3 538 571 802
3 802 571 831
3 795 572 642
3 642 487 572
3 795 487 572
3 642 487 795
3 306 20 722
3 1109 306 20
3 306 722 1109
3 20 1109 722
3 451 306 20
3 451 20 722
3 587 3 1126
3 3 1126 987
3 1126 987 587
3 587 3 987
3 1126 325 3
3 587 325 1126
3 325 3 587
3 1076 239 89
3 89 1076 1130
3 239 1130 1076
3 381 89 1076
3 381 239 1076
3 239 89 381
3 1038 381 48
3 48 1038 587
3 381 587 1038
3 239 48 1038
3 381 239 1038
3 239 48 381
3 48 1038 529
3 239 48 529
3 1038 529 239
3 607 217 876
3 607 280 876
3 607 217 280
3 280 217 876
3 607 876 1030
3 698 607 876
3 1030 876 698
3 607 698 1030
3 217 1030 876
3 607 217 1030
3 876 334 698
3 607 334 698
3 607 334 876
3 876 698 1131
3 334 876 1131
3 876 723 734
3 723 1131 734
3 876 723 1131
3 734 1131 876
3 248 28 312
3 1180 248 312
3 28 1180 248
3 248 74 1122
3 74 248 762
3 248 1122 762
3 248 1122 312
3 312 74 248
3 312 74 1122
3 847 461 870
3 461 847 570
3 461 570 870
3 870 570 847
3 461 28 870
3 847 28 461
3 461 376 570
3 461 570 1106
3 461 376 1106
3 376 1106 570
3 461 376 847
3 847 376 570
3 248 312 461
3 461 28 248
3 461 312 28
3 646 461 570
3 461 646 1106
3 646 570 1106
3 844 461 570
3 844 461 646
3 858 714 836
3 2 858 714
3 836 2 858
3 858 714 549
3 858 549 836
3 670 858 692
3 670 549 858
3 858 549 692
3 548 619 865
3 312 865 619
3 548 312 865
3 939 19 1187
3 1187 765 939
3 765 19 939
3 765 19 1187
3 345 470 939
3 792 345 470
3 939 470 792
3 792 345 939
3 984 748 1159
3 1159 372 984
3 748 372 984
3 748 372 1159
3 372 284 984
3 984 962 372
3 372 284 962
3 962 284 984
3 17 1184 964
3 1091 17 1184
3 1184 964 1091
3 17 1091 964
3 120 17 1184
3 1184 964 120
3 120 17 964
3 1079 303 727
3 727 515 303
3 515 303 1079
3 1079 515 727
3 303 727 729
3 1079 303 729
3 729 727 1079
3 437 303 727
3 729 727 437
3 303 437 729
3 746 727 437
3 746 303 437
3 746 303 727
3 885 437 746
3 885 727 746
3 727 437 885
3 136 84 1138
3 700 136 84
3 84 700 1138
3 136 1138 700
3 273 136 1138
3 273 84 1138
3 273 136 84
3 154 84 700
3 136 84 154
3 154 136 700
3 84 700 1134
3 154 84 1134
3 154 1134 700
3 749 84 1096
3 273 84 1096
3 749 84 273
3 749 1096 754
3 749 84 754
3 1096 754 84
3 1170 527 0
3 0 1170 1093
3 527 1093 1170
3 1138 293 328
3 293 1135 328
3 1135 293 1138
3 328 1135 1138
3 293 328 363
3 430 293 328
3 293 430 363
3 363 328 430
3 1138 293 363
3 363 328 1138
3 430 328 1134
3 1134 293 430
3 1134 293 328
3 476 396 182
3 298 182 396
3 396 298 476
3 256 944 794
3 286 256 944
3 794 286 944
3 256 794 286
3 1132 765 55
3 252 55 1132
3 765 252 1132
3 252 55 765
3 765 55 939
3 765 939 1132
3 55 1132 939
3 622 354 777
3 622 146 777
3 354 146 777
3 622 146 354
3 354 686 777
3 622 777 686
3 1180 167 435
3 435 28 1180
3 167 28 1180
3 167 28 435
3 167 72 435
3 270 167 435
3 270 167 72
3 270 72 435
3 777 167 622
3 167 146 622
3 777 167 146
3 905 622 777
3 777 167 905
3 905 167 622
3 72 1101 1104
3 439 72 1101
3 1104 1101 439
3 72 439 1104
3 905 72 1101
3 905 72 1104
3 905 1104 1101
3 1101 167 72
3 167 72 905
3 905 167 1101
3 72 1101 435
3 167 435 1101
3 1101 313 439
3 313 72 439
3 313 72 1101
3 439 434 1101
3 313 1101 434
3 485 729 732
3 485 128 729
3 732 128 485
3 732 729 128
3 313 160 439
3 941 313 160
3 160 941 439
3 313 439 941
3 160 138 439
3 313 138 160
3 1076 160 941
3 313 160 1076
3 1076 313 941
3 160 941 944
3 1076 160 944
3 944 941 1076
3 1003 299 364
3 299 512 364
3 512 299 1003
3 364 512 1003
3 299 364 1101
3 1003 299 1101
3 1101 364 1003
3 434 299 364
3 434 364 1101
3 299 434 1101
3 268 1136 1039
3 468 268 1136
3 1136 1039 468
3 468 268 1039
3 1089 268 1136
3 1136 1039 1089
3 268 1089 1039
3 441 130 736
3 977 441 736
3 441 130 977
3 360 189 423
3 360 860 423
3 360 189 860
3 860 189 423
3 423 290 360
3 290 189 360
3 423 290 189
3 588 4 1168
3 1168 988 588
3 588 4 988
3 899 229 1062
3 1062 598 899
3 598 229 899
3 598 229 1062
3 771 598 899
3 598 406 899
3 771 598 406
3 771 406 899
3 871 288 505
3 288 1133 505
3 871 288 1133
3 505 1133 871
3 288 505 676
3 871 288 676
3 676 505 871
3 101 523 481
3 674 101 481
3 481 523 674
3 523 101 674
3 770 324 107
3 324 1095 770
3 107 770 1095
3 825 107 770
3 324 107 825
3 825 324 770
3 770 204 898
3 770 919 898
3 770 204 919
3 898 751 204
3 751 204 770
3 770 751 898
3 64 784 676
3 784 64 1147
3 676 784 1147
3 784 64 1032
3 1032 676 784
3 64 676 1032
3 1199 31 1090
3 1113 1090 1199
3 31 1199 1113
3 1005 154 196
3 154 997 196
3 997 154 1005
3 196 997 1005
3 154 196 940
3 1005 154 940
3 940 196 1005
3 227 88 1145
3 88 1024 1145
3 227 1145 1024
3 638 227 1145
3 638 227 88
3 638 88 1145
3 227 1145 789
3 638 227 789
3 1145 789 638
3 1078 227 1145
3 1145 789 1078
3 227 1078 789
3 1145 33 1078
3 227 33 1145
3 227 33 1078
3 33 1078 1095
3 33 1145 1095
3 1095 1078 1145
3 106 978 1145
3 106 1095 1145
3 1095 978 1145
3 909 106 978
3 909 1145 978
3 909 106 1145
3 255 943 352
3 255 250 943
3 943 250 352
3 26 940 943
3 943 940 250
3 26 250 943
3 943 940 1024
3 1024 26 943
3 247 154 196
3 247 196 996
3 996 154 196
3 996 154 247
3 247 196 940
3 154 247 940
3 250 247 789
3 247 59 789
3 250 247 59
3 940 247 789
3 250 247 940
3 298 247 996
3 247 996 396
3 298 996 396
3 247 298 396
3 247 90 298
3 247 90 996
3 654 247 996
3 654 196 996
3 654 247 196
3 654 396 996
3 654 247 396
3 88 1024 1176
3 380 88 1176
3 380 1176 1024
3 401 33 1009
3 1078 401 33
3 33 1078 1009
3 401 1009 1078
3 863 401 1009
3 863 33 1009
3 863 401 33
3 107 770 1009
3 825 107 1009
3 1009 770 825
3 316 1188 324
3 825 316 1188
3 1188 324 825
3 316 825 324
3 401 316 1188
3 401 324 1188
3 401 316 324
3 519 1061 524
3 519 898 524
3 1061 524 898
3 1045 485 729
3 794 485 1045
3 729 794 1045
3 1045 485 732
3 732 729 1045
3 332 1151 735
3 1053 332 1151
3 332 1053 735
3 1151 735 1053
3 332 93 1151
3 332 93 735
3 1151 735 93
3 1151 616 332
3 332 93 616
3 616 93 1151
3 398 332 1053
3 398 332 1151
3 52 745 332
3 70 52 745
3 70 745 332
3 52 70 332
3 246 52 332
3 745 332 246
3 400 315 1037
3 315 36 1037
3 400 315 36
3 400 36 1037
3 315 1037 323
3 400 315 323
3 400 323 1037
3 319 212 1175
3 319 141 212
3 212 141 1175
3 479 319 212
3 212 479 1175
3 319 1175 479
3 735 212 479
3 413 212 479
3 413 212 735
3 212 479 1053
3 212 735 1053
3 735 479 1053
3 388 212 935
3 388 141 935
3 141 388 212
3 212 141 935
3 212 1098 935
3 388 212 1098
3 1000 294 767
3 509 294 1000
3 1000 509 767
3 1000 294 812
3 812 767 1000
3 1136 86 1089
3 268 86 1136
3 268 86 1089
3 956 536 397
3 495 397 536
3 397 956 495
3 956 495 536
3 397 19 536
3 536 19 956
3 536 534 938
3 536 19 938
3 536 534 19
3 536 1167 938
3 536 534 1167
3 495 536 579
3 579 397 495
3 579 536 397
3 1136 495 536
3 579 536 1136
3 1136 495 579
3 698 263 376
3 263 1030 376
3 698 263 1030
3 376 1030 698
3 385 263 480
3 263 646 480
3 385 263 646
3 385 235 480
3 235 385 263
3 263 235 480
3 1158 91 983
3 983 807 1158
3 91 1158 807
3 1067 92 897
3 92 897 810
3 1067 92 810
3 897 810 1067
3 897 230 92
3 230 92 1067
3 1067 230 897
3 1155 92 897
3 92 1155 810
3 897 810 1155
3 897 408 1155
3 408 92 1155
3 408 92 897
3 682 21 1057
3 682 1057 810
3 21 810 1057
3 682 42 1057
3 42 21 1057
3 21 682 42
3 1057 336 577
3 682 577 1057
3 682 336 1057
3 682 336 577
3 336 577 737
3 336 1057 737
3 737 577 1057
3 1057 490 948
3 1057 737 948
3 737 490 1057
3 357 10 822
3 822 641 357
3 357 10 641
3 641 10 822
3 407 34 1029
3 407 1029 969
3 34 969 1029
3 830 407 1029
3 830 34 1029
3 830 407 34
3 682 1057 1152
3 1152 1057 577
3 1152 577 682
3 682 42 1152
3 42 1152 1057
3 1152 34 969
3 969 230 1152
3 230 34 1152
3 230 34 969
3 969 577 1152
3 34 1152 577
3 230 92 1152
3 230 1152 897
3 92 897 1152
3 549 454 242
3 454 242 489
3 489 454 549
3 645 463 830
3 830 73 645
3 830 73 463
3 463 73 645
3 830 819 645
3 645 460 819
3 830 460 645
3 830 460 819
3 262 257 1193
3 1193 763 262
3 262 257 763
3 763 257 1193
3 262 1193 454
3 1193 454 257
3 262 257 454
3 489 262 1193
3 1193 454 489
3 262 489 454
3 596 138 1003
3 596 1185 1003
3 596 138 1185
3 926 236 695
3 236 37 695
3 236 37 926
3 236 695 404
3 695 404 926
3 236 926 404
3 229 1062 236
3 229 899 236
3 1062 236 899
3 601 229 236
3 601 236 1062
3 601 1143 959
3 601 303 1143
3 1143 959 303
3 601 303 959
3 321 696 406
3 771 321 696
3 696 406 771
3 321 771 406
3 335 321 696
3 696 406 335
3 335 321 406
3 696 41 771
3 321 41 771
3 321 41 696
3 156 366 971
3 1022 156 366
3 971 366 1022
3 1022 156 971
3 463 1022 913
3 463 34 1022
3 1022 913 34
3 463 34 913
3 868 463 1022
3 868 1022 913
3 463 868 913
3 1022 830 463
3 830 34 1022
3 463 34 830
3 1022 645 830
3 463 1022 645
3 645 510 830
3 645 510 73
3 510 73 830
3 645 510 819
3 819 510 830
3 681 41 648
3 1062 648 681
3 681 41 1062
3 41 1062 648
3 648 180 681
3 681 41 180
3 180 41 648
3 979 378 896
3 979 378 229
3 979 229 896
3 882 262 308
3 455 308 882
3 262 455 308
3 455 262 882
3 766 308 882
3 766 262 308
3 882 262 766
3 121 118 1185
3 118 1185 228
3 1185 228 121
3 121 118 228
3 118 37 1185
3 121 37 1185
3 121 118 37
3 927 118 1185
3 1185 228 927
3 118 927 228
3 926 118 37
3 37 926 1185
3 118 1185 926
3 896 118 926
3 118 37 896
3 113 1154 118
3 113 896 118
3 1154 118 896
3 194 35 1025
3 1025 419 194
3 194 35 419
3 419 35 1025
3 194 1025 916
3 194 35 916
3 1025 916 35
3 916 14 1067
3 756 14 1067
3 756 14 916
3 456 14 1166
3 61 14 1166
3 456 14 61
3 1166 1155 14
3 456 14 1155
3 228 183 1160
3 468 183 1160
3 228 183 468
3 268 183 1136
3 468 183 1136
3 468 268 183
3 134 1192 836
3 719 134 1192
3 719 1192 836
3 134 719 836
3 443 134 1192
3 1192 836 443
3 443 134 836
3 840 965 847
3 840 117 965
3 840 117 847
3 965 847 117
3 840 376 965
3 847 376 840
3 376 965 847
3 840 449 965
3 840 117 449
3 449 117 965
3 527 1093 965
3 527 334 965
3 1093 965 334
3 965 263 376
3 840 263 376
3 840 263 965
3 344 484 422
3 484 344 791
3 422 484 791
3 639 484 946
3 639 484 791
3 791 484 946
3 767 740 883
3 740 294 883
3 740 294 767
3 740 456 883
3 740 495 883
3 495 456 883
3 740 456 495
3 883 5 740
3 456 5 883
3 740 456 5
3 883 5 767
3 767 5 740
3 495 740 536
3 495 536 883
3 883 536 740
3 740 495 1136
3 536 740 1136
3 86 1089 740
3 155 86 1089
3 1089 740 155
3 155 86 740
3 86 1136 740
3 1089 740 1136
3 570 69 812
3 812 511 69
3 570 511 812
3 511 69 570
3 69 812 1122
3 570 69 1122
3 570 1122 812
3 431 69 511
3 812 431 511
3 69 812 431
3 793 762 53
3 248 53 793
3 762 248 793
3 248 53 762
3 762 53 862
3 762 862 793
3 53 793 862
3 53 5 1111
3 1111 902 53
3 53 5 902
3 1027 345 470
3 470 415 1027
3 415 345 470
3 415 345 1027
3 939 470 1027
3 345 1027 939
3 710 415 1027
3 1027 550 415
3 550 415 710
3 710 550 1027
3 1027 39 415
3 470 39 415
3 1027 39 470
3 39 710 415
3 710 39 1027
3 19 1187 1027
3 125 19 1027
3 1187 1027 125
3 19 939 1027
3 939 1187 1027
3 1117 95 688
3 412 95 688
3 412 95 1117
3 95 688 1162
3 1117 688 1162
3 95 1117 1162
3 153 83 1050
3 83 1050 955
3 1050 955 153
3 153 83 955
3 586 27 1103
3 586 532 1103
3 586 27 532
3 586 311 1103
3 311 27 586
3 803 555 620
3 717 620 803
3 717 555 803
3 555 717 620
3 687 620 803
3 687 803 795
3 795 620 687
3 795 620 803
3 803 555 687
3 687 555 620
3 687 642 795
3 687 572 795
3 687 572 642
3 795 209 687
3 642 209 687
3 795 209 642
3 783 282 337
3 337 1001 783
3 783 282 1001
3 337 302 783
3 783 282 302
3 783 678 881
3 783 498 881
3 783 498 678
3 881 132 783
3 678 132 783
3 881 132 678
3 1058 493 731
3 991 493 1058
3 731 991 1058
3 1058 493 678
3 731 678 1058
3 387 1052 744
3 387 161 1052
3 1052 744 161
3 387 161 744
3 1140 387 1052
3 1052 744 1140
3 387 1140 744
3 769 738 151
3 738 151 1019
3 1019 738 769
3 736 195 335
3 195 648 335
3 335 648 736
3 648 195 736
3 335 151 195
3 151 736 195
3 335 151 736
3 648 195 681
3 681 335 648
3 195 335 681
3 1062 648 195
3 1062 195 681
3 899 195 598
3 1062 195 598
3 899 195 1062
3 195 771 598
3 771 195 899
3 688 43 1169
3 1169 79 43
3 688 79 1169
3 79 43 688
3 43 1169 1129
3 688 43 1129
3 1169 1129 688
3 79 43 1083
3 79 1083 1169
3 43 1169 1083
3 143 43 1083
3 143 79 43
3 20 1109 1075
3 491 20 1109
3 491 1109 1075
3 20 491 1075
3 126 20 1109
3 1109 1075 126
3 126 20 1075
3 126 20 306
3 306 126 1109
3 305 126 717
3 306 305 126
3 306 126 717
3 349 305 126
3 126 349 717
3 305 717 349
3 126 349 795
3 487 126 349
3 126 487 795
3 487 349 795
3 436 126 349
3 305 126 436
3 436 305 349
3 436 126 795
3 795 349 436
3 1075 40 861
3 711 40 1075
3 861 711 40
3 861 471 1075
3 1075 40 471
3 471 40 861
3 143 109 575
3 874 143 109
3 143 575 874
3 109 874 575
3 497 143 109
3 497 109 575
3 109 43 874
3 143 43 874
3 109 43 143
3 562 502 863
3 863 127 562
3 502 127 863
3 502 127 562
3 502 863 1047
3 502 562 1047
3 1047 863 562
3 127 728 562
3 127 124 562
3 127 124 728
3 728 124 562
3 127 562 638
3 638 562 728
3 562 33 127
3 863 33 127
3 562 33 863
3 127 124 33
3 124 33 562
3 552 496 1034
3 552 451 496
3 1034 451 552
3 1034 451 496
3 552 220 496
3 496 220 1034
3 451 496 1137
3 552 496 1137
3 451 552 1137
3 1016 451 496
3 1016 451 1137
3 1137 496 1016
3 451 843 496
3 843 451 1016
3 496 843 1016
3 1059 144 811
3 144 811 782
3 144 1059 782
3 811 782 1059
3 811 220 1059
3 220 144 1059
3 220 144 811
3 220 62 1059
3 220 105 1059
3 62 220 105
3 105 62 1059
3 1012 388 141
3 721 141 1012
3 388 141 721
3 721 388 1012
3 141 1012 935
3 388 935 1012
3 141 1012 562
3 1047 141 1012
3 141 1047 562
3 1012 562 1047
3 721 141 562
3 721 562 1012
3 1012 219 1047
3 219 141 1047
3 219 141 1012
3 787 111 1066
3 787 66 1066
3 66 787 111
3 111 66 1066
3 1066 245 787
3 245 111 787
3 1066 245 111
3 814 787 66
3 66 814 1066
3 787 1066 814
3 989 901 60
3 712 60 901
3 60 989 712
3 989 712 901
3 490 60 901
3 901 490 989
3 446 737 901
3 446 490 901
3 901 737 490
3 668 446 901
3 668 901 737
3 901 99 712
3 99 60 712
3 60 901 99
3 1158 712 901
3 99 1158 712
3 901 99 1158
3 901 807 712
3 807 712 1158
3 1158 807 901
3 901 424 712
3 901 424 807
3 712 416 1105
3 416 190 1105
3 712 190 1105
3 712 416 190
3 416 1105 733
3 1105 733 712
3 712 416 733
3 668 416 1105
3 668 1105 733
3 416 668 733
3 416 351 1105
3 416 351 668
3 112 1129 557
3 416 112 1129
3 1129 557 416
3 416 112 557
3 667 416 190
3 190 667 1105
3 416 1105 667
3 957 109 843
3 843 497 957
3 957 109 497
3 497 109 843
3 843 20 957
3 109 20 843
3 957 109 20
3 843 451 957
3 957 496 843
3 451 496 957
3 843 20 451
3 451 20 957
3 957 264 497
3 264 497 1194
3 957 497 1194
3 264 957 1194
3 843 264 497
3 843 264 957
3 301 580 1120
3 661 301 580
3 301 661 1120
3 661 580 1120
3 1140 301 580
3 1140 301 1120
3 1120 580 1140
3 301 744 580
3 744 301 1140
3 580 744 1140
3 680 934 1161
3 680 38 1161
3 38 1161 934
3 680 989 1161
3 989 934 1161
3 283 234 913
3 234 99 913
3 234 99 283
3 1029 234 407
3 234 830 407
3 830 234 1029
3 759 407 1029
3 1029 234 759
3 759 234 407
3 744 301 888
3 301 580 888
3 888 580 744
3 188 662 888
3 188 1190 888
3 888 662 1190
3 543 702 784
3 1147 543 702
3 784 702 1147
3 543 1147 784
3 1011 348 643
3 820 643 1011
3 1011 348 820
3 820 348 643
3 820 7 1181
3 820 7 945
3 1181 945 820
3 348 7 820
3 820 348 1181
3 643 238 1011
3 1011 348 238
3 348 238 643
3 667 238 945
3 238 190 945
3 238 190 667
3 238 945 506
3 483 238 945
3 945 506 483
3 483 238 506
3 945 506 667
3 238 667 506
3 406 326 878
3 326 878 594
3 326 594 406
3 594 406 878
3 878 598 406
3 406 878 899
3 598 899 878
3 903 195 335
3 335 151 903
3 903 151 195
3 427 335 903
3 427 195 903
3 427 195 335
3 904 16 649
3 652 649 904
3 652 16 904
3 16 652 649
3 649 279 904
3 904 16 279
3 279 16 649
3 649 575 904
3 904 143 575
3 904 143 649
3 652 575 904
3 652 649 575
3 1 1102 730
3 1 889 730
3 1102 730 889
3 585 1 1102
3 585 1 730
3 1102 730 585
3 307 488 875
3 1186 307 488
3 875 488 1186
3 307 1186 875
3 1189 207 909
3 207 909 922
3 207 1189 922
3 922 909 1189
3 909 522 1189
3 522 207 909
3 522 207 1189
3 316 207 1188
3 909 316 207
3 207 909 1188
3 316 1188 909
3 401 316 207
3 401 207 1188
3 207 33 1078
3 207 1095 1078
3 207 33 1095
3 401 207 1078
3 207 33 401
3 303 251 515
3 727 251 515
3 727 251 303
3 251 160 941
3 251 941 515
3 515 160 251
3 515 160 941
3 944 941 251
3 160 251 944
3 256 251 794
3 251 89 794
3 256 251 89
3 944 251 794
3 256 251 944
3 822 419 775
3 775 357 822
3 419 357 775
3 419 357 822
3 419 194 775
3 419 775 1025
3 194 1025 775
3 716 419 775
3 716 194 775
3 716 419 194
3 1110 307 131
3 307 131 488
3 131 1110 488
3 307 488 1110
3 492 1110 506
3 492 131 1110
3 506 131 492
3 506 131 1110
3 442 131 1110
3 307 131 442
3 442 307 1110
3 1113 452 245
3 245 149 452
3 1113 149 452
3 1113 149 245
3 245 131 1113
3 452 131 1113
3 245 131 452
3 452 307 488
3 452 875 488
3 452 307 875
3 452 131 488
3 452 307 131
3 333 296 362
3 333 362 952
3 296 952 362
3 333 296 952
3 333 609 362
3 333 296 609
3 609 296 362
3 873 333 362
3 873 362 952
3 333 873 952
3 1173 215 1092
3 215 1092 425
3 215 1173 425
3 1092 425 1173
3 1092 49 1173
3 215 49 1173
3 215 49 1092
3 660 397 512
3 579 512 660
3 579 397 512
3 660 397 579
3 512 268 660
3 397 268 512
3 660 397 268
3 512 299 660
3 660 364 512
3 299 364 660
3 512 268 299
3 299 268 660
3 660 155 579
3 512 155 579
3 512 155 660
3 155 579 1180
3 155 660 1180
3 660 579 1180
3 167 435 660
3 167 1180 660
3 660 435 1180
3 270 167 660
3 270 660 435
3 50 11 1182
3 927 50 11
3 11 927 1182
3 50 1182 927
3 242 11 1182
3 242 50 11
3 1185 11 927
3 11 927 1054
3 11 1185 1054
3 1054 927 1185
3 118 11 927
3 118 11 1185
3 218 72 1054
3 1054 270 218
3 218 72 270
3 270 72 1054
3 218 1054 512
3 1054 512 72
3 218 72 512
3 1003 218 1054
3 1054 512 1003
3 218 1003 512
3 218 138 1054
3 218 138 1003
3 870 270 799
3 270 799 1182
3 270 870 1182
3 870 799 1182
3 270 218 799
3 270 799 1054
3 218 1054 799
3 847 799 870
3 847 270 870
3 847 270 799
3 870 310 799
3 799 310 847
3 799 155 579
3 1180 579 799
3 799 155 1180
3 579 310 155
3 310 155 799
3 799 310 579
3 853 341 482
3 482 315 853
3 853 341 315
3 341 315 482
3 853 341 590
3 590 341 482
3 1001 341 222
3 341 222 590
3 590 341 1001
3 894 627 370
3 627 370 1161
3 370 894 1161
3 627 1161 894
3 482 894 853
3 482 370 894
3 853 370 894
3 853 370 482
3 894 315 853
3 482 315 894
3 703 169 12
3 169 12 1183
3 169 1183 703
3 12 703 1183
3 673 12 703
3 673 169 703
3 169 12 673
3 703 370 894
3 703 627 894
3 627 370 703
3 346 884 843
3 346 110 884
3 346 110 843
3 884 843 110
3 1016 346 884
3 346 1016 843
3 884 843 1016
3 346 300 884
3 346 110 300
3 300 110 884
3 884 158 1016
3 346 158 1016
3 346 158 884
3 683 142 1167
3 683 4 142
3 142 4 1167
3 918 683 142
3 142 918 1167
3 683 1167 918
3 373 630 450
3 428 373 630
3 373 450 428
3 450 428 630
3 428 673 630
3 630 201 428
3 630 201 673
3 428 169 630
3 673 169 630
3 428 169 673
3 802 800 831
3 802 553 800
3 800 553 831
3 800 158 1016
3 1016 553 158
3 553 158 800
3 800 553 1016
3 249 163 555
3 249 555 538
3 538 163 249
3 163 555 538
3 249 54 558
3 502 249 558
3 249 54 502
3 1074 360 423
3 636 423 1074
3 636 360 1074
3 636 360 423
3 1074 290 360
3 423 290 1074
3 1074 102 636
3 423 102 636
3 1074 102 423
3 56 951 1074
3 56 290 1074
3 1074 951 290
3 636 471 573
3 636 573 1074
3 1074 471 636
3 1074 471 573
3 471 1075 573
3 491 471 573
3 491 471 1075
3 1075 491 573
3 471 573 861
3 861 573 1075
3 573 349 471
3 349 491 471
3 491 349 573
3 636 349 471
3 573 349 636
3 325 3 1178
3 325 1178 1126
3 3 1126 1178
3 1178 0 1170
3 1170 325 1178
3 325 0 1178
3 325 0 1170
3 0 1170 777
3 1170 777 1178
3 0 1178 777
3 368 0 1170
3 527 368 1170
3 368 0 527
3 1170 777 368
3 368 0 777
3 564 548 619
3 619 464 564
3 548 464 564
3 548 464 619
3 865 619 564
3 548 564 865
3 564 96 464
3 564 96 619
3 619 96 464
3 929 464 564
3 564 96 929
3 96 929 464
3 53 793 564
3 248 53 564
3 793 564 248
3 865 53 793
3 793 564 865
3 53 865 564
3 520 849 528
3 198 849 528
3 528 198 520
3 619 520 528
3 619 528 849
3 528 217 929
3 528 280 929
3 217 528 280
3 280 217 929
3 892 528 929
3 929 216 892
3 528 216 929
3 528 216 892
3 1069 528 217
3 528 929 1069
3 217 1069 929
3 217 1069 548
3 1093 217 1069
3 217 1093 548
3 1069 548 1093
3 217 198 1069
3 217 198 548
3 1069 548 198
3 217 198 528
3 528 198 1069
3 1069 527 1093
3 527 217 1093
3 527 217 1069
3 1093 965 1069
3 527 1069 965
3 263 376 1069
3 698 263 1069
3 1069 376 698
3 263 965 1069
3 965 376 1069
3 413 384 735
3 413 284 384
3 735 284 384
3 735 284 413
3 413 277 384
3 384 277 735
3 604 384 713
3 384 277 713
3 277 604 384
3 604 713 1159
3 604 384 1159
3 384 1159 713
3 609 333 650
3 650 362 609
3 333 362 650
3 650 492 506
3 506 265 492
3 265 650 492
3 506 265 650
3 650 492 1110
3 506 1110 650
3 353 621 586
3 600 353 586
3 586 621 600
3 600 353 621
3 1050 466 599
3 466 623 599
3 623 466 1050
3 599 623 1050
3 466 599 984
3 1050 466 984
3 984 599 1050
3 677 509 880
3 880 447 677
3 677 447 509
3 490 948 677
3 490 447 948
3 447 948 677
3 677 447 490
3 948 677 1057
3 1057 490 677
3 431 157 816
3 511 157 431
3 511 157 816
3 336 838 577
3 838 336 873
3 336 577 873
3 873 577 838
3 838 362 873
3 838 873 1029
3 1029 362 838
3 1029 873 362
3 838 333 873
3 838 333 362
3 928 414 102
3 326 102 414
3 414 326 928
3 406 878 414
3 326 878 414
3 414 326 406
3 806 606 241
3 606 241 1048
3 241 806 1048
3 606 1048 806
3 488 241 806
3 606 488 806
3 488 241 606
3 990 606 1048
3 606 1048 634
3 606 990 634
3 1048 634 990
3 1048 120 990
3 606 120 990
3 606 120 1048
3 601 584 1143
3 584 1143 959
3 959 584 601
3 460 425 846
3 846 27 425
3 460 27 425
3 846 27 460
3 460 846 819
3 819 425 460
3 819 425 846
3 308 150 882
3 455 308 150
3 455 150 882
3 535 308 150
3 150 535 882
3 308 882 535
3 266 3 1056
3 266 1056 1031
3 1056 1031 3
3 266 3 1031
3 165 67 659
3 165 659 363
3 67 363 659
3 267 165 659
3 267 165 67
3 267 67 659
3 166 665 659
3 166 1103 659
3 665 659 1103
3 327 719 1060
3 328 327 719
3 328 1060 719
3 328 327 1060
3 1192 327 719
3 1060 719 1192
3 327 1192 1060
3 327 134 719
3 327 134 1192
3 946 327 639
3 444 327 639
3 946 327 444
3 639 484 327
3 484 327 946
3 1002 84 700
3 700 396 1002
3 396 84 1002
3 396 84 700
3 1002 700 1134
3 84 1002 1134
3 396 182 1002
3 396 1002 476
3 182 476 1002
3 396 139 1002
3 396 139 182
3 182 139 1002
3 196 175 494
3 175 654 494
3 654 196 494
3 196 175 654
3 175 494 1002
3 196 1002 494
3 196 175 1002
3 654 175 993
3 993 494 654
3 175 494 993
3 175 654 261
3 261 175 993
3 1134 175 494
3 1002 494 1134
3 175 1134 1002
3 430 175 494
3 430 175 1134
3 734 175 723
3 261 175 723
3 734 175 261
3 175 876 723
3 734 175 876
3 931 895 963
3 931 753 963
3 931 753 895
3 895 753 963
3 963 593 895
3 963 593 931
3 963 182 931
3 931 753 182
3 753 182 963
3 931 139 963
3 139 963 182
3 182 139 931
3 192 905 1178
3 382 192 905
3 382 1178 905
3 382 192 1178
3 777 192 905
3 1178 905 777
3 192 777 1178
3 622 192 905
3 622 192 777
3 286 252 563
3 944 563 286
3 944 252 286
3 944 252 563
3 473 551 563
3 473 63 551
3 473 63 563
3 63 563 551
3 563 192 252
3 439 252 563
3 192 439 252
3 439 192 563
3 286 192 252
3 563 192 286
3 252 1104 563
3 563 146 252
3 563 146 1104
3 439 252 1104
3 1104 439 563
3 345 635 470
3 635 345 792
3 470 635 792
3 635 146 1104
3 635 146 792
3 792 635 1104
3 635 146 765
3 1104 765 635
3 784 391 1032
3 64 784 391
3 391 64 1032
3 434 364 743
3 743 299 434
3 743 299 364
3 614 434 743
3 614 364 743
3 614 434 364
3 355 87 441
3 87 486 441
3 355 87 486
3 486 355 441
3 87 441 666
3 355 87 666
3 355 666 441
3 240 985 516
3 1025 240 985
3 240 1025 516
3 985 516 1025
3 486 240 985
3 486 240 516
3 985 516 486
3 985 355 240
3 355 240 486
3 486 355 985
3 985 194 1025
3 240 194 1025
3 240 194 985
3 1025 916 985
3 194 985 916
3 14 1067 985
3 14 916 985
3 916 1067 985
3 824 14 1067
3 1067 985 824
3 824 14 985
3 860 287 1123
3 287 189 1123
3 860 287 189
3 860 189 1123
3 287 1123 977
3 860 287 977
3 1123 977 860
3 441 287 1123
3 287 441 977
3 441 1123 977
3 1123 87 441
3 287 87 441
3 287 87 1123
3 87 1123 666
3 666 441 1123
3 161 1120 1123
3 161 666 1123
3 1123 1120 666
3 572 565 906
3 565 906 1177
3 1177 906 572
3 565 572 1177
3 572 906 642
3 642 565 906
3 642 565 572
3 128 790 193
3 437 128 790
3 437 128 193
3 437 193 790
3 715 128 790
3 790 193 715
3 128 715 193
3 790 729 128
3 437 128 729
3 729 437 790
3 128 790 485
3 790 485 729
3 120 990 790
3 990 790 1048
3 120 1048 790
3 288 120 990
3 990 790 288
3 288 120 790
3 1188 97 825
3 316 97 825
3 316 97 1188
3 97 825 702
3 97 1188 702
3 825 702 1188
3 543 6 702
3 6 784 702
3 543 6 784
3 224 200 1199
3 224 83 1199
3 200 83 1199
3 83 224 200
3 224 1199 403
3 1199 403 200
3 224 200 403
3 1090 224 1199
3 1199 403 1090
3 224 1090 403
3 224 31 1199
3 224 31 1090
3 1050 224 83
3 83 1050 1199
3 224 1199 1050
3 224 153 1050
3 153 83 224
3 153 122 958
3 122 958 224
3 122 153 224
3 153 958 224
3 713 417 943
3 943 560 417
3 713 560 943
3 560 417 713
3 417 943 734
3 943 734 713
3 713 417 734
3 417 255 943
3 417 352 943
3 255 352 417
3 255 943 734
3 734 255 417
3 444 417 560
3 943 444 560
3 417 943 444
3 560 191 417
3 417 191 444
3 978 174 106
3 174 106 909
3 909 174 978
3 174 106 1176
3 174 1176 978
3 106 978 1176
3 1189 174 522
3 522 227 174
3 227 174 1189
3 909 174 522
3 1189 174 909
3 219 1047 933
3 1047 933 1012
3 219 1012 933
3 702 223 1147
3 223 1147 1188
3 223 702 1188
3 1188 1147 702
3 543 223 1147
3 543 223 702
3 922 111 1198
3 111 1198 1189
3 111 922 1189
3 922 1198 1189
3 111 31 1198
3 111 1198 1090
3 31 1090 1198
3 554 1065 1035
3 581 554 1065
3 581 1065 1035
3 554 581 1035
3 554 223 1065
3 1065 1035 223
3 554 223 1035
3 1065 6 581
3 554 6 581
3 554 6 1065
3 726 90 298
3 801 298 726
3 726 90 801
3 432 90 726
3 298 432 726
3 71 726 728
3 1078 71 726
3 1078 71 728
3 728 726 1078
3 124 71 726
3 728 726 124
3 71 124 728
3 71 789 726
3 789 71 1078
3 726 789 1078
3 71 726 250
3 726 250 789
3 147 51 780
3 780 605 51
3 147 51 605
3 605 147 780
3 51 780 794
3 1045 51 780
3 794 780 1045
3 51 1045 794
3 147 51 794
3 147 794 780
3 273 982 780
3 925 273 780
3 925 780 982
3 273 1099 780
3 982 780 1099
3 523 950 963
3 523 473 950
3 523 473 963
3 473 963 950
3 705 523 950
3 963 950 705
3 523 705 963
3 523 101 950
3 950 481 523
3 101 481 950
3 101 523 473
3 473 101 950
3 541 801 950
3 541 204 950
3 204 950 801
3 1142 541 801
3 950 801 1142
3 541 1142 950
3 288 133 1133
3 505 133 288
3 505 133 1133
3 1133 732 133
3 133 128 1133
3 732 128 1133
3 133 128 732
3 147 133 732
3 1133 147 732
3 133 1133 147
3 1032 133 784
3 784 391 133
3 391 133 1032
3 780 389 1045
3 389 51 1045
3 389 51 780
3 990 389 120
3 389 120 1045
3 389 1045 990
3 120 990 1045
3 288 120 389
3 389 288 990
3 389 1045 1099
3 389 780 1099
3 1099 1045 780
3 133 1133 389
3 133 128 389
3 1133 389 128
3 133 288 389
3 288 1133 389
3 844 750 1030
3 1030 235 750
3 844 235 1030
3 235 844 750
3 750 203 1030
3 844 750 203
3 844 203 1030
3 750 263 1030
3 1030 235 263
3 263 235 750
3 750 376 1030
3 263 376 750
3 528 929 750
3 528 280 750
3 929 750 280
3 929 750 892
3 528 892 750
3 153 583 1121
3 246 153 583
3 1121 583 246
3 153 246 1121
3 1151 153 583
3 1151 153 1121
3 1121 583 1151
3 153 958 583
3 958 153 1151
3 583 958 1151
3 583 122 958
3 583 122 153
3 323 144 709
3 323 709 518
3 323 144 518
3 709 518 144
3 323 216 709
3 216 144 709
3 323 144 216
3 892 323 216
3 216 892 709
3 323 709 892
3 616 518 1153
3 518 93 1153
3 616 518 93
3 616 93 1153
3 1153 413 518
3 413 616 518
3 616 413 1153
3 400 776 514
3 464 400 776
3 464 776 514
3 400 464 514
3 862 400 776
3 776 514 862
3 862 400 514
3 464 776 564
3 564 400 776
3 564 400 464
3 564 776 929
3 776 464 929
3 216 892 776
3 216 929 776
3 892 776 929
3 1026 70 972
3 70 972 974
3 1026 70 974
3 974 972 1026
3 972 745 70
3 745 70 1026
3 1026 745 972
3 972 52 745
3 972 52 70
3 157 816 972
3 157 431 972
3 972 816 431
3 637 226 986
3 226 986 745
3 986 745 637
3 637 226 745
3 986 358 226
3 358 226 637
3 637 358 986
3 1026 226 986
3 986 745 1026
3 226 1026 745
3 812 310 656
3 310 656 883
3 310 812 883
3 812 656 883
3 656 69 812
3 310 69 812
3 310 69 656
3 1122 812 656
3 69 656 1122
3 310 155 656
3 310 656 579
3 155 579 656
3 656 248 312
3 312 1122 656
3 656 248 1122
3 461 312 656
3 656 248 461
3 983 405 1158
3 405 1158 412
3 1158 412 983
3 405 983 412
3 405 91 1158
3 405 91 983
3 692 458 1000
3 458 86 1000
3 692 86 1000
3 692 458 86
3 458 1000 1036
3 692 1036 1000
3 692 458 1036
3 1089 458 86
3 458 1000 1089
3 86 1089 1000
3 155 86 458
3 458 155 1089
3 458 310 656
3 458 155 656
3 458 310 155
3 458 883 656
3 458 310 883
3 1051 458 1000
3 1036 1000 1051
3 458 1051 1036
3 858 670 1118
3 1118 692 858
3 670 692 1118
3 117 1106 1118
3 422 117 1118
3 422 1118 1106
3 1118 1106 480
3 117 480 1118
3 489 1193 533
3 533 262 1193
3 533 262 489
3 489 533 535
3 489 134 533
3 535 134 489
3 535 533 134
3 1056 489 533
3 1056 489 535
3 535 533 1056
3 1056 489 1193
3 533 1193 1056
3 1192 533 134
3 134 1192 489
3 1192 489 533
3 443 134 533
3 533 443 1192
3 533 532 864
3 864 714 533
3 533 532 714
3 533 443 864
3 533 532 443
3 672 11 927
3 672 1054 927
3 672 11 1054
3 50 11 672
3 672 50 927
3 596 113 672
3 1126 596 672
3 1126 113 672
3 1126 596 113
3 1154 596 113
3 113 1154 672
3 596 672 1154
3 1003 386 138
3 386 138 1165
3 138 1003 1165
3 386 1165 1003
3 386 138 596
3 596 386 1003
3 386 160 1165
3 160 138 1165
3 138 386 160
3 386 1165 743
3 1165 743 160
3 386 160 743
3 386 113 1154
3 596 386 1154
3 386 113 596
3 386 118 1154
3 386 113 118
3 1006 386 1165
3 1165 743 1006
3 386 1006 743
3 243 236 695
3 695 404 243
3 243 236 404
3 781 87 243
3 243 148 781
3 148 87 781
3 243 148 87
3 1046 243 781
3 781 87 1046
3 1046 87 243
3 271 1006 695
3 1165 271 1006
3 1006 695 1165
3 271 1165 695
3 378 271 1006
3 1006 601 271
3 601 378 1006
3 378 271 601
3 1006 695 378
3 378 271 695
3 386 271 1165
3 386 271 1006
3 601 271 1143
3 601 1143 1006
3 271 1006 1143
3 303 271 1143
3 271 601 303
3 251 515 271
3 251 303 271
3 515 271 303
3 640 231 1116
3 231 1116 321
3 640 231 321
3 640 321 1116
3 1116 383 231
3 383 231 640
3 640 383 1116
3 1033 258 508
3 681 508 1033
3 681 258 1033
3 258 681 508
3 769 508 1033
3 508 151 1033
3 508 151 769
3 1033 258 769
3 769 258 508
3 510 366 886
3 510 886 1033
3 1033 366 510
3 1033 886 366
3 886 156 366
3 510 156 366
3 510 156 886
3 886 366 971
3 156 886 971
3 486 87 973
3 1046 486 973
3 1046 486 87
3 1046 87 973
3 87 441 973
3 973 441 486
3 486 973 976
3 1046 486 976
3 976 973 1046
3 162 971 973
3 1025 162 973
3 973 971 1025
3 679 37 1046
3 679 121 1046
3 121 37 1046
3 679 37 121
3 679 1046 1160
3 37 1160 1046
3 679 37 1160
3 781 679 1046
3 1160 1046 781
3 679 781 1160
3 679 243 1046
3 679 243 781
3 778 679 121
3 121 778 1046
3 679 1046 778
3 936 716 761
3 763 761 936
3 936 716 763
3 716 999 761
3 761 999 936
3 936 716 999
3 936 121 778
3 778 454 936
3 454 121 778
3 454 121 936
3 121 778 999
3 121 936 999
3 936 778 999
3 454 242 936
3 454 11 936
3 242 11 936
3 454 11 242
3 454 936 549
3 242 549 936
3 760 513 73
3 513 73 822
3 822 513 760
3 419 775 513
3 716 513 775
3 716 419 513
3 775 513 822
3 419 822 513
3 378 896 1088
3 1088 896 1154
3 378 1154 1088
3 979 378 1088
3 1088 896 979
3 1088 681 180
3 1088 648 681
3 180 1088 648
3 1179 113 529
3 529 82 1179
3 113 82 529
3 1179 113 82
3 1126 529 1179
3 1126 113 529
3 1179 113 1126
3 529 13 1179
3 13 529 82
3 82 13 1179
3 979 529 13
3 13 979 1179
3 529 1179 979
3 1179 3 1126
3 529 3 1126
3 529 3 1179
3 1126 987 1179
3 3 1179 987
3 89 1076 1179
3 987 89 1076
3 1179 1076 987
3 89 987 1179
3 381 89 1179
3 381 1179 1076
3 311 664 887
3 460 887 664
3 460 311 887
3 760 664 887
3 311 760 887
3 61 29 1085
3 29 1085 408
3 1085 408 61
3 61 29 408
3 29 14 1085
3 61 14 1085
3 61 29 14
3 1168 29 1085
3 1085 408 1168
3 29 1168 408
3 29 4 1168
3 29 4 1085
3 1067 29 14
3 14 1067 1085
3 29 1085 1067
3 29 14 824
3 824 29 1067
3 299 183 921
3 921 268 183
3 268 183 299
3 299 268 921
3 183 921 956
3 299 183 956
3 299 956 921
3 268 1136 921
3 183 921 1136
3 179 917 1192
3 1060 179 917
3 1060 917 1192
3 179 1060 1192
3 293 179 917
3 293 1192 917
3 293 179 1192
3 917 266 179
3 266 179 293
3 293 266 917
3 610 179 1060
3 610 179 917
3 266 179 1056
3 179 917 1056
3 266 1056 917
3 179 3 1056
3 266 3 179
3 325 179 1178
3 179 3 1178
3 3 325 179
3 484 472 833
3 833 385 484
3 472 385 484
3 833 385 472
3 484 344 833
3 833 422 484
3 344 422 833
3 723 260 1131
3 734 260 1131
3 734 260 723
3 260 1131 833
3 723 1131 833
3 260 723 833
3 444 260 1131
3 1131 327 260
3 444 327 1131
3 327 260 444
3 1131 833 444
3 444 260 833
3 327 260 719
3 327 719 1131
3 260 1131 719
3 328 327 260
3 328 260 719
3 430 260 1134
3 1134 610 260
3 430 260 610
3 328 260 1134
3 430 260 328
3 762 561 862
3 862 18 561
3 762 18 561
3 762 18 862
3 18 974 561
3 637 561 974
3 18 561 637
3 415 275 550
3 1027 275 550
3 1027 275 415
3 938 275 550
3 275 902 550
3 902 275 938
3 550 902 938
3 275 550 793
3 793 550 938
3 938 275 793
3 793 550 415
3 275 415 793
3 275 169 1183
3 1183 853 275
3 275 169 853
3 275 169 12
3 275 12 1183
3 1041 337 710
3 710 520 1041
3 710 520 337
3 520 337 1041
3 710 593 1041
3 593 337 710
3 1041 337 593
3 593 1041 895
3 593 895 710
3 895 710 1041
3 593 481 1041
3 1041 481 895
3 710 671 1041
3 710 520 671
3 671 520 1041
3 1041 590 710
3 1041 590 671
3 317 1107 1041
3 470 317 1041
3 1107 1041 470
3 317 481 1041
3 481 1107 1041
3 975 534 865
3 865 125 975
3 534 125 865
3 125 975 534
3 865 415 975
3 534 415 865
3 975 534 415
3 125 975 792
3 125 792 865
3 865 792 975
3 435 125 975
3 975 435 792
3 865 793 975
3 865 415 793
3 793 415 975
3 975 53 865
3 975 53 793
3 28 1180 975
3 686 28 975
3 1180 975 686
3 28 435 975
3 435 1180 975
3 908 315 36
3 894 36 908
3 894 315 908
3 315 36 894
3 36 908 1037
3 315 1037 908
3 627 186 1161
3 370 186 1161
3 627 186 370
3 1137 186 110
3 186 110 1162
3 186 1162 1137
3 110 1137 1162
3 370 110 1137
3 370 186 1137
3 186 110 370
3 300 186 1162
3 300 186 110
3 300 110 1162
3 186 1162 957
3 300 186 957
3 1162 957 300
3 1194 186 1162
3 1162 957 1194
3 186 1194 957
3 358 226 1023
3 358 95 1023
3 358 95 226
3 226 95 1023
3 358 1023 986
3 226 986 1023
3 1023 112 1129
3 1129 358 1023
3 358 112 1023
3 358 112 1129
3 1129 557 1023
3 112 1023 557
3 1023 25 1121
3 1023 557 1121
3 557 25 1023
3 1121 1105 1023
3 1023 25 1105
3 808 220 62
3 220 1059 808
3 62 808 1059
3 62 808 1112
3 874 62 808
3 62 874 1112
3 874 808 1112
3 496 62 808
3 496 62 1112
3 496 1112 808
3 220 62 496
3 496 220 808
3 808 109 874
3 109 62 874
3 109 62 808
3 265 292 1199
3 814 265 292
3 1199 292 814
3 814 265 1199
3 1113 265 292
3 265 1113 1199
3 1113 292 1199
3 292 245 1113
3 265 245 1113
3 265 245 292
3 395 569 623
3 1050 395 569
3 623 569 1050
3 395 1050 623
3 395 372 569
3 372 623 569
3 395 372 623
3 569 83 1050
3 395 83 1050
3 395 83 569
3 569 1050 955
3 83 569 955
3 569 296 453
3 296 453 583
3 569 296 583
3 583 453 569
3 291 733 453
3 873 291 453
3 733 453 873
3 291 446 453
3 446 733 453
3 296 955 453
3 569 296 955
3 453 955 569
3 353 343 621
3 586 343 353
3 586 343 621
3 343 621 639
3 639 621 353
3 343 353 639
3 343 166 621
3 166 639 621
3 343 166 639
3 343 821 621
3 821 166 621
3 343 166 821
3 343 191 821
3 621 191 821
3 621 191 343
3 1084 821 343
3 191 343 1084
3 845 541 1007
3 845 159 1007
3 845 159 541
3 541 159 1007
3 1007 801 845
3 541 801 1007
3 1007 785 845
3 845 571 1007
3 785 571 845
3 571 1007 785
3 785 159 845
3 1007 785 159
3 1007 538 571
3 845 538 1007
3 845 538 571
3 1007 571 1107
3 538 1007 1107
3 101 481 1007
3 101 1107 1007
3 1007 481 1107
3 674 101 1007
3 1007 481 674
3 675 552 1034
3 1034 57 675
3 675 57 552
3 280 475 991
3 498 280 475
3 498 280 991
3 991 475 498
3 1058 280 475
3 991 475 1058
3 280 1058 991
3 280 607 475
3 280 475 876
3 876 475 607
3 498 280 607
3 475 607 498
3 661 156 741
3 661 741 685
3 156 741 685
3 685 156 661
3 156 741 366
3 661 366 741
3 156 366 661
3 741 156 1022
3 366 741 1022
3 661 580 741
3 741 301 661
3 741 301 580
3 652 318 628
3 318 832 628
3 652 318 832
3 318 40 1080
3 924 318 40
3 40 924 1080
3 318 1080 924
3 471 318 1080
3 318 1080 851
3 1080 851 471
3 471 318 851
3 471 40 1080
3 471 318 40
3 928 318 1080
3 318 102 1080
3 318 102 928
3 1080 851 928
3 318 928 851
3 675 504 721
3 504 57 721
3 675 504 57
3 675 57 721
3 504 721 1059
3 675 504 1059
3 675 1059 721
3 1112 504 57
3 504 721 1112
3 57 1112 721
3 57 54 504
3 504 54 1112
3 782 504 721
3 504 782 1059
3 782 721 1059
3 504 132 721
3 504 132 782
3 504 502 863
3 504 54 863
3 504 502 54
3 504 1047 863
3 504 502 1047
3 220 1059 1063
3 220 811 1063
3 1063 1059 811
3 220 105 1063
3 105 1063 1059
3 398 314 1063
3 314 1063 319
3 398 314 319
3 398 319 1063
3 314 202 1063
3 398 314 202
3 398 202 1063
3 652 374 530
3 374 530 575
3 374 652 575
3 575 530 652
3 628 530 652
3 628 374 652
3 628 374 530
3 530 318 628
3 652 318 530
3 530 40 924
3 530 318 924
3 318 40 530
3 815 787 1066
3 1066 245 815
3 815 245 787
3 149 452 815
3 815 452 245
3 149 245 815
3 1198 149 452
3 815 452 1198
3 1198 149 815
3 225 1164 787
3 225 7 1164
3 1164 787 7
3 225 7 787
3 631 374 879
3 631 225 879
3 374 225 879
3 631 225 374
3 109 874 879
3 109 43 879
3 43 879 874
3 109 808 879
3 879 874 808
3 374 631 530
3 374 530 879
3 879 530 631
3 177 1150 1175
3 202 177 1150
3 202 177 1175
3 202 1175 1150
3 1164 177 1150
3 177 1164 1175
3 1164 1150 1175
3 1150 398 177
3 202 177 398
3 398 202 1150
3 177 1150 1053
3 398 1053 1150
3 1150 225 1164
3 225 177 1150
3 225 177 1164
3 1164 787 1150
3 225 1150 787
3 1150 66 814
3 1181 814 1150
3 1150 66 1181
3 1150 787 814
3 787 66 1150
3 1022 602 868
3 602 463 868
3 602 463 1022
3 602 868 741
3 602 162 868
3 868 741 162
3 602 162 741
3 868 741 1022
3 602 1022 741
3 602 230 1152
3 602 92 1152
3 602 230 92
3 1161 199 1071
3 1071 627 1161
3 627 199 1161
3 627 199 1071
3 1071 95 688
3 1162 688 1071
3 1071 95 1162
3 199 1071 989
3 199 1161 989
3 1071 989 1161
3 478 199 1071
3 478 199 989
3 1071 989 478
3 1071 405 199
3 405 199 1158
3 199 1071 1158
3 405 1158 1071
3 405 199 478
3 478 405 1071
3 813 744 888
3 888 300 813
3 744 300 888
3 744 300 813
3 888 615 744
3 813 615 744
3 888 615 813
3 813 264 497
3 1194 497 813
3 813 264 1194
3 264 615 497
3 497 615 813
3 615 264 813
3 300 813 1190
3 1004 300 813
3 1004 300 1190
3 1190 813 1004
3 300 888 1190
3 888 813 1190
3 813 346 300
3 346 300 1004
3 1004 346 813
3 300 813 884
3 346 884 813
3 387 176 1052
3 1004 387 176
3 387 1052 1004
3 176 1004 1052
3 387 161 176
3 176 161 1052
3 188 176 662
3 176 161 662
3 161 188 176
3 176 888 662
3 188 176 888
3 201 176 1004
3 387 201 1004
3 201 176 387
3 176 1004 1174
3 201 1174 1004
3 201 176 1174
3 12 703 1055
3 673 1055 703
3 673 12 1055
3 1174 12 703
3 1055 703 1174
3 12 1174 1055
3 1055 176 1004
3 1055 1004 1174
3 176 1055 1174
3 1011 566 820
3 566 820 1083
3 566 1011 1083
3 1011 820 1083
3 643 566 1011
3 643 566 820
3 566 206 820
3 566 112 820
3 112 566 206
3 206 112 820
3 566 206 1083
3 206 1083 820
3 1129 566 112
3 566 820 1129
3 112 1129 820
3 416 112 566
3 566 416 1129
3 566 190 667
3 566 890 667
3 566 190 890
3 566 416 667
3 416 190 566
3 574 350 421
3 492 421 574
3 492 350 574
3 350 492 421
3 574 350 483
3 483 350 421
3 945 350 238
3 350 238 442
3 350 442 945
3 238 945 442
3 350 238 483
3 483 350 945
3 730 350 442
3 350 442 889
3 350 730 889
3 730 442 889
3 842 130 738
3 738 135 842
3 842 130 135
3 135 130 738
3 903 738 842
3 130 903 738
3 842 130 903
3 738 151 842
3 903 738 151
3 903 151 842
3 151 769 842
3 738 842 769
3 842 661 741
3 842 661 580
3 842 580 741
3 741 685 842
3 842 661 685
3 685 340 1149
3 685 91 1149
3 340 91 1149
3 685 91 340
3 279 172 914
3 172 914 628
3 279 172 628
3 914 628 279
3 172 16 914
3 279 172 16
3 279 16 914
3 980 172 914
3 172 980 628
3 914 628 980
3 326 594 980
3 326 628 980
3 628 594 980
3 1127 172 16
3 16 1127 914
3 172 914 1127
3 1083 16 1127
3 16 1127 1011
3 16 1083 1011
3 1127 1011 1083
3 1127 79 1083
3 79 16 1083
3 79 16 1127
3 1083 631 1127
3 79 1127 631
3 1127 374 530
3 575 530 1127
3 1127 374 575
3 530 631 1127
3 631 374 1127
3 615 56 954
3 615 954 904
3 615 56 904
3 954 904 56
3 615 264 954
3 615 56 264
3 264 56 954
3 264 497 954
3 954 497 615
3 437 304 746
3 942 746 304
3 304 942 437
3 942 437 746
3 6 581 942
3 818 6 581
3 942 581 818
3 818 6 942
3 942 581 1065
3 6 1065 942
3 835 215 285
3 421 285 835
3 421 215 285
3 835 215 421
3 857 285 835
3 215 857 285
3 835 215 857
3 835 806 285
3 806 285 857
3 857 806 835
3 285 241 806
3 835 241 285
3 835 241 806
3 421 835 574
3 574 285 835
3 574 285 421
3 492 421 835
3 835 492 574
3 131 1110 835
3 131 492 835
3 492 1110 835
3 442 131 835
3 1110 835 442
3 174 81 1176
3 174 1176 752
3 174 81 752
3 1176 752 81
3 174 81 106
3 106 81 1176
3 241 806 559
3 806 559 488
3 488 241 559
3 285 806 559
3 241 285 559
3 697 42 891
3 697 891 755
3 755 42 891
3 755 42 697
3 42 891 775
3 42 697 775
3 697 891 775
3 697 407 755
3 755 336 697
3 697 407 336
3 407 336 755
3 891 407 755
3 697 407 891
3 357 822 697
3 357 10 697
3 822 697 10
3 357 775 697
3 822 697 775
3 910 42 891
3 756 42 910
3 910 756 891
3 891 775 910
3 910 42 775
3 10 910 1051
3 1036 10 910
3 1036 910 1051
3 10 1036 1051
3 670 10 910
3 670 1051 910
3 670 10 1051
3 650 178 576
3 609 576 650
3 609 178 650
3 609 178 576
3 178 576 1110
3 292 178 576
3 292 1110 576
3 292 178 1110
3 650 576 1110
3 178 650 1110
3 67 32 920
3 32 920 1135
3 67 1135 920
3 67 32 1135
3 920 267 32
3 67 32 267
3 267 67 920
3 1138 32 920
3 1135 920 1138
3 32 1138 1135
3 920 136 1138
3 136 32 920
3 136 32 1138
3 964 32 1099
3 964 467 1099
3 964 32 467
3 467 32 1099
3 1099 48 32
3 48 32 964
3 49 1173 1040
3 1173 1040 1092
3 49 1092 1040
3 241 49 1173
3 1173 1040 241
3 241 49 1040
3 269 1021 1173
3 425 269 1021
3 269 425 1173
3 1173 1021 425
3 827 269 1021
3 827 1173 1021
3 827 269 1173
3 425 1021 846
3 846 269 425
3 846 269 1021
3 269 166 665
3 269 8 665
3 269 166 8
3 665 659 269
3 269 166 659
3 758 103 1091
3 103 1091 1197
3 758 1197 1091
3 758 103 1197
3 103 49 1091
3 758 103 49
3 758 49 1091
3 1184 103 1091
3 1184 1091 1197
3 103 1184 1197
3 103 17 1091
3 103 17 1184
3 1173 103 49
3 103 1091 1173
3 49 1173 1091
3 103 49 241
3 241 103 1173
3 606 103 1048
3 1048 634 103
3 606 103 634
3 241 103 1048
3 606 103 241
3 576 531 827
3 531 827 1128
3 576 531 1128
3 576 1128 827
3 531 215 1092
3 215 116 1092
3 531 215 116
3 531 116 1092
3 531 425 1092
3 531 215 425
3 291 259 952
3 733 259 952
3 733 259 291
3 259 952 1028
3 1028 952 291
3 259 291 1028
3 667 259 952
3 667 1028 952
3 667 259 1028
3 952 506 259
3 667 506 952
3 506 259 667
3 492 259 506
3 952 492 506
3 259 952 492
3 259 506 265
3 265 259 492
3 774 574 694
3 694 145 774
3 774 574 145
3 574 145 694
3 340 866 738
3 1019 340 866
3 866 738 1019
3 340 1019 738
3 340 156 866
3 340 156 738
3 866 738 156
3 866 685 340
3 340 156 685
3 685 156 866
3 685 1149 866
3 340 866 1149
3 1044 692 1119
3 1119 86 1044
3 692 86 1044
3 1119 86 692
3 1044 670 1119
3 1044 670 692
3 1044 468 893
3 1044 893 1119
3 1119 468 1044
3 1119 468 893
3 893 778 1044
3 468 1044 778
3 454 936 1044
3 454 778 1044
3 1044 936 778
3 454 11 1044
3 11 1044 936
3 341 222 1163
3 341 158 1163
3 341 158 222
3 222 158 1163
3 341 1163 1001
3 222 1001 1163
3 341 1163 552
3 341 158 552
3 1163 552 158
3 1137 341 1163
3 341 1137 552
3 1163 552 1137
3 1163 110 1137
3 341 110 1137
3 341 110 1163
3 36 908 1163
3 894 36 1163
3 894 1163 908
3 902 275 937
3 937 550 902
3 275 550 937
3 902 12 937
3 902 12 275
3 275 12 937
3 762 862 937
3 937 561 762
3 937 862 561
3 937 482 902
3 482 12 902
3 937 482 12
3 163 1191 305
3 687 163 1191
3 687 163 305
3 687 305 1191
3 436 163 1191
3 1191 305 436
3 163 436 305
3 1191 555 163
3 163 1191 249
3 1191 249 555
3 555 163 687
3 687 555 1191
3 158 1016 1191
3 158 884 1191
3 1191 1016 884
3 800 158 1191
3 800 1191 1016
3 657 249 555
3 555 538 657
3 657 249 538
3 553 222 657
3 553 657 1034
3 553 222 1034
3 222 1034 657
3 553 158 657
3 158 553 222
3 222 158 657
3 158 1016 657
3 553 657 1016
3 253 56 951
3 253 1074 951
3 253 56 1074
3 565 189 253
3 189 253 662
3 565 189 662
3 662 253 565
3 189 287 253
3 287 189 565
3 253 287 565
3 1123 253 287
3 189 253 1123
3 487 349 1124
3 1124 126 487
3 1124 126 349
3 636 487 1124
3 636 349 1124
3 636 487 349
3 1124 189 253
3 487 253 1124
3 487 189 1124
3 487 189 253
3 662 253 1124
3 189 1124 662
3 75 1190 1124
3 75 662 1124
3 662 1190 1124
3 906 75 1190
3 1190 1124 906
3 906 75 1124
3 932 636 1074
3 102 932 636
3 932 102 1074
3 932 636 573
3 932 573 1074
3 142 78 1177
3 78 4 1177
3 142 4 1177
3 142 78 4
3 78 1177 630
3 142 78 630
3 1177 630 142
3 1168 78 4
3 4 1168 1177
3 78 1177 1168
3 78 4 588
3 588 78 1168
3 1171 373 450
3 373 450 918
3 1171 373 918
3 918 450 1171
3 630 373 1171
3 450 630 1171
3 1171 78 1177
3 1177 630 1171
3 78 1171 630
3 1070 94 588
3 94 588 921
3 1070 94 921
3 921 588 1070
3 264 164 491
3 164 56 491
3 264 56 491
3 264 164 56
3 164 491 649
3 264 649 491
3 264 164 649
3 951 164 56
3 56 951 491
3 164 491 951
3 164 56 253
3 253 164 951
3 1109 164 491
3 649 491 1109
3 164 1109 649
3 164 20 491
3 164 20 1109
3 1124 164 487
3 164 636 487
3 636 164 1124
3 253 164 487
3 1124 164 253
3 754 382 850
3 754 368 382
3 850 368 382
3 850 368 754
3 754 587 850
3 850 325 754
3 587 325 754
3 850 325 587
3 850 381 587
3 754 381 587
3 754 381 850
3 850 587 920
3 381 850 920
3 136 1138 850
3 273 136 850
3 1138 850 273
3 136 920 850
3 1138 850 920
3 641 586 547
3 547 353 586
3 641 353 586
3 641 353 547
3 547 311 641
3 547 641 864
3 311 864 641
3 547 311 864
3 586 311 641
3 547 311 586
3 547 357 641
3 357 822 547
3 822 547 641
3 864 641 357
3 864 357 547
3 466 410 623
3 410 623 526
3 466 623 526
3 410 466 526
3 599 410 623
3 599 410 466
3 621 410 623
3 623 600 410
3 621 600 623
3 600 410 621
3 621 526 623
3 621 410 526
3 600 410 690
3 600 690 623
3 410 623 690
3 246 157 742
3 246 742 395
3 395 157 246
3 157 742 395
3 742 583 246
3 742 153 246
3 742 153 583
3 816 742 157
3 816 246 742
3 157 816 246
3 797 152 677
3 152 739 677
3 739 152 797
3 677 739 797
3 152 677 816
3 797 152 816
3 816 677 797
3 336 152 577
3 152 737 577
3 336 152 737
3 336 152 838
3 838 152 577
3 880 152 677
3 152 880 816
3 816 677 880
3 509 152 880
3 509 152 677
3 829 818 1008
3 829 539 1008
3 829 539 818
3 829 406 878
3 829 598 878
3 598 406 829
3 829 414 878
3 829 406 414
3 414 102 912
3 423 414 912
3 423 102 912
3 423 414 102
3 414 912 928
3 102 928 912
3 213 17 925
3 968 213 925
3 968 17 925
3 968 213 17
3 1184 213 17
3 213 925 1184
3 17 1184 925
3 120 17 213
3 213 120 1184
3 389 213 1045
3 213 1099 1045
3 389 213 1099
3 213 120 1045
3 120 389 213
3 433 154 997
3 433 196 997
3 154 196 433
3 997 136 433
3 997 136 154
3 154 136 433
3 433 430 997
3 430 136 997
3 433 430 136
3 433 363 997
3 430 363 997
3 363 433 430
3 433 67 363
3 997 67 363
3 997 67 433
3 67 433 1100
3 433 363 1100
3 76 438 433
3 76 1100 433
3 438 433 1100
3 752 595 1064
3 752 399 1064
3 752 399 595
3 595 399 1064
3 758 752 595
3 595 758 1064
3 752 1064 758
3 1064 17 752
3 752 399 17
3 399 17 1064
3 968 752 1064
3 968 17 752
3 1064 17 968
3 968 519 375
3 519 375 1061
3 519 1061 968
3 375 968 1061
3 978 375 968
3 978 519 968
3 519 375 978
3 1064 375 968
3 752 375 968
3 752 375 1064
3 1040 85 634
3 691 634 1040
3 1040 85 691
3 691 85 634
3 634 114 1040
3 114 85 1040
3 634 114 85
3 365 500 584
3 959 365 500
3 584 500 959
3 365 959 584
3 727 365 500
3 365 885 500
3 500 885 727
3 727 365 885
3 584 500 727
3 727 365 584
3 460 819 1081
3 460 645 1081
3 1081 819 645
3 1081 215 116
3 421 116 1081
3 421 215 1081
3 215 116 421
3 116 1081 1092
3 215 1092 1081
3 82 1087 1193
3 150 82 1087
3 150 82 1193
3 150 1193 1087
3 1056 82 1087
3 82 1056 1193
3 1193 1087 1056
3 1087 455 82
3 150 82 455
3 455 150 1087
3 1087 266 1056
3 266 82 1056
3 266 82 1087
3 1056 1031 1087
3 266 1087 1031
3 596 672 1087
3 1126 596 1087
3 1087 672 1126
3 1031 596 672
3 1031 672 1087
3 596 1031 1087
3 24 578 1103
3 659 24 578
3 24 659 1103
3 659 578 1103
3 1021 24 578
3 1103 578 1021
3 1021 24 1103
3 578 165 659
3 165 24 659
3 165 24 578
3 1146 88 1024
3 1146 1024 1176
3 88 1146 1176
3 950 214 705
3 214 705 1142
3 950 705 1142
3 214 950 1142
3 523 214 950
3 523 214 705
3 898 214 705
3 705 524 214
3 898 524 705
3 524 214 898
3 1142 705 898
3 898 214 1142
3 725 614 1114
3 1114 537 725
3 614 537 725
3 614 537 1114
3 624 527 753
3 753 622 624
3 753 622 527
3 622 527 624
3 624 368 753
3 527 368 753
3 368 624 527
3 624 208 753
3 208 753 622
3 622 208 624
3 368 624 382
3 368 382 753
3 753 382 624
3 700 368 382
3 382 624 700
3 624 368 700
3 624 198 753
3 624 198 208
3 396 1002 624
3 396 139 624
3 1002 624 139
3 396 700 624
3 1002 624 700
3 192 119 905
3 987 192 119
3 192 905 987
3 119 987 905
3 382 192 119
3 382 119 905
3 754 119 850
3 850 325 119
3 325 119 754
3 382 119 850
3 754 119 382
3 286 119 987
3 119 987 313
3 987 313 286
3 286 119 313
3 286 192 987
3 192 119 286
3 1076 119 987
3 987 313 1076
3 119 1076 313
3 119 89 987
3 119 89 1076
3 859 286 944
3 859 563 944
3 563 286 859
3 859 473 551
3 605 551 859
3 605 473 551
3 605 473 859
3 473 859 563
3 563 551 859
3 605 859 1096
3 1096 551 605
3 1096 859 551
3 605 214 859
3 605 214 1096
3 214 1096 859
3 605 51 859
3 51 605 214
3 214 51 859
3 51 780 859
3 605 859 780
3 614 1114 837
3 614 55 1114
3 1114 837 55
3 614 55 837
3 725 1114 837
3 614 725 837
3 834 101 635
3 635 473 834
3 473 101 635
3 834 101 473
3 931 635 834
3 101 931 635
3 834 101 931
3 635 345 834
3 834 470 635
3 345 470 834
3 931 635 345
3 931 345 834
3 473 834 551
3 473 551 635
3 635 551 834
3 473 63 834
3 834 63 551
3 55 1132 834
3 252 55 834
3 1132 834 252
3 63 55 1132
3 63 1132 834
3 55 63 834
3 391 107 647
3 391 30 647
3 30 391 107
3 107 30 647
3 391 647 1061
3 919 391 647
3 919 647 1061
3 391 919 1061
3 391 107 1061
3 107 1061 647
3 228 1160 233
3 1160 233 183
3 228 183 233
3 1070 228 1160
3 1160 233 1070
3 228 1070 233
3 588 233 94
3 233 94 1039
3 94 588 1039
3 233 1039 588
3 233 94 1070
3 1070 233 588
3 240 233 1039
3 1039 29 233
3 240 29 1039
3 29 240 233
3 240 233 94
3 240 94 1039
3 824 233 1039
3 233 35 1039
3 233 35 824
3 1039 29 824
3 824 29 233
3 614 329 1114
3 329 55 1114
3 614 55 329
3 765 329 939
3 329 55 939
3 55 765 329
3 355 1077 1085
3 988 355 1077
3 1085 1077 988
3 355 988 1085
3 355 94 1077
3 355 94 1085
3 94 1085 1077
3 355 240 1077
3 355 1077 985
3 240 985 1077
3 355 94 240
3 240 94 1077
3 1077 161 1120
3 188 161 1077
3 1077 188 1120
3 1077 1123 1120
3 1077 161 1123
3 747 94 588
3 747 588 921
3 94 747 921
3 1190 347 75
3 347 75 436
3 347 436 1190
3 75 1190 436
3 347 75 906
3 906 347 1190
3 572 347 642
3 642 487 347
3 487 347 572
3 906 347 642
3 572 347 906
3 1191 347 436
3 347 163 436
3 347 163 1191
3 347 436 884
3 347 1191 884
3 884 436 1191
3 930 107 770
3 930 770 1009
3 107 930 1009
3 711 521 851
3 851 543 711
3 543 521 711
3 851 543 521
3 786 365 885
3 786 500 885
3 365 500 786
3 786 885 1032
3 1032 365 786
3 1032 885 365
3 6 786 581
3 786 6 818
3 581 786 818
3 786 6 885
3 885 581 786
3 6 581 885
3 1008 786 829
3 818 786 829
3 1008 786 818
3 829 304 1008
3 1008 786 304
3 786 304 829
3 429 122 958
3 429 122 814
3 814 429 958
3 429 122 224
3 429 224 958
3 265 429 292
3 429 265 955
3 265 292 955
3 955 292 429
3 429 265 814
3 292 429 814
3 429 259 955
3 429 955 609
3 955 609 259
3 429 259 609
3 265 259 955
3 429 259 265
3 429 296 955
3 296 955 609
3 609 296 429
3 453 429 955
3 296 453 429
3 403 689 632
3 403 322 632
3 403 322 689
3 689 322 632
3 632 466 599
3 599 403 632
3 466 403 632
3 466 403 599
3 632 599 984
3 466 632 984
3 632 380 403
3 632 380 689
3 1159 632 748
3 632 83 748
3 1159 632 83
3 984 632 748
3 1159 632 984
3 322 46 1084
3 322 178 1084
3 178 46 1084
3 46 322 178
3 591 223 1147
3 591 223 1188
3 591 1188 1147
3 1198 9 922
3 111 9 922
3 111 9 1198
3 223 9 1147
3 922 223 9
3 9 922 1147
3 223 1147 922
3 591 223 9
3 591 9 1147
3 517 371 1098
3 517 31 371
3 371 31 1098
3 371 111 1198
3 371 111 1189
3 1198 1189 371
3 371 111 31
3 371 31 1198
3 149 995 452
3 995 149 1035
3 1035 452 995
3 149 452 1035
3 452 995 1198
3 995 149 1198
3 9 922 995
3 9 1198 995
3 995 922 1198
3 995 676 1035
3 995 64 1035
3 995 64 676
3 556 539 663
3 556 1 663
3 1 556 539
3 539 1 663
3 556 663 1065
3 539 1065 663
3 556 539 1065
3 942 556 663
3 942 663 1065
3 556 942 1065
3 663 304 942
3 556 304 942
3 556 304 663
3 1102 556 1
3 1 1102 663
3 556 663 1102
3 556 1 585
3 585 556 1102
3 804 556 640
3 640 585 804
3 804 556 585
3 585 556 640
3 784 768 1032
3 1032 22 768
3 784 22 1032
3 784 22 768
3 1032 133 768
3 768 133 784
3 147 732 768
3 768 133 147
3 768 732 133
3 647 147 732
3 647 768 732
3 647 147 768
3 22 768 365
3 22 1032 365
3 768 365 1032
3 284 235 949
3 284 949 384
3 384 235 949
3 384 235 284
3 235 949 962
3 962 949 284
3 235 284 962
3 472 235 949
3 472 962 949
3 472 235 962
3 949 385 235
3 472 385 949
3 385 235 472
3 235 949 480
3 385 480 949
3 911 315 1037
3 1037 96 911
3 315 96 1037
3 315 96 911
3 1037 323 911
3 315 911 323
3 96 911 282
3 96 1037 282
3 911 282 1037
3 671 96 911
3 671 96 282
3 671 282 911
3 911 216 892
3 911 323 892
3 323 216 911
3 892 776 911
3 911 216 776
3 911 520 96
3 96 911 849
3 520 849 911
3 520 96 671
3 671 520 911
3 844 359 540
3 540 203 359
3 540 203 844
3 844 203 359
3 646 359 844
3 646 359 540
3 949 359 540
3 540 203 949
3 203 949 359
3 359 157 816
3 359 972 816
3 359 157 972
3 742 359 816
3 359 157 742
3 986 568 1026
3 568 226 1026
3 568 226 986
3 568 36 1026
3 568 400 1026
3 400 36 1026
3 568 36 400
3 568 1026 709
3 1026 709 36
3 568 36 709
3 1026 709 986
3 568 986 709
3 776 568 400
3 400 776 1026
3 568 1026 776
3 862 568 776
3 568 400 862
3 18 561 568
3 18 862 568
3 568 561 862
3 405 339 1158
3 339 199 1158
3 199 405 339
3 1158 412 339
3 405 339 412
3 339 1049 954
3 339 301 1049
3 1049 954 301
3 339 301 954
3 1149 339 1049
3 1049 954 1149
3 339 1149 954
3 1049 685 1149
3 685 339 1149
3 685 339 1049
3 910 115 1036
3 115 10 910
3 115 10 1036
3 115 1036 756
3 1036 756 910
3 115 910 756
3 419 115 1036
3 1036 756 419
3 419 115 756
3 115 35 1036
3 419 35 1036
3 419 115 35
3 824 115 35
3 35 824 1036
3 115 1036 824
3 115 35 893
3 893 115 824
3 1044 115 1119
3 893 115 1119
3 1044 115 893
3 115 86 1119
3 1044 115 86
3 1031 50 966
3 966 672 1031
3 1031 50 672
3 672 50 966
3 966 218 1031
3 218 50 1031
3 966 218 50
3 966 596 672
3 966 596 1031
3 325 1178 966
3 325 1170 966
3 1178 966 1170
3 325 179 966
3 1178 966 179
3 926 274 1070
3 1070 404 274
3 926 404 1070
3 404 274 926
3 274 1070 781
3 926 781 1070
3 926 274 781
3 1160 274 1070
3 1070 781 1160
3 274 1160 781
3 274 228 1160
3 274 228 1070
3 404 274 1097
3 404 1097 1070
3 274 1070 1097
3 197 499 1006
3 941 197 499
3 1006 499 941
3 941 197 1006
3 743 197 499
3 743 499 1006
3 197 743 1006
3 499 434 743
3 434 197 743
3 434 197 499
3 694 684 1019
3 684 184 1019
3 694 684 184
3 694 184 1019
3 684 1019 1116
3 694 1116 1019
3 694 684 1116
3 684 510 886
3 684 1033 886
3 684 510 1033
3 866 684 1019
3 1116 1019 866
3 684 866 1116
3 684 340 1019
3 684 340 866
3 882 65 766
3 308 65 766
3 308 65 882
3 508 65 1033
3 766 508 65
3 65 766 1033
3 508 1033 766
3 681 508 65
3 681 65 1033
3 180 65 1088
3 180 1088 507
3 180 65 507
3 1088 507 65
3 681 65 1088
3 180 65 681
3 486 445 973
3 999 973 445
3 445 999 486
3 999 486 973
3 976 973 445
3 976 445 486
3 445 258 507
3 976 445 507
3 445 258 976
3 258 507 679
3 445 258 679
3 445 679 507
3 716 445 999
3 761 445 999
3 761 445 716
3 999 194 445
3 716 194 445
3 999 194 716
3 289 121 778
3 289 121 999
3 289 999 778
3 289 121 679
3 679 289 778
3 289 258 507
3 763 507 289
3 763 258 289
3 763 258 507
3 679 507 289
3 258 289 679
3 289 262 763
3 1193 289 763
3 262 1193 289
3 289 763 766
3 766 262 289
3 766 763 262
3 886 440 513
3 440 971 513
3 513 971 886
3 886 440 971
3 440 513 463
3 513 463 886
3 886 440 463
3 440 73 513
3 73 513 463
3 463 73 440
3 73 760 440
3 760 440 513
3 440 162 971
3 513 162 971
3 513 162 440
3 973 971 440
3 162 440 973
3 445 440 999
3 440 194 999
3 445 440 194
3 973 440 999
3 445 440 973
3 455 872 1154
3 455 13 872
3 455 13 1154
3 13 1154 872
3 1088 455 872
3 455 1088 1154
3 1088 872 1154
3 455 82 872
3 455 13 82
3 82 13 872
3 82 1087 872
3 455 872 1087
3 872 180 1088
3 455 180 1088
3 455 180 872
3 1088 507 872
3 180 872 507
3 872 289 763
3 872 507 763
3 507 289 872
3 766 763 872
3 872 289 766
3 578 309 24
3 309 24 1021
3 1021 309 578
3 309 24 887
3 309 887 578
3 24 578 887
3 425 309 846
3 1021 309 846
3 425 309 1021
3 309 27 846
3 425 309 27
3 434 743 459
3 743 459 499
3 434 499 459
3 614 459 743
3 614 434 459
3 173 62 1086
3 173 105 1086
3 173 62 105
3 105 62 1086
3 173 1086 314
3 1169 173 1086
3 1086 314 1169
3 173 1169 314
3 173 62 314
3 1086 314 62
3 1086 43 1169
3 173 43 1086
3 173 43 1169
3 1086 1169 1129
3 43 1086 1129
3 358 1023 1086
3 358 1129 1086
3 1086 1023 1129
3 358 95 1086
3 95 1086 1023
3 1156 36 908
3 1156 908 1163
3 36 1156 1163
3 110 1137 1156
3 370 1156 1137
3 370 110 1156
3 1156 1137 1163
3 110 1163 1156
3 1162 47 1194
3 186 47 1194
3 186 47 1162
3 199 47 1194
3 47 1194 1117
3 1194 1117 199
3 199 47 1117
3 1194 339 47
3 339 199 1194
3 199 47 339
3 1194 1117 1162
3 47 1162 1117
3 339 47 1049
3 339 1049 1194
3 47 1194 1049
3 47 339 301
3 301 47 1049
3 744 47 888
3 301 47 888
3 744 47 301
3 888 615 47
3 615 47 744
3 466 108 1128
3 108 1128 343
3 466 343 1128
3 466 108 343
3 1128 526 108
3 466 108 526
3 526 466 1128
3 1084 108 1128
3 1128 343 1084
3 108 1084 343
3 1128 322 1084
3 322 108 1084
3 322 108 1128
3 609 108 650
3 333 108 650
3 609 108 333
3 589 44 544
3 44 544 803
3 589 44 803
3 803 544 589
3 544 377 674
3 377 856 674
3 544 377 856
3 856 544 674
3 377 674 699
3 544 377 699
3 544 699 674
3 725 278 699
3 278 699 1132
3 725 278 1132
3 1132 699 725
3 278 837 699
3 725 278 837
3 699 837 725
3 401 1009 788
3 863 788 1009
3 863 401 788
3 907 401 1009
3 1009 788 907
3 401 907 788
3 124 788 541
3 432 124 788
3 432 124 541
3 788 541 432
3 159 124 788
3 159 788 541
3 124 159 541
3 788 726 124
3 432 124 726
3 726 432 788
3 788 71 124
3 788 71 726
3 770 320 930
3 320 107 930
3 320 107 770
3 320 930 751
3 930 751 770
3 320 770 751
3 544 320 44
3 320 44 589
3 589 320 544
3 320 44 930
3 320 930 544
3 44 544 930
3 1009 796 907
3 796 401 1009
3 796 401 907
3 796 907 930
3 930 907 1009
3 796 1009 930
3 796 97 907
3 796 620 907
3 796 97 620
3 620 97 907
3 97 930 907
3 796 97 930
3 803 796 620
3 796 907 803
3 620 803 907
3 717 620 796
3 796 717 803
3 54 558 796
3 54 717 796
3 717 558 796
3 249 54 796
3 249 796 558
3 297 783 675
3 783 297 881
3 881 675 783
3 297 675 881
3 297 144 811
3 811 782 297
3 297 144 782
3 1001 297 675
3 675 783 1001
3 783 297 1001
3 1034 297 675
3 552 297 675
3 552 297 1034
3 1063 93 967
3 93 967 811
3 93 1063 811
3 967 811 1063
3 967 518 93
3 93 967 1153
3 518 1153 967
3 967 314 1063
3 314 93 1063
3 314 93 967
3 1063 319 967
3 314 967 319
3 967 212 479
3 967 319 479
3 319 212 967
3 1053 479 967
3 967 212 1053
3 1144 554 832
3 832 1 1144
3 554 1 832
3 1144 554 1
3 1020 832 1144
3 1144 554 1020
3 1020 554 832
3 832 539 1144
3 1144 818 832
3 539 818 1144
3 832 1 539
3 539 1 1144
3 40 924 1144
3 1172 40 924
3 1144 924 1172
3 40 1172 1144
3 530 40 1144
3 530 1144 924
3 374 331 1020
3 331 225 1020
3 374 225 1020
3 374 331 225
3 331 1020 1172
3 374 1172 1020
3 374 331 1172
3 1144 331 1020
3 1144 1020 1172
3 331 1144 1172
3 832 331 1020
3 832 331 1144
3 1164 331 225
3 225 1164 1020
3 331 1020 1164
3 225 7 331
3 331 7 1164
3 348 331 889
3 331 7 889
3 7 348 331
3 331 1066 889
3 348 331 1066
3 772 517 371
3 704 371 772
3 517 371 704
3 704 517 772
3 371 772 1098
3 517 1098 772
3 371 772 1012
3 933 371 772
3 933 772 1012
3 371 933 1012
3 704 371 1012
3 704 1012 772
3 772 207 909
3 316 207 772
3 772 316 909
3 772 922 909
3 772 207 922
3 1175 100 704
3 100 704 1164
3 100 1175 1164
3 1164 704 1175
3 319 100 704
3 319 100 1175
3 219 100 1047
3 276 100 1047
3 219 100 276
3 1047 933 100
3 219 100 933
3 202 757 808
3 1169 202 757
3 1169 202 808
3 808 757 1169
3 879 202 757
3 202 879 808
3 808 757 879
3 757 314 202
3 314 202 1169
3 1169 314 757
3 757 100 704
3 1164 704 757
3 757 100 1164
3 757 631 879
3 631 202 879
3 631 202 757
3 202 757 1063
3 314 1063 757
3 478 237 1082
3 237 38 478
3 237 38 1082
3 237 1082 405
3 1082 405 478
3 237 478 405
3 237 60 1082
3 237 99 1082
3 99 60 1082
3 237 60 99
3 1082 405 60
3 237 60 405
3 283 237 99
3 99 283 1082
3 237 1082 283
3 237 99 969
3 969 237 283
3 230 1152 237
3 230 969 237
3 1152 237 969
3 602 230 237
3 602 237 1152
3 140 77 1174
3 77 38 1174
3 140 77 38
3 140 38 1174
3 77 1174 627
3 140 77 627
3 1174 627 140
3 478 77 38
3 77 1174 478
3 38 478 1174
3 77 38 897
3 897 77 478
3 703 77 1174
3 77 703 627
3 1174 627 703
3 77 12 703
3 77 12 1174
3 1155 77 408
3 408 387 77
3 387 77 1155
3 897 77 408
3 1155 77 897
3 1004 603 1055
3 603 176 1055
3 603 176 1004
3 1055 346 603
3 603 75 1055
3 1055 346 75
3 346 75 603
3 1055 346 1004
3 1004 346 603
3 428 630 603
3 428 169 603
3 630 603 169
3 603 373 428
3 373 630 603
3 718 442 730
3 718 350 442
3 718 350 730
3 730 307 718
3 730 307 442
3 442 307 718
3 718 285 730
3 730 307 285
3 307 285 718
3 718 559 730
3 718 285 559
3 559 285 730
3 718 640 804
3 640 356 804
3 718 640 356
3 718 356 804
3 718 556 804
3 556 718 640
3 804 567 585
3 567 585 914
3 567 804 914
3 804 585 914
3 640 567 585
3 640 567 804
3 643 567 1011
3 567 643 585
3 567 585 1011
3 1011 585 643
3 643 238 567
3 567 238 1011
3 567 350 442
3 889 442 567
3 567 350 889
3 567 238 442
3 567 350 238
3 567 379 585
3 567 379 643
3 643 379 585
3 567 379 914
3 379 914 585
3 914 45 980
3 172 45 980
3 172 45 914
3 45 980 804
3 45 914 804
3 980 804 914
3 321 45 696
3 980 321 45
3 45 980 696
3 321 696 980
3 335 321 45
3 335 45 696
3 903 45 427
3 335 45 427
3 903 45 335
3 878 427 903
3 878 45 903
3 45 878 427
3 427 361 903
3 427 279 361
3 903 279 427
3 903 279 361
3 878 427 361
3 878 361 903
3 279 361 951
3 279 427 951
3 427 361 951
3 361 326 594
3 878 361 594
3 361 326 878
3 361 980 594
3 361 326 980
3 279 904 361
3 279 361 649
3 649 361 904
3 983 206 465
3 206 465 1049
3 983 206 1049
3 1049 465 983
3 465 412 206
3 206 465 1117
3 412 1117 465
3 412 206 983
3 983 412 465
3 465 16 1127
3 1127 1011 465
3 465 16 1011
3 465 172 1127
3 172 16 465
3 615 295 954
3 954 135 295
3 615 135 954
3 615 135 295
3 295 954 904
3 904 295 615
3 295 279 361
3 295 951 361
3 295 279 951
3 904 295 361
3 295 279 904
3 135 295 1149
3 580 135 295
3 580 135 1149
3 1149 295 580
3 135 954 1149
3 954 295 1149
3 135 842 295
3 135 295 738
3 738 295 842
3 580 135 842
3 295 842 580
3 41 771 1010
3 1010 771 696
3 41 696 1010
3 81 809 1186
3 149 81 809
3 149 1186 809
3 149 81 1186
3 875 81 809
3 875 809 1186
3 81 875 1186
3 595 758 809
3 613 595 758
3 809 758 613
3 595 613 809
3 488 58 1186
3 58 1186 606
3 58 488 606
3 488 1186 606
3 307 58 488
3 307 58 1186
3 288 58 505
3 1186 505 58
3 58 1186 288
3 1186 288 505
3 676 58 288
3 676 505 58
3 1035 58 995
3 676 58 995
3 1035 58 676
3 718 254 559
3 254 559 356
3 559 356 718
3 254 718 356
3 730 254 559
3 730 254 718
3 663 254 559
3 559 356 663
3 663 254 356
3 254 58 1186
3 505 254 1186
3 254 58 505
3 1186 606 254
3 254 58 606
3 576 392 178
3 392 178 875
3 392 875 576
3 178 576 875
3 292 178 392
3 392 292 576
3 809 392 875
3 392 81 875
3 392 81 809
3 392 875 613
3 875 613 809
3 392 809 613
3 392 46 875
3 178 46 875
3 392 46 178
3 875 613 46
3 392 46 613
3 245 1113 392
3 245 131 392
3 1113 392 131
3 245 292 392
3 292 1113 392
3 1197 165 618
3 1141 618 1197
3 1197 165 1141
3 1141 165 618
3 618 8 1197
3 1197 165 8
3 165 8 618
3 618 269 1197
3 269 8 1197
3 618 8 269
3 1021 618 269
3 269 1021 1197
3 618 1197 1021
3 618 269 827
3 827 618 1021
3 467 964 773
3 1099 773 964
3 467 773 1099
3 467 773 990
3 1091 467 773
3 1091 467 990
3 990 773 1091
3 634 467 773
3 467 634 990
3 990 773 634
3 964 467 1091
3 773 964 1091
3 1040 773 634
3 1040 467 634
3 1040 467 773
3 773 114 1040
3 634 114 773
3 145 1081 211
3 145 116 1081
3 211 116 1081
3 211 116 145
3 645 145 211
3 211 1081 645
3 645 145 1081
3 145 211 759
3 759 211 645
3 645 145 759
3 234 145 211
3 234 211 759
3 145 234 759
3 234 211 913
3 913 145 211
3 913 145 234
3 424 234 913
3 424 211 913
3 424 234 211
3 1028 211 483
3 424 211 483
3 1028 211 424
3 1042 694 774
3 774 574 1042
3 1042 574 694
3 1042 483 1028
3 574 483 1042
3 1042 574 1028
3 211 1042 483
3 1028 211 1042
3 852 184 857
3 857 231 852
3 231 184 852
3 857 231 184
3 852 694 857
3 852 184 694
3 694 184 857
3 694 852 774
3 857 774 852
3 694 774 857
3 694 145 852
3 852 145 774
3 116 1081 852
3 421 116 852
3 1081 852 421
3 116 145 852
3 145 1081 852
3 902 779 937
3 937 140 779
3 902 140 937
3 902 140 779
3 937 482 779
3 779 482 902
3 779 680 140
3 720 140 779
3 680 140 720
3 720 680 779
3 140 779 934
3 680 934 779
3 140 779 561
3 140 937 561
3 779 561 937
3 720 140 561
3 720 561 779
3 370 894 779
3 370 482 779
3 482 894 779
3 703 370 779
3 894 779 703
3 1017 785 302
3 571 302 1017
3 785 571 1017
3 571 302 785
3 1017 432 785
3 302 1017 432
3 1017 553 657
3 657 302 1017
3 553 302 1017
3 553 302 657
3 1017 657 1034
3 553 1017 1034
3 297 675 1017
3 1001 297 1017
3 1017 675 1001
3 297 1034 1017
3 1017 675 1034
3 860 360 900
3 1097 860 900
3 1097 860 360
3 1097 360 900
3 900 423 860
3 360 423 900
3 243 900 781
3 860 243 900
3 860 781 900
3 243 781 860
3 243 148 900
3 900 148 781
3 130 736 900
3 130 148 900
3 900 736 148
3 441 130 900
3 441 900 736
3 900 98 860
3 900 98 243
3 243 98 860
3 98 1097 860
3 900 98 1097
3 236 98 695
3 708 236 98
3 236 695 708
3 98 708 695
3 243 236 98
3 243 98 695
3 899 98 708
3 899 236 708
3 236 98 899
3 98 708 1143
3 1143 708 899
3 899 98 1143
3 912 98 708
3 912 708 1143
3 98 912 1143
3 708 414 912
3 414 98 912
3 414 98 708
3 828 460 819
3 828 460 846
3 819 846 828
3 1081 819 828
3 828 460 1081
3 828 669 759
3 759 362 828
3 828 669 362
3 669 362 759
3 759 629 828
3 629 828 669
3 669 629 759
3 759 1029 828
3 828 407 759
3 828 407 1029
3 1029 362 828
3 759 362 1029
3 690 104 669
3 104 755 669
3 690 104 755
3 669 755 690
3 104 669 547
3 690 104 547
3 669 547 690
3 697 104 755
3 104 669 697
3 697 669 755
3 104 755 336
3 336 104 697
3 838 104 873
3 336 104 873
3 838 104 336
3 104 1029 873
3 838 104 1029
3 526 915 629
3 526 333 915
3 915 629 333
3 526 333 629
3 669 526 915
3 915 629 669
3 526 669 629
3 915 104 669
3 526 104 915
3 526 104 669
3 669 547 915
3 104 915 547
3 526 108 915
3 333 108 915
3 108 526 333
3 526 915 1128
3 108 1128 915
3 353 586 915
3 600 353 915
3 915 586 600
3 353 547 915
3 915 586 547
3 910 232 10
3 670 232 910
3 232 10 670
3 858 232 1118
3 670 232 1118
3 858 232 670
3 1143 462 584
3 462 584 912
3 912 584 1143
3 462 1143 912
3 601 462 1143
3 601 462 584
3 598 462 584
3 462 829 584
3 584 829 598
3 598 462 829
3 912 584 598
3 598 462 912
3 829 462 1008
3 1008 584 829
3 462 584 1008
3 829 304 462
3 462 304 1008
3 437 746 462
3 462 304 437
3 304 746 462
3 885 437 462
3 746 462 885
3 137 76 438
3 137 76 26
3 137 26 438
3 438 433 137
3 137 76 433
3 595 137 1141
3 137 1141 1184
3 595 1184 1141
3 595 137 1184
3 1141 399 137
3 399 137 595
3 595 399 1141
3 1197 137 1141
3 618 137 1141
3 618 137 1197
3 1184 1141 1197
3 137 1197 1184
3 399 1196 997
3 1005 399 1196
3 399 1005 997
3 1196 997 1005
3 399 26 1196
3 399 26 997
3 1196 997 26
3 399 137 1196
3 399 26 137
3 137 26 1196
3 1196 59 1005
3 399 59 1005
3 399 59 1196
3 213 925 1196
3 968 213 1196
3 1196 925 968
3 399 1196 1141
3 137 1141 1196
3 221 106 871
3 221 81 871
3 106 81 871
3 81 221 106
3 221 871 1064
3 221 106 1064
3 106 1064 871
3 809 221 81
3 81 809 871
3 221 871 809
3 149 81 221
3 221 149 809
3 995 221 1035
3 221 149 1035
3 149 995 221
3 221 58 1035
3 995 221 58
3 1148 65 766
3 1148 508 766
3 508 65 1148
3 655 150 535
3 655 535 1135
3 1135 150 535
3 1135 150 655
3 150 535 578
3 150 655 578
3 578 535 655
3 655 134 1135
3 535 134 1135
3 655 134 535
3 1135 266 655
3 1135 266 134
3 266 134 655
3 165 659 655
3 267 165 655
3 659 655 267
3 165 578 655
3 578 659 655
3 655 293 1135
3 1135 266 293
3 293 266 655
3 655 328 1135
3 293 328 655
3 524 51 1108
3 524 214 1108
3 524 51 214
3 214 51 1108
3 524 1108 749
3 925 524 1108
3 524 925 749
3 1108 749 925
3 524 51 749
3 1108 749 51
3 214 705 1108
3 524 1108 705
3 1108 213 925
3 524 213 925
3 524 213 1108
3 1108 925 1196
3 213 1108 1196
3 59 1005 1108
3 375 59 1005
3 375 1108 1005
3 375 59 1108
3 59 1196 1108
3 1108 1005 1196
3 617 71 1142
3 617 59 1142
3 71 59 1142
3 59 617 71
3 617 1142 996
3 1142 996 71
3 617 71 996
3 801 617 1142
3 801 1142 996
3 617 801 996
3 1005 617 59
3 59 1005 1142
3 617 1142 1005
3 375 59 617
3 617 375 1005
3 617 541 1142
3 617 541 801
3 617 519 1061
3 617 524 1061
3 617 519 524
3 617 375 1061
3 617 519 375
3 139 1072 551
3 1096 139 1072
3 139 1096 551
3 1072 551 1096
3 705 139 1072
3 705 139 551
3 705 551 1072
3 1072 749 1096
3 749 139 1096
3 749 139 1072
3 1096 754 1072
3 749 1072 754
3 1072 963 139
3 139 1072 931
3 1072 931 963
3 705 139 963
3 963 705 1072
3 368 382 1072
3 700 368 1072
3 1072 382 700
3 368 754 1072
3 754 382 1072
3 286 944 947
3 947 944 256
3 947 256 286
3 859 947 944
3 859 286 947
3 63 1132 947
3 947 55 63
3 947 55 1132
3 1014 391 30
3 391 647 1014
3 30 1014 647
3 64 30 1014
3 64 30 391
3 391 64 1014
3 30 1014 1133
3 64 30 1133
3 64 1133 1014
3 871 30 1014
3 30 871 1133
3 1133 1014 871
3 1014 221 871
3 221 30 871
3 221 30 1014
3 1014 871 1064
3 221 1014 1064
3 375 968 1014
3 978 375 1014
3 1014 968 978
3 375 1064 1014
3 1014 968 1064
3 724 614 329
3 329 724 1114
3 614 1114 724
3 364 329 724
3 614 364 724
3 364 329 614
3 724 397 956
3 956 329 724
3 397 329 724
3 397 329 956
3 956 683 724
3 397 724 683
3 724 142 918
3 724 683 918
3 683 142 724
3 142 918 1187
3 724 142 1187
3 724 1187 918
3 939 244 765
3 939 244 1187
3 1187 244 765
3 765 329 244
3 329 244 939
3 244 142 918
3 244 918 837
3 837 142 244
3 837 142 918
3 1187 918 244
3 142 244 1187
3 278 244 837
3 699 244 837
3 699 244 278
3 988 565 420
3 565 420 906
3 565 906 988
3 420 988 906
3 420 287 988
3 988 188 420
3 287 188 988
3 420 287 188
3 565 287 988
3 420 287 565
3 1077 420 988
3 420 355 988
3 420 355 1077
3 988 188 1077
3 1077 188 420
3 588 411 747
3 411 94 588
3 411 94 747
3 747 78 411
3 747 78 588
3 588 78 411
3 420 411 747
3 420 78 747
3 78 420 411
3 521 97 1115
3 825 521 97
3 97 825 1115
3 521 1115 825
3 620 521 1115
3 620 521 97
3 620 97 1115
3 1115 320 521
3 589 521 1115
3 589 320 521
3 1115 320 589
3 320 620 521
3 620 320 1115
3 1115 209 589
3 521 209 589
3 521 209 1115
3 417 402 1146
3 402 191 1146
3 417 191 1146
3 417 402 191
3 1146 76 402
3 417 76 1146
3 76 417 402
3 1024 402 1146
3 1146 76 1024
3 1024 76 402
3 821 402 191
3 191 821 1146
3 402 1146 821
3 402 191 599
3 599 402 821
3 402 88 1146
3 402 88 1024
3 632 402 403
3 599 402 403
3 632 402 599
3 402 322 403
3 632 402 322
3 711 545 851
3 545 711 591
3 851 591 711
3 545 591 851
3 711 521 545
3 545 521 851
3 805 545 591
3 591 711 805
3 711 545 805
3 545 591 924
3 805 545 924
3 924 591 805
3 545 97 825
3 825 702 545
3 545 97 702
3 545 521 825
3 521 97 545
3 854 9 933
3 854 591 933
3 591 9 933
3 854 9 591
3 933 316 854
3 933 316 9
3 316 9 854
3 854 772 933
3 933 316 772
3 772 316 854
3 854 371 772
3 854 371 933
3 854 545 591
3 933 545 591
3 933 545 854
3 854 591 924
3 545 854 924
3 1020 23 815
3 815 554 23
3 1020 554 815
3 554 23 1020
3 23 815 1102
3 1102 815 1020
3 1020 23 1102
3 1066 23 815
3 1066 815 1102
3 23 1066 1102
3 787 23 815
3 787 23 1066
3 554 23 1065
3 554 1065 815
3 23 815 1065
3 23 554 223
3 223 23 1065
3 23 9 922
3 223 23 922
3 23 9 223
3 23 995 922
3 23 9 995
3 560 187 472
3 187 713 472
3 472 713 560
3 560 187 713
3 187 472 723
3 723 472 560
3 560 187 723
3 604 187 713
3 604 472 713
3 187 472 604
3 1159 713 187
3 1159 187 604
3 833 187 472
3 723 472 833
3 187 833 723
3 484 187 472
3 484 187 833
3 984 187 372
3 1159 187 372
3 984 187 1159
3 372 284 187
3 284 187 984
3 970 750 203
3 203 970 1030
3 750 1030 970
3 892 203 970
3 750 203 892
3 892 750 970
3 203 970 475
3 1153 203 970
3 970 475 1153
3 203 1153 475
3 892 203 475
3 892 475 970
3 970 518 1153
3 518 203 970
3 518 203 1153
3 970 413 518
3 1153 413 970
3 284 384 970
3 284 413 970
3 413 384 970
3 359 869 540
3 616 359 869
3 359 540 616
3 616 540 869
3 869 359 949
3 540 869 949
3 869 284 384
3 384 949 869
3 869 284 949
3 970 384 869
3 869 284 970
3 616 869 742
3 616 70 869
3 616 70 742
3 869 742 70
3 742 359 616
3 359 869 742
3 616 332 869
3 616 869 1151
3 332 1151 869
3 616 70 332
3 332 70 869
3 123 70 972
3 123 972 514
3 514 70 972
3 514 70 123
3 974 972 123
3 70 123 974
3 123 18 561
3 974 123 561
3 123 18 974
3 123 568 561
3 123 18 568
3 431 123 514
3 123 514 540
3 431 540 514
3 431 123 540
3 972 431 514
3 431 123 972
3 123 74 514
3 1122 123 514
3 74 1122 123
3 540 514 74
3 540 74 123
3 449 597 1170
3 917 449 597
3 917 449 1170
3 1170 597 917
3 966 449 597
3 449 966 1170
3 966 597 1170
3 449 840 597
3 449 597 965
3 965 597 840
3 840 449 917
3 597 840 917
3 966 597 1031
3 1031 449 966
3 1031 449 597
3 966 218 597
3 597 218 1031
3 597 270 799
3 597 1182 799
3 597 270 1182
3 597 218 799
3 597 270 218
3 474 41 525
3 525 180 474
3 41 525 180
3 180 41 474
3 771 525 41
3 41 771 474
3 771 474 525
3 474 229 525
3 474 979 525
3 979 229 525
3 474 229 979
3 229 180 525
3 474 229 180
3 474 13 979
3 525 13 979
3 525 13 474
3 13 979 1130
3 13 474 1130
3 1130 979 474
3 193 1079 474
3 193 1130 474
3 1079 474 1130
3 210 193 1079
3 210 193 474
3 1079 474 210
3 510 68 886
3 684 510 68
3 684 68 886
3 404 338 1097
3 274 404 338
3 338 274 1097
3 404 1097 411
3 404 338 411
3 1097 411 338
3 459 1139 747
3 921 459 1139
3 459 921 747
3 1139 747 921
3 459 274 1139
3 459 274 747
3 1139 747 274
3 459 338 1139
3 459 274 338
3 338 274 1139
3 1139 183 921
3 459 183 921
3 459 183 1139
3 956 921 1139
3 183 1139 956
3 329 724 1139
3 329 956 1139
3 956 724 1139
3 364 329 1139
3 364 1139 724
3 1068 173 105
3 105 1068 1086
3 173 1086 1068
3 105 1068 986
3 709 105 1068
3 105 709 986
3 709 1068 986
3 908 105 1068
3 908 105 986
3 1068 986 908
3 173 105 908
3 908 173 1068
3 1068 323 709
3 323 105 709
3 323 105 1068
3 709 518 1068
3 323 1068 518
3 1068 93 967
3 967 811 1068
3 1068 93 811
3 1068 518 967
3 518 93 1068
3 226 168 1156
3 168 95 1156
3 226 95 1156
3 226 168 95
3 168 1156 173
3 226 173 1156
3 226 168 173
3 908 168 1156
3 1156 173 908
3 168 908 173
3 168 36 1156
3 168 36 908
3 688 168 95
3 95 688 1156
3 168 1156 688
3 168 95 1071
3 1071 168 688
3 1161 168 627
3 627 186 168
3 186 168 1161
3 1071 168 627
3 1161 168 1071
3 962 372 1043
3 962 1043 984
3 372 984 1043
3 1043 484 833
3 1043 344 833
3 1043 484 344
3 833 385 1043
3 385 1043 484
3 395 181 569
3 867 395 181
3 395 569 867
3 181 867 569
3 181 395 372
3 372 181 569
3 962 181 1043
3 372 181 1043
3 962 181 372
3 1043 410 962
3 410 181 962
3 1043 410 181
3 181 157 867
3 395 157 867
3 181 157 395
3 181 867 739
3 867 739 157
3 181 157 739
3 797 181 867
3 867 739 797
3 181 797 739
3 600 448 690
3 410 600 448
3 448 410 690
3 600 690 867
3 600 448 867
3 448 867 690
3 962 448 1043
3 448 1043 592
3 962 592 1043
3 448 592 962
3 1043 410 448
3 448 410 962
3 448 344 592
3 448 592 480
3 592 480 344
3 448 344 480
3 1043 344 592
3 448 344 1043
3 1118 448 592
3 858 592 1118
3 858 448 1118
3 858 448 592
3 592 480 1118
3 448 1118 480
3 531 839 827
3 629 531 839
3 531 827 629
3 827 629 839
3 576 531 839
3 839 576 827
3 609 650 839
3 839 576 609
3 839 650 576
3 609 108 839
3 108 839 650
3 839 116 629
3 531 116 629
3 839 116 531
3 846 629 839
3 116 846 629
3 839 116 846
3 839 828 629
3 629 839 759
3 839 759 828
3 828 629 846
3 846 828 839
3 426 278 699
3 426 699 608
3 608 278 426
3 608 278 699
3 1132 699 426
3 278 426 1132
3 426 63 947
3 1132 426 947
3 426 63 1132
3 63 947 537
3 426 63 537
3 947 537 426
3 426 281 608
3 919 608 281
3 281 919 426
3 919 426 608
3 608 44 426
3 281 44 426
3 608 44 281
3 320 281 930
3 930 751 281
3 320 281 751
3 281 44 930
3 44 320 281
3 647 281 919
3 391 281 919
3 391 281 647
3 281 22 919
3 608 22 919
3 281 22 608
3 877 523 751
3 751 674 877
3 674 523 751
3 877 523 674
3 845 751 877
3 523 845 751
3 845 523 877
3 751 204 877
3 845 751 204
3 845 204 877
3 877 377 674
3 751 377 674
3 751 377 877
3 699 674 877
3 377 877 699
3 751 877 898
3 204 898 877
3 877 426 608
3 608 44 877
3 44 877 426
3 608 699 877
3 699 426 877
3 159 788 501
3 501 124 159
3 501 124 788
3 907 159 501
3 788 159 907
3 501 788 907
3 159 501 502
3 249 159 501
3 159 249 502
3 502 501 249
3 907 159 502
3 502 501 907
3 555 501 249
3 555 159 249
3 555 159 501
3 501 249 657
3 657 501 555
3 302 1017 501
3 571 302 501
3 571 501 1017
3 302 657 501
3 1017 501 657
3 811 390 144
3 390 144 1058
3 144 811 1058
3 390 1058 811
3 297 144 390
3 390 297 811
3 390 216 1058
3 216 144 1058
3 144 390 216
3 390 1058 1153
3 216 1153 1058
3 390 216 1153
3 783 390 881
3 390 132 881
3 783 390 132
3 390 297 881
3 297 783 390
3 475 390 1058
3 1153 1058 475
3 390 475 1153
3 390 280 1058
3 390 280 475
3 924 170 1172
3 170 40 1172
3 170 40 924
3 170 1172 854
3 1172 854 924
3 170 924 854
3 276 170 1172
3 170 100 1172
3 276 100 1172
3 276 170 100
3 1172 854 276
3 276 170 854
3 704 170 100
3 100 704 1172
3 170 1172 704
3 170 100 757
3 757 170 704
3 879 170 631
3 631 225 170
3 225 170 879
3 757 170 631
3 879 170 757
3 92 80 1140
3 80 1140 1082
3 1140 1082 92
3 92 80 1082
3 1140 602 80
3 602 92 1140
3 92 80 602
3 602 80 868
3 602 868 1140
3 80 1140 868
3 80 602 162
3 162 80 868
3 1052 80 1140
3 1052 1140 1082
3 80 1052 1082
3 387 80 1140
3 387 80 1052
3 516 80 666
3 666 661 80
3 516 80 661
3 162 80 666
3 516 80 162
3 373 330 800
3 330 800 1183
3 373 1183 800
3 373 330 1183
3 800 603 330
3 603 373 800
3 373 330 603
3 802 330 800
3 831 330 800
3 831 330 802
3 603 330 1055
3 603 1055 800
3 330 800 1055
3 603 75 330
3 330 75 1055
3 802 800 1183
3 330 802 1183
3 347 330 436
3 330 75 436
3 75 347 330
3 330 884 436
3 347 330 884
3 272 379 774
3 409 272 379
3 409 379 774
3 272 409 774
3 866 272 379
3 272 1116 379
3 379 1116 866
3 866 272 1116
3 774 379 866
3 866 272 774
3 272 231 1116
3 379 231 1116
3 379 231 272
3 272 1116 321
3 231 272 321
3 272 45 980
3 980 804 272
3 272 45 804
3 321 272 980
3 272 45 321
3 356 367 696
3 383 356 367
3 383 356 696
3 696 367 383
3 1010 356 367
3 696 367 1010
3 356 1010 696
3 356 640 367
3 383 356 640
3 367 640 383
3 356 367 804
3 804 367 640
3 367 304 942
3 746 367 942
3 367 304 746
3 826 41 771
3 826 525 771
3 525 41 826
3 1010 771 826
3 826 41 1010
3 383 231 826
3 383 826 1116
3 231 1116 826
3 418 367 1010
3 418 356 1010
3 418 356 367
3 715 418 1010
3 418 193 1010
3 715 418 193
3 715 193 1010
3 418 1010 746
3 715 418 746
3 1010 746 715
3 746 367 418
3 367 1010 746
3 1079 418 193
3 193 1079 1010
3 418 1010 1079
3 210 193 418
3 418 210 1079
3 210 114 823
3 773 210 823
3 773 114 823
3 773 210 114
3 823 48 1038
3 1038 210 823
3 210 48 823
3 210 48 1038
3 1038 529 823
3 48 823 529
3 823 13 979
3 823 1130 979
3 823 13 1130
3 823 529 979
3 529 13 823
3 46 1125 1146
3 1176 46 1125
3 46 1176 1146
3 1146 1125 1176
3 689 46 1125
3 689 46 1146
3 689 1146 1125
3 1125 322 46
3 46 1125 1084
3 322 1084 1125
3 322 46 689
3 689 322 1125
3 1125 174 1176
3 174 46 1176
3 174 46 1125
3 1176 752 1125
3 174 1125 752
3 1125 595 758
3 1125 752 758
3 752 595 1125
3 809 758 1125
3 1125 595 809
3 505 503 715
3 503 715 1048
3 505 1048 715
3 505 503 1048
3 503 254 715
3 505 254 715
3 505 503 254
3 790 503 715
3 790 715 1048
3 503 790 1048
3 503 128 790
3 503 128 715
3 559 503 254
3 254 559 715
3 503 715 559
3 503 254 663
3 663 503 559
3 304 942 503
3 304 663 503
3 942 503 663
3 367 304 503
3 942 503 367
3 613 855 618
3 827 613 855
3 613 827 618
3 855 618 827
3 613 49 855
3 613 49 618
3 855 618 49
3 855 758 613
3 613 49 758
3 758 49 855
3 855 531 827
3 613 531 827
3 613 531 855
3 855 827 1128
3 531 855 1128
3 855 595 613
3 855 595 758
3 322 1084 855
3 322 1128 855
3 1084 855 1128
3 322 178 855
3 1084 855 178
3 267 32 1195
3 267 1195 920
3 32 920 1195
3 467 267 1195
3 467 267 32
3 467 32 1195
3 267 1195 1038
3 467 267 1038
3 1195 1038 467
3 1195 150 535
3 1195 308 535
3 308 150 1195
3 578 535 1195
3 1195 150 578
3 626 340 1042
3 626 91 1042
3 340 91 1042
3 91 626 340
3 1042 409 626
3 1042 409 340
3 409 340 626
3 774 626 1042
3 1042 409 774
3 774 409 626
3 694 626 1042
3 694 626 774
3 983 626 91
3 91 983 1042
3 626 1042 983
3 283 91 626
3 626 283 983
3 234 913 626
3 234 283 626
3 283 913 626
3 424 234 626
3 913 626 424
3 1111 764 5
3 720 5 764
3 5 1111 720
3 1111 720 764
3 53 5 764
3 764 53 1111
3 720 764 767
3 767 5 720
3 767 764 5
3 1166 720 764
3 767 764 1166
3 1166 720 767
3 764 762 862
3 764 53 862
3 764 762 53
3 764 937 862
3 764 762 937
3 994 477 542
3 477 542 500
3 994 477 500
3 542 500 994
3 209 589 477
3 342 209 589
3 589 477 342
3 342 209 477
3 589 477 1115
3 209 1115 477
3 414 912 625
3 912 625 708
3 414 708 625
3 423 414 625
3 912 625 423
3 411 205 747
3 420 411 205
3 420 205 747
3 205 411 369
3 205 369 747
3 747 369 411
3 565 205 906
3 205 1177 906
3 565 205 1177
3 420 205 906
3 565 205 420
3 848 600 690
3 690 232 848
3 600 232 690
3 600 232 848
3 848 690 867
3 600 848 867
3 232 848 755
3 232 690 755
3 690 848 755
3 641 232 848
3 641 232 755
3 848 755 641
3 232 10 848
3 641 232 10
3 641 10 848
3 232 848 910
3 10 910 848
3 1000 185 1051
3 458 185 1051
3 458 185 1000
3 185 1051 509
3 1051 509 1000
3 185 1000 509
3 185 69 1051
3 1051 509 69
3 185 69 509
3 1118 185 858
3 592 185 858
3 1118 185 592
3 858 232 185
3 232 185 1118
3 691 457 1148
3 457 85 1148
3 691 457 85
3 691 85 1148
3 457 309 887
3 457 309 24
3 457 24 887
3 309 887 882
3 457 309 882
3 887 882 457
3 537 841 725
3 537 197 725
3 841 197 725
3 537 197 841
3 841 537 994
3 994 725 841
3 537 725 994
3 841 22 994
3 994 608 841
3 608 22 841
3 22 994 608
3 22 994 768
3 22 768 841
3 841 768 994
3 147 992 732
3 647 147 992
3 992 647 732
3 281 919 992
3 22 992 919
3 281 22 992
3 992 919 647
3 281 647 992
3 342 693 928
3 851 342 693
3 342 851 928
3 851 693 928
3 573 342 693
3 573 342 928
3 573 928 693
3 342 932 693
3 573 342 932
3 932 573 693
3 625 342 932
3 693 625 932
3 342 693 625
3 711 693 851
3 711 342 851
3 711 342 693
3 851 543 693
3 693 543 711
3 68 582 760
3 887 68 582
3 68 887 760
3 760 582 887
3 819 68 582
3 819 68 760
3 760 582 819
3 582 510 68
3 510 68 819
3 819 510 582
3 510 886 582
3 68 582 886
3 582 309 887
3 309 68 887
3 309 68 582
3 582 887 882
3 309 582 882
3 65 766 582
3 65 882 582
3 766 582 882
3 1148 65 582
3 766 582 1148
3 1073 404 1097
3 1097 411 1073
3 404 1073 411
3 1073 205 369
3 411 205 1073
3 369 411 1073
3 499 338 701
3 701 459 338
3 459 338 499
3 499 459 701
3 338 701 1114
3 499 338 1114
3 499 1114 701
3 459 1139 701
3 338 701 1139
3 205 369 701
3 960 205 369
3 701 369 960
3 205 960 701
3 1073 205 701
3 701 369 1073
3 867 612 797
3 612 181 867
3 612 181 797
3 612 797 848
3 848 797 867
3 612 867 848
3 612 592 797
3 592 848 797
3 612 592 848
3 612 185 797
3 592 185 797
3 185 612 592
3 1051 612 185
3 185 1051 797
3 612 797 1051
3 185 69 612
3 612 69 1051
3 431 511 612
3 880 431 612
3 612 511 880
3 612 69 431
3 612 511 69
3 653 446 739
3 653 453 739
3 453 446 739
3 653 446 453
3 653 739 838
3 446 838 739
3 653 446 838
3 653 296 453
3 739 296 453
3 739 296 653
3 583 453 653
3 296 653 583
3 653 152 739
3 838 739 152
3 838 152 653
3 677 653 739
3 152 677 653
3 653 246 742
3 653 395 742
3 653 246 395
3 653 583 742
3 583 246 653
3 1094 44 544
3 544 171 1094
3 171 44 1094
3 171 44 544
3 803 544 1094
3 44 1094 803
3 1094 687 795
3 795 209 1094
3 209 1094 687
3 795 803 1094
3 803 687 1094
3 171 1094 856
3 278 171 1094
3 1094 856 278
3 278 171 856
3 544 1094 856
3 171 544 856
3 651 377 856
3 674 651 856
3 377 674 651
3 651 856 831
3 377 856 831
3 831 377 651
3 651 317 856
3 651 450 856
3 450 317 856
3 651 317 450
3 856 831 317
3 651 317 831
3 651 373 450
3 856 373 450
3 856 373 651
3 373 651 918
3 651 450 918
3 651 244 837
3 918 651 837
3 651 244 918
3 546 383 826
3 546 231 826
3 546 383 231
3 852 546 857
3 546 857 691
3 852 691 857
3 546 691 852
3 546 231 852
3 857 231 546
3 806 546 691
3 691 857 806
3 806 546 857
3 546 691 1092
3 1092 691 806
3 806 546 1092
3 1040 546 691
3 1040 691 1092
3 546 1040 1092
3 634 546 1040
3 634 546 691
3 114 1157 525
3 826 114 1157
3 114 826 525
3 1157 525 826
3 418 114 1157
3 418 114 525
3 1157 525 418
3 1157 210 114
3 114 1157 823
3 210 823 1157
3 210 114 418
3 418 210 1157
3 457 1148 1157
3 691 457 1157
3 691 1157 1148
3 1157 383 826
3 383 114 826
3 383 114 1157
3 85 923 308
3 1195 85 923
3 85 1195 308
3 923 308 1195
3 85 24 923
3 85 24 308
3 923 308 24
3 923 457 85
3 85 923 1148
3 457 1148 923
3 923 267 1195
3 267 85 1195
3 267 85 923
3 923 1195 1038
3 267 923 1038
3 85 24 457
3 457 24 923
3 210 823 923
3 210 1038 923
3 923 823 1038
3 773 210 923
3 773 923 823
3 961 172 409
3 643 409 961
3 172 643 409
3 643 172 961
3 465 409 961
3 465 172 409
3 961 172 465
3 409 379 961
3 643 409 379
3 643 379 961
3 961 206 465
3 409 206 465
3 409 206 961
3 961 465 1049
3 206 961 1049
3 961 272 409
3 961 272 379
3 685 1149 961
3 685 91 961
3 1149 961 91
3 685 1049 961
3 1149 961 1049
3 720 953 764
3 720 447 953
3 764 447 720
3 764 447 953
3 953 720 1166
3 764 953 1166
3 21 810 953
3 21 1166 953
3 953 810 1166
3 294 21 953
3 294 953 810
3 447 953 680
3 447 18 953
3 447 18 680
3 953 680 18
3 447 720 680
3 953 680 720
3 953 948 447
3 447 953 490
3 953 490 948
3 447 18 948
3 948 18 953
3 477 1018 542
3 994 477 1018
3 542 1018 994
3 1018 22 768
3 1018 22 365
3 768 365 1018
3 994 22 1018
3 768 994 1018
3 611 477 542
3 542 500 611
3 477 611 500
3 256 129 992
3 992 947 129
3 947 256 992
3 256 129 947
3 129 992 605
3 992 605 256
3 256 129 605
3 147 129 992
3 147 992 605
3 129 147 605
3 732 129 147
3 732 129 992
3 129 63 947
3 992 63 947
3 992 63 129
3 129 947 537
3 63 129 537
3 841 129 994
3 537 129 994
3 841 129 537
3 994 608 129
3 608 129 841
3 1097 469 1073
3 469 404 1073
3 469 404 1097
3 1073 360 469
3 1073 360 1097
3 1097 360 469
3 708 469 1073
3 1073 625 469
3 708 625 1073
3 625 469 708
3 708 360 1073
3 360 708 469
3 625 469 932
3 625 932 1073
3 469 1073 932
3 625 542 932
3 542 469 932
3 469 625 542
3 611 542 817
3 817 477 542
3 817 477 611
3 611 817 960
3 701 611 817
3 960 817 701
3 611 701 960
3 611 469 817
3 469 960 817
3 611 469 960
3 542 469 817
3 611 469 542
3 817 338 701
3 611 338 817
3 611 338 701
3 817 701 1114
3 338 817 1114
3 537 725 817
3 537 1114 817
3 817 725 1114
3 537 197 817
3 197 817 725
3 369 15 1171
3 1171 171 15
3 171 15 369
3 369 171 1171
3 15 1171 572
3 1171 572 369
3 369 15 572
3 1177 15 1171
3 78 15 1171
3 78 15 1177
3 1171 572 1177
3 15 1177 572
3 171 15 1094
3 15 1171 1094
3 171 1094 1171
3 278 171 15
3 278 15 1094
3 837 15 244
3 278 15 244
3 837 15 278
3 15 651 244
3 651 15 837
3 644 457 1148
3 1148 184 644
3 457 184 1148
3 457 184 644
3 1157 1148 644
3 457 644 1157
3 184 644 508
3 184 1148 508
3 644 508 1148
3 184 68 644
3 184 68 508
3 644 508 68
3 383 826 644
3 546 383 644
3 826 644 546
3 383 1157 644
3 826 644 1157
3 184 684 644
3 184 68 684
3 684 68 644
3 184 644 1019
3 1019 644 684
3 693 394 1018
3 1018 543 394
3 693 543 1018
3 543 394 693
3 394 1018 1115
3 693 1115 1018
3 693 394 1115
3 477 394 1018
3 1115 1018 477
3 394 477 1115
3 542 394 1018
3 542 394 477
3 543 394 702
3 543 702 1018
3 394 1018 702
3 543 6 394
3 394 6 702
3 786 394 885
3 394 1032 885
3 786 394 1032
3 394 6 885
3 6 786 394
3 642 633 960
3 633 209 960
3 642 209 960
3 642 633 209
3 960 171 633
3 642 171 960
3 171 642 633
3 209 633 589
3 209 589 960
3 960 589 633
3 342 209 633
3 633 342 589
3 633 369 960
3 960 171 369
3 369 171 633
3 633 205 960
3 633 205 369
3 625 932 633
3 625 542 633
3 932 633 542
3 633 342 625
3 342 932 633
3 658 500 959
3 658 365 959
3 658 365 500
3 841 658 959
3 658 197 959
3 841 197 959
3 841 658 197
3 959 611 658
3 841 611 959
3 611 841 658
3 500 959 611
3 611 500 658
3 197 658 499
3 197 499 959
3 959 499 658
3 658 197 941
3 499 658 941
3 658 251 515
3 515 941 658
3 658 251 941
3 515 271 658
3 658 251 271
4 198 208 1093 548
3 686 198 548
3 198 686 208
4 974 637 745 1026
3 637 70 745
3 637 70 974
4 490 948 934 351
3 351 490 637
3 948 637 490
4 639 353 665 166
3 621 166 665
3 353 665 621
3 166 791 665
3 791 166 639
3 639 8 946
3 639 8 166
4 639 946 821 166
4 250 789 638 88
3 789 352 638
3 352 250 789
3 250 227 789
3 88 250 227
3 520 393 849
4 520 849 593 337
3 337 520 393
4 282 337 520 671
3 282 710 337
3 710 282 671
3 282 96 337
3 337 96 520
3 315 222 1037
4 337 222 315 96
4 895 593 849 476
3 593 198 849
3 593 198 895
3 895 101 931
4 931 345 481 101
3 101 895 481
4 90 298 993 798
3 476 90 798
3 90 476 298
3 798 593 895
4 710 895 798 282
3 476 895 798
3 935 728 388
3 352 277 255
4 277 388 728 255
4 388 935 731 127
3 127 388 728
3 388 132 935
3 935 132 731
4 428 1015 1168 4
3 1167 4 1168
3 1015 1168 1167
3 1111 61 5
4 456 495 1111 5
3 61 5 456
3 683 534 1167
4 61 683 534 5
4 913 868 969 34
3 283 34 913
3 969 283 34
3 257 242 998
3 714 532 836
4 257 532 836 242
3 714 2 706
3 344 1106 422
4 1106 706 714 344
4 864 357 664 311
3 311 998 664
3 998 311 864
4 836 719 791 443
3 719 791 1192
3 1192 443 791
3 443 422 791
3 443 422 836
4 1080 1008 326 594
3 326 818 594
3 818 326 1008
3 498 298 993
3 498 90 298
4 607 498 991 261
3 498 991 993
3 993 261 991
4 511 431 540 74
3 514 431 511
3 74 511 514
4 511 570 1122 74
3 570 1122 646
3 646 74 1122
3 431 844 511
3 844 431 540
3 934 948 989
3 989 490 948
4 290 977 860 189
3 290 287 977
3 189 290 287
3 928 594 1080
3 928 326 594
3 1168 673 4
3 673 4 428
3 641 311 664
3 357 664 641
4 136 154 1134 430
3 997 430 1134
3 154 1134 997
4 438 946 821 191
3 821 444 946
3 444 191 821
3 191 1100 821
3 1100 191 438
4 191 621 665 1100
3 981 689 200
4 403 1090 981 200
3 689 200 403
3 277 200 1013
4 277 388 517 200
3 517 388 1098
3 707 671 39
4 710 550 707 39
3 671 39 710
3 482 169 853
4 39 169 482 671
4 8 76 560 639
3 76 560 438
3 280 261 607
3 991 280 261
4 729 485 515 1079
3 1130 485 729
3 1130 729 1079
3 485 303 729
3 485 303 515
4 437 729 1079 193
3 1079 128 729
3 193 128 1079
3 532 27 864
4 27 166 791 864
3 996 654 993
3 154 494 196
4 494 993 996 154
4 182 476 895 753
3 931 476 895
3 931 182 476
3 476 208 182
3 208 182 753
4 208 520 393 182
3 798 678 393
3 654 182 993
4 182 393 678 654
3 519 324 1061
4 30 107 1061 519
3 1061 324 107
4 1090 31 522 981
3 1090 380 31
3 380 31 522
4 200 517 1189 689
3 522 517 1189
3 981 1090 1098
3 1098 31 1090
3 558 276 54
4 219 722 558 54
3 276 54 219
4 66 111 245 1113
3 245 31 1113
3 245 31 111
3 638 71 789
4 638 728 1078 789
3 638 71 728
4 748 479 1013 277
3 735 277 1013
3 479 1013 735
3 277 200 748
3 883 456 1166
3 767 1166 883
4 456 1166 767 5
3 527 354 1093
4 217 527 354 619
3 548 217 619
4 1093 527 622 208
3 527 354 622
3 753 527 1093
3 208 1093 753
4 1082 283 712 989
3 712 99 283
3 1082 60 989
5 230 682 948 989 1082
4 446 948 682 336
4 682 336 34 230
4 712 989 948 446
5 34 283 712 446 336
4 34 230 1082 283
4 810 21 230 1067
3 916 21 810
3 916 810 1067
3 336 34 577
3 336 34 407
4 407 891 577 336
4 228 927 778 121
3 1185 121 778
3 1185 778 927
4 242 549 706 1119
3 1182 242 549
3 1182 549 706
3 242 692 549
3 692 242 1119
4 113 1154 13 82
3 82 113 455
3 1154 455 113
3 529 1154 13
3 529 113 1154
3 1006 378 896
3 1062 601 1143
4 1006 1143 1062 896
3 716 73 761
4 716 998 311 73
4 695 1165 896 378
3 1006 896 1165
3 926 378 695
3 378 926 896
4 468 893 1089 1039
3 1136 468 893
3 1136 893 1089
3 893 824 468
3 824 468 1039
3 778 468 121
3 468 121 228
4 408 1168 1015 61
3 1085 61 1015
3 1085 1015 1168
3 352 493 638
3 991 352 493
3 298 993 996
3 71 996 789
3 498 493 991
5 352 991 993 996 789
3 298 71 996
5 493 638 71 298 498
4 493 731 935 352
3 731 638 493
4 255 352 493 604
3 991 255 352
3 1013 493 731
3 604 261 713
4 713 1013 731 261
3 1013 731 935
3 277 255 604
4 604 713 734 255
3 713 261 734
3 1001 590 671
4 671 590 1037 282
3 282 671 1001
3 415 39 707
3 345 1107 470
4 345 415 707 1107
4 793 415 534 938
3 415 534 550
3 938 550 534
3 707 415 550
3 680 974 934
3 351 60 668
4 668 974 680 60
4 680 934 948 18
3 18 680 974
3 934 447 948
3 680 447 934
4 958 122 177 25
3 398 122 177
3 958 398 122
3 557 122 958
3 25 958 557
4 66 958 557 7
3 1181 66 7
3 1107 538 317
4 377 831 317 1107
3 538 317 831
4 798 393 881 90
3 678 393 881
3 90 798 432
3 845 432 541
3 101 931 523
3 541 90 432
3 541 523 845
3 845 101 523
5 101 895 798 432 845
5 476 90 541 523 931
3 432 393 798
4 736 648 769 151
3 151 148 769
3 151 148 736
3 986 637 974
3 986 974 1026
3 351 52 745
4 358 637 745 52
3 745 351 637
3 158 552 553
4 158 222 1034 552
3 1034 553 552
4 861 558 722 306
3 717 306 722
3 558 722 717
3 306 805 722
3 805 306 861
3 861 305 1075
4 276 1075 305 54
3 1112 558 722
3 1112 54 558
4 57 306 805 1047
3 219 57 1047
3 319 177 398
4 1175 319 398 202
3 319 177 1175
4 291 1028 667 190
3 952 190 291
3 190 952 667
4 291 733 712 190
3 712 733 807
3 807 291 733
4 958 1151 1121 25
3 1053 25 1121
3 1121 1053 1151
3 153 25 958
3 1121 153 25
4 112 1129 688 79
3 688 1129 1117
3 1117 112 1129
3 424 190 667
3 667 424 1028
3 1190 300 75
4 346 1004 1190 75
3 300 75 346
3 1004 201 673
3 1155 387 1052
4 1004 1052 1155 673
3 1015 201 61
3 201 61 408
3 412 79 1083
4 112 206 1083 79
3 206 1083 412
4 964 1091 990 120
3 990 467 120
3 467 120 964
3 1184 120 990
3 1184 990 1091
4 664 761 822 357
3 822 257 761
3 357 257 822
3 822 760 357
3 760 357 664
4 67 363 1138 1135
3 920 363 1138
3 920 67 363
4 165 1141 1100 8
3 67 8 165
3 1100 67 8
3 945 483 1028
4 506 667 1028 483
3 945 1028 667
4 495 956 512 155
3 512 397 956
3 579 495 155
3 847 2 870
4 2 50 270 847
3 1182 270 50
4 117 449 870 847
3 847 2 117
3 847 840 870
3 449 870 840
3 1137 451 110
4 843 1016 1137 110
3 451 110 843
3 831 39 317
3 802 39 831
4 317 450 802 831
3 707 373 1183
4 373 450 802 1183
3 373 707 450
3 662 189 188
3 189 188 287
4 287 565 662 188
3 360 290 977
3 977 360 860
3 256 89 1076
4 256 729 1130 1076
4 587 1038 964 273
3 964 48 1038
3 982 587 273
4 587 1038 1130 1076
3 1076 381 587
3 1038 239 1130
4 354 619 248 1180
3 248 619 312
3 354 1180 686
3 461 812 570
4 844 461 812 431
4 570 870 1180 248
3 870 28 1180
3 461 248 570
3 1106 461 117
3 646 385 844
4 117 385 844 461
4 847 376 1106 117
3 461 117 847
4 2 706 549 858
3 670 2 858
3 706 670 2
3 549 706 714
3 865 534 938
4 938 1187 792 865
3 1187 125 792
3 793 938 865
3 1079 727 193
3 727 193 437
3 1197 8 1100
3 1197 1100 1141
3 1138 273 982
4 1096 982 1138 700
3 1096 84 700
3 430 84 136
3 430 84 1134
4 840 917 1170 0
3 449 0 840
3 1170 449 0
3 1060 0 1170
3 917 1170 1060
3 1093 334 698
4 698 1060 1170 1093
5 8 639 719 293 67
3 293 67 1135
3 719 293 1192
3 293 1192 1135
5 165 166 791 1192 1135
3 719 639 791
3 8 165 166
3 67 1135 165
4 293 1134 997 67
4 560 639 719 1131
5 997 76 560 1131 1134
4 719 1131 1134 293
4 67 997 76 8
3 363 293 67
4 293 328 1060 1192
3 917 328 1060
3 917 293 328
3 293 719 328
3 328 136 430
4 430 363 1138 136
3 1138 328 136
4 298 396 654 993
3 654 182 396
3 473 139 551
4 473 605 749 139
3 749 605 1096
4 313 1076 944 286
3 987 286 944
3 987 944 1076
3 777 146 1104
3 354 125 686
4 686 777 1104 125
4 938 1187 956 495
5 28 865 938 495 155
4 155 512 167 28
4 28 167 792 865
5 167 792 1187 956 512
4 167 435 354 146
3 167 792 435
3 146 167 792
4 167 905 1104 146
3 146 72 1104
3 146 72 167
3 354 435 622
3 622 167 435
3 1104 777 905
4 1101 72 512 1003
3 1054 72 1101
3 1003 1054 1101
3 439 138 1003
4 434 1101 1003 138
3 1003 439 1101
3 1101 299 72
3 299 72 512
3 1165 160 941
4 439 941 1165 1003
3 286 160 944
3 286 160 313
3 1003 364 138
3 364 138 434
4 268 299 956 397
3 299 956 512
4 290 736 87 287
3 87 736 441
3 288 64 1133
3 676 288 64
4 64 676 871 1133
3 898 107 1061
4 107 770 919 1061
3 107 898 770
3 1199 200 981
4 1050 1199 981 1159
3 1159 83 1050
3 1090 814 1199
3 1090 66 814
4 66 814 1199 1113
3 1199 981 1090
3 940 154 26
3 154 26 997
4 26 940 1005 997
4 255 728 1145 1024
3 1145 638 728
3 255 88 1024
4 1024 1145 1189 689
3 1189 227 1145
3 1024 380 689
5 200 277 255 1024 689
5 517 1189 1145 728 388
3 324 33 1095
3 227 106 1145
4 324 106 227 33
3 1145 728 1078
3 604 943 713
3 560 472 444
4 472 604 943 444
4 250 943 1024 88
3 1024 255 943
3 940 88 250
3 1024 940 88
3 604 943 255
4 247 940 1005 59
3 1005 196 59
3 196 59 247
3 789 247 996
4 59 71 996 247
4 154 996 789 26
3 250 59 1005
3 1005 250 940
3 127 33 1078
3 502 1009 863
4 127 502 1009 1078
4 401 1009 825 324
3 401 107 324
3 401 107 1009
3 1188 401 1009
3 825 1009 1188
4 124 728 1078 33
3 1078 127 728
4 332 1151 1121 246
3 1151 52 1121
3 332 52 1151
4 413 735 93 616
3 413 332 735
3 413 332 616
3 518 413 735
3 93 518 735
3 981 212 1098
3 212 1098 319
5 398 212 981 1199 122
3 122 177 814
3 1199 122 814
3 398 212 319
5 177 319 1098 1090 814
3 212 981 479
4 212 479 1013 1098
4 141 212 1098 517
3 517 319 1098
3 748 413 1159
4 212 413 1159 981
3 935 212 479
3 935 479 1013
4 332 398 212 413
3 398 212 1053
3 141 517 388
4 19 536 1167 683
3 1167 397 536
3 683 397 1167
3 495 938 536
3 956 19 1187
4 495 536 1167 1111
3 938 495 1111
3 1015 495 536
3 1015 536 1167
3 19 683 534
4 1166 1015 536 883
3 1136 536 268
4 397 579 1136 268
3 536 268 397
4 570 870 840 263
5 840 527 354 1180 870
5 263 570 248 619 217
4 263 840 527 217
3 263 570 376
4 1106 646 263 376
3 570 263 646
4 646 844 235 263
3 1030 646 263
3 646 1030 844
3 480 376 1106
3 480 263 376
3 385 844 235
4 99 283 807 1158
3 712 283 807
3 983 99 1158
3 99 983 283
4 92 897 1052 1082
3 1140 897 1052
3 1140 92 897
3 478 92 1082
3 92 21 230
3 21 230 682
3 934 478 989
3 447 682 948
3 478 989 1082
3 92 1082 230
5 478 92 21 447 934
3 447 21 682
3 897 478 92
3 810 92 21
3 1155 456 408
4 456 21 92 408
3 880 682 1057
4 810 1057 880 767
3 810 294 767
3 1057 42 891
4 916 891 1057 810
3 1057 948 682
3 446 336 737
3 42 969 891
4 42 755 1029 969
3 755 407 1029
3 1152 682 230
4 21 42 1152 230
4 1152 577 891 42
3 577 891 1057
3 969 42 1152
3 756 230 1152
3 756 1152 42
4 454 489 998 257
3 257 242 454
3 1193 257 998
3 489 998 1193
3 664 460 819
3 425 27 1103
4 1103 664 819 425
3 236 229 695
4 229 598 708 695
3 899 708 598
3 695 229 378
4 378 601 236 695
4 601 1143 899 236
3 899 1143 1062
3 1022 34 969
3 645 1029 830
4 1029 969 1022 645
3 868 969 1022
3 645 73 760
3 760 645 819
4 510 819 760 73
4 681 648 769 258
3 1033 648 769
3 648 1033 681
3 976 648 681
3 258 681 976
4 335 681 976 130
5 229 681 976 781 695
4 681 335 598 229
5 130 335 598 708 860
4 860 781 976 130
4 695 708 860 781
3 736 335 130
3 180 229 681
3 1062 681 229
4 41 180 229 1062
5 180 378 926 1046 258
3 976 781 1046
3 781 926 1046
3 781 695 926
3 378 180 229
3 258 180 681
3 1046 258 976
4 1185 926 1046 778
3 1046 37 926
4 113 378 926 1185
5 455 763 778 1185 113
4 455 180 378 113
4 258 763 778 1046
4 258 763 455 180
4 148 976 1046 87
3 87 148 486
3 976 486 148
3 781 148 976
4 1160 781 926 37
3 118 113 1185
3 228 118 1160
4 37 121 228 1160
3 37 1160 118
4 194 240 666 971
3 516 240 666
3 1025 971 194
3 756 194 916
4 35 419 756 916
3 756 194 419
4 14 756 1152 897
4 240 194 756 14
5 897 1140 666 240 14
4 1152 897 1140 868
5 194 971 868 1152 756
4 1140 868 971 666
3 1067 897 14
4 1155 810 1067 14
3 897 14 1155
3 1166 14 1067
4 1067 1085 1015 1166
3 810 1067 1166
4 14 61 408 1155
3 61 408 456
3 397 183 268
3 397 183 956
3 1135 134 1192
4 266 293 1192 134
4 0 334 965 840
3 334 965 610
3 840 610 965
3 527 840 0
3 840 527 965
3 376 965 1106
3 965 117 1106
3 495 155 740
3 740 1111 495
3 1111 793 938
3 155 28 310
3 793 312 865
3 28 310 312
3 155 740 310
3 865 28 312
5 793 312 310 740 1111
4 155 579 1136 740
3 740 86 883
4 86 268 536 883
3 1089 155 579
3 1089 579 1136
3 740 5 1111
3 762 74 862
3 793 248 312
4 793 862 74 312
4 464 514 862 762
3 862 74 514
3 812 294 69
4 812 69 509 1000
3 294 69 509
3 740 310 883
4 294 740 310 69
3 74 69 1122
3 74 69 511
4 53 793 938 902
3 1111 53 793
4 125 792 939 1027
3 470 125 1027
3 792 470 125
3 415 19 1027
3 765 345 939
4 415 345 765 19
3 415 19 534
4 1027 415 534 125
3 1187 792 939
3 95 1169 688
4 95 412 1083 1169
4 665 532 586 353
3 443 353 586
3 586 443 532
3 353 1103 586
4 353 641 664 1103
3 1103 353 665
4 864 532 586 311
3 864 27 311
4 785 432 541 159
3 432 845 785
4 687 555 717 305
3 717 163 555
3 305 163 717
3 305 803 717
3 803 305 687
4 302 393 881 783
3 783 337 881
3 881 337 393
3 881 785 783
3 302 783 785
4 498 783 785 298
3 498 493 678
4 498 783 782 493
3 783 132 782
4 498 678 1058 991
4 744 1140 1120 161
3 1120 301 161
3 301 161 744
3 1120 1052 1140
3 1052 161 1120
3 156 151 366
3 156 151 738
4 156 366 1019 738
4 195 335 406 771
3 696 195 771
3 195 696 335
4 1062 195 771 41
3 195 771 648
3 648 41 771
3 598 195 335
3 598 335 406
3 41 899 771
3 899 41 1062
3 195 151 769
3 769 195 648
3 874 43 1169
3 1083 143 575
4 575 874 1169 1083
3 112 43 1129
3 112 43 79
4 126 349 491 1075
3 1109 126 349
3 1109 349 491
4 126 306 861 1075
3 861 20 306
3 861 20 1075
3 126 1075 305
3 126 471 349
3 471 126 1075
4 349 717 722 1109
4 305 436 795 687
3 687 126 795
3 687 126 305
4 40 471 851 711
3 1075 711 851
3 1075 851 471
4 109 497 1109 20
3 143 20 109
3 1109 143 20
4 109 874 451 20
3 843 109 874
3 451 874 843
3 874 306 109
3 306 109 20
4 62 109 306 57
5 306 109 631 1172 805
5 62 57 1047 704 202
4 62 109 631 202
4 1047 805 1172 704
4 202 631 1172 704
3 1112 62 57
4 388 721 562 127
3 782 127 562
3 782 562 721
3 562 141 127
3 141 127 388
3 1047 502 219
4 141 219 502 127
4 493 782 562 638
3 496 1112 552
4 220 496 1112 57
3 552 57 1112
3 722 496 1112
3 496 158 552
3 163 158 553
3 163 553 555
5 722 717 163 158 496
3 558 555 717
5 553 552 1112 558 555
3 722 451 496
4 451 496 1112 874
3 62 57 220
3 1016 496 158
4 552 1137 1016 158
3 1175 141 1012
4 935 1012 1175 479
3 704 1012 1175
4 517 704 1012 141
3 202 1175 314
3 319 314 1175
3 66 1113 787
3 787 245 1113
3 1105 712 901
4 712 901 668 733
3 668 901 1105
4 490 901 668 351
3 668 60 901
4 667 1105 901 424
3 712 446 901
3 712 446 733
3 351 737 668
3 737 351 490
3 190 291 416
3 416 25 557
5 557 958 955 952 190
3 296 153 955
3 296 291 952
3 557 190 416
3 296 952 955
5 296 153 25 416 291
3 153 955 958
3 416 25 1105
4 351 416 25 745
3 733 416 291
4 291 737 351 416
3 843 346 957
4 110 300 957 843
3 300 957 346
4 158 346 957 496
3 957 20 1109
4 722 1109 957 496
3 957 1109 497
3 264 575 497
4 264 497 1109 649
3 575 264 649
4 575 874 843 264
3 491 264 497
3 497 491 1109
3 1161 680 627
3 989 199 60
4 199 627 680 60
3 140 627 680
4 38 140 627 1161
4 38 478 989 1161
3 934 38 478
4 913 234 830 34
3 913 463 234
3 463 234 830
3 407 913 34
3 407 234 913
4 830 645 759 234
3 1029 645 759
3 744 188 888
4 75 188 744 300
4 348 820 945 238
3 1011 238 945
3 820 945 1011
3 238 7 945
3 238 7 348
4 190 238 7 557
3 557 190 890
4 492 952 190 238
3 492 238 506
3 406 321 878
4 41 321 878 899
3 977 427 903
4 903 427 135 130
3 130 903 977
4 903 151 736 130
3 335 130 903
4 279 903 977 56
3 951 279 56
3 151 736 738
3 738 130 736
4 56 264 649 904
3 264 649 615
3 649 615 904
3 628 904 652
3 575 374 143
4 374 628 904 143
4 16 279 628 652
3 279 628 904
4 207 909 1145 1095
3 207 978 909
3 978 207 1095
4 1095 324 401 207
3 324 316 1095
3 207 1095 316
3 1078 207 909
3 1078 909 1145
4 1078 1009 1188 909
3 324 33 401
3 89 251 239
3 941 89 251
3 1165 941 1006
3 1154 1165 896
3 896 13 1154
3 529 89 239
5 529 1154 1165 941 89
5 13 896 1006 251 239
3 239 13 529
3 1006 251 941
3 251 239 515
4 485 89 251 515
4 193 239 251 727
4 251 944 1076 89
3 1076 941 89
3 794 251 515
3 485 515 794
4 160 515 794 286
3 1076 256 944
3 1025 35 824
3 1036 419 775
4 1036 824 1025 775
3 149 488 452
3 1113 131 1110
4 488 1110 1113 149
4 149 452 875 1186
3 488 149 1186
4 595 758 1197 1184
3 1091 595 1184
3 595 1091 758
3 1141 595 758
3 1141 758 1197
3 512 167 660
4 72 270 660 512
3 72 512 167
3 1180 155 28
3 660 268 1136
3 579 1136 660
4 11 118 1160 893
3 927 893 11
3 218 11 1054
3 1185 138 118
4 11 118 138 218
3 512 218 660
4 138 218 660 364
3 660 218 270
3 799 435 1180
3 799 870 1180
3 622 0 527
5 622 435 799 449 0
3 1180 354 435
3 799 449 870
3 435 270 799
4 660 1180 799 270
4 799 1054 1101 435
4 310 799 1180 28
3 799 579 270
3 579 270 660
3 552 341 1034
4 110 341 1034 451
4 1037 315 341 590
3 315 222 341
3 853 315 1037
3 590 853 1037
3 1034 341 222
3 884 110 1137
3 1137 884 1016
3 142 630 683
3 1183 550 707
5 534 683 630 1183 550
3 373 142 630
5 373 142 19 415 707
3 373 630 1183
3 142 19 683
3 683 428 630
4 4 142 630 428
4 201 630 683 61
3 201 703 673
4 201 630 1183 703
3 630 169 1183
3 800 373 450
3 800 450 802
3 502 159 863
3 558 249 555
4 159 555 558 863
3 636 56 1074
4 636 360 977 56
3 1177 142 918
4 918 1167 1168 1177
3 1080 471 573
3 1080 573 928
4 471 573 928 851
3 381 1126 587
3 754 325 1178
4 381 754 1178 1126
3 1170 382 1178
5 430 84 382 1170 1060
3 328 1060 430
3 84 754 136
3 382 1178 754
3 1178 917 1170
5 136 754 1178 917 328
3 382 84 754
4 1178 777 368 382
3 368 905 382
3 905 368 777
3 1170 368 382
4 382 753 1093 1170
3 622 0 777
4 368 527 622 777
4 564 464 762 248
3 248 564 1122
3 1122 464 564
4 248 312 865 564
3 619 248 564
3 464 53 564
3 464 53 762
3 619 217 528
4 619 548 198 528
4 528 929 96 619
3 528 520 929
3 96 929 520
3 564 528 619
3 263 217 1030
3 217 528 1030
3 570 248 1122
5 528 1030 646 1122 564
3 929 564 528
3 548 849 198
3 548 849 619
4 1030 698 1069 217
3 698 1069 876
3 876 217 1069
4 334 698 1069 965
3 1093 698 1069
3 1069 198 208
4 208 520 929 1069
3 1069 263 217
3 698 376 334
3 376 334 965
3 1069 208 1093
4 277 384 1159 748
3 384 1159 413
3 284 713 384
4 713 1013 735 284
3 277 748 604
3 748 604 1159
4 623 1050 984 372
3 466 372 623
3 984 466 372
4 447 677 1057 682
3 677 1057 880
3 446 838 733
3 446 336 838
5 807 733 838 407 913
3 838 407 336
3 283 807 913
3 752 17 1184
4 399 595 1184 17
3 595 752 1184
4 106 324 1061 968
3 978 968 106
3 1143 303 727
4 959 584 727 303
3 584 727 1143
4 489 1192 1135 150
4 27 166 165 24
4 864 791 1192 489
5 150 24 27 864 489
4 150 1135 165 24
3 535 489 150
4 1193 262 455 150
3 308 262 1193
3 150 1193 308
3 262 82 1193
3 262 82 455
4 150 535 1056 1193
3 489 150 1193
3 659 166 165
3 27 24 1103
3 719 344 327
3 714 134 836
4 134 327 344 714
4 484 791 719 327
3 344 327 484
3 639 327 719
3 1131 444 560
4 154 196 1002 1134
3 494 154 1134
3 700 154 196
3 700 196 1002
3 396 247 1002
4 396 1002 196 654
3 196 1002 247
4 90 247 1002 476
3 698 175 876
3 175 876 654
5 396 175 698 1093 753
3 396 175 654
5 182 654 876 1069 208
3 182 753 396
3 175 698 494
4 175 494 1131 876
4 607 876 175 261
3 654 607 876
4 175 430 1060 698
3 610 430 1060
4 430 175 396 84
4 382 753 396 84
3 723 175 494
4 723 991 993 494
3 723 494 1131
3 396 175 1002
3 876 734 607
3 607 734 261
4 705 963 473 551
3 473 139 963
4 963 931 101 473
3 931 523 963
3 252 192 905
4 905 987 944 252
4 439 1104 905 192
3 905 252 1104
3 192 1101 905
3 1101 192 439
4 1101 435 622 192
4 622 192 325 0
5 325 1031 1054 1101 192
4 0 325 1031 449
4 799 1054 1031 449
3 325 192 1178
3 765 146 939
3 1132 252 563
4 1132 939 146 563
3 313 563 439
4 146 563 313 72
3 286 313 563
4 192 286 313 439
4 765 939 792 635
3 765 345 635
3 939 146 792
3 635 101 481
3 345 481 635
3 30 519 391
3 519 391 1061
3 732 485 147
4 147 732 1045 794
3 485 147 794
3 256 51 794
3 256 51 605
4 794 256 605 147
3 37 1070 926
3 1070 37 1160
3 434 313 743
4 138 160 743 434
3 160 743 313
4 743 1006 941 160
3 499 160 743
3 941 499 160
4 299 743 313 72
4 355 486 516 666
3 666 240 355
3 516 87 666
3 516 87 486
4 35 824 985 916
3 1025 824 985
3 240 14 985
3 35 1067 824
3 1067 35 916
3 287 161 1123
4 287 87 516 161
3 1133 128 790
4 485 790 1133 147
4 288 505 1048 790
3 715 288 790
3 288 715 505
3 790 437 746
4 485 790 746 303
3 990 288 505
3 990 505 1048
3 715 746 790
4 437 746 715 193
3 825 770 97
4 97 316 1095 770
4 1147 784 6 581
3 64 6 784
3 581 64 6
3 702 581 1147
3 702 6 581
3 1199 265 224
4 31 224 265 245
3 417 26 76
5 26 417 723 494 154
3 560 76 417
3 723 417 560
3 1131 560 723
3 494 1131 1134
3 26 997 76
3 417 26 943
4 417 943 1024 76
4 352 417 26 789
4 352 417 723 991
4 417 191 438 76
3 723 417 734
4 560 713 734 723
4 227 1145 909 174
3 227 106 174
4 227 380 1176 174
3 174 88 227
3 174 88 1176
3 522 174 1176
4 207 522 1176 978
3 380 1176 522
3 909 1145 1189
3 1147 676 223
4 1035 581 1147 223
3 676 223 1035
4 223 543 1032 676
3 784 543 1032
3 316 223 1188
4 543 223 316 97
3 543 97 702
3 1066 111 1198
4 814 1066 1198 1090
4 1 539 1065 554
3 832 554 1065
3 539 1065 832
3 581 1147 1065
3 1065 223 1147
3 801 124 726
4 541 801 726 432
3 541 124 801
4 71 726 801 996
3 726 298 71
3 1142 726 801
5 1142 726 33 324 1061
3 726 33 124
3 898 801 1142
3 33 124 401
3 898 1142 1061
5 107 898 801 124 401
3 1142 71 726
3 541 90 801
4 250 726 1142 1005
4 33 227 250 726
5 968 1005 250 227 106
4 1005 1142 1061 968
3 1078 726 33
3 780 273 51
3 273 51 749
4 749 925 780 51
3 780 732 1045
3 780 147 732
3 751 523 950
4 950 523 845 204
3 204 751 950
3 674 481 377
4 481 950 751 377
4 204 898 1142 950
3 898 705 204
3 705 204 950
3 950 473 551
4 635 551 950 481
3 950 541 523
3 801 204 898
3 950 551 705
4 1133 133 391 64
3 133 30 1133
3 133 30 391
3 64 1133 784
3 784 133 1133
3 1045 729 389
4 389 1045 732 128
3 729 389 128
4 256 729 389 51
4 273 964 389 51
5 51 273 587 1076 256
5 389 964 1038 1130 729
4 288 389 128 790
3 128 120 389
3 128 120 790
3 389 133 1045
3 1045 133 732
4 133 505 990 1045
3 964 389 1099
3 288 790 1133
3 750 607 1030
4 376 750 607 334
4 217 280 750 1030
3 280 750 607
3 750 528 1030
4 398 332 583 122
3 1151 583 332
4 122 583 1050 1199
5 332 583 1050 1159 413
3 1050 153 583
3 224 122 1199
3 246 332 583
4 811 1058 892 709
3 1058 216 892
3 709 144 811
3 323 315 709
4 709 323 400 36
3 36 709 315
3 1153 323 216
3 518 323 1153
4 144 216 1153 518
3 400 216 776
4 528 216 400 564
3 464 762 776
3 862 776 762
3 972 157 70
4 157 511 514 70
3 745 226 52
3 226 52 358
3 847 310 656
4 310 656 461 28
3 847 656 461
4 461 570 1122 656
3 812 461 656
4 579 656 847 270
3 656 312 310
4 74 312 310 69
4 405 478 989 60
3 199 60 405
3 1158 901 405
3 901 405 60
4 60 99 1158 405
4 91 405 901 424
3 424 91 807
4 883 812 1000 458
3 767 458 883
3 1000 767 458
4 155 458 883 740
3 883 86 458
3 656 458 1000
3 1000 656 812
4 579 656 1000 1089
3 1000 670 1051
3 1051 812 1000
3 2 858 117
5 847 2 670 1000 656
5 117 858 1051 812 461
3 670 1051 858
4 670 692 1036 1051
3 670 1000 692
3 1051 69 812
3 858 836 1118
4 692 1118 836 242
4 2 422 1118 858
3 1118 836 422
4 344 422 1118 480
3 592 344 422
3 592 422 1118
3 858 117 1118
3 1106 344 480
4 489 533 714 998
3 549 489 533
3 549 533 714
4 443 533 714 836
3 714 134 533
3 1056 533 266
4 262 533 266 82
3 489 864 533
3 864 489 998
3 443 836 532
4 266 1056 535 134
3 134 266 533
4 218 1054 672 50
3 1031 1054 672
3 1031 218 1054
4 596 672 1054 1185
3 1003 596 672
3 1003 672 1054
3 927 596 1185
3 596 927 672
3 218 11 50
3 1126 672 3
4 3 529 1154 672
4 386 596 1185 118
3 138 118 386
4 386 1165 896 118
3 386 37 1165
3 386 37 118
3 1154 386 1165
4 1003 1165 1154 672
3 1185 113 596
3 434 386 743
3 138 434 386
4 404 926 781 243
3 695 243 781
3 695 271 236
4 271 386 37 236
4 251 727 1143 1006
3 271 251 1006
3 271 236 601
3 727 500 303
3 500 303 959
4 383 640 321 696
3 696 231 383
3 321 231 696
4 156 510 508 151
3 1033 510 508
4 151 508 507 148
3 508 258 507
4 73 463 886 510
3 463 886 830
3 830 510 886
3 463 366 1022
4 886 971 1022 463
3 463 366 886
4 516 1025 973 486
3 985 486 973
3 985 973 1025
3 486 162 516
3 486 162 973
4 441 973 679 243
3 1046 973 679
3 243 87 441
3 1160 679 228
3 121 679 228
4 454 936 763 257
3 257 454 761
3 936 761 454
3 936 262 763
3 778 927 936
3 596 82 113
5 596 927 936 262 82
3 778 763 936
3 262 455 763
3 454 262 936
4 262 533 549 936
3 936 11 927
4 1182 927 936 549
4 162 513 510 156
5 151 156 162 486 148
4 486 999 507 148
4 162 513 999 486
5 510 513 999 507 508
3 886 513 510
3 162 156 971
4 716 761 822 513
3 716 73 513
3 775 761 822
3 775 716 761
3 73 510 513
3 1088 378 180
4 229 979 1088 180
3 979 896 13
4 13 979 1088 1154
4 239 381 1179 529
3 1179 48 381
3 529 48 1179
4 381 587 987 1179
3 1126 381 1179
3 529 89 1179
3 1076 587 987
3 819 664 760
4 887 760 819 460
3 240 14 29
3 29 1155 14
3 355 29 240
3 1120 355 666
3 897 1052 1155
5 29 1155 1052 1120 355
3 1140 666 1120
3 408 29 1155
4 4 29 1155 673
4 240 985 824 29
3 1039 240 985
3 985 1039 824
4 364 660 1136 921
3 921 299 364
4 1136 921 1160 893
5 11 893 1136 660 218
5 1160 921 364 138 118
3 1160 183 921
3 1192 179 134
3 610 327 1060
4 179 610 327 134
3 1056 3 1126
3 1178 179 917
4 917 1056 1126 1178
3 179 134 266
4 444 560 723 833
3 472 444 833
3 946 484 833
4 327 444 833 484
3 833 946 444
4 443 946 833 422
3 1131 334 260
4 334 607 734 260
3 334 260 610
3 260 610 327
3 484 260 327
5 484 260 334 376 480
5 327 344 1106 965 610
3 344 480 484
4 610 494 1131 260
4 260 328 1060 610
3 1134 260 1131
3 484 260 833
4 275 550 707 853
3 275 590 550
3 590 275 853
4 12 275 853 482
3 902 853 275
3 902 482 853
3 1183 275 550
3 12 482 169
3 793 275 53
3 275 53 902
3 1027 710 1041
4 39 470 1041 710
3 470 1041 1027
4 345 470 1041 481
3 593 470 1041
3 593 345 470
4 590 1041 1027 275
3 710 317 1041
3 39 710 317
4 101 317 710 895
3 1107 345 481
3 593 1041 849
3 1041 520 849
3 975 548 686
3 686 125 975
3 125 1027 975
5 125 686 198 593 470
5 849 1041 1027 975 548
3 865 548 975
4 312 686 975 865
4 435 975 686 354
4 464 548 975 53
3 865 28 975
3 975 415 1027
4 275 1027 975 53
3 1026 36 908
3 1026 908 986
4 709 986 908 36
4 1037 908 1026 776
4 370 853 1037 908
4 140 902 762 18
5 902 762 776 1037 853
4 18 762 776 1026
5 370 908 1026 18 140
4 370 853 902 140
3 1037 400 776
3 226 105 986
4 173 908 986 226
3 226 105 173
3 370 908 894
3 1137 370 894
4 1137 1162 1161 894
3 1161 186 1162
3 843 186 957
3 843 186 110
3 1023 668 1105
3 1023 1105 1129
3 688 199 1117
3 1117 405 199
3 1023 688 1129
5 60 668 1023 688 199
5 1117 1129 1105 901 405
3 668 358 1023
4 358 1023 1105 52
4 668 974 986 1023
4 557 1023 1105 416
3 1129 416 1105
3 358 1121 1023
3 557 112 890
4 112 358 1121 890
3 52 358 1121
3 202 62 314
3 808 202 62
4 62 808 1169 314
3 451 808 496
3 1034 220 1059
4 808 1059 1034 451
3 808 451 874
5 7 238 492 292 66
4 292 955 952 492
4 292 955 958 66
4 265 292 1110 650
3 492 292 1110
3 492 265 292
3 576 265 650
3 265 576 292
3 292 66 1113
3 814 292 66
3 569 583 1050
3 984 569 1050
3 616 246 332
3 1050 1159 984
3 984 384 1159
3 616 384 413
5 569 984 384 616 246
3 569 246 583
4 955 569 583 153
3 583 296 153
3 569 372 984
4 873 952 296 453
3 362 296 453
3 453 362 873
3 296 291 453
4 296 739 737 291
3 739 446 737
3 838 733 873
4 446 453 873 838
4 946 443 586 343
3 639 343 946
4 343 586 690 623
5 343 946 833 962 623
4 592 962 833 422
4 690 623 962 592
5 443 422 592 690 586
3 343 623 621
3 600 586 690
3 623 343 466
3 343 466 821
3 946 343 821
5 372 466 821 444 472
3 472 372 962
3 472 962 833
3 372 962 623
4 466 526 621 343
4 466 599 1084 343
3 466 821 599
3 1128 599 1084
3 1128 466 599
4 377 674 1007 1107
3 674 571 1007
3 571 377 674
3 845 101 1007
4 101 317 538 845
4 523 674 1007 845
3 481 377 1107
4 222 337 881 675
5 337 881 1058 892 96
4 96 315 709 892
5 222 315 709 811 675
4 811 1058 881 675
3 1001 675 222
4 220 1059 675 57
3 675 1059 1034
3 929 475 892
5 475 678 393 520 929
3 475 892 1058
3 678 475 1058
3 892 96 929
3 678 1058 881
3 929 280 475
4 280 475 892 750
4 475 876 1069 929
4 678 654 876 475
4 1153 475 892 216
3 280 203 750
3 280 203 475
3 498 475 678
3 162 156 741
3 156 738 741
5 87 516 741 738 736
3 736 87 148
3 516 741 162
4 741 1022 971 162
4 301 741 516 161
3 661 516 741
3 971 868 1022
3 868 162 971
3 861 40 924
4 573 861 924 1080
3 805 924 861
3 631 109 143
3 374 143 631
5 20 861 924 374 143
3 924 374 1172
3 1172 805 924
3 374 1172 631
4 711 805 924 40
4 832 594 1080 318
3 628 318 1080
3 628 1080 594
3 1080 539 318
3 539 318 832
3 711 318 851
3 40 711 318
3 1012 504 1047
3 1047 57 504
5 220 314 1175 1012 504
3 504 220 57
3 62 314 220
3 1047 704 1012
3 704 202 1175
3 504 1012 721
4 1047 562 721 504
4 219 1047 504 54
4 132 504 1012 935
4 144 220 504 132
4 144 220 314 93
4 93 314 1175 479
5 144 132 935 479 93
3 863 504 721
4 1112 721 863 558
3 562 721 863
3 1059 504 220
3 782 144 132
3 502 219 54
3 314 220 1063
3 144 93 811
4 62 105 1063 314
3 173 1063 105
3 314 173 1063
4 374 628 1080 924
3 374 924 530
4 245 815 1198 111
3 815 1198 1066
3 1198 452 111
3 452 111 245
4 43 143 631 879
3 631 79 879
3 43 879 79
3 631 109 879
4 43 1169 808 879
3 808 1169 874
4 530 879 1164 1020
3 1020 374 530
3 879 225 1164
3 890 177 1150
4 1150 1053 1121 890
4 177 1150 1181 122
3 1150 890 1181
4 1181 7 787 1150
3 1164 7 1181
3 1150 1181 1164
3 1150 814 177
3 787 225 1066
4 177 225 1066 814
3 66 7 787
3 602 99 868
4 99 234 463 602
4 463 602 661 366
3 661 602 741
3 1152 602 868
4 199 1071 1162 1117
3 1071 688 199
3 1194 199 1071
3 1194 1071 1162
3 38 1071 478
3 1071 38 1161
3 1162 300 813
4 300 813 1194 957
3 1162 813 1194
4 813 884 1137 1162
3 813 497 300
3 497 300 957
4 161 176 888 744
3 176 888 387
3 744 387 888
3 662 176 1004
4 1004 1052 1120 662
4 888 1190 1004 176
3 1004 662 1190
3 813 176 888
3 1004 813 176
3 161 744 188
4 201 673 1055 1174
3 1004 673 1055
3 703 201 1174
3 1004 1190 1055
3 1055 75 1190
4 16 79 566 643
3 1083 566 79
3 643 16 1011
4 566 643 889 1181
4 16 79 879 530
4 1020 1164 1181 889
5 566 79 879 1164 1181
5 16 530 1020 889 643
3 566 1181 820
3 643 348 889
4 566 820 945 890
3 1181 566 890
4 557 890 566 416
3 890 112 566
3 667 566 820
4 820 1129 1105 667
3 820 667 945
3 566 79 112
4 350 483 506 492
3 574 492 506
3 483 506 574
3 492 238 350
3 1110 350 492
3 7 787 348
3 238 348 350
3 292 1110 1113
5 350 348 787 1113 1110
3 421 350 442
4 442 945 1028 421
4 156 685 842 738
3 738 340 842
3 842 340 685
3 903 842 427
4 195 427 842 769
3 842 741 738
3 135 427 842
4 685 1149 580 842
3 685 661 1149
3 580 1149 661
3 685 135 1149
3 685 135 842
3 652 172 16
3 628 172 652
4 652 575 1127 16
3 575 1127 649
3 649 16 1127
4 143 575 1127 631
3 1083 575 1127
3 1127 530 16
3 530 16 652
4 491 951 954 497
3 954 56 951
4 497 954 744 300
4 75 188 189 487
4 189 487 491 951
5 75 487 491 497 300
5 744 188 189 951 954
3 744 615 954
3 1049 301 580
4 301 580 1149 954
3 1049 580 1149
4 539 818 942 1065
3 663 539 818
3 818 663 942
3 818 581 539
3 581 539 1065
3 356 321 640
3 696 356 321
3 285 215 1092
3 1092 285 806
4 857 806 1092 215
4 307 442 835 285
3 730 285 835
3 442 835 730
4 350 442 835 492
3 442 421 835
3 285 131 835
4 285 574 506 131
3 285 131 307
3 350 1110 442
4 559 285 307 488
3 307 806 488
3 285 307 806
3 697 357 755
3 419 42 775
4 419 357 755 42
3 755 357 641
4 755 697 10 641
3 697 336 577
3 697 577 891
3 1036 775 910
4 756 910 775 419
4 697 775 910 10
3 910 891 10
3 891 10 697
3 775 910 822
3 910 692 1036
3 454 1119 242
3 1119 1036 692
5 454 1119 1036 775 761
5 692 910 822 257 242
3 822 10 910
3 419 42 756
3 910 670 692
3 609 506 650
4 178 609 506 131
3 1110 178 131
4 48 982 920 32
3 920 381 32
3 381 32 48
4 48 1038 467 32
3 32 48 267
3 1038 267 48
3 1099 920 982
3 1099 32 920
3 467 1038 964
4 241 806 1092 1040
3 806 691 241
3 691 241 1040
3 1173 241 806
3 1173 806 1092
3 634 606 1040
4 467 1040 606 120
3 425 215 846
3 1173 269 49
4 49 215 846 269
3 665 269 1021
4 1021 1197 1100 665
4 659 1103 1021 269
3 1021 665 1103
4 165 659 269 8
4 103 241 1040 634
3 634 49 1040
3 634 49 103
3 1048 103 1091
4 634 990 1091 103
3 990 1091 1048
4 806 1048 1091 1173
3 241 606 1040
4 531 827 1173 425
3 1092 531 827
3 1092 827 1173
4 846 425 531 116
3 215 846 116
3 531 1021 827
3 425 531 1021
3 952 333 259
4 333 838 733 259
4 259 952 296 609
3 333 259 609
3 483 259 1028
4 483 807 733 259
4 259 265 650 609
3 259 609 506
3 955 259 952
3 483 259 506
3 1019 774 866
4 694 774 866 1116
3 1019 694 774
3 866 156 366
4 366 661 1149 866
3 866 366 1019
3 11 1044 50
5 50 270 579 1089 1044
3 893 11 1044
3 893 1089 1044
3 270 50 218
3 1044 50 1119
4 1119 1044 11 242
4 2 50 1044 670
4 1000 1089 1044 670
4 1044 778 927 11
3 1044 86 1089
3 1044 454 1119
4 121 454 1119 468
3 482 341 1163
4 482 671 1001 1163
4 341 1163 894 315
3 1163 482 894
3 341 36 315
3 341 36 1163
3 1163 158 1016
3 1163 1016 1137
4 5 534 550 937
3 902 5 937
4 1183 703 937 550
5 5 61 201 703 937
3 937 12 703
3 561 140 18
3 902 762 937
3 802 163 1191
4 553 800 1191 163
3 800 1191 802
3 538 249 571
4 571 802 1191 249
3 1191 687 795
3 249 620 555
4 620 795 1191 249
3 163 158 1191
3 436 795 1191
4 163 538 657 553
3 657 555 553
3 538 657 831
3 831 553 657
3 657 222 1001
4 1001 1163 1016 657
4 189 253 1074 290
3 189 951 253
3 951 189 290
3 423 189 253
3 423 253 1074
3 565 253 906
3 988 287 1123
4 906 988 1123 253
3 572 487 1124
4 687 572 1124 126
4 662 1124 906 565
3 906 253 1124
3 1124 636 1074
4 471 1074 1124 126
3 487 75 1124
3 565 1190 906
3 1190 565 662
3 573 928 636
3 636 102 928
4 932 573 928 102
3 428 78 4
3 428 78 630
4 630 1171 918 142
3 1177 918 1171
3 918 373 142
3 1168 94 1085
4 94 588 988 1085
3 94 1168 588
4 240 94 1085 29
3 1085 355 29
3 404 236 1097
4 37 236 1097 1070
3 573 164 636
3 636 56 164
5 164 573 1080 628 904
3 56 904 164
5 279 594 928 636 56
3 594 279 628
3 279 56 904
3 164 573 491
4 636 349 491 164
4 164 253 1074 636
4 20 164 573 861
4 143 904 164 20
3 487 164 491
3 349 491 487
3 649 164 904
3 253 1074 1124
5 605 749 850 987 944
4 368 850 987 905
4 944 252 473 605
5 139 473 252 905 368
4 368 850 749 139
3 749 850 273
3 587 273 850
3 51 605 749
3 587 850 987
3 256 605 944
4 84 273 850 754
3 754 749 850
4 850 920 982 273
3 754 136 850
4 32 136 754 381
3 920 982 1138
3 864 547 532
4 257 532 547 822
3 547 532 586
3 1050 599 83
4 83 395 410 599
3 410 395 623
3 745 246 742
4 742 246 332 70
3 70 742 745
4 153 742 745 25
5 737 739 742 745 351
4 296 739 742 153
3 742 616 246
3 152 737 739
4 737 446 838 152
3 490 152 737
3 157 152 739
3 157 70 742
3 157 739 742
5 157 152 490 637 70
4 152 677 1057 737
3 677 490 152
3 677 577 1057
3 577 152 677
3 157 152 816
3 880 511 509
4 157 511 509 152
4 739 797 816 157
3 829 102 1008
4 326 414 829 1008
3 829 102 414
4 102 318 539 829
3 878 829 1008
3 598 584 899
4 584 1008 878 899
3 326 1008 878
3 912 406 598
5 903 406 912 360 977
3 708 598 912
3 335 406 903
3 860 130 977
3 360 708 860
3 912 360 708
3 414 406 912
4 829 598 912 414
4 406 594 928 912
4 360 636 928 912
4 594 406 903 279
4 598 899 1143 912
3 360 912 423
3 899 584 1143
3 213 982 925
4 213 524 1096 982
3 749 524 1096
4 213 925 780 1099
3 982 213 1099
4 120 213 1099 964
3 964 17 1099
3 1099 17 213
3 1045 213 925
3 780 925 1045
4 925 1184 990 1045
3 389 964 120
4 196 433 399 59
4 196 433 1138 700
5 982 1138 433 399 213
4 524 213 399 59
5 196 700 1096 524 59
3 433 399 997
3 433 136 1138
3 433 76 997
3 363 1138 433
3 106 1064 174
4 81 106 1064 752
3 752 174 1064
4 375 752 1184 925
3 968 925 375
4 629 827 1092 1081
3 629 116 1081
4 285 574 1081 1092
5 506 609 629 1081 574
4 178 609 629 827
5 827 1092 285 131 178
3 1081 421 574
4 113 1126 1087 82
3 1179 82 1087
3 1179 1087 1126
4 1031 1087 1126 3
3 1126 1056 1087
3 1087 596 82
3 672 3 1031
3 1087 150 535
3 1087 535 1056
3 1021 578 269
3 578 269 659
5 748 403 1146 943 604
4 821 1146 943 444
4 466 403 748 372
4 403 466 821 1146
4 472 604 748 372
3 1024 689 1146
3 1146 943 1024
3 403 748 200
3 1146 403 689
3 1146 417 943
4 380 689 1146 1176
4 51 214 1096 749
3 524 1096 214
3 725 1132 1114
3 63 563 1132
3 499 1114 743
3 286 63 563
5 1132 563 313 743 1114
3 725 63 1132
5 286 63 725 499 160
3 725 499 1114
3 624 963 753
4 139 182 753 624
3 139 624 963
4 593 963 624 198
3 624 396 753
3 700 382 84
3 624 622 777
4 777 686 198 624
3 368 624 777
3 119 325 192
4 325 1178 382 119
4 325 587 987 119
3 850 119 987
3 119 3 325
5 119 439 1003 672 3
3 439 119 192
3 325 1031 3
3 119 3 987
4 119 89 529 3
4 89 119 439 941
3 313 119 439
3 563 473 252
3 605 944 859
3 859 214 705
4 1096 551 705 214
3 551 705 859
4 55 1132 725 837
3 278 55 837
3 1132 278 55
3 1114 55 1132
3 1104 834 252
5 777 624 963 834 1104
3 473 252 834
3 473 963 834
3 368 139 624
3 1104 635 834
4 834 635 765 252
4 470 834 1104 125
4 593 963 834 470
4 563 252 834 63
3 931 834 963
3 635 55 765
3 635 55 834
3 647 107 770
3 770 647 919
4 921 183 233 1070
3 1160 921 1070
4 233 1039 468 183
3 233 228 1039
3 1039 228 468
3 183 94 233
3 183 94 921
3 183 233 268
5 233 268 536 1015 1085
3 94 1085 233
5 183 94 1168 1167 397
3 1039 268 233
4 233 35 86 268
4 35 233 1085 1067
5 1067 35 86 883 1166
3 86 35 1089
3 233 29 1085
3 441 355 1077
4 666 1123 1077 355
3 1077 441 1123
4 441 973 985 1077
4 287 1123 1077 188
3 1123 988 1077
3 1077 94 588
4 1077 985 1039 588
3 355 1120 1077
3 287 161 188
3 1077 588 988
3 487 75 347
4 487 1124 906 347
3 349 347 487
5 346 957 1109 349 347
3 75 346 347
4 347 436 795 487
3 436 349 347
3 642 347 436
3 642 436 795
4 642 565 1190 436
4 163 347 349 717
4 163 347 346 158
3 1124 572 906
3 884 347 346
4 97 825 1009 930
3 770 97 930
3 907 97 825
3 907 825 1009
5 786 784 1133 790 746
3 304 6 786
5 304 6 64 288 715
3 304 786 746
3 715 304 746
3 6 784 786
4 500 786 746 303
4 500 786 784 22
4 147 1133 784 22
5 147 485 303 500 22
3 786 746 885
4 786 818 942 304
3 304 6 942
3 365 22 500
3 1032 786 784
3 829 786 885
4 581 885 829 539
3 818 942 1008
3 1008 304 942
4 429 814 1199 224
3 958 429 955
4 153 224 429 955
3 265 224 429
3 429 83 955
3 429 83 224
4 83 395 453 429
3 569 453 395
3 609 429 650
4 453 429 650 362
3 265 650 429
3 83 632 224
3 599 83 632
5 599 1128 650 429 83
3 599 1084 632
3 576 1128 650
5 576 1084 632 224 265
3 1084 576 1128
3 403 224 632
4 83 200 403 632
4 632 984 1050 83
4 632 380 31 224
3 403 748 632
4 591 851 1075 276
3 805 591 276
3 522 111 1189
3 922 207 9
4 9 111 522 207
3 9 316 223
4 316 1188 591 9
4 31 371 1189 522
3 517 1189 371
3 31 522 111
3 371 141 517
3 909 371 1189
5 127 141 371 909 1078
3 1012 371 141
4 9 111 452 1035
3 995 9 1035
4 64 995 554 6
3 995 554 1035
4 304 556 554 6
4 288 1186 995 64
4 559 715 288 1186
5 559 556 554 995 1186
4 559 715 304 556
3 1065 556 554
3 1 554 556
4 391 647 768 133
3 1032 391 647
3 1032 647 768
3 768 147 22
3 732 391 133
3 391 732 647
4 949 235 844 203
3 750 235 949
3 203 750 949
3 949 540 235
3 540 235 844
4 480 949 750 376
3 1037 776 911
4 400 776 911 323
3 911 464 776
5 53 275 590 911 464
3 911 590 1037
3 53 902 762
4 929 776 911 96
3 464 96 911
3 911 892 96
4 464 548 849 911
4 911 849 1041 590
3 400 216 323
3 590 911 671
3 816 359 540
4 540 616 246 816
4 431 972 359 540
3 431 540 816
4 742 359 972 70
4 226 568 972 52
3 1026 972 568
3 709 568 323
4 226 568 323 105
3 568 18 1026
3 568 323 400
3 1158 339 1049
4 1158 1071 1194 1049
4 412 983 1049 339
3 983 1158 1049
4 199 339 412 1117
3 412 405 1117
3 339 206 412
3 339 206 1049
3 615 339 954
4 685 339 615 135
3 86 115 458
3 86 35 115
3 35 916 115
5 115 916 810 767 458
3 810 767 1166
4 115 1036 692 86
3 1036 458 115
3 756 115 916
4 10 115 916 891
4 115 893 1089 86
3 1119 115 1036
4 824 1036 1119 468
4 927 1182 966 596
3 966 50 1182
4 82 266 966 596
5 266 533 549 1182 966
3 966 266 1031
4 3 179 966 1031
3 179 966 266
3 966 325 1031
4 179 917 1170 966
3 1070 588 274
3 588 274 747
4 747 921 1070 274
4 679 243 274 228
3 781 274 243
4 228 274 588 1039
5 1039 228 679 973 985
5 441 243 274 588 1077
3 274 243 404
4 271 386 434 197
3 271 197 1006
4 13 525 1062 896
4 239 193 525 13
5 727 1143 1062 525 193
3 525 229 1062
3 525 1062 41
3 769 684 1033
3 184 231 684
5 195 696 231 684 769
3 1033 184 684
3 771 383 696
5 184 1033 648 771 383
3 383 184 231
3 1019 769 684
4 1019 684 1033 366
4 340 684 769 842
3 366 1019 886
3 886 684 1019
3 1116 684 231
4 231 1116 694 184
4 507 258 681 65
3 65 507 508
3 1088 65 766
4 1033 766 1088 648
3 258 180 507
3 445 679 973
4 679 1046 976 445
3 507 445 999
5 824 468 121 445 1025
3 445 121 679
3 1025 445 973
3 679 258 1046
4 445 761 454 121
4 445 761 775 1025
3 445 121 999
3 445 194 1025
4 999 445 679 289
4 289 763 936 999
3 778 289 763
3 289 999 507
3 763 716 289
3 716 289 999
4 716 998 1193 289
3 766 289 65
4 289 1193 308 65
3 194 440 419
5 419 440 1022 969 42
3 971 194 440
3 1022 440 971
3 1152 868 969
3 440 419 513
4 440 513 716 194
4 1022 645 760 440
3 463 440 1022
4 357 419 440 760
5 755 1029 645 760 357
4 440 973 1025 194
3 999 440 513
3 999 513 716
3 882 455 872
4 455 872 766 262
3 766 872 882
4 979 1179 1087 872
3 872 13 979
4 1087 872 882 535
5 48 1179 1087 535 267
4 48 210 979 1179
4 85 267 535 882
5 210 979 872 882 85
4 267 85 210 48
4 507 872 766 65
3 1088 766 872
3 872 763 455
3 289 65 507
3 979 872 1088
3 27 309 311
3 27 24 309
5 311 309 308 1193 998
3 150 24 308
3 24 308 309
4 309 887 460 27
3 887 311 309
4 309 1021 1103 27
3 846 309 887
4 578 887 846 269
3 460 887 846
3 1103 425 1021
3 743 614 1114
4 459 499 1114 614
4 95 688 1129 1086
3 1169 95 1086
3 1086 358 173
4 112 358 173 43
3 358 173 226
4 1086 173 226 95
3 1023 95 688
3 1086 62 808
3 1086 808 1169
5 680 974 986 1156 627
3 908 370 1156
3 908 986 1156
3 140 18 680
3 370 140 627
3 1026 18 974
3 370 627 1156
4 1023 986 1156 688
4 199 627 1156 688
3 1156 226 986
4 370 894 1163 1156
3 1137 894 1163
4 47 186 843 264
5 412 47 264 575 1083
4 412 95 186 47
5 843 186 95 1169 874
3 1194 264 47
3 264 47 615
3 615 339 47
3 412 47 339
5 206 1127 649 615 339
3 1127 206 1083
4 615 813 1194 47
4 47 301 954 615
3 412 47 1117
3 186 95 1162
3 888 47 1194
3 813 1194 888
4 580 888 1194 1049
3 744 954 301
3 867 157 816
4 569 867 816 246
3 395 246 569
3 797 816 867
4 621 191 322 108
4 531 613 1197 1021
5 191 322 613 1197 1100
5 108 621 665 1021 531
4 108 322 613 531
3 343 108 621
3 322 191 1084
3 621 108 526
5 345 765 837 856 1107
3 377 856 1107
3 377 278 856
5 278 377 481 635 55
3 55 837 765
3 278 856 837
4 707 1107 856 373
3 856 317 1107
4 142 837 765 19
4 373 856 837 142
3 699 377 278
4 856 544 699 278
4 907 788 863 502
3 1009 502 907
4 124 788 863 33
3 788 401 124
3 863 159 788
3 562 124 788
3 788 562 863
4 71 788 562 638
4 298 785 788 71
5 783 785 788 562 782
3 788 432 785
3 159 785 788
4 320 589 803 620
3 620 44 320
3 620 44 803
3 521 320 930
4 320 930 97 620
3 97 930 521
3 589 544 209
4 209 521 930 544
4 249 555 717 796
3 620 249 796
3 796 54 907
4 54 305 803 907
3 907 54 502
4 249 502 907 796
3 930 796 320
3 796 320 620
4 107 320 796 401
4 297 675 1059 782
3 811 675 1059
3 811 297 675
3 721 297 782
5 302 297 721 863 159
3 302 297 783
3 302 159 785
3 297 782 783
3 297 721 675
4 297 552 1112 721
4 302 553 552 297
4 302 553 555 159
3 1151 967 1053
3 967 1053 1063
5 358 1121 1053 1063 173
5 226 52 1151 967 105
3 967 105 1063
4 735 1053 967 93
3 1151 93 967
4 398 1053 967 319
3 1063 398 1053
3 967 479 93
3 479 93 735
3 832 652 1144
4 318 530 1144 832
3 530 1144 652
4 326 652 1144 818
4 374 530 1144 1172
3 1020 530 1144
3 1144 1 1102
4 818 1144 1102 663
3 832 40 318
3 832 40 1144
3 1020 1102 1144
4 554 1020 1102 1
3 1020 815 331
4 815 1065 832 331
4 331 1020 1102 1066
3 815 331 1066
4 7 331 1066 787
3 1066 225 331
3 889 331 1020
3 1020 889 1102
3 787 348 1066
3 1198 371 772
4 1198 1090 1098 772
4 371 772 922 1189
3 1198 772 922
4 316 772 922 9
3 933 9 922
3 772 922 933
3 371 909 772
3 207 9 316
4 100 704 1012 933
3 100 772 704
3 772 100 933
3 1047 100 704
3 1172 276 805
4 100 319 1098 772
4 225 177 319 100
5 100 772 1198 1066 225
3 225 100 1164
3 1150 757 1164
5 112 890 1150 757 43
3 757 43 879
3 757 1164 879
3 1150 202 757
4 202 757 1164 1175
4 1150 1053 1063 757
4 43 173 1063 757
3 757 704 202
3 1169 757 43
3 405 237 1158
4 38 237 1158 1071
4 602 868 969 237
3 602 99 237
3 237 230 1082
4 1082 237 602 92
3 99 1158 237
3 176 77 387
3 387 38 77
3 38 1161 77
5 77 176 813 1162 1161
3 1071 1162 1161
5 38 1071 1194 888 387
4 387 201 1174 77
3 1174 176 77
4 387 1052 897 77
3 387 38 1052
3 408 77 1174
4 92 408 1174 478
3 201 1174 408
3 627 77 1161
4 12 77 1161 894
3 12 894 703
3 603 12 1055
4 603 1055 673 169
3 603 12 169
4 12 77 176 603
4 176 603 884 813
5 12 603 884 1137 894
3 603 428 1055
4 428 450 800 1055
3 1055 428 673
3 603 346 884
4 603 373 1183 169
3 718 307 488
4 488 1110 350 718
3 718 1 730
3 889 350 348
4 718 350 348 1
4 556 585 730 718
3 718 1 556
4 663 556 718 356
3 559 556 718
3 663 559 556
3 585 730 804
3 804 718 730
3 640 556 663
3 356 663 640
3 718 488 559
3 1102 567 889
3 567 889 643
3 567 172 643
5 172 652 1144 1102 567
3 643 16 172
3 567 1102 585
4 730 889 567 585
4 348 889 567 238
4 663 1102 567 640
3 567 442 585
4 585 1011 945 442
3 585 442 730
4 684 340 379 231
4 195 427 980 696
5 842 427 980 379 340
4 231 379 980 696
3 866 379 340
4 643 379 914 172
3 379 914 409
3 409 172 914
3 914 567 172
3 379 340 409
4 409 774 866 340
4 45 172 652 326
5 326 818 663 640 45
4 45 172 567 640
3 980 326 45
3 321 878 45
3 326 45 878
3 640 45 321
5 321 356 942 1008 878
3 942 356 663
4 45 335 406 878
3 640 45 804
3 427 45 980
3 406 903 878
3 361 980 427
4 878 361 980 45
3 914 361 980
5 685 409 914 361 135
3 361 135 427
3 980 379 914
3 340 409 685
4 279 361 980 628
3 914 279 361
3 279 594 361
4 361 649 1127 914
4 206 409 914 1127
4 361 649 615 135
4 339 685 409 206
3 820 206 465
4 206 465 1011 1083
3 820 465 1011
4 820 1129 1117 465
4 91 405 1117 465
5 91 424 667 820 465
3 206 1127 465
3 983 465 91
4 1011 643 172 465
3 295 951 954
4 904 295 951 56
4 135 295 951 427
3 135 361 295
3 295 290 951
5 301 295 290 287 161
3 301 295 954
3 290 135 295
4 290 736 738 295
4 301 741 738 295
3 301 295 580
4 978 1176 809 871
4 1035 452 809 871
5 9 1035 871 978 207
5 452 111 522 1176 809
3 871 106 978
3 1176 81 809
3 809 149 452
3 809 452 875
3 606 58 1048
4 58 307 806 1048
3 995 58 1186
3 254 241 559
4 254 730 835 241
4 254 559 488 606
3 254 241 606
3 1186 254 559
3 488 559 1186
3 1048 58 505
4 254 505 1048 606
3 392 307 875
4 392 875 452 131
3 131 392 307
3 1186 81 58
4 81 392 307 58
4 292 392 131 1110
3 178 131 392
3 392 245 875
3 875 245 452
4 245 265 576 875
4 618 1197 758 49
3 618 103 1197
3 49 618 103
4 618 827 1173 49
3 269 49 618
3 618 613 1197
3 1197 613 758
3 618 165 659
3 269 659 618
3 1091 773 103
4 17 103 773 1099
3 773 103 634
3 645 211 830
3 1081 460 116
4 116 211 830 460
3 145 483 211
4 483 807 913 145
3 913 424 807
3 830 211 234
4 145 211 1042 574
3 774 211 1042
3 774 145 211
3 483 145 574
5 234 463 366 866 1042
3 866 1042 774
3 211 1042 234
5 211 774 1019 886 830
4 1042 983 1149 866
5 983 1149 661 602 99
4 99 234 1042 983
3 1042 340 866
3 1149 91 983
3 852 835 857
4 215 421 852 857
3 421 835 852
4 691 852 835 241
4 574 421 852 145
3 694 421 852
3 421 694 574
3 852 116 857
3 857 116 215
4 116 211 774 857
3 145 574 1081
3 694 1116 852
3 852 231 1116
4 720 1111 740 294
4 793 862 720 1111
5 862 720 294 69 74
3 767 720 294
4 720 680 18 561
3 1174 140 779
4 627 703 779 140
3 703 779 1174
4 478 1174 779 934
4 482 779 703 12
3 937 703 779
3 779 370 140
3 894 12 482
3 1017 282 1001
5 1017 282 710 317 538
3 1001 657 1017
3 1017 538 657
5 39 831 657 1001 671
3 302 282 1017
4 783 1001 1017 302
4 845 538 1017 432
3 538 1017 571
4 1017 432 798 282
4 222 1001 1017 1034
3 302 297 1017
3 675 222 1034
3 928 342 102
4 102 318 711 342
3 342 102 932
3 572 960 642
4 960 589 687 572
3 687 209 589
3 1123 860 900
4 423 900 1123 253
3 441 900 1123
3 441 243 900
3 243 900 404
3 747 988 588
3 274 747 404
5 747 404 900 1123 988
4 860 900 441 977
4 148 900 441 87
3 860 130 900
3 860 98 708
4 1097 360 708 98
4 98 243 404 1097
3 1097 900 404
3 98 1097 236
3 601 98 1143
3 601 98 236
3 1081 629 828
4 828 846 116 1081
4 759 828 1081 645
3 645 759 819
3 828 819 759
3 828 145 1081
5 483 145 828 333 259
3 828 333 629
3 609 629 333
3 759 145 828
3 460 116 846
4 828 407 913 145
4 828 407 838 333
3 333 828 362
3 1029 838 407
4 333 362 669 629
3 759 104 1029
3 755 1029 104
3 641 104 755
5 641 664 819 759 104
4 1029 362 669 104
3 104 759 669
4 104 336 407 1029
3 873 104 669
4 697 669 873 577
3 362 669 873
3 547 104 641
4 690 755 641 547
3 526 410 915
4 621 600 915 526
3 915 410 600
4 547 915 600 690
3 690 669 600
3 669 600 915
4 410 599 1128 915
4 362 650 1128 915
5 453 362 915 410 395
3 526 353 915
3 526 353 621
4 641 353 526 104
3 915 333 362
3 650 108 1128
3 547 690 586
3 915 362 669
3 697 232 755
4 232 600 669 697
3 10 697 232
3 912 462 414
4 98 414 462 601
4 727 885 462 584
3 462 365 885
3 462 365 584
4 304 462 885 786
3 462 885 829
3 462 437 584
3 584 437 727
4 584 1008 942 437
3 462 414 829
3 399 433 137
4 26 137 433 997
4 433 1100 1141 137
3 438 137 1141
3 1141 438 1100
3 363 137 433
3 137 17 399
3 213 399 17
5 363 920 1099 17 137
3 1141 363 137
4 363 659 618 137
3 1184 137 17
4 17 103 618 137
3 968 1196 1064
3 1196 940 1005
3 1005 968 1196
3 968 106 1064
5 88 174 1064 1196 940
3 1064 399 1196
4 399 1196 968 17
4 758 1064 1196 1141
3 399 213 1196
3 1196 26 940
4 438 940 1196 1141
3 505 221 58
5 221 752 1184 990 505
3 81 58 221
3 81 752 221
3 595 81 752
5 58 1048 1091 595 81
3 871 505 221
4 221 871 676 58
4 133 505 221 30
5 30 375 925 1045 133
4 752 375 30 221
4 221 149 1186 58
3 1035 221 871
3 676 871 1035
3 149 1186 995
3 752 221 1064
3 655 32 267
5 381 32 655 1056 1126
3 535 1056 655
3 535 267 655
4 67 267 655 1135
3 655 32 1135
3 655 165 1135
3 578 150 24
4 32 136 328 655
4 328 655 1056 917
3 655 266 1056
3 1108 51 780
4 780 859 705 1108
3 925 375 1108
3 1108 780 925
3 375 519 1108
3 375 30 519
5 391 732 780 1108 519
3 524 519 1108
4 204 519 1108 705
4 375 968 1196 1108
3 524 59 1108
3 1005 375 968
3 617 214 1142
4 617 1142 898 524
3 617 214 524
4 1108 524 617 375
3 524 59 617
4 214 523 541 617
3 1061 617 1142
3 996 617 247
4 90 247 617 541
3 617 247 59
3 700 1072 1002
3 1096 700 1072
5 214 617 247 1002 1072
3 1072 214 1096
3 1002 139 1072
4 624 700 1072 139
4 84 700 1072 754
4 931 1072 1002 476
4 214 523 931 1072
3 1072 368 139
3 214 1072 705
4 605 859 947 256
4 563 859 947 63
3 947 286 63
3 551 63 947
3 947 551 859
4 635 551 947 55
4 278 608 947 55
4 377 751 608 278
5 950 751 608 947 551
4 1032 676 1014 647
3 1014 64 676
4 770 1095 1014 647
5 223 316 1095 1014 676
5 97 770 647 1032 543
3 1095 30 1014
3 978 1014 1095
3 978 871 1014
3 1014 676 871
3 1035 9 223
4 1014 30 519 978
4 106 978 1014 1064
3 1014 375 30
4 939 1132 1114 724
5 939 146 72 299 724
4 724 1114 743 299
3 939 329 724
3 724 1187 956
3 939 724 1187
3 724 299 956
4 1187 19 683 724
3 299 724 364
3 329 918 724
4 329 397 1167 918
3 1187 142 19
3 765 244 837
4 837 244 329 55
4 329 724 1187 244
3 244 329 918
3 837 614 244
3 614 244 329
3 725 699 537
4 614 537 699 244
4 420 988 588 78
3 747 420 988
3 420 4 78
5 1004 673 4 420 662
3 662 420 565
3 565 78 420
5 565 78 428 1055 1190
3 420 4 988
4 4 29 355 420
4 355 420 662 1120
3 420 188 662
4 94 411 1177 1168
3 411 78 1177
4 183 459 411 94
3 747 459 411
4 183 459 329 397
5 329 459 411 1177 918
4 1115 825 907 803
4 825 1115 851 591
5 54 907 825 591 276
5 851 1115 803 305 1075
3 1115 620 803
3 589 803 1115
3 402 46 322
3 322 191 402
5 1141 758 46 402 438
3 191 438 402
3 758 46 613
3 322 613 46
3 402 46 1146
4 402 1146 689 322
4 402 599 1084 322
4 402 88 174 46
4 88 402 438 940
4 46 174 1064 758
3 403 402 1146
3 402 76 438
3 632 322 1084
3 545 702 711
4 521 545 702 543
3 711 543 702
3 1147 545 702
3 545 40 711
5 40 832 1065 1147 545
5 539 318 711 702 581
4 545 591 1188 702
3 545 1147 591
3 825 545 591
3 851 521 1115
3 825 591 1188
4 1147 922 933 545
3 543 97 521
3 924 545 40
3 854 219 276
5 219 502 1009 1188 854
3 591 276 854
3 591 854 1188
3 854 219 933
4 854 933 100 276
4 371 854 1188 909
3 854 316 1188
4 141 219 854 371
4 276 805 924 854
3 149 23 995
5 1 23 149 488 718
3 23 995 554
3 23 1 554
3 815 149 23
4 23 815 1198 995
4 149 1113 787 23
4 23 787 348 1
4 23 223 1035 995
3 1102 23 1
3 922 23 815
4 922 1147 1065 815
3 922 815 1198
3 949 187 284
3 187 284 713
5 607 734 187 949 750
3 734 187 713
3 284 203 949
5 203 280 261 713 284
3 187 949 472
4 284 962 472 187
4 284 384 1159 187
4 949 480 484 187
4 734 260 484 187
3 484 385 480
3 372 187 472
3 723 187 734
3 984 284 384
3 359 203 970
4 359 646 1030 970
3 216 970 892
4 216 528 1030 970
3 970 284 203
4 284 735 518 203
3 970 216 1153
4 949 869 970 203
3 970 359 869
3 616 384 869
4 616 540 235 384
4 616 869 970 413
3 1153 616 869
3 1153 869 970
4 1153 967 1151 869
4 1151 869 972 52
5 1153 869 972 568 323
4 105 323 1153 967
3 869 70 972
3 359 972 869
3 123 568 972
4 568 1026 974 123
3 561 123 514
4 561 637 70 514
4 123 514 862 568
3 561 514 862
3 400 123 568
5 359 123 400 216 970
3 359 123 972
3 514 400 123
4 400 564 1122 123
4 359 646 1122 123
3 359 123 540
3 706 597 1182
5 597 179 134 714 706
3 597 966 1182
3 597 179 966
3 706 449 597
4 449 597 1182 870
4 706 1106 965 597
4 597 965 610 179
4 218 597 1182 50
3 917 597 179
3 449 799 597
3 474 180 1088
4 1088 648 771 474
3 474 193 525
3 239 13 1130
3 1088 474 979
4 508 1033 684 68
3 508 184 1033
3 68 508 510
5 73 68 65 289 716
3 73 68 510
3 68 65 508
4 73 311 309 68
4 68 309 308 65
3 73 68 760
4 274 338 411 747
3 338 411 459
3 411 404 747
3 614 338 459
3 614 338 1114
3 364 1139 434
3 921 364 1139
3 921 1070 1139
5 37 1070 1139 434 386
4 364 614 459 1139
3 459 434 1139
4 299 364 1139 956
3 459 329 1139
3 459 329 614
3 1139 274 1070
3 1059 105 1068
4 808 1059 1068 1086
3 811 1068 1059
3 811 709 1068
3 1068 36 709
5 341 1034 1059 1068 36
4 1063 811 1068 105
4 518 1068 811 144
3 1068 967 105
3 144 93 518
3 36 1068 908
3 168 110 186
5 168 1086 808 451 110
3 186 95 168
3 95 1086 168
3 168 110 1156
4 186 370 1156 168
4 341 110 168 36
4 36 168 1086 1068
4 186 1162 1071 168
3 173 168 1086
3 627 168 1156
4 235 384 984 1043
3 962 235 1043
4 1043 984 569 867
5 235 540 816 867 1043
4 385 472 962 1043
3 1043 235 385
3 962 833 1043
4 480 385 1043 344
4 181 372 623 410
3 395 410 181
3 1043 181 867
3 962 410 623
4 410 448 867 181
3 867 600 181
3 600 181 410
3 448 867 1043
3 690 448 592
5 844 431 797 448 385
3 448 385 1043
3 797 448 867
3 797 431 816
4 117 385 448 858
4 797 1051 858 448
4 797 1051 812 431
3 480 448 385
3 531 108 839
4 839 576 1128 108
3 1128 531 108
3 629 609 839
3 178 827 576
4 108 333 629 839
3 526 839 108
5 526 839 425 1103 353
3 839 425 531
3 629 526 839
4 104 526 839 759
4 839 759 819 425
3 846 839 425
4 1132 426 537 725
3 426 537 699
3 947 426 608
3 537 63 725
4 751 770 919 281
3 930 281 919
3 770 919 930
3 281 204 919
3 281 204 751
3 426 44 544
4 544 930 919 426
4 519 204 281 391
3 751 320 877
4 44 281 751 877
3 877 320 44
4 44 544 699 877
3 674 44 877
3 44 674 544
4 107 320 877 898
3 751 608 877
3 281 751 608
3 877 845 1007
4 898 877 1007 801
3 544 426 699
3 674 1007 877
4 124 501 1007 801
3 1007 159 501
5 877 320 796 501 1007
4 401 796 501 124
3 1007 501 571
3 571 249 501
3 249 796 501
5 44 620 249 571 674
4 159 501 571 785
3 796 501 907
4 571 538 657 501
3 501 302 159
3 144 132 390
4 390 297 782 132
3 731 390 132
5 390 518 735 1013 731
3 144 518 390
4 390 1058 678 132
3 1058 731 390
3 881 390 1058
4 280 390 731 261
4 280 390 518 203
3 518 390 1153
4 40 170 331 832
5 331 815 922 933 170
4 40 170 933 545
3 1172 331 170
3 331 170 225
3 225 100 170
3 100 933 170
4 225 374 1172 170
3 854 170 933
4 170 757 1164 225
3 631 170 1172
3 580 80 661
3 80 661 602
5 80 580 1049 1158 237
3 237 80 602
3 1149 983 1049
3 1140 580 80
4 661 1120 1140 80
4 80 162 741 661
4 80 387 888 580
4 387 80 237 38
3 666 80 1140
3 237 80 1082
3 1016 330 884
5 330 169 482 1163 1016
3 330 884 603
3 330 169 603
3 330 1016 800
4 330 800 1191 884
4 1016 657 831 330
4 39 169 330 831
4 75 330 884 346
3 436 330 800
3 800 436 1191
4 800 1055 1190 436
3 1183 330 169
3 585 272 804
3 272 804 1116
3 694 272 1116
5 730 804 1116 852 835
5 272 694 421 442 585
4 272 379 914 804
3 272 585 379
4 640 804 272 321
3 1116 640 804
3 980 272 379
3 694 272 774
4 367 804 730 254
3 356 254 367
3 826 771 383
4 696 1010 826 383
3 474 114 525
4 114 383 771 474
3 383 367 826
3 826 367 1010
4 367 804 1116 826
4 826 1116 852 691
5 254 367 826 691 241
4 356 418 41 321
5 41 899 584 437 418
4 356 418 437 942
3 418 41 1010
3 418 41 525
3 525 193 418
3 193 437 418
4 525 826 1010 418
4 210 418 525 474
3 437 418 746
3 356 942 367
3 474 114 210
3 1079 823 1130
3 1130 1038 823
5 128 120 467 823 1079
3 823 467 1038
4 474 1130 823 210
3 1079 210 823
4 239 1130 823 529
3 210 979 823
3 979 210 474
3 875 1125 809
5 380 31 245 875 1125
3 1176 809 1125
3 1125 380 1176
3 875 46 1125
4 613 809 1125 46
4 576 875 1125 1084
4 380 632 1084 1125
3 1084 178 576
4 752 1125 809 81
3 380 1125 689
3 1125 758 46
3 809 595 81
3 503 1010 715
4 503 715 746 367
3 367 503 1010
3 606 503 1048
4 128 503 606 120
4 128 503 1010 1079
4 356 367 503 663
3 367 254 503
3 503 304 715
3 503 606 254
3 392 855 178
3 827 178 855
5 307 806 1173 855 392
3 855 1173 827
3 613 392 855
4 46 178 855 613
4 178 576 1128 855
4 81 392 855 595
4 595 855 1173 1091
3 613 322 855
3 855 49 1173
4 363 659 1195 920
3 659 267 1195
4 1195 920 1099 773
5 659 618 103 773 1195
4 655 578 1195 267
3 578 1195 659
3 1195 467 773
3 1195 535 267
3 308 85 882
4 308 1195 578 24
3 1042 1028 626
4 421 1028 626 694
4 626 1042 211 424
3 424 1028 626
4 424 807 283 626
3 424 91 626
3 626 234 1042
3 937 5 764
4 53 764 937 902
3 779 764 937
5 408 456 764 779 1174
3 5 456 764
4 720 764 937 561
3 779 720 764
3 720 862 764
3 561 720 862
4 447 764 779 934
4 447 764 456 21
3 1166 764 456
4 102 423 625 932
3 625 1074 932
3 423 1074 625
3 625 414 932
3 414 932 102
4 360 423 625 708
3 369 572 960
4 171 369 572 642
3 1171 205 1177
3 205 1177 411
3 338 205 411
3 1171 244 918
5 205 1171 244 614 338
4 205 369 572 1177
3 205 1171 369
4 420 205 1177 78
3 906 205 369
3 906 369 572
4 369 747 988 906
3 1177 565 78
4 448 592 848 867
3 448 797 592
3 690 592 848
5 547 532 836 1118 848
3 848 547 690
3 592 1118 848
4 910 848 1118 692
4 547 822 910 848
3 1118 232 848
3 547 848 641
3 185 10 1051
4 232 670 1051 185
3 185 10 232
4 10 115 458 185
4 185 458 767 880
5 10 891 1057 880 185
3 509 185 880
3 858 185 1051
4 232 848 592 185
5 457 114 474 1088 766
3 882 85 457
3 766 457 882
3 85 114 457
3 210 85 114
4 184 457 766 1033
4 457 184 383 114
3 1148 766 457
4 308 882 457 24
3 882 309 308
4 499 959 994 725
3 959 841 994
3 725 197 499
3 919 22 768
3 426 841 608
4 841 768 919 426
5 515 794 992 994 959
4 286 794 992 63
4 725 994 992 63
4 499 959 515 160
3 147 22 992
3 147 794 992
3 500 22 994
3 959 994 500
3 22 992 994
3 303 959 515
3 992 256 794
4 22 768 647 992
3 647 768 919
3 693 589 1115
5 471 126 687 589 693
3 693 1115 851
3 693 471 851
3 687 589 803
4 477 1115 693 342
3 589 342 693
4 693 625 1074 471
5 960 572 1124 1074 625
4 693 625 960 589
4 543 693 1115 521
3 471 693 573
4 882 582 1148 457
3 887 457 1148
3 582 1148 887
3 819 582 460
4 582 886 830 460
3 68 65 582
4 508 1148 582 68
3 582 460 887
3 98 1073 708
4 98 414 932 1073
3 1073 98 1097
4 1139 701 197 434
3 197 701 499
4 1070 1097 701 1139
5 271 236 1097 701 197
3 1097 338 701
4 411 1073 701 338
3 1097 701 1073
3 338 205 701
3 848 612 232
4 600 232 612 181
3 677 612 880
3 880 185 612
3 232 612 185
5 232 612 677 577 697
4 612 797 816 880
3 797 677 612
4 509 880 612 69
3 612 431 797
3 69 509 511
3 653 181 395
3 453 395 653
5 600 669 873 653 181
3 453 873 653
3 653 181 739
4 157 395 653 739
4 395 569 583 653
4 181 612 677 653
4 677 653 873 577
3 742 653 739
3 838 653 873
4 209 589 803 1094
3 544 209 1094
3 1094 795 171
4 44 171 795 620
3 795 171 642
4 642 209 1094 171
3 1094 278 699
3 544 699 1094
4 44 171 651 674
4 674 651 802 571
5 171 651 802 1191 795
3 651 171 856
3 802 651 831
3 837 651 856
3 450 802 651
3 826 546 691
3 1092 546 215
4 49 215 546 634
3 546 215 857
3 691 1157 1040
5 1040 1157 1010 503 606
3 1157 1010 826
3 826 691 1157
3 1040 114 1157
4 114 1157 691 85
4 823 1157 1040 467
4 1079 1010 1157 823
3 467 823 773
3 1157 418 1010
3 1157 457 114
3 923 634 773
5 269 578 923 634 49
3 1195 773 923
3 923 578 1195
3 634 85 923
4 114 773 923 85
4 546 634 923 1148
4 578 887 1148 923
5 215 846 887 1148 546
3 546 1148 691
4 467 773 923 1038
3 923 210 85
3 923 24 578
3 961 626 91
3 465 91 961
5 626 961 1011 945 1028
3 465 1011 961
3 626 409 961
4 91 340 409 961
4 961 1049 983 91
4 694 626 961 272
4 961 272 585 1011
3 961 685 409
3 961 643 1011
3 720 294 953
4 294 767 1166 953
3 447 21 953
4 953 447 682 294
3 509 953 294
5 509 511 514 561 953
3 953 561 720
3 509 447 953
4 490 953 509 152
4 561 637 490 953
3 953 18 561
5 102 342 1018 885 829
3 477 365 1018
3 1018 342 477
3 365 1018 885
3 342 477 932
5 462 365 477 932 414
4 1018 702 711 342
4 702 1018 885 581
3 342 1018 693
4 365 500 994 1018
3 500 477 365
4 500 611 841 994
3 841 542 994
3 841 542 611
3 281 129 608
5 281 204 705 859 129
3 129 608 947
3 859 129 947
3 992 281 129
4 992 129 608 22
4 129 732 780 859
3 605 129 859
4 281 391 732 129
4 608 426 537 129
3 994 129 992
3 841 426 537
4 469 404 747 369
5 423 469 369 906 253
4 900 423 469 404
3 469 369 1073
3 469 369 960
3 469 423 625
3 469 960 625
4 469 1073 701 960
3 469 360 423
4 197 499 1114 817
3 701 197 817
3 817 469 1073
3 477 932 542
4 477 817 1073 932
3 611 537 817
3 611 537 841
4 817 611 841 197
4 614 537 611 338
3 701 1073 817
3 450 15 651
5 15 642 436 800 450
3 171 651 15
3 642 15 171
3 1171 450 15
4 651 918 1171 15
4 15 78 428 450
4 15 78 565 642
4 15 278 856 651
3 572 15 642
3 244 15 1171
4 244 699 1094 1171
3 1148 546 644
4 644 1157 691 546
3 644 857 546
5 460 582 644 857 116
3 644 582 1148
4 231 546 644 184
3 857 184 644
3 644 383 184
4 857 774 1019 644
4 644 1019 886 582
3 644 68 582
3 768 394 1032
3 543 1032 394
5 521 930 919 768 394
3 521 394 543
3 1018 768 394
4 1018 394 1032 365
4 6 394 1032 784
4 394 542 841 768
4 542 394 521 209
5 542 841 426 544 209
3 521 394 1115
3 477 209 542
3 885 394 1018
3 542 633 611
3 542 209 633
5 537 699 1094 633 611
3 633 1094 209
3 633 611 960
4 469 542 633 960
4 477 542 633 342
4 338 611 633 205
4 205 633 1094 1171
3 633 625 960
3 633 171 1094
4 462 601 658 365
3 658 601 959
5 98 601 658 817 1073
4 477 817 658 365
3 271 658 601
3 271 197 658
3 197 817 658
4 271 303 959 658
4 658 941 1006 271
3 658 611 817
3 658 515 959
4 0 1 2 3
4 4 5 6 7
4 4 8 9 10
4 11 12 13 14
4 15 16 17 18
4 19 20 21 22
4 23 24 25 26
4 27 28 29 30
4 31 32 33 34
4 31 35 36 37
4 38 39 40 41
4 42 43 44 45
4 42 46 47 48
4 46 49 50 51
4 52 53 54 55
4 56 57 58 59
4 60 61 62 63
4 64 65 66 67
4 64 68 69 70
4 71 72 73 74
4 75 76 77 78
4 8 79 80 81
4 82 83 84 85
4 86 87 88 89
4 86 90 91 92
4 93 94 95 96
4 97 98 99 100
4 101 102 103 104
4 101 105 106 107
4 102 108 109 110
4 97 108 111 112
4 113 114 115 116
4 117 118 119 120
4 19 121 122 123
4 124 125 126 127
4 124 128 129 130
4 68 131 132 133
4 131 134 135 136
4 137 138 139 140
4 141 142 143 144
4 141 145 146 147
4 145 148 149 150
4 148 151 152 153
4 105 154 155 156
4 157 158 159 160
4 161 162 163 164
4 157 165 166 167
4 165 168 169 170
4 171 172 173 174
4 23 171 175 176
4 177 178 179 180
4 177 181 182 183
4 178 184 185 186
4 172 184 187 188
4 189 190 191 192
4 189 193 194 195
4 193 196 197 198
4 5 199 200 201
4 202 203 204 205
4 206 207 208 209
4 210 211 212 213
4 0 214 215 216
4 217 218 219 220
4 11 217 221 222
4 218 223 224 225
4 226 227 228 229
4 230 231 232 233
4 75 230 234 235
4 210 236 237 238
4 32 236 239 240
4 241 242 243 244
4 245 246 247 248
4 241 245 249 250
4 246 251 252 253
4 251 254 255 256
4 257 258 259 260
4 261 262 263 264
4 265 266 267 268
4 265 269 270 271
4 272 273 274 275
4 272 276 277 278
4 276 279 280 281
4 282 283 284 285
4 273 282 286 287
4 288 289 290 291
4 27 288 292 293
4 294 295 296 297
4 294 298 299 300
4 151 301 302 303
4 304 305 306 307
4 304 308 309 310
4 49 311 312 313
4 314 315 316 317
4 314 318 319 320
4 318 321 322 323
4 324 325 326 327
4 324 328 329 330
4 331 332 333 334
4 335 336 337 338
4 339 340 341 342
4 343 344 345 346
4 339 343 347 348
4 344 349 350 351
4 349 352 353 354
4 355 356 357 358
4 359 360 361 362
4 359 363 364 365
4 366 367 368 369
4 366 370 371 372
4 373 374 375 376
4 377 378 379 380
4 373 377 381 382
4 383 384 385 386
4 383 387 388 389
4 390 391 392 393
4 394 395 396 397
4 398 399 400 401
4 402 403 404 405
4 402 406 407 408
4 409 410 411 412
4 409 413 414 415
4 413 416 417 418
4 419 420 421 422
4 199 423 424 425
4 426 427 428 429
4 426 430 431 432
4 71 433 434 435
4 436 437 438 439
4 436 440 441 442
4 443 444 445 446
4 443 447 448 449
4 450 451 452 453
4 454 455 456 457
4 454 458 459 460
4 450 461 462 463
4 464 465 466 467
4 437 468 469 470
4 471 472 473 474
4 142 475 476 477
4 471 475 478 479
4 480 481 482 483
4 480 484 485 486
4 487 488 489 490
4 491 492 493 494
4 491 495 496 497
4 15 498 499 500
4 93 498 501 502
4 503 504 505 506
4 507 508 509 510
4 507 511 512 513
4 514 515 516 517
4 518 519 520 521
4 90 518 522 523
4 360 524 525 526
4 524 527 528 529
4 519 530 531 532
4 533 534 535 536
4 533 537 538 539
4 113 540 541 542
4 543 544 545 546
4 547 548 549 550
4 117 551 552 553
4 554 555 556 557
4 558 559 560 561
4 558 562 563 564
4 367 565 566 567
4 363 565 568 569
4 570 571 572 573
4 574 575 576 577
4 578 579 580 581
4 582 583 584 585
4 582 586 587 588
4 589 590 591 592
4 589 593 594 595
4 596 597 598 599
4 600 601 602 603
4 206 604 605 606
4 590 607 608 609
4 607 610 611 612
4 613 614 615 616
4 613 617 618 619
4 620 621 622 623
4 620 624 625 626
4 226 627 628 629
4 630 631 632 633
4 630 634 635 636
4 621 637 638 639
4 640 641 642 643
4 644 645 646 647
4 644 648 649 650
4 651 652 653 654
4 651 655 656 657
4 261 658 659 660
4 658 661 662 663
4 664 665 666 667
4 211 664 668 669
4 670 671 672 673
4 670 674 675 676
4 677 678 679 680
4 677 681 682 683
4 640 684 685 686
4 687 688 689 690
4 687 691 692 693
4 694 695 696 697
4 694 698 699 700
4 698 701 702 703
4 704 705 706 707
4 708 709 710 711
4 712 713 714 715
4 716 717 718 719
4 712 716 720 721
4 38 722 723 724
4 722 725 726 727
4 728 729 730 731
4 161 732 733 734
4 158 732 735 736
4 737 738 739 740
4 737 741 742 743
4 717 741 744 745
4 746 747 748 749
4 39 746 750 751
4 752 753 754 755
4 756 757 758 759
4 596 756 760 761
4 762 763 764 765
4 766 767 768 769
4 766 770 771 772
4 770 773 774 775
4 773 776 777 778
4 20 779 780 781
4 295 782 783 784
4 785 786 787 788
4 570 789 790 791
4 789 792 793 794
4 487 795 796 797
4 798 799 800 801
4 802 803 804 805
4 802 806 807 808
4 809 810 811 812
4 813 814 815 816
4 813 817 818 819
4 279 820 821 822
4 823 824 825 826
4 823 827 828 829
4 824 830 831 832
4 728 830 833 834
4 835 836 837 838
4 835 839 840 841
4 839 842 843 844
4 842 845 846 847
4 848 849 850 851
4 852 853 854 855
4 335 856 857 858
4 859 860 861 862
4 262 859 863 864
4 865 866 867 868
4 311 865 869 870
4 52 871 872 873
4 871 874 875 876
4 877 878 879 880
4 534 877 881 882
4 878 883 884 885
4 886 887 888 889
4 886 890 891 892
4 893 894 895 896
4 893 897 898 899
4 894 900 901 902
4 390 900 903 904
4 537 905 906 907
4 908 909 910 911
4 912 913 914 915
4 912 916 917 918
4 919 920 921 922
4 923 924 925 926
4 923 927 928 929
4 866 930 931 932
4 924 933 934 935
4 936 937 938 939
4 940 941 942 943
4 940 944 945 946
4 941 947 948 949
4 947 950 951 952
4 950 953 954 955
4 953 956 957 958
4 959 960 961 962
4 963 964 965 966
4 959 963 967 968
4 969 970 971 972
4 969 973 974 975
4 970 976 977 978
4 979 980 981 982
4 979 983 984 985
4 980 986 987 988
4 986 989 990 991
4 989 992 993 994
4 995 996 997 998
4 999 1000 1001 1002
4 257 1003 1004 1005
4 336 1003 1006 1007
4 919 1008 1009 1010
4 995 1011 1012 1013
4 1014 1015 1016 1017
4 1014 1018 1019 1020
4 1018 1021 1022 1023
4 1021 1024 1025 1026
4 634 1027 1028 1029
4 1030 1031 1032 1033
4 1030 1034 1035 1036
4 973 1037 1038 1039
4 1040 1041 1042 1043
4 1044 1045 1046 1047
4 1044 1048 1049 1050
4 1048 1051 1052 1053
4 1051 1054 1055 1056
4 231 1054 1057 1058
4 1059 1060 1061 1062
4 374 1063 1064 1065
4 387 1063 1066 1067
4 1068 1069 1070 1071
4 1068 1072 1073 1074
4 817 1072 1075 1076
4 1077 1078 1079 1080
4 1081 1082 1083 1084
4 391 1081 1085 1086
4 1087 1088 1089 1090
4 1087 1091 1092 1093
4 1015 1094 1095 1096
4 1094 1097 1098 1099
4 406 1100 1101 1102
4 1100 1103 1104 1105
4 1103 1106 1107 1108
4 1109 1110 1111 1112
4 1113 1114 1115 1116
4 1109 1113 1117 1118
4 1114 1119 1120 1121
4 738 1119 1122 1123
4 1124 1125 1126 1127
4 419 1128 1129 1130
4 427 1131 1132 1133
4 1131 1134 1135 1136
4 1137 1138 1139 1140
4 1059 1137 1141 1142
4 1143 1144 1145 1146
4 1138 1143 1147 1148
4 1128 1149 1150 1151
4 1144 1152 1153 1154
4 28 1152 1155 1156
4 223 1157 1158 1159
4 624 1157 1160 1161
4 627 1162 1163 1164
4 423 1165 1166 1167
4 1168 1169 1170 1171
4 1172 1173 1174 1175
4 1176 1177 1178 1179
4 1180 1181 1182 1183
4 1184 1185 1186 1187
4 1184 1188 1189 1190
4 1191 1192 1193 1194
4 1191 1195 1196 1197
4 1195 1198 1199 1200
4 1198 1201 1202 1203
4 1201 1204 1205 1206
4 1207 1208 1209 1210
4 1207 1211 1212 1213
4 1208 1214 1215 1216
4 1214 1217 1218 1219
4 551 1220 1221 1222
4 1220 1223 1224 1225
4 578 1226 1227 1228
4 1229 1230 1231 1232
4 1233 1234 1235 1236
4 1229 1233 1237 1238
4 1234 1239 1240 1241
4 472 1242 1243 1244
4 1245 1246 1247 1248
4 1249 1250 1251 1252
4 1249 1253 1254 1255
4 1256 1257 1258 1259
4 79 1256 1260 1261
4 1262 1263 1264 1265
4 1266 1267 1268 1269
4 1257 1270 1271 1272
4 1270 1273 1274 1275
4 1276 1277 1278 1279
4 1276 1280 1281 1282
4 1280 1283 1284 1285
4 1266 1283 1286 1287
4 1277 1288 1289 1290
4 82 1288 1291 1292
4 1293 1294 1295 1296
4 1297 1298 1299 1300
4 83 1297 1301 1302
4 1298 1303 1304 1305
4 1303 1306 1307 1308
4 1309 1310 1311 1312
4 1309 1313 1314 1315
4 1313 1316 1317 1318
4 1319 1320 1321 1322
4 1319 1323 1324 1325
4 856 1326 1327 1328
4 1329 1330 1331 1332
4 1329 1333 1334 1335
4 704 1336 1337 1338
4 1339 1340 1341 1342
4 1343 1344 1345 1346
4 1347 1348 1349 1350
4 1347 1351 1352 1353
4 1354 1355 1356 1357
4 16 1358 1359 1360
4 1358 1361 1362 1363
4 492 1364 1365 1366
4 1364 1367 1368 1369
4 996 1370 1371 1372
4 1370 1373 1374 1375
4 114 1376 1377 1378
4 1379 1380 1381 1382
4 1379 1383 1384 1385
4 503 1386 1387 1388
4 1386 1389 1390 1391
4 1389 1392 1393 1394
4 1392 1395 1396 1397
4 1395 1398 1399 1400
4 1398 1401 1402 1403
4 94 1404 1405 1406
4 1404 1407 1408 1409
4 98 1410 1411 1412
4 514 1413 1414 1415
4 511 1413 1416 1417
4 1418 1419 1420 1421
4 1383 1418 1422 1423
4 554 1424 1425 1426
4 515 1424 1427 1428
4 1429 1430 1431 1432
4 137 1429 1433 1434
4 1419 1435 1436 1437
4 1430 1435 1438 1439
4 504 1440 1441 1442
4 1443 1444 1445 1446
4 1443 1447 1448 1449
4 1361 1450 1451 1452
4 1453 1454 1455 1456
4 1453 1457 1458 1459
4 495 1460 1461 1462
4 484 1463 1464 1465
4 1293 1463 1466 1467
4 1468 1469 1470 1471
4 1468 1472 1473 1474
4 1472 1475 1476 1477
4 792 1469 1478 1479
4 1480 1481 1482 1483
4 927 1480 1484 1485
4 1486 1487 1488 1489
4 1486 1490 1491 1492
4 913 1493 1494 1495
4 1493 1496 1497 1498
4 562 1499 1500 1501
4 1499 1502 1503 1504
4 1505 1506 1507 1508
4 168 1505 1509 1510
4 757 1511 1512 1513
4 752 1511 1514 1515
4 1323 1516 1517 1518
4 1519 1520 1521 1522
4 574 1519 1523 1524
4 72 1525 1526 1527
4 190 1525 1528 1529
4 1520 1530 1531 1532
4 1530 1533 1534 1535
4 1536 1537 1538 1539
4 269 1540 1541 1542
4 1540 1543 1544 1545
4 56 1546 1547 1548
4 1549 1550 1551 1552
4 1549 1553 1554 1555
4 1550 1556 1557 1558
4 1556 1559 1560 1561
4 762 1562 1563 1564
4 1562 1565 1566 1567
4 1568 1569 1570 1571
4 1568 1572 1573 1574
4 798 1575 1576 1577
4 1578 1579 1580 1581
4 604 1582 1583 1584
4 1582 1585 1586 1587
4 1569 1588 1589 1590
4 1565 1588 1591 1592
4 1593 1594 1595 1596
4 207 1593 1597 1598
4 1553 1599 1600 1601
4 637 1602 1603 1604
4 1605 1606 1607 1608
4 1609 1610 1611 1612
4 1613 1614 1615 1616
4 1613 1617 1618 1619
4 1617 1620 1621 1622
4 394 1623 1624 1625
4 678 1626 1627 1628
4 1626 1629 1630 1631
4 1339 1632 1633 1634
4 671 1632 1635 1636
4 1637 1638 1639 1640
4 1641 1642 1643 1644
4 1641 1645 1646 1647
4 1642 1648 1649 1650
4 1651 1652 1653 1654
4 1655 1656 1657 1658
4 1655 1659 1660 1661
4 1656 1662 1663 1664
4 1605 1662 1665 1666
4 1606 1667 1668 1669
4 1609 1667 1670 1671
4 1672 1673 1674 1675
4 1672 1676 1677 1678
4 674 1679 1680 1681
4 1682 1683 1684 1685
4 1682 1686 1687 1688
4 1689 1690 1691 1692
4 1689 1693 1694 1695
4 1690 1696 1697 1698
4 1693 1699 1700 1701
4 681 1699 1702 1703
4 398 1704 1705 1706
4 1707 1708 1709 1710
4 1707 1711 1712 1713
4 593 1714 1715 1716
4 181 1717 1718 1719
4 214 1717 1720 1721
4 695 1722 1723 1724
4 1320 1725 1726 1727
4 1728 1729 1730 1731
4 1728 1732 1733 1734
4 1735 1736 1737 1738
4 1735 1739 1740 1741
4 1736 1742 1743 1744
4 579 1745 1746 1747
4 1739 1748 1749 1750
4 12 1751 1752 1753
4 254 1754 1755 1756
4 753 1757 1758 1759
4 1760 1761 1762 1763
4 1760 1764 1765 1766
4 1757 1764 1767 1768
4 1761 1769 1770 1771
4 1533 1769 1772 1773
4 1774 1775 1776 1777
4 1516 1774 1778 1779
4 1780 1781 1782 1783
4 1780 1784 1785 1786
4 1781 1787 1788 1789
4 1790 1791 1792 1793
4 1790 1794 1795 1796
4 196 1797 1798 1799
4 1800 1801 1802 1803
4 1172 1800 1804 1805
4 1806 1807 1808 1809
4 1801 1810 1811 1812
4 1806 1810 1813 1814
4 433 1815 1816 1817
4 1168 1815 1818 1819
4 964 1820 1821 1822
4 1820 1823 1824 1825
4 1826 1827 1828 1829
4 458 1830 1831 1832
4 461 1830 1833 1834
4 1835 1836 1837 1838
4 1839 1840 1841 1842
4 1835 1839 1843 1844
4 1077 1845 1846 1847
4 1845 1848 1849 1850
4 121 1851 1852 1853
4 301 1851 1854 1855
4 820 1856 1857 1858
4 1856 1859 1860 1861
4 725 1862 1863 1864
4 729 1862 1865 1866
4 1867 1868 1869 1870
4 1867 1871 1872 1873
4 655 1874 1875 1876
4 1877 1878 1879 1880
4 1877 1881 1882 1883
4 1878 1884 1885 1886
4 1673 1884 1887 1888
4 1340 1889 1890 1891
4 1343 1889 1892 1893
4 1894 1895 1896 1897
4 1894 1898 1899 1900
4 1895 1901 1902 1903
4 999 1901 1904 1905
4 1906 1907 1908 1909
4 1906 1910 1911 1912
4 1082 1910 1913 1914
4 874 1915 1916 1917
4 1915 1918 1919 1920
4 1921 1922 1923 1924
4 1918 1925 1926 1927
4 1921 1925 1928 1929
4 883 1930 1931 1932
4 1930 1933 1934 1935
4 1936 1937 1938 1939
4 887 1936 1940 1941
4 1937 1942 1943 1944
4 1945 1946 1947 1948
4 1945 1949 1950 1951
4 1952 1953 1954 1955
4 154 1952 1956 1957
4 1946 1958 1959 1960
4 1953 1958 1961 1962
4 1963 1964 1965 1966
4 908 1963 1967 1968
4 1964 1969 1970 1971
4 1969 1972 1973 1974
4 1972 1975 1976 1977
4 1978 1979 1980 1981
4 1978 1982 1983 1984
4 1985 1986 1987 1988
4 1989 1990 1991 1992
4 1506 1989 1993 1994
4 1995 1996 1997 1998
4 1990 1995 1999 2000
4 1996 2001 2002 2003
4 2004 2005 2006 2007
4 2004 2008 2009 2010
4 2005 2011 2012 2013
4 2014 2015 2016 2017
4 298 2014 2018 2019
4 799 2020 2021 2022
4 806 2020 2023 2024
4 2015 2025 2026 2027
4 2025 2028 2029 2030
4 2028 2031 2032 2033
4 976 2031 2034 2035
4 2036 2037 2038 2039
4 2036 2040 2041 2042
4 2040 2043 2044 2045
4 930 2043 2046 2047
4 2048 2049 2050 2051
4 2037 2052 2053 2054
4 2055 2056 2057 2058
4 2055 2059 2060 2061
4 1975 2062 2063 2064
4 2059 2062 2065 2066
4 2067 2068 2069 2070
4 2056 2067 2071 2072
4 2073 2074 2075 2076
4 2073 2077 2078 2079
4 2077 2080 2081 2082
4 785 2083 2084 2085
4 782 2083 2086 2087
4 586 2088 2089 2090
4 1585 2091 2092 2093
4 2091 2094 2095 2096
4 2080 2097 2098 2099
4 852 2100 2101 2102
4 2103 2104 2105 2106
4 2107 2108 2109 2110
4 944 2111 2112 2113
4 331 2111 2114 2115
4 2107 2116 2117 2118
4 936 2119 2120 2121
4 2122 2123 2124 2125
4 2119 2122 2126 2127
4 2128 2129 2130 2131
4 1344 2132 2133 2134
4 1881 2135 2136 2137
4 2135 2138 2139 2140
4 2141 2142 2143 2144
4 2141 2145 2146 2147
4 890 2148 2149 2150
4 2142 2148 2151 2152
4 1008 2153 2154 2155
4 2153 2156 2157 2158
4 2159 2160 2161 2162
4 2163 2164 2165 2166
4 2163 2167 2168 2169
4 2170 2171 2172 2173
4 1457 2170 2174 2175
4 1401 2176 2177 2178
4 1444 2176 2179 2180
4 1192 2181 2182 2183
4 2184 2185 2186 2187
4 1306 2184 2188 2189
4 481 2190 2191 2192
4 1245 2190 2193 2194
4 2195 2196 2197 2198
4 1708 2199 2200 2201
4 2199 2202 2203 2204
4 2205 2206 2207 2208
4 2209 2210 2211 2212
4 2205 2213 2214 2215
4 2216 2217 2218 2219
4 2216 2220 2221 2222
4 2159 2223 2224 2225
4 2206 2223 2226 2227
4 2228 2229 2230 2231
4 2228 2232 2233 2234
4 2229 2235 2236 2237
4 2238 2239 2240 2241
4 2238 2242 2243 2244
4 2245 2246 2247 2248
4 2245 2249 2250 2251
4 1310 2252 2253 2254
4 2249 2252 2255 2256
4 2246 2257 2258 2259
4 2257 2260 2261 2262
4 1262 2263 2264 2265
4 1267 2263 2266 2267
4 2268 2269 2270 2271
4 1045 2268 2272 2273
4 2274 2275 2276 2277
4 1696 2274 2278 2279
4 2280 2281 2282 2283
4 2280 2284 2285 2286
4 2284 2287 2288 2289
4 395 2287 2290 2291
4 2292 2293 2294 2295
4 2281 2296 2297 2298
4 2292 2299 2300 2301
4 1060 2299 2302 2303
4 2260 2304 2305 2306
4 2304 2307 2308 2309
4 2310 2311 2312 2313
4 776 2310 2314 2315
4 779 2316 2317 2318
4 2319 2320 2321 2322
4 2323 2324 2325 2326
4 2311 2323 2327 2328
4 2329 2330 2331 2332
4 2329 2333 2334 2335
4 2319 2336 2337 2338
4 2339 2340 2341 2342
4 2339 2343 2344 2345
4 2340 2346 2347 2348
4 2343 2349 2350 2351
4 24 2352 2353 2354
4 2352 2355 2356 2357
4 2358 2359 2360 2361
4 992 2362 2363 2364
4 2362 2365 2366 2367
4 1069 2368 2369 2370
4 2371 2372 2373 2374
4 2375 2376 2377 2378
4 547 2379 2380 2381
4 2382 2383 2384 2385
4 1333 2382 2386 2387
4 2383 2388 2389 2390
4 258 2391 2392 2393
4 2394 2395 2396 2397
4 2398 2399 2400 2401
4 1933 2398 2402 2403
4 2399 2404 2405 2406
4 2394 2404 2407 2408
4 1091 2409 2410 2411
4 2412 2413 2414 2415
4 2412 2416 2417 2418
4 1226 2419 2420 2421
4 2416 2419 2422 2423
4 2424 2425 2426 2427
4 1165 2424 2428 2429
4 2425 2430 2431 2432
4 2430 2433 2434 2435
4 1791 2436 2437 2438
4 2436 2439 2440 2441
4 65 2442 2443 2444
4 202 2442 2445 2446
4 2447 2448 2449 2450
4 2451 2452 2453 2454
4 2447 2455 2456 2457
4 2458 2459 2460 2461
4 2458 2462 2463 2464
4 2455 2462 2465 2466
4 2459 2467 2468 2469
4 1745 2467 2470 2471
4 1536 2472 2473 2474
4 1748 2472 2475 2476
4 2477 2478 2479 2480
4 559 2477 2481 2482
4 162 2483 2484 2485
4 2483 2486 2487 2488
4 2232 2489 2490 2491
4 2492 2493 2494 2495
4 2209 2492 2496 2497
4 2498 2499 2500 2501
4 2502 2503 2504 2505
4 2502 2506 2507 2508
4 597 2509 2510 2511
4 2512 2513 2514 2515
4 1575 2512 2516 2517
4 600 2518 2519 2520
4 2521 2522 2523 2524
4 2525 2526 2527 2528
4 2235 2525 2529 2530
4 305 2531 2532 2533
4 2128 2534 2535 2536
4 2537 2538 2539 2540
4 2537 2541 2542 2543
4 2544 2545 2546 2547
4 2544 2548 2549 2550
4 1637 2551 2552 2553
4 2554 2555 2556 2557
4 2554 2558 2559 2560
4 1683 2561 2562 2563
4 2561 2564 2565 2566
4 2567 2568 2569 2570
4 1034 2571 2572 2573
4 2571 2574 2575 2576
4 455 2577 2578 2579
4 2580 2581 2582 2583
4 2580 2584 2585 2586
4 1729 2584 2587 2588
4 410 2589 2590 2591
4 1754 2589 2592 2593
4 2594 2595 2596 2597
4 1217 2594 2598 2599
4 1242 2600 2601 2602
4 2600 2603 2604 2605
4 2606 2607 2608 2609
4 2606 2610 2611 2612
4 2607 2613 2614 2615
4 283 2613 2616 2617
4 2610 2618 2619 2620
4 708 2618 2621 2622
4 747 2623 2624 2625
4 1124 2623 2626 2627
4 2628 2629 2630 2631
4 128 2628 2632 2633
4 2629 2634 2635 2636
4 2634 2637 2638 2639
4 2640 2641 2642 2643
4 2640 2644 2645 2646
4 1273 2644 2647 2648
4 2649 2650 2651 2652
4 2653 2654 2655 2656
4 2657 2658 2659 2660
4 2649 2657 2661 2662
4 464 2663 2664 2665
4 2658 2663 2666 2667
4 1173 2668 2669 2670
4 440 2671 2672 2673
4 465 2671 2674 2675
4 1373 2676 2677 2678
4 1316 2679 2680 2681
4 2679 2682 2683 2684
4 2685 2686 2687 2688
4 2685 2689 2690 2691
4 2692 2693 2694 2695
4 2692 2696 2697 2698
4 2696 2699 2700 2701
4 2693 2702 2703 2704
4 1711 2702 2705 2706
4 1714 2707 2708 2709
4 2707 2710 2711 2712
4 2713 2714 2715 2716
4 2713 2717 2718 2719
4 2717 2720 2721 2722
4 2720 2723 2724 2725
4 2689 2723 2726 2727
4 648 2728 2729 2730
4 2731 2732 2733 2734
4 2731 2735 2736 2737
4 2738 2739 2740 2741
4 2738 2742 2743 2744
4 2739 2745 2746 2747
4 1294 2745 2748 2749
4 2548 2750 2751 2752
4 2750 2753 2754 2755
4 1454 2756 2757 2758
4 2756 2759 2760 2761
4 2103 2762 2763 2764
4 2765 2766 2767 2768
4 2765 2769 2770 2771
4 2769 2772 2773 2774
4 1376 2772 2775 2776
4 2766 2777 2778 2779
4 1826 2777 2780 2781
4 2782 2783 2784 2785
4 2786 2787 2788 2789
4 2786 2790 2791 2792
4 1410 2793 2794 2795
4 2790 2793 2796 2797
4 2787 2798 2799 2800
4 416 2798 2801 2802
4 1407 2803 2804 2805
4 2803 2806 2807 2808
4 530 2809 2810 2811
4 2167 2809 2812 2813
4 2001 2814 2815 2816
4 2817 2818 2819 2820
4 2104 2817 2821 2822
4 2823 2824 2825 2826
4 540 2827 2828 2829
4 2830 2831 2832 2833
4 2830 2834 2835 2836
4 2831 2837 2838 2839
4 138 2840 2841 2842
4 845 2840 2843 2844
4 2845 2846 2847 2848
4 2845 2849 2850 2851
4 2846 2852 2853 2854
4 555 2852 2855 2856
4 2857 2858 2859 2860
4 2861 2862 2863 2864
4 2857 2861 2865 2866
4 118 2867 2868 2869
4 444 2867 2870 2871
4 2872 2873 2874 2875
4 2872 2876 2877 2878
4 1354 2879 2880 2881
4 2873 2879 2882 2883
4 543 2884 2885 2886
4 2884 2887 2888 2889
4 1348 2890 2891 2892
4 2893 2894 2895 2896
4 2893 2897 2898 2899
4 2676 2900 2901 2902
4 2862 2903 2904 2905
4 2906 2907 2908 2909
4 2753 2906 2910 2911
4 2903 2912 2913 2914
4 2894 2915 2916 2917
4 2890 2915 2918 2919
4 2920 2921 2922 2923
4 2920 2924 2925 2926
4 2921 2927 2928 2929
4 1537 2927 2930 2931
4 2448 2932 2933 2934
4 2451 2932 2935 2936
4 2937 2938 2939 2940
4 2937 2941 2942 2943
4 2941 2944 2945 2946
4 2782 2944 2947 2948
4 2949 2950 2951 2952
4 2949 2953 2954 2955
4 2953 2956 2957 2958
4 2959 2960 2961 2962
4 2959 2963 2964 2965
4 2966 2967 2968 2969
4 2966 2970 2971 2972
4 2967 2973 2974 2975
4 2433 2973 2976 2977
4 2452 2978 2979 2980
4 2981 2982 2983 2984
4 2981 2985 2986 2987
4 1481 2985 2988 2989
4 2518 2990 2991 2992
4 2993 2994 2995 2996
4 2993 2997 2998 2999
4 2994 3000 3001 3002
4 3003 3004 3005 3006
4 3003 3007 3008 3009
4 1784 3007 3010 3011
4 2307 3012 3013 3014
4 1134 3015 3016 3017
4 1149 3015 3018 3019
4 3020 3021 3022 3023
4 1546 3020 3024 3025
4 3026 3027 3028 3029
4 3026 3030 3031 3032
4 3027 3033 3034 3035
4 1775 3033 3036 3037
4 3012 3038 3039 3040
4 3004 3038 3041 3042
4 3030 3043 3044 3045
4 1162 3046 3047 3048
4 76 3049 3050 3051
4 266 3049 3052 3053
4 1620 3054 3055 3056
4 3057 3058 3059 3060
4 3057 3061 3062 3063
4 3054 3061 3064 3065
4 3058 3066 3067 3068
4 1732 3066 3069 3070
4 35 3071 3072 3073
4 242 3071 3074 3075
4 2275 3076 3077 3078
4 2269 3076 3079 3080
4 3081 3082 3083 3084
4 3081 3085 3086 3087
4 3088 3089 3090 3091
4 1623 3088 3092 3093
4 3089 3094 3095 3096
4 3094 3097 3098 3099
4 3085 3100 3101 3102
4 1704 3100 3103 3104
4 3097 3105 3106 3107
4 1629 3108 3109 3110
4 3111 3112 3113 3114
4 3111 3115 3116 3117
4 3118 3119 3120 3121
4 3122 3123 3124 3125
4 3118 3122 3126 3127
4 3105 3119 3128 3129
4 3123 3130 3131 3132
4 1638 3130 3133 3134
4 2181 3135 3136 3137
4 3138 3139 3140 3141
4 3138 3142 3143 3144
4 3145 3146 3147 3148
4 652 3149 3150 3151
4 3145 3149 3152 3153
4 3154 3155 3156 3157
4 3154 3158 3159 3160
4 1651 3158 3161 3162
4 3163 3164 3165 3166
4 2686 3163 3167 3168
4 3164 3169 3170 3171
4 684 3172 3173 3174
4 3175 3176 3177 3178
4 3175 3179 3180 3181
4 3179 3182 3183 3184
4 3115 3182 3185 3186
4 3176 3187 3188 3189
4 665 3190 3191 3192
4 3190 3193 3194 3195
4 3196 3197 3198 3199
4 3196 3200 3201 3202
4 3203 3204 3205 3206
4 1602 3203 3207 3208
4 1027 3209 3210 3211
4 2202 3212 3213 3214
4 2195 3212 3215 3216
4 399 3217 3218 3219
4 1679 3217 3220 3221
4 1676 3222 3223 3224
4 3225 3226 3227 3228
4 3225 3229 3230 3231
4 3226 3232 3233 3234
4 3232 3235 3236 3237
4 3229 3238 3239 3240
4 1088 3238 3241 3242
4 3243 3244 3245 3246
4 1097 3243 3247 3248
4 451 3249 3250 3251
4 631 3249 3252 3253
4 3254 3255 3256 3257
4 3254 3258 3259 3260
4 3255 3261 3262 3263
4 705 3261 3264 3265
4 3258 3266 3267 3268
4 2710 3266 3269 3270
4 3271 3272 3273 3274
4 3271 3275 3276 3277
4 1725 3272 3278 3279
4 3280 3281 3282 3283
4 3280 3284 3285 3286
4 3284 3287 3288 3289
4 713 3281 3290 3291
4 3287 3292 3293 3294
4 2567 3292 3295 3296
4 2409 3297 3298 3299
4 3300 3301 3302 3303
4 1751 3304 3305 3306
4 1125 3307 3308 3309
4 3307 3310 3311 3312
4 3313 3314 3315 3316
4 3310 3313 3317 3318
4 3314 3319 3320 3321
4 2581 3319 3322 3323
4 709 3324 3325 3326
4 1239 3324 3327 3328
4 3329 3330 3331 3332
4 43 3333 3334 3335
4 1807 3336 3337 3338
4 3339 3340 3341 3342
4 3339 3343 3344 3345
4 3336 3343 3346 3347
4 384 3348 3349 3350
4 2330 3348 3351 3352
4 3353 3354 3355 3356
4 3353 3357 3358 3359
4 3357 3360 3361 3362
4 125 3360 3363 3364
4 3354 3365 3366 3367
4 767 3365 3368 3369
4 378 3370 3371 3372
4 60 3370 3373 3374
4 3375 3376 3377 3378
4 3375 3379 3380 3381
4 3376 3382 3383 3384
4 468 3382 3385 3386
4 3379 3387 3388 3389
4 2439 3387 3390 3391
4 420 3392 3393 3394
4 1263 3392 3395 3396
4 3397 3398 3399 3400
4 1487 3397 3401 3402
4 2320 3403 3404 3405
4 3406 3407 3408 3409
4 3406 3410 3411 3412
4 3407 3413 3414 3415
4 3413 3416 3417 3418
4 3416 3419 3420 3421
4 3422 3423 3424 3425
4 2997 3422 3426 3427
4 3428 3429 3430 3431
4 2048 3428 3432 3433
4 956 3434 3435 3436
4 933 3434 3437 3438
4 1985 3439 3440 3441
4 3442 3443 3444 3445
4 3442 3446 3447 3448
4 3439 3446 3449 3450
4 3443 3451 3452 3453
4 3454 3455 3456 3457
4 3454 3458 3459 3460
4 3458 3461 3462 3463
4 3464 3465 3466 3467
4 3464 3468 3469 3470
4 3465 3471 3472 3473
4 1827 3471 3474 3475
4 3476 3477 3478 3479
4 809 3480 3481 3482
4 803 3480 3483 3484
4 3476 3485 3486 3487
4 2498 3488 3489 3490
4 3488 3491 3492 3493
4 3491 3494 3495 3496
4 3494 3497 3498 3499
4 3497 3500 3501 3502
4 355 3500 3503 3504
4 3505 3506 3507 3508
4 544 3505 3509 3510
4 3511 3512 3513 3514
4 3506 3511 3515 3516
4 3512 3517 3518 3519
4 814 3517 3520 3521
4 61 3522 3523 3524
4 1355 3522 3525 3526
4 909 3527 3528 3529
4 3530 3531 3532 3533
4 3530 3534 3535 3536
4 1110 3537 3538 3539
4 3531 3537 3540 3541
4 3542 3543 3544 3545
4 3542 3546 3547 3548
4 1652 3546 3549 3550
4 2074 3551 3552 3553
4 328 3554 3555 3556
4 3557 3558 3559 3560
4 3561 3562 3563 3564
4 3557 3561 3565 3566
4 308 3567 3568 3569
4 3562 3567 3570 3571
4 3572 3573 3574 3575
4 3572 3576 3577 3578
4 3573 3579 3580 3581
4 897 3579 3582 3583
4 3576 3584 3585 3586
4 827 3584 3587 3588
4 548 3589 3590 3591
4 1949 3589 3592 3593
4 1982 3594 3595 3596
4 1986 3594 3597 3598
4 3599 3600 3601 3602
4 3599 3603 3604 3605
4 3606 3607 3608 3609
4 3606 3610 3611 3612
4 3554 3610 3613 3614
4 3558 3615 3616 3617
4 2008 3618 3619 3620
4 2217 3621 3622 3623
4 3621 3624 3625 3626
4 3627 3628 3629 3630
4 3631 3632 3633 3634
4 1942 3635 3636 3637
4 3451 3635 3638 3639
4 3631 3640 3641 3642
4 3643 3644 3645 3646
4 3643 3647 3648 3649
4 3644 3650 3651 3652
4 571 3650 3653 3654
4 3647 3655 3656 3657
4 3627 3655 3658 3659
4 488 3660 3661 3662
4 2011 3660 3663 3664
4 1659 3665 3666 3667
4 3668 3669 3670 3671
4 3665 3668 3672 3673
4 1599 3674 3675 3676
4 3677 3678 3679 3680
4 1823 3681 3682 3683
4 3677 3684 3685 3686
4 3684 3687 3688 3689
4 3690 3691 3692 3693
4 3687 3690 3694 3695
4 3696 3697 3698 3699
4 3696 3700 3701 3702
4 2068 3703 3704 3705
4 3703 3706 3707 3708
4 3709 3710 3711 3712
4 3697 3709 3713 3714
4 3710 3715 3716 3717
4 2346 3715 3718 3719
4 3720 3721 3722 3723
4 1868 3720 3724 3725
4 848 3726 3727 3728
4 2100 3726 3729 3730
4 3721 3731 3732 3733
4 3731 3734 3735 3736
4 2333 3737 3738 3739
4 3737 3740 3741 3742
4 3734 3743 3744 3745
4 3746 3747 3748 3749
4 2108 3746 3750 3751
4 3752 3753 3754 3755
4 3747 3752 3756 3757
4 3753 3758 3759 3760
4 2049 3758 3761 3762
4 937 3763 3764 3765
4 2052 3763 3766 3767
4 3768 3769 3770 3771
4 1040 3768 3772 3773
4 3774 3775 3776 3777
4 2123 3774 3778 3779
4 3780 3781 3782 3783
4 3784 3785 3786 3787
4 3784 3788 3789 3790
4 3788 3791 3792 3793
4 1874 3791 3794 3795
4 3551 3796 3797 3798
4 3543 3796 3799 3800
4 3801 3802 3803 3804
4 3805 3806 3807 3808
4 3805 3809 3810 3811
4 3806 3812 3813 3814
4 325 3815 3816 3817
4 3809 3818 3819 3820
4 3821 3822 3823 3824
4 3821 3825 3826 3827
4 1000 3825 3828 3829
4 3607 3830 3831 3832
4 3640 3830 3833 3834
4 3835 3836 3837 3838
4 3835 3839 3840 3841
4 3706 3839 3842 3843
4 3844 3845 3846 3847
4 3848 3849 3850 3851
4 2837 3848 3852 3853
4 3854 3855 3856 3857
4 3854 3858 3859 3860
4 3858 3861 3862 3863
4 3861 3864 3865 3866
4 3855 3867 3868 3869
4 3769 3867 3870 3871
4 2210 3872 3873 3874
4 2213 3872 3875 3876
4 3877 3878 3879 3880
4 2806 3877 3881 3882
4 2541 3883 3884 3885
4 3864 3883 3886 3887
4 3888 3889 3890 3891
4 3888 3892 3893 3894
4 3895 3896 3897 3898
4 3889 3895 3899 3900
4 1578 3901 3902 3903
4 2196 3901 3904 3905
4 610 3906 3907 3908
4 3892 3906 3909 3910
4 3911 3912 3913 3914
4 3911 3915 3916 3917
4 3918 3919 3920 3921
4 3922 3923 3924 3925
4 3918 3922 3926 3927
4 3928 3929 3930 3931
4 3928 3932 3933 3934
4 3929 3935 3936 3937
4 3935 3938 3939 3940
4 3941 3942 3943 3944
4 447 3941 3945 3946
4 2242 3947 3948 3949
4 3947 3950 3951 3952
4 3953 3954 3955 3956
4 3953 3957 3958 3959
4 3954 3960 3961 3962
4 352 3963 3964 3965
4 2577 3963 3966 3967
4 3968 3969 3970 3971
4 3968 3972 3973 3974
4 3969 3975 3976 3977
4 1185 3975 3978 3979
4 3972 3980 3981 3982
4 3950 3980 3983 3984
4 2545 3985 3986 3987
4 2538 3985 3988 3989
4 3990 3991 3992 3993
4 3994 3995 3996 3997
4 2239 3994 3998 3999
4 810 4000 4001 4002
4 4000 4003 4004 4005
4 4003 4006 4007 4008
4 4006 4009 4010 4011
4 4009 4012 4013 4014
4 2493 4012 4015 4016
4 4017 4018 4019 4020
4 4021 4022 4023 4024
4 4021 4025 4026 4027
4 4025 4028 4029 4030
4 3801 4028 4031 4032
4 4033 4034 4035 4036
4 227 4033 4037 4038
4 4039 4040 4041 4042
4 701 4039 4043 4044
4 3197 4045 4046 4047
4 3204 4045 4048 4049
4 4050 4051 4052 4053
4 2316 4050 4054 4055
4 4051 4056 4057 4058
4 4056 4059 4060 4061
4 4059 4062 4063 4064
4 3398 4065 4066 4067
4 3340 4068 4069 4070
4 4068 4071 4072 4073
4 3329 4074 4075 4076
4 4071 4077 4078 4079
4 4080 4081 4082 4083
4 4080 4084 4085 4086
4 2375 4087 4088 4089
4 4081 4087 4090 4091
4 2349 4092 4093 4094
4 2371 4092 4095 4096
4 2376 4097 4098 4099
4 4100 4101 4102 4103
4 4100 4104 4105 4106
4 2372 4104 4107 4108
4 2391 4109 4110 4111
4 4112 4113 4114 4115
4 4112 4116 4117 4118
4 2714 4116 4119 4120
4 1922 4121 4122 4123
4 4121 4124 4125 4126
4 4127 4128 4129 4130
4 4113 4127 4131 4132
4 853 4133 4134 4135
4 4133 4136 4137 4138
4 2388 4139 4140 4141
4 2395 4139 4142 4143
4 4144 4145 4146 4147
4 4144 4148 4149 4150
4 4145 4151 4152 4153
4 1336 4151 4154 4155
4 4156 4157 4158 4159
4 2358 4156 4160 4161
4 4148 4162 4163 4164
4 4165 4166 4167 4168
4 4169 4170 4171 4172
4 4169 4173 4174 4175
4 4170 4176 4177 4178
4 4109 4176 4179 4180
4 4173 4181 4182 4183
4 1907 4181 4184 4185
4 4124 4186 4187 4188
4 4128 4186 4189 4190
4 4191 4192 4193 4194
4 4195 4196 4197 4198
4 4195 4199 4200 4201
4 403 4199 4202 4203
4 1211 4204 4205 4206
4 3938 4204 4207 4208
4 4209 4210 4211 4212
4 4213 4214 4215 4216
4 4209 4213 4217 4218
4 1579 4219 4220 4221
4 4214 4219 4222 4223
4 4224 4225 4226 4227
4 2503 4224 4228 4229
4 4230 4231 4232 4233
4 4225 4230 4234 4235
4 4231 4236 4237 4238
4 4239 4240 4241 4242
4 2938 4243 4244 4245
4 4239 4246 4247 4248
4 4249 4250 4251 4252
4 4249 4253 4254 4255
4 1572 4256 4257 4258
4 2521 4256 4259 4260
4 4253 4261 4262 4263
4 2509 4261 4264 4265
4 315 4266 4267 4268
4 2132 4269 4270 4271
4 2534 4269 4272 4273
4 4274 4275 4276 4277
4 2531 4274 4278 4279
4 4280 4281 4282 4283
4 4280 4284 4285 4286
4 1188 4284 4287 4288
4 2912 4289 4290 4291
4 2907 4289 4292 4293
4 1380 4294 4295 4296
4 4294 4297 4298 4299
4 4297 4300 4301 4302
4 4300 4303 4304 4305
4 4303 4306 4307 4308
4 1031 4306 4309 4310
4 340 4311 4312 4313
4 4314 4315 4316 4317
4 4314 4318 4319 4320
4 4315 4321 4322 4323
4 4321 4324 4325 4326
4 4327 4328 4329 4330
4 4327 4331 4332 4333
4 4324 4334 4335 4336
4 4337 4338 4339 4340
4 4337 4341 4342 4343
4 4344 4345 4346 4347
4 4348 4349 4350 4351
4 4344 4348 4352 4353
4 1610 4354 4355 4356
4 4357 4358 4359 4360
4 3995 4357 4361 4362
4 4363 4364 4365 4366
4 4363 4367 4368 4369
4 4364 4370 4371 4372
4 4367 4373 4374 4375
4 2568 4373 4376 4377
4 3082 4378 4379 4380
4 4378 4381 4382 4383
4 4384 4385 4386 4387
4 4384 4388 4389 4390
4 4385 4391 4392 4393
4 1440 4394 4395 4396
4 4397 4398 4399 4400
4 2876 4397 4401 4402
4 4403 4404 4405 4406
4 4398 4403 4407 4408
4 4409 4410 4411 4412
4 4413 4414 4415 4416
4 4413 4417 4418 4419
4 4414 4420 4421 4422
4 4417 4423 4424 4425
4 4423 4426 4427 4428
4 134 4420 4429 4430
4 2603 4431 4432 4433
4 2595 4431 4434 4435
4 4436 4437 4438 4439
4 2641 4436 4440 4441
4 4196 4442 4443 4444
4 4191 4442 4445 4446
4 4447 4448 4449 4450
4 4437 4447 4451 4452
4 4448 4453 4454 4455
4 3244 4453 4456 4457
4 2650 4458 4459 4460
4 4461 4462 4463 4464
4 2653 4461 4465 4466
4 4462 4467 4468 4469
4 4467 4470 4471 4472
4 4470 4473 4474 4475
4 2858 4473 4476 4477
4 4478 4479 4480 4481
4 4409 4478 4482 4483
4 4484 4485 4486 4487
4 4484 4488 4489 4490
4 2668 4491 4492 4493
4 4488 4491 4494 4495
4 4485 4496 4497 4498
4 2654 4496 4499 4500
4 1250 4501 4502 4503
4 4501 4504 4505 4506
4 4507 4508 4509 4510
4 4511 4512 4513 4514
4 4507 4511 4515 4516
4 1722 4517 4518 4519
4 4517 4520 4521 4522
4 4523 4524 4525 4526
4 4165 4523 4527 4528
4 4529 4530 4531 4532
4 4524 4529 4533 4534
4 691 4535 4536 4537
4 4530 4535 4538 4539
4 4479 4540 4541 4542
4 1253 4543 4544 4545
4 4546 4547 4548 4549
4 4546 4550 4551 4552
4 2699 4553 4554 4555
4 4550 4553 4556 4557
4 849 4558 4559 4560
4 2728 4558 4561 4562
4 4166 4563 4564 4565
4 4566 4567 4568 4569
4 4136 4566 4570 4571
4 1078 4572 4573 4574
4 2735 4572 4575 4576
4 4084 4577 4578 4579
4 4577 4580 4581 4582
4 1450 4583 4584 4585
4 4586 4587 4588 4589
4 4349 4590 4591 4592
4 4590 4593 4594 4595
4 3849 4596 4597 4598
4 4596 4599 4600 4601
4 4266 4602 4603 4604
4 4602 4605 4606 4607
4 795 4608 4609 4610
4 2783 4608 4611 4612
4 4613 4614 4615 4616
4 3455 4613 4617 4618
4 4619 4620 4621 4622
4 4614 4619 4623 4624
4 4620 4625 4626 4627
4 3485 4625 4628 4629
4 4630 4631 4632 4633
4 4634 4635 4636 4637
4 2506 4634 4638 4639
4 87 4630 4640 4641
4 370 4642 4643 4644
4 1176 4642 4645 4646
4 4647 4648 4649 4650
4 2818 4651 4652 4653
4 2823 4654 4655 4656
4 4657 4658 4659 4660
4 4651 4657 4661 4662
4 527 4663 4664 4665
4 2824 4666 4667 4668
4 2827 4666 4669 4670
4 4671 4672 4673 4674
4 3624 4671 4675 4676
4 4654 4677 4678 4679
4 1011 4680 4681 4682
4 4683 4684 4685 4686
4 4683 4687 4688 4689
4 4687 4690 4691 4692
4 4690 4693 4694 4695
4 4684 4696 4697 4698
4 2156 4696 4699 4700
4 4701 4702 4703 4704
4 4705 4706 4707 4708
4 2900 4705 4709 4710
4 2897 4711 4712 4713
4 4711 4714 4715 4716
4 4706 4717 4718 4719
4 4720 4721 4722 4723
4 4720 4724 4725 4726
4 4724 4727 4728 4729
4 4727 4730 4731 4732
4 1543 4730 4733 4734
4 4735 4736 4737 4738
4 1490 4735 4739 4740
4 4736 4741 4742 4743
4 4741 4744 4745 4746
4 2956 4747 4748 4749
4 2978 4747 4750 4751
4 203 4752 4753 4754
4 4744 4752 4755 4756
4 4757 4758 4759 4760
4 289 4757 4761 4762
4 4758 4763 4764 4765
4 2990 4766 4767 4768
4 4246 4766 4769 4770
4 3000 4771 4772 4773
4 4774 4775 4776 4777
4 4774 4778 4779 4780
4 4771 4778 4781 4782
4 4775 4783 4784 4785
4 2970 4783 4786 4787
4 3330 4788 4789 4790
4 3691 4791 4792 4793
4 3021 4791 4794 4795
4 4796 4797 4798 4799
4 4796 4800 4801 4802
4 4800 4803 4804 4805
4 3912 4806 4807 4808
4 4806 4809 4810 4811
4 4809 4812 4813 4814
4 4812 4815 4816 4817
4 4815 4818 4819 4820
4 688 4818 4821 4822
4 4040 4823 4824 4825
4 4034 4823 4826 4827
4 4828 4829 4830 4831
4 4828 4832 4833 4834
4 4381 4829 4835 4836
4 2413 4837 4838 4839
4 3297 4837 4840 4841
4 4842 4843 4844 4845
4 4842 4846 4847 4848
4 4846 4849 4850 4851
4 4520 4849 4852 4853
4 4843 4854 4855 4856
4 4857 4858 4859 4860
4 4857 4861 4862 4863
4 4861 4864 4865 4866
4 4867 4868 4869 4870
4 4867 4871 4872 4873
4 3155 4874 4875 4876
4 4871 4877 4878 4879
4 4022 4877 4880 4881
4 1686 4882 4883 4884
4 4885 4886 4887 4888
4 3146 4885 4889 4890
4 4891 4892 4893 4894
4 3222 4891 4895 4896
4 4897 4898 4899 4900
4 3169 4897 4901 4902
4 661 4903 4904 4905
4 4903 4906 4907 4908
4 3193 4909 4910 4911
4 4909 4912 4913 4914
4 3200 4915 4916 4917
4 3187 4915 4918 4919
4 4920 4921 4922 4923
4 4906 4920 4924 4925
4 1614 4926 4927 4928
4 4926 4929 4930 4931
4 4932 4933 4934 4935
4 4932 4936 4937 4938
4 4936 4939 4940 4941
4 3209 4939 4942 4943
4 4933 4944 4945 4946
4 3172 4944 4947 4948
4 4912 4949 4950 4951
4 4898 4949 4952 4953
4 4954 4955 4956 4957
4 4954 4958 4959 4960
4 4955 4961 4962 4963
4 4370 4961 4964 4965
4 4958 4966 4967 4968
4 4892 4966 4969 4970
4 4921 4971 4972 4973
4 4929 4971 4974 4975
4 4388 4976 4977 4978
4 4976 4979 4980 4981
4 3960 4982 4983 4984
4 2555 4982 4985 4986
4 4864 4987 4988 4989
4 2682 4987 4990 4991
4 4992 4993 4994 4995
4 4996 4997 4998 4999
4 4992 4996 5000 5001
4 4997 5002 5003 5004
4 1898 5002 5005 5006
4 3429 5007 5008 5009
4 3423 5007 5010 5011
4 4065 5012 5013 5014
4 3410 5015 5016 5017
4 4062 5015 5018 5019
4 3419 5020 5021 5022
4 5023 5024 5025 5026
4 5023 5027 5028 5029
4 5020 5024 5030 5031
4 5027 5032 5033 5034
4 4797 5032 5035 5036
4 2097 5037 5038 5039
4 3700 5037 5040 5041
4 5042 5043 5044 5045
4 5042 5046 5047 5048
4 5043 5049 5050 5051
4 5049 5052 5053 5054
4 2489 5055 5056 5057
4 5058 5059 5060 5061
4 5062 5063 5064 5065
4 5062 5066 5067 5068
4 5069 5070 5071 5072
4 5069 5073 5074 5075
4 1447 5076 5077 5078
4 5076 5079 5080 5081
4 5082 5083 5084 5085
4 5082 5086 5087 5088
4 5083 5089 5090 5091
4 2849 5089 5092 5093
4 4583 5094 5095 5096
4 5094 5097 5098 5099
4 5058 5100 5101 5102
4 5100 5103 5104 5105
4 5079 5106 5107 5108
4 5106 5109 5110 5111
4 5112 5113 5114 5115
4 5109 5112 5116 5117
4 5113 5118 5119 5120
4 1836 5118 5121 5122
4 53 5123 5124 5125
4 2379 5123 5126 5127
4 5128 5129 5130 5131
4 1979 5132 5133 5134
4 5128 5135 5136 5137
4 3527 5138 5139 5140
4 5141 5142 5143 5144
4 2960 5145 5146 5147
4 5141 5148 5149 5150
4 3600 5148 5151 5152
4 1496 5153 5154 5155
4 1502 5153 5156 5157
4 5158 5159 5160 5161
4 5158 5162 5163 5164
4 321 5165 5166 5167
4 5159 5165 5168 5169
4 5170 5171 5172 5173
4 3615 5170 5174 5175
4 5176 5177 5178 5179
4 5176 5180 5181 5182
4 5180 5183 5184 5185
4 5162 5183 5186 5187
4 5177 5188 5189 5190
4 3628 5188 5191 5192
4 332 5193 5194 5195
4 920 5193 5196 5197
4 5198 5199 5200 5201
4 4663 5198 5202 5203
4 5204 5205 5206 5207
4 5199 5204 5208 5209
4 2171 5210 5211 5212
4 2164 5210 5213 5214
4 5215 5216 5217 5218
4 916 5215 5219 5220
4 905 5221 5222 5223
4 2814 5221 5224 5225
4 5226 5227 5228 5229
4 5226 5230 5231 5232
4 5227 5233 5234 5235
4 5216 5236 5237 5238
4 5230 5239 5240 5241
4 3603 5233 5242 5243
4 614 5244 5245 5246
4 5244 5247 5248 5249
4 5250 5251 5252 5253
4 5247 5250 5254 5255
4 5251 5256 5257 5258
4 583 5256 5259 5260
4 1594 5261 5262 5263
4 3674 5261 5264 5265
4 5266 5267 5268 5269
4 5266 5270 5271 5272
4 5267 5273 5274 5275
4 617 5273 5276 5277
4 5270 5278 5279 5280
4 3740 5278 5281 5282
4 983 5283 5284 5285
4 1559 5283 5286 5287
4 3743 5288 5289 5290
4 5291 5292 5293 5294
4 5288 5291 5295 5296
4 2365 5297 5298 5299
4 2359 5297 5300 5301
4 3780 5302 5303 5304
4 5302 5305 5306 5307
4 5305 5308 5309 5310
4 5308 5311 5312 5313
4 5314 5315 5316 5317
4 4701 5314 5318 5319
4 5320 5321 5322 5323
4 4702 5320 5324 5325
4 5326 5327 5328 5329
4 2116 5326 5330 5331
4 3781 5332 5333 5334
4 3775 5332 5335 5336
4 5327 5337 5338 5339
4 5321 5337 5340 5341
4 3812 5342 5343 5344
4 5342 5345 5346 5347
4 5348 5349 5350 5351
4 1645 5348 5352 5353
4 2138 5354 5355 5356
4 5354 5357 5358 5359
4 5360 5361 5362 5363
4 5357 5360 5364 5365
4 5361 5366 5367 5368
4 2129 5369 5370 5371
4 3815 5369 5372 5373
4 2145 5374 5375 5376
4 5377 5378 5379 5380
4 960 5381 5382 5383
4 5377 5381 5384 5385
4 3822 5386 5387 5388
4 3818 5386 5389 5390
4 5391 5392 5393 5394
4 3836 5391 5395 5396
4 5366 5397 5398 5399
4 5374 5397 5400 5401
4 5402 5403 5404 5405
4 5392 5402 5406 5407
4 3785 5408 5409 5410
4 5403 5408 5411 5412
4 1648 5413 5414 5415
4 5416 5417 5418 5419
4 5416 5420 5421 5422
4 5423 5424 5425 5426
4 5427 5428 5429 5430
4 2160 5427 5431 5432
4 5433 5434 5435 5436
4 1351 5433 5437 5438
4 4680 5439 5440 5441
4 5442 5443 5444 5445
4 5311 5442 5446 5447
4 5443 5448 5449 5450
4 5434 5451 5452 5453
4 5428 5451 5454 5455
4 5456 5457 5458 5459
4 3923 5456 5460 5461
4 5420 5462 5463 5464
4 5462 5465 5466 5467
4 5457 5468 5469 5470
4 5465 5468 5471 5472
4 2220 5473 5474 5475
4 3461 5473 5476 5477
4 5478 5479 5480 5481
4 5478 5482 5483 5484
4 5482 5485 5486 5487
4 5485 5488 5489 5490
4 3957 5488 5491 5492
4 3942 5493 5494 5495
4 5496 5497 5498 5499
4 5496 5500 5501 5502
4 5493 5497 5503 5504
4 5500 5505 5506 5507
4 4341 5505 5508 5509
4 5510 5511 5512 5513
4 5510 5514 5515 5516
4 5514 5517 5518 5519
4 5517 5520 5521 5522
4 5520 5523 5524 5525
4 5523 5526 5527 5528
4 1037 5529 5530 5531
4 4017 5532 5533 5534
4 1041 5535 5536 5537
4 5529 5535 5538 5539
4 5540 5541 5542 5543
4 5540 5544 5545 5546
4 5544 5547 5548 5549
4 4018 5547 5550 5551
4 4358 5552 5553 5554
4 5511 5552 5555 5556
4 5557 5558 5559 5560
4 4077 5557 5561 5562
4 5563 5564 5565 5566
4 786 5563 5567 5568
4 5558 5569 5570 5571
4 5564 5569 5572 5573
4 2324 5574 5575 5576
4 2336 5574 5577 5578
4 5579 5580 5581 5582
4 836 5579 5583 5584
4 5585 5586 5587 5588
4 4101 5585 5589 5590
4 5135 5591 5592 5593
4 5138 5591 5594 5595
4 5596 5597 5598 5599
4 1330 5596 5600 5601
4 5602 5603 5604 5605
4 3112 5602 5606 5607
4 860 5608 5609 5610
4 1326 5608 5611 5612
4 5603 5613 5614 5615
4 5597 5613 5616 5617
4 5618 5619 5620 5621
4 3108 5618 5622 5623
4 5619 5624 5625 5626
4 5624 5627 5628 5629
4 5627 5630 5631 5632
4 5630 5633 5634 5635
4 2558 5636 5637 5638
4 4354 5636 5639 5640
4 5641 5642 5643 5644
4 5641 5645 5646 5647
4 2094 5648 5649 5650
4 5642 5648 5651 5652
4 5653 5654 5655 5656
4 5653 5657 5658 5659
4 5654 5660 5661 5662
4 3896 5660 5663 5664
4 2522 5665 5666 5667
4 2526 5665 5668 5669
4 5670 5671 5672 5673
4 5670 5674 5675 5676
4 5674 5677 5678 5679
4 5657 5677 5680 5681
4 5671 5682 5683 5684
4 5046 5682 5685 5686
4 2499 5687 5688 5689
4 4210 5687 5690 5691
4 3915 5692 5693 5694
4 3046 5695 5696 5697
4 5698 5699 5700 5701
4 2551 5698 5702 5703
4 5704 5705 5706 5707
4 5699 5704 5708 5709
4 5705 5710 5711 5712
4 4605 5710 5713 5714
4 3844 5715 5716 5717
4 1204 5715 5718 5719
4 508 5720 5721 5722
4 4311 5720 5723 5724
4 5725 5726 5727 5728
4 5725 5729 5730 5731
4 5479 5732 5733 5734
4 5726 5732 5735 5736
4 5737 5738 5739 5740
4 5737 5741 5742 5743
4 5741 5744 5745 5746
4 5738 5747 5748 5749
4 4281 5750 5751 5752
4 5729 5744 5753 5754
4 5755 5756 5757 5758
4 5755 5759 5760 5761
4 5756 5762 5763 5764
4 5417 5762 5765 5766
4 4672 5767 5768 5769
4 5439 5767 5770 5771
4 4886 5772 5773 5774
4 5775 5776 5777 5778
4 5775 5779 5780 5781
4 5776 5782 5783 5784
4 5782 5785 5786 5787
4 2574 5788 5789 5790
4 4391 5788 5791 5792
4 5785 5793 5794 5795
4 1230 5793 5796 5797
4 5798 5799 5800 5801
4 5802 5803 5804 5805
4 5798 5802 5806 5807
4 4404 5799 5808 5809
4 5803 5810 5811 5812
4 5750 5810 5813 5814
4 5815 5816 5817 5818
4 5747 5815 5819 5820
4 5821 5822 5823 5824
4 5821 5825 5826 5827
4 5825 5828 5829 5830
4 5822 5831 5832 5833
4 5816 5831 5834 5835
4 2887 5828 5836 5837
4 1460 5838 5839 5840
4 4328 5838 5841 5842
4 5843 5844 5845 5846
4 5843 5847 5848 5849
4 5844 5850 5851 5852
4 1223 5850 5853 5854
4 2637 5855 5856 5857
4 5847 5855 5858 5859
4 4426 5860 5861 5862
4 4192 5860 5863 5864
4 1246 5865 5866 5867
4 4458 5865 5868 5869
4 4504 5870 5871 5872
4 4508 5873 5874 5875
4 5873 5876 5877 5878
4 5876 5879 5880 5881
4 5879 5882 5883 5884
4 5882 5885 5886 5887
4 5759 5885 5888 5889
4 4331 5890 5891 5892
4 4334 5890 5893 5894
4 4540 5895 5896 5897
4 5895 5898 5899 5900
4 5901 5902 5903 5904
4 575 5901 5905 5906
4 2355 5907 5908 5909
4 5907 5910 5911 5912
4 1169 5913 5914 5915
4 4543 5913 5916 5917
4 5918 5919 5920 5921
4 5910 5918 5922 5923
4 5073 5924 5925 5926
4 5927 5928 5929 5930
4 5931 5932 5933 5934
4 5927 5931 5935 5936
4 4547 5937 5938 5939
4 5932 5937 5940 5941
4 4563 5942 5943 5944
4 5942 5945 5946 5947
4 5945 5948 5949 5950
4 5951 5952 5953 5954
4 5951 5955 5956 5957
4 5958 5959 5960 5961
4 5955 5958 5962 5963
4 5959 5964 5965 5966
4 5967 5968 5969 5970
4 5967 5971 5972 5973
4 5971 5974 5975 5976
4 5968 5977 5978 5979
4 356 5977 5980 5981
4 4394 5974 5982 5983
4 4635 5984 5985 5986
4 4631 5984 5987 5988
4 5989 5990 5991 5992
4 4586 5989 5993 5994
4 5990 5995 5996 5997
4 5995 5998 5999 6000
4 2759 6001 6002 6003
4 5952 6001 6004 6005
4 6006 6007 6008 6009
4 6006 6010 6011 6012
4 6010 6013 6014 6015
4 5205 6013 6016 6017
4 6007 6018 6019 6020
4 5998 6018 6021 6022
4 6023 6024 6025 6026
4 6023 6027 6028 6029
4 6027 6030 6031 6032
4 3618 6030 6033 6034
4 6024 6035 6036 6037
4 2834 6035 6038 6039
4 4658 6040 6041 6042
4 4677 6040 6043 6044
4 6045 6046 6047 6048
4 6045 6049 6050 6051
4 6046 6052 6053 6054
4 2486 6052 6055 6056
4 6049 6057 6058 6059
4 3300 6057 6060 6061
4 1177 6062 6063 6064
4 1180 6062 6065 6066
4 2924 6067 6068 6069
4 6067 6070 6071 6072
4 6073 6074 6075 6076
4 6070 6073 6077 6078
4 6074 6079 6080 6081
4 2963 6079 6082 6083
4 2478 6084 6085 6086
4 6087 6088 6089 6090
4 4763 6087 6091 6092
4 4721 6093 6094 6095
4 6084 6093 6096 6097
4 6098 6099 6100 6101
4 6088 6098 6102 6103
4 1475 6104 6105 6106
4 6099 6104 6107 6108
4 6109 6110 6111 6112
4 2982 6109 6113 6114
4 3333 6115 6116 6117
4 4788 6115 6118 6119
4 6120 6121 6122 6123
4 6110 6120 6124 6125
4 430 6126 6127 6128
4 6121 6126 6129 6130
4 6131 6132 6133 6134
4 6131 6135 6136 6137
4 1742 6138 6139 6140
4 6132 6138 6141 6142
4 6135 6143 6144 6145
4 4832 6143 6146 6147
4 2293 6148 6149 6150
4 2296 6148 6151 6152
4 6153 6154 6155 6156
4 6153 6157 6158 6159
4 6160 6161 6162 6163
4 6154 6160 6164 6165
4 6161 6166 6167 6168
4 6166 6169 6170 6171
4 1024 6172 6173 6174
4 6172 6175 6176 6177
4 4874 6178 6179 6180
4 4854 6181 6182 6183
4 6181 6184 6185 6186
4 6187 6188 6189 6190
4 6187 6191 6192 6193
4 6191 6194 6195 6196
4 6188 6197 6198 6199
4 3275 6197 6200 6201
4 5902 6202 6203 6204
4 5898 6202 6205 6206
4 4993 6207 6208 6209
4 6210 6211 6212 6213
4 6210 6214 6215 6216
4 6207 6214 6217 6218
4 6211 6219 6220 6221
4 2950 6219 6222 6223
4 5142 6224 6225 6226
4 5145 6224 6227 6228
4 6229 6230 6231 6232
4 6229 6233 6234 6235
4 6233 6236 6237 6238
4 5012 6236 6239 6240
4 6230 6241 6242 6243
4 3681 6241 6244 6245
4 3403 6246 6247 6248
4 3678 6246 6249 6250
4 1181 6251 6252 6253
4 3304 6254 6255 6256
4 3301 6254 6257 6258
4 6259 6260 6261 6262
4 3468 6259 6263 6264
4 6251 6265 6266 6267
4 6265 6268 6269 6270
4 6260 6271 6272 6273
4 6271 6274 6275 6276
4 6274 6277 6278 6279
4 4236 6280 6281 6282
4 6280 6283 6284 6285
4 6286 6287 6288 6289
4 6268 6286 6290 6291
4 6292 6293 6294 6295
4 6287 6292 6296 6297
4 6298 6299 6300 6301
4 6293 6298 6302 6303
4 6304 6305 6306 6307
4 3990 6304 6308 6309
4 3919 6310 6311 6312
4 5055 6310 6313 6314
4 6305 6315 6316 6317
4 6315 6318 6319 6320
4 5645 6321 6322 6323
4 6318 6321 6324 6325
4 6326 6327 6328 6329
4 5070 6326 6330 6331
4 5870 6332 6333 6334
4 6332 6335 6336 6337
4 6338 6339 6340 6341
4 6338 6342 6343 6344
4 5097 6345 6346 6347
4 5103 6345 6348 6349
4 4512 6350 6351 6352
4 6339 6353 6354 6355
4 6356 6357 6358 6359
4 6356 6360 6361 6362
4 6360 6363 6364 6365
4 6357 6366 6367 6368
4 5066 6366 6369 6370
4 1367 6363 6371 6372
4 6342 6373 6374 6375
4 6327 6373 6376 6377
4 5086 6378 6379 6380
4 6378 6381 6382 6383
4 6384 6385 6386 6387
4 6381 6384 6388 6389
4 6385 6390 6391 6392
4 4097 6390 6393 6394
4 5580 6395 6396 6397
4 5586 6395 6398 6399
4 6400 6401 6402 6403
4 5132 6400 6404 6405
4 6401 6406 6407 6408
4 6406 6409 6410 6411
4 1859 6412 6413 6414
4 5129 6412 6415 6416
4 6409 6417 6418 6419
4 3534 6417 6420 6421
4 5171 6422 6423 6424
4 6422 6425 6426 6427
4 6428 6429 6430 6431
4 6425 6428 6432 6433
4 6429 6434 6435 6436
4 5236 6434 6437 6438
4 3632 6439 6440 6441
4 5239 6439 6442 6443
4 6444 6445 6446 6447
4 6444 6448 6449 6450
4 6448 6451 6452 6453
4 3669 6451 6454 6455
4 6445 6456 6457 6458
4 1871 6456 6459 6460
4 645 6461 6462 6463
4 641 6461 6464 6465
4 6466 6467 6468 6469
4 6466 6470 6471 6472
4 2368 6473 6474 6475
4 6470 6476 6477 6478
4 5292 6476 6479 6480
4 6467 6473 6481 6482
4 4567 6483 6484 6485
4 4580 6483 6486 6487
4 6488 6489 6490 6491
4 6492 6493 6494 6495
4 6488 6492 6496 6497
4 6493 6498 6499 6500
4 3139 6498 6501 6502
4 5345 6503 6504 6505
4 5349 6503 6506 6507
4 6508 6509 6510 6511
4 6508 6512 6513 6514
4 6509 6515 6516 6517
4 5315 6515 6518 6519
4 3845 6520 6521 6522
4 6157 6523 6524 6525
4 5413 6523 6526 6527
4 3142 6528 6529 6530
4 6512 6531 6532 6533
4 6534 6535 6536 6537
4 6534 6538 6539 6540
4 6531 6538 6541 6542
4 6535 6543 6544 6545
4 6175 6543 6546 6547
4 6548 6549 6550 6551
4 6552 6553 6554 6555
4 1106 6552 6556 6557
4 6169 6558 6559 6560
4 3235 6558 6561 6562
4 6563 6564 6565 6566
4 6563 6567 6568 6569
4 4647 6570 6571 6572
4 6567 6570 6573 6574
4 6564 6575 6576 6577
4 3878 6575 6578 6579
4 4318 6580 6581 6582
4 5423 6580 6583 6584
4 6585 6586 6587 6588
4 6585 6589 6590 6591
4 6586 6592 6593 6594
4 2742 6592 6595 6596
4 6589 6597 6598 6599
4 5448 6597 6600 6601
4 4693 6602 6603 6604
4 6520 6602 6605 6606
4 6607 6608 6609 6610
4 6607 6611 6612 6613
4 6611 6614 6615 6616
4 6608 6617 6618 6619
4 3991 6617 6620 6621
4 5424 6614 6622 6623
4 5052 6624 6625 6626
4 4648 6624 6627 6628
4 3932 6629 6630 6631
4 6629 6632 6633 6634
4 6632 6635 6636 6637
4 2564 6638 6639 6640
4 5779 6638 6641 6642
4 6643 6644 6645 6646
4 6643 6647 6648 6649
4 6647 6650 6651 6652
4 5532 6650 6653 6654
4 6644 6655 6656 6657
4 57 6655 6658 6659
4 2088 6660 6661 6662
4 5526 6660 6663 6664
4 6665 6666 6667 6668
4 1797 6665 6669 6670
4 6666 6671 6672 6673
4 6671 6674 6675 6676
4 1794 6677 6678 6679
4 4074 6677 6680 6681
4 6682 6683 6684 6685
4 6686 6687 6688 6689
4 5964 6686 6690 6691
4 5633 6692 6693 6694
4 4275 6692 6695 6696
4 5948 6697 6698 6699
4 6697 6700 6701 6702
4 2732 6703 6704 6705
4 5928 6703 6706 6707
4 6708 6709 6710 6711
4 6283 6708 6712 6713
4 6709 6714 6715 6716
4 6714 6717 6718 6719
4 6717 6720 6721 6722
4 5692 6720 6723 6724
4 3043 6725 6726 6727
4 6725 6728 6729 6730
4 6728 6731 6732 6733
4 6299 6734 6735 6736
4 5695 6734 6737 6738
4 6739 6740 6741 6742
4 4979 6743 6744 6745
4 6743 6746 6747 6748
4 6749 6750 6751 6752
4 6749 6753 6754 6755
4 6756 6757 6758 6759
4 6756 6760 6761 6762
4 4714 6763 6764 6765
4 6353 6766 6767 6768
4 6350 6766 6769 6770
4 6771 6772 6773 6774
4 6771 6775 6776 6777
4 6775 6778 6779 6780
4 6778 6781 6782 6783
4 6772 6784 6785 6786
4 4587 6784 6787 6788
4 6789 6790 6791 6792
4 6789 6793 6794 6795
4 6793 6796 6797 6798
4 6178 6796 6799 6800
4 6790 6801 6802 6803
4 6746 6801 6804 6805
4 4882 6806 6807 6808
4 5772 6806 6809 6810
4 6184 6811 6812 6813
4 6700 6814 6815 6816
4 6817 6818 6819 6820
4 6817 6821 6822 6823
4 6194 6818 6824 6825
4 6826 6827 6828 6829
4 6814 6826 6830 6831
4 6277 6832 6833 6834
4 6832 6835 6836 6837
4 6835 6838 6839 6840
4 6838 6841 6842 6843
4 6841 6844 6845 6846
4 6731 6844 6847 6848
4 601 6849 6850 6851
4 1787 6849 6852 6853
4 6854 6855 6856 6857
4 6854 6858 6859 6860
4 6855 6861 6862 6863
4 3477 6861 6864 6865
4 6858 6866 6867 6868
4 4250 6866 6869 6870
4 4240 6871 6872 6873
4 4243 6871 6874 6875
4 6876 6877 6878 6879
4 5059 6876 6880 6881
4 1848 6882 6883 6884
4 1840 6882 6885 6886
4 6887 6888 6889 6890
4 6877 6887 6891 6892
4 5063 6893 6894 6895
4 6893 6896 6897 6898
4 6899 6900 6901 6902
4 6896 6899 6903 6904
4 6900 6905 6906 6907
4 4157 6905 6908 6909
4 5919 6910 6911 6912
4 6528 6913 6914 6915
4 6916 6917 6918 6919
4 5541 6916 6920 6921
4 6917 6922 6923 6924
4 6922 6925 6926 6927
4 6925 6928 6929 6930
4 4338 6928 6931 6932
4 6933 6934 6935 6936
4 6933 6937 6938 6939
4 6548 6940 6941 6942
4 6937 6940 6943 6944
4 6739 6945 6946 6947
4 6934 6948 6949 6950
4 6951 6952 6953 6954
4 6951 6955 6956 6957
4 6740 6958 6959 6960
4 6952 6961 6962 6963
4 6635 6961 6964 6965
4 6955 6958 6966 6967
4 6553 6968 6969 6970
4 6549 6968 6971 6972
4 6973 6974 6975 6976
4 6973 6977 6978 6979
4 6974 6980 6981 6982
4 6977 6983 6984 6985
4 5378 6983 6986 6987
4 6489 6980 6988 6989
4 3802 6990 6991 6992
4 4803 6990 6993 6994
4 6995 6996 6997 6998
4 6674 6995 6999 7000
4 1 7001 7002 7003
4 763 7001 7004 7005
4 7006 7007 7008 7009
4 6996 7006 7010 7011
4 2513 7012 7013 7014
4 7007 7012 7015 7016
4 6682 7017 7018 7019
4 4717 7020 7021 7022
4 6760 7020 7023 7024
4 6683 7025 7026 7027
4 7028 7029 7030 7031
4 7028 7032 7033 7034
4 7032 7035 7036 7037
4 6763 7035 7038 7039
4 7029 7040 7041 7042
4 6335 7040 7043 7044
4 6753 7045 7046 7047
4 6757 7045 7048 7049
4 6811 7050 7051 7052
4 7050 7053 7054 7055
4 7056 7057 7058 7059
4 7053 7056 7060 7061
4 7057 7062 7063 7064
4 7062 7065 7066 7067
4 7025 7068 7069 7070
4 7071 7072 7073 7074
4 7071 7075 7076 7077
4 7068 7075 7078 7079
4 7072 7080 7081 7082
4 6821 7080 7083 7084
4 4410 7085 7086 7087
4 6750 7085 7088 7089
4 7090 7091 7092 7093
4 7090 7094 7095 7096
4 4162 7097 7098 7099
4 7094 7097 7100 7101
4 7091 7102 7103 7104
4 6888 7102 7105 7106
4 5924 7107 7108 7109
4 6910 7107 7110 7111
4 7112 7113 7114 7115
4 6945 7112 7116 7117
4 7113 7118 7119 7120
4 7118 7121 7122 7123
4 6913 7124 7125 7126
4 6948 7124 7127 7128
4 7121 7129 7130 7131
4 4868 7129 7132 7133
4 7134 7135 7136 7137
4 7134 7138 7139 7140
4 7138 7141 7142 7143
4 7017 7141 7144 7145
4 7135 7146 7147 7148
4 2762 7146 7149 7150
4 4593 7151 7152 7153
4 4599 7151 7154 7155
4 7156 7157 7158 7159
4 7156 7160 7161 7162
4 7157 7163 7164 7165
4 6687 7163 7166 7167
4 7160 7168 7169 7170
4 6827 7168 7171 7172
4 7065 7173 7174 7175
4 6781 7173 7176 7177
4 4345 7178 7179 7180
4 7181 7182 7183 7184
4 7181 7185 7186 7187
4 7178 7185 7188 7189
4 7182 7190 7191 7192
4 4858 7190 7193 7194
4 2185 7195 7196 7197
4 3135 7195 7198 7199
5 6 9 7200 7201 7202
5 2983 2986 7203 7204 7205
5 47 50 7206 7207 7208
5 3492 3495 7209 7210 7211
5 247 252 7209 7212 7213
5 345 350 7214 7215 7216
5 99 111 7217 7218 7219
5 1390 1393 7217 7220 7221
5 146 149 7222 7223 7224
5 3355 3366 7225 7226 7227
5 4745 4755 7225 7228 7229
7 21 122 4737 4742 7228 7230 7231
5 69 132 7232 7233 7234
5 126 129 7235 7236 7237
5 473 478 7238 7239 7240
7 150 152 3358 3361 7226 7241 7242
5 143 147 7232 7241 7243
7 103 109 159 166 7244 7245 7246
5 106 155 7244 7247 7248
5 825 831 7247 7249 7250
5 25 175 7251 7252 7253
5 179 185 7254 7255 7256
7 173 187 191 194 7254 7257 7258
5 584 587 7259 7260 7261
7 33 36 622 625 7262 7263 7264
7 77 219 224 234 7265 7266 7267
5 237 239 7268 7269 7270
5 1730 1733 7271 7272 7273
5 13 221 7271 7274 7275
5 316 319 7276 7277 7278
5 277 280 7238 7279 7280
5 284 286 7281 7282 7283
5 6122 6129 7284 7285 7286
5 29 292 7287 7288 7289
5 290 293 7284 7290 7291
5 296 299 7206 7292 7293
5 2715 2718 7294 7295 7296
5 306 309 7276 7297 7298
5 990 993 7251 7299 7300
5 4215 4222 7268 7301 7302
5 4298 4301 7303 7304 7305
5 414 417 7306 7307 7308
5 346 347 7306 7309 7310
7 351 353 3498 3501 7210 7309 7311
5 88 91 7312 7313 7314
7 167 169 361 364 7315 7316 7317
5 768 771 7318 7319 7320
7 385 388 774 777 7318 7321 7322
7 341 348 411 415 7214 7323 7324
5 3532 3540 7281 7325 7326
5 1019 1022 7327 7328 7329
5 1193 1196 7327 7330 7331
5 2740 2746 7332 7333 7334
7 243 249 456 459 7212 7335 7336
7 1420 1436 2608 2614 7337 7338 7339
5 2630 2635 7340 7341 7342
5 133 135 7340 7343 7344
7 66 70 144 476 7222 7343 7345
7 274 278 477 479 7346 7347 7348
5 17 499 7349 7350 7351
5 92 522 7352 7353 7354
7 362 520 523 525 7312 7355 7356
5 526 528 7352 7357 7358
5 535 538 7359 7360 7361
5 115 541 7362 7363 7364
5 2847 2853 7365 7366 7367
5 560 563 7368 7369 7370
5 566 568 7315 7368 7371
5 1765 1767 7372 7373 7374
7 7 200 2460 2468 7375 7376 7377
5 10 80 7375 7378 7379
5 4415 4421 7378 7380 7381
7 2016 2026 5252 5257 7382 7383 7384
7 7382 7385 7386 7387 7388 7389 7390
5 591 594 7391 7392 7393
5 208 605 7394 7395 7396
5 1691 1697 7397 7398 7399
5 1046 1049 7400 7401 7402
5 228 628 7400 7403 7404
5 4956 4962 7405 7406 7407
5 3227 3233 7405 7408 7409
7 672 675 3124 3131 7410 7411 7412
7 212 632 635 668 7269 7413 7414
5 3120 3126 7410 7415 7416
5 679 682 7415 7417 7418
5 1321 1324 7419 7420 7421
5 689 692 7419 7422 7423
5 699 702 7397 7424 7425
5 3256 3262 7426 7427 7428
12 7218 7279 7282 7365 7429 7430 7431 7432 7433 7434 7435 7436
5 104 107 7429 7437 7438
5 40 723 7430 7439 7440
7 163 724 726 733 7441 7442 7443
5 160 735 7437 7441 7444
5 734 736 7245 7439 7445
5 41 750 7442 7446 7447
5 22 780 7448 7449 7450
7 379 381 1802 1811 7451 7452 7453
5 3344 3346 7454 7455 7456
5 1808 1813 7319 7451 7457
7 51 297 312 783 7458 7459 7460
5 44 48 7458 7461 7462
5 7008 7015 7461 7463 7464
5 572 790 7465 7466 7467
5 951 954 7465 7468 7469
7 489 796 942 948 7468 7470 7471
5 815 818 7472 7473 7474
5 281 821 7346 7475 7476
12 7235 7239 7243 7341 7477 7478 7479 7480 7481 7482 7483 7484
5 840 843 7475 7477 7485
5 263 863 7486 7487 7488
5 2995 3001 7203 7489 7490
5 867 869 7491 7492 7493
5 4102 4105 7494 7495 7496
5 872 875 7497 7498 7499
5 536 881 7497 7500 7501
7 54 873 879 882 7359 7502 7503
5 895 898 7360 7504 7505
7 539 896 901 906 7500 7506 7507
5 3645 3651 7508 7509 7510
5 4004 4007 7511 7512 7513
5 971 977 7514 7515 7516
5 791 793 7517 7518 7519
5 2942 2945 7517 7520 7521
5 965 967 7522 7523 7524
5 972 974 7511 7525 7526
5 3711 3716 7527 7528 7529
7 981 984 3722 3732 7530 7531 7532
5 987 991 7426 7533 7534
5 961 968 7535 7536 7537
5 5498 5503 7538 7539 7540
5 1186 1189 7538 7541 7542
5 213 238 7543 7544 7545
5 636 1028 7543 7546 7547
5 3930 3936 7548 7549 7550
5 1032 1035 7551 7552 7553
5 2124 2126 7554 7555 7556
7 1521 1531 2247 2258 7557 7558 7559
7 1052 1055 2294 2300 7560 7561 7562
5 232 1057 7560 7563 7564
5 1737 1743 7563 7565 7566
5 1973 1976 7567 7568 7569
5 375 1064 7570 7571 7572
5 1065 1066 7573 7574 7575
5 4114 4117 7576 7577 7578
5 1331 1334 7294 7579 7580
7 482 485 1016 1095 7328 7581 7582
7 407 445 448 1101 7583 7584 7585
7 1096 1098 1102 1104 7586 7587 7588
7 201 421 424 1129 7589 7590 7591
7 30 1155 1782 1788 7290 7592 7593
7 1130 1139 1141 1150 7594 7595 7596
7 267 270 1153 1156 7597 7598 7599
5 1145 1147 7597 7600 7601
5 629 1163 7602 7603 7604
5 1158 1160 7265 7602 7605
7 73 434 3377 3383 7606 7607 7608
5 3380 3388 7454 7606 7609
5 1197 1199 7332 7610 7611
5 5480 5483 7551 7612 7613
7 552 1209 1212 1221 7614 7615 7616
5 1215 1218 7303 7617 7618
5 6133 6141 7619 7620 7621
5 714 720 7619 7622 7623
7 580 718 744 1227 7622 7624 7625
12 7213 7215 7272 7552 7626 7627 7628 7629 7630 7631 7632 7633
7 7323 7626 7634 7635 7636 7637 7638
7 1235 1240 4304 4307 7304 7634 7639
5 1231 1237 7548 7627 7639
5 3282 3285 7640 7641 7642
5 2582 2585 7628 7640 7643
5 1236 1238 7644 7645 7646
5 1431 1438 7337 7431 7647
5 474 1243 7347 7647 7648
7 4463 4468 5845 5851 7649 7650 7651
5 4449 4454 7652 7653 7654
7 438 441 1258 1260 7655 7656 7657
7 7557 7607 7658 7659 7660 7661 7662
5 439 469 7663 7664 7665
5 1281 1284 7666 7667 7668
5 1259 1271 7663 7669 7670
5 1272 1274 7655 7666 7671
5 2285 2288 7672 7673 7674
5 84 1291 7675 7676 7677
5 1311 1314 7672 7678 7679
7 1299 1301 3090 3095 7675 7680 7681
5 1304 1307 7652 7682 7683
5 1315 1317 7676 7684 7685
5 2250 2255 7558 7686 7687
7 857 1327 2721 2724 7295 7688 7689
5 1349 1352 7690 7691 7692
5 493 1365 7693 7694 7695
7 368 371 2767 2778 7696 7697 7698
5 116 1377 7699 7700 7701
5 2770 2773 7313 7696 7702
5 1381 1384 7703 7704 7705
7 110 112 1387 1391 7706 7707 7708
7 505 521 531 1388 7709 7710 7711
7 7246 7316 7355 7706 7709 7712 7713
7 95 1399 1402 1405 7714 7715 7716
5 1394 1396 7366 7707 7717
7 2788 2799 6047 6053 7718 7719 7720
5 100 1411 7708 7721 7722
5 1414 1416 7721 7723 7724
5 2791 2796 7446 7718 7725
5 1385 1422 7726 7727 7728
5 556 1425 7432 7729 7730
7 516 1421 1423 1427 7703 7729 7731
5 1426 1428 7726 7732 7733
7 1445 1448 1947 1959 7734 7735 7736
5 1362 1451 7737 7738 7739
5 1455 1458 7737 7740 7741
5 1954 1961 7734 7742 7743
5 928 1484 7744 7745 7746
5 1473 1476 7747 7748 7749
5 2961 2964 7747 7750 7751
12 7357 7466 7508 7699 7702 7752 7753 7754 7755 7756 7757 7758
5 365 569 7752 7759 7760
5 914 1494 7753 7761 7762
7 369 564 567 1500 7759 7763 7764
5 170 1509 7760 7765 7766
7 1470 1478 1501 1503 7748 7767 7768
5 1507 1510 7317 7761 7769
5 576 1523 7770 7771 7772
7 74 1522 1524 1526 7658 7773 7774
5 192 1528 7773 7775 7776
5 186 188 7775 7777 7778
5 1527 1529 7257 7770 7779
7 180 182 1762 1770 7372 7777 7780
5 1532 1534 7781 7782 7783
7 7376 7589 7594 7784 7785 7786 7787
7 1140 1148 1740 1749 7565 7784 7788
5 1146 1154 7788 7789 7790
5 2922 2928 7791 7792 7793
5 271 1541 7789 7794 7795
5 1542 1544 7598 7791 7796
5 2029 2032 7383 7797 7798
5 58 1547 7797 7799 7800
5 6446 6457 7801 7802 7803
12 7292 7385 7463 7804 7805 7806 7807 7808 7809 7810 7811 7812
5 615 618 7801 7804 7813
7 2 215 1557 1560 7814 7815 7816
5 1551 1554 7391 7805 7814
7 758 760 764 1563 7817 7818 7819
7 608 611 1564 1566 7392 7820 7821
7 800 1570 1573 1576 7386 7822 7823
7 606 1583 3890 3899 7824 7825 7826
5 1567 1591 7806 7827 7828
5 1589 1592 7820 7829 7830
5 209 1597 7824 7829 7831
7 1571 1590 1595 1598 7387 7394 7827
5 592 609 7828 7832 7833
5 638 1603 7262 7834 7835
5 1618 1621 7834 7836 7837
7 452 462 2556 2559 7838 7839 7840
7 1341 1633 5620 5625 7841 7842 7843
5 673 1635 7841 7844 7845
5 1634 1636 7411 7846 7847
7 1584 1586 1663 1665 7848 7849 7850
5 1657 1660 7259 7848 7851
5 1668 1670 7852 7853 7854
5 3147 3152 7855 7856 7857
5 264 659 7855 7858 7859
7 7842 7860 7861 7862 7863 7864 7865
7 861 864 1879 1885 7858 7860 7866
5 1674 1677 7867 7868 7869
12 7417 7844 7859 7861 7867 7870 7871 7872 7873 7874 7875 7876
7 1694 1700 3177 3188 7398 7877 7878
7 7870 7877 7879 7880 7881 7882 7883
5 3165 3170 7884 7885 7886
5 3113 3116 7871 7884 7887
5 3180 3183 7872 7878 7888
7 400 1701 1702 1705 7418 7879 7889
5 1692 1695 7890 7891 7892
7 642 685 2694 2703 7893 7894 7895
5 1709 1712 7896 7897 7898
7 7893 7899 7900 7901 7902 7903 7904
7 595 1555 1600 1715 7832 7899 7905
5 1552 1558 7905 7906 7907
7 183 1718 3259 3267 7427 7908 7909
5 216 1720 7906 7908 7910
5 1719 1721 7815 7911 7912
5 3273 3276 7686 7913 7914
5 5786 5794 7629 7915 7916
5 719 721 7917 7918 7919
5 581 1746 7917 7920 7921
5 1738 1741 7600 7922 7923
12 7609 7659 7776 7924 7925 7926 7927 7928 7929 7930 7931 7932
5 1535 1772 7559 7924 7933
7 1517 1771 1773 1778 7781 7934 7935
5 1776 1779 7933 7936 7937
5 1763 1766 7255 7925 7938
7 1132 1135 1792 1795 7939 7940 7941
5 428 431 7939 7942 7943
5 1512 1514 7944 7945 7946
7 754 1758 3005 3008 7944 7947 7948
5 1783 1785 7287 7949 7950
5 197 1798 7926 7951 7952
5 1174 1804 7953 7954 7955
7 1170 1803 1805 1818 7956 7957 7958
5 435 1816 7956 7959 7960
5 1817 1819 7608 7953 7961
7 966 1821 1896 1902 7535 7962 7963
5 248 250 7964 7965 7966
7 463 1833 4211 4217 7301 7967 7968
5 460 1831 7964 7967 7969
5 1832 1834 7335 7970 7971
5 3507 3515 7478 7972 7973
5 4082 4090 7974 7975 7976
5 1837 1843 7974 7977 7978
5 302 1854 7979 7980 7981
5 837 841 7979 7982 7983
7 822 844 846 1857 7280 7982 7984
7 730 833 1858 1860 7985 7986 7987
5 1863 1865 7433 7985 7988
5 2078 2081 7989 7990 7991
5 1869 1872 7989 7992 7993
5 656 1875 7994 7995 7996
5 1643 1646 7997 7998 7999
5 1675 1887 8000 8001 8002
7 1342 1886 1888 1890 7862 7868 8003
5 1345 1892 7997 8003 8004
5 1891 1893 8000 8005 8006
5 1880 1882 7486 8007 8008
7 1903 1904 1938 1943 8009 8010 8011
5 1897 1899 7522 8012 8013
5 1908 1911 8014 8015 8016
5 1912 1913 8017 8018 8019
5 876 1916 7502 8017 8020
5 2400 2405 8014 8021 8022
7 1083 1914 1917 1919 7498 8015 8023
5 1926 1928 8024 8025 8026
5 1931 1934 8027 8028 8029
5 888 1940 8030 8031 8032
5 2060 2065 8033 8034 8035
5 392 1085 8033 8036 8037
7 7506 8038 8039 8040 8041 8042 8043
7 902 903 3444 3452 8036 8038 8044
5 826 828 8045 8046 8047
5 1991 1999 8045 8048 8049
7 1948 1950 1997 2002 8048 8050 8051
7 156 832 834 1956 7438 8046 8052
5 910 1967 8053 8054 8055
12 7494 7499 7504 7975 8053 8056 8057 8058 8059 8060 8061 8062
5 393 904 8056 8063 8064
5 3447 3449 8044 8054 8065
5 1970 1974 8057 8066 8067
7 1495 1497 1508 1993 7765 8068 8069
5 915 917 8068 8070 8071
5 3601 3604 7509 8072 8073
5 2006 2009 7362 8074 8075
5 2041 2044 8076 8077 8078
5 300 2018 7459 8079 8080
7 978 2034 2038 2053 7525 8076 8081
7 801 2017 2019 2021 7293 7388 8082
5 807 2023 8077 8082 8083
5 2022 2024 8079 8084 8085
12 7469 7512 7520 8086 8087 8088 8089 8090 8091 8092 8093 8094
7 925 931 934 2046 7491 8095 8096
7 804 808 2045 2047 8084 8097 8098
5 2039 2042 7514 8086 8097
5 2341 2347 8099 8100 8101
7 1977 2063 2344 2350 8066 8099 8102
7 1084 1086 2064 2066 8063 8103 8104
5 2057 2061 8030 8103 8105
5 889 891 8106 8107 8108
7 1939 1941 2058 2071 8034 8106 8109
5 4174 4182 8107 8110 8111
7 784 2086 3679 3685 8112 8113 8114
5 787 2084 8112 8115 8116
5 2085 2087 7807 8117 8118
5 1658 1664 8119 8120 8121
5 1587 2092 8119 8122 8123
5 2093 2095 7849 8124 8125
7 854 2101 3698 3713 7527 8126 8127
5 2109 2117 8128 8129 8130
5 2112 2114 8128 8131 8132
7 938 943 945 2120 8131 8133 8134
7 2121 2127 4010 4013 7513 8135 8136
7 1346 1644 1649 2133 8005 8137 8138
5 337 1006 8139 8140 8141
5 1883 2136 7866 8142 8143
7 259 1004 5362 5367 8139 8144 8145
5 3789 3792 8142 8146 8147
5 3837 3840 8148 8149 8150
7 2149 2151 3608 3611 8151 8152 8153
5 2143 2146 8151 8154 8155
5 1406 1408 8156 8157 8158
5 1459 2174 8159 8160 8161
5 1403 2177 8156 8162 8163
7 1446 2172 2175 2179 7740 8162 8164
5 2178 2180 7714 8159 8165
12 7408 7416 8166 8167 8168 8169 8170 8171 8172 8173 8174 8175
5 1017 1020 8166 8176 8177
7 1023 1025 1194 2182 7610 8176 8178
5 1308 2188 8167 8179 8180
5 483 2191 8177 8181 8182
7 1247 2186 2189 2193 7682 8181 8183
5 2192 2194 7581 8179 8184
7 1710 2200 4816 4819 8185 8186 8187
7 2207 2218 2221 2226 8188 8189 8190
5 2161 2224 8188 8191 8192
5 3970 3976 8193 8194 8195
5 5727 5735 8193 8196 8197
5 1268 2266 8198 8199 8200
7 1264 2259 2261 2264 7660 8198 8201
5 2248 2251 7782 8202 8203
7 696 700 1698 2278 7890 8204 8205
7 396 2276 2279 2290 8206 8207 8208
7 1312 2253 2289 2291 7684 8209 8210
5 2282 2286 8199 8209 8211
12 7379 7566 7620 7669 7785 7920 8212 8213 8214 8215 8216 8217
5 2265 2267 8212 8218 8219
7 1269 1286 2283 2297 7673 8218 8220
5 1061 2302 7595 8213 8221
5 2262 2305 8219 8222 8223
5 2306 2308 7927 8201 8221
7 1965 1971 4060 4063 7567 8224 8225
5 781 2317 7230 8226 8227
5 2312 2314 8226 8228 8229
5 4052 4057 7495 8224 8230
5 2342 2345 7568 8231 8232
12 7455 7457 7573 7779 7959 8233 8234 8235 8236 8237 8238 8239
5 26 2353 8233 8240 8241
7 174 176 994 2363 7533 8240 8242
7 2331 2334 2364 2366 8243 8244 8245
5 6468 6481 7574 8246 8247
7 549 2380 6386 6391 8248 8249 8250
7 260 2384 2386 2392 7579 8251 8252
7 2354 2356 4146 4152 7252 8253 8254
5 3563 3570 8255 8256 8257
7 1092 2410 4197 4200 8258 8259 8260
12 7617 7623 7641 7644 8261 8262 8263 8264 8265 8266 8267 8268
5 2642 2645 8269 8270 8271
7 1228 2420 4418 4424 7380 8272 8273
5 2417 2422 8261 8269 8272
5 2421 2423 8214 8274 8275
5 429 1133 8276 8277 8278
5 1166 2428 7590 8279 8280
5 1793 2437 8276 8281 8282
5 2438 2440 7928 7940 8279
5 2463 2465 7377 8283 8284
5 204 2445 8285 8286 8287
12 7288 7786 7790 7792 8277 8280 8283 8288 8289 8290 8291 8292
5 2431 2434 8285 8288 8293
5 2443 2446 8284 8294 8295
5 1115 1117 8296 8297 8298
5 1747 2470 7624 8299 8300
7 67 2444 2456 2466 8286 8301 8302
7 1750 2469 2471 2475 7787 7921 8303
5 1538 2473 8289 8296 8303
5 2474 2476 8299 8304 8305
5 2461 2464 7200 8301 8306
5 561 2481 7763 8307 8308
7 164 2479 2482 2484 7369 8309 8310
5 2485 2487 8307 8311 8312
5 2504 2507 8313 8314 8315
5 598 2510 7817 8316 8317
5 2514 2516 7808 7822 8316
12 7260 7389 7395 7515 7798 8083 8122 8318 8319 8320 8321 8322
5 4316 4322 8323 8324 8325
7 96 501 4329 4332 7349 8326 8327
5 1639 2552 8328 8329 8330
7 7336 7630 8331 8332 8333 8334 8335
7 3059 3067 5777 5783 7915 8331 8336
5 1684 2562 8337 8338 8339
5 4365 4371 8337 8340 8341
5 3062 3064 8336 8342 8343
7 457 2578 4386 4392 8332 8344 8345
7 220 222 1731 2587 8346 8347 8348
5 14 1752 8346 8349 8350
7 412 2590 3315 3320 7635 8351 8352
5 1755 2592 7631 8349 8351
5 2611 2619 7338 8353 8354
5 1219 2598 8353 8355 8356
5 1437 1439 8357 8358 8359
7 1244 1432 1433 2601 7240 8357 8360
12 7344 7381 7648 8297 8300 8306 8361 8362 8363 8364 8365 8366
5 739 1122 8361 8367 8368
5 285 2616 8362 8369 8370
7 710 742 745 2621 8367 8371 8372
7 7625 8262 8273 8363 8371 8373 8374
7 748 2615 2617 2624 7283 8375 8376
5 1126 2626 8368 8375 8377
7 2596 2599 2620 2622 7618 8373 8378
5 2625 2627 8369 8379 8380
5 2609 2612 8358 8364 8378
5 5848 5858 7649 8381 8382
5 2874 2882 7479 8383 8384
7 2651 2661 4438 4451 7653 8385 8386
5 2659 2666 8385 8387 8388
5 1278 1282 8387 8389 8390
7 8215 8220 8391 8392 8393 8394 8395
7 1275 1285 1287 2647 7670 8389 8391
7 2414 2418 2646 2648 8274 8392 8396
7 466 1251 1254 2664 8397 8398 8399
7 1279 1289 2665 2667 7667 8400 8401
5 2660 2662 8400 8402 8403
5 1175 2669 7957 8404 8405
5 2672 2674 8397 8404 8406
5 4489 4494 7236 8407 8408
5 4509 4515 7350 8409 8410
5 1464 1466 8411 8412 8413
5 2859 2865 8414 8415 8416
5 4847 4850 7888 8417 8418
5 85 1302 8419 8420 8421
5 4859 4862 8422 8423 8424
7 1290 1292 1318 2680 7678 8419 8425
5 3098 3106 7680 8168 8422
5 2697 2700 7894 8426 8427
5 2687 2690 8426 8428 8429
5 1713 2705 8185 8430 8431
7 1716 2704 2706 2708 7896 7900 8432
5 2709 2711 8430 8433 8434
7 649 2725 2726 2729 8428 8435 8436
7 1295 2748 2895 2898 8411 8437 8438
5 6587 6593 8439 8440 8441
7 1200 1202 2747 2749 7330 8442 8443
5 2751 2754 8439 8444 8445
5 2741 2743 8442 8446 8447
7 1359 1363 1456 2757 8160 8448 8449
5 997 1371 8450 8451 8452
5 2105 2763 8450 8453 8454
7 1378 2775 3459 3462 7363 8455 8456
12 7305 7636 7704 8354 8377 8457 8458 8459 8460 8461 8462 8463
5 512 1417 8457 8464 8465
7 7339 7434 7731 8376 8458 8466 8467
7 517 1412 1415 2794 7219 8464 8466
5 418 2801 7324 8459 8468
7 749 751 2795 2797 7440 8467 8469
5 2789 2792 8460 8469 8470
5 1409 2804 7715 8471 8472
5 506 1441 8473 8474 8475
7 2168 2805 2807 2812 8157 8476 8477
5 532 2810 8473 8476 8478
5 2811 2813 7710 8471 8479
5 998 1012 8480 8481 8482
7 1372 1374 2106 2821 8480 8483 8484
7 2758 2760 2819 2822 8485 8486 8487
7 542 2007 2012 2828 7700 8488 8489
5 5160 5168 8490 8491 8492
5 2832 2835 8481 8493 8494
5 5084 5090 8495 8496 8497
5 139 2841 7435 8498 8499
12 7351 7693 7738 8165 8495 8500 8501 8502 8503 8504 8505 8506
5 5826 5829 8498 8500 8507
5 2842 2843 7480 8496 8508
7 7716 8326 8501 8509 8510 8511 8512
7 557 2855 5823 5832 7732 8507 8509
7 1397 1400 2854 2856 7220 8510 8513
5 2848 2850 7742 8502 8513
5 119 2868 8514 8515 8516
5 2863 2866 8412 8517 8518
5 6361 6364 8519 8520 8521
7 1356 2880 6358 6367 8519 8522 8523
5 4399 4407 8524 8525 8526
7 2881 2883 4486 4497 8407 8527 8528
5 545 2885 7481 8520 8529
5 2886 2888 8503 8524 8530
5 2875 2877 8381 8527 8531
5 5877 5880 8532 8533 8534
5 2677 2901 8532 8535 8536
5 1296 1467 8537 8538 8539
7 7582 7583 7586 8540 8541 8542 8543
7 486 1465 2864 2904 8414 8537 8540
5 2755 2910 8544 8545 8546
5 2896 2916 8538 8547 8548
7 2891 2908 2911 2918 8444 8547 8549
7 446 2870 2905 2913 8514 8541 8550
5 2917 2919 8437 8544 8551
7 1116 1120 1539 2930 8304 8552 8553
5 1111 1118 8552 8554 8555
5 2449 2933 8290 8554 8556
7 794 1479 2946 2947 7467 8557 8558
7 7697 7754 7764 7767 8557 8559 8560
7 2779 2780 2784 2948 8559 8561 8562
5 2939 2943 7744 8558 8563
7 2954 2957 6402 6407 8564 8565 8566
5 1488 1491 8567 8568 8569
5 2951 2955 8570 8571 8572
7 2453 2974 2976 2979 8293 8573 8574
5 2968 2971 7942 8575 8576
7 2519 2991 6111 6124 7285 8577 8578
5 2996 2998 7492 8579 8580
5 1062 1142 8581 8582 8583
5 1786 3010 7592 8584 8585
7 2301 2303 2309 3013 8222 8581 8586
7 1136 3009 3011 3016 7949 8587 8588
5 1151 3018 7929 8582 8587
5 3017 3019 7596 8291 8584
5 3688 3694 8113 8589 8590
5 2027 2030 8591 8592 8593
5 5248 5254 7384 7809 8589
7 1548 2033 2035 3024 8591 8594 8595
5 755 1515 8596 8597 8598
5 1777 3036 7934 8599 8600
5 3006 3041 8596 8601 8602
7 3014 3034 3037 3039 7936 8601 8603
5 3040 3042 7930 7947 8599
12 7564 7601 7603 8583 8585 8602 8604 8605 8606 8607 8608 8609
5 3031 3044 8604 8610 8611
5 6729 6732 7945 8605 8612
7 626 1161 1164 3047 7403 8613 8614
5 225 1159 8613 8615 8616
5 6294 6302 8617 8618 8619
5 78 3050 8606 8615 8620
5 3051 3052 7266 8617 8621
5 623 639 8622 8623 8624
5 1734 3069 8347 8625 8626
7 3055 3065 4368 4374 8340 8627 8628
5 37 3072 8622 8629 8630
7 244 3068 3070 3074 7273 8333 8629
5 3073 3075 7263 8625 8631
5 3060 3063 8627 8632 8633
5 4830 4833 8634 8635 8636
5 397 1624 8637 8638 8639
5 2277 3077 8637 8640 8641
5 3078 3079 8206 8634 8642
7 3083 3086 3230 3239 7409 8643 8644
5 1625 3092 8207 8645 8646
5 683 1703 8647 8648 8649
7 3087 3091 3093 3101 8638 8650 8651
5 1706 3103 8169 8647 8650
5 3102 3104 7889 8645 8652
5 3096 3099 8420 8653 8654
5 1630 3109 7873 8655 8656
7 680 1627 3121 3128 8648 8657 8658
7 2183 3132 3133 3136 8328 8659 8660
5 3125 3127 7845 8657 8661
5 4346 4352 8329 8662 8663
5 3140 3143 8664 8665 8666
7 653 3150 3156 3159 7994 8667 8668
7 660 662 3151 3153 7487 8669 8670
5 1607 1669 8671 8672 8673
5 1653 3161 8674 8675 8676
5 2695 2698 8677 8678 8679
5 686 3173 8677 8680 8681
7 3117 3166 3167 3185 8682 8683 8684
5 3178 3181 7891 8685 8686
5 666 3191 8687 8688 8689
12 7399 7406 7880 8341 8640 8652 8690 8691 8692 8693 8694 8695
5 1615 1619 8687 8690 8696
7 1604 1622 3056 3207 8623 8696 8697
7 2270 2272 3205 3208 7401 8698 8699
7 8667 8669 8700 8701 8702 8703 8704
7 3160 3162 4934 4945 8700 8705 8706
5 1029 3210 7413 8707 8708
5 3213 3215 8707 8709 8710
5 4937 4940 8671 8705 8711
5 1680 3220 7874 8712 8713
5 3218 3221 8170 8714 8715
7 401 3219 4959 4967 7407 7881 8712
5 1105 1107 8716 8717 8718
5 1089 3241 8258 8719 8720
5 1099 3247 8171 8716 8721
5 3245 3248 7587 8719 8722
5 3250 3252 7838 8723 8724
12 7802 7901 7907 7992 8427 8725 8726 8727 8728 8729 8730 8731
7 982 988 3263 3264 7299 8732 8733
5 2712 3269 8432 8725 8734
5 4531 4538 8734 8735 8736
5 3257 3260 7911 8726 8732
7 2254 2256 3274 3278 8202 8737 8738
7 8204 8208 8210 8737 8739 8740 8741
7 697 1723 1726 3279 7420 8739 8742
7 2586 2588 3283 3290 8743 8744 8745
7 2411 3293 3295 3298 8746 8747 8748
5 3286 3288 7916 8743 8749
5 6050 6058 7719 8750 8751
5 2591 2593 8752 8753 8754
5 3311 3317 8352 8461 8750
7 255 1753 1756 3305 7274 8752 8755
7 1121 1123 1127 3308 8379 8756 8757
12 7794 7918 7922 8305 8350 8621 8758 8759 8760 8761 8762 8763
5 740 743 8756 8758 8764
5 2583 3322 8744 8759 8765
5 711 3325 8462 8764 8766
7 1241 3321 3323 3327 7637 7643 8766
5 3326 3328 8263 8372 8765
5 3316 3318 8753 8760 8767
5 772 775 8768 8769 8770
5 4072 4078 8771 8772 8773
5 386 3349 8234 8768 8774
5 3350 3351 7321 8771 8775
5 3341 3345 7951 8776 8777
5 1812 1814 8778 8779 8780
5 127 3363 8781 8782 8783
7 769 1809 3337 3368 8769 8778 8784
5 380 3371 8779 8785 8786
7 62 3362 3364 3373 7237 8785 8787
5 3372 3374 7452 8781 8788
5 3356 3359 7223 8789 8790
12 7201 7233 7954 8294 8780 8782 8789 8791 8792 8793 8794 8795
5 425 1167 8791 8796 8797
5 470 3385 7656 8792 8798
7 2426 2429 2441 3390 8281 8796 8799
5 422 3393 7931 8797 8800
7 1265 3384 3386 3395 7661 7664 8800
7 3338 3347 3389 3391 8776 8801 8802
5 3394 3396 7591 8216 8798
5 3378 3381 7960 8793 8801
5 4779 4781 8803 8804 8805
7 8806 8807 8808 8809 8810 8811 8812
7 1489 3401 4776 4784 8803 8806 8813
5 6215 6217 8814 8815 8816
7 2325 2327 3399 3402 8228 8807 8817
7 2321 3404 3408 3411 8818 8819 8820
5 3414 3417 8100 8821 8822
12 7523 8078 8080 8590 8592 8823 8824 8825 8826 8827 8828 8829
5 868 932 8823 8830 8831
7 313 870 2999 3426 7489 8830 8832
5 2050 3432 8824 8833 8834
7 957 3430 3433 3435 8835 8836 8837
5 935 3437 8831 8835 8838
5 3436 3438 8087 8095 8833
5 5228 5234 8839 8840 8841
7 1966 1968 3440 3450 8842 8843 8844
5 3445 3448 8064 8842 8845
7 7470 8088 8133 8135 8846 8847 8848
5 2494 2496 8849 8850 8851
5 3924 3926 8849 8852 8853
5 3456 3460 7701 8854 8855
12 7749 8308 8560 8563 8856 8857 8858 8859 8860 8861 8862 8863
5 1828 3474 8561 8856 8864
5 3478 3486 8089 8864 8865
5 3466 3469 8313 8857 8866
5 2230 2236 8867 8868 8869
7 805 3483 6856 6862 8870 8871 8872
5 811 3481 8090 8867 8870
5 3482 3484 8318 8873 8874
7 253 256 3489 3493 7965 8875 8876
7 8755 8875 8877 8878 8879 8880 8881
7 2500 3490 4232 4237 8877 8882 8883
12 7307 8314 8751 8754 8878 8884 8885 8886 8887 8888 8889 8890
5 4226 4234 8882 8884 8891
5 357 3503 8885 8892 8893
5 5044 5050 8892 8894 8895
5 3496 3499 7216 8876 8886
5 816 3520 8896 8897 8898
7 63 3518 3521 3523 7472 8899 8900
5 1357 3525 7482 8899 8901
5 3524 3526 8522 8896 8902
7 7231 8564 8903 8904 8905 8906 8907
7 123 1852 5130 5136 7980 8903 8908
5 911 3528 8843 8909 8910
12 7224 7229 7476 7981 8287 8904 8911 8912 8913 8914 8915 8916
5 2934 2935 8911 8917 8918
7 7345 7348 8302 8365 8912 8919 8920
7 1112 2450 2457 3538 8298 8917 8919
5 6410 6418 8565 8913 8921
5 6071 6077 8918 8922 8923
7 275 287 3539 3541 8370 8920 8924
5 3533 3535 7988 8914 8924
12 7488 7885 7995 8146 8429 8680 8701 8925 8926 8927 8928 8929
5 1654 3549 8706 8925 8930
7 646 650 2075 3552 7990 8931 8932
5 3670 3672 8930 8933 8934
7 1935 2402 3559 3565 8255 8935 8936
12 7501 8018 8031 8037 8039 8937 8938 8939 8940 8941 8942 8943
5 884 1932 8935 8937 8944
5 329 3555 8945 8946 8947
5 320 322 8945 8948 8949
5 3564 3566 8027 8950 8951
12 8040 8065 8070 8072 8839 8952 8953 8954 8955 8956 8957 8958
5 1998 2000 8952 8959 8960
5 899 3582 7507 8953 8961
7 8069 8954 8962 8963 8964 8965 8966
7 829 1992 1994 3587 7249 8959 8962
7 550 3580 3583 3590 7505 8967 8968
5 1951 3592 8960 8967 8969
7 1980 1983 3585 3588 8963 8970 8971
5 3591 3593 8050 8961 8972
5 3574 3577 8909 8955 8970
7 1984 3595 5143 5149 8964 8973 8974
5 1987 3597 8956 8973 8975
5 4994 5000 8975 8976 8977
7 3560 3612 3613 3616 8946 8978 8979
5 2010 3619 8488 8980 8981
5 3622 3625 8980 8982 8983
5 1001 1905 8984 8985 8986
7 3453 3638 5231 5240 8041 8840 8987
5 1944 3636 8938 8984 8987
5 3637 3639 8009 8988 8989
7 3633 3641 5178 5189 8990 8991 8992
7 573 955 958 3653 7518 8993 8994
5 949 952 8993 8995 8996
5 3629 3658 8997 8998 8999
5 490 3661 7755 8995 9000
7 2013 3656 3659 3663 9000 9001 9002
5 3662 3664 7471 8997 9003
7 588 1661 2089 3666 8120 9004 9005
7 3547 3550 3667 3673 8674 9006 9007
7 1601 3675 6449 6452 7803 7902 9008
5 1824 3682 8825 9009 9010
5 5025 5030 9009 9011 9012
5 3686 3689 8117 9013 9014
5 3418 3420 9015 9016 9017
7 2348 3409 3415 3718 8231 9015 9018
5 2069 3704 9016 9019 9020
5 1870 3724 9021 9022 9023
7 850 3723 3725 3727 7993 9024 9025
5 2102 3729 9024 9026 9027
5 3712 3714 9026 9028 9029
5 3728 3730 8126 9021 9030
5 3735 3744 7530 9031 9032
5 3738 3741 8243 9031 9033
5 5293 5295 7528 9034 9035
7 3748 3750 3823 3826 9036 9037 9038
7 8990 9036 9039 9040 9041 9042 9043
7 333 2110 2115 3751 9039 9044 9045
5 946 2113 9044 9046 9047
5 2051 3761 8836 9048 9049
7 2054 3759 3762 3766 8834 9050 9051
5 939 3764 9046 9050 9052
5 3765 3767 8091 8134 9048
5 3754 3756 7536 9037 9053
5 3770 3772 9054 9055 9056
5 2125 3778 8136 9054 9057
12 8074 8132 8846 8850 8854 9003 9057 9058 9059 9060 9061 9062
7 1042 3773 3776 3779 7554 9063 9064
5 4026 4029 9065 9066 9067
7 2137 2139 3793 3794 8007 9068 9069
5 3544 3799 8926 9065 9070
5 3786 3790 8140 9068 9071
5 3797 3800 9072 9073 9074
5 5404 5411 9072 9075 9076
5 3807 3810 8154 9077 9078
5 2144 2152 9079 9080 9081
5 1002 3828 8010 9082 9083
5 3609 3831 9079 9084 9085
7 3642 3827 3829 3833 8985 9040 9084
5 3832 3834 8152 8939 9082
7 3841 3842 4171 4177 8110 9086 9087
7 8127 9086 9088 9089 9090 9091 9092
7 3699 3701 3707 3843 9019 9088 9093
5 4798 4801 9094 9095 9096
5 4688 4691 9097 9098 9099
5 3850 3852 9097 9100 9101
5 6510 6516 8664 9102 9103
5 3859 3862 9104 9105 9106
5 5306 5309 9107 9108 9109
5 3771 3870 9063 9110 9111
7 2211 3868 3871 3873 9055 9112 9113
5 2214 3875 9107 9112 9114
5 3874 3876 9058 9110 9115
5 3884 3886 9116 9117 9118
7 2197 3891 3893 3904 9119 9120 9121
5 1580 3902 9119 9122 9123
5 3897 3900 7396 9124 9125
5 4810 4813 8186 9126 9127
5 3894 3909 9128 9129 9130
12 7404 7544 7835 8688 8709 9126 9131 9132 9133 9134 9135 9136
5 3903 3905 9128 9131 9137
5 3907 3910 9120 9127 9138
5 3913 3916 8610 9132 9139
7 2212 2497 3920 3927 9140 9141 9142
5 404 408 9143 9144 9145
5 6633 6636 9146 9147 9148
5 449 3945 9143 9149 9150
5 3943 3946 7584 9146 9151
5 6926 6929 9152 9153 9154
5 3948 3951 9152 9155 9156
7 2546 2549 5501 5506 7539 9157 9158
7 2240 2243 3955 3961 9159 9160 9161
7 354 3964 5486 5489 7612 9162 9163
5 2579 3966 9162 9164 9165
5 3965 3967 7632 8344 9166
5 3952 3983 9167 9168 9169
5 2547 3986 9170 9171 9172
7 2539 3981 3984 3988 9155 9170 9173
5 3987 3989 9157 9167 9174
5 2241 3998 9175 9176 9177
5 3996 3999 9159 9178 9179
5 3956 3958 9175 9180 9181
7 812 2237 2529 4001 8873 9182 9183
5 2231 2233 9182 9184 9185
7 975 1038 4002 4005 7516 9186 9187
5 2495 4015 9140 9188 9189
7 4014 4016 4615 4623 8847 8851 9190
5 4621 4626 8092 9184 9190
5 4008 4011 7555 9186 9191
5 4872 4878 9192 9193 9194
7 3545 3548 4030 4031 9073 9195 9196
5 4023 4027 7996 9195 9197
12 7421 7937 8203 8211 8223 8642 8740 9198 9199 9200 9201 9202
5 1047 2273 9198 9203 9204
7 7561 8586 8603 8607 9199 9205 9206
7 229 1050 1053 4037 7604 9203 9205
5 703 4043 8205 9200 9207
7 3028 3035 4035 4038 8611 9206 9208
7 3198 4041 4044 4046 7424 9209 9210
5 3206 4048 9133 9204 9209
5 4047 4049 8691 8698 9207
7 778 2315 2318 4054 7448 9211 9212
5 2313 2328 9211 9213 9214
5 3400 4066 9213 9215 9216
5 4058 4061 8067 9217 9218
7 195 198 3342 4069 7456 9219 9220
7 7258 8235 8242 8244 9219 9221 9222
7 2332 3352 4070 4073 8774 9221 9223
7 3331 4075 5559 5570 8808 9224 9225
5 1070 2369 9226 9227 9228
7 1073 1075 2377 4088 9226 9229 9230
7 1841 1844 4089 4091 9231 9232 9233
5 2373 4095 8058 9227 9234
5 4083 4085 8024 9231 9235
5 2378 4098 8059 9236 9237
5 1071 1074 9236 9238 9239
7 4053 4055 4106 4107 9217 9240 9241
5 2393 4110 9242 9243 9244
5 1335 2387 9242 9245 9246
7 4118 4119 5929 5935 9247 9248 9249
7 1079 1846 1923 4122 8025 9250 9251
5 4115 4131 9247 9252 9253
7 2396 2407 4123 4125 8021 9254 9255
7 855 4129 4132 4134 7576 9089 9256
5 4135 4137 9252 9257 9258
5 4140 4142 9259 9260 9261
5 4147 4149 8241 9262 9263
5 4150 4163 8253 9264 9265
5 4158 4160 8236 9264 9266
5 706 1337 9267 9268 9269
5 4551 4556 8727 9270 9271
7 1628 1631 4844 4855 8417 9272 9273
12 7297 8155 8256 8947 9259 9274 9275 9276 9277 9278 9279 9280
5 2406 2408 9274 9281 9282
5 4111 4179 8251 9275 9283
7 8153 8936 8940 8978 9276 9284 9285
7 1909 2401 2403 4184 8019 9281 9284
7 4130 4178 4180 4189 9090 9243 9286
5 4126 4187 9282 9286 9287
7 892 2150 4183 4185 8032 9285 9288
5 4188 4190 9254 9283 9289
5 4172 4175 8148 9277 9288
7 7650 8386 9290 9291 9292 9293 9294
12 7654 8184 8415 8515 8542 8722 9290 9295 9296 9297 9298 9299
5 1222 1224 9295 9300 9301
5 405 4202 7585 9296 9302
5 1213 4205 8264 9300 9303
7 3939 4201 4203 4207 9144 9303 9304
5 4206 4208 7614 9302 9305
7 34 240 4220 4223 7545 9306 9307
5 4216 4218 7970 9306 9308
7 2505 3467 3472 4228 9309 9310 9311
5 1482 1485 9312 9313 9314
7 926 929 2940 4244 7521 9312 9315
7 8093 8096 8098 8871 9315 9316 9317
5 6100 6107 8858 9313 9318
5 6859 6867 8872 9319 9320
12 7204 7207 7493 8085 9314 9316 9319 9321 9322 9323 9324 9325
5 1577 2517 9321 9326 9327
5 1574 4257 9326 9328 9329
5 4258 4259 7823 8319 9320
7 602 2520 4262 4264 9330 9331 9332
5 4251 4254 9322 9330 9333
5 307 2532 9334 9335 9336
7 310 317 3568 4267 8948 9334 9337
7 2134 4270 5706 5711 9338 9339 9340
5 2535 4272 9335 9338 9341
12 7580 7863 8004 8141 8143 9342 9343 9344 9345 9346 9347 9348
5 4271 4273 9342 9349 9350
7 8144 8252 9278 9343 9351 9352 9353
7 2130 2533 2536 4278 7298 9349 9351
5 5628 5631 7843 9344 9354
7 2385 2389 4276 4279 9260 9352 9355
5 5700 5708 9339 9354 9356
7 120 553 5804 5811 9357 9358 9359
5 2869 2871 9357 9360 9361
5 1190 4287 9362 9363 9364
5 2914 4290 9360 9365 9366
7 2909 4285 4288 4292 7541 9365 9367
5 4291 4293 8550 9362 9368
7 7615 9358 9369 9370 9371 9372 9373
7 1382 4295 5739 5748 7727 9369 9374
7 1210 1216 4296 4299 8355 9370 9375
7 342 4308 4309 4312 7553 7638 9376
5 4302 4305 7645 9375 9377
5 3879 3881 9378 9379 9380
7 4282 4286 4325 4335 8323 9381 9382
7 3997 4361 6306 6316 9176 9383 9384
7 9113 9141 9383 9385 9386 9387 9388
7 3856 3869 4359 4362 9104 9385 9389
5 3228 3231 9390 9391 9392
5 2569 4376 8746 9393 9394
5 3084 4379 8692 9390 9395
5 4380 4382 8643 9393 9396
5 4366 4369 8342 9397 9398
5 4387 4389 9164 9399 9400
7 7720 8887 9401 9402 9403 9404 9405
12 7314 7371 7445 7712 7722 7725 8311 9401 9406 9407 9408 9409
7 2800 2802 5969 5978 7308 9402 9410
5 1442 4395 7711 9406 9411
5 5972 5975 8465 9407 9410
5 5800 5806 9359 9412 9413
5 4471 4474 7651 9297 9412
12 7683 8402 8421 8423 9414 9415 9416 9417 9418 9419 9420 9421
5 2636 2638 9422 9423 9424
7 136 2631 2632 4429 7234 9422 9425
5 2604 4432 8366 9423 9426
7 2597 4425 4427 4434 8374 9426 9427
7 81 1261 4422 4430 7202 9428 9429
5 4416 4419 8275 9428 9430
5 2643 4440 8396 9431 9432
5 4198 4443 9298 9433 9434
12 7674 7677 8390 8393 8635 8639 9396 9431 9435 9436 9437 9438
5 1090 1093 9433 9435 9439
7 4193 4439 4441 4445 8270 9291 9434
5 4444 4446 8259 8265 9432
7 7681 8172 8644 8651 9436 9440 9441
7 3240 3242 3246 4456 8721 9439 9440
7 1300 1305 4455 4457 8180 9441 9442
5 4450 4452 8403 9437 9442
7 2652 4459 4464 4465 9292 9443 9444
5 4469 4472 9445 9446 9447
5 5071 5074 9448 9449 9450
5 4480 4482 9414 9448 9451
12 7671 8271 8382 8388 9293 9424 9430 9452 9453 9454 9455 9456
5 467 2675 9452 9457 9458
7 7657 8794 9425 9429 9453 9459 9460
7 442 2670 2673 4492 7955 9457 9459
5 2655 4499 9443 9454 9461
7 130 2633 4493 4495 8783 9460 9462
5 1252 4502 9458 9463 9464
5 4503 4505 8398 9415 9461
5 4487 4490 8383 9455 9462
5 4513 4516 7694 9465 9466
5 4518 4521 8742 9467 9468
5 1724 4519 9469 9470 9471
5 4167 4527 9467 9472 9473
12 7253 7428 7771 7778 7783 7913 9267 9472 9474 9475 9476 9477
5 1322 1727 9469 9474 9478
7 7780 7909 7935 9475 9479 9480 9481
7 693 1325 1518 4536 9478 9479 9482
7 3268 3270 4537 4539 8433 9480 9483
5 4532 4533 9270 9476 9483
5 2691 2727 9484 9485 9486
7 2688 2701 3168 4554 8678 9484 9487
5 5933 5940 9248 9488 9489
7 4525 4534 4555 4557 8735 9490 9491
5 2730 4561 8728 9485 9492
5 4559 4562 8435 9488 9493
5 4548 4552 9268 9490 9494
5 4138 4570 9256 9495 9496
12 7529 8016 8101 8105 8111 9020 9091 9287 9495 9497 9498 9499
5 1924 1929 9497 9500 9501
5 1080 4573 9500 9502 9503
7 2736 4568 4571 4575 9257 9502 9504
7 8023 8060 8102 8104 9498 9505 9506
7 1920 1927 4086 4578 7976 9501 9505
5 4574 4576 9250 9496 9507
7 2351 4093 4579 4581 9234 9506 9508
5 1452 4584 8448 9509 9510
5 5110 5116 9509 9511 9512
12 7690 8440 8446 8451 8535 8551 9513 9514 9515 9516 9517 9518
7 8438 8443 9513 9519 9520 9521 9522
7 1203 1205 4350 4591 8662 9519 9523
5 3851 4597 9514 9524 9525
7 4592 4594 4707 4718 9520 9526 9527
7 4268 4598 4600 4603 9100 9528 9529
5 4604 4606 9524 9530 9531
5 4609 4611 7756 8562 9532
5 2785 4612 8094 9533 9534
5 3457 4617 8455 9532 9535
7 797 4610 4616 4618 8848 8855 9533
5 1829 2781 9534 9536 9537
7 3473 3475 3487 4628 9536 9538 9539
7 2234 2490 4627 4629 8868 9540 9541
5 4622 4624 9188 9540 9542
12 8852 8894 9535 9537 9542 9543 9544 9545 9546 9547 9548 9549
5 2768 2771 9543 9550 9551
5 2508 4638 9309 9544 9552
7 89 2774 2776 4640 7353 9550 9553
7 1178 4636 4639 4645 8315 9403 9554
5 372 4643 9408 9551 9554
5 4644 4646 7698 8859 9552
7 880 885 5991 5996 8028 9555 9556
7 2165 2169 2825 4655 9557 9558 9559
5 4652 4661 8485 9560 9561
5 529 4664 7356 9562 9563
5 4667 4669 9557 9562 9564
12 7248 7713 7717 7743 7769 8049 8163 8479 9563 9565 9566 9567
5 5200 5208 8071 9565 9568
7 4656 4673 4675 4678 8982 9569 9570
7 1013 2833 2838 4681 8452 9571 9572
7 9515 9571 9573 9574 9575 9576 9577
7 2839 3853 4692 4694 9525 9573 9578
5 4685 4689 8490 9578 9579
5 2902 4709 9580 9581 9582
7 2899 4708 4710 4712 8536 9521 9583
5 4713 4715 9580 9584 9585
5 2923 2925 9586 9587 9588
5 4759 4764 9586 9589 9590
7 1545 2929 2931 4733 7795 9587 9591
5 1492 4739 8813 9592 9593
12 8229 8282 8575 8770 8772 8777 8809 9592 9594 9595 9596 9597
5 2435 2977 9594 9598 9599
7 2958 4738 4740 4748 8567 8905 9600
5 2980 4750 8915 9598 9600
7 205 2427 2432 4753 8295 9599 9601
7 8784 8795 8799 8802 9595 9601 9602
5 4749 4751 8573 9593 9603
7 3367 3369 4754 4756 8790 9602 9604
5 4743 4746 7449 9596 9604
7 4247 4769 6089 6102 9318 9605 9606
5 2992 4767 9605 9607 9608
5 4768 4770 8577 9323 9609
7 2987 2988 3002 4772 8579 9610 9611
7 4773 4782 6212 6220 8814 9612 9613
7 3332 4785 4786 4789 8576 8810 9614
5 4777 4780 8568 9612 9615
7 3692 4792 5028 5033 9011 9616 9617
5 3022 4794 9616 9618 9619
5 4793 4795 8826 9620 9621
5 5379 5384 9618 9622 9623
7 4802 4804 5393 5406 9075 9624 9625
12 7373 7393 7910 8434 8597 8600 9481 9626 9627 9628 9629 9630
5 3029 3032 9626 9631 9632
7 612 3908 4807 4811 9129 9633 9634
5 690 4821 9482 9627 9635
7 4042 4820 4822 4824 7422 9636 9637
5 4036 4826 9134 9631 9636
5 4825 4827 9201 9208 9635
5 4814 4817 7897 9628 9633
7 2271 3080 4831 4835 8641 9638 9639
7 8628 8693 8697 8699 9638 9640 9641
7 4375 4377 4383 4836 9395 9640 9642
5 2570 3296 9642 9643 9644
7 2415 4838 6136 6144 7621 8394 9645
5 3299 4840 9438 9643 9645
5 4839 4841 8266 8747 9646
5 4168 4564 9647 9648 9649
7 3184 3186 4851 4852 8685 9650 9651
7 8682 9487 9491 9650 9652 9653 9654
7 4522 4526 4528 4853 9470 9647 9652
5 4845 4848 8655 9651 9655
7 3107 3129 4863 4865 8653 9656 9657
7 7412 8173 8178 8659 9658 9659 9660
7 676 1681 6162 6167 8714 9658 9661
5 6155 6164 7869 9661 9662
12 7856 7998 8001 8008 8665 9663 9664 9665 9666 9667 9668 9669
5 654 657 9663 9670 9671
7 1876 3795 4024 4880 9066 9670 9672
5 3157 4875 9671 9673 9674
5 4869 4873 9664 9675 9676
5 3148 4889 8670 9677 9678
7 3223 4887 4890 4895 7857 9679 9680
5 4893 4896 7875 9677 9681
5 3171 4901 8683 9682 9683
7 663 4899 4902 4904 7886 8702 9684
12 7423 7425 8431 8679 8686 8736 9471 9653 9682 9685 9686 9687
5 4905 4907 7876 9683 9688
7 8187 9135 9210 9637 9685 9689 9690
7 3194 3199 3201 4910 8689 9689 9691
7 2201 2203 4911 4913 8710 9690 9692
5 4916 4918 9686 9691 9693
5 3202 4917 8694 9694 9695
5 4908 4924 9684 9693 9696
5 3192 3195 9694 9697 9698
7 3189 4919 4922 4925 7882 9688 9695
7 667 669 1616 4927 7836 9697 9699
7 1687 4883 4928 4930 8338 9700 9701
12 7831 7833 7851 7898 7903 8933 9138 9702 9703 9704 9705 9706
5 2204 3214 9702 9707 9708
7 1608 1666 4941 4942 7852 9709 9710
7 7825 7850 9121 9703 9709 9711 9712
7 2198 3211 3216 4943 7546 9707 9711
5 3174 4947 7895 9704 9713
7 4900 4946 4948 4952 8681 8703 9714
5 4914 4950 9708 9714 9715
5 4951 4953 9687 9692 9713
5 4935 4938 8675 9705 9710
5 1685 1688 9716 9717 9718
7 3234 3236 4963 4964 9391 9719 9720
7 2563 2565 4372 4965 9397 9716 9721
7 9719 9721 9722 9723 9724 9725 9726
5 4894 4969 9679 9727 9728
5 4931 4974 8695 9717 9729
7 4923 4968 4970 4972 7883 9681 9729
5 4973 4975 9700 9727 9730
5 4957 4960 8715 9720 9731
12 7270 7837 7971 8334 8339 8343 8630 9732 9733 9734 9735 9736
5 453 3251 9732 9737 9738
5 4390 4977 8345 9733 9739
7 3962 4978 4980 4983 9399 9740 9741
5 2557 4985 9737 9740 9742
5 4984 4986 7839 9739 9743
5 4988 4990 9416 9744 9745
5 1900 5005 7962 9746 9747
7 3431 5003 5006 5008 8012 9748 9749
5 3424 5010 9748 9750 9751
5 5009 5011 8827 9746 9752
5 4998 5001 8841 9753 9754
12 7462 7490 8115 8804 8811 9755 9756 9757 9758 9759 9760 9761
7 7460 8114 8828 8832 9755 9762 9763
7 3425 3427 6231 6242 9752 9762 9764
5 4067 5013 8817 9756 9765
5 5016 5018 8818 9765 9766
5 6234 6237 8815 9757 9764
7 7963 8011 8109 9767 9768 9769 9770
7 2070 2072 3421 5021 8821 9767 9771
12 7537 8108 8149 9080 9083 9622 9768 9772 9773 9774 9775 9776
5 3705 3708 9771 9772 9777
5 4799 5035 9624 9773 9778
7 1822 1825 5022 5031 9769 9779 9780
5 3702 5040 9777 9781 9782
7 2098 5034 5036 5038 9094 9781 9783
5 5039 5041 9093 9778 9784
5 5026 5029 9620 9774 9779
7 4241 4248 6261 6272 9785 9786 9787
5 6275 6278 9333 9785 9788
7 7311 9163 9789 9790 9791 9792 9793
7 3502 3504 5051 5053 9789 9794 9795
5 5045 5047 8891 9794 9796
12 8405 8408 8788 8902 9449 9463 9797 9798 9799 9800 9801 9802
7 376 382 6901 6906 7575 9803 9804
7 7453 7958 8237 9797 9803 9805 9806
5 6897 6903 7473 9798 9804
5 5064 5067 9799 9807 9808
5 5077 5080 7735 9809 9810
5 1449 5078 8504 9811 9812
5 6382 6388 8248 9809 9813
5 1960 1962 9811 9814 9815
7 7436 7984 7986 8052 9816 9817 9818
7 1955 1957 2851 5092 7367 9814 9816
7 847 2844 5091 5093 8499 9817 9819
5 5085 5087 7972 9819 9820
5 5060 5101 9821 9822 9823
5 5956 5962 9824 9825 9826
7 5102 5104 5960 5965 9824 9827 9828
5 1838 5121 9232 9829 9830
7 55 5119 5122 5124 7977 9831 9832
5 2381 5126 9831 9833 9834
5 5125 5127 8061 8249 9829
5 5114 5117 9825 9835 9836
7 4585 5095 5107 5111 7739 9835 9837
5 1981 5133 9838 9839 9840
12 7983 8047 8969 9813 9815 9818 9820 9841 9842 9843 9844 9845
5 3578 3586 9838 9841 9846
7 8062 8250 8968 9842 9847 9848 9849
7 3529 3575 3581 5139 8055 9846 9847
12 7519 7745 8580 8816 8838 8976 9750 9850 9851 9852 9853 9854
5 1471 1474 9850 9855 9856
5 3602 5151 9851 9857 9858
5 1504 5156 9855 9859 9860
7 1498 5150 5152 5154 8073 8965 9859
5 5155 5157 7757 7768 9857
5 3556 3614 9861 9862 9863
7 323 326 330 5166 7277 9861 9864
5 5181 5184 8991 9865 9866
7 4686 4697 5167 5169 9098 9867 9868
5 3617 5174 9862 9869 9870
5 5172 5175 8941 8979 9865
5 5161 5163 9867 9871 9872
7 5164 5186 6025 6036 8491 9873 9874
5 6028 6031 9873 9875 9876
5 3630 5191 9001 9877 9878
5 921 5196 9875 9879 9880
7 334 5190 5192 5194 8998 9041 9879
5 5195 5197 9059 9877 9881
7 2829 4665 4670 5202 7358 9882 9883
5 2826 4668 9882 9884 9885
5 6011 6014 9886 9887 9888
5 2166 5213 9566 9884 9889
5 5211 5214 9558 9886 9890
5 5206 5209 9891 9892 9893
7 907 5222 6430 6435 8042 9894 9895
5 2815 5224 8957 9891 9894
7 7758 8489 9002 9883 9896 9897 9898
7 918 5201 5203 5219 7762 9892 9896
7 3648 3657 5217 5220 7510 9897 9899
12 8013 8986 8996 8999 9042 9047 9049 9053 9900 9901 9902 9903
5 3646 3649 9900 9904 9905
7 3605 3652 3654 5242 9858 9904 9906
7 8837 8994 9749 9852 9901 9906 9907
5 5218 5237 8958 9905 9908
7 4999 5004 5235 5243 8977 9907 9909
5 5229 5232 8988 9902 9909
7 3693 3695 5245 5249 9013 9910 9911
5 585 5259 9004 9912 9913
7 1596 5258 5260 5262 7261 7390 9914
5 3676 5264 7810 9914 9915
5 5263 5265 9008 9706 9912
5 5253 5255 8593 9910 9916
12 9012 9014 9017 9022 9028 9782 9917 9918 9919 9920 9921 9922
5 3733 3736 9917 9923 9924
5 619 5276 9918 9925 9926
7 1561 5274 5277 5286 7813 9927 9928
5 985 5284 9923 9927 9929
7 2322 2337 5279 5281 9930 9931 9932
5 5285 5287 7531 8729 9925
5 5268 5271 8116 9919 9930
5 2335 3739 9933 9934 9935
7 8819 9018 9920 9931 9936 9937 9938
7 3742 3745 5282 5289 9924 9933 9936
7 2360 5300 6471 6477 8246 9939 9940
5 2367 5298 9934 9939 9941
7 3717 3719 5290 5296 9029 9937 9942
5 5299 5301 8238 8245 9943
7 2208 2215 5303 5307 9115 9944 9945
7 1009 2154 3782 5304 9946 9947 9948
5 2157 4699 9946 9949 9950
5 5444 5449 9951 9952 9953
5 4703 5318 9949 9954 9955
5 5316 5319 9951 9956 9957
5 5310 5312 9116 9944 9958
12 9043 9077 9085 9863 9866 9871 9880 9959 9960 9961 9962 9963
5 2155 2158 9959 9964 9965
5 2118 5330 9045 9960 9966
7 4698 4700 4704 5324 9956 9964 9967
7 3777 5328 5331 5335 8129 9968 9969
5 3783 5333 9965 9968 9970
5 5334 5336 9060 9947 9966
7 9069 9665 9672 9971 9972 9973 9974
7 4879 4881 6494 6499 9675 9971 9975
5 6975 6981 9976 9977 9978
5 5338 5340 9961 9976 9979
5 6490 6496 9975 9980 9981
7 9864 9868 9962 9967 9982 9983 9984
7 327 3813 3816 5343 9078 9982 9985
12 7278 9099 9102 9341 9530 9957 9983 9986 9987 9988 9989 9990
5 1647 5352 8137 9986 9991
7 5322 5325 5344 5346 9979 9984 9992
7 2140 5350 5353 5355 7999 9972 9993
5 5356 5358 9345 9991 9994
5 5359 5364 9993 9995 9996
12 9067 9071 9076 9973 9977 9980 9995 9997 9998 9999 10000 10001
5 3808 3814 9997 10002 10003
7 2131 5363 5365 5370 9353 9994 10004
5 3817 5372 9279 10002 10004
7 9625 9775 9998 10005 10006 10007 10008
7 2147 3811 3819 5375 9081 10003 10005
5 5371 5373 9985 9987 9996
5 3749 3757 10009 10010 10011
7 962 3755 3760 5382 7524 10009 10012
7 8081 8594 8829 9051 10012 10013 10014
7 3820 5389 6978 6984 9978 10006 10015
5 3824 5387 9776 10010 10015
7 3023 3025 5383 5385 9621 10013 10016
5 5388 5390 9038 9963 10017
5 3838 5395 9087 10018 10019
5 5368 5398 9999 10020 10021
12 7296 7577 7991 9030 9092 9244 9493 9784 10018 10022 10023 10024
5 1005 1007 10020 10022 10025
7 5376 5394 5396 5400 8150 10007 10021
5 5399 5401 8145 9280 10019
7 338 858 3787 5409 8147 10025 10026
7 7688 8436 8927 8931 10023 10026 10027
7 3553 3798 5410 5412 9070 10027 10028
5 5405 5407 9095 10024 10028
7 8477 9559 9569 10029 10030 10031 10032
7 2808 3882 5757 5763 10029 10033 10034
5 5418 5421 8191 10035 10036
7 2540 2542 5429 5431 9117 10037 10038
7 4682 5435 5437 5440 7691 9574 10039
7 3865 3887 5313 5446 9108 10040 10041
5 2543 3885 10040 10042 10043
7 5436 5452 6590 6598 8441 9575 10044
5 5430 5454 10042 10044 10045
5 5453 5455 10037 10046 10047
5 2225 2227 10048 10049 10050
7 2162 5422 5432 5463 10048 10051 10052
5 3925 5460 9142 10053 10054
5 2222 5474 10049 10055 10056
7 3463 5458 5461 5476 8853 10055 10057
5 5475 5477 8189 9061 10053
5 3971 3973 10058 10059 10060
5 3959 5491 9160 10061 10062
5 6612 6615 10058 10063 10064
7 5490 5492 6609 6618 9180 9790 10063
5 5484 5487 9166 10065 10066
7 1187 3978 5494 5504 9363 10067 10068
5 5499 5502 9171 10067 10069
7 1611 4355 5512 5515 10070 10071 10072
7 1039 5524 5527 5530 10073 10074 10075
5 5518 5521 8124 10070 10076
5 4019 5533 10077 10078 10079
5 5536 5538 10073 10077 10080
12 8121 8672 8676 9192 9197 9673 10076 10078 10081 10082 10083 10084
7 9005 9006 9196 10081 10085 10086 10087
7 3803 4032 6645 6656 10085 10088 10089
5 6648 6651 9981 10082 10088
5 3857 3860 10090 10091 10092
7 3863 3866 6918 6923 9153 10090 10093
5 4020 5550 10094 10095 10096
5 4360 5553 10091 10097 10098
7 5513 5548 5551 5555 10079 10097 10099
5 5554 5556 9389 10094 10100
5 5542 5545 9676 10101 10102
7 7932 7941 7948 8588 10103 10104 10105
7 1759 1768 6667 6672 7938 10103 10106
5 5565 5572 9224 9758 10107
5 5272 5280 10108 10109 10110
7 788 5269 5275 5567 8118 10108 10111
5 4079 5561 9223 10112 10113
5 2338 5577 9759 10109 10114
7 2326 5560 5562 5575 8773 8812 10114
5 5576 5578 9932 10112 10115
12 7227 7320 7450 7474 7570 8786 9238 10116 10117 10118 10119 10120
5 1853 1855 10116 10121 10122
7 3513 3519 5581 5583 7973 10123 10124
7 153 303 838 5584 7485 10121 10125
7 7242 7483 8787 8900 10117 10123 10125
5 4103 5589 9240 10118 10126
5 5137 5592 9843 10122 10127
7 5140 5587 5590 5594 7496 9848 10127
5 5593 5595 8908 10126 10128
7 3569 3571 6773 6785 8950 10129 10130
5 6776 6779 9261 10129 10131
7 1847 1849 7158 7164 10132 10133 10134
7 1332 2716 4120 5600 9245 10135 10136
12 9486 9489 9494 9648 9654 9655 10137 10138 10139 10140 10141 10142
5 2719 2722 10135 10137 10143
5 3114 5606 8684 10138 10144
5 1328 5611 9346 10143 10145
7 862 5604 5607 5609 7864 7887 10145
5 5610 5612 7689 8928 10144
5 5598 5616 9347 10146 10147
5 5614 5617 10139 10148 10149
5 3110 5622 9272 10148 10150
7 5605 5615 5621 5623 7865 8656 10146
5 5626 5629 7846 10151 10152
5 6319 6324 9384 10153 10154
5 4356 5639 10155 10156 10157
12 9056 9185 9189 9191 9386 10080 10100 10153 10158 10159 10160 10161
5 5516 5519 10155 10158 10162
5 5637 5640 10071 10154 10163
7 8320 9183 9187 10074 10159 10164 10165
7 2096 5522 5525 5649 8123 10162 10164
7 2527 2530 5650 5651 10165 10166 10167
5 5643 5646 10160 10166 10168
12 7302 7547 7853 8125 8723 9122 9712 10156 10169 10170 10171 10172
5 5644 5652 10169 10173 10174
5 3898 5663 7826 10170 10175
7 2523 5661 5664 5666 9124 10176 10177
5 2528 5668 10173 10176 10178
5 5667 5669 8321 10167 10175
5 5655 5658 10171 10179 10180
5 4233 4235 10181 10182 10183
5 5659 5680 10184 10185 10186
7 9310 9538 9541 9545 10187 10188 10189
7 4227 4229 5048 5685 8895 10181 10187
5 2501 5688 10182 10190 10191
7 4212 5678 5681 5690 10179 10190 10192
7 2491 5056 5683 5686 10188 10193 10194
5 5689 5691 8883 10184 10195
5 5672 5675 10168 10193 10196
7 5656 5662 6710 6715 10185 10197 10198
5 6718 6721 9123 10197 10199
7 5632 5634 5701 5702 10151 10200 10201
5 4351 4353 10202 10203 10204
5 4607 5713 9528 10205 10206
5 1206 5718 10202 10207 10208
7 3846 5712 5714 5716 9531 10207 10209
5 5717 5719 9516 9523 10205
5 5707 5709 9350 10200 10210
5 5742 5745 9374 10211 10212
5 4313 5723 10213 10214 10215
12 7549 9149 9305 9361 9364 9371 9377 10211 10216 10217 10218 10219
5 1033 4310 10213 10216 10220
5 5721 5724 8463 9376 10212
7 1036 2572 5481 5733 10065 10220 10221
7 3977 3979 5734 5736 10059 10222 10223
5 5728 5730 8324 10217 10222
12 7221 7723 7733 8472 8474 8511 9378 10224 10225 10226 10227 10228
5 4323 4326 10224 10229 10230
7 4317 4319 5731 5753 8196 10229 10231
5 4283 5751 10218 10230 10232
7 509 5722 5746 5754 10214 10233 10234
5 5740 5743 7705 10225 10233
12 7542 8194 8325 8445 9172 10046 10235 10236 10237 10238 10239 10240
5 1353 5438 10235 10241 10242
7 8549 9367 9381 10236 10243 10244 10245
7 1350 2892 5883 5886 8533 10241 10243
5 5419 5765 10051 10237 10246
7 4674 5764 5766 5768 10030 10035 10247
5 5441 5770 10242 10247 10248
5 5769 5771 10039 10246 10249
5 5758 5760 9379 10238 10250
12 8717 8720 9145 9147 9392 9394 9398 9722 10251 10252 10253 10254
5 3931 3933 10251 10255 10256
7 4393 5778 5780 5791 8335 10257 10258
5 2575 5789 7633 10255 10257
7 1232 3937 3940 5796 7646 10256 10259
7 8260 8267 8748 9304 10252 10259 10260
7 3289 3294 5795 5797 7642 10260 10261
5 5784 5787 8632 10253 10261
7 4475 4476 5801 5808 9445 10262 10263
12 8409 8517 8534 8548 9366 9584 10244 10264 10265 10266 10267 10268
7 496 1461 4405 5809 8525 10269 10270
5 5752 5813 9382 10264 10271
7 5749 5812 5814 5819 9372 10232 10272
5 5817 5820 10226 10271 10273
5 5805 5807 8516 10262 10265
5 4406 4408 10274 10275 10276
5 5818 5834 10272 10277 10278
7 2889 4400 4401 5836 8529 10274 10279
7 4330 5833 5835 5841 8512 10273 10280
5 1462 5839 8505 10275 10280
7 140 1434 5830 5837 8508 10281 10282
5 5840 5842 10266 10269 10277
5 5824 5827 7730 10281 10283
12 7728 8356 8359 9373 9413 10276 10278 10283 10284 10285 10286 10287
5 4433 4435 10284 10288 10289
5 1225 5853 7616 10285 10290
7 2602 2605 2639 5856 7342 10288 10291
7 7484 8360 10279 10282 10286 10291 10292
5 4428 5861 9456 10289 10293
7 4194 5852 5854 5863 9294 9301 10293
7 2878 4402 5857 5859 8384 10292 10294
5 5862 5864 8268 9427 10290
5 5846 5849 9446 10287 10294
5 5866 5868 9299 9444 10295
5 4460 5869 9417 10296 10297
5 2656 4466 10296 10298 10299
7 4498 4500 4506 5871 9464 10298 10300
7 8523 8528 9800 10300 10301 10302 10303
7 1375 2678 5874 5878 9581 10304 10305
7 8449 8483 8486 10304 10306 10307 10308
7 18 1360 4510 5875 9465 10306 10309
12 8158 8161 8482 9560 9890 10031 10248 10307 10310 10311 10312 10313
5 500 502 10309 10310 10314
5 5761 5888 10033 10311 10315
5 4333 5891 10267 10314 10316
7 4336 5887 5889 5893 10245 10250 10316
5 5892 5894 8327 10227 10315
5 5881 5884 7692 10305 10312
7 8399 8401 8425 9418 10317 10318 10319
7 1255 4541 4544 5896 9451 10317 10320
12 7662 7665 7668 7679 7687 7961 8200 8406 10318 10321 10322 10323
5 577 5905 7774 10321 10324
7 2681 2683 5897 5899 9744 10319 10325
7 2357 5903 5906 5908 7772 10326 10327
5 5909 5911 8239 10324 10328
5 4545 5916 9801 10329 10330
5 5914 5917 10320 10322 10331
5 5912 5922 10326 10331 10332
7 1171 5915 5920 5923 9805 10328 10329
5 4481 4542 10330 10333 10334
7 4411 4483 5075 5925 10333 10335 10336
5 5946 5949 10140 10337 10338
12 7300 9027 9032 9034 9258 9262 9941 10339 10340 10341 10342 10343
5 1338 4154 10337 10339 10344
7 7532 8730 8733 9025 10340 10345 10346
7 707 3265 4549 5938 9271 10344 10345
7 851 4560 5939 5941 9492 10346 10347
5 5934 5936 7578 10341 10347
7 4153 4155 5943 5947 9269 10348 10349
7 4565 5944 6189 6198 9473 10350 10351
7 8254 9477 10327 10348 10350 10352 10353
7 7503 9555 9832 10354 10355 10356 10357
7 5115 5120 5953 5957 9511 10354 10358
5 5961 5963 9821 10358 10359
12 7310 7613 8197 9791 10064 10215 10360 10361 10362 10363 10364 10365
5 6568 6573 10360 10366 10367
5 358 5980 9795 10361 10368
7 10228 10231 10234 10362 10369 10370 10371
7 4396 5982 6565 6576 8475 10366 10369
7 4637 5979 5981 5985 8893 9404 10372
5 4632 5987 9409 10367 10372
7 510 513 5976 5983 7724 10370 10373
5 5986 5988 9546 10368 10374
5 5970 5973 8468 10363 10373
5 4588 5993 10375 10376 10377
12 8453 8492 8493 8949 8951 9101 9869 10375 10378 10379 10380 10381
5 2820 4653 10378 10382 10383
7 5954 5992 5994 6004 10355 10384 10385
5 2761 6002 10382 10384 10386
7 4659 4662 6008 6019 9887 10383 10387
5 6003 6005 8487 10376 10388
5 5997 5999 8944 10379 10389
12 7361 7741 8972 9512 9810 9833 10356 10386 10390 10391 10392 10393
5 5223 5225 10390 10394 10395
7 2173 5212 6015 6016 9889 10396 10397
7 7736 8051 8164 9567 10391 10396 10398
7 2003 2816 5207 6017 9568 10394 10398
5 6000 6021 9556 10392 10399
5 6426 6432 8942 9895 10399
5 6009 6012 9561 10393 10397
12 8192 9576 9579 9950 9952 9958 10045 10249 10400 10401 10402 10403
5 3626 4676 10400 10404 10405
7 8190 9062 9945 9948 10401 10406 10407
7 2219 3620 3623 6033 8075 10404 10406
5 2836 6038 9572 10402 10408
7 922 1010 6032 6034 9881 10407 10409
7 4660 6037 6039 6041 8494 10410 10411
5 4679 6043 10405 10410 10412
5 6042 6044 9570 10313 10408
5 6026 6029 9872 10403 10409
12 7325 7447 8380 8555 8922 9588 10413 10414 10415 10416 10417 10418
5 4725 4728 10413 10419 10420
5 2488 6055 8309 10414 10421
7 8553 8757 8761 9591 10415 10422 10423
7 3302 4731 4734 6060 10419 10422 10424
7 1179 6054 6056 6063 8312 9405 10425
5 1182 6065 8888 10420 10425
7 3309 3312 6059 6061 8767 10423 10426
5 6064 6066 8860 10421 10427
5 6048 6051 8470 10416 10426
7 2926 4760 4761 6068 7793 10428 10429
7 2454 2936 6069 6072 8556 10430 10431
7 2480 6080 6082 6085 7750 10432 10433
5 6075 6078 8921 10430 10434
5 4765 6091 10428 10435 10436
7 4722 6090 6092 6094 9589 10437 10438
5 6086 6096 8861 10437 10439
5 2965 6083 10439 10440 10441
5 6095 6097 10417 10432 10435
7 9610 9613 9853 10442 10443 10444 10445
7 1477 2962 5146 6105 9856 10440 10442
7 1483 2989 6106 6108 7746 10443 10446
5 6101 6103 9609 10446 10447
5 2984 6113 9611 10448 10449
7 3334 6112 6114 6116 7205 10450 10451
5 4790 6118 10450 10452 10453
12 8570 9603 9615 10434 10436 10441 10444 10447 10448 10454 10455 10456
5 2972 4787 10452 10454 10457
5 6117 6119 9614 9760 10449
7 432 2969 2975 6127 8278 10457 10458
7 8292 8574 10429 10431 10455 10458 10459
7 291 4762 6128 6130 7289 10459 10460
5 6123 6125 9607 10456 10460
12 7402 7605 8624 8626 8633 8749 9641 9644 10461 10462 10463 10464
5 1056 1058 10461 10465 10466
7 233 235 1744 6139 7923 10465 10467
7 7267 8348 8745 8762 10462 10467 10468
5 4834 6146 9639 10463 10469
7 715 3291 6140 6142 7919 10468 10470
5 2295 6149 8217 10466 10471
7 2298 6145 6147 6151 8395 8636 10471
5 6150 6152 7562 9202 10469
5 6134 6137 9646 10464 10470
7 1678 3224 6156 6158 8002 10472 10473
7 1026 6168 6170 6173 9659 10474 10475
5 6163 6165 8713 10472 10476
5 7122 7130 9666 10477 10478
5 4876 6179 8668 10477 10479
12 8704 8708 8711 9678 9696 9698 9715 9730 10479 10480 10481 10482
7 7414 9699 9701 9734 10480 10483 10484
7 633 3253 6791 6802 9738 10483 10485
5 6794 6797 7854 10481 10485
5 6192 6195 10351 10486 10487
5 6182 6185 10141 10486 10488
5 6819 6822 9745 10489 10490
12 7685 7892 8418 8646 8649 8654 8741 9468 10491 10492 10493 10494
5 2684 4991 10491 10495 10496
5 3277 6200 8738 10492 10497
5 5900 6205 10495 10498 10499
7 5904 6199 6201 6203 7914 10352 10498
5 6204 6206 10323 10325 10497
5 6190 6193 9649 10493 10500
7 1988 3441 4995 6208 9753 10501 10502
12 8227 8230 8569 8906 8910 9215 9839 10128 10503 10504 10505 10506
5 3596 3598 10501 10503 10507
5 2952 6222 8566 10504 10508
5 5144 6225 9854 10507 10509
7 5147 6221 6223 6227 8571 10445 10509
5 6226 6228 8974 10508 10510
5 6213 6216 8805 10505 10511
12 7569 8035 8822 8845 8989 9747 9754 9770 10512 10513 10514 10515
5 3412 5017 10512 10516 10517
7 8225 8844 10502 10506 10513 10518 10519
7 4064 5014 5019 6239 9216 10516 10518
5 3683 6244 9780 10514 10520
7 6209 6218 6238 6240 10511 10519 10521
7 3680 6243 6245 6249 9010 9763 10522
5 3405 6247 9761 10517 10522
5 6248 6250 8820 9921 10520
5 6232 6235 9751 10515 10521
7 1183 4723 4726 6252 10427 10523 10524
7 8862 9606 9786 10438 10523 10525 10526
5 4729 4732 10524 10527 10528
7 3306 6255 6288 6296 8618 8879 10529
5 3303 6257 8889 10527 10529
5 6256 6258 8763 10424 10530
5 3470 6263 9311 10531 10532
7 6253 6262 6264 6266 8866 10525 10533
5 6267 6269 8890 10531 10534
5 6281 6284 10535 10536 10537
5 6270 6290 10533 10535 10538
7 4238 6282 6289 6291 8880 10534 10539
12 7291 7796 9590 9608 9788 10526 10528 10538 10540 10541 10542 10543
7 7593 7599 8608 10540 10544 10545 10546
7 268 3053 6300 6303 8620 10544 10547
5 6295 6297 10530 10541 10547
5 3992 6308 10548 10549 10550
7 3921 6307 6309 6311 9387 10551 10552
5 5057 6313 10161 10551 10553
12 7211 7969 9165 9181 9743 9792 9796 10191 10548 10554 10555 10556
5 5673 5684 10553 10554 10557
5 6312 6314 9547 10194 10549
7 7840 7968 10172 10192 10555 10558 10559
7 5647 5676 5679 6322 10174 10557 10558
7 2560 5638 6323 6325 10157 10559 10560
5 6317 6320 9178 10556 10560
5 5072 6330 10335 10561 10562
7 5872 6328 6331 6333 9450 10301 10563
5 6334 6336 9419 10561 10564
5 5098 6346 10565 10566 10567
5 1366 1368 10565 10568 10569
7 5105 6340 6343 6348 10566 10570 10571
7 494 497 4514 6351 8410 10568 10572
5 6347 6349 10573 10574 10575
5 5068 6369 10576 10577 10578
7 1369 5096 5099 6371 7695 10573 10579
7 6329 6368 6370 6376 9807 10302 10580
5 6344 6374 10574 10580 10581
7 546 3509 6365 6372 8530 10582 10583
5 6375 6377 10570 10576 10584
5 6359 6362 8901 10582 10585
7 3508 3510 5088 6379 8497 10586 10587
7 8506 9837 10579 10583 10586 10588 10589
12 8897 9822 9830 9836 10575 10577 10585 10588 10590 10591 10592 10593
5 3514 3516 10587 10590 10594
7 5081 5108 6380 6383 9812 10589 10595
5 4099 6393 9229 10591 10596
5 5582 6396 9844 10594 10597
7 5588 6392 6394 6398 9237 9849 10597
5 6397 6399 10119 10124 10596
5 6387 6389 9834 10592 10595
5 5134 6404 8971 10598 10599
12 7250 7370 7444 7751 7766 8966 9860 10510 10598 10600 10601 10602
5 731 1866 10600 10603 10604
5 1861 6413 8916 10603 10605
7 5131 6403 6405 6415 8907 9840 10605
7 7443 8310 10418 10433 10601 10606 10607
7 727 1864 3536 6420 7326 10604 10606
5 6414 6416 7987 9845 10599
7 6076 6081 6419 6421 8923 10607 10608
5 6408 6411 8572 10602 10608
7 9874 10380 10387 10411 10609 10610 10611
7 5173 5185 5187 6423 9870 10609 10612
12 8981 9876 9878 9885 9888 9893 9898 10412 10610 10613 10614 10615
5 5179 5182 10612 10613 10616
7 6020 6022 6424 6427 10389 10611 10617
5 5238 6437 9899 10614 10618
5 3634 6440 8943 10616 10619
7 5241 6436 6438 6442 8043 9908 10619
5 6441 6443 8992 9903 10618
5 6431 6433 10395 10615 10617
12 7799 9074 9096 9619 9913 9916 10086 10620 10621 10622 10623 10624
5 2076 2079 10620 10625 10626
5 3671 6454 9007 10621 10627
7 1873 2082 2099 6459 9023 10625 10628
7 9617 9783 9911 9922 10622 10628 10629
5 647 6462 8731 10626 10630
7 643 6453 6455 6464 7904 8934 10630
7 616 5246 6458 6460 9926 10629 10631
5 6463 6465 8929 8932 10627
5 6447 6450 9915 10623 10631
12 8232 8775 9214 9218 9766 9935 9938 10115 10632 10633 10634 10635
5 4094 4096 10632 10636 10637
7 7322 9212 9241 10120 10633 10638 10639
7 2370 2374 4108 6474 9239 10636 10638
5 5294 6479 9942 10634 10640
5 4582 6486 10637 10641 10642
7 4569 6478 6480 6484 9035 10641 10643
7 389 1067 6475 6482 7571 10639 10644
5 6485 6487 9499 9508 10640
5 6469 6472 9943 10635 10644
12 9109 9111 9954 9970 10092 10095 10101 10645 10646 10647 10648 10649
5 5323 5341 10645 10650 10651
5 3141 6501 10646 10652 10653
5 5347 6504 10000 10650 10654
7 5351 6500 6502 6506 8666 9974 10654
5 6505 6507 9988 9992 10652
5 6495 6497 9193 10647 10655
7 5317 5445 5447 6518 9955 10656 10657
5 5414 6526 9667 10658 10659
7 6159 6524 6935 6949 10658 10660 10661
5 6511 6513 10659 10662 10663
7 10041 10093 10648 10656 10664 10665 10666
7 3144 6517 6519 6529 10653 10662 10664
7 8138 9340 9989 10209 10667 10668 10669
7 1650 5415 6514 6532 9103 10667 10670
12 7611 7847 8006 8330 9356 9660 9662 10208 10668 10671 10672 10673
5 6525 6527 10670 10671 10674
5 6176 6546 10474 10672 10675
7 3847 6521 6533 6541 10669 10676 10677
5 6938 6943 10660 10675 10678
5 6536 6539 8447 10673 10676
12 7329 7333 7540 8539 8543 8545 9151 9368 10679 10680 10681 10682
5 6174 6177 10679 10683 10684
5 1108 6556 7588 10680 10685
5 6171 6559 10683 10686 10687
7 3237 6554 6557 6561 8718 9723 10686
5 6560 6562 8174 10475 10685
12 7354 7364 8478 8983 9564 10032 10036 10056 10688 10689 10690 10691
5 5466 5471 10688 10692 10693
7 8456 9548 9553 10057 10689 10694 10695
7 4649 5459 5469 6571 10692 10694 10696
5 3880 6578 10034 10690 10697
7 4633 4641 6572 6574 10374 10695 10698
7 4320 6577 6579 6581 9380 10371 10699
5 5425 6583 10364 10693 10699
5 6582 6584 10239 10697 10700
5 6566 6569 9411 10691 10698
5 6540 6542 10701 10702 10703
7 2550 2752 6594 6595 8546 10704 10705
7 2744 6537 6544 6596 7334 10701 10706
5 5450 6600 10657 10707 10708
7 4695 6599 6601 6603 9577 9953 10709
5 6522 6605 9517 10702 10709
5 6604 6606 9990 10677 10707
5 6588 6591 10047 10704 10710
12 9105 9114 9118 9156 9177 9388 10050 10054 10711 10712 10713 10714
5 5470 5472 10711 10715 10716
5 3993 6620 10552 10712 10717
7 9173 10038 10052 10240 10713 10718 10719
7 5426 5464 5467 6622 10700 10715 10718
7 5054 6619 6621 6625 9793 10550 10720
5 4650 6627 10365 10716 10720
7 3974 3982 6616 6623 8195 10719 10721
5 6626 6628 9549 10696 10717
5 6610 6613 10061 10714 10721
7 2573 2576 3934 6630 7550 10722 10723
7 10068 10219 10221 10223 10722 10724 10725
5 5790 5792 10723 10726 10727
7 3944 5495 6631 6634 9150 10724 10728
7 2566 6639 6953 6962 9724 10729 10730
5 5781 6641 10254 10726 10729
5 6640 6642 9735 10258 10731
7 1043 5534 5537 6653 10096 10732 10733
5 5531 5539 10732 10734 10735
5 59 6658 8595 10736 10737
7 2090 6657 6659 6661 7800 10087 10738
5 5528 6663 10083 10734 10738
5 6662 6664 8322 10075 10736
5 1799 6669 9220 10739 10740
12 7256 7534 7912 9033 9222 9929 10110 10113 10739 10741 10742 10743
5 5571 5573 10741 10744 10745
7 1796 6668 6670 6678 7952 10104 10746
5 4076 6680 10744 10746 10747
7 7811 7816 9928 10111 10742 10748 10749
7 5566 5568 6997 7010 7464 10745 10748
5 6679 6681 9225 9597 10740
5 6673 6675 7374 10743 10750
5 2390 4141 10751 10752 10753
5 4277 6695 10751 10754 10755
5 6693 6696 9348 9355 10756
5 7161 7169 10132 10757 10758
12 9265 10332 10334 10353 10487 10489 10499 10759 10760 10761 10762 10763
5 7095 7100 10759 10764 10765
5 5950 6698 10349 10760 10766
5 2733 6704 10764 10767 10768
7 5930 6699 6701 6706 10338 10767 10769
5 6705 6707 10342 10766 10770
5 6836 6839 10542 10771 10772
5 6285 6712 10539 10771 10773
12 7275 7966 8616 8619 8631 8881 9308 10195 10773 10774 10775 10776
7 7264 8614 9136 9307 10774 10777 10778
7 3048 5693 5696 6723 9139 10777 10779
7 1581 4221 6722 6724 9137 10778 10780
5 6716 6719 10180 10775 10780
5 3917 5694 10781 10782 10783
7 7818 7821 9629 9634 10784 10785 10786
7 3045 3914 4808 6726 9632 10781 10784
7 759 1513 6727 6730 8598 10785 10787
7 6301 6735 6842 6845 10545 10772 10788
5 5697 6737 8609 10782 10788
5 6736 6738 10776 10779 10789
12 9718 9725 9728 9731 10476 10678 10687 10790 10791 10792 10793 10794
7 9668 9680 10473 10661 10790 10795 10796
7 4888 5773 7114 7119 10478 10795 10797
5 6956 6966 10730 10791 10798
5 6744 6747 9736 10798 10799
7 6751 6754 7183 7191 10800 10801 10802
7 6341 6354 6758 6761 10803 10804 10805
7 8183 9420 10800 10806 10807 10808 10809
12 7331 8182 8413 8663 9522 10806 10810 10811 10812 10813 10814 10815
7 1248 5867 7030 7041 10297 10807 10816
5 4716 6764 9583 10810 10817
5 6767 6769 10803 10817 10818
5 7033 7036 8416 10811 10816
12 7978 8020 8022 8026 8029 10357 10359 10819 10820 10821 10822 10823
5 6688 6690 10819 10824 10825
7 9251 9255 10133 10820 10826 10827 10828
5 4589 6787 10385 10821 10829
7 2397 4143 6780 6782 10752 10826 10830
5 6774 6777 8257 10822 10830
5 6748 6804 10831 10832 10833
7 1612 1671 6798 6799 8673 10834 10835
7 4884 6803 6805 6807 10484 10799 10836
5 5774 6809 10482 10836 10837
5 6808 6810 10792 10797 10831
5 6792 6795 8724 10834 10838
7 5635 6694 7058 7063 10754 10839 10840
5 7054 7060 10147 10839 10841
7 4866 4989 6820 6824 10496 10842 10843
7 8658 9273 9656 10494 10842 10844 10845
7 4856 6183 6196 6825 10500 10844 10846
5 6186 6812 10846 10847 10848
5 6815 6830 10761 10847 10849
7 6711 6713 6833 6837 10536 10850 10851
12 7830 8317 9125 9130 9328 10199 10783 10786 10852 10853 10854 10855
5 4255 4263 10852 10856 10857
5 6733 6847 10787 10853 10858
5 603 6850 10543 10856 10859
7 1789 6846 6848 6852 8612 10546 10859
5 6851 6853 9331 10858 10860
5 6840 6843 10789 10850 10854
12 8869 10178 10183 10186 10189 10196 10532 10537 10861 10862 10863 10864
5 6273 6276 10861 10865 10866
5 3479 6864 9539 10862 10867
7 10177 10198 10851 10855 10863 10868 10869
7 4252 6279 6834 6869 10857 10865 10868
5 4242 6872 9324 10866 10870
7 4245 6863 6865 6874 8865 9317 10870
7 2524 4260 6868 6870 9329 10869 10871
5 6873 6875 8863 9787 10867
5 6857 6860 8874 10864 10871
5 5061 6880 9827 10872 10873
7 1842 6878 6881 6885 9823 10874 10875
5 1850 6883 10874 10876 10877
5 6884 6886 10134 10823 10872
5 6889 6891 9808 10878 10879
7 9230 9233 10593 10875 10880 10881 10882
7 5065 6879 6892 6894 10578 10880 10883
7 819 1076 6895 6898 8898 10881 10884
7 5921 6907 6908 6911 9266 9806 10885
5 6902 6904 7572 10884 10886
7 6530 6914 6919 6920 10102 10665 10887
7 2244 3949 6930 6931 9168 10888 10889
5 6924 6927 9106 10888 10890
12 9154 9174 10043 10663 10666 10703 10708 10710 10891 10892 10893 10894
5 4339 4342 10891 10895 10896
7 9158 10681 10705 10706 10892 10897 10898
7 5507 5508 6550 6941 10895 10897 10899
7 6545 6547 6942 6944 10684 10898 10900
5 6741 6946 10793 10896 10901
5 6936 6939 10674 10893 10900
12 9169 9400 10060 10062 10066 10069 10725 10727 10902 10903 10904 10905
5 4343 5509 10902 10906 10907
7 9161 9741 10889 10903 10908 10909 10910
7 4340 6742 6932 6959 10906 10908 10911
5 6637 6964 10728 10904 10912
5 6551 6971 10794 10907 10913
7 6555 6963 6965 6969 9148 9726 10913
7 4981 6745 6960 6967 10832 10909 10914
5 6970 6972 10682 10899 10912
5 6954 6957 10731 10905 10914
12 7526 7556 8130 9052 10011 10014 10735 10737 10915 10916 10917 10918
5 6646 6649 10915 10919 10920
5 5380 6986 10016 10916 10921
7 9064 9969 10649 10733 10917 10922 10923
7 6491 6652 6654 6988 10655 10919 10922
5 3804 6991 10001 10920 10924
7 4805 6985 6987 6993 9623 10008 10924
7 5329 5339 6982 6989 10651 10923 10925
5 6992 6994 10089 10624 10921
5 6976 6979 10017 10918 10925
5 6676 6999 10106 10926 10927
7 3 6998 7000 7002 10749 10750 10928
5 765 7004 7812 10928 10929
12 7286 7943 7946 7950 10105 10453 10747 10860 10926 10930 10931 10932
5 599 761 10929 10930 10933
5 7003 7005 7819 9630 10927
7 8578 9325 9332 10451 10931 10934 10935
7 2511 2515 4265 7013 9327 10933 10934
7 45 3335 7014 7016 7208 10935 10936
5 7009 7011 10107 10932 10936
12 9336 10131 10203 10206 10210 10755 10937 10938 10939 10940 10941 10942
7 9337 9529 10130 10381 10937 10943 10944
7 6786 6788 7136 7147 10377 10943 10945
5 6684 7018 10938 10946 10947
5 7021 7023 9526 10812 10946
5 7139 7142 10824 10939 10945
5 7186 7188 10801 10813 10948
5 6685 7026 10948 10949 10950
12 8521 8526 8531 9447 10299 10303 10569 10581 10951 10952 10953 10954
5 6355 6768 10951 10955 10956
7 2860 4477 7037 7038 8518 10957 10958
7 10263 10268 10270 10572 10952 10957 10959
7 6352 6765 6770 7039 9585 10955 10959
5 6337 7043 10563 10953 10960
5 6759 7048 10814 10956 10961
7 6755 7042 7044 7046 10564 10808 10961
5 7047 7049 10804 10960 10962
5 7031 7034 10295 10954 10958
7 9249 10136 10142 10769 10963 10964 10965
7 6702 6813 6816 7051 10488 10963 10966
12 9246 9253 9289 9507 10753 10757 10768 10827 10964 10967 10968 10969
5 6828 6831 10966 10967 10970
7 5599 5601 7052 7055 10149 10965 10971
5 7059 7061 10756 10968 10971
5 6823 7083 10843 10972 10973
7 7064 7066 7069 7078 10974 10975 10976
5 6752 7088 10977 10978 10979
7 4412 7081 7084 7086 10490 10977 10980
5 7087 7089 9421 10802 10972
5 7073 7076 10970 10974 10981
12 8247 9228 9235 9503 10642 10876 10882 10886 10982 10983 10984 10985
5 4159 6909 10982 10986 10987
7 9504 9940 10343 10643 10983 10988 10989
7 2361 4161 4164 7098 9263 10986 10988
5 6890 7105 10883 10984 10990
7 2734 2737 7099 7101 10770 10989 10991
7 5926 7103 7106 7108 10878 10992 10993
5 6912 7110 10762 10987 10992
5 7109 7111 9802 10885 10990
5 7092 7096 10758 10985 10991
5 6947 7116 10911 10994 10995
12 9179 9742 10098 10163 10833 10838 10890 10910 10994 10996 10997 10998
5 5543 6921 10996 10999 11000
7 6950 7115 7117 7127 10796 10901 11001
5 6915 7125 9669 10999 11001
7 4870 5546 5549 7132 9194 11000 11002
7 10072 10084 10099 10835 10997 11002 11003
5 7126 7128 10887 10894 10995
7 6180 6800 7131 7133 9674 11003 11004
5 7120 7123 10837 10998 11004
12 9466 9510 9582 9826 10308 10388 10567 10818 11005 11006 11007 11008
5 4719 7022 11005 11009 11010
5 2764 7149 8484 11006 11011
7 9828 10571 10805 11007 11012 11013 11014
7 6762 7019 7024 7144 10949 11009 11012
7 5966 6691 7143 7145 11013 11015 11016
7 4601 7148 7150 7154 8454 10944 11017
5 4595 7152 10940 11010 11017
5 7153 7155 9518 9527 11011
5 7137 7140 10829 11008 11015
12 10562 10584 10873 10879 10950 10962 10978 11014 11018 11019 11020 11021
5 7077 7079 11018 11022 11023
5 6689 7166 11016 11019 11024
7 6829 7074 7082 7171 10849 11022 11025
7 10336 10763 10980 10993 11020 11025 11026
7 6783 7165 7167 7176 10825 10828 11027
5 7067 7174 10969 11023 11027
7 7093 7104 7170 7172 10765 11026 11028
5 7175 7177 10941 10975 11024
5 7159 7162 10877 11021 11028
7 2553 4347 5703 7179 10204 11029 11030
7 10201 10840 10942 10976 11029 11031 11032
12 8661 10150 10152 10841 10845 10848 10973 10981 11031 11033 11034 11035
5 1640 3134 11030 11033 11036
5 4860 7193 9657 11034 11037
7 7027 7070 7180 7189 10947 11032 11038
5 3137 7198 10815 11036 11039
7 2187 7192 7194 7196 8424 10809 11039
5 7197 7199 8175 8660 11037
5 7184 7187 10979 11035 11038
