4OFF
1200 14040 0 6240
-0.56192396724708205 -0.10268823213971577 -0.64037079611254621 0.51344116069857881
0.16615304984669926 0.57690597840556224 0.62538878495406525 -0.4984591495400984
-0.22961786755368288 -0.22961786755368332 -0.30806469641914724 0.89423006694048046
-0.22961786755368288 0.41075292855886292 -0.72807701709378103 0.4984591495400984
0.64037079611254621 -0.51344116069857881 -0.56192396724708205 -0.10268823213971577
0.29308268526066672 -0.83076524923349648 -0.37152951412613022 0.293082685260667
0.063464817706983145 0.72807701709378092 0.063464817706983395 -0.67959421054527758
0.063464817706983145 0.10268823213971567 0.94843549253169246 -0.293082685260667
-0.62538878495406525 0.4984591495400984 0.16615304984669926 0.57690597840556224
-0.33230609969339892 0.41075292855886292 0.41075292855886236 -0.74305902825226122
0.19039445312095116 -0.26884128198641549 0.14191164657244759 0.93345348137321194
0.19039445312095116 0.039223414432731779 -0.64037079611254566 0.74305902825226122
0.30806469641914724 -0.89423006694048046 -0.22961786755368288 -0.22961786755368332
0.19039445312095116 0.76730043152651284 -0.53768256397282965 0.293082685260667
0.72807701709378103 -0.4984591495400984 -0.22961786755368288 0.41075292855886292
0.30806469641914724 -0.33230609969339842 -0.67959421054527813 -0.57690597840556224
0.56192396724708205 0.10268823213971577 0.64037079611254621 -0.51344116069857881
-0.64037079611254555 0.76730043152651239 -0.024241403274252005 0.024241403274251172
0.1269296354139679 -0.94843549253169201 0.20537646427943179 0.20537646427943118
0.1269296354139679 -0.57690597840556168 -0.80652384595924431 -0.024241403274251172
0.37152951412613022 -0.293082685260667 0.29308268526066672 -0.83076524923349648
0.51344116069857859 -0.6403707961125451 0.10268823213971624 0.56192396724708105
-0.063464817706984311 0.60114738167981341 -0.52270055281434935 -0.60114738167981285
-0.063464817706984311 0.53768256397282999 0.62538878495406469 -0.56192396724708105
-0.063464817706983395 0.67959421054527758 0.063464817706983145 0.72807701709378092
-0.063464817706984311 -0.41075292855886253 0.9092120780989601 0.024241403274251172
-0.94843549253169246 0.293082685260667 0.063464817706983145 0.10268823213971567
-0.063464817706983395 0.51344116069857837 0.20537646427943168 0.83076524923349648
-0.16615304984669926 -0.57690597840556224 -0.62538878495406525 0.4984591495400984
0.76730043152651284 -0.43499433183311415 -0.35654750296764925 0.30806469641914674
-0.51344116069857859 0.64037079611254533 -0.10268823213971594 -0.5619239672470806
-0.51344116069857859 0.22961786755368313 0.76730043152651217 -0.30806469641914674
-0.41075292855886236 0.74305902825226122 -0.33230609969339892 0.41075292855886292
-0.70383561381952942 0.087706220981235539 0.039223414432731529 -0.70383561381952853
0.53768256397282999 -0.20537646427943163 0.53768256397282954 0.61612939283829338
0.53768256397282999 -0.34728811085187927 -0.30806469641914702 0.70383561381952853
-0.14191164657244759 -0.93345348137321194 0.19039445312095116 -0.26884128198641549
0.53768256397282999 0.29308268526066639 -0.72807701709378037 0.30806469641914674
0.64037079611254566 -0.74305902825226122 0.19039445312095116 0.039223414432731779
-0.14191164657244759 -0.70383561381952908 -0.5619239672470816 -0.41075292855886292
0.22961786755368288 0.22961786755368332 0.30806469641914724 -0.89423006694048046
0.53768256397282999 0.83076524923349604 -0.14191164657244731 -0.024241403274251172
0.53768256397282965 -0.293082685260667 0.19039445312095116 0.76730043152651284
0.22961786755368288 -0.41075292855886292 0.72807701709378103 -0.4984591495400984
-0.14191164657244759 -0.024241403274251005 -0.5376825639728301 -0.83076524923349648
0.67959421054527813 0.57690597840556224 0.30806469641914724 -0.33230609969339842
-0.64037079611254621 0.51344116069857881 0.56192396724708205 0.10268823213971577
0.74305902825226067 -0.41075292855886208 0.4107529285588627 -0.33230609969339808
-0.26884128198641527 0.80652384595924365 -0.3957709174003825 0.34728811085187877
-0.26884128198641527 0.83076524923349582 0.35654750296764981 0.33230609969339808
0.024241403274252005 -0.024241403274251172 -0.64037079611254555 0.76730043152651239
-0.49845914954009773 0.62538878495406403 -0.57690597840556213 -0.16615304984669882
-0.087706220981234317 -0.70383561381952819 0.70383561381952908 0.039223414432731529
-0.087706220981234317 -0.9092120780989601 -0.37152951412613 0.16615304984669882
-0.20537646427943179 -0.20537646427943118 0.1269296354139679 -0.94843549253169201
-0.087706220981234206 -0.1026882321397156 -0.93345348137321138 -0.33230609969339808
0.80652384595924431 0.024241403274251172 0.1269296354139679 -0.57690597840556168
-0.20537646427943179 -0.49845914954009796 0.34728811085187855 -0.76730043152651239
-0.29308268526066672 0.83076524923349648 0.37152951412613022 -0.293082685260667
-0.89423006694047935 0.30806469641914624 -0.22961786755368341 -0.22961786755368241
0.49845914954009796 -0.62538878495406403 0.57690597840556179 0.16615304984669843
0.49845914954009796 -0.72807701709378037 -0.4107529285588617 0.22961786755368241
-0.10268823213971624 -0.56192396724708105 0.51344116069857859 -0.6403707961125451
-0.16615304984669982 0.24459987871216324 -0.90921207809895976 -0.29308268526066567
-0.16615304984669982 0.76730043152651262 0.063464817706983354 -0.61612939283829271
0.52270055281434935 0.60114738167981285 -0.063464817706984311 0.60114738167981341
-0.16615304984669982 0.14191164657244798 0.94843549253169168 -0.22961786755368241
-0.62538878495406469 0.56192396724708105 -0.063464817706984311 0.53768256397282999
0.52270055281434935 0.53768256397282976 0.16615304984669915 0.6403707961125451
-0.063464817706983145 -0.72807701709378092 -0.063464817706983395 0.67959421054527758
-0.16615304984669982 -0.76730043152651217 0.52270055281434891 0.33230609969339808
-0.9092120780989601 -0.024241403274251172 -0.063464817706984311 -0.41075292855886253
-0.063464817706983145 -0.10268823213971567 -0.94843549253169246 0.293082685260667
0.52270055281434935 0.33230609969339814 0.16615304984669985 0.76730043152651239
-0.20537646427943168 -0.83076524923349648 -0.063464817706983395 0.51344116069857837
0.62538878495406525 -0.4984591495400984 -0.16615304984669926 -0.57690597840556224
-0.90921207809895987 0.29308268526066605 0.16615304984669832 0.24459987871216324
0.64037079611254533 -0.76730043152651195 0.024241403274252227 -0.02424140327425231
0.64037079611254533 -0.41075292855886264 -0.60114738167981241 -0.24459987871216324
0.35654750296764925 -0.30806469641914674 0.76730043152651284 -0.43499433183311415
0.89423006694047935 -0.30806469641914669 0.22961786755368352 0.22961786755368194
-0.49845914954009773 0.72807701709378037 0.41075292855886197 -0.22961786755368194
0.10268823213971594 0.5619239672470806 -0.51344116069857859 0.64037079611254533
-0.49845914954009773 -0.039223414432731751 0.83076524923349548 0.24459987871216329
-0.76730043152651217 0.30806469641914674 -0.51344116069857859 0.22961786755368313
0.10268823213971594 0.89423006694047968 -0.024241403274251588 0.43499433183311415
0.33230609969339892 -0.41075292855886292 -0.41075292855886236 0.74305902825226122
0.94843549253169224 0.12692963541396696 -0.20537646427943024 0.20537646427943057
-0.89423006694047946 0.26884128198641527 0.29308268526066572 -0.20537646427943057
-0.039223414432731529 0.70383561381952853 -0.70383561381952942 0.087706220981235539
-0.80652384595924442 -0.26884128198641438 -0.34728811085187911 -0.39577091740038117
0.67959421054527724 -0.063464817706983825 0.72807701709378003 0.063464817706983256
0.67959421054527724 -0.60114738167981341 0.14191164657244743 0.39577091740038117
-0.53768256397282954 -0.61612939283829338 0.53768256397282999 -0.20537646427943163
0.67959421054527724 -0.29308268526066639 -0.64037079611254499 0.20537646427943057
0.30806469641914702 -0.70383561381952853 0.53768256397282999 -0.34728811085187927
-0.53768256397282954 -0.80652384595924476 -0.22961786755368263 -0.087706220981235539
-0.19039445312095116 0.26884128198641549 -0.14191164657244759 -0.93345348137321194
0.67959421054527724 0.43499433183311403 -0.53768256397282921 -0.24459987871216329
0.72807701709378037 -0.30806469641914674 0.53768256397282999 0.29308268526066639
-0.19039445312095116 -0.039223414432731779 0.64037079611254566 -0.74305902825226122
-0.53768256397282954 -0.24459987871216304 -0.67959421054527747 -0.43499433183311415
0.5619239672470816 0.41075292855886292 -0.14191164657244759 -0.70383561381952908
-0.30806469641914724 0.89423006694048046 0.22961786755368288 0.22961786755368332
0.14191164657244731 0.024241403274251172 0.53768256397282999 0.83076524923349604
-0.19039445312095116 -0.76730043152651284 0.53768256397282965 -0.293082685260667
-0.72807701709378103 0.4984591495400984 0.22961786755368288 -0.41075292855886292
-0.53768256397282954 0.29308268526066694 -0.19039445312095085 -0.76730043152651239
-0.30806469641914724 0.33230609969339842 0.67959421054527813 0.57690597840556224
0.30806469641914686 -0.35654750296764903 0.43499433183311403 -0.76730043152651195
0.30806469641914686 -0.76730043152651173 0.2296178675536828 -0.5134411606985777
-0.4107529285588627 0.33230609969339808 0.74305902825226067 -0.41075292855886208
0.29308268526066628 -0.37152951412612922 0.83076524923349571 -0.29308268526066639
0.20537646427943029 0.53768256397282843 -0.61612939283829382 0.53768256397282965
0.20537646427943029 0.93345348137321094 -0.024241403274251977 0.29308268526066639
0.3957709174003825 -0.34728811085187877 -0.26884128198641527 0.80652384595924365
0.20537646427943021 0.57690597840556113 0.60114738167981296 0.5134411606985777
-0.35654750296764981 -0.33230609969339808 -0.26884128198641527 0.83076524923349582
0.3957709174003825 0.29308268526066678 -0.76730043152651173 0.41075292855886208
-0.29308268526066666 0.37152951412612911 -0.83076524923349548 0.29308268526066672
-0.29308268526066666 0.94843549253169102 -0.10268823213971637 -0.063464817706982979
0.57690597840556213 0.16615304984669882 -0.49845914954009773 0.62538878495406403
-0.26884128198641388 -0.19039445312095016 0.93345348137321116 -0.14191164657244829
-0.26884128198641388 -0.89423006694047924 0.20537646427943163 0.29308268526066539
-0.70383561381952908 -0.039223414432731529 -0.087706220981234317 -0.70383561381952819
-0.26884128198641388 -0.52270055281434935 -0.80652384595924365 0.063464817706983034
0.37152951412613 -0.16615304984669882 -0.087706220981234317 -0.9092120780989601
-0.70383561381952908 -0.16615304984669932 0.2930826852606665 -0.62538878495406403
-0.1269296354139679 0.94843549253169201 -0.20537646427943179 -0.20537646427943118
-0.26884128198641377 0.41075292855886203 -0.70383561381952853 -0.51344116069857781
0.93345348137321138 0.33230609969339808 -0.087706220981234206 -0.1026882321397156
-0.1269296354139679 0.57690597840556168 0.80652384595924431 0.024241403274251172
-0.70383561381952897 -0.51344116069857781 0.26884128198641399 -0.41075292855886208
-0.34728811085187855 0.76730043152651239 -0.20537646427943179 -0.49845914954009796
-0.37152951412613022 0.293082685260667 -0.29308268526066672 0.83076524923349648
0.93345348137321071 0.1419116465724482 0.26884128198641516 -0.19039445312095102
-0.74305902825226045 0.41075292855886103 -0.41075292855886247 0.33230609969339886
-0.74305902825226045 0.64037079611254455 0.039223414432731002 0.19039445312095102
0.22961786755368341 0.22961786755368241 -0.89423006694047935 0.30806469641914624
-0.67959421054527647 0.063464817706982743 -0.72807701709378025 -0.06346481770698259
0.29308268526066661 -0.94843549253169113 0.10268823213971616 0.06346481770698259
-0.57690597840556179 -0.16615304984669843 0.49845914954009796 -0.62538878495406403
0.29308268526066661 -0.53768256397282954 -0.76730043152651128 -0.19039445312095102
0.4107529285588617 -0.22961786755368241 0.49845914954009796 -0.72807701709378037
-0.57690597840556179 -0.67959421054527702 0.3323060996933983 -0.3080646964191463
0.35654750296764992 0.30806469641914702 0.76730043152651217 0.43499433183311259
-0.2053764642794314 -0.20537646427943107 -0.94843549253169113 0.12692963541396768
-0.2053764642794314 0.70383561381952875 -0.52270055281434891 -0.43499433183311259
0.90921207809895976 0.29308268526066567 -0.16615304984669982 0.24459987871216324
-0.20537646427943138 0.64037079611254544 0.62538878495406414 -0.39577091740038073
-0.063464817706983354 0.61612939283829271 -0.16615304984669982 0.76730043152651262
0.90921207809895976 0.35654750296765003 0.06346481770698309 0.20537646427943085
0.063464817706984311 -0.60114738167981341 0.52270055281434935 0.60114738167981285
-0.20537646427943151 -0.30806469641914641 0.90921207809895921 0.19039445312095105
-0.94843549253169168 0.22961786755368241 -0.16615304984669982 0.14191164657244798
0.063464817706984311 -0.53768256397282999 -0.62538878495406469 0.56192396724708105
0.90921207809895987 0.19039445312095082 0.20537646427943149 0.3080646964191463
-0.16615304984669915 -0.6403707961125451 0.52270055281434935 0.53768256397282976
0.063464817706983395 -0.67959421054527758 -0.063464817706983145 -0.72807701709378092
-0.52270055281434891 -0.33230609969339808 -0.16615304984669982 -0.76730043152651217
0.063464817706984311 0.41075292855886253 -0.9092120780989601 -0.024241403274251172
0.94843549253169246 -0.293082685260667 -0.063464817706983145 -0.10268823213971567
0.90921207809895976 0.024241403274251061 0.063464817706984256 0.41075292855886208
0.063464817706983395 -0.51344116069857837 -0.20537646427943168 -0.83076524923349648
0.70383561381952819 -0.039223414432731696 0.087706220981235761 -0.70383561381952831
-0.52270055281434891 0.60114738167981197 0.063464817706982701 0.60114738167981341
-0.52270055281434891 0.4349943318331137 0.20537646427943046 0.70383561381952831
-0.16615304984669832 -0.24459987871216324 -0.90921207809895987 0.29308268526066605
0.26884128198641472 -0.8065238459592432 0.39577091740038206 -0.34728811085187966
0.26884128198641472 -0.83076524923349526 -0.35654750296764892 -0.33230609969339892
-0.024241403274252227 0.02424140327425231 0.64037079611254533 -0.76730043152651195
0.26884128198641477 -0.22961786755368285 -0.61612939283829316 -0.70383561381952831
0.60114738167981241 0.24459987871216324 0.64037079611254533 -0.41075292855886264
-0.024241403274252254 -0.74305902825226045 0.60114738167981319 -0.29308268526066605
-0.76730043152651284 0.43499433183311415 0.35654750296764925 -0.30806469641914674
-0.93345348137321049 -0.14191164657244784 -0.2688412819864156 0.1903944531209513
0.74305902825226011 -0.64037079611254477 -0.03922341443273103 -0.1903944531209513
-0.22961786755368352 -0.22961786755368194 0.89423006694047935 -0.30806469641914669
-0.29308268526066622 0.53768256397282943 0.76730043152651162 0.1903944531209513
-0.41075292855886197 0.22961786755368194 -0.49845914954009773 0.72807701709378037
0.57690597840556157 0.6795942105452768 -0.33230609969339869 0.30806469641914669
-0.29308268526066616 -0.29308268526066605 0.57690597840556113 0.70383561381952831
-0.83076524923349548 -0.24459987871216329 -0.49845914954009773 -0.039223414432731751
0.51344116069857859 -0.22961786755368313 -0.76730043152651217 0.30806469641914674
0.57690597840556157 0.70383561381952853 0.2930826852606665 0.29308268526066628
0.024241403274251588 -0.43499433183311415 0.10268823213971594 0.89423006694047968
0.41075292855886236 -0.74305902825226122 0.33230609969339892 -0.41075292855886292
-0.83076524923349537 -0.29308268526066628 0.29308268526066517 0.37152951412613067
0.90921207809895921 -0.29308268526066572 -0.16615304984669849 -0.24459987871216426
0.90921207809895921 -0.087706220981235428 -0.16615304984669815 -0.37152951412613067
0.20537646427943024 -0.20537646427943057 0.94843549253169224 0.12692963541396696
-0.74305902825226 0.34728811085187894 0.4349943318331132 0.37152951412613067
-0.29308268526066572 0.20537646427943057 -0.89423006694047946 0.26884128198641527
0.22961786755368299 0.93345348137321116 -0.2445998787121636 -0.1269296354139669
0.70383561381952942 -0.087706220981235539 -0.039223414432731529 0.70383561381952853
0.76730043152651206 0.64037079611254455 0.024241403274252254 0.0242414032742507
-0.9334534813732106 0.20537646427943151 -0.29308268526066661 -0.0242414032742507
0.34728811085187911 0.39577091740038117 -0.80652384595924442 -0.26884128198641438
-0.60114738167981285 -0.52270055281434846 -0.60114738167981285 0.063464817706984256
0.5619239672470806 -0.62538878495406458 0.5376825639728291 -0.063464817706984256
-0.72807701709378003 -0.063464817706983256 0.67959421054527724 -0.063464817706983825
0.5619239672470806 -0.76730043152651195 -0.3080646964191468 0.0242414032742507
-0.14191164657244743 -0.39577091740038117 0.67959421054527724 -0.60114738167981341
-0.72807701709378003 -0.6011473816798133 0.19039445312095099 0.26884128198641438
-0.53768256397282999 0.20537646427943163 -0.53768256397282954 -0.61612939283829338
0.5619239672470806 -0.1269296354139669 -0.72807701709377959 -0.37152951412613061
0.64037079611254499 -0.20537646427943057 0.67959421054527724 -0.29308268526066639
-0.53768256397282999 0.34728811085187927 0.30806469641914702 -0.70383561381952853
-0.72807701709378003 -0.37152951412613056 -0.56192396724708094 0.12692963541396696
0.22961786755368263 0.087706220981235539 -0.53768256397282954 -0.80652384595924476
0.14191164657244759 0.93345348137321194 -0.19039445312095116 0.26884128198641549
0.53768256397282921 0.24459987871216329 0.67959421054527724 0.43499433183311403
-0.53768256397282999 -0.29308268526066639 0.72807701709378037 -0.30806469641914674
-0.64037079611254566 0.74305902825226122 -0.19039445312095116 -0.039223414432731779
-0.72807701709378003 0.30806469641914697 -0.53768256397282965 -0.29308268526066616
0.14191164657244759 0.70383561381952908 0.5619239672470816 0.41075292855886292
-0.53768256397282999 -0.83076524923349604 0.14191164657244731 0.024241403274251172
-0.67959421054527813 -0.57690597840556224 -0.30806469641914724 0.33230609969339842
0.02424140327425181 -0.024241403274252338 -0.76730043152651117 0.64037079611254455
-0.24459987871216257 -0.16615304984669813 0.29308268526066628 -0.90921207809895921
-0.24459987871216257 -0.60114738167981219 0.41075292855886225 -0.64037079611254455
-0.43499433183311403 0.76730043152651195 0.30806469641914686 -0.35654750296764903
-0.24459987871216263 -0.83076524923349493 -0.03922341443273214 -0.49845914954009718
-0.2296178675536828 0.5134411606985777 0.30806469641914686 -0.76730043152651173
-0.43499433183311403 0.024241403274251117 0.8942300669404788 0.10268823213971581
-0.024241403274251283 0.024241403274252726 0.76730043152651128 -0.64037079611254455
-0.024241403274251283 -0.80652384595924298 0.57690597840556146 -0.1269296354139674
-0.83076524923349571 0.29308268526066639 0.29308268526066628 -0.37152951412612922
0.60114738167981174 0.063464817706982701 -0.60114738167981263 0.52270055281434913
0.60114738167981174 0.67959421054527658 -0.39577091740038228 0.14191164657244815
0.61612939283829382 -0.53768256397282965 0.20537646427943029 0.53768256397282843
0.60114738167981185 0.70383561381952853 0.35654750296764937 0.12692963541396735
0.024241403274251977 -0.29308268526066639 0.20537646427943029 0.93345348137321094
0.61612939283829382 -0.26884128198641433 -0.64037079611254499 0.37152951412612922
0.60114738167981174 0.10268823213971554 0.61612939283829338 0.49845914954009723
-0.60114738167981296 -0.5134411606985777 0.20537646427943021 0.57690597840556113
0.61612939283829382 0.49845914954009751 -0.60114738167981197 -0.10268823213971581
0.76730043152651173 -0.41075292855886208 0.3957709174003825 0.29308268526066678
0.20537646427943054 0.20537646427943218 0.94843549253169046 -0.12692963541396807
0.024241403274251061 0.80652384595924276 -0.57690597840556146 0.12692963541396807
0.83076524923349548 -0.29308268526066672 -0.29308268526066666 0.37152951412612911
0.024241403274251005 0.90921207809895921 0.41075292855886114 0.063464817706983978
0.10268823213971637 0.063464817706982979 -0.29308268526066666 0.94843549253169102
0.83076524923349548 0.2053764642794309 -0.51344116069857781 0.063464817706982576
0.22961786755368246 -0.22961786755368349 -0.89423006694047857 -0.30806469641914536
-0.34728811085187794 0.39577091740038178 0.8065238459592432 -0.26884128198641516
-0.34728811085187794 -0.5376825639728291 0.70383561381952853 0.30806469641914536
-0.93345348137321116 0.14191164657244829 -0.26884128198641388 -0.19039445312095016
-0.34728811085187805 -0.74305902825226089 -0.37152951412612956 0.43499433183311259
-0.20537646427943163 -0.29308268526066539 -0.26884128198641388 -0.89423006694047924
-0.93345348137321116 0.2296178675536826 0.12692963541396773 -0.24459987871216202
0.087706220981234317 0.70383561381952819 -0.70383561381952908 -0.039223414432731529
-0.34728811085187816 0.063464817706982909 -0.9334534813732106 -0.063464817706983923
0.80652384595924365 -0.063464817706983034 -0.26884128198641388 -0.52270055281434935
0.087706220981234317 0.9092120780989601 0.37152951412613 -0.16615304984669882
-0.93345348137321116 -0.063464817706983812 0.34728811085187822 -0.063464817706982563
-0.2930826852606665 0.62538878495406403 -0.70383561381952908 -0.16615304984669932
0.20537646427943179 0.20537646427943118 -0.1269296354139679 0.94843549253169201
0.70383561381952853 0.51344116069857781 -0.26884128198641377 0.41075292855886203
0.087706220981234206 0.1026882321397156 0.93345348137321138 0.33230609969339808
-0.80652384595924431 -0.024241403274251172 -0.1269296354139679 0.57690597840556168
-0.93345348137321105 -0.33230609969339775 0.087706220981234206 0.10268823213971583
0.20537646427943179 0.49845914954009796 -0.34728811085187855 0.76730043152651239
-0.61612939283829238 -0.53768256397282954 -0.20537646427943113 0.53768256397282921
0.70383561381952764 -0.30806469641914591 0.34728811085187927 -0.53768256397282921
-0.26884128198641516 0.19039445312095102 0.93345348137321071 0.1419116465724482
-0.30806469641914658 0.35654750296764837 -0.43499433183311315 0.76730043152651217
-0.30806469641914658 0.76730043152651062 -0.22961786755368324 0.51344116069857837
0.41075292855886247 -0.33230609969339886 -0.74305902825226045 0.41075292855886103
-0.30806469641914658 0.72807701709377959 0.29308268526066517 0.53768256397282921
-0.039223414432731002 -0.19039445312095102 -0.74305902825226045 0.64037079611254455
0.41075292855886247 0.5619239672470806 -0.70383561381952831 -0.14191164657244817
0.60114738167981152 0.52270055281434935 0.60114738167981274 -0.063464817706984367
-0.56192396724708016 0.62538878495406336 -0.53768256397282999 0.063464817706984367
0.72807701709378025 0.06346481770698259 -0.67959421054527647 0.063464817706982743
-0.024241403274251339 -0.90921207809895921 -0.41075292855886131 -0.063464817706984367
-0.10268823213971616 -0.06346481770698259 0.29308268526066661 -0.94843549253169113
-0.83076524923349515 -0.2053764642794309 0.51344116069857804 -0.063464817706982743
-0.024241403274251283 -0.14191164657244787 -0.83076524923349471 -0.5376825639728291
0.76730043152651128 0.19039445312095102 0.29308268526066661 -0.53768256397282954
-0.83076524923349526 -0.53768256397282932 0.024241403274251228 0.1419116465724482
-0.3323060996933983 0.3080646964191463 -0.57690597840556179 -0.67959421054527702
-0.41075292855886164 -0.74305902825226056 -0.33230609969339853 -0.41075292855886064
0.6011473816798123 -0.24459987871216307 0.64037079611254544 0.41075292855886064
-0.76730043152651217 -0.43499433183311259 0.35654750296764992 0.30806469641914702
0.039223414432731973 0.70383561381952808 0.70383561381952786 0.087706220981233984
-0.16615304984669893 0.37152951412613011 -0.90921207809895899 -0.087706220981233984
0.94843549253169113 -0.12692963541396768 -0.2053764642794314 -0.20537646427943107
-0.16615304984669899 0.89423006694047902 0.063464817706983354 -0.41075292855886064
0.52270055281434891 0.43499433183311259 -0.2053764642794314 0.70383561381952875
0.94843549253169113 0.039223414432732084 -0.063464817706984256 -0.30806469641914697
0.16615304984669982 -0.24459987871216324 0.90921207809895976 0.29308268526066567
-0.16615304984669893 0.26884128198641494 0.9484354925316909 -0.024241403274250783
-0.62538878495406414 0.39577091740038073 -0.20537646427943138 0.64037079611254544
0.16615304984669982 -0.76730043152651262 -0.063464817706983354 0.61612939283829271
0.94843549253169113 -0.024241403274251005 0.16615304984669893 -0.26884128198641533
-0.06346481770698309 -0.20537646427943085 0.90921207809895976 0.35654750296765003
-0.52270055281434935 -0.60114738167981285 0.063464817706984311 -0.60114738167981341
-0.90921207809895921 -0.19039445312095105 -0.20537646427943151 -0.30806469641914641
0.16615304984669982 -0.14191164657244798 -0.94843549253169168 0.22961786755368241
0.62538878495406469 -0.56192396724708105 0.063464817706984311 -0.53768256397282999
0.94843549253169124 -0.22961786755368255 0.16615304984669965 -0.14191164657244812
-0.52270055281434935 -0.53768256397282976 -0.16615304984669915 -0.6403707961125451
0.16615304984669982 0.76730043152651217 -0.52270055281434891 -0.33230609969339808
0.20537646427943168 0.83076524923349648 0.063464817706983395 -0.51344116069857837
0.20537646427943085 -0.2053764642794301 -0.1269296354139664 -0.94843549253169113
0.20537646427943085 -0.29308268526066589 0.26884128198641499 -0.89423006694047835
-0.087706220981235761 0.70383561381952831 0.70383561381952819 -0.039223414432731696
0.063464817706983465 0.67959421054527536 -0.063464817706983867 0.72807701709378037
0.063464817706983465 0.61612939283829249 0.1661530498466981 0.76730043152651184
-0.063464817706982701 -0.60114738167981341 -0.52270055281434891 0.60114738167981197
0.063464817706983478 0.41075292855886214 0.16615304984669871 0.89423006694047835
-0.20537646427943046 -0.70383561381952831 -0.52270055281434891 0.4349943318331137
-0.063464817706982701 0.30806469641914652 -0.94843549253169135 0.039223414432731696
-0.20537646427943101 -0.5376825639728281 0.61612939283829282 -0.53768256397282999
-0.20537646427943101 -0.93345348137321016 0.024241403274252171 -0.29308268526066705
-0.39577091740038206 0.34728811085187966 0.26884128198641472 -0.8065238459592432
-0.20537646427943104 -0.57690597840556113 -0.60114738167981174 -0.51344116069857781
0.35654750296764892 0.33230609969339892 0.26884128198641472 -0.83076524923349526
-0.39577091740038206 -0.29308268526066561 0.76730043152651217 -0.41075292855886147
-0.20537646427943096 0.039223414432731862 -0.39577091740038156 -0.89423006694047835
0.61612939283829316 0.70383561381952831 0.26884128198641477 -0.22961786755368285
-0.64037079611254533 0.41075292855886264 0.60114738167981241 0.24459987871216324
-0.39577091740038195 -0.89423006694047869 0.20537646427943096 -0.03922341443273164
-0.60114738167981319 0.29308268526066605 -0.024241403274252254 -0.74305902825226045
-0.35654750296764925 0.30806469641914674 -0.76730043152651284 0.43499433183311415
0.61612939283829204 0.53768256397282943 0.20537646427943157 -0.53768256397282921
-0.70383561381952731 0.039223414432730808 -0.087706220981235483 0.70383561381952875
-0.70383561381952731 0.3080646964191463 -0.34728811085187961 0.53768256397282921
0.2688412819864156 -0.1903944531209513 -0.93345348137321049 -0.14191164657244784
0.30806469641914602 -0.7280770170937797 -0.29308268526066528 -0.53768256397282932
0.03922341443273103 0.1903944531209513 0.74305902825226011 -0.64037079611254477
-0.41075292855886247 -0.56192396724708027 0.70383561381952853 0.14191164657244784
0.024241403274251755 0.14191164657244748 0.83076524923349482 0.53768256397282921
-0.76730043152651162 -0.1903944531209513 -0.29308268526066622 0.53768256397282943
0.83076524923349537 0.53768256397282932 -0.024241403274251699 -0.14191164657244784
0.33230609969339869 -0.30806469641914669 0.57690597840556157 0.6795942105452768
-0.57690597840556113 -0.70383561381952831 -0.29308268526066616 -0.29308268526066605
0.49845914954009773 0.039223414432731751 -0.83076524923349548 -0.24459987871216329
0.76730043152651217 -0.30806469641914674 0.51344116069857859 -0.22961786755368313
0.83076524923349526 0.24459987871216282 0.49845914954009751 0.039223414432731696
-0.10268823213971594 -0.89423006694047968 0.024241403274251588 -0.43499433183311415
0.39577091740038128 0.34728811085187883 -0.2688412819864136 -0.80652384595924376
-0.57690597840556057 0.16615304984669826 0.49845914954009635 0.62538878495406502
-0.57690597840556057 -0.12692963541396679 -0.024241403274252615 0.80652384595924376
-0.29308268526066517 -0.37152951412613067 -0.83076524923349537 -0.29308268526066628
0.52270055281434802 -0.60114738167981163 -0.063464817706983589 -0.60114738167981385
0.52270055281434802 -0.43499433183311309 -0.20537646427943007 -0.70383561381952897
0.16615304984669849 0.24459987871216426 0.90921207809895921 -0.29308268526066572
0.52270055281434802 -0.26884128198641488 -0.063464817706982812 -0.80652384595924376
0.16615304984669815 0.37152951412613067 0.90921207809895921 -0.087706220981235428
0.16615304984669851 -0.70383561381952775 0.62538878495406491 0.29308268526066628
-0.94843549253169224 -0.12692963541396696 0.20537646427943024 -0.20537646427943057
-0.30806469641914597 0.29308268526066611 0.41075292855886175 0.80652384595924365
-0.4349943318331132 -0.37152951412613067 -0.74305902825226 0.34728811085187894
0.89423006694047946 -0.26884128198641527 -0.29308268526066572 0.20537646427943057
0.41075292855886203 0.80652384595924387 0.30806469641914636 -0.29308268526066628
0.2445998787121636 0.1269296354139669 0.22961786755368299 0.93345348137321116
0.039223414432731529 -0.70383561381952853 0.70383561381952942 -0.087706220981235539
-0.43499433183311342 -0.76730043152651151 0.30806469641914558 0.35654750296765031
0.83076524923349437 0.29308268526066628 -0.29308268526066572 -0.37152951412613111
0.83076524923349437 0.2688412819864141 0.33230609969339886 -0.35654750296765031
-0.024241403274252254 -0.0242414032742507 0.76730043152651206 0.64037079611254455
-0.70383561381952731 0.60114738167981274 -0.1269296354139674 0.35654750296765031
0.29308268526066661 0.0242414032742507 -0.9334534813732106 0.20537646427943151
0.26884128198641472 0.61612939283829293 -0.37152951412613078 -0.64037079611254455
0.80652384595924442 0.26884128198641438 0.34728811085187911 0.39577091740038117
0.29308268526066594 0.90921207809895876 0.24459987871216321 -0.16615304984669985
-0.61612939283829238 0.063464817706983798 -0.76730043152651173 0.16615304984669985
0.60114738167981285 -0.063464817706984256 -0.60114738167981285 -0.52270055281434846
0.22961786755368221 -0.9484354925316909 0.14191164657244731 -0.16615304984669979
-0.5376825639728291 0.063464817706984256 0.5619239672470806 -0.62538878495406458
-0.64037079611254466 -0.16615304984669926 0.53768256397282954 0.52270055281434846
0.22961786755368221 -0.64037079611254411 -0.64037079611254444 -0.35654750296765025
0.3080646964191468 -0.0242414032742507 0.5619239672470806 -0.76730043152651195
-0.67959421054527724 0.60114738167981341 -0.14191164657244743 -0.39577091740038117
-0.64037079611254466 -0.35654750296765025 -0.22961786755368249 0.64037079611254455
-0.19039445312095099 -0.26884128198641438 -0.72807701709378003 -0.6011473816798133
0.53768256397282954 0.61612939283829338 -0.53768256397282999 0.20537646427943163
0.72807701709377959 0.37152951412613061 0.5619239672470806 -0.1269296354139669
-0.67959421054527724 0.29308268526066639 0.64037079611254499 -0.20537646427943057
-0.30806469641914702 0.70383561381952853 -0.53768256397282999 0.34728811085187927
-0.64037079611254466 0.20537646427943074 -0.6795942105452768 0.29308268526066639
0.53768256397282954 0.80652384595924476 0.22961786755368263 0.087706220981235539
-0.67959421054527724 -0.43499433183311403 0.53768256397282921 0.24459987871216329
-0.5619239672470816 -0.41075292855886292 0.14191164657244759 0.70383561381952908
0.33230609969339803 0.35654750296764876 -0.8307652492334946 0.26884128198641455
0.76730043152651117 -0.64037079611254455 0.02424140327425181 -0.024241403274252338
-0.70383561381952742 -0.20537646427943052 0.43499433183311365 -0.52270055281434846
-0.29308268526066628 0.90921207809895921 -0.24459987871216257 -0.16615304984669813
-0.70383561381952719 -0.61612939283829293 0.22961786755368246 -0.26884128198641455
-0.41075292855886225 0.64037079611254455 -0.24459987871216257 -0.60114738167981219
-0.29308268526066628 0.6011473816798123 0.74305902825226 0.024241403274252338
-0.70383561381952742 -0.57690597840556079 -0.29308268526066622 -0.29308268526066616
0.03922341443273214 0.49845914954009718 -0.24459987871216263 -0.83076524923349493
-0.29308268526066628 -0.29308268526066639 0.70383561381952742 0.57690597840556113
-0.8942300669404788 -0.10268823213971581 -0.43499433183311403 0.024241403274251117
0.34728811085187861 -0.39577091740038245 -0.80652384595924231 0.26884128198641488
-0.33230609969339753 -0.35654750296764864 0.83076524923349493 -0.26884128198641488
-0.76730043152651128 0.64037079611254455 -0.024241403274251283 0.024241403274252726
-0.33230609969339753 -0.93345348137321005 0.10268823213971599 0.087706220981234595
-0.57690597840556146 0.1269296354139674 -0.024241403274251283 -0.80652384595924298
-0.7673004315265114 0.34728811085187833 0.49845914954009679 0.20537646427943204
-0.72807701709377926 0.063464817706984755 0.67959421054527591 0.063464817706982632
0.76730043152651062 0.16615304984669885 -0.61612939283829316 -0.063464817706982632
0.60114738167981263 -0.52270055281434913 0.60114738167981174 0.063464817706982701
0.76730043152651062 0.56192396724708116 -0.02424140327425206 -0.30806469641914552
0.39577091740038228 -0.14191164657244815 0.60114738167981174 0.67959421054527658
0.60114738167981263 -0.72807701709377948 -0.2688412819864151 0.19039445312094921
0.76730043152651084 0.20537646427943168 0.60114738167981252 -0.087706220981234595
-0.35654750296764937 -0.12692963541396735 0.60114738167981185 0.70383561381952853
0.60114738167981274 -0.087706220981234539 -0.76730043152651106 -0.20537646427943204
0.64037079611254499 -0.37152951412612922 0.61612939283829382 -0.26884128198641433
-0.61612939283829338 -0.49845914954009723 0.60114738167981174 0.10268823213971554
0.60114738167981263 0.51344116069857748 -0.20537646427942996 -0.57690597840556113
-0.039223414432730752 -0.70383561381952842 -0.70383561381952697 -0.08770622098123404
0.16615304984669843 -0.37152951412612867 0.9092120780989591 0.08770622098123404
-0.94843549253169046 0.12692963541396807 0.20537646427943054 0.20537646427943218
0.33230609969339753 0.93345348137321005 -0.1026882321397163 -0.087706220981233984
0.57690597840556146 -0.12692963541396807 0.024241403274251061 0.80652384595924276
0.76730043152651084 -0.34728811085187838 -0.49845914954009729 -0.20537646427943218
0.33230609969339753 0.52270055281434891 0.76730043152651062 0.16615304984669924
-0.41075292855886114 -0.063464817706983978 0.024241403274251005 0.90921207809895921
0.76730043152651106 0.16615304984669921 -0.33230609969339764 -0.52270055281434946
0.51344116069857781 -0.063464817706982576 0.83076524923349548 0.2053764642794309
-0.10268823213971615 0.56192396724708127 0.51344116069857704 0.64037079611254311
-0.039223414432731724 0.19039445312095002 -0.74305902825226067 -0.64037079611254311
0.89423006694047857 0.30806469641914536 0.22961786755368246 -0.22961786755368349
0.53768256397282865 -0.61612939283829327 -0.53768256397282832 -0.20537646427942985
-0.29308268526066589 0.024241403274251561 0.93345348137321027 0.20537646427942985
-0.8065238459592432 0.26884128198641516 -0.34728811085187794 0.39577091740038178
-0.29308268526066589 -0.67959421054527691 0.20537646427943146 0.64037079611254311
-0.70383561381952853 -0.30806469641914536 -0.34728811085187794 -0.5376825639728291
-0.8065238459592432 0.5376825639728291 -0.087706220981234317 0.22961786755368355
0.26884128198641388 0.19039445312095016 -0.93345348137321116 0.14191164657244829
-0.29308268526066594 -0.30806469641914735 -0.80652384595924298 0.41075292855886103
0.37152951412612956 -0.43499433183311259 -0.34728811085187805 -0.74305902825226089
0.26884128198641388 0.89423006694047924 -0.20537646427943163 -0.29308268526066539
-0.8065238459592432 0.41075292855886136 0.29308268526066611 0.30806469641914774
-0.12692963541396773 0.24459987871216202 -0.93345348137321116 0.2296178675536826
0.70383561381952908 0.039223414432731529 0.087706220981234317 0.70383561381952819
0.9334534813732106 0.063464817706983923 -0.34728811085187816 0.063464817706982909
0.26884128198641388 0.52270055281434935 0.80652384595924365 -0.063464817706983034
-0.37152951412613 0.16615304984669882 0.087706220981234317 0.9092120780989601
-0.8065238459592432 0.063464817706983201 0.26884128198641355 0.52270055281434935
0.70383561381952908 0.16615304984669932 -0.2930826852606665 0.62538878495406403
0.26884128198641377 -0.41075292855886203 0.70383561381952853 0.51344116069857781
0.34728811085187855 -0.76730043152651239 0.20537646427943179 0.49845914954009796
-0.39577091740038056 -0.34728811085187916 0.26884128198641449 0.8065238459592432
-0.39577091740038056 -0.14191164657244804 -0.60114738167981263 0.67959421054527613
0.20537646427943113 -0.53768256397282921 -0.61612939283829238 -0.53768256397282954
0.20537646427943054 -0.64037079611254388 0.29308268526066672 -0.67959421054527613
-0.34728811085187927 0.53768256397282921 0.70383561381952764 -0.30806469641914591
-0.087706220981235095 -0.22961786755368221 0.8065238459592432 0.53768256397282954
0.24459987871216279 0.16615304984669799 -0.29308268526066505 0.90921207809895899
0.24459987871216279 0.60114738167981108 -0.41075292855886214 0.6403707961125451
0.43499433183311315 -0.76730043152651217 -0.30806469641914658 0.35654750296764837
0.24459987871216268 0.83076524923349426 0.03922341443273103 0.4984591495400974
0.22961786755368324 -0.51344116069857837 -0.30806469641914658 0.76730043152651062
0.43499433183311303 -0.024241403274251783 -0.89423006694047857 -0.10268823213971644
0.24459987871216282 0.5376825639728291 0.43499433183311287 0.67959421054527613
-0.29308268526066517 -0.53768256397282921 -0.30806469641914658 0.72807701709377959
0.43499433183311315 0.67959421054527636 -0.24459987871216265 -0.53768256397282943
0.70383561381952831 0.14191164657244817 0.41075292855886247 0.5619239672470806
-0.29308268526066444 -0.90921207809895876 -0.24459987871216277 0.16615304984669935
0.61612939283829138 -0.063464817706982715 0.76730043152651195 -0.16615304984669935
-0.60114738167981274 0.063464817706984367 0.60114738167981152 0.52270055281434935
-0.22961786755368199 0.94843549253169035 -0.14191164657244856 0.16615304984669935
0.53768256397282999 -0.063464817706984367 -0.56192396724708016 0.62538878495406336
0.64037079611254411 0.16615304984669826 -0.53768256397282888 -0.52270055281434935
-0.33230609969339803 -0.5227005528143488 -0.76730043152651051 -0.16615304984669946
0.41075292855886131 0.063464817706984367 -0.024241403274251339 -0.90921207809895921
-0.76730043152651084 -0.16615304984669949 0.33230609969339808 0.52270055281434924
-0.51344116069857804 0.063464817706982743 -0.83076524923349515 -0.2053764642794309
0.30806469641914563 0.8942300669404788 -0.22961786755368202 0.22961786755368147
-0.76730043152651028 -0.6403707961125451 -0.02424140327425095 -0.024241403274250423
-0.76730043152651028 -0.30806469641914658 -0.5134411606985787 -0.22961786755368147
0.33230609969339853 0.41075292855886064 -0.41075292855886164 -0.74305902825226056
0.61612939283829204 -0.70383561381952808 0.26884128198641555 0.22961786755368147
-0.64037079611254544 -0.41075292855886064 0.6011473816798123 -0.24459987871216307
-0.60114738167981208 -0.29308268526066539 -0.024241403274250894 0.74305902825226056
-0.35654750296764992 -0.30806469641914702 -0.76730043152651217 -0.43499433183311259
0.14191164657244779 -0.93345348137321016 -0.19039445312095046 -0.26884128198641338
0.29308268526066533 0.20537646427943088 0.89423006694047857 0.26884128198641338
-0.70383561381952786 -0.087706220981233984 0.039223414432731973 0.70383561381952808
-0.063464817706982979 0.80652384595924331 -0.52270055281434846 -0.26884128198641327
0.90921207809895899 0.087706220981233984 -0.16615304984669893 0.37152951412613011
0.62538878495406358 -0.29308268526066594 -0.16615304984669968 -0.70383561381952808
-0.063464817706982979 0.74305902825226 0.62538878495406347 -0.22961786755368147
-0.063464817706983354 0.41075292855886064 -0.16615304984669899 0.89423006694047902
0.2053764642794314 -0.70383561381952875 0.52270055281434891 0.43499433183311259
0.62538878495406369 -0.22961786755368174 0.063464817706983034 -0.74305902825226045
0.063464817706984256 0.30806469641914697 0.94843549253169113 0.039223414432732084
-0.90921207809895976 -0.29308268526066567 0.16615304984669982 -0.24459987871216324
-0.9484354925316909 0.024241403274250783 -0.16615304984669893 0.26884128198641494
0.20537646427943138 -0.64037079611254544 -0.62538878495406414 0.39577091740038073
0.063464817706983354 -0.61612939283829271 0.16615304984669982 -0.76730043152651262
0.62538878495406369 -0.39577091740038073 0.20537646427943124 -0.6403707961125451
-0.90921207809895976 -0.35654750296765003 -0.06346481770698309 -0.20537646427943085
0.20537646427943151 0.30806469641914641 -0.90921207809895921 -0.19039445312095105
0.16615304984669915 0.6403707961125451 -0.52270055281434935 -0.53768256397282976
-0.37152951412612994 -0.29308268526066483 -0.29308268526066561 -0.83076524923349504
-0.37152951412612994 -0.16615304984669838 0.087706220981235705 -0.90921207809895832
0.1269296354139664 0.94843549253169113 0.20537646427943085 -0.2053764642794301
-0.37152951412613 -0.43499433183311326 0.34728811085187833 -0.74305902825225945
-0.26884128198641499 0.89423006694047835 0.20537646427943085 -0.29308268526066589
0.12692963541396635 0.24459987871216299 0.93345348137321049 0.22961786755368285
0.6253887849540638 0.49845914954009563 -0.16615304984669871 0.57690597840556146
0.6253887849540638 0.56192396724707938 0.063464817706982757 0.53768256397282932
0.063464817706983867 -0.72807701709378037 0.063464817706983465 0.67959421054527536
0.6253887849540638 0.39577091740038151 0.20537646427943024 0.64037079611254411
-0.1661530498466981 -0.76730043152651184 0.063464817706983465 0.61612939283829249
0.063464817706983867 -0.20537646427943154 -0.90921207809895921 0.35654750296764864
0.6253887849540638 0.22961786755368263 0.063464817706983701 0.74305902825225933
-0.16615304984669871 -0.89423006694047835 0.063464817706983478 0.41075292855886214
0.063464817706983923 0.74305902825226 -0.62538878495406391 -0.22961786755368291
0.94843549253169135 -0.039223414432731696 -0.063464817706982701 0.30806469641914652
-0.60114738167981252 -0.063464817706982812 0.60114738167981163 -0.52270055281434868
-0.60114738167981252 -0.67959421054527547 0.39577091740038156 -0.14191164657244826
-0.61612939283829282 0.53768256397282999 -0.20537646427943101 -0.5376825639728281
-0.60114738167981252 -0.70383561381952775 -0.35654750296764859 -0.12692963541396751
-0.024241403274252171 0.29308268526066705 -0.20537646427943101 -0.93345348137321016
-0.61612939283829271 0.26884128198641516 0.64037079611254466 -0.37152951412612911
-0.60114738167981252 -0.10268823213971577 -0.61612939283829238 -0.49845914954009651
-0.76730043152651217 0.41075292855886147 -0.39577091740038206 -0.29308268526066561
0.39577091740038156 0.89423006694047835 -0.20537646427943096 0.039223414432731862
-0.26884128198641477 0.22961786755368285 0.61612939283829316 0.70383561381952831
-0.60114738167981241 -0.24459987871216324 -0.64037079611254533 0.41075292855886264
-0.61612939283829271 -0.70383561381952775 -0.26884128198641488 0.22961786755368302
0.024241403274252254 0.74305902825226045 -0.60114738167981319 0.29308268526066605
0.39577091740038028 0.14191164657244779 0.60114738167981308 -0.67959421054527591
-0.20537646427943157 0.53768256397282921 0.61612939283829204 0.53768256397282943
-0.20537646427943018 0.20537646427942927 0.12692963541396718 0.9484354925316909
-0.20537646427943018 0.29308268526066483 -0.26884128198641527 0.89423006694047835
0.087706220981235483 -0.70383561381952875 -0.70383561381952731 0.039223414432730808
-0.20537646427943013 0.64037079611254433 -0.29308268526066672 0.67959421054527591
0.34728811085187961 -0.53768256397282921 -0.70383561381952731 0.3080646964191463
0.087706220981235483 0.22961786755368169 -0.80652384595924342 -0.53768256397282932
-0.24459987871216332 -0.53768256397282888 -0.43499433183311309 -0.67959421054527591
0.29308268526066528 0.53768256397282932 0.30806469641914602 -0.7280770170937797
-0.4349943318331132 -0.67959421054527624 0.24459987871216321 0.53768256397282932
-0.70383561381952853 -0.14191164657244784 -0.41075292855886247 -0.56192396724708027
0.29308268526066616 0.29308268526066605 -0.57690597840556113 -0.70383561381952831
-0.024241403274251588 0.43499433183311415 -0.10268823213971594 -0.89423006694047968
0.024241403274251061 0.024241403274252282 -0.64037079611254366 -0.76730043152651162
0.024241403274251061 0.29308268526066594 0.20537646427943168 -0.93345348137320994
0.2688412819864136 0.80652384595924376 0.39577091740038128 0.34728811085187883
-0.10268823213971477 0.063464817706982812 0.29308268526066494 0.9484354925316909
-0.49845914954009635 -0.62538878495406502 -0.57690597840556057 0.16615304984669826
-0.10268823213971473 0.087706220981235428 -0.33230609969339853 0.93345348137320994
0.024241403274252615 -0.80652384595924376 -0.57690597840556057 -0.12692963541396679
-0.49845914954009635 0.20537646427943046 -0.76730043152651195 -0.34728811085187877
-0.063464817706984436 -0.67959421054527525 0.063464817706982868 -0.72807701709378014
-0.063464817706984436 -0.6161293928382916 -0.16615304984669843 -0.76730043152651206
0.063464817706983589 0.60114738167981385 0.52270055281434802 -0.60114738167981163
-0.063464817706984436 -0.41075292855886147 -0.16615304984669799 -0.89423006694047835
0.20537646427943007 0.70383561381952897 0.52270055281434802 -0.43499433183311309
0.063464817706983423 -0.30806469641914541 0.94843549253169113 -0.03922341443273164
-0.063464817706984283 -0.34728811085187861 0.063464817706983645 -0.93345348137320994
0.063464817706982812 0.80652384595924376 0.52270055281434802 -0.26884128198641488
-0.90921207809895921 0.087706220981235428 0.16615304984669815 0.37152951412613067
0.063464817706983478 -0.93345348137321027 0.063464817706984117 0.34728811085187883
-0.62538878495406491 -0.29308268526066628 0.16615304984669851 -0.70383561381952775
-0.20537646427943024 0.20537646427943057 -0.94843549253169224 -0.12692963541396696
-0.41075292855886175 -0.80652384595924365 -0.30806469641914597 0.29308268526066611
0.74305902825226 -0.34728811085187894 -0.4349943318331132 -0.37152951412613067
0.29308268526066572 -0.20537646427943057 0.89423006694047946 -0.26884128198641527
0.43499433183311309 0.37152951412613022 0.74305902825225978 -0.34728811085187883
-0.22961786755368299 -0.93345348137321116 0.2445998787121636 0.1269296354139669
-0.41075292855886114 -0.3323060996933983 0.74305902825225933 0.41075292855886275
-0.41075292855886114 -0.64037079611254399 -0.24459987871216388 0.60114738167981263
-0.30806469641914558 -0.35654750296765031 -0.43499433183311342 -0.76730043152651151
0.57690597840555957 -0.16615304984669826 -0.49845914954009701 -0.6253887849540648
0.57690597840555957 0.12692963541396746 0.024241403274252199 -0.80652384595924376
0.29308268526066572 0.37152951412613111 0.83076524923349437 0.29308268526066628
0.57690597840555957 -0.20537646427943129 0.51344116069857781 -0.60114738167981263
-0.33230609969339886 0.35654750296765031 0.83076524923349437 0.2688412819864141
0.29308268526066572 -0.39577091740038095 0.41075292855886281 0.76730043152651151
-0.20537646427942982 0.76730043152651106 0.087706220981234873 0.60114738167981263
0.1269296354139674 -0.35654750296765031 -0.70383561381952731 0.60114738167981274
0.9334534813732106 -0.20537646427943151 0.29308268526066661 0.0242414032742507
0.087706220981234873 0.60114738167981263 0.20537646427943024 -0.76730043152651151
0.37152951412613078 0.64037079611254455 0.26884128198641472 0.61612939283829293
-0.34728811085187911 -0.39577091740038117 0.80652384595924442 0.26884128198641438
0.43499433183311254 0.76730043152651128 -0.30806469641914652 -0.35654750296765003
0.43499433183311254 0.52270055281434813 0.70383561381952819 -0.20537646427943154
-0.24459987871216321 0.16615304984669985 0.29308268526066594 0.90921207809895876
-0.39577091740038028 0.62538878495406391 -0.64037079611254444 0.20537646427943154
0.76730043152651173 -0.16615304984669985 -0.61612939283829238 0.063464817706983798
0.20537646427943085 0.063464817706983256 -0.35654750296765014 -0.90921207809895876
-0.19039445312095093 -0.90921207809895821 -0.30806469641914652 -0.20537646427943154
-0.14191164657244731 0.16615304984669979 0.22961786755368221 -0.9484354925316909
-0.3080646964191463 -0.20537646427943168 0.19039445312095085 0.90921207809895876
-0.53768256397282954 -0.52270055281434846 -0.64037079611254466 -0.16615304984669926
0.64037079611254444 0.35654750296765025 0.22961786755368221 -0.64037079611254411
-0.5619239672470806 0.76730043152651195 0.3080646964191468 -0.0242414032742507
0.14191164657244743 0.39577091740038117 -0.67959421054527724 0.60114738167981341
-0.30806469641914636 0.024241403274250839 -0.56192396724708049 0.76730043152651151
0.72807701709378003 0.6011473816798133 -0.19039445312095099 -0.26884128198641438
-0.5619239672470806 0.1269296354139669 0.72807701709377959 0.37152951412613061
-0.22961786755368263 -0.087706220981235539 0.53768256397282954 0.80652384595924476
0.51344116069857693 0.60114738167981152 -0.57690597840556068 -0.20537646427943052
0.8307652492334946 -0.26884128198641455 0.33230609969339803 0.35654750296764876
0.41075292855886131 -0.76730043152651106 -0.29308268526066572 -0.39577091740038195
-0.89423006694047746 -0.16615304984669904 0.41075292855886181 0.06346481770698327
-0.43499433183311365 0.52270055281434846 -0.70383561381952742 -0.20537646427943052
-0.039223414432731973 0.94843549253169068 0.30806469641914658 -0.063464817706982424
-0.89423006694047746 -0.39577091740038167 -0.03922341443273214 0.20537646427943057
-0.22961786755368246 0.26884128198641455 -0.70383561381952719 -0.61612939283829293
-0.039223414432731973 0.20537646427943052 0.89423006694047791 0.39577091740038195
-0.74305902825226 -0.024241403274252338 -0.29308268526066628 0.6011473816798123
0.29308268526066622 0.29308268526066616 -0.70383561381952742 -0.57690597840556079
-0.039223414432732029 -0.49845914954009707 0.24459987871216227 0.8307652492334946
-0.53768256397282932 0.61612939283829293 0.5376825639728271 0.20537646427943013
0.29308268526066616 -0.024241403274252643 -0.9334534813732096 -0.20537646427943013
0.80652384595924231 -0.26884128198641488 0.34728811085187861 -0.39577091740038245
-0.5134411606985767 -0.60114738167981185 0.57690597840556102 0.20537646427943013
-0.83076524923349493 0.26884128198641488 -0.33230609969339753 -0.35654750296764864
-0.41075292855886114 0.76730043152651084 0.29308268526066594 0.39577091740038245
-0.5134411606985767 -0.70383561381952786 -0.41075292855886125 0.26884128198641394
-0.10268823213971599 -0.087706220981234595 -0.33230609969339753 -0.93345348137321005
-0.4107529285588612 0.26884128198641399 0.51344116069857682 0.70383561381952842
-0.49845914954009679 -0.20537646427943204 -0.7673004315265114 0.34728811085187833
-0.53768256397282865 -0.063464817706982701 0.56192396724708071 0.62538878495406269
-0.67959421054527591 -0.063464817706982632 -0.72807701709377926 0.063464817706984755
0.64037079611254377 0.20537646427943146 -0.39577091740038184 -0.62538878495406269
0.61612939283829316 0.063464817706982632 0.76730043152651062 0.16615304984669885
0.35654750296764903 -0.90921207809895876 0.20537646427943015 -0.063464817706984755
0.64037079611254388 0.22961786755368357 0.35654750296764903 -0.64037079611254333
0.02424140327425206 0.30806469641914552 0.76730043152651062 0.56192396724708116
0.35654750296764903 -0.64037079611254366 -0.64037079611254433 -0.22961786755368374
0.2688412819864151 -0.19039445312094921 0.60114738167981263 -0.72807701709377948
-0.60114738167981252 0.087706220981234595 0.76730043152651084 0.20537646427943168
0.35654750296764914 0.12692963541396735 -0.60114738167981152 -0.70383561381952842
-0.14191164657244887 0.9334534813732096 0.19039445312094955 0.26884128198641355
-0.29308268526066439 -0.20537646427943196 -0.89423006694047791 -0.26884128198641355
0.70383561381952697 0.08770622098123404 -0.039223414432730752 -0.70383561381952842
0.063464817706982979 -0.80652384595924209 0.52270055281434924 0.2688412819864136
-0.9092120780989591 -0.08770622098123404 0.16615304984669843 -0.37152951412612867
-0.62538878495406247 0.2930826852606665 0.16615304984669876 0.70383561381952842
0.51344116069857693 0.70383561381952786 0.4107529285588607 -0.26884128198641355
0.1026882321397163 0.087706220981233984 0.33230609969339753 0.93345348137321005
0.41075292855886064 -0.2688412819864136 -0.51344116069857715 -0.70383561381952842
0.49845914954009729 0.20537646427943218 0.76730043152651084 -0.34728811085187838
0.41075292855886081 0.74305902825226045 0.33230609969339647 0.41075292855886114
0.41075292855886081 0.2296178675536833 0.49845914954009768 0.72807701709377803
-0.51344116069857704 -0.64037079611254311 -0.10268823213971615 0.56192396724708127
-0.29308268526066539 0.53768256397282876 -0.30806469641914769 -0.72807701709377803
0.74305902825226067 0.64037079611254311 -0.039223414432731724 0.19039445312095002
0.70383561381952675 -0.14191164657244815 0.41075292855886142 -0.56192396724708127
-0.22961786755368246 0.22961786755368349 0.89423006694047857 0.30806469641914536
0.14191164657244773 -0.39577091740038162 -0.67959421054527624 -0.60114738167981097
0.53768256397282832 0.20537646427942985 0.53768256397282865 -0.61612939283829327
-0.12692963541396735 -0.35654750296764959 0.70383561381952786 0.60114738167981097
-0.93345348137321027 -0.20537646427942985 -0.29308268526066589 0.024241403274251561
-0.37152951412612911 0.64037079611254433 -0.2688412819864136 0.61612939283829327
-0.12692963541396735 -0.56192396724708105 -0.37152951412612922 0.72807701709377803
-0.20537646427943146 -0.64037079611254311 -0.29308268526066589 -0.67959421054527691
0.34728811085187794 0.5376825639728291 -0.70383561381952853 -0.30806469641914536
-0.37152951412612906 0.72807701709377848 0.12692963541396746 0.56192396724708127
0.087706220981234317 -0.22961786755368355 -0.8065238459592432 0.5376825639728291
0.93345348137321116 -0.14191164657244829 0.26884128198641388 0.19039445312095016
0.80652384595924298 -0.41075292855886103 -0.29308268526066594 -0.30806469641914735
0.34728811085187805 0.74305902825226089 0.37152951412612956 -0.43499433183311259
0.20537646427943163 0.29308268526066539 0.26884128198641388 0.89423006694047924
-0.37152951412612911 0.43499433183311237 0.34728811085187783 0.74305902825226067
0.93345348137321116 -0.2296178675536826 -0.12692963541396773 0.24459987871216202
0.34728811085187816 -0.063464817706982909 0.9334534813732106 0.063464817706983923
0.2930826852606665 -0.62538878495406403 0.70383561381952908 0.16615304984669932
-0.024241403274250867 -0.024241403274252393 0.64037079611254433 0.76730043152651051
-0.024241403274250867 -0.29308268526066694 -0.20537646427943101 0.93345348137320938
-0.26884128198641449 -0.8065238459592432 -0.39577091740038056 -0.34728811085187916
-0.024241403274250867 0.30806469641914569 -0.76730043152651128 0.56192396724707971
0.60114738167981263 -0.67959421054527613 -0.39577091740038056 -0.14191164657244804
-0.2688412819864146 -0.19039445312095077 -0.60114738167981197 -0.72807701709377926
-0.37152951412612989 -0.72807701709377892 0.1269296354139674 -0.56192396724707971
-0.29308268526066672 0.67959421054527613 0.20537646427943054 -0.64037079611254388
0.12692963541396751 -0.56192396724708005 0.37152951412612967 0.72807701709377937
-0.8065238459592432 -0.53768256397282954 -0.087706220981235095 -0.22961786755368221
0.70383561381952742 0.20537646427942977 -0.4349943318331127 0.52270055281434868
0.29308268526066505 -0.90921207809895899 0.24459987871216279 0.16615304984669799
0.70383561381952742 0.6161293928382916 -0.22961786755368307 0.26884128198641499
0.41075292855886214 -0.6403707961125451 0.24459987871216279 0.60114738167981108
0.29308268526066505 -0.60114738167981252 -0.74305902825225978 -0.024241403274252477
0.70383561381952719 0.57690597840556068 0.293082685260665 0.29308268526066605
0.89423006694047857 0.10268823213971644 0.43499433183311303 -0.024241403274251783
-0.43499433183311165 -0.5227005528143488 -0.70383561381952786 0.20537646427943063
0.24459987871216277 -0.16615304984669935 -0.29308268526066444 -0.90921207809895876
0.39577091740038012 -0.6253887849540628 0.64037079611254499 -0.20537646427943065
-0.76730043152651195 0.16615304984669935 0.61612939283829138 -0.063464817706982715
-0.20537646427943024 -0.063464817706982535 0.35654750296764892 0.90921207809895876
0.19039445312095071 0.90921207809895832 0.30806469641914525 0.20537646427943063
0.14191164657244856 -0.16615304984669935 -0.22961786755368199 0.94843549253169035
0.30806469641914513 0.20537646427943071 -0.19039445312095063 -0.90921207809895888
0.53768256397282888 0.52270055281434935 0.64037079611254411 0.16615304984669826
0.64037079611254277 0.51344116069857781 -0.56192396724708038 0.10268823213971476
0.64037079611254277 0.74305902825225978 0.19039445312095157 -0.03922341443273214
0.22961786755368202 -0.22961786755368147 0.30806469641914563 0.8942300669404788
-0.83076524923349304 -0.26884128198641566 -0.33230609969339819 0.35654750296765009
0.02424140327425095 0.024241403274250423 -0.76730043152651028 -0.6403707961125451
-0.83076524923349315 0.24459987871216293 -0.49845914954009807 0.03922341443273214
0.5134411606985787 0.22961786755368147 -0.76730043152651028 -0.30806469641914658
0.02424140327425095 0.43499433183311215 0.10268823213971513 -0.8942300669404788
0.39577091740038028 -0.89423006694047835 -0.20537646427942985 -0.03922341443273214
-0.26884128198641555 -0.22961786755368147 0.61612939283829204 -0.70383561381952808
-0.6011473816798123 0.24459987871216307 -0.64037079611254544 -0.41075292855886064
-0.20537646427942974 -0.039223414432732029 -0.39577091740038062 0.8942300669404788
0.024241403274250894 -0.74305902825226056 -0.60114738167981208 -0.29308268526066539
0.76730043152651217 0.43499433183311259 -0.35654750296764992 -0.30806469641914702
-0.3080646964191453 -0.89423006694047791 0.22961786755368299 -0.22961786755368169
-0.3080646964191453 -0.70383561381952731 -0.53768256397282921 -0.34728811085187744
0.19039445312095046 0.26884128198641338 0.14191164657244779 -0.93345348137321016
0.43499433183311198 -0.37152951412612989 0.74305902825226 0.34728811085187739
-0.89423006694047857 -0.26884128198641338 0.29308268526066533 0.20537646427943088
-0.24459987871216216 0.12692963541396757 -0.22961786755368174 0.93345348137321016
0.063464817706984256 0.93345348137320983 0.063464817706983201 -0.34728811085187733
0.52270055281434846 0.26884128198641327 -0.063464817706982979 0.80652384595924331
0.063464817706982951 -0.34728811085187761 -0.063464817706984256 -0.93345348137321016
0.16615304984669968 0.70383561381952808 0.62538878495406358 -0.29308268526066594
-0.62538878495406347 0.22961786755368147 -0.063464817706982979 0.74305902825226
0.16615304984669899 -0.89423006694047902 -0.063464817706983354 0.41075292855886064
-0.52270055281434891 -0.43499433183311259 0.2053764642794314 -0.70383561381952875
0.063464817706983048 -0.41075292855886059 0.16615304984669876 -0.89423006694047857
-0.94843549253169113 -0.039223414432732084 0.063464817706984256 0.30806469641914697
0.16615304984669893 -0.26884128198641494 -0.9484354925316909 0.024241403274250783
0.06346481770698309 0.20537646427943085 -0.90921207809895976 -0.35654750296765003
-0.80652384595924276 0.024241403274252227 -0.12692963541396629 -0.57690597840556035
0.29308268526066561 0.83076524923349504 -0.37152951412612994 -0.29308268526066483
-0.80652384595924276 -0.063464817706983478 0.26884128198641472 -0.52270055281434757
-0.087706220981235705 0.90921207809895832 -0.37152951412612994 -0.16615304984669838
0.29308268526066561 0.62538878495406425 0.70383561381952753 -0.16615304984669804
-0.80652384595924287 -0.41075292855886186 0.29308268526066544 -0.30806469641914586
-0.34728811085187833 0.74305902825225945 -0.37152951412613 -0.43499433183311326
0.2930826852606655 -0.30806469641914619 0.80652384595924309 0.41075292855886214
-0.93345348137321049 -0.22961786755368285 0.12692963541396635 0.24459987871216299
-0.64037079611254499 -0.51344116069857593 0.56192396724707938 -0.10268823213971591
0.94843549253169002 0.29308268526066494 -0.063464817706983867 0.10268823213971591
0.16615304984669871 -0.57690597840556146 0.6253887849540638 0.49845914954009563
0.94843549253169002 0.22961786755368213 0.16615304984669796 0.14191164657244737
-0.063464817706982757 -0.53768256397282932 0.6253887849540638 0.56192396724707938
0.16615304984669871 -0.64037079611254488 -0.52270055281434846 0.53768256397282754
0.94843549253169024 0.024241403274251977 0.1661530498466986 0.26884128198641366
-0.20537646427943024 -0.64037079611254411 0.6253887849540638 0.39577091740038151
0.16615304984669871 0.2688412819864141 -0.94843549253169057 -0.024241403274252254
0.90921207809895921 -0.35654750296764864 0.063464817706983867 -0.20537646427943154
-0.063464817706983701 -0.74305902825225933 0.6253887849540638 0.22961786755368263
0.16615304984669871 0.89423006694047791 -0.063464817706983201 -0.41075292855886214
0.72807701709377959 -0.063464817706983923 -0.67959421054527502 -0.063464817706982993
-0.76730043152651106 -0.1661530498466981 0.61612939283829204 0.063464817706982993
-0.60114738167981163 0.52270055281434868 -0.60114738167981252 -0.063464817706982812
-0.76730043152651106 -0.56192396724707971 0.02424140327425206 0.30806469641914569
-0.39577091740038156 0.14191164657244826 -0.60114738167981252 -0.67959421054527547
-0.60114738167981163 0.72807701709377981 0.26884128198641449 -0.19039445312094963
-0.76730043152651106 -0.20537646427943118 -0.6011473816798113 0.08770622098123515
-0.64037079611254466 0.37152951412612911 -0.61612939283829271 0.26884128198641516
0.20537646427943096 -0.039223414432731862 0.39577091740038156 0.89423006694047835
0.60114738167981319 -0.29308268526066605 0.024241403274252254 0.74305902825226045
0.024241403274250617 -0.30806469641914602 0.76730043152651151 -0.56192396724707927
-0.60114738167981308 0.67959421054527591 0.39577091740038028 0.14191164657244779
0.26884128198641405 0.19039445312095105 0.60114738167981174 0.72807701709377948
0.37152951412613022 0.29308268526066439 0.29308268526066661 0.83076524923349426
0.37152951412613022 0.16615304984669715 -0.087706220981235483 0.90921207809895832
-0.12692963541396718 -0.9484354925316909 -0.20537646427943018 0.20537646427942927
0.37152951412613022 0.43499433183311242 -0.34728811085187916 0.743059028252259
0.26884128198641527 -0.89423006694047835 -0.20537646427943018 0.29308268526066483
-0.12692963541396729 -0.24459987871216363 -0.9334534813732096 -0.22961786755368324
0.37152951412613022 0.72807701709377926 -0.12692963541396718 0.56192396724707927
0.29308268526066672 -0.67959421054527591 -0.20537646427943013 0.64037079611254433
-0.12692963541396723 0.5619239672470796 -0.37152951412613006 -0.72807701709377959
0.80652384595924342 0.53768256397282932 0.087706220981235483 0.22961786755368169
-0.35654750296764987 0.3323060996933983 -0.26884128198641338 -0.83076524923349415
0.64037079611254366 0.76730043152651162 0.024241403274251061 0.024241403274252282
-0.35654750296764987 0.12692963541396662 0.60114738167981252 -0.70383561381952664
-0.20537646427943168 0.93345348137320994 0.024241403274251061 0.29308268526066594
0.64037079611254366 0.37152951412613033 0.61612939283829282 0.26884128198641477
0.41075292855886231 -0.063464817706983867 -0.02424140327425256 0.90921207809895765
-0.29308268526066494 -0.9484354925316909 -0.10268823213971477 0.063464817706982812
-0.51344116069857726 -0.063464817706984672 -0.83076524923349471 0.20537646427943038
0.41075292855886247 0.26884128198641466 -0.51344116069857704 0.70383561381952675
0.33230609969339853 -0.93345348137320994 -0.10268823213971473 0.087706220981235428
-0.51344116069857726 0.70383561381952731 -0.41075292855886231 -0.26884128198641472
0.76730043152651195 0.34728811085187877 -0.49845914954009635 0.20537646427943046
-0.62538878495406436 -0.49845914954009579 0.16615304984669788 -0.57690597840556046
-0.62538878495406436 -0.5619239672470786 -0.063464817706983589 -0.53768256397282899
-0.063464817706982868 0.72807701709378014 -0.063464817706984436 -0.67959421054527525
-0.62538878495406436 -0.39577091740038028 -0.20537646427942988 -0.64037079611254399
0.16615304984669843 0.76730043152651206 -0.063464817706984436 -0.6161293928382916
-0.063464817706982868 0.20537646427943212 0.90921207809895843 -0.35654750296764909
-0.62538878495406436 -0.2296178675536823 -0.063464817706982868 -0.74305902825225845
-0.94843549253169113 0.03922341443273164 0.063464817706983423 -0.30806469641914541
-0.063464817706983645 0.93345348137320994 -0.063464817706984283 -0.34728811085187861
-0.52270055281434802 0.26884128198641488 0.063464817706982812 0.80652384595924376
-0.16615304984669815 -0.37152951412613067 -0.90921207809895921 0.087706220981235428
-0.063464817706982979 -0.80652384595924309 -0.52270055281434802 0.26884128198641472
-0.16615304984669851 0.70383561381952775 -0.62538878495406491 -0.29308268526066628
0.30806469641914597 -0.29308268526066611 -0.41075292855886175 -0.80652384595924365
-0.2445998787121636 -0.1269296354139669 -0.22961786755368299 -0.93345348137321116
-0.22961786755368113 -0.5134411606985777 0.3080646964191453 0.76730043152651095
-0.74305902825225933 -0.41075292855886275 -0.41075292855886114 -0.3323060996933983
-0.22961786755368113 -0.26884128198641372 -0.70383561381952808 0.61612939283829204
0.24459987871216388 -0.60114738167981263 -0.41075292855886114 -0.64037079611254399
-0.74305902825225933 0.024241403274250645 -0.29308268526066644 -0.60114738167981241
0.10268823213971402 -0.56192396724707927 -0.51344116069857759 -0.64037079611254444
0.10268823213971402 -0.063464817706982202 -0.2930826852606655 -0.94843549253169024
0.49845914954009701 0.6253887849540648 0.57690597840555957 -0.16615304984669826
0.10268823213971405 -0.087706220981234317 0.33230609969339853 -0.93345348137320949
-0.024241403274252199 0.80652384595924376 0.57690597840555957 0.12692963541396746
0.49845914954009696 -0.20537646427942974 0.76730043152651128 0.34728811085187816
0.10268823213971401 -0.60114738167981219 0.49845914954009674 -0.61612939283829216
-0.51344116069857781 0.60114738167981263 0.57690597840555957 -0.20537646427943129
0.49845914954009696 -0.61612939283829249 -0.10268823213971433 0.6011473816798123
-0.41075292855886281 -0.76730043152651151 0.29308268526066572 -0.39577091740038095
-0.087706220981234873 -0.60114738167981263 -0.20537646427942982 0.76730043152651106
0.70383561381952731 -0.60114738167981274 0.1269296354139674 -0.35654750296765031
-0.29308268526066661 -0.0242414032742507 0.9334534813732106 -0.20537646427943151
-0.12692963541396751 0.35654750296764992 0.70383561381952708 -0.60114738167981241
-0.26884128198641472 -0.61612939283829293 0.37152951412613078 0.64037079611254455
0.41075292855886036 0.33230609969339803 -0.74305902825225978 -0.41075292855886181
0.41075292855886036 0.64037079611254444 0.24459987871216285 -0.60114738167981208
0.30806469641914652 0.35654750296765003 0.43499433183311254 0.76730043152651128
0.41075292855886036 -0.063464817706983687 0.89423006694047824 -0.1661530498466991
-0.70383561381952819 0.20537646427943154 0.43499433183311254 0.52270055281434813
0.30806469641914652 0.0634648177069842 0.039223414432732584 0.94843549253169046
-0.024241403274250395 0.94843549253169002 -0.26884128198641433 0.1661530498466991
0.64037079611254444 -0.20537646427943154 -0.39577091740038028 0.62538878495406391
-0.26884128198641477 0.16615304984669915 0.024241403274250645 -0.94843549253169046
0.35654750296765014 0.90921207809895876 0.20537646427943085 0.063464817706983256
-0.22961786755368221 0.64037079611254411 0.64037079611254444 0.35654750296765025
0.19039445312095099 0.26884128198641438 0.72807701709378003 0.6011473816798133
0.49845914954009618 0.61612939283829227 -0.1026882321397157 -0.60114738167981141
0.57690597840556068 0.20537646427943052 0.51344116069857693 0.60114738167981152
-0.10268823213971599 -0.60114738167981163 -0.49845914954009635 -0.6161293928382926
0.29308268526066572 0.39577091740038195 0.41075292855886131 -0.76730043152651106
-0.74305902825225889 -0.063464817706984145 0.22961786755368227 0.62538878495406303
-0.41075292855886181 -0.06346481770698327 -0.89423006694047746 -0.16615304984669904
0.2296178675536826 0.62538878495406336 0.74305902825225933 0.063464817706984311
-0.30806469641914658 0.063464817706982424 -0.039223414432731973 0.94843549253169068
0.03922341443273214 -0.20537646427943057 -0.89423006694047746 -0.39577091740038167
0.22961786755368255 -0.2688412819864146 0.70383561381952686 0.61612939283829249
-0.1419116465724482 0.39577091740038217 0.67959421054527502 0.60114738167981119
-0.5376825639728271 -0.20537646427943013 -0.53768256397282932 0.61612939283829293
0.12692963541396712 0.35654750296764826 -0.70383561381952775 -0.60114738167981119
0.9334534813732096 0.20537646427943013 0.29308268526066616 -0.024241403274252643
0.37152951412612817 -0.64037079611254399 0.26884128198641444 -0.61612939283829293
-0.49845914954009618 -0.61612939283829271 0.10268823213971594 0.6011473816798113
-0.57690597840556102 -0.20537646427943013 -0.5134411606985767 -0.60114738167981185
0.10268823213971628 0.60114738167981119 0.49845914954009646 0.61612939283829293
-0.29308268526066594 -0.39577091740038245 -0.41075292855886114 0.76730043152651084
-0.14191164657244718 -0.16615304984669882 0.22961786755368352 0.94843549253168935
-0.56192396724708071 -0.62538878495406269 -0.53768256397282865 -0.063464817706982701
-0.53768256397282732 0.52270055281434868 -0.64037079611254399 0.16615304984670004
0.26884128198641438 0.16615304984669999 -0.024241403274252005 -0.94843549253168935
0.39577091740038184 0.62538878495406269 0.64037079611254377 0.20537646427943146
-0.024241403274252282 -0.94843549253168968 -0.26884128198641483 -0.1661530498467001
-0.20537646427943015 0.063464817706984755 0.35654750296764903 -0.90921207809895876
-0.35654750296764903 0.64037079611254333 0.64037079611254388 0.22961786755368357
-0.024241403274252199 -0.3080646964191453 -0.7673004315265104 -0.56192396724708082
0.30806469641914419 0.70383561381952764 0.5376825639728281 0.34728811085187788
-0.19039445312094955 -0.26884128198641355 -0.14191164657244887 0.9334534813732096
-0.4349943318331117 0.37152951412612834 -0.74305902825225989 -0.34728811085187788
0.89423006694047791 0.26884128198641355 -0.29308268526066439 -0.20537646427943196
0.24459987871216127 -0.1269296354139679 0.22961786755368277 -0.9334534813732096
-0.063464817706983756 -0.93345348137320938 -0.063464817706982077 0.34728811085187788
-0.52270055281434924 -0.2688412819864136 0.063464817706982979 -0.80652384595924209
-0.063464817706981869 0.34728811085187811 0.063464817706983756 0.9334534813732096
-0.16615304984669876 -0.70383561381952842 -0.62538878495406247 0.2930826852606665
0.76730043152650995 0.3080646964191478 0.51344116069857648 0.22961786755368169
-0.33230609969339647 -0.41075292855886114 0.41075292855886081 0.74305902825226045
0.76730043152650995 -0.19039445312094985 0.29308268526066744 0.53768256397282821
-0.49845914954009768 -0.72807701709377803 0.41075292855886081 0.2296178675536833
-0.33230609969339642 -0.30806469641914508 -0.57690597840556079 0.67959421054527658
-0.43499433183311231 0.67959421054527624 0.24459987871216132 -0.53768256397282821
0.30806469641914769 0.72807701709377803 -0.29308268526066539 0.53768256397282876
0.039223414432731724 -0.19039445312095002 0.74305902825226067 0.64037079611254311
0.24459987871216099 -0.53768256397282854 0.43499433183311265 -0.67959421054527658
-0.41075292855886142 0.56192396724708127 0.70383561381952675 -0.14191164657244815
-0.89423006694047857 -0.30806469641914536 -0.22961786755368246 0.22961786755368349
-0.30806469641914525 -0.024241403274251561 -0.56192396724708071 -0.76730043152650973
0.67959421054527624 0.60114738167981097 0.14191164657244773 -0.39577091740038162
0.19039445312094927 -0.26884128198641499 0.72807701709377848 -0.60114738167981252
0.087706220981234206 -0.6011473816798123 0.20537646427943129 0.76730043152650984
-0.70383561381952786 -0.60114738167981097 -0.12692963541396735 -0.35654750296764959
0.20537646427943168 0.76730043152651028 -0.087706220981234095 0.60114738167981252
0.2688412819864136 -0.61612939283829327 -0.37152951412612911 0.64037079611254433
0.37152951412612922 -0.72807701709377803 -0.12692963541396735 -0.56192396724708105
0.29308268526066589 0.67959421054527691 -0.20537646427943146 -0.64037079611254311
0.70383561381952853 0.30806469641914536 0.34728811085187794 0.5376825639728291
0.20537646427943168 0.64037079611254277 0.29308268526066572 0.67959421054527658
0.8065238459592432 -0.5376825639728291 0.087706220981234317 -0.22961786755368355
0.29308268526066594 0.30806469641914735 0.80652384595924298 -0.41075292855886103
0.12692963541396773 -0.24459987871216202 0.93345348137321116 -0.2296178675536826
0.35654750296764937 -0.33230609969339886 0.26884128198641422 0.83076524923349326
-0.64037079611254433 -0.76730043152651051 -0.024241403274250867 -0.024241403274252393
0.35654750296764937 -0.1269296354139679 -0.60114738167981219 0.70383561381952642
0.20537646427943101 -0.93345348137320938 -0.024241403274250867 -0.29308268526066694
-0.64037079611254433 -0.37152951412612989 -0.61612939283829171 -0.26884128198641438
0.35654750296764937 0.64037079611254355 -0.64037079611254388 0.22961786755368169
0.76730043152651128 -0.56192396724707971 -0.024241403274250867 0.30806469641914569
-0.64037079611254433 0.22961786755368208 -0.35654750296764931 -0.64037079611254355
0.60114738167981197 0.72807701709377926 -0.2688412819864146 -0.19039445312095077
0.89423006694047746 0.16615304984669804 -0.41075292855886164 -0.063464817706982854
0.4349943318331127 -0.52270055281434868 0.70383561381952742 0.20537646427942977
0.039223414432730891 -0.94843549253169024 -0.30806469641914636 0.063464817706982979
0.89423006694047735 0.39577091740038106 0.039223414432730919 -0.20537646427943046
0.74305902825225978 0.024241403274252477 0.29308268526066505 -0.60114738167981252
-0.4107529285588602 0.063464817706982687 -0.89423006694047813 0.16615304984669799
0.70383561381952786 -0.20537646427943063 -0.43499433183311165 -0.5227005528143488
-0.3080646964191468 -0.063464817706984256 -0.039223414432731196 -0.94843549253168979
0.024241403274250978 -0.94843549253168946 0.26884128198641505 -0.16615304984669804
-0.64037079611254499 0.20537646427943065 0.39577091740038012 -0.6253887849540628
0.26884128198641549 -0.16615304984669815 -0.024241403274251339 0.94843549253168979
-0.35654750296764892 -0.90921207809895876 -0.20537646427943024 -0.063464817706982535
0.72807701709377737 0.49845914954009785 -0.2296178675536818 -0.41075292855886147
0.56192396724708038 -0.10268823213971476 0.64037079611254277 0.51344116069857781
0.72807701709377748 0.30806469641914636 0.53768256397282976 -0.29308268526066511
-0.19039445312095157 0.03922341443273214 0.64037079611254277 0.74305902825225978
0.56192396724708038 -0.41075292855886042 -0.14191164657244748 0.70383561381952753
-0.57690597840555913 0.20537646427942935 -0.51344116069857804 0.60114738167981185
0.33230609969339819 -0.35654750296765009 -0.83076524923349304 -0.26884128198641566
-0.29308268526066716 0.39577091740038023 -0.41075292855886131 -0.76730043152651084
-0.57690597840555924 0.70383561381952753 -0.29308268526066683 0.29308268526066511
0.49845914954009807 -0.03922341443273214 -0.83076524923349315 0.24459987871216293
-0.29308268526066716 0.29308268526066511 0.57690597840555968 -0.70383561381952764
-0.10268823213971513 0.8942300669404788 0.02424140327425095 0.43499433183311215
0.20537646427942985 0.03922341443273214 0.39577091740038028 -0.89423006694047835
-0.61612939283829204 0.70383561381952808 -0.26884128198641555 -0.22961786755368147
0.64037079611254544 0.41075292855886064 -0.6011473816798123 0.24459987871216307
0.2688412819864156 0.22961786755368152 -0.61612939283829171 0.70383561381952753
0.60114738167981208 0.29308268526066539 0.024241403274250894 -0.74305902825226056
-0.64037079611254244 -0.74305902825225978 -0.1903944531209503 0.039223414432732168
-0.22961786755368299 0.22961786755368169 -0.3080646964191453 -0.89423006694047791
-0.64037079611254233 -0.2053764642794306 -0.67959421054527658 -0.2930826852606655
0.53768256397282921 0.34728811085187744 -0.3080646964191453 -0.70383561381952731
-0.22961786755368305 0.087706220981233873 0.5376825639728281 -0.80652384595924276
0.41075292855886025 -0.80652384595924265 0.3080646964191468 0.2930826852606655
-0.74305902825226 -0.34728811085187739 0.43499433183311198 -0.37152951412612989
0.30806469641914724 0.29308268526066572 -0.41075292855886059 0.80652384595924287
0.22961786755368174 -0.93345348137321016 -0.24459987871216216 0.12692963541396757
0.063464817706982979 -0.74305902825226 -0.62538878495406347 0.22961786755368147
-0.063464817706984256 -0.30806469641914697 -0.94843549253169113 -0.039223414432732084
-0.93345348137320916 0.33230609969339764 0.087706220981235705 -0.10268823213971486
0.12692963541396629 0.57690597840556035 -0.80652384595924276 0.024241403274252227
0.34728811085187816 0.76730043152651128 0.20537646427943063 -0.4984591495400954
-0.93345348137320916 0.063464817706982868 0.347288110851878 0.063464817706984103
-0.26884128198641472 0.52270055281434757 -0.80652384595924276 -0.063464817706983478
0.34728811085187816 0.063464817706983909 0.93345348137320949 -0.063464817706982868
-0.70383561381952753 0.16615304984669804 0.29308268526066561 0.62538878495406425
-0.29308268526066544 0.30806469641914586 -0.80652384595924287 -0.41075292855886186
0.34728811085187816 -0.74305902825225911 0.3715295141261295 0.43499433183311326
-0.72807701709377914 -0.49845914954009513 0.22961786755368227 0.41075292855886136
-0.56192396724707938 0.10268823213971591 -0.64037079611254499 -0.51344116069857593
0.90921207809895765 -0.024241403274251672 0.063464817706982646 -0.41075292855886136
0.063464817706983867 -0.10268823213971591 0.94843549253169002 0.29308268526066494
0.20537646427943002 -0.83076524923349504 0.063464817706983451 0.51344116069857593
0.90921207809895754 -0.19039445312094971 0.20537646427943007 -0.30806469641914663
-0.16615304984669796 -0.14191164657244737 0.94843549253169002 0.22961786755368213
0.20537646427943004 -0.30806469641914658 -0.90921207809895832 0.19039445312094957
0.52270055281434846 -0.53768256397282754 0.16615304984669871 -0.64037079611254488
-0.1661530498466986 -0.26884128198641366 0.94843549253169024 0.024241403274251977
0.20537646427943007 0.64037079611254399 -0.62538878495406325 -0.39577091740038151
0.53768256397282899 0.063464817706982812 -0.56192396724707938 -0.62538878495406292
0.67959421054527502 0.063464817706982993 0.72807701709377959 -0.063464817706983923
-0.64037079611254377 -0.20537646427943032 0.39577091740038117 0.6253887849540628
-0.61612939283829204 -0.063464817706982993 -0.76730043152651106 -0.1661530498466981
-0.35654750296764831 0.90921207809895832 -0.20537646427943085 0.063464817706983923
-0.64037079611254366 -0.22961786755368233 -0.35654750296764837 0.64037079611254366
-0.26884128198641449 0.19039445312094963 -0.60114738167981163 0.72807701709377981
-0.35654750296764942 -0.64037079611254355 0.64037079611254377 -0.22961786755368122
-0.76730043152651151 0.56192396724707927 0.024241403274250617 -0.30806469641914602
0.64037079611254422 -0.2296178675536816 0.35654750296764937 0.64037079611254388
-0.60114738167981174 -0.72807701709377948 0.26884128198641405 0.19039445312095105
0.80652384595924242 -0.024241403274253226 0.12692963541396707 0.57690597840556002
-0.29308268526066661 -0.83076524923349426 0.37152951412613022 0.29308268526066439
0.80652384595924254 0.063464817706982313 -0.26884128198641521 0.52270055281434735
0.087706220981235483 -0.90921207809895832 0.37152951412613022 0.16615304984669715
-0.29308268526066661 -0.62538878495406414 -0.70383561381952664 0.16615304984669799
0.80652384595924254 0.41075292855886131 -0.29308268526066639 0.30806469641914513
0.9334534813732096 0.22961786755368324 -0.12692963541396729 -0.24459987871216363
-0.60114738167981219 0.51344116069857693 0.20537646427943151 -0.57690597840555924
0.26884128198641338 0.83076524923349415 -0.35654750296764987 0.3323060996933983
0.76730043152651062 0.41075292855886258 0.39577091740038095 -0.29308268526066517
-0.60114738167981219 -0.087706220981235428 0.76730043152651017 -0.20537646427942979
-0.60114738167981252 0.70383561381952664 -0.35654750296764987 0.12692963541396662
0.76730043152651062 -0.20537646427943024 0.6011473816798123 0.087706220981235372
-0.61612939283829282 -0.26884128198641477 0.64037079611254366 0.37152951412613033
0.76730043152651095 -0.16615304984669871 -0.33230609969339825 0.52270055281434669
0.02424140327425256 -0.90921207809895765 0.41075292855886231 -0.063464817706983867
-0.33230609969339819 0.52270055281434713 -0.76730043152651117 0.16615304984669876
0.83076524923349471 -0.20537646427943038 -0.51344116069857726 -0.063464817706984672
0.51344116069857704 -0.70383561381952675 0.41075292855886247 0.26884128198641466
-0.33230609969339819 0.93345348137320949 0.10268823213971498 -0.087706220981235261
-0.94843549253169013 -0.29308268526066439 0.063464817706982757 -0.1026882321397151
-0.16615304984669788 0.57690597840556046 -0.62538878495406436 -0.49845914954009579
-0.94843549253169024 -0.22961786755368091 -0.16615304984669838 -0.14191164657244706
0.063464817706983589 0.53768256397282899 -0.62538878495406436 -0.5619239672470786
-0.16615304984669799 0.64037079611254488 0.52270055281434757 -0.53768256397282832
-0.94843549253169013 -0.024241403274251033 -0.16615304984669788 -0.26884128198641327
-0.90921207809895843 0.35654750296764909 -0.063464817706982868 0.20537646427943212
0.063464817706984283 0.34728811085187861 -0.063464817706983645 0.93345348137320994
0.62538878495406491 0.29308268526066628 -0.16615304984669851 0.70383561381952775
0.039223414432733084 -0.4984591495400969 -0.2445998787121636 0.83076524923349315
-0.3080646964191453 -0.76730043152651095 -0.22961786755368113 -0.5134411606985777
-0.89423006694047791 0.10268823213971404 -0.43499433183311292 -0.024241403274251533
0.039223414432733084 0.20537646427943129 -0.89423006694047746 0.39577091740038012
0.70383561381952808 -0.61612939283829204 -0.22961786755368113 -0.26884128198641372
-0.89423006694047791 0.39577091740038045 -0.039223414432732862 -0.20537646427943113
0.29308268526066644 0.60114738167981241 -0.74305902825225933 0.024241403274250645
-0.41075292855886247 -0.22961786755368066 -0.49845914954009651 -0.72807701709377814
0.51344116069857759 0.64037079611254444 0.10268823213971402 -0.56192396724707927
-0.41075292855886236 0.063464817706984922 0.024241403274252227 -0.90921207809895699
0.2930826852606655 0.94843549253169024 0.10268823213971402 -0.063464817706982202
0.51344116069857748 0.063464817706984797 0.83076524923349371 -0.20537646427943099
-0.41075292855886236 -0.26884128198641372 0.51344116069857737 -0.70383561381952597
-0.76730043152651128 -0.34728811085187816 0.49845914954009696 -0.20537646427942974
-0.49845914954009674 0.61612939283829216 0.10268823213971401 -0.60114738167981219
0.51344116069857759 -0.6011473816798123 -0.57690597840555946 0.20537646427943113
0.20537646427942982 -0.76730043152651106 -0.087706220981234873 -0.60114738167981263
-0.37152951412613078 -0.64037079611254455 -0.26884128198641472 -0.61612939283829293
0.22961786755368091 0.51344116069857804 -0.30806469641914613 -0.76730043152651006
0.74305902825225978 0.41075292855886181 0.41075292855886036 0.33230609969339803
0.22961786755368091 0.26884128198641499 0.70383561381952753 -0.6161293928382916
-0.24459987871216285 0.60114738167981208 0.41075292855886036 0.64037079611254444
0.74305902825225978 -0.024241403274250617 0.29308268526066561 0.60114738167981141
0.22961786755368094 -0.62538878495406336 0.74305902825225911 -0.063464817706983145
-0.89423006694047824 0.1661530498466991 0.41075292855886036 -0.063464817706983687
0.74305902825225978 -0.063464817706983145 -0.22961786755368113 0.62538878495406336
-0.039223414432732584 -0.94843549253169046 0.30806469641914652 0.0634648177069842
-0.22961786755368227 -0.62538878495406303 -0.74305902825225889 -0.063464817706984145
0.41075292855886181 0.063464817706982979 0.89423006694047713 0.1661530498466991
0.30806469641914536 0.024241403274252726 0.56192396724708005 0.76730043152650984
-0.67959421054527502 -0.60114738167981119 -0.1419116465724482 0.39577091740038217
-0.19039445312094846 0.2688412819864146 -0.72807701709377892 0.60114738167981141
-0.087706220981234817 0.6011473816798113 -0.20537646427943179 -0.76730043152650984
0.70383561381952775 0.60114738167981119 0.12692963541396712 0.35654750296764826
-0.20537646427943229 -0.76730043152651017 0.087706220981234817 -0.60114738167981141
-0.26884128198641444 0.61612939283829293 0.37152951412612817 -0.64037079611254399
0.30806469641914608 -0.2053764642794314 -0.1903944531209488 0.90921207809895721
-0.22961786755368352 -0.94843549253168935 -0.14191164657244718 -0.16615304984669882
-0.19039445312094869 0.90921207809895788 -0.30806469641914586 0.2053764642794314
0.64037079611254399 -0.16615304984670004 -0.53768256397282732 0.52270055281434868
0.024241403274252005 0.94843549253168935 0.26884128198641438 0.16615304984669999
-0.39577091740038195 -0.62538878495406214 -0.64037079611254366 -0.20537646427943129
0.64037079611254188 0.20537646427943171 0.67959421054527569 0.29308268526066605
-0.5376825639728281 -0.34728811085187788 0.30806469641914419 0.70383561381952764
0.22961786755368335 -0.087706220981233873 -0.53768256397282888 0.80652384595924154
-0.41075292855886059 0.8065238459592412 -0.3080646964191473 -0.293082685260666
0.74305902825225989 0.34728811085187788 -0.4349943318331117 0.37152951412612834
-0.3080646964191478 -0.29308268526066611 0.41075292855886092 -0.80652384595924154
-0.22961786755368277 0.9334534813732096 0.24459987871216127 -0.1269296354139679
0.83076524923349337 -0.24459987871216074 0.49845914954009718 -0.039223414432732417
-0.51344116069857648 -0.22961786755368169 0.76730043152650995 0.3080646964191478
-0.024241403274249562 -0.43499433183311276 -0.10268823213971605 0.89423006694047724
0.83076524923349315 -0.53768256397282821 -0.024241403274249673 0.14191164657244776
-0.29308268526066744 -0.53768256397282821 0.76730043152650995 -0.19039445312094985
-0.024241403274249423 0.14191164657244795 -0.8307652492334936 0.53768256397282832
0.57690597840556079 -0.67959421054527658 -0.33230609969339642 -0.30806469641914508
-0.24459987871216132 0.53768256397282821 -0.43499433183311231 0.67959421054527624
0.29308268526066539 -0.53768256397282876 0.30806469641914769 0.72807701709377803
-0.74305902825226067 -0.64037079611254311 0.039223414432731724 -0.19039445312095002
-0.3080646964191478 -0.72807701709377781 0.29308268526066505 -0.53768256397282821
-0.70383561381952675 0.14191164657244815 -0.41075292855886142 0.56192396724708127
-0.64037079611254255 0.3565475029676492 -0.22961786755368332 -0.64037079611254311
0.56192396724708071 0.76730043152650973 -0.30806469641914525 -0.024241403274251561
-0.2296178675536836 -0.64037079611254377 0.64037079611254266 -0.35654750296764931
-0.72807701709377848 0.60114738167981252 0.19039445312094927 -0.26884128198641499
0.12692963541396735 0.56192396724708105 0.37152951412612922 -0.72807701709377803
-0.087706220981234317 0.22961786755368355 0.8065238459592432 -0.5376825639728291
0.60114738167981119 -0.5134411606985777 -0.20537646427943076 0.57690597840555902
-0.26884128198641422 -0.83076524923349326 0.35654750296764937 -0.33230609969339886
-0.76730043152651084 -0.41075292855886142 -0.39577091740038023 0.2930826852606655
0.60114738167981119 0.087706220981234428 -0.76730043152651062 0.2053764642794299
0.60114738167981219 -0.70383561381952642 0.35654750296764937 -0.1269296354139679
-0.76730043152651084 0.20537646427943024 -0.60114738167981141 -0.087706220981234373
0.61612939283829171 0.26884128198641438 -0.64037079611254433 -0.37152951412612989
0.74305902825225867 0.063464817706983256 -0.22961786755368274 -0.62538878495406269
0.30806469641914636 -0.063464817706982979 0.039223414432730891 -0.94843549253169024
-0.22961786755368174 0.62538878495406247 -0.74305902825225922 0.063464817706982257
0.89423006694047813 -0.16615304984669799 -0.4107529285588602 0.063464817706982687
-0.74305902825225956 0.063464817706982424 0.22961786755368199 -0.62538878495406236
0.039223414432731196 0.94843549253168979 -0.3080646964191468 -0.063464817706984256
0.53768256397282721 0.29308268526066716 0.19039445312095132 -0.76730043152650973
0.2296178675536818 0.41075292855886147 0.72807701709377737 0.49845914954009785
0.67959421054527658 -0.57690597840555924 0.30806469641914541 0.33230609969339731
0.53768256397282732 -0.24459987871216254 0.67959421054527636 -0.4349943318331117
-0.53768256397282976 0.29308268526066511 0.72807701709377748 0.30806469641914636
0.67959421054527658 -0.43499433183311181 -0.53768256397282777 0.24459987871216235
0.14191164657244748 -0.70383561381952753 0.56192396724708038 -0.41075292855886042
-0.10268823213971465 0.60114738167981052 -0.49845914954009762 0.61612939283829138
0.41075292855886131 0.76730043152651084 -0.29308268526066716 0.39577091740038023
0.29308268526066683 -0.29308268526066511 -0.57690597840555924 0.70383561381952753
-0.49845914954009796 0.039223414432732084 0.83076524923349282 -0.24459987871216241
-0.39577091740038028 0.89423006694047835 0.20537646427942985 0.03922341443273214
-0.024241403274250894 0.74305902825226056 0.60114738167981208 0.29308268526066539
-0.72807701709377703 -0.30806469641914702 -0.53768256397282865 0.29308268526066522
0.1903944531209503 -0.039223414432732168 -0.64037079611254244 -0.74305902825225978
-0.56192396724708082 0.41075292855886059 0.14191164657244765 -0.70383561381952642
-0.72807701709377703 0.37152951412612945 -0.56192396724708038 -0.12692963541396723
0.67959421054527658 0.2930826852606655 -0.64037079611254233 -0.2053764642794306
-0.56192396724708082 -0.12692963541396751 0.72807701709377759 -0.37152951412612933
-0.5376825639728281 0.80652384595924276 -0.22961786755368305 0.087706220981233873
-0.70383561381952642 0.51344116069857593 0.2688412819864146 0.41075292855886192
-0.087706220981235705 0.10268823213971486 -0.93345348137320916 0.33230609969339764
0.26884128198641455 0.41075292855886197 0.70383561381952686 -0.51344116069857593
-0.20537646427943063 0.4984591495400954 0.34728811085187816 0.76730043152651128
-0.347288110851878 -0.063464817706984103 -0.93345348137320916 0.063464817706982868
0.26884128198641449 -0.52270055281434757 0.80652384595924231 0.063464817706983534
-0.53768256397282788 -0.29308268526066455 -0.19039445312094946 0.7673004315265104
-0.22961786755368227 -0.41075292855886136 -0.72807701709377914 -0.49845914954009513
-0.67959421054527458 0.5769059784055609 -0.30806469641914702 -0.33230609969339697
0.52270055281434735 -0.33230609969339686 0.16615304984669779 -0.7673004315265104
-0.063464817706982646 0.41075292855886136 0.90921207809895765 -0.024241403274251672
0.16615304984669771 -0.76730043152651062 -0.52270055281434802 0.33230609969339697
-0.063464817706983451 -0.51344116069857593 0.20537646427943002 -0.83076524923349504
-0.20537646427943007 0.30806469641914663 0.90921207809895754 -0.19039445312094971
0.16615304984669771 0.14191164657244751 -0.94843549253168957 -0.22961786755368221
0.14191164657244748 0.16615304984669804 -0.2296178675536823 -0.94843549253168913
0.56192396724707938 0.62538878495406292 0.53768256397282899 0.063464817706982812
0.5376825639728271 -0.52270055281434824 0.64037079611254411 -0.16615304984669876
-0.26884128198641399 -0.16615304984669882 0.024241403274252143 0.94843549253168913
0.20537646427943085 -0.063464817706983923 -0.35654750296764831 0.90921207809895832
0.93345348137320849 -0.33230609969339875 -0.087706220981235372 0.10268823213971491
-0.12692963541396707 -0.57690597840556002 0.80652384595924242 -0.024241403274253226
-0.34728811085187911 -0.76730043152651062 -0.20537646427942993 0.49845914954009574
0.93345348137320838 -0.063464817706983534 -0.34728811085187894 -0.063464817706984269
0.70383561381952664 -0.16615304984669799 -0.29308268526066661 -0.62538878495406414
-0.61612939283829182 0.49845914954009585 0.60114738167981185 -0.10268823213971399
-0.20537646427943151 0.57690597840555924 -0.60114738167981219 0.51344116069857693
0.60114738167981197 -0.10268823213971431 0.61612939283829227 -0.49845914954009618
-0.39577091740038095 0.29308268526066517 0.76730043152651062 0.41075292855886258
0.33230609969339825 -0.52270055281434669 0.76730043152651095 -0.16615304984669871
-0.02424140327425231 0.90921207809895743 -0.41075292855886197 0.063464817706983645
-0.90921207809895721 0.02424140327425281 -0.063464817706983534 0.41075292855886164
-0.063464817706982757 0.1026882321397151 -0.94843549253169013 -0.29308268526066439
-0.20537646427942979 0.83076524923349404 -0.063464817706984339 -0.51344116069857682
-0.9092120780989571 0.19039445312095091 -0.20537646427942985 0.30806469641914674
-0.52270055281434757 0.53768256397282832 -0.16615304984669799 0.64037079611254488
0.29308268526066639 -0.29308268526066572 -0.70383561381952742 0.57690597840555857
0.2445998787121636 -0.83076524923349315 0.039223414432733084 -0.4984591495400969
-0.70383561381952753 0.57690597840555891 -0.29308268526066622 0.29308268526066605
0.43499433183311292 0.024241403274251533 -0.89423006694047791 0.10268823213971404
0.89423006694047746 -0.39577091740038012 0.039223414432733084 0.20537646427943129
-0.70383561381952764 0.61612939283829193 0.22961786755368119 0.26884128198641394
-0.76730043152651051 0.19039445312095191 -0.29308268526066522 -0.53768256397282699
0.49845914954009651 0.72807701709377814 -0.41075292855886247 -0.22961786755368066
0.33230609969339819 0.30806469641914702 0.57690597840555902 -0.67959421054527569
-0.76730043152651017 0.16615304984669971 0.33230609969339819 -0.52270055281434624
-0.83076524923349371 0.20537646427943099 0.51344116069857748 0.063464817706984797
-0.039223414432732723 0.49845914954009762 0.24459987871216274 -0.83076524923349249
0.30806469641914613 0.76730043152651006 0.22961786755368091 0.51344116069857804
0.8942300669404778 -0.10268823213971455 0.43499433183311198 0.024241403274250867
-0.039223414432732723 -0.20537646427942979 0.89423006694047735 -0.39577091740037984
-0.29308268526066561 -0.60114738167981141 0.74305902825225978 -0.024241403274250617
0.64037079611254288 -0.35654750296764787 0.22961786755368332 0.64037079611254299
-0.56192396724708005 -0.76730043152650984 0.30806469641914536 0.024241403274252726
0.22961786755368374 0.64037079611254344 -0.64037079611254288 0.35654750296764792
0.72807701709377892 -0.60114738167981141 -0.19039445312094846 0.2688412819864146
0.1903944531209488 -0.90921207809895721 0.30806469641914608 -0.2053764642794314
0.22961786755368355 0.94843549253168868 0.14191164657244745 0.16615304984669862
0.72807701709377737 -0.37152951412612795 0.56192396724708005 0.12692963541396768
-0.67959421054527569 -0.29308268526066605 0.64037079611254188 0.20537646427943171
0.56192396724708049 0.12692963541396779 -0.72807701709377759 0.37152951412612789
0.53768256397282888 -0.80652384595924154 0.22961786755368335 -0.087706220981233873
0.57690597840555979 -0.70383561381952531 0.29308268526066716 -0.29308268526066578
0.10268823213971605 -0.89423006694047724 -0.024241403274249562 -0.43499433183311276
0.024241403274249673 -0.14191164657244776 0.83076524923349315 -0.53768256397282821
0.2930826852606675 0.5376825639728281 -0.7673004315265094 0.19039445312094944
0.43499433183311231 -0.67959421054527624 -0.24459987871216132 0.53768256397282821
0.41075292855886142 -0.56192396724708127 -0.70383561381952675 0.14191164657244815
0.61612939283829082 -0.49845914954009651 -0.60114738167981152 0.10268823213971454
0.20537646427943076 -0.57690597840555902 0.60114738167981119 -0.5134411606985777
-0.60114738167981163 0.10268823213971492 -0.61612939283829116 0.49845914954009674
0.39577091740038023 -0.2930826852606655 -0.76730043152651084 -0.41075292855886142
0.14191164657244704 -0.02424140327425045 0.5376825639728291 -0.83076524923349215
-0.19039445312095132 0.76730043152650973 0.53768256397282721 0.29308268526066716
0.5376825639728291 -0.83076524923349271 -0.14191164657244731 0.024241403274250284
-0.30806469641914541 -0.33230609969339731 0.67959421054527658 -0.57690597840555924
-0.67959421054527636 0.4349943318331117 0.53768256397282732 -0.24459987871216254
0.5376825639728291 -0.29308268526066494 -0.72807701709377726 -0.30806469641914647
-0.5376825639728271 0.24459987871216135 -0.67959421054527591 0.43499433183311181
-0.14191164657244765 0.70383561381952642 -0.56192396724708082 0.41075292855886059
-0.2688412819864146 -0.41075292855886192 -0.70383561381952642 0.51344116069857593
0.087706220981235483 -0.10268823213971502 0.93345348137320872 -0.33230609969339731
-0.14191164657244637 0.024241403274251672 -0.53768256397282665 0.83076524923349371
0.19039445312094946 -0.7673004315265104 -0.53768256397282788 -0.29308268526066455
-0.53768256397282688 0.83076524923349415 0.14191164657244662 -0.024241403274251616
0.30806469641914702 0.33230609969339697 -0.67959421054527458 0.5769059784055609
-0.16615304984669779 0.7673004315265104 0.52270055281434735 -0.33230609969339686
0.063464817706982535 -0.41075292855886081 -0.90921207809895743 0.024241403274251616
-0.30806469641914602 0.20537646427943007 0.19039445312094935 -0.90921207809895699
-0.64037079611254411 0.16615304984669876 0.5376825639728271 -0.52270055281434824
0.70383561381952553 -0.5134411606985767 -0.26884128198641488 -0.41075292855886147
0.20537646427942993 -0.49845914954009574 -0.34728811085187911 -0.76730043152651062
-0.52270055281434646 0.33230609969339808 -0.16615304984669815 0.76730043152651017
0.063464817706984339 0.51344116069857682 -0.20537646427942979 0.83076524923349404
0.70383561381952742 -0.57690597840555857 0.29308268526066639 -0.29308268526066572
-0.24459987871216315 0.83076524923349293 -0.039223414432732917 0.49845914954009674
-0.8307652492334926 0.53768256397282888 0.024241403274252199 -0.14191164657244582
-0.57690597840555902 0.67959421054527569 0.33230609969339819 0.30806469641914702
-0.29308268526066522 0.29308268526066661 0.70383561381952686 -0.57690597840555835
-0.43499433183311198 -0.024241403274250867 0.8942300669404778 -0.10268823213971455
3 224 200 403
3 224 200 632
3 403 200 632
3 403 224 632
3 217 1069 528
3 528 198 217
3 217 198 1069
3 528 198 1069
3 682 21 1057
3 42 21 682
3 682 42 1057
3 42 21 1057
3 489 454 242
3 489 454 257
3 489 242 257
3 257 242 454
3 128 729 437
3 729 437 1079
3 437 128 1079
3 1079 128 729
3 481 345 895
3 101 895 345
3 345 101 481
3 101 481 895
3 489 262 1193
3 489 1193 533
3 533 262 489
3 533 262 1193
3 262 1193 454
3 489 454 1193
3 262 489 454
3 1193 454 257
3 262 257 454
3 262 257 1193
3 583 569 955
3 583 1050 955
3 955 569 1050
3 583 1050 569
3 905 167 72
3 905 167 146
3 905 72 146
3 146 72 167
3 167 72 435
3 270 167 435
3 167 72 270
3 270 72 435
3 72 1101 167
3 1101 435 167
3 72 1101 435
3 905 72 1101
3 905 167 1101
3 167 146 354
3 354 167 435
3 354 146 435
3 167 146 435
3 895 753 208
3 753 198 208
3 895 208 198
3 198 753 895
3 208 1093 686
3 354 208 686
3 1093 686 354
3 354 208 1093
3 198 686 1093
3 1093 198 208
3 198 208 686
3 433 430 997
3 430 136 997
3 997 136 433
3 433 430 136
3 475 892 750
3 280 750 475
3 892 750 280
3 892 280 475
3 723 260 1131
3 723 1131 734
3 734 260 723
3 734 260 1131
3 680 140 934
3 140 779 680
3 680 934 779
3 934 779 140
3 1136 740 155
3 1136 155 579
3 579 1136 740
3 155 740 579
3 1136 740 495
3 536 495 1136
3 495 740 536
3 536 740 1136
3 155 495 1136
3 495 155 740
3 1136 495 579
3 579 536 495
3 579 536 1136
3 155 579 495
3 740 495 883
3 740 456 883
3 495 456 740
3 495 456 883
3 883 536 495
3 883 536 740
3 61 1015 456
3 495 456 61
3 495 61 1015
3 495 456 1015
3 495 397 536
3 536 397 579
3 579 397 495
3 986 568 1026
3 568 1026 709
3 986 709 1026
3 568 986 709
3 253 164 1074
3 636 164 1074
3 253 164 636
3 636 253 1074
3 140 38 680
3 140 38 627
3 680 38 627
3 680 627 140
3 680 38 934
3 140 38 934
3 805 711 924
3 861 711 924
3 805 711 861
3 805 924 861
3 40 924 711
3 805 711 40
3 805 40 924
3 318 40 471
3 471 318 711
3 471 40 711
3 318 711 40
3 530 318 40
3 40 924 318
3 530 40 924
3 530 318 924
3 530 318 832
3 530 40 832
3 832 40 318
3 861 711 40
3 861 40 924
3 318 40 1080
3 1080 924 40
3 318 1080 924
3 471 318 1080
3 471 40 1080
3 216 892 323
3 323 216 709
3 892 709 323
3 216 892 709
3 216 970 475
3 475 216 892
3 892 475 970
3 216 892 970
3 216 1153 475
3 1153 475 970
3 970 216 1153
3 216 1153 892
3 892 475 1153
3 911 323 216
3 892 216 911
3 911 323 892
3 689 403 1090
3 403 380 689
3 1090 689 380
3 380 403 1090
3 1090 403 200
3 200 689 1090
3 689 200 403
3 403 689 632
3 632 380 403
3 632 380 689
3 689 322 403
3 403 322 632
3 689 322 632
3 115 35 419
3 419 35 916
3 419 115 916
3 115 916 35
3 447 18 680
3 447 953 680
3 953 680 18
3 447 18 953
3 447 18 934
3 680 18 934
3 680 447 934
3 453 296 569
3 296 955 453
3 296 955 569
3 453 955 569
3 583 453 569
3 569 296 583
3 583 453 296
3 395 453 583
3 583 395 569
3 395 569 453
3 260 1131 833
3 833 723 1131
3 260 723 833
3 671 520 96
3 96 911 520
3 671 96 911
3 671 520 911
3 671 96 337
3 671 520 337
3 337 96 520
3 1080 102 928
3 928 318 1080
3 318 102 928
3 318 102 1080
3 1008 928 102
3 928 1080 1008
3 102 1080 1008
3 326 102 928
3 326 1008 928
3 326 102 1008
3 664 257 357
3 664 257 822
3 357 822 664
3 357 257 822
3 891 577 969
3 42 969 577
3 577 42 891
3 42 891 969
3 579 1089 740
3 1136 740 1089
3 1089 579 1136
3 1089 740 155
3 1089 155 579
3 270 72 218
3 218 72 1054
3 218 1054 270
3 270 72 1054
3 666 661 1140
3 1120 661 1140
3 1120 661 666
3 1140 666 1120
3 80 1140 661
3 666 661 80
3 666 80 1140
3 1120 661 80
3 1120 80 1140
3 162 80 661
3 661 162 741
3 162 80 741
3 661 80 741
3 1082 1052 1140
3 1052 80 1140
3 80 1140 1082
3 80 1052 1082
3 118 1185 228
3 927 118 1185
3 927 228 1185
3 118 927 228
3 121 118 228
3 1185 228 121
3 121 118 1185
3 958 224 955
3 429 224 955
3 429 224 958
3 958 429 955
3 429 296 955
3 453 429 955
3 296 453 429
3 924 854 276
3 924 276 805
3 805 924 854
3 276 854 805
3 861 805 1075
3 861 711 1075
3 805 711 1075
3 861 276 805
3 805 276 1075
3 1075 276 861
3 1075 40 861
3 861 471 1075
3 471 40 1075
3 471 40 861
3 711 40 1075
3 1041 481 1107
3 1041 481 345
3 345 1107 1041
3 1107 345 481
3 489 242 549
3 242 549 454
3 489 454 549
3 892 750 929
3 528 929 750
3 892 528 929
3 528 892 750
3 475 929 750
3 929 475 892
3 929 750 280
3 528 280 929
3 528 280 750
3 929 280 475
3 564 96 528
3 528 96 929
3 564 96 929
3 528 929 564
3 528 217 929
3 280 217 528
3 280 217 929
3 1069 929 528
3 217 1069 929
3 929 216 892
3 528 216 929
3 528 216 892
3 124 788 541
3 788 541 432
3 432 124 788
3 432 124 541
3 541 159 788
3 159 124 788
3 124 159 541
3 845 159 432
3 541 159 432
3 541 159 845
3 845 432 541
3 1178 905 192
3 382 1178 905
3 382 192 905
3 382 192 1178
3 273 84 749
3 273 84 850
3 749 84 850
3 749 850 273
3 926 404 243
3 926 243 781
3 926 404 781
3 243 781 404
3 533 134 535
3 535 533 489
3 489 134 533
3 535 134 489
3 655 535 1135
3 655 134 1135
3 535 134 655
3 535 134 1135
3 655 150 535
3 535 150 1135
3 1135 150 655
3 48 267 467
3 467 48 1038
3 467 267 1038
3 48 1038 267
3 1135 266 655
3 266 134 655
3 1135 266 134
3 266 134 535
3 266 533 535
3 134 266 533
3 153 296 569
3 153 955 569
3 296 153 955
3 569 153 583
3 153 583 296
3 153 955 583
3 224 153 955
3 224 153 958
3 958 955 153
3 1121 583 153
3 246 153 583
3 583 246 1121
3 153 246 1121
3 1050 955 153
3 1050 153 583
3 224 153 429
3 429 153 955
3 456 61 1166
3 456 1166 1015
3 1166 1015 61
3 61 201 1168
3 1168 408 61
3 1168 408 201
3 201 61 408
3 1168 61 1015
3 1168 201 1015
3 61 1015 201
3 1168 408 1015
3 61 1015 408
3 294 21 447
3 682 294 447
3 21 682 294
3 447 21 682
3 447 294 953
3 294 21 953
3 953 21 447
3 447 953 682
3 682 294 953
3 1166 953 294
3 1166 294 767
3 767 1166 953
3 294 953 767
3 883 294 767
3 767 740 883
3 740 294 883
3 740 294 767
3 121 118 1160
3 228 121 1160
3 228 118 1160
3 1046 781 1160
3 926 1046 1160
3 926 781 1160
3 926 1046 781
3 468 228 893
3 228 1160 468
3 228 1160 893
3 1160 893 468
3 468 228 927
3 893 468 927
3 927 228 893
3 927 228 121
3 121 468 927
3 468 121 228
3 593 481 895
3 895 345 593
3 593 481 345
3 593 1041 895
3 1041 481 593
3 1041 481 895
3 710 520 1041
3 710 671 1041
3 671 520 710
3 671 520 1041
3 1041 337 710
3 520 337 1041
3 710 520 337
3 710 593 1041
3 593 895 710
3 895 710 1041
3 593 337 1041
3 593 337 710
3 710 590 671
3 1041 590 710
3 671 590 1041
3 710 550 671
3 671 550 590
3 710 550 590
3 905 777 1178
3 777 192 905
3 192 777 1178
3 167 792 354
3 354 146 792
3 146 167 792
3 435 354 792
3 167 435 792
3 397 956 536
3 397 956 495
3 536 495 956
3 724 683 956
3 724 683 1187
3 956 683 1187
3 956 1187 724
3 724 397 956
3 397 956 683
3 397 724 683
3 433 363 997
3 430 363 433
3 430 363 997
3 399 26 997
3 433 26 997
3 399 26 433
3 997 399 433
3 1196 997 26
3 399 26 1196
3 399 1196 997
3 968 17 1196
3 399 17 1196
3 399 17 968
3 968 399 1196
3 940 1196 997
3 26 997 940
3 1196 26 940
3 430 136 1134
3 997 136 1134
3 997 430 1134
3 713 417 723
3 723 713 734
3 713 417 734
3 734 417 723
3 638 88 352
3 638 88 789
3 352 88 789
3 789 352 638
3 720 680 140
3 18 140 720
3 720 680 18
3 140 18 680
3 720 140 779
3 720 680 779
3 720 680 953
3 720 447 953
3 447 720 680
3 294 720 1166
3 1166 953 720
3 720 294 953
3 1166 720 767
3 294 767 720
3 637 351 974
3 351 668 637
3 974 668 351
3 637 974 668
3 637 351 934
3 934 637 974
3 934 351 974
3 310 155 656
3 155 579 310
3 656 579 155
3 310 656 579
3 812 767 294
3 767 883 812
3 294 883 812
3 883 812 656
3 812 310 656
3 883 656 310
3 310 812 883
3 218 72 660
3 270 72 660
3 660 218 270
3 579 397 660
3 579 397 1136
3 660 397 1136
3 1136 660 579
3 660 435 167
3 270 167 660
3 270 660 435
3 1180 660 579
3 1180 660 270
3 270 579 1180
3 579 270 660
3 1180 167 435
3 435 1180 660
3 167 1180 660
3 660 155 579
3 1180 579 155
3 155 660 1180
3 793 550 938
3 534 550 793
3 793 534 938
3 534 938 550
3 671 1001 1037
3 590 1037 671
3 590 1037 1001
3 1001 590 671
3 370 186 110
3 370 110 1137
3 110 1137 186
3 370 186 1137
3 370 110 168
3 370 186 168
3 168 110 186
3 1137 552 158
3 158 496 1137
3 1137 552 496
3 496 158 552
3 341 158 552
3 341 158 1034
3 552 158 1034
3 552 341 1034
3 496 220 552
3 552 220 1112
3 496 220 1112
3 496 1112 552
3 552 220 1034
3 552 496 1034
3 496 220 1034
3 675 552 1034
3 1034 297 675
3 552 297 675
3 552 297 1034
3 1137 341 1163
3 1163 110 1137
3 341 110 1137
3 341 110 1163
3 341 1163 552
3 1137 552 1163
3 341 1137 552
3 1163 552 158
3 341 158 1163
3 1026 70 637
3 1026 637 974
3 1026 70 974
3 974 70 637
3 1112 219 54
3 1112 219 558
3 54 558 219
3 1112 54 558
3 861 558 805
3 276 805 558
3 276 861 558
3 306 861 558
3 306 805 558
3 805 306 861
3 617 71 996
3 617 71 247
3 247 71 996
3 247 996 617
3 1078 789 638
3 1078 71 638
3 1078 789 71
3 638 71 789
3 636 573 1074
3 636 471 573
3 1074 471 636
3 573 471 1074
3 471 1075 573
3 861 573 471
3 861 573 1075
3 243 900 781
3 860 243 900
3 860 781 243
3 860 781 900
3 631 374 879
3 374 631 530
3 879 530 374
3 879 530 631
3 122 958 224
3 429 122 224
3 429 122 958
3 153 122 958
3 122 153 224
3 153 958 583
3 583 122 153
3 583 122 958
3 557 177 122
3 557 177 958
3 122 958 177
3 557 122 958
3 177 122 890
3 557 177 890
3 890 122 557
3 890 122 1150
3 177 122 1150
3 890 177 1150
3 935 352 1013
3 1013 352 731
3 935 352 731
3 1013 731 935
3 277 1013 352
3 935 277 1013
3 277 935 352
3 277 1013 604
3 604 277 713
3 1013 713 604
3 277 1013 713
3 400 323 911
3 911 216 400
3 400 216 323
3 493 277 1013
3 277 604 493
3 604 493 1013
3 493 352 1013
3 493 352 731
3 1013 493 731
3 493 277 352
3 935 493 731
3 493 638 935
3 935 638 731
3 493 731 638
3 493 352 935
3 638 352 935
3 493 638 352
3 599 1084 821
3 466 821 1084
3 1084 466 599
3 466 599 821
3 632 466 599
3 599 403 632
3 466 403 599
3 466 403 632
3 984 599 466
3 984 599 1050
3 1050 466 984
3 599 466 1050
3 984 632 599
3 466 632 984
3 403 322 1146
3 689 322 1146
3 1146 403 689
3 472 385 833
3 833 385 962
3 472 385 962
3 833 962 472
3 21 810 682
3 1057 810 21
3 682 1057 810
3 294 21 810
3 682 294 810
3 810 1166 953
3 953 810 21
3 1166 21 810
3 21 1166 953
3 767 810 953
3 810 767 1166
3 294 953 810
3 810 294 767
3 810 456 1166
3 456 21 1166
3 456 21 810
3 456 1166 1155
3 1155 810 1166
3 456 810 1155
3 602 162 661
3 162 80 602
3 602 661 80
3 602 162 741
3 741 602 661
3 490 351 934
3 490 637 934
3 637 490 351
3 862 123 514
3 862 568 123
3 514 862 568
3 123 568 514
3 123 400 862
3 862 400 514
3 123 514 400
3 862 568 400
3 400 123 568
3 123 18 1026
3 974 123 1026
3 18 974 123
3 1026 18 974
3 568 123 1026
3 123 18 568
3 568 18 1026
3 568 123 974
3 974 568 1026
3 577 1057 737
3 737 577 677
3 677 1057 737
3 677 577 1057
3 677 447 1057
3 682 447 1057
3 677 447 682
3 682 677 1057
3 838 104 407
3 407 104 1029
3 838 104 1029
3 407 1029 838
3 934 60 989
3 989 680 934
3 680 60 934
3 680 60 989
3 490 60 351
3 490 60 668
3 351 668 490
3 351 60 668
3 60 989 351
3 490 351 989
3 490 60 989
3 934 351 989
3 60 934 351
3 283 234 913
3 913 99 283
3 234 99 283
3 234 99 913
3 1022 913 34
3 1022 913 969
3 34 969 913
3 1022 34 969
3 34 969 407
3 407 34 1029
3 407 1029 969
3 1029 969 34
3 891 34 969
3 891 407 34
3 891 407 969
3 891 34 577
3 34 969 577
3 645 510 830
3 819 510 645
3 645 830 819
3 819 510 830
3 830 234 1029
3 234 830 407
3 830 407 1029
3 1029 234 407
3 1029 234 645
3 645 234 830
3 645 830 1029
3 830 407 913
3 830 34 913
3 407 34 830
3 407 913 34
3 234 913 830
3 407 234 913
3 830 34 234
3 234 34 913
3 830 34 1029
3 444 260 1131
3 1131 833 444
3 444 260 833
3 444 327 260
3 260 1131 327
3 444 327 1131
3 444 833 723
3 444 472 723
3 472 833 723
3 472 444 833
3 609 296 333
3 259 609 296
3 259 333 296
3 333 259 609
3 429 955 609
3 609 296 955
3 609 296 429
3 429 259 609
3 429 259 955
3 955 609 259
3 429 259 650
3 609 259 650
3 609 429 650
3 550 275 938
3 938 275 793
3 793 550 275
3 275 902 550
3 938 902 275
3 550 902 938
3 140 370 703
3 703 627 140
3 703 627 370
3 370 140 627
3 703 140 779
3 703 370 779
3 140 779 370
3 703 627 779
3 140 779 627
3 894 779 703
3 703 370 894
3 370 894 779
3 12 894 779
3 779 12 703
3 12 703 894
3 370 894 627
3 703 627 894
3 400 776 568
3 568 400 1026
3 568 1026 776
3 1026 776 400
3 776 400 862
3 862 568 776
3 1037 323 776
3 911 323 776
3 911 323 1037
3 1037 776 911
3 400 323 776
3 400 323 1037
3 1037 400 776
3 911 400 776
3 776 514 862
3 400 776 514
3 96 892 776
3 776 96 911
3 892 776 911
3 96 911 892
3 96 929 776
3 929 776 892
3 892 96 929
3 911 776 929
3 96 929 911
3 911 216 776
3 216 892 776
3 776 216 400
3 216 929 776
3 720 140 561
3 720 18 561
3 18 561 140
3 720 561 779
3 140 779 561
3 561 862 568
3 568 561 18
3 862 18 561
3 18 862 568
3 514 561 568
3 561 514 862
3 18 680 561
3 561 953 680
3 953 18 561
3 561 720 680
3 953 561 720
3 18 974 561
3 637 18 974
3 637 561 974
3 637 561 18
3 123 568 561
3 123 18 561
3 561 123 514
3 974 123 561
3 619 96 528
3 619 96 564
3 564 528 619
3 619 520 929
3 619 96 929
3 520 96 619
3 520 929 96
3 528 929 619
3 619 520 528
3 528 520 929
3 528 198 619
3 217 198 619
3 619 217 528
3 619 564 865
3 865 564 248
3 248 619 865
3 619 248 564
3 540 514 123
3 431 123 514
3 431 123 540
3 431 540 514
3 540 74 844
3 540 74 431
3 844 74 431
3 844 431 540
3 123 74 514
3 514 74 540
3 540 74 123
3 432 159 785
3 785 159 845
3 432 785 845
3 541 159 785
3 788 541 785
3 159 785 788
3 432 785 541
3 788 432 785
3 911 315 1037
3 1037 96 911
3 315 96 911
3 315 96 1037
3 315 1037 323
3 315 911 323
3 590 341 1037
3 315 1037 341
3 590 315 1037
3 590 341 315
3 400 315 323
3 400 315 709
3 323 709 400
3 323 315 709
3 400 315 1037
3 341 315 1163
3 894 315 1163
3 341 315 894
3 894 341 1163
3 471 693 928
3 928 471 573
3 573 928 693
3 471 573 693
3 832 530 1144
3 530 318 1144
3 832 318 1144
3 530 40 1144
3 530 1144 924
3 1144 924 40
3 1144 40 832
3 1144 374 530
3 374 924 1144
3 374 530 924
3 1080 1008 818
3 1080 1008 326
3 326 818 1080
3 818 326 1008
3 910 42 775
3 891 775 910
3 42 891 775
3 891 42 910
3 910 42 419
3 910 419 775
3 775 42 419
3 822 419 775
3 775 357 822
3 419 357 775
3 419 357 822
3 10 891 775
3 775 10 910
3 10 910 891
3 706 242 549
3 242 692 706
3 549 706 692
3 242 549 692
3 336 104 407
3 336 104 838
3 838 407 336
3 891 407 336
3 891 336 577
3 891 407 577
3 336 577 407
3 891 34 336
3 336 34 407
3 577 34 336
3 755 336 1029
3 336 104 1029
3 336 104 755
3 755 1029 104
3 407 336 1029
3 407 336 755
3 755 407 1029
3 1057 336 577
3 737 577 336
3 336 1057 737
3 682 577 1057
3 682 336 1057
3 577 336 682
3 893 35 86
3 893 115 86
3 893 115 35
3 86 35 115
3 893 86 1089
3 893 35 1089
3 1089 35 86
3 893 115 1089
3 86 1089 115
3 86 1089 740
3 1136 86 1089
3 86 1136 740
3 155 86 740
3 155 86 883
3 740 155 883
3 740 86 883
3 155 86 1089
3 1185 11 927
3 1054 927 11
3 927 1185 1054
3 11 1185 1054
3 118 11 927
3 118 11 1185
3 1054 512 72
3 1054 512 1101
3 72 1101 512
3 1054 72 1101
3 218 72 512
3 218 1054 512
3 512 72 660
3 512 218 660
3 270 72 512
3 270 167 512
3 167 512 72
3 512 270 660
3 660 167 512
3 579 512 660
3 660 397 512
3 579 397 512
3 512 155 579
3 512 155 660
3 243 274 926
3 926 404 274
3 274 243 404
3 926 274 781
3 243 781 274
3 1082 1052 897
3 897 1140 1082
3 1140 897 1052
3 897 77 1155
3 1155 77 408
3 897 408 1155
3 897 77 408
3 1155 77 1052
3 897 77 1052
3 1155 1052 897
3 80 580 1120
3 1120 661 580
3 580 80 661
3 1120 580 1140
3 80 1140 580
3 830 34 463
3 463 34 1022
3 463 1022 830
3 830 34 1022
3 463 34 234
3 463 234 830
3 886 440 463
3 886 440 1022
3 463 1022 886
3 463 440 1022
3 463 34 913
3 234 913 463
3 463 1022 913
3 645 463 830
3 830 645 1022
3 463 1022 645
3 1071 989 478
3 478 199 989
3 199 1071 989
3 478 199 1071
3 38 1071 989
3 989 38 478
3 38 478 1071
3 478 60 989
3 60 199 478
3 60 989 199
3 1052 478 38
3 1082 38 478
3 478 1082 1052
3 38 1082 1052
3 478 38 897
3 897 38 1052
3 1052 478 897
3 897 77 38
3 38 478 77
3 897 77 478
3 781 679 1046
3 1046 243 781
3 679 243 781
3 679 243 1046
3 1160 1046 679
3 679 781 1160
3 1185 228 778
3 927 228 778
3 1185 778 927
3 121 778 228
3 1185 121 778
3 927 121 778
3 679 121 1046
3 121 778 679
3 1046 778 121
3 679 1046 778
3 893 778 927
3 11 893 778
3 778 11 927
3 11 927 893
3 927 468 778
3 468 893 778
3 121 778 468
3 1130 474 823
3 1079 474 823
3 1130 474 1079
3 1079 823 1130
3 437 128 790
3 128 790 729
3 729 437 790
3 1144 554 832
3 1144 554 1
3 554 1 832
3 832 1 1144
3 1020 554 1144
3 1020 832 1144
3 1020 554 832
3 276 591 924
3 924 854 591
3 591 276 854
3 924 591 805
3 276 805 591
3 436 163 1191
3 1191 347 436
3 347 163 436
3 347 163 1191
3 655 293 1135
3 293 266 1135
3 293 266 655
3 1069 376 698
3 334 376 1069
3 1069 334 698
3 334 698 376
3 528 280 1030
3 750 280 1030
3 750 528 1030
3 280 217 1030
3 1030 528 217
3 280 217 750
3 750 217 1030
3 217 1030 698
3 698 217 1069
3 1030 698 1069
3 217 1069 1030
3 838 336 873
3 336 838 577
3 873 577 336
3 873 577 838
3 733 453 838
3 838 453 873
3 733 453 873
3 873 733 838
3 838 104 873
3 336 104 873
3 104 1029 873
3 1029 873 838
3 669 873 1029
3 104 1029 669
3 873 104 669
3 811 782 297
3 675 811 782
3 297 782 675
3 811 297 675
3 931 345 895
3 101 931 345
3 895 101 931
3 931 593 895
3 931 345 593
3 481 345 931
3 101 931 481
3 982 48 920
3 1099 48 920
3 982 48 1099
3 1099 920 982
3 920 850 273
3 920 273 982
3 273 982 850
3 920 850 982
3 273 982 749
3 925 749 273
3 925 273 982
3 925 749 982
3 192 439 252
3 439 252 905
3 192 905 439
3 252 192 905
3 749 273 1096
3 749 84 1096
3 273 84 1096
3 1096 982 273
3 749 1096 982
3 605 214 749
3 749 214 1096
3 605 214 1096
3 1096 605 749
3 1072 749 1096
3 1096 139 1072
3 749 139 1072
3 749 139 1096
3 1072 754 382
3 84 382 1072
3 1072 754 84
3 382 84 754
3 273 136 754
3 273 84 754
3 136 84 273
3 136 754 84
3 754 273 850
3 273 136 850
3 850 136 754
3 754 84 850
3 749 84 754
3 754 749 850
3 749 1096 754
3 1096 754 84
3 1072 754 1096
3 749 1072 754
3 118 37 1185
3 118 37 121
3 121 37 1185
3 37 926 118
3 1185 926 37
3 118 1185 926
3 121 37 1160
3 37 1160 118
3 121 37 679
3 679 37 1046
3 121 37 1046
3 679 37 228
3 121 37 228
3 228 679 121
3 228 37 1160
3 679 37 1160
3 228 1160 679
3 37 1160 1046
3 37 1160 926
3 1046 37 926
3 37 1160 781
3 781 37 926
3 489 454 998
3 257 998 454
3 489 257 998
3 1193 454 998
3 489 998 1193
3 1193 257 998
3 489 242 998
3 998 242 257
3 489 998 549
3 998 549 242
3 533 549 998
3 489 998 533
3 549 489 533
3 664 357 998
3 664 257 998
3 257 998 357
3 311 998 357
3 357 311 664
3 311 664 998
3 535 655 578
3 267 655 578
3 267 535 578
3 535 267 655
3 578 535 150
3 150 655 578
3 1179 1076 89
3 381 1179 1076
3 381 89 1076
3 381 89 1179
3 1076 987 1179
3 987 89 1076
3 89 987 1179
3 1179 987 1126
3 381 1179 987
3 381 1126 987
3 1126 381 1179
3 3 1126 987
3 1179 3 1126
3 3 1179 987
3 587 1076 1179
3 1179 987 587
3 1076 587 987
3 381 1179 587
3 1076 381 587
3 987 381 587
3 920 850 587
3 920 587 381
3 850 381 587
3 381 850 920
3 273 587 920
3 587 273 850
3 381 48 587
3 48 1038 381
3 1038 587 381
3 48 1038 587
3 920 587 982
3 273 982 587
3 587 381 982
3 982 381 920
3 1126 987 587
3 381 587 1126
3 587 3 987
3 587 3 1126
3 754 587 850
3 754 381 850
3 587 381 754
3 381 48 982
3 982 48 587
3 982 32 920
3 982 48 32
3 32 920 48
3 32 381 982
3 32 920 381
3 381 32 48
3 48 32 467
3 267 32 467
3 267 48 32
3 1099 48 32
3 1099 32 920
3 48 32 1038
3 467 32 1038
3 655 134 1056
3 535 134 1056
3 535 1056 655
3 266 134 1056
3 655 266 1056
3 535 266 1056
3 1056 1031 3
3 1056 1031 1126
3 3 1126 1031
3 1056 3 1126
3 266 3 1031
3 266 3 1056
3 266 1056 1031
3 150 489 1056
3 1056 150 535
3 1056 489 535
3 150 535 489
3 150 1193 1056
3 489 1193 1056
3 489 150 1193
3 1193 1056 535
3 150 1193 535
3 533 489 1056
3 533 1193 1056
3 535 533 1056
3 266 1056 533
3 858 232 1118
3 232 185 1118
3 1118 185 858
3 858 232 185
3 549 1182 1119
3 1119 706 549
3 1119 706 1182
3 1182 549 706
3 242 1119 549
3 1182 1119 242
3 1182 242 549
3 242 1119 706
3 692 1119 706
3 692 242 1119
3 242 11 454
3 242 11 1119
3 454 11 1119
3 454 1119 242
3 266 3 966
3 966 3 1031
3 1031 266 966
3 1134 610 260
3 430 260 610
3 430 260 1134
3 430 1134 610
3 1134 610 1131
3 260 1131 610
3 1134 260 1131
3 714 549 858
3 706 549 858
3 706 714 858
3 549 706 714
3 998 714 533
3 998 714 549
3 549 533 714
3 489 998 714
3 714 489 533
3 714 242 549
3 242 714 998
3 643 238 889
3 348 238 889
3 348 238 643
3 643 348 889
3 177 25 557
3 177 25 958
3 25 958 557
3 557 25 890
3 177 25 890
3 25 1121 557
3 25 1121 890
3 1121 890 557
3 1023 557 25
3 1023 25 1121
3 1023 557 1121
3 398 25 122
3 177 25 122
3 177 25 398
3 398 122 177
3 122 25 958
3 398 25 958
3 122 958 398
3 61 29 408
3 61 29 1155
3 408 61 1155
3 408 29 1155
3 201 673 408
3 408 201 1155
3 408 1155 673
3 1155 673 201
3 673 201 1168
3 1168 408 673
3 1015 673 201
3 1015 673 1168
3 880 447 1057
3 677 447 880
3 677 1057 880
3 682 447 880
3 880 682 1057
3 228 183 1160
3 468 183 228
3 468 183 1160
3 1160 233 183
3 228 183 233
3 228 1160 233
3 183 921 233
3 1160 233 921
3 1160 183 921
3 893 1136 1039
3 893 1089 1039
3 1089 1039 1136
3 1136 893 1089
3 468 1039 893
3 1136 1039 468
3 1136 468 893
3 1089 1039 468
3 1089 468 893
3 228 183 1039
3 233 183 1039
3 233 228 1039
3 468 183 1039
3 1039 228 468
3 233 183 468
3 468 233 1039
3 520 337 849
3 1041 337 849
3 1041 520 849
3 593 337 849
3 520 337 593
3 593 520 849
3 593 1041 849
3 520 849 528
3 520 198 849
3 528 198 849
3 528 198 520
3 619 520 849
3 619 528 849
3 198 849 208
3 520 208 198
3 520 208 849
3 593 849 798
3 849 798 895
3 593 895 849
3 798 593 895
3 520 96 849
3 911 849 520
3 96 911 849
3 619 96 849
3 776 514 762
3 762 514 862
3 762 862 776
3 762 561 862
3 762 18 862
3 561 18 762
3 754 368 382
3 1072 382 368
3 368 754 1072
3 1178 368 382
3 368 905 1178
3 368 382 905
3 1178 777 368
3 382 1178 777
3 368 777 382
3 905 368 777
3 754 382 850
3 850 368 754
3 382 368 850
3 931 895 963
3 931 753 963
3 895 753 931
3 895 753 963
3 963 593 931
3 895 593 963
3 931 139 963
3 139 1072 963
3 139 1072 931
3 963 931 1072
3 473 101 963
3 931 101 963
3 931 473 963
3 473 101 931
3 895 753 182
3 182 208 895
3 208 182 753
3 963 182 931
3 182 139 963
3 182 139 931
3 753 182 963
3 931 753 182
3 792 1187 1027
3 125 1027 792
3 1187 1027 125
3 1187 125 792
3 435 125 354
3 435 125 686
3 354 686 435
3 354 125 686
3 125 792 354
3 435 125 792
3 146 125 792
3 125 146 354
3 536 1167 938
3 495 938 1167
3 1167 495 536
3 495 536 938
3 536 534 1167
3 536 534 683
3 683 536 1167
3 1167 534 683
3 1167 938 534
3 536 534 938
3 1015 683 1167
3 1167 61 1015
3 683 61 1015
3 683 61 1167
3 137 26 433
3 137 26 997
3 433 137 997
3 137 26 399
3 399 433 137
3 399 137 1196
3 137 26 1196
3 1100 433 363
3 137 363 1100
3 1100 433 137
3 363 137 433
3 713 560 723
3 713 560 417
3 723 417 560
3 560 1131 833
3 833 723 560
3 1131 560 723
3 444 833 560
3 1131 444 560
3 723 444 560
3 723 472 560
3 444 560 472
3 713 560 734
3 723 560 734
3 1024 76 26
3 1024 26 417
3 417 76 1024
3 417 26 76
3 26 940 76
3 76 26 438
3 940 438 76
3 26 940 438
3 940 26 1024
3 1024 76 940
3 76 26 137
3 137 76 438
3 137 26 438
3 137 76 997
3 76 997 26
3 137 76 433
3 433 76 997
3 76 438 433
3 438 433 137
3 1100 76 438
3 438 8 1100
3 76 8 1100
3 76 8 438
3 1100 433 438
3 76 1100 433
3 968 17 1064
3 1064 17 752
3 968 752 1064
3 968 17 752
3 1064 17 1196
3 1196 1064 968
3 399 17 1064
3 752 399 17
3 752 399 1064
3 1064 399 1196
3 968 1064 1014
3 106 1064 1014
3 106 968 1014
3 968 106 1064
3 1024 26 943
3 1024 417 943
3 943 26 417
3 943 940 1024
3 943 940 26
3 88 940 943
3 943 88 1024
3 88 1024 940
3 417 76 943
3 1024 76 943
3 1146 76 943
3 417 76 1146
3 1146 417 943
3 1024 76 1146
3 1146 943 1024
3 943 734 713
3 604 943 734
3 734 604 713
3 604 713 943
3 713 417 943
3 417 943 734
3 417 943 560
3 444 417 560
3 560 444 943
3 417 943 444
3 713 560 943
3 1005 997 1196
3 940 1005 997
3 1196 940 1005
3 1005 399 1196
3 399 1005 997
3 1005 997 26
3 1005 26 940
3 154 84 430
3 154 136 430
3 154 136 84
3 430 84 136
3 430 154 1134
3 154 84 1134
3 1134 84 430
3 154 136 1134
3 154 136 997
3 154 1134 997
3 433 154 997
3 154 997 196
3 433 196 154
3 433 196 997
3 154 136 433
3 1005 997 154
3 196 154 1005
3 196 997 1005
3 26 154 1005
3 154 26 997
3 1005 154 940
3 26 940 154
3 940 196 154
3 940 196 1005
3 247 154 196
3 940 247 196
3 154 247 940
3 247 196 996
3 996 154 247
3 196 154 996
3 154 1134 700
3 154 84 700
3 1134 700 84
3 196 700 1134
3 154 1134 196
3 700 154 196
3 84 700 136
3 154 136 700
3 1072 382 700
3 1072 84 700
3 84 700 382
3 700 368 1072
3 382 368 700
3 139 368 700
3 700 139 1072
3 139 1072 368
3 84 754 700
3 700 1072 754
3 700 1096 754
3 1096 84 700
3 1096 700 1072
3 1134 1002 196
3 1134 1002 700
3 700 196 1002
3 154 1134 1002
3 1002 154 196
3 1002 84 700
3 84 1002 1134
3 380 227 88
3 380 227 174
3 380 88 174
3 174 88 227
3 380 88 1024
3 88 1024 227
3 380 227 1024
3 825 107 1009
3 825 401 1009
3 825 107 401
3 1009 107 401
3 720 953 764
3 764 447 720
3 764 447 953
3 779 561 764
3 720 561 764
3 779 720 764
3 764 720 1166
3 764 953 1166
3 767 764 1166
3 456 764 767
3 767 456 1166
3 456 1166 764
3 767 764 720
3 435 28 1180
3 167 28 1180
3 167 28 435
3 1000 294 812
3 812 767 1000
3 767 294 1000
3 883 812 1000
3 883 656 1000
3 1000 656 812
3 671 282 1037
3 1001 282 1037
3 282 671 1001
3 1037 282 911
3 96 911 282
3 96 1037 282
3 911 282 590
3 590 282 671
3 671 282 911
3 590 671 911
3 1037 282 590
3 911 590 1037
3 671 96 282
3 282 671 337
3 282 96 337
3 520 282 337
3 282 671 520
3 282 710 520
3 282 337 710
3 710 282 671
3 297 783 675
3 783 297 881
3 881 675 783
3 881 675 297
3 1001 783 297
3 675 297 1001
3 675 783 1001
3 1001 783 302
3 1001 297 302
3 302 297 783
3 390 297 783
3 783 390 881
3 390 297 881
3 390 297 782
3 783 390 782
3 297 782 783
3 337 302 783
3 337 302 881
3 783 302 881
3 783 337 881
3 337 282 783
3 282 337 302
3 783 282 302
3 282 1001 337
3 282 1001 783
3 337 1001 783
3 881 498 678
3 783 678 881
3 783 498 881
3 678 498 783
3 562 502 863
3 863 127 562
3 502 127 562
3 502 127 863
3 863 401 788
3 124 401 863
3 863 124 788
3 124 788 401
3 863 788 1009
3 502 1009 788
3 788 502 863
3 502 863 1009
3 401 1009 788
3 863 401 1009
3 54 558 502
3 502 54 863
3 863 558 54
3 502 863 558
3 1034 57 552
3 675 57 1034
3 675 57 552
3 552 220 57
3 57 1112 220
3 552 57 1112
3 220 57 1034
3 57 54 1112
3 57 1112 219
3 57 54 219
3 496 220 57
3 496 57 1112
3 874 808 879
3 808 109 874
3 879 874 109
3 109 808 879
3 843 20 874
3 109 20 874
3 109 20 843
3 843 109 874
3 370 110 1156
3 370 1156 1137
3 1156 1137 110
3 370 168 1156
3 1156 110 168
3 894 1137 1156
3 894 1163 1156
3 1137 1163 1156
3 1137 894 1163
3 370 1156 894
3 1137 370 894
3 1163 1156 370
3 1163 370 894
3 110 1163 1156
3 370 186 1156
3 168 1156 186
3 627 186 1156
3 370 186 627
3 370 627 1156
3 627 186 168
3 627 168 1156
3 1137 552 1016
3 158 1016 552
3 1137 158 1016
3 1163 552 1016
3 1163 1016 1137
3 1163 158 1016
3 1137 496 1016
3 158 1016 496
3 1016 843 1137
3 110 1137 843
3 1016 843 110
3 1016 110 1137
3 538 163 553
3 553 538 657
3 538 163 657
3 553 163 657
3 553 158 657
3 158 1016 553
3 158 1016 657
3 1016 657 553
3 879 808 1169
3 879 874 1169
3 874 1169 808
3 1026 745 637
3 1026 745 70
3 637 70 745
3 986 745 974
3 1026 745 974
3 1026 745 986
3 986 974 1026
3 637 974 745
3 986 745 637
3 986 637 974
3 813 615 47
3 813 47 1194
3 813 615 1194
3 47 1194 615
3 351 637 358
3 637 358 745
3 358 351 745
3 745 351 637
3 358 351 668
3 637 358 668
3 1142 996 71
3 617 71 1142
3 617 1142 996
3 898 214 617
3 898 617 1142
3 898 214 1142
3 1142 214 617
3 47 264 813
3 813 615 264
3 264 47 615
3 813 264 1194
3 47 1194 264
3 1109 649 575
3 264 575 1109
3 1109 649 264
3 575 264 649
3 1052 744 1120
3 1140 744 1120
3 1140 744 1052
3 1120 1052 1140
3 161 1120 744
3 1052 744 161
3 1052 161 1120
3 1140 744 161
3 1140 161 1120
3 1049 961 91
3 1049 91 983
3 1049 961 983
3 91 983 961
3 771 696 1010
3 1010 771 41
3 696 41 771
3 41 696 1010
3 474 41 525
3 41 771 525
3 41 771 474
3 525 474 771
3 681 41 1062
3 681 41 229
3 229 41 1062
3 229 1062 681
3 253 164 1124
3 1124 164 1074
3 253 1074 1124
3 1124 164 487
3 487 253 1124
3 253 164 487
3 636 164 1124
3 1124 636 1074
3 636 487 1124
3 164 636 487
3 565 1190 1124
3 1124 662 565
3 1124 662 1190
3 1190 565 662
3 572 347 1124
3 487 347 1124
3 487 347 572
3 572 487 1124
3 627 140 1161
3 140 38 1161
3 627 38 1161
3 140 77 1161
3 140 77 627
3 627 77 1161
3 77 38 140
3 38 1161 77
3 1161 989 1071
3 38 1161 989
3 1071 38 1161
3 1161 199 1071
3 1071 627 1161
3 627 199 1161
3 627 199 1071
3 199 1161 989
3 1161 168 627
3 1071 168 1161
3 1071 168 627
3 627 186 1161
3 186 168 1161
3 1161 989 934
3 1161 934 680
3 680 989 1161
3 478 934 1161
3 1161 989 478
3 934 478 989
3 38 1161 478
3 38 1161 934
3 934 38 478
3 680 38 1161
3 627 1161 680
3 627 370 1161
3 627 1161 894
3 1161 894 370
3 370 186 1161
3 408 387 1155
3 387 201 408
3 387 201 1155
3 387 77 1155
3 387 77 1052
3 1155 387 1052
3 408 387 77
3 387 1052 744
3 387 161 1052
3 387 161 744
3 897 387 1052
3 897 38 387
3 1052 38 387
3 387 77 897
3 387 38 77
3 1140 387 1052
3 387 80 1052
3 387 80 1140
3 387 1140 744
3 1097 469 1073
3 1073 404 1097
3 469 404 1097
3 469 404 1073
3 243 148 781
3 900 148 243
3 900 148 781
3 1022 741 156
3 1022 741 162
3 1022 156 162
3 162 156 741
3 681 258 769
3 648 769 681
3 769 258 648
3 648 258 681
3 41 1062 648
3 681 41 648
3 681 648 1062
3 1062 648 771
3 41 1062 771
3 648 41 771
3 636 423 1074
3 1074 102 636
3 423 102 1074
3 423 102 636
3 1074 360 423
3 636 360 1074
3 423 360 636
3 860 360 1097
3 708 360 1097
3 708 860 1097
3 360 708 860
3 860 360 900
3 900 860 1097
3 1097 360 900
3 360 860 423
3 900 423 360
3 900 423 860
3 360 708 469
3 1073 360 469
3 708 360 1073
3 708 469 1073
3 423 469 708
3 360 708 423
3 469 360 423
3 1097 360 1073
3 1097 360 469
3 575 1083 631
3 143 631 575
3 1083 631 143
3 1083 143 575
3 1109 575 143
3 649 143 575
3 143 649 1109
3 109 874 143
3 143 109 575
3 874 575 143
3 109 874 575
3 380 174 1176
3 174 1176 227
3 380 227 1176
3 380 88 1176
3 380 1176 1024
3 1176 1024 88
3 1176 88 174
3 689 1024 1176
3 1176 1146 689
3 1176 1146 1024
3 1024 689 1146
3 380 1176 689
3 1024 380 689
3 380 1176 1146
3 1146 380 689
3 1146 88 1024
3 88 1146 1176
3 224 1199 403
3 1090 224 1199
3 1090 403 1199
3 224 1090 403
3 224 200 1199
3 1199 403 200
3 224 1199 429
3 429 122 1199
3 224 122 1199
3 276 170 854
3 276 170 933
3 854 276 933
3 854 170 933
3 632 402 1084
3 322 1084 402
3 632 402 322
3 632 322 1084
3 599 402 1084
3 599 402 632
3 632 1084 599
3 599 402 322
3 599 322 1084
3 402 322 403
3 632 402 403
3 402 322 1146
3 403 402 1146
3 599 402 403
3 76 417 402
3 417 402 438
3 76 438 417
3 402 76 438
3 1146 76 402
3 417 402 1146
3 1024 402 1146
3 1024 76 402
3 402 322 689
3 689 402 1146
3 402 88 1024
3 402 88 1146
3 200 83 632
3 200 83 224
3 224 632 83
3 83 224 153
3 83 1050 224
3 153 83 1050
3 224 153 1050
3 153 83 429
3 429 83 224
3 984 83 1050
3 984 632 83
3 984 632 1050
3 83 1050 632
3 83 599 984
3 83 1050 599
3 599 83 632
3 200 83 403
3 403 83 632
3 224 83 1199
3 224 1199 1050
3 1199 1050 83
3 200 83 1199
3 153 83 955
3 83 1050 955
3 955 83 429
3 569 83 1050
3 1050 395 569
3 395 83 569
3 395 83 1050
3 83 569 955
3 372 466 1050
3 1050 372 984
3 372 984 466
3 372 181 395
3 372 181 410
3 395 372 410
3 395 410 181
3 395 181 569
3 395 372 569
3 372 181 569
3 844 235 1030
3 235 844 750
3 1030 235 750
3 844 750 1030
3 969 237 99
3 969 99 602
3 602 237 969
3 602 99 237
3 99 283 237
3 237 99 1082
3 1082 283 99
3 237 1082 283
3 283 99 969
3 969 237 283
3 99 60 237
3 237 60 1082
3 99 60 1082
3 478 237 1082
3 237 38 1082
3 237 38 478
3 181 867 395
3 181 157 867
3 395 157 181
3 395 157 867
3 867 569 395
3 181 867 569
3 1023 25 416
3 1023 557 416
3 416 25 557
3 262 257 936
3 454 257 936
3 454 262 936
3 936 121 778
3 778 454 936
3 454 121 778
3 454 121 936
3 454 242 936
3 454 936 549
3 936 549 242
3 454 11 936
3 242 11 936
3 1148 508 65
3 1148 508 68
3 1148 65 68
3 68 65 508
3 766 65 1148
3 65 766 508
3 1148 508 766
3 513 463 886
3 513 463 510
3 510 463 886
3 510 886 513
3 440 513 463
3 513 440 886
3 419 775 513
3 822 513 775
3 419 822 513
3 716 419 513
3 716 419 440
3 716 440 513
3 513 419 440
3 716 419 775
3 716 513 775
3 68 582 510
3 510 68 886
3 886 582 68
3 510 886 582
3 819 510 68
3 582 68 819
3 819 510 582
3 1148 68 582
3 1148 508 582
3 68 582 508
3 65 766 582
3 882 65 766
3 882 582 766
3 65 882 582
3 1148 65 582
3 582 65 68
3 766 582 1148
3 194 35 1025
3 194 1025 419
3 419 35 194
3 419 35 1025
3 194 1025 916
3 1025 916 35
3 194 35 916
3 973 440 194
3 973 194 1025
3 973 440 1025
3 194 1025 440
3 419 194 716
3 440 194 716
3 419 440 194
3 985 194 1025
3 985 916 1025
3 194 985 916
3 419 194 775
3 1025 775 419
3 194 1025 775
3 716 194 775
3 716 194 513
3 440 194 513
3 104 755 690
3 104 755 669
3 669 104 690
3 669 755 690
3 714 549 836
3 836 242 714
3 549 242 836
3 533 532 714
3 533 532 836
3 714 533 836
3 714 532 836
3 836 714 858
3 858 549 836
3 641 755 690
3 690 104 641
3 641 104 755
3 641 10 357
3 641 10 755
3 357 10 755
3 755 357 641
3 357 10 822
3 357 822 641
3 641 10 822
3 484 472 833
3 833 385 484
3 472 385 484
3 444 260 484
3 484 444 833
3 833 260 484
3 444 327 484
3 484 260 327
3 444 327 833
3 484 327 833
3 333 609 362
3 333 296 362
3 609 296 362
3 609 333 650
3 650 362 609
3 650 362 333
3 333 629 362
3 362 915 629
3 915 629 333
3 915 333 362
3 362 669 629
3 669 629 333
3 669 333 362
3 669 629 915
3 915 362 669
3 669 362 1029
3 873 362 1029
3 873 669 362
3 104 1029 362
3 362 104 669
3 838 362 873
3 873 333 362
3 362 333 838
3 838 333 873
3 1029 362 838
3 275 12 853
3 902 12 853
3 275 12 902
3 902 853 275
3 853 341 1037
3 590 341 853
3 590 853 1037
3 853 341 315
3 853 315 1037
3 1183 853 275
3 275 853 550
3 550 1183 853
3 1183 275 550
3 816 431 972
3 540 431 972
3 540 816 972
3 431 540 816
3 972 123 974
3 123 70 972
3 974 972 70
3 70 123 974
3 568 972 974
3 123 568 972
3 972 816 157
3 431 157 816
3 157 431 972
3 123 972 514
3 514 70 123
3 514 70 972
3 123 972 431
3 972 431 514
3 972 70 1026
3 70 972 745
3 1026 745 972
3 974 972 1026
3 568 1026 972
3 431 123 359
3 431 359 540
3 540 123 359
3 359 972 431
3 359 123 972
3 359 972 540
3 359 869 540
3 616 359 869
3 616 540 359
3 616 540 869
3 359 157 972
3 359 70 972
3 70 157 359
3 70 972 157
3 359 972 816
3 359 157 816
3 816 359 540
3 766 262 872
3 882 262 872
3 766 262 882
3 766 872 882
3 180 41 681
3 180 41 229
3 681 229 180
3 681 65 180
3 180 1088 681
3 180 65 1088
3 681 65 1088
3 681 65 258
3 180 65 258
3 258 180 681
3 648 180 681
3 180 1088 648
3 681 648 1088
3 180 41 648
3 474 229 180
3 229 180 525
3 525 180 474
3 474 229 525
3 474 229 1088
3 180 1088 229
3 474 180 1088
3 525 180 1062
3 180 41 1062
3 180 41 525
3 525 1062 41
3 229 180 1062
3 525 229 1062
3 180 41 474
3 928 851 471
3 928 851 693
3 693 471 851
3 928 851 1080
3 318 1080 851
3 318 928 851
3 573 1080 851
3 471 851 573
3 1080 851 471
3 1080 471 573
3 573 928 851
3 1080 573 928
3 471 318 851
3 711 471 851
3 851 318 711
3 711 40 851
3 471 40 851
3 1075 40 851
3 1075 711 851
3 1075 851 471
3 932 636 1074
3 102 932 636
3 932 102 1074
3 636 573 932
3 932 573 1074
3 932 636 928
3 928 573 932
3 573 928 636
3 102 932 928
3 636 102 928
3 573 102 928
3 102 932 573
3 889 1 1102
3 889 730 1102
3 1 1102 730
3 1 889 730
3 1102 348 889
3 348 1 889
3 348 1 1102
3 1 1102 554
3 1020 554 1102
3 1020 554 1
3 1020 1 1102
3 1144 554 1102
3 1144 1 1102
3 1020 1102 1144
3 530 1020 1172
3 374 1172 530
3 374 1172 1020
3 1020 374 530
3 1172 1144 530
3 1172 1144 1020
3 1020 530 1144
3 374 1172 1144
3 924 1172 1144
3 924 374 1172
3 1172 40 924
3 924 170 1172
3 170 40 924
3 170 40 1172
3 40 1172 1144
3 924 854 1172
3 170 1172 854
3 170 924 854
3 805 1172 854
3 1172 805 924
3 1172 854 276
3 1172 276 805
3 276 170 1172
3 729 727 303
3 727 437 729
3 437 303 727
3 303 437 729
3 729 727 1079
3 1079 303 729
3 727 303 1079
3 885 437 584
3 885 727 584
3 885 727 437
3 584 437 727
3 823 13 239
3 823 239 1130
3 823 13 1130
3 1130 13 239
3 48 381 239
3 381 239 1179
3 239 48 1179
3 1179 48 381
3 239 48 1038
3 381 239 1038
3 89 1076 239
3 239 89 1130
3 239 1130 1076
3 1130 1076 89
3 381 239 89
3 381 239 1076
3 257 761 664
3 761 664 822
3 822 257 761
3 822 513 761
3 716 513 761
3 716 513 822
3 822 716 761
3 775 513 761
3 775 761 822
3 775 716 761
3 257 998 761
3 761 664 998
3 716 257 761
3 761 716 998
3 257 998 716
3 761 664 357
3 761 357 822
3 891 407 697
3 697 407 755
3 697 891 755
3 891 407 755
3 697 407 577
3 697 577 891
3 641 232 697
3 697 641 755
3 641 232 755
3 755 232 697
3 641 10 697
3 232 10 641
3 232 697 10
3 697 10 755
3 775 697 891
3 775 697 10
3 891 10 697
3 697 104 755
3 697 669 104
3 697 669 755
3 697 407 336
3 697 336 577
3 755 336 697
3 697 42 891
3 755 42 891
3 755 42 697
3 42 697 775
3 336 104 697
3 357 822 697
3 775 697 822
3 357 775 697
3 357 10 697
3 822 697 10
3 697 357 755
3 822 697 910
3 775 697 910
3 775 910 822
3 10 910 697
3 822 10 910
3 453 446 838
3 453 446 733
3 733 838 446
3 446 733 668
3 668 446 737
3 446 737 733
3 733 668 737
3 733 668 712
3 668 446 712
3 712 446 733
3 838 446 873
3 453 446 873
3 1089 268 1136
3 268 86 1136
3 268 86 1089
3 579 397 268
3 268 536 579
3 536 268 397
3 579 268 1136
3 268 1136 397
3 268 1136 536
3 268 183 468
3 468 268 1136
3 268 183 1136
3 468 183 1136
3 233 268 468
3 268 233 183
3 268 1136 1039
3 268 1089 1039
3 468 268 1039
3 233 1039 268
3 660 397 268
3 660 268 1136
3 397 268 512
3 512 268 660
3 512 268 956
3 397 268 956
3 512 397 956
3 183 921 268
3 1136 921 183
3 268 1136 921
3 299 183 921
3 299 183 956
3 299 956 921
3 956 921 183
3 299 268 183
3 299 268 921
3 299 268 512
3 299 268 956
3 512 956 299
3 512 299 660
3 299 268 660
3 299 183 397
3 299 268 397
3 397 183 268
3 397 299 956
3 956 183 397
3 672 11 1054
3 672 11 927
3 672 1054 927
3 672 11 218
3 672 218 1054
3 1054 11 218
3 1073 411 1097
3 1097 411 701
3 1073 411 701
3 1097 701 1073
3 404 1097 411
3 404 1073 411
3 1070 94 183
3 1070 233 183
3 1070 233 94
3 183 94 233
3 1070 183 921
3 1070 94 921
3 921 94 183
3 1070 233 921
3 1070 233 1160
3 1160 921 1070
3 1070 228 1160
3 1160 274 1070
3 274 228 1160
3 274 228 1070
3 228 1070 233
3 1160 781 1070
3 274 1070 781
3 274 1160 781
3 37 1070 781
3 1070 37 1160
3 926 781 1070
3 926 274 1070
3 37 926 1070
3 274 1070 404
3 404 274 1097
3 404 1097 1070
3 1097 1070 274
3 926 404 1070
3 916 230 21
3 916 230 810
3 21 810 230
3 916 21 810
3 42 21 230
3 682 42 230
3 682 230 21
3 602 230 1082
3 237 1082 602
3 602 230 237
3 237 230 1082
3 1140 744 301
3 580 301 1140
3 301 744 580
3 580 744 1140
3 161 301 1140
3 301 161 744
3 661 301 580
3 661 580 741
3 741 301 661
3 580 301 741
3 1140 301 1120
3 161 1120 301
3 1120 580 301
3 301 661 1120
3 295 951 427
3 135 427 295
3 951 427 135
3 951 135 295
3 999 194 513
3 716 194 999
3 999 513 716
3 716 999 936
3 716 999 761
3 761 716 936
3 761 999 936
3 999 778 121
3 999 936 778
3 121 936 999
3 440 194 999
3 999 440 513
3 210 823 474
3 1130 474 210
3 1130 210 823
3 1079 474 210
3 1079 210 823
3 823 48 1038
3 1038 210 823
3 210 48 823
3 210 48 1038
3 832 1 1065
3 554 1 1065
3 832 554 1065
3 1064 375 968
3 752 375 1064
3 752 375 968
3 1014 968 375
3 375 1064 1014
3 1196 925 968
3 375 925 1196
3 1196 375 968
3 375 968 925
3 1148 644 1157
3 1157 644 546
3 546 1148 1157
3 1148 546 644
3 546 231 857
3 546 231 644
3 857 231 644
3 644 857 546
3 644 508 582
3 1148 508 644
3 644 582 1148
3 644 508 68
3 644 68 582
3 718 254 559
3 718 559 730
3 559 254 730
3 730 254 718
3 488 241 559
3 488 241 254
3 488 254 559
3 559 241 254
3 241 806 559
3 488 241 806
3 806 559 488
3 215 546 806
3 215 857 806
3 546 857 806
3 546 215 857
3 1095 519 30
3 1095 519 1014
3 30 1014 519
3 1095 30 1014
3 805 711 545
3 591 545 805
3 545 711 591
3 591 711 805
3 40 545 805
3 545 40 711
3 805 545 924
3 40 924 545
3 924 591 545
3 854 545 591
3 545 854 924
3 854 591 933
3 933 545 854
3 591 545 933
3 711 545 851
3 851 591 711
3 851 591 545
3 545 521 711
3 711 521 851
3 545 521 851
3 545 97 825
3 545 521 97
3 97 825 521
3 545 521 825
3 487 349 1124
3 487 349 636
3 636 349 1124
3 636 349 573
3 573 349 471
3 636 349 471
3 164 636 349
3 164 573 349
3 573 164 636
3 845 159 1007
3 845 541 1007
3 541 159 1007
3 1007 785 159
3 1007 785 845
3 1107 101 481
3 481 1107 1007
3 1007 481 101
3 101 1107 1007
3 249 54 558
3 54 502 249
3 502 249 558
3 249 54 796
3 249 796 558
3 796 558 54
3 907 788 1009
3 502 907 788
3 1009 502 907
3 249 54 907
3 502 249 907
3 907 54 502
3 796 249 907
3 796 54 907
3 502 249 796
3 796 502 907
3 907 401 1009
3 1009 796 907
3 796 401 907
3 796 401 1009
3 401 907 788
3 907 159 863
3 863 788 907
3 907 788 159
3 863 159 788
3 502 907 863
3 907 159 502
3 502 159 863
3 306 305 861
3 306 305 1075
3 861 306 1075
3 861 305 1075
3 163 1191 305
3 436 305 1191
3 163 436 305
3 481 317 1107
3 317 101 1107
3 317 101 481
3 317 1107 1041
3 317 481 1041
3 918 651 450
3 918 651 15
3 15 450 918
3 450 15 651
3 333 108 609
3 609 108 629
3 333 108 629
3 609 629 333
3 609 108 650
3 333 108 650
3 333 828 669
3 669 629 828
3 828 333 629
3 828 669 362
3 333 362 828
3 610 260 1060
3 430 260 1060
3 610 430 1060
3 610 334 1060
3 334 698 610
3 1060 698 334
3 610 1060 698
3 433 67 363
3 363 67 997
3 997 67 433
3 1100 363 67
3 67 433 1100
3 267 67 655
3 67 32 655
3 32 267 67
3 655 32 267
3 655 67 1135
3 267 67 1135
3 655 267 1135
3 67 32 1135
3 1135 32 655
3 67 1135 920
3 363 920 1135
3 67 1135 363
3 920 67 363
3 67 32 920
3 1135 920 32
3 32 920 267
3 267 67 920
3 293 266 179
3 179 917 266
3 293 179 917
3 293 266 917
3 293 266 134
3 134 179 293
3 179 134 266
3 179 3 266
3 179 3 966
3 266 966 179
3 266 179 1056
3 1056 917 179
3 266 1056 917
3 179 3 1056
3 1178 966 179
3 917 1178 966
3 179 966 917
3 1178 179 917
3 1060 179 917
3 917 610 1060
3 610 179 1060
3 610 179 917
3 179 3 1031
3 966 179 1031
3 1030 235 646
3 646 235 844
3 646 844 1030
3 480 1106 646
3 376 1106 646
3 376 480 646
3 480 376 1106
3 646 480 385
3 1106 385 480
3 385 1106 646
3 646 540 844
3 844 74 646
3 540 74 646
3 844 359 540
3 540 359 646
3 646 359 844
3 248 1122 656
3 570 1122 656
3 656 248 570
3 570 248 1122
3 762 248 1122
3 248 74 1122
3 74 1122 762
3 74 248 762
3 564 248 762
3 564 1122 762
3 248 564 1122
3 74 1122 514
3 74 1122 123
3 514 123 1122
3 336 152 446
3 838 152 446
3 838 152 336
3 446 336 838
3 446 152 737
3 336 152 737
3 737 336 446
3 446 838 737
3 737 152 838
3 152 737 577
3 152 737 677
3 577 152 677
3 336 152 577
3 838 152 577
3 1057 737 152
3 152 490 1057
3 1057 737 490
3 490 152 737
3 1057 152 677
3 1057 490 677
3 152 677 490
3 816 677 152
3 880 152 677
3 677 880 816
3 152 880 816
3 216 144 323
3 323 144 1153
3 216 144 1153
3 323 1153 216
3 323 144 709
3 216 144 709
3 297 144 811
3 144 811 390
3 144 390 297
3 390 297 811
3 297 144 782
3 144 811 782
3 709 105 1068
3 986 709 1068
3 105 1068 986
3 105 709 986
3 1068 323 709
3 323 105 709
3 323 105 1068
3 944 251 89
3 944 89 1076
3 944 251 1076
3 89 1076 251
3 51 273 925
3 925 749 51
3 273 51 749
3 214 51 749
3 214 51 605
3 749 605 51
3 214 51 1096
3 749 51 1096
3 1096 551 1072
3 139 1072 551
3 139 1096 551
3 214 1072 551
3 214 1096 551
3 1072 214 1096
3 432 90 881
3 798 90 881
3 881 432 798
3 798 432 90
3 298 247 996
3 996 90 298
3 247 90 298
3 247 90 996
3 432 90 785
3 90 432 298
3 785 298 90
3 785 298 432
3 785 432 881
3 881 90 785
3 678 90 498
3 881 90 678
3 881 90 498
3 90 798 498
3 678 90 798
3 678 498 798
3 298 498 798
3 90 798 298
3 498 90 298
3 1099 48 964
3 982 964 1099
3 982 48 964
3 48 32 964
3 964 32 1099
3 964 32 1038
3 964 48 1038
3 1099 273 982
3 964 273 982
3 964 273 1099
3 467 32 964
3 964 467 1099
3 467 32 1099
3 964 1038 467
3 136 84 1138
3 273 136 1138
3 273 84 1138
3 1138 700 84
3 136 1138 700
3 1138 850 273
3 136 1138 850
3 1138 850 982
3 1138 273 982
3 920 850 1138
3 920 136 1138
3 136 920 850
3 920 982 1138
3 136 1138 430
3 433 430 1138
3 433 136 1138
3 430 363 1138
3 136 430 363
3 363 136 1138
3 1138 433 363
3 920 1138 1135
3 363 1138 1135
3 920 363 1138
3 1138 32 920
3 136 32 920
3 136 32 1138
3 32 1138 1135
3 67 293 1138
3 1138 67 363
3 1138 293 363
3 67 363 293
3 1138 1135 67
3 1138 1135 293
3 293 67 1135
3 286 192 119
3 119 987 192
3 286 119 987
3 286 192 987
3 286 192 439
3 286 119 439
3 439 119 192
3 382 119 754
3 382 119 1178
3 754 119 1178
3 754 1178 382
3 587 3 119
3 587 119 987
3 987 3 119
3 1076 119 987
3 119 89 1076
3 119 89 987
3 192 119 905
3 987 905 192
3 119 987 905
3 192 119 382
3 382 119 905
3 754 119 850
3 382 119 850
3 89 941 944
3 941 251 944
3 941 89 251
3 944 941 1076
3 89 1076 941
3 658 251 1006
3 941 658 1006
3 251 941 658
3 1006 251 941
3 1101 313 439
3 313 439 434
3 1101 434 439
3 313 1101 434
3 439 72 1101
3 313 72 1101
3 313 72 439
3 313 286 439
3 286 192 313
3 313 192 439
3 987 313 944
3 1076 313 944
3 1076 313 987
3 987 944 1076
3 286 944 313
3 987 313 286
3 987 286 944
3 1076 313 286
3 1076 286 944
3 119 987 313
3 119 1076 313
3 286 119 313
3 313 119 439
3 524 51 1096
3 214 51 524
3 524 1096 214
3 524 51 749
3 749 524 1096
3 617 524 898
3 898 524 214
3 617 214 524
3 898 524 1142
3 617 524 1142
3 1006 743 1165
3 1006 743 941
3 1165 743 941
3 1165 941 1006
3 1126 529 1179
3 1126 113 1179
3 1179 113 529
3 1126 113 529
3 381 89 529
3 529 381 1179
3 1179 89 529
3 381 239 529
3 529 89 239
3 529 239 1179
3 823 529 239
3 823 529 13
3 239 13 529
3 529 3 1179
3 529 3 1126
3 823 529 1038
3 48 1038 529
3 48 823 529
3 1038 529 1130
3 823 529 1130
3 823 1038 1130
3 239 1130 529
3 1038 529 239
3 1038 239 1130
3 239 48 529
3 529 48 1179
3 870 310 1180
3 28 1180 310
3 870 310 28
3 870 28 1180
3 179 3 325
3 325 179 1178
3 325 3 1178
3 179 3 1178
3 325 179 1031
3 325 1031 3
3 587 325 3
3 587 325 119
3 119 3 325
3 382 325 1178
3 382 192 325
3 1178 192 325
3 325 119 382
3 325 119 1178
3 119 325 192
3 325 179 966
3 325 1178 966
3 966 325 1031
3 3 1126 325
3 1178 1126 3
3 325 1178 1126
3 587 325 1126
3 850 325 754
3 587 325 850
3 587 325 754
3 325 119 754
3 754 325 1178
3 850 325 119
3 850 325 987
3 587 325 987
3 987 850 587
3 119 987 325
3 850 119 987
3 354 146 622
3 622 146 777
3 622 354 777
3 354 146 777
3 622 146 435
3 622 435 354
3 167 146 622
3 622 167 435
3 777 167 622
3 777 167 146
3 622 208 753
3 622 208 1093
3 753 622 1093
3 753 1093 208
3 905 622 777
3 622 192 905
3 622 192 777
3 905 167 777
3 905 167 622
3 354 686 622
3 622 777 686
3 777 686 354
3 622 208 354
3 622 208 686
3 1044 11 1119
3 242 11 1044
3 1044 242 1119
3 893 115 1044
3 1044 115 1089
3 893 1089 1044
3 1044 115 1119
3 1044 893 1119
3 893 115 1119
3 1044 778 893
3 11 1044 778
3 893 11 1044
3 1119 86 1044
3 692 86 1119
3 1044 692 1119
3 692 86 1044
3 1044 115 86
3 1044 86 1089
3 115 86 1119
3 1044 468 893
3 468 1044 778
3 1119 468 1044
3 893 468 1119
3 927 936 1044
3 927 778 1044
3 936 778 1044
3 778 927 936
3 11 1044 927
3 11 1044 936
3 936 11 927
3 454 11 1044
3 1044 454 1119
3 1044 936 454
3 454 778 1044
3 115 86 1036
3 692 86 1036
3 115 86 692
3 692 115 1036
3 1119 86 1036
3 1119 115 1036
3 1036 1119 692
3 115 35 1036
3 419 115 1036
3 419 35 1036
3 910 115 1036
3 1036 10 910
3 115 10 910
3 115 10 1036
3 1170 966 1178
3 917 1170 966
3 1178 917 1170
3 1170 325 1178
3 325 1170 966
3 1170 966 179
3 1170 179 917
3 382 1170 777
3 1178 777 1170
3 1170 382 1178
3 1170 777 368
3 1170 368 382
3 583 153 1151
3 1151 958 153
3 583 958 1151
3 1151 153 1121
3 1121 583 1151
3 25 153 1151
3 1151 958 25
3 153 25 958
3 1151 25 1121
3 25 1121 153
3 1151 958 1121
3 25 1121 958
3 970 413 869
3 1153 413 869
3 970 413 1153
3 1153 869 970
3 616 413 869
3 616 413 970
3 970 616 869
3 616 413 1153
3 1153 616 869
3 240 233 1039
3 233 94 240
3 233 94 1039
3 240 94 1039
3 240 29 1039
3 29 240 233
3 1039 29 233
3 1039 29 985
3 240 29 985
3 1039 240 985
3 1025 240 985
3 240 194 1025
3 240 194 985
3 240 94 1085
3 240 233 1085
3 233 1085 94
3 29 1085 240
3 29 240 94
3 94 29 1085
3 233 29 1085
3 1168 408 1085
3 29 1085 408
3 1168 29 1085
3 29 1168 408
3 1085 408 1015
3 1085 1015 1168
3 94 1085 988
3 94 1168 988
3 1085 988 1168
3 1168 94 1085
3 1085 408 61
3 1085 61 1015
3 61 29 1085
3 29 14 61
3 29 14 1085
3 61 14 1085
3 456 14 1166
3 456 14 1155
3 1166 1155 14
3 1155 810 897
3 14 1155 810
3 14 897 810
3 897 14 1155
3 61 14 456
3 61 14 1166
3 61 14 1155
3 29 1155 14
3 456 14 408
3 61 14 408
3 456 408 61
3 408 14 1155
3 408 1155 456
3 703 77 1174
3 1174 12 703
3 77 12 703
3 77 12 1174
3 387 201 1174
3 408 387 1174
3 408 1174 201
3 77 1174 387
3 77 387 201
3 201 77 1174
3 408 77 1174
3 703 627 1174
3 77 1174 627
3 77 703 627
3 1174 627 779
3 703 779 1174
3 77 38 1174
3 1174 478 38
3 77 1174 478
3 1174 627 140
3 1174 140 779
3 140 77 1174
3 140 38 1174
3 1055 703 12
3 673 1055 703
3 673 12 703
3 673 12 1055
3 703 1174 1055
3 12 1174 1055
3 201 703 1055
3 1055 201 673
3 201 673 703
3 201 1174 1055
3 703 201 1174
3 1174 1055 673
3 201 1174 673
3 69 294 1000
3 1000 69 812
3 69 812 294
3 570 69 1122
3 570 69 74
3 570 74 1122
3 1122 69 74
3 1122 812 69
3 570 1122 812
3 570 69 812
3 656 69 812
3 812 656 1122
3 69 656 1122
3 310 69 812
3 310 69 656
3 1089 1039 824
3 1089 824 35
3 1039 35 824
3 35 1039 1089
3 468 824 1089
3 824 468 1039
3 1089 824 893
3 824 35 893
3 468 893 824
3 35 824 115
3 893 115 824
3 35 916 824
3 824 1025 916
3 1025 35 824
3 824 985 916
3 985 916 35
3 985 35 824
3 1025 824 985
3 824 29 1039
3 824 29 985
3 824 1039 985
3 1036 824 35
3 115 1036 824
3 824 233 1039
3 233 35 1039
3 233 35 824
3 824 29 233
3 824 14 240
3 824 240 985
3 824 14 985
3 985 14 240
3 240 29 824
3 824 29 14
3 240 14 29
3 94 1085 588
3 1085 988 588
3 988 94 588
3 588 1077 1085
3 94 1085 1077
3 1077 94 588
3 1077 988 1085
3 1077 588 988
3 94 588 233
3 1039 588 94
3 233 1039 588
3 1168 988 588
3 94 588 1168
3 921 588 1070
3 588 94 1070
3 921 588 94
3 274 588 921
3 921 274 1070
3 274 1070 588
3 1070 233 588
3 1085 1077 355
3 988 355 1077
3 355 988 1085
3 240 94 355
3 355 94 1077
3 355 240 1077
3 240 94 1077
3 29 355 94
3 355 29 240
3 355 94 1085
3 29 1085 355
3 240 985 355
3 1077 985 240
3 355 1077 985
3 686 548 1093
3 1093 548 198
3 686 198 548
3 528 198 548
3 548 528 619
3 548 198 619
3 849 528 548
3 198 849 548
3 548 619 849
3 548 354 686
3 548 686 619
3 619 354 686
3 619 354 548
3 354 548 1093
3 865 619 548
3 564 548 619
3 548 564 865
3 208 1069 548
3 198 548 208
3 1069 548 198
3 1069 198 208
3 208 1093 548
3 1093 548 1069
3 1069 208 1093
3 217 1069 548
3 1093 217 1069
3 217 1093 548
3 217 198 548
3 548 217 619
3 393 337 593
3 593 393 798
3 393 337 798
3 593 337 798
3 593 393 520
3 393 520 337
3 393 302 337
3 393 302 881
3 881 337 393
3 678 90 393
3 881 90 393
3 678 393 881
3 393 90 798
3 393 798 678
3 393 881 798
3 593 393 849
3 849 393 520
3 849 798 393
3 393 282 337
3 337 282 798
3 798 282 393
3 282 393 302
3 785 393 783
3 393 302 783
3 393 302 785
3 302 783 785
3 783 393 881
3 785 393 881
3 783 881 785
3 393 881 432
3 432 393 798
3 785 393 432
3 432 302 785
3 393 302 432
3 247 996 396
3 396 298 996
3 247 298 396
3 182 139 396
3 396 139 1002
3 396 182 1002
3 182 139 1002
3 182 139 753
3 396 139 753
3 396 753 182
3 700 396 1002
3 396 84 700
3 396 84 1002
3 280 607 498
3 475 280 498
3 280 607 475
3 475 607 498
3 261 280 498
3 261 607 498
3 280 261 607
3 607 217 750
3 280 217 607
3 607 750 280
3 607 217 1030
3 1030 607 750
3 493 261 991
3 493 991 731
3 731 261 493
3 731 261 991
3 498 280 991
3 991 475 498
3 991 475 280
3 498 261 991
3 261 991 280
3 991 475 678
3 498 991 678
3 498 475 678
3 604 493 991
3 261 991 604
3 261 493 604
3 604 493 352
3 352 991 604
3 991 352 493
3 261 991 734
3 723 261 734
3 734 723 991
3 261 991 723
3 261 991 607
3 607 498 991
3 834 101 963
3 473 101 834
3 834 963 473
3 834 63 473
3 473 63 252
3 834 63 252
3 473 252 834
3 834 101 931
3 931 834 963
3 473 63 551
3 473 834 551
3 834 63 551
3 345 481 470
3 470 1041 481
3 1041 345 470
3 470 593 481
3 593 345 470
3 593 470 1041
3 470 317 1041
3 470 317 710
3 710 470 1041
3 1041 317 710
3 1107 1041 470
3 345 470 1107
3 470 317 1107
3 467 964 773
3 1099 773 964
3 1099 773 467
3 773 467 1091
3 1091 964 467
3 773 964 1091
3 1091 467 990
3 990 773 1091
3 990 773 467
3 638 255 352
3 352 88 255
3 638 88 255
3 255 604 493
3 255 277 493
3 277 255 604
3 493 255 352
3 255 604 352
3 255 352 277
3 734 255 943
3 604 255 734
3 943 604 255
3 417 255 943
3 255 943 352
3 417 352 255
3 417 352 943
3 734 255 417
3 261 255 713
3 734 255 713
3 734 255 261
3 713 261 734
3 604 255 713
3 261 255 604
3 604 261 713
3 991 604 255
3 991 255 352
3 261 255 991
3 734 255 991
3 731 728 638
3 638 127 728
3 728 127 731
3 731 127 638
3 728 638 935
3 731 728 935
3 638 352 728
3 935 352 728
3 728 255 638
3 352 255 728
3 728 124 127
3 728 124 1078
3 127 124 1078
3 1078 127 728
3 1078 638 728
3 728 1078 789
3 638 789 728
3 1078 71 728
3 728 71 638
3 127 728 562
3 638 562 127
3 638 562 728
3 127 124 562
3 728 124 562
3 177 398 202
3 202 177 319
3 398 202 319
3 319 177 398
3 177 1150 398
3 202 177 1150
3 398 202 1150
3 522 227 1176
3 522 227 174
3 522 174 1176
3 380 227 522
3 522 1176 380
3 638 250 789
3 250 88 638
3 250 88 789
3 638 227 250
3 638 227 789
3 789 227 250
3 227 88 638
3 227 250 88
3 940 250 943
3 943 250 88
3 940 88 250
3 940 247 250
3 250 940 789
3 250 247 789
3 940 247 789
3 940 247 1005
3 250 247 1005
3 1005 250 940
3 250 26 940
3 789 26 940
3 789 26 250
3 26 250 943
3 250 88 352
3 352 250 789
3 255 250 352
3 255 250 88
3 943 250 255
3 943 250 352
3 255 250 1024
3 943 250 1024
3 1024 255 943
3 88 1024 250
3 255 88 1024
3 107 898 919
3 919 107 770
3 770 919 898
3 107 770 898
3 1009 770 825
3 97 770 1009
3 1009 97 825
3 97 825 770
3 770 107 825
3 1009 770 107
3 495 456 5
3 5 61 495
3 61 5 456
3 883 5 740
3 456 5 883
3 740 456 5
3 764 5 767
3 720 5 764
3 767 5 720
3 456 5 767
3 5 456 764
3 767 5 883
3 767 5 740
3 883 5 1166
3 456 5 1166
3 883 456 1166
3 767 5 1166
3 767 1166 883
3 312 865 564
3 312 793 564
3 865 564 793
3 793 312 865
3 248 564 312
3 865 248 312
3 793 564 248
3 793 248 312
3 686 312 28
3 686 312 865
3 686 28 865
3 865 28 312
3 248 1122 312
3 312 74 248
3 312 74 1122
3 312 248 656
3 312 1122 656
3 28 1180 312
3 248 28 312
3 312 248 1180
3 28 1180 248
3 686 28 1180
3 686 312 1180
3 312 865 619
3 248 312 619
3 548 312 619
3 548 312 865
3 686 312 548
3 686 312 619
3 458 883 812
3 458 767 812
3 767 458 883
3 812 458 1000
3 458 1000 883
3 458 1000 767
3 86 458 155
3 458 155 883
3 883 86 458
3 458 86 692
3 692 458 1000
3 458 86 1000
3 692 86 1000
3 115 458 692
3 458 115 86
3 692 458 1036
3 692 1036 1000
3 1036 1000 458
3 115 1036 458
3 86 1089 458
3 1089 1000 458
3 86 1089 1000
3 458 155 1089
3 458 310 740
3 458 155 740
3 310 155 458
3 310 740 155
3 740 458 883
3 458 310 883
3 883 310 740
3 458 883 656
3 458 310 656
3 656 458 1000
3 458 155 656
3 670 549 692
3 670 858 692
3 858 549 670
3 858 549 692
3 706 692 670
3 670 549 706
3 1119 670 692
3 670 1119 706
3 692 670 1044
3 1044 670 1119
3 670 232 10
3 670 232 185
3 670 10 185
3 185 10 232
3 670 1000 1036
3 1036 670 692
3 670 692 1000
3 10 910 232
3 670 10 910
3 670 232 910
3 858 670 1118
3 1118 692 858
3 1118 692 670
3 670 232 858
3 670 232 1118
3 282 222 1001
3 337 222 1001
3 337 222 282
3 1037 1001 222
3 222 282 1037
3 590 222 1037
3 590 222 1001
3 590 222 315
3 1037 222 315
3 222 158 341
3 222 158 1034
3 341 1034 222
3 590 341 222
3 222 1001 341
3 590 341 1001
3 315 222 341
3 341 222 1163
3 1163 1001 222
3 341 1163 1001
3 222 158 1163
3 553 222 552
3 552 222 1034
3 553 222 1034
3 552 1034 553
3 222 158 552
3 222 158 553
3 158 552 553
3 222 1034 657
3 553 222 657
3 1034 657 553
3 1034 657 1001
3 222 1034 1001
3 657 222 1001
3 222 158 657
3 502 54 504
3 219 54 504
3 219 502 504
3 502 219 54
3 504 502 863
3 504 54 863
3 57 1112 504
3 504 57 721
3 57 1112 721
3 1112 721 504
3 504 54 57
3 504 54 1112
3 721 562 1012
3 504 1012 562
3 562 504 721
3 504 721 1012
3 504 57 675
3 675 504 721
3 675 57 721
3 220 57 675
3 220 504 675
3 504 220 57
3 496 220 62
3 57 62 496
3 62 57 220
3 496 62 808
3 62 808 220
3 496 220 808
3 496 62 1112
3 57 1112 62
3 1112 808 62
3 496 1112 808
3 874 62 808
3 1112 874 808
3 62 874 1112
3 109 62 808
3 109 62 874
3 1169 202 808
3 62 202 1169
3 1169 62 808
3 62 808 202
3 186 110 300
3 300 186 843
3 300 110 843
3 186 843 110
3 1016 884 1191
3 1191 1016 158
3 884 158 1016
3 158 884 1191
3 884 436 347
3 436 1191 884
3 347 1191 884
3 884 843 1137
3 1016 843 884
3 1137 884 1016
3 1191 884 330
3 330 1016 1191
3 1016 330 884
3 330 884 436
3 347 330 884
3 347 330 436
3 884 843 110
3 884 110 1137
3 1016 843 451
3 496 451 1016
3 451 843 496
3 496 843 1016
3 110 451 1016
3 451 110 843
3 1016 451 1137
3 1137 496 451
3 110 1137 451
3 1112 874 451
3 1112 451 496
3 451 874 496
3 496 1112 874
3 451 808 1112
3 808 451 874
3 451 496 808
3 451 20 874
3 451 20 843
3 843 874 451
3 552 451 496
3 451 552 1137
3 1034 451 552
3 496 451 1034
3 109 306 451
3 109 20 451
3 306 20 451
3 306 109 20
3 451 109 874
3 451 306 874
3 109 874 306
3 800 1191 884
3 330 884 800
3 1191 330 800
3 884 436 800
3 800 436 1191
3 436 330 800
3 800 158 163
3 800 553 163
3 800 553 158
3 163 158 553
3 800 163 1191
3 800 158 1191
3 1191 158 163
3 800 553 1191
3 163 1191 553
3 800 1191 1016
3 800 158 1016
3 330 800 1016
3 800 553 1016
3 302 1017 783
3 1001 783 1017
3 1001 302 1017
3 783 282 1017
3 302 282 1017
3 1017 282 1001
3 1034 1017 657
3 1034 1017 1001
3 1001 657 1017
3 302 1017 785
3 302 1017 432
3 785 432 1017
3 1017 553 657
3 553 1017 1034
3 657 302 1017
3 553 302 1017
3 553 302 657
3 675 1034 1017
3 1017 675 297
3 297 1034 1017
3 222 675 1017
3 1017 222 1001
3 1017 675 1001
3 222 1001 675
3 222 1034 1017
3 675 222 1034
3 1001 297 1017
3 1017 297 302
3 43 1169 879
3 808 43 1169
3 43 879 808
3 43 879 874
3 109 43 879
3 109 43 874
3 874 43 1169
3 109 43 631
3 143 43 631
3 143 43 109
3 631 109 143
3 631 43 879
3 879 109 631
3 143 43 879
3 631 143 879
3 143 43 874
3 637 226 986
3 226 986 358
3 637 358 226
3 637 358 986
3 226 986 745
3 637 226 745
3 1026 226 986
3 568 226 986
3 568 226 1026
3 226 1026 745
3 358 226 1023
3 358 1023 986
3 1023 986 226
3 728 726 71
3 124 71 726
3 726 124 728
3 71 124 728
3 726 71 1078
3 728 726 1078
3 71 789 726
3 726 789 1078
3 250 71 789
3 71 726 250
3 726 250 789
3 726 432 90
3 726 90 541
3 541 432 726
3 541 90 432
3 71 996 726
3 726 1142 996
3 1142 71 726
3 124 788 726
3 788 71 124
3 726 71 788
3 124 726 432
3 726 432 788
3 298 90 726
3 298 432 726
3 253 164 56
3 253 56 636
3 636 56 164
3 253 56 951
3 56 951 164
3 253 164 951
3 253 56 1074
3 1074 951 56
3 253 1074 951
3 1074 56 636
3 264 56 615
3 264 56 649
3 615 56 649
3 615 649 264
3 56 279 295
3 295 56 951
3 295 279 951
3 56 951 279
3 318 832 628
3 832 628 1080
3 318 1080 832
3 628 318 1080
3 1194 1117 199
3 1071 1194 1117
3 199 1117 1071
3 1194 199 1071
3 199 47 1117
3 47 1194 1117
3 199 47 1194
3 199 47 412
3 412 199 1117
3 1117 47 412
3 567 238 889
3 567 238 643
3 643 889 567
3 348 238 567
3 567 348 889
3 567 889 730
3 567 1102 730
3 1102 567 889
3 340 866 738
3 866 738 156
3 340 156 738
3 340 156 866
3 91 465 1049
3 1049 961 465
3 465 91 961
3 1049 465 983
3 91 983 465
3 584 500 727
3 303 500 584
3 584 303 727
3 303 727 500
3 500 365 727
3 727 365 584
3 584 500 365
3 365 885 727
3 365 885 500
3 500 885 727
3 701 369 1073
3 701 469 1073
3 701 369 469
3 1073 369 469
3 906 347 1124
3 906 347 572
3 1124 572 906
3 1124 565 906
3 1190 1124 906
3 565 906 1190
3 487 347 906
3 906 487 1124
3 662 253 906
3 565 906 662
3 662 253 565
3 565 253 906
3 1124 662 906
3 253 1124 662
3 906 253 1124
3 186 110 1162
3 186 1162 1137
3 1162 1137 110
3 300 186 1162
3 300 110 1162
3 1071 1162 1117
3 1162 1117 1194
3 1194 1071 1162
3 1071 168 1162
3 186 168 1162
3 186 168 1071
3 1071 186 1162
3 1161 168 1162
3 1071 1162 1161
3 1161 186 1162
3 1162 1117 199
3 1162 199 1071
3 1162 47 1194
3 1194 186 1162
3 186 47 1162
3 186 47 1194
3 47 1162 1117
3 77 176 201
3 176 387 201
3 176 77 387
3 201 176 1174
3 77 1174 176
3 176 161 387
3 387 176 1052
3 176 161 1052
3 98 1073 360
3 360 98 708
3 98 708 1073
3 98 1097 360
3 1073 98 1097
3 98 1097 708
3 243 98 900
3 900 98 860
3 243 98 860
3 900 98 404
3 243 98 404
3 404 900 243
3 404 98 1097
3 900 98 1097
3 404 1097 900
3 243 98 1097
3 404 243 1097
3 98 1097 860
3 860 98 708
3 303 271 601
3 303 271 658
3 601 303 658
3 601 658 271
3 271 1006 658
3 658 251 271
3 271 251 1006
3 941 658 271
3 941 271 1006
3 1025 516 985
3 985 516 973
3 1025 516 973
3 985 973 1025
3 240 985 516
3 240 1025 516
3 162 80 516
3 516 80 741
3 741 516 162
3 516 80 666
3 516 162 666
3 162 80 666
3 516 80 661
3 661 516 741
3 516 666 661
3 1120 516 666
3 516 1120 661
3 666 161 1120
3 516 161 1120
3 516 161 666
3 679 973 976
3 976 679 1046
3 976 973 1046
3 679 1046 973
3 769 258 976
3 681 976 769
3 258 681 976
3 148 976 769
3 258 148 976
3 148 258 769
3 976 769 648
3 976 648 681
3 648 148 769
3 648 148 976
3 899 98 1143
3 899 98 601
3 899 601 1143
3 1143 98 601
3 708 98 899
3 1143 708 899
3 1143 708 98
3 601 271 1143
3 601 303 1143
3 303 271 1143
3 271 1006 601
3 1143 1006 271
3 601 1143 1006
3 462 885 584
3 885 437 462
3 462 437 584
3 727 462 584
3 727 365 462
3 584 365 462
3 462 885 727
3 462 365 885
3 601 584 1143
3 1143 462 584
3 584 462 601
3 601 462 1143
3 1019 738 866
3 1019 340 866
3 340 1019 738
3 156 741 366
3 661 156 741
3 661 366 741
3 661 366 156
3 366 156 1022
3 366 741 1022
3 366 866 738
3 156 738 366
3 866 156 366
3 366 1019 738
3 866 366 1019
3 1019 738 156
3 1019 156 366
3 510 366 886
3 886 156 366
3 510 156 886
3 366 156 510
3 769 258 1033
3 1033 258 508
3 769 508 1033
3 769 258 508
3 1033 258 648
3 1033 648 769
3 681 258 1033
3 681 508 1033
3 258 681 508
3 648 681 1033
3 508 65 1033
3 508 65 681
3 681 65 1033
3 1033 766 65
3 508 1033 766
3 886 366 1033
3 1019 366 1033
3 1033 886 1019
3 366 1019 886
3 1033 886 510
3 1033 366 510
3 1074 290 423
3 253 1074 290
3 253 423 290
3 423 253 1074
3 290 56 951
3 290 977 951
3 977 56 290
3 951 56 977
3 951 290 1074
3 56 290 1074
3 423 290 360
3 1074 290 360
3 860 287 290
3 860 290 977
3 860 287 977
3 977 287 290
3 290 951 427
3 427 290 977
3 951 427 977
3 427 290 295
3 295 290 951
3 135 427 290
3 290 135 295
3 427 135 977
3 977 135 290
3 565 287 662
3 188 662 287
3 565 287 188
3 565 188 662
3 176 161 188
3 188 161 662
3 188 176 662
3 176 161 662
3 188 176 744
3 176 161 744
3 161 744 188
3 1077 188 161
3 1077 161 287
3 287 188 1077
3 287 161 188
3 161 1120 188
3 1120 662 188
3 161 1120 662
3 1077 161 1120
3 1077 188 1120
3 174 81 1176
3 174 81 752
3 1176 752 81
3 174 1176 752
3 106 81 174
3 174 106 1176
3 106 81 1176
3 174 81 1064
3 106 81 1064
3 174 1064 106
3 752 81 1064
3 752 174 1064
3 106 81 752
3 752 106 1064
3 1199 31 1090
3 224 31 1090
3 224 31 1199
3 31 111 66
3 66 31 1090
3 31 1090 111
3 111 66 1090
3 66 31 245
3 111 66 245
3 245 31 111
3 111 31 371
3 371 111 522
3 371 31 522
3 111 522 31
3 517 31 1098
3 371 31 517
3 517 371 1098
3 371 31 1098
3 1098 522 31
3 1098 522 1090
3 31 1090 522
3 1098 31 1090
3 517 1098 522
3 517 31 522
3 452 131 245
3 452 131 875
3 245 131 875
3 875 245 452
3 149 488 875
3 875 149 452
3 452 875 488
3 149 452 488
3 492 131 1110
3 131 1110 835
3 835 492 1110
3 131 492 835
3 66 31 1113
3 1113 1090 31
3 66 1113 1090
3 245 66 1113
3 1113 31 245
3 1090 1199 1113
3 31 1199 1113
3 111 66 1113
3 245 111 1113
3 245 1113 452
3 245 131 1113
3 452 131 1113
3 245 149 452
3 452 149 1113
3 1113 149 245
3 814 429 1199
3 814 224 1199
3 814 429 224
3 122 814 429
3 1199 122 814
3 122 958 814
3 122 66 814
3 958 66 122
3 814 66 958
3 814 429 958
3 814 1090 1113
3 66 1113 814
3 1090 66 814
3 814 1199 1113
3 1090 814 1199
3 1199 1113 66
3 1199 66 814
3 1090 403 981
3 200 981 403
3 1090 200 981
3 1199 403 981
3 1199 981 1090
3 1199 200 981
3 981 1098 1013
3 1098 200 981
3 1013 981 200
3 200 1098 1013
3 212 981 1013
3 212 1098 1013
3 981 212 1098
3 981 522 1098
3 981 522 1090
3 981 1090 1098
3 981 517 1098
3 517 200 981
3 517 200 1098
3 517 981 522
3 1090 689 981
3 200 981 689
3 981 380 1090
3 689 380 981
3 31 380 981
3 981 31 1090
3 31 1090 380
3 981 522 31
3 981 522 380
3 380 31 522
3 380 689 522
3 981 522 689
3 111 31 1198
3 1198 1090 31
3 111 1198 1090
3 371 111 1198
3 371 31 1198
3 402 191 417
3 417 191 438
3 402 438 191
3 599 402 191
3 191 821 402
3 599 191 821
3 599 402 821
3 599 191 322
3 322 191 402
3 402 191 1146
3 402 1146 821
3 1146 821 191
3 417 191 1146
3 599 191 1084
3 1084 821 191
3 1084 191 322
3 417 191 560
3 560 191 444
3 417 191 444
3 76 560 191
3 76 417 191
3 560 76 417
3 191 76 438
3 438 191 560
3 76 438 560
3 444 438 191
3 444 438 821
3 191 821 438
3 444 191 821
3 444 438 560
3 235 949 385
3 472 235 949
3 472 385 235
3 472 385 949
3 385 235 480
3 235 949 480
3 949 480 385
3 844 750 949
3 235 949 844
3 750 235 949
3 472 962 949
3 472 235 962
3 962 949 235
3 949 869 359
3 949 359 970
3 949 869 970
3 970 359 869
3 540 359 949
3 540 869 949
3 237 60 1158
3 99 60 1158
3 99 1158 237
3 283 712 1158
3 99 1158 283
3 99 1158 712
3 712 99 283
3 983 412 1158
3 983 412 1049
3 1158 412 1049
3 1049 1158 983
3 880 816 797
3 880 431 797
3 880 816 431
3 797 431 816
3 797 152 816
3 677 152 797
3 816 677 797
3 797 152 157
3 797 157 816
3 816 152 157
3 416 1105 733
3 668 416 1105
3 733 668 1105
3 416 668 733
3 712 416 1105
3 1105 733 712
3 712 416 733
3 1121 1105 1023
3 358 1121 1105
3 1105 358 1023
3 358 1023 1121
3 1105 351 668
3 416 351 1105
3 416 351 668
3 1023 25 1105
3 25 1121 1105
3 1023 416 1105
3 1105 25 416
3 1023 557 1105
3 416 1105 557
3 416 190 712
3 416 190 1105
3 712 190 1105
3 289 999 936
3 289 716 936
3 716 289 999
3 872 289 766
3 65 289 872
3 872 65 766
3 65 766 289
3 289 121 778
3 121 679 289
3 679 289 778
3 289 121 999
3 289 999 778
3 822 73 716
3 822 513 73
3 716 73 513
3 822 73 761
3 761 73 716
3 819 510 73
3 819 68 73
3 73 68 510
3 463 73 513
3 440 73 513
3 463 73 440
3 830 73 645
3 510 73 830
3 645 510 73
3 463 73 830
3 463 73 645
3 463 73 510
3 513 510 73
3 830 73 886
3 463 73 886
3 830 886 463
3 510 73 886
3 830 510 886
3 882 582 887
3 882 582 1148
3 887 882 1148
3 887 1148 582
3 1022 162 971
3 1022 741 971
3 162 971 741
3 440 971 886
3 971 886 1022
3 1022 440 971
3 971 440 973
3 440 162 971
3 973 971 162
3 162 440 973
3 194 971 973
3 971 194 440
3 440 971 513
3 513 162 971
3 513 162 440
3 513 971 886
3 973 971 1025
3 971 162 1025
3 1025 162 973
3 194 1025 971
3 162 971 516
3 971 666 516
3 162 971 666
3 971 366 156
3 971 886 366
3 156 886 971
3 1022 156 971
3 971 156 162
3 971 366 1022
3 971 366 463
3 971 463 1022
3 1022 366 463
3 971 886 463
3 463 366 886
3 1025 516 162
3 1025 516 971
3 910 756 42
3 910 756 419
3 419 42 756
3 419 35 756
3 756 35 916
3 756 419 916
3 194 35 756
3 756 194 419
3 916 194 756
3 42 891 756
3 756 42 916
3 916 891 42
3 756 916 891
3 910 756 891
3 756 21 916
3 42 21 756
3 42 21 916
3 916 230 756
3 230 21 756
3 1036 756 775
3 910 756 775
3 910 756 1036
3 1036 775 910
3 419 775 756
3 1036 756 419
3 1036 419 775
3 419 115 756
3 756 115 916
3 115 1036 756
3 115 910 756
3 526 333 915
3 333 108 526
3 526 108 915
3 333 108 915
3 526 915 629
3 526 333 629
3 669 526 915
3 915 104 669
3 526 104 669
3 526 104 915
3 526 669 629
3 466 410 623
3 526 466 623
3 410 623 526
3 410 466 526
3 1050 623 466
3 1050 623 372
3 466 372 623
3 410 181 623
3 962 181 623
3 410 181 962
3 962 410 623
3 372 181 623
3 410 372 623
3 372 181 962
3 623 962 372
3 466 623 599
3 599 410 623
3 599 410 466
3 599 623 1050
3 569 1050 623
3 623 569 395
3 395 1050 623
3 623 569 984
3 1050 623 984
3 984 569 1050
3 372 984 623
3 372 623 569
3 569 372 984
3 395 372 623
3 623 395 410
3 353 665 532
3 532 353 586
3 586 532 665
3 353 665 586
3 1106 480 1118
3 1118 480 344
3 344 1106 1118
3 1106 344 480
3 791 484 327
3 327 344 791
3 791 484 344
3 344 327 484
3 600 353 915
3 600 353 526
3 600 526 915
3 915 353 526
3 410 623 600
3 600 410 690
3 600 690 623
3 690 623 410
3 915 586 600
3 915 586 353
3 586 353 600
3 915 586 690
3 600 915 690
3 600 586 690
3 232 10 848
3 910 848 232
3 10 910 848
3 641 232 848
3 641 10 848
3 232 848 755
3 690 232 848
3 755 690 848
3 232 690 755
3 848 755 641
3 1118 185 848
3 232 185 848
3 1118 232 848
3 848 600 690
3 600 232 690
3 600 232 848
3 867 848 690
3 867 690 600
3 600 848 867
3 946 438 444
3 946 438 821
3 821 444 946
3 444 327 946
3 639 444 946
3 946 327 639
3 444 327 639
3 946 327 833
3 946 833 444
3 444 946 560
3 639 560 946
3 639 560 444
3 946 438 560
3 484 327 946
3 946 484 833
3 639 484 946
3 639 484 327
3 946 438 191
3 191 1100 946
3 946 438 1100
3 1100 191 438
3 946 191 821
3 1100 946 821
3 191 821 1100
3 821 8 946
3 8 1100 946
3 821 8 1100
3 821 8 639
3 821 639 946
3 946 8 639
3 8 438 946
3 639 946 791
3 791 484 639
3 791 484 946
3 590 482 853
3 853 341 482
3 590 341 482
3 590 853 671
3 671 482 590
3 671 482 853
3 341 315 482
3 482 315 1163
3 482 341 1163
3 482 315 853
3 894 315 482
3 482 894 853
3 894 315 853
3 1163 482 894
3 779 482 894
3 779 482 12
3 894 12 482
3 482 12 853
3 275 12 482
3 482 275 853
3 482 370 894
3 853 370 482
3 853 370 894
3 370 482 779
3 482 12 902
3 902 482 853
3 779 482 703
3 12 703 482
3 616 869 742
3 742 359 869
3 742 359 616
3 616 70 742
3 869 742 70
3 616 70 869
3 616 70 246
3 246 70 742
3 246 742 616
3 869 742 972
3 742 359 972
3 869 972 359
3 70 972 742
3 869 70 972
3 70 742 359
3 157 742 359
3 157 70 742
3 157 816 742
3 246 157 742
3 157 816 246
3 742 246 816
3 742 359 816
3 395 157 742
3 246 742 395
3 395 157 246
3 246 742 583
3 742 153 246
3 583 153 742
3 271 601 378
3 378 271 1006
3 601 378 1006
3 601 229 1062
3 229 1062 378
3 601 378 229
3 601 378 1062
3 1088 455 872
3 872 180 1088
3 455 180 1088
3 455 180 872
3 1154 872 455
3 1154 1088 872
3 455 1088 1154
3 455 262 872
3 455 262 766
3 766 455 872
3 455 13 1154
3 455 13 113
3 113 13 1154
3 113 1154 455
3 13 1154 872
3 455 13 872
3 455 262 882
3 882 455 872
3 455 150 1193
3 262 1193 455
3 455 150 262
3 262 150 1193
3 851 342 693
3 711 693 851
3 711 342 851
3 693 342 711
3 928 693 342
3 342 851 928
3 573 342 928
3 102 342 573
3 102 928 342
3 573 342 693
3 342 932 573
3 342 932 693
3 932 573 693
3 342 102 932
3 423 102 932
3 423 414 932
3 414 102 423
3 932 414 102
3 102 928 414
3 102 414 326
3 414 326 928
3 611 841 658
3 841 658 817
3 611 841 817
3 658 611 817
3 462 304 885
3 786 304 885
3 462 304 786
3 786 462 885
3 818 786 6
3 818 6 304
3 818 786 304
3 304 6 786
3 786 365 885
3 786 500 885
3 786 500 365
3 729 437 193
3 729 193 1079
3 193 1079 437
3 193 727 729
3 727 193 437
3 193 1079 727
3 1130 193 1079
3 1079 239 1130
3 239 193 1130
3 239 193 1079
3 210 193 474
3 193 1079 474
3 210 193 1079
3 474 210 525
3 210 193 525
3 474 193 525
3 193 1130 474
3 437 128 193
3 193 128 1079
3 128 790 193
3 437 193 790
3 715 193 790
3 715 128 790
3 128 715 193
3 490 948 737
3 490 446 737
3 737 446 948
3 948 446 490
3 989 351 948
3 934 351 948
3 934 948 989
3 490 351 948
3 989 490 948
3 934 490 948
3 948 18 447
3 948 18 934
3 934 447 948
3 677 447 948
3 490 447 948
3 490 948 677
3 677 447 490
3 948 677 682
3 447 682 948
3 948 490 1057
3 1057 737 948
3 447 953 948
3 948 490 953
3 447 953 490
3 948 18 953
3 948 677 1057
3 682 1057 948
3 680 974 948
3 680 18 948
3 948 18 974
3 18 680 974
3 948 680 934
3 974 948 934
3 680 934 974
3 637 974 948
3 948 18 637
3 934 637 948
3 490 948 637
3 737 739 838
3 446 838 739
3 739 446 737
3 739 152 838
3 739 737 152
3 395 157 739
3 742 395 739
3 739 742 157
3 797 739 152
3 152 739 677
3 677 739 797
3 181 867 739
3 867 739 157
3 181 157 739
3 797 739 867
3 797 181 867
3 181 797 739
3 797 739 157
3 157 152 739
3 867 739 816
3 157 816 739
3 867 157 816
3 797 739 816
3 816 867 797
3 299 512 364
3 660 364 299
3 660 364 512
3 434 299 364
3 1101 434 364
3 1101 364 299
3 299 434 1101
3 364 921 956
3 299 956 364
3 921 299 364
3 434 364 743
3 743 299 434
3 364 299 743
3 1031 50 966
3 672 50 1031
3 966 672 1031
3 672 50 966
3 966 218 50
3 966 218 1182
3 50 1182 218
3 966 50 1182
3 218 50 1031
3 966 218 1031
3 218 50 672
3 672 50 11
3 218 11 50
3 1031 50 1054
3 672 50 1054
3 1031 1054 672
3 218 50 1054
3 1031 218 1054
3 11 927 50
3 50 11 1182
3 1182 927 11
3 50 1182 927
3 672 50 927
3 50 11 242
3 242 50 1182
3 242 11 1182
3 242 50 1044
3 11 1044 50
3 242 50 1119
3 50 1182 1119
3 1119 50 1044
3 706 50 1182
3 50 706 1119
3 1031 596 672
3 672 596 966
3 966 596 1031
3 596 113 672
3 672 596 1126
3 596 113 1126
3 1126 113 672
3 596 1185 1054
3 596 927 1054
3 927 596 1185
3 1054 596 672
3 1185 1054 672
3 596 1185 672
3 596 672 927
3 113 1154 596
3 113 1154 672
3 1154 672 596
3 404 338 1097
3 338 274 404
3 338 274 1097
3 1097 411 338
3 404 338 411
3 338 701 411
3 1097 338 701
3 459 274 411
3 338 274 411
3 338 274 459
3 459 411 338
3 1073 411 338
3 1073 338 701
3 817 338 701
3 701 611 817
3 611 338 817
3 611 338 701
3 1155 92 897
3 92 897 810
3 92 1155 810
3 408 92 1155
3 408 92 897
3 92 1082 1052
3 1052 92 897
3 92 1082 897
3 92 478 1052
3 478 92 1082
3 92 897 478
3 602 92 1082
3 230 92 602
3 230 1082 92
3 92 80 237
3 602 92 237
3 80 602 92
3 237 80 602
3 237 92 1082
3 92 80 1082
3 1082 80 237
3 1140 1082 92
3 92 80 1140
3 1140 92 897
3 80 1140 602
3 602 92 1140
3 615 295 954
3 954 135 295
3 295 135 615
3 615 135 954
3 580 1049 954
3 301 954 580
3 1049 954 301
3 1049 301 580
3 615 47 954
3 744 47 954
3 615 47 744
3 744 615 954
3 301 47 954
3 301 47 615
3 615 301 954
3 301 47 744
3 954 744 301
3 615 264 954
3 615 56 954
3 264 56 954
3 716 445 999
3 761 445 999
3 761 445 716
3 973 440 445
3 445 440 999
3 445 999 973
3 973 440 999
3 445 440 1025
3 1025 445 973
3 289 121 445
3 679 289 445
3 445 121 679
3 445 289 999
3 999 121 445
3 679 289 999
3 445 999 679
3 679 445 976
3 973 445 976
3 445 679 973
3 999 194 445
3 716 194 445
3 445 440 194
3 445 194 1025
3 445 258 1046
3 976 445 1046
3 258 976 445
3 1046 258 976
3 679 445 1046
3 445 258 679
3 679 258 1046
3 1157 525 418
3 1157 525 1010
3 418 1010 525
3 1157 418 1010
3 418 210 525
3 418 210 474
3 474 418 525
3 193 418 210
3 525 193 418
3 193 1079 418
3 418 193 1010
3 1079 1010 418
3 193 1079 1010
3 418 210 1079
3 418 193 715
3 715 418 1010
3 715 193 1010
3 715 418 437
3 437 193 715
3 418 437 193
3 979 229 474
3 979 229 1088
3 1088 474 979
3 13 1154 979
3 1154 1088 979
3 13 1154 1088
3 1088 13 979
3 1154 872 979
3 872 13 979
3 979 872 1088
3 979 474 1130
3 474 13 979
3 1130 979 13
3 13 474 1130
3 210 979 1130
3 979 210 474
3 474 979 525
3 525 13 474
3 525 13 979
3 979 229 525
3 13 979 529
3 529 13 1179
3 529 1179 979
3 1179 979 13
3 823 1130 979
3 823 13 979
3 210 823 979
3 180 378 979
3 979 180 1088
3 979 378 1088
3 180 1088 378
3 979 229 180
3 378 229 979
3 378 180 229
3 823 529 979
3 539 1 832
3 539 1 1065
3 832 1065 539
3 832 539 1144
3 539 1 1144
3 539 832 818
3 1144 818 832
3 1144 818 539
3 554 539 1065
3 539 1 554
3 1080 818 539
3 1008 539 818
3 539 1008 1080
3 1 23 1020
3 1020 554 23
3 23 1 554
3 1020 23 1102
3 1 1102 23
3 107 1061 919
3 898 1061 919
3 898 107 1061
3 898 524 1061
3 1061 524 1142
3 1142 1061 898
3 519 1061 524
3 898 519 1061
3 519 898 524
3 617 524 1061
3 1061 617 1142
3 617 519 1061
3 617 519 524
3 107 30 1061
3 519 30 1061
3 107 30 519
3 519 107 1061
3 1061 647 770
3 1061 919 770
3 1061 919 647
3 770 647 919
3 107 1061 770
3 107 1061 647
3 647 107 770
3 519 375 1061
3 519 375 617
3 617 375 1061
3 375 968 519
3 1061 968 375
3 519 1061 968
3 58 81 149
3 58 221 149
3 81 221 149
3 81 58 221
3 106 81 221
3 221 106 752
3 221 752 81
3 221 106 871
3 221 81 871
3 106 81 871
3 1014 221 871
3 871 30 1014
3 221 30 1014
3 221 30 871
3 1035 58 871
3 221 58 871
3 221 58 1035
3 1035 221 871
3 221 106 1064
3 1064 221 752
3 1064 871 221
3 106 1064 871
3 1064 1014 871
3 221 1014 1064
3 1079 303 485
3 1079 485 729
3 729 303 485
3 239 89 485
3 251 89 485
3 485 239 251
3 239 251 89
3 485 128 729
3 729 485 790
3 128 790 485
3 485 239 1130
3 485 89 1130
3 147 51 780
3 147 51 794
3 147 794 780
3 794 780 51
3 51 605 147
3 51 780 605
3 605 147 780
3 273 982 780
3 1099 780 982
3 273 1099 780
3 925 273 780
3 925 780 982
3 925 51 780
3 51 780 273
3 925 749 780
3 51 780 749
3 483 238 506
3 238 945 506
3 483 238 945
3 945 506 483
3 483 238 492
3 492 483 506
3 506 238 492
3 492 1110 506
3 492 1110 650
3 506 492 650
3 506 1110 650
3 506 131 1110
3 506 131 492
3 712 190 733
3 807 190 733
3 712 190 807
3 712 733 807
3 91 983 807
3 983 807 283
3 283 91 983
3 283 91 807
3 1158 807 983
3 1158 91 983
3 91 1158 807
3 1158 807 283
3 1158 807 712
3 712 283 807
3 99 983 807
3 807 99 283
3 99 283 983
3 99 1158 807
3 983 99 1158
3 640 231 696
3 640 383 696
3 640 383 231
3 696 231 383
3 1010 696 383
3 383 771 1010
3 771 383 696
3 254 559 356
3 718 356 559
3 254 718 356
3 857 231 852
3 852 546 857
3 546 231 852
3 835 215 857
3 835 215 852
3 852 215 857
3 857 835 852
3 149 1186 875
3 488 1186 875
3 488 149 1186
3 149 58 1186
3 149 81 1186
3 58 1186 81
3 1186 875 452
3 149 1186 452
3 221 149 1186
3 58 1186 221
3 854 9 933
3 591 9 854
3 591 9 933
3 401 324 825
3 401 324 1009
3 825 324 1009
3 825 324 107
3 401 107 324
3 107 770 324
3 324 107 1095
3 1095 770 107
3 324 1095 770
3 825 324 770
3 107 30 324
3 324 30 1095
3 107 30 1095
3 324 30 1061
3 1061 324 107
3 324 30 519
3 324 1095 519
3 519 324 1061
3 223 9 1147
3 223 9 591
3 591 223 1147
3 591 9 1147
3 9 223 23
3 223 23 1035
3 23 9 1035
3 1035 9 223
3 554 223 1065
3 554 23 1065
3 223 23 554
3 223 23 1065
3 1065 1035 223
3 554 1065 1035
3 554 223 1035
3 1065 1035 1147
3 223 1147 1035
3 1065 223 1147
3 721 141 562
3 127 141 721
3 721 127 562
3 127 562 141
3 141 1012 562
3 721 141 1012
3 704 517 141
3 141 371 704
3 704 517 371
3 371 141 517
3 704 141 1012
3 704 517 1012
3 141 1012 517
3 704 371 1012
3 141 1012 371
3 212 141 1098
3 319 141 1098
3 212 141 319
3 319 1098 212
3 517 141 1098
3 212 141 517
3 517 212 1098
3 319 141 517
3 517 319 1098
3 711 521 702
3 545 521 702
3 545 702 711
3 825 702 545
3 545 97 702
3 97 825 702
3 591 825 702
3 545 702 591
3 825 545 591
3 306 20 722
3 20 1109 306
3 1109 722 306
3 20 1109 722
3 451 306 722
3 451 20 722
3 451 874 722
3 496 722 874
3 722 451 496
3 874 722 306
3 722 1112 874
3 1112 306 722
3 306 1112 874
3 722 496 1112
3 722 219 1112
3 722 219 558
3 1112 558 722
3 558 306 722
3 722 558 861
3 306 861 722
3 722 57 1112
3 306 57 1112
3 306 57 722
3 57 722 219
3 276 219 722
3 722 276 805
3 276 219 805
3 722 219 805
3 54 276 722
3 722 219 54
3 276 54 219
3 722 54 558
3 722 276 558
3 54 558 276
3 722 558 805
3 306 722 805
3 159 788 501
3 501 124 788
3 501 124 159
3 501 159 907
3 501 788 907
3 501 249 502
3 502 501 159
3 249 159 501
3 159 249 502
3 502 501 796
3 501 796 249
3 502 501 907
3 907 501 796
3 501 1007 785
3 159 785 501
3 1007 159 501
3 657 501 1017
3 1017 501 538
3 657 501 538
3 1017 538 657
3 302 1017 501
3 302 657 501
3 249 555 501
3 555 159 249
3 501 159 555
3 555 249 657
3 657 501 249
3 657 501 555
3 538 163 555
3 555 538 553
3 163 553 555
3 249 555 538
3 249 163 555
3 538 163 249
3 555 538 657
3 553 657 555
3 657 249 538
3 555 558 796
3 249 796 555
3 558 249 555
3 163 1191 555
3 163 1191 249
3 555 249 1191
3 717 54 558
3 558 305 717
3 305 54 558
3 305 54 717
3 796 717 558
3 54 717 796
3 796 717 555
3 558 555 717
3 249 796 717
3 717 249 555
3 717 558 861
3 861 717 305
3 305 558 861
3 861 717 722
3 558 722 717
3 306 861 717
3 306 305 717
3 717 306 722
3 305 803 555
3 555 305 717
3 717 555 803
3 305 717 803
3 1027 939 792
3 1027 939 1187
3 1187 792 939
3 125 1027 939
3 125 470 939
3 470 1027 939
3 470 125 1027
3 939 125 792
3 939 470 792
3 125 792 470
3 939 470 345
3 1027 345 470
3 345 1027 939
3 792 345 939
3 792 765 939
3 792 345 765
3 939 345 765
3 470 345 792
3 651 317 802
3 450 317 802
3 450 317 651
3 802 651 450
3 1183 802 800
3 1183 802 450
3 450 800 1183
3 800 450 802
3 802 553 1191
3 800 553 802
3 800 1191 802
3 802 553 163
3 802 163 1191
3 802 330 800
3 1183 800 330
3 330 802 1183
3 802 317 831
3 651 317 831
3 831 651 802
3 538 163 831
3 831 163 802
3 802 538 831
3 538 163 802
3 831 163 657
3 831 657 538
3 553 163 831
3 831 553 657
3 802 553 831
3 802 800 831
3 800 553 831
3 800 330 831
3 831 330 802
3 450 317 831
3 802 450 831
3 373 1183 450
3 373 1183 802
3 802 373 450
3 651 373 450
3 918 450 373
3 373 651 918
3 373 1183 800
3 373 330 1183
3 373 330 800
3 800 373 450
3 906 572 1177
3 1177 572 369
3 369 906 1177
3 906 369 572
3 1177 906 565
3 572 565 906
3 565 572 1177
3 420 988 565
3 565 420 906
3 420 988 906
3 988 906 565
3 78 420 411
3 420 411 1177
3 78 1177 420
3 411 78 1177
3 565 287 420
3 420 287 988
3 565 287 988
3 420 287 662
3 662 420 565
3 420 287 188
3 420 188 662
3 988 188 420
3 287 188 988
3 1077 420 988
3 1077 188 988
3 1077 188 420
3 420 355 1077
3 420 355 988
3 588 78 988
3 420 78 988
3 420 78 588
3 588 420 988
3 609 108 839
3 108 839 650
3 839 650 609
3 629 108 839
3 839 609 629
3 531 839 827
3 629 531 839
3 827 629 839
3 531 827 629
3 629 333 839
3 333 108 839
3 526 333 839
3 629 526 839
3 526 839 108
3 1029 362 759
3 759 362 828
3 759 1029 828
3 1029 362 828
3 104 759 362
3 759 104 1029
3 669 362 759
3 104 669 759
3 828 669 759
3 759 234 1029
3 759 234 645
3 1029 645 759
3 759 629 828
3 669 629 759
3 629 839 828
3 629 839 759
3 828 759 839
3 645 145 828
3 759 645 828
3 645 145 759
3 759 145 828
3 759 407 1029
3 828 407 1029
3 828 407 759
3 759 234 407
3 759 234 830
3 645 830 759
3 1081 645 828
3 145 1081 645
3 828 145 1081
3 759 819 1081
3 759 645 1081
3 819 645 1081
3 645 759 819
3 1081 759 828
3 1081 819 828
3 759 828 819
3 328 327 610
3 328 260 610
3 327 260 328
3 260 610 327
3 610 328 1060
3 328 327 1060
3 1060 327 610
3 328 260 1060
3 328 260 430
3 328 1060 430
3 430 328 1134
3 430 293 328
3 1134 293 430
3 328 293 1134
3 328 260 1134
3 328 430 363
3 363 328 293
3 293 430 363
3 136 328 363
3 328 136 430
3 363 328 1138
3 136 1138 328
3 328 293 1138
3 293 1135 328
3 655 328 293
3 655 328 1135
3 328 1135 1138
3 597 1182 870
3 597 706 870
3 706 1182 870
3 706 597 1182
3 449 870 597
3 1182 870 449
3 1182 449 597
3 449 870 706
3 706 449 597
3 597 218 966
3 597 218 1182
3 597 966 1182
3 1170 966 597
3 966 449 597
3 1170 597 449
3 449 966 1170
3 179 597 1170
3 597 179 966
3 966 597 1031
3 597 449 1031
3 1031 449 966
3 597 218 1031
3 1170 597 917
3 597 449 917
3 917 449 1170
3 179 917 597
3 50 270 597
3 597 218 50
3 270 218 597
3 270 50 218
3 597 50 1182
3 597 270 1182
3 50 1182 270
3 1106 263 376
3 263 570 1106
3 376 1106 570
3 263 376 570
3 1106 646 263
3 263 646 376
3 1106 646 570
3 570 263 646
3 263 1030 698
3 376 263 698
3 263 1030 376
3 376 1030 698
3 217 263 698
3 263 217 1030
3 263 235 1030
3 263 235 646
3 646 1030 263
3 698 263 1069
3 217 1069 263
3 1069 376 263
3 750 263 1030
3 750 376 1030
3 750 376 263
3 263 235 750
3 385 263 480
3 263 235 385
3 263 235 480
3 263 646 480
3 385 263 646
3 480 263 376
3 385 263 844
3 263 235 844
3 385 844 235
3 646 263 844
3 646 385 844
3 677 509 880
3 509 152 677
3 509 152 880
3 880 447 509
3 677 447 509
3 447 682 509
3 682 509 953
3 509 447 953
3 682 509 880
3 509 294 682
3 509 294 880
3 682 294 880
3 509 953 294
3 1000 509 294
3 1000 509 69
3 294 69 509
3 294 767 509
3 880 767 294
3 509 880 767
3 1000 509 767
3 185 69 880
3 509 69 880
3 185 69 509
3 509 185 880
3 1000 509 812
3 69 812 509
3 267 165 1135
3 165 67 267
3 165 1135 67
3 267 165 655
3 655 165 1135
3 308 150 882
3 150 535 308
3 882 535 150
3 308 882 535
3 308 150 455
3 455 308 882
3 455 150 882
3 455 308 1193
3 308 1193 150
3 262 455 308
3 882 262 308
3 308 262 1193
3 766 308 882
3 308 65 766
3 308 65 882
3 766 262 308
3 864 357 998
3 311 864 357
3 998 311 864
3 998 714 864
3 998 532 864
3 532 864 714
3 532 998 714
3 489 864 714
3 864 489 998
3 586 311 864
3 532 864 586
3 586 311 532
3 532 311 864
3 586 27 864
3 586 311 27
3 864 27 311
3 586 27 532
3 532 27 864
3 864 257 998
3 532 257 998
3 532 257 864
3 257 864 357
3 864 714 533
3 489 533 864
3 533 532 864
3 864 641 664
3 664 357 864
3 641 357 864
3 641 664 357
3 311 864 664
3 311 864 641
3 641 311 664
3 134 1192 533
3 134 1192 489
3 533 489 1192
3 134 1192 266
3 1135 266 1192
3 1135 134 1192
3 293 266 1192
3 293 134 1192
3 293 1192 1135
3 293 179 1192
3 134 1192 179
3 1192 917 179
3 293 1192 917
3 1192 1060 917
3 179 1060 1192
3 328 917 1192
3 1192 1060 328
3 917 328 1060
3 293 1192 328
3 917 293 328
3 293 1192 1060
3 1060 293 328
3 390 144 1058
3 390 1058 811
3 1058 811 144
3 390 216 1058
3 216 144 390
3 216 144 1058
3 216 1153 1058
3 892 1058 1153
3 1058 216 892
3 1153 1058 390
3 390 216 1153
3 475 1058 991
3 678 1058 991
3 678 475 1058
3 1058 475 1153
3 475 892 1058
3 475 390 1058
3 390 475 1153
3 1058 280 475
3 390 280 1058
3 390 280 475
3 280 1058 991
3 731 678 1058
3 390 731 678
3 678 390 1058
3 390 1058 731
3 1058 493 678
3 731 493 1058
3 493 731 678
3 1058 493 498
3 1058 498 678
3 678 493 498
3 1058 991 498
3 1058 991 493
3 498 493 991
3 731 991 1058
3 323 144 518
3 323 709 518
3 709 518 144
3 518 144 1153
3 518 323 1153
3 1068 518 709
3 323 1068 518
3 709 518 811
3 144 811 518
3 709 144 811
3 1068 518 811
3 811 709 1068
3 1068 144 811
3 1068 518 144
3 1153 413 518
3 616 518 1153
3 413 616 518
3 518 216 1153
3 390 216 518
3 1153 390 518
3 216 144 518
3 390 518 144
3 970 518 1153
3 970 413 518
3 297 132 782
3 132 390 297
3 132 782 390
3 132 144 297
3 132 782 144
3 144 132 390
3 731 127 132
3 132 782 731
3 132 127 782
3 731 127 782
3 731 127 935
3 132 127 935
3 935 132 731
3 678 132 731
3 390 132 678
3 731 390 132
3 493 132 731
3 731 493 782
3 132 782 493
3 678 132 493
3 782 504 721
3 721 132 782
3 504 132 782
3 504 132 721
3 678 132 881
3 881 132 783
3 678 132 783
3 881 132 1058
3 390 132 1058
3 390 132 881
3 881 390 1058
3 678 132 1058
3 678 1058 881
3 783 390 132
3 783 132 782
3 1068 93 144
3 1068 93 811
3 811 93 144
3 1068 518 93
3 144 93 518
3 518 93 1153
3 518 93 616
3 616 93 1153
3 36 1068 986
3 986 709 36
3 1068 36 709
3 894 36 341
3 894 315 36
3 341 36 315
3 894 36 1163
3 1163 36 341
3 568 36 1026
3 568 36 709
3 1026 709 36
3 315 36 400
3 315 36 1037
3 400 36 1037
3 400 36 709
3 315 709 36
3 400 36 568
3 400 36 1026
3 568 36 323
3 323 36 709
3 323 709 568
3 400 36 323
3 568 323 400
3 1034 57 1059
3 675 57 1059
3 1034 1059 675
3 220 57 1059
3 1034 220 1059
3 675 220 1059
3 1059 782 811
3 675 1059 782
3 811 675 1059
3 1059 144 811
3 144 1059 782
3 811 220 1059
3 220 144 1059
3 220 144 811
3 220 62 1059
3 105 62 220
3 220 105 1059
3 105 62 1059
3 220 1059 808
3 1059 808 62
3 297 721 1059
3 1059 782 297
3 1059 782 721
3 721 297 782
3 1059 297 675
3 675 1059 721
3 297 675 721
3 1059 721 504
3 504 782 1059
3 675 504 1059
3 220 1059 504
3 1114 701 338
3 1114 817 701
3 338 817 1114
3 944 251 256
3 256 251 1076
3 1076 256 944
3 256 944 794
3 256 251 794
3 944 251 794
3 256 147 794
3 605 147 256
3 605 147 794
3 256 794 605
3 147 51 256
3 794 51 256
3 256 51 605
3 286 256 944
3 794 286 944
3 256 794 286
3 256 251 89
3 256 89 1076
3 794 89 256
3 251 89 794
3 485 256 794
3 485 794 729
3 729 256 485
3 729 256 794
3 485 89 794
3 485 89 256
3 523 473 931
3 523 473 963
3 963 523 931
3 473 101 523
3 523 931 101
3 845 523 877
3 877 523 1007
3 845 523 1007
3 877 845 1007
3 281 44 320
3 320 281 877
3 281 44 877
3 320 877 44
3 286 252 563
3 286 944 563
3 944 252 286
3 563 252 944
3 473 63 563
3 252 63 563
3 252 563 473
3 63 563 551
3 563 551 473
3 563 1132 834
3 252 834 563
3 1132 834 252
3 1132 252 563
3 563 63 834
3 834 63 1132
3 63 563 1132
3 286 192 563
3 563 192 252
3 286 192 252
3 563 192 313
3 286 313 563
3 439 192 563
3 439 252 563
3 313 439 563
3 1091 964 1184
3 17 1184 964
3 1091 17 1184
3 17 1091 964
3 1091 964 990
3 1184 964 990
3 1184 990 1091
3 752 399 1184
3 17 1184 399
3 752 17 1184
3 120 467 1091
3 1091 120 990
3 120 990 467
3 1091 964 120
3 467 120 964
3 120 990 964
3 120 17 964
3 120 17 1099
3 964 120 1099
3 964 17 1099
3 1184 964 120
3 120 17 1184
3 1184 120 990
3 499 338 701
3 499 338 1114
3 499 1114 701
3 499 459 743
3 434 743 459
3 499 434 743
3 434 499 459
3 338 701 459
3 499 459 338
3 499 459 701
3 743 459 1114
3 499 459 1114
3 743 1114 499
3 17 213 120
3 213 120 1099
3 1099 17 213
3 213 17 968
3 925 213 968
3 213 17 925
3 968 17 925
3 968 213 399
3 213 399 17
3 213 1099 780
3 780 213 925
3 925 780 1099
3 213 1099 925
3 213 982 780
3 982 213 1099
3 213 925 982
3 968 213 1196
3 1196 213 399
3 1196 925 213
3 17 1184 213
3 17 1184 925
3 1184 925 213
3 213 120 1184
3 389 213 964
3 964 213 1099
3 389 213 1099
3 1099 389 964
3 213 120 964
3 213 120 389
3 964 389 120
3 940 247 59
3 59 196 940
3 196 59 247
3 940 59 1005
3 59 1005 247
3 59 1005 196
3 71 59 617
3 71 59 247
3 617 247 59
3 59 617 375
3 59 1005 617
3 375 59 1005
3 617 375 1005
3 617 375 524
3 375 59 524
3 524 59 617
3 617 59 1142
3 617 1142 1005
3 1142 1005 59
3 71 59 1142
3 1196 59 1005
3 399 59 1005
3 399 59 1196
3 789 59 996
3 247 59 996
3 247 59 789
3 789 247 996
3 71 59 996
3 71 59 789
3 71 996 789
3 250 247 59
3 789 59 250
3 250 59 1005
3 71 59 250
3 313 138 434
3 313 138 439
3 439 434 138
3 1101 434 138
3 138 364 1101
3 364 138 434
3 313 138 743
3 434 138 743
3 434 313 743
3 118 138 596
3 596 118 1185
3 596 138 1185
3 118 1185 138
3 823 1038 923
3 923 823 210
3 210 1038 923
3 467 1038 923
3 467 823 923
3 823 467 1038
3 923 467 773
3 1038 923 773
3 467 1038 773
3 773 923 823
3 467 773 823
3 773 210 923
3 773 210 823
3 85 210 773
3 773 85 923
3 85 923 210
3 418 210 114
3 418 114 1157
3 114 1157 210
3 418 210 1157
3 418 114 474
3 474 114 210
3 210 114 773
3 773 114 85
3 210 85 114
3 418 114 525
3 114 1157 525
3 525 114 474
3 210 114 823
3 1157 823 210
3 114 1157 823
3 773 114 823
3 773 114 923
3 85 923 114
3 1182 870 799
3 1182 799 270
3 870 270 799
3 270 870 1182
3 449 799 1182
3 799 449 870
3 597 1182 799
3 597 270 799
3 449 597 799
3 270 218 799
3 597 218 799
3 270 799 660
3 1180 660 799
3 1180 270 799
3 660 435 799
3 435 270 799
3 799 435 1180
3 799 310 1180
3 799 310 870
3 799 870 1180
3 1054 799 270
3 218 1054 799
3 1180 579 799
3 270 799 579
3 579 155 799
3 799 155 1180
3 799 310 155
3 799 310 579
3 28 155 799
3 799 310 28
3 155 28 310
3 799 28 1180
3 28 1180 155
3 1106 570 461
3 461 376 1106
3 461 376 570
3 1122 656 461
3 461 812 1122
3 812 461 656
3 1122 461 570
3 461 656 570
3 461 570 812
3 646 461 570
3 461 646 1106
3 646 570 844
3 844 461 646
3 570 461 844
3 656 248 461
3 461 248 570
3 461 312 656
3 461 312 248
3 310 312 461
3 310 28 461
3 312 28 461
3 312 310 28
3 461 310 656
3 310 656 312
3 461 28 656
3 310 28 656
3 461 28 248
3 117 461 376
3 376 117 1106
3 117 1106 461
3 480 117 1106
3 1118 1106 117
3 117 480 1118
3 385 117 1106
3 385 117 480
3 449 117 870
3 840 117 870
3 449 117 840
3 840 870 449
3 917 840 449
3 449 840 597
3 597 840 917
3 917 840 1060
3 610 1060 840
3 610 917 840
3 917 840 1170
3 1060 840 1170
3 917 1170 1060
3 624 208 753
3 753 622 624
3 622 208 624
3 700 624 368
3 700 624 139
3 368 139 624
3 182 139 624
3 624 182 753
3 624 139 753
3 963 182 624
3 963 624 139
3 624 753 963
3 624 198 753
3 208 198 624
3 368 624 382
3 624 368 753
3 753 382 624
3 753 382 368
3 382 624 700
3 396 139 624
3 624 396 753
3 1002 624 139
3 396 1002 624
3 1002 624 1072
3 700 624 1072
3 700 624 1002
3 700 1072 1002
3 139 1072 624
3 1002 139 1072
3 396 700 624
3 1151 958 1053
3 398 1053 958
3 1151 398 1053
3 398 1151 958
3 1053 958 1121
3 1121 1053 1151
3 1053 958 25
3 398 25 1053
3 1053 25 1121
3 398 177 1053
3 177 1150 1053
3 1150 1053 398
3 177 25 1053
3 748 83 403
3 200 83 748
3 403 748 200
3 632 83 748
3 403 632 748
3 384 277 604
3 604 384 713
3 384 277 713
3 384 277 748
3 604 384 748
3 604 748 277
3 970 384 616
3 970 413 384
3 616 384 413
3 970 384 869
3 869 384 616
3 1053 332 1151
3 398 332 1151
3 398 332 1053
3 332 583 1121
3 332 246 1121
3 246 332 583
3 1121 332 1151
3 332 1151 583
3 1121 246 1151
3 332 246 1151
3 332 70 616
3 332 70 246
3 616 246 332
3 616 93 332
3 332 1151 616
3 332 93 1151
3 616 93 1151
3 616 93 413
3 332 93 413
3 413 332 616
3 616 332 869
3 332 1151 869
3 1151 869 616
3 332 70 869
3 745 332 742
3 332 70 742
3 332 70 745
3 745 742 70
3 246 742 332
3 745 332 246
3 745 246 742
3 348 7 889
3 331 7 348
3 348 331 889
3 331 7 889
3 374 331 1172
3 1172 1020 331
3 374 331 1020
3 170 331 374
3 374 170 1172
3 170 1172 331
3 1144 331 1020
3 331 1144 1172
3 832 331 1144
3 832 331 1020
3 7 1181 348
3 7 1181 889
3 1181 889 348
3 890 7 1181
3 7 1181 945
3 945 890 1181
3 7 890 945
3 1181 122 890
3 1181 122 1150
3 1150 890 1181
3 1181 557 890
3 557 7 890
3 557 7 1181
3 1181 122 557
3 177 122 1181
3 177 814 1181
3 814 122 1181
3 122 177 814
3 1181 177 1150
3 1181 814 1150
3 177 1150 814
3 1150 66 1181
3 7 66 1150
3 1150 7 1181
3 7 1181 66
3 1181 814 66
3 814 66 1150
3 66 122 1181
3 14 1067 29
3 1085 1067 14
3 29 1085 1067
3 985 916 1067
3 14 1067 985
3 916 14 1067
3 14 916 985
3 35 1067 985
3 1067 35 916
3 1067 1166 1155
3 1067 810 1155
3 1166 1067 810
3 14 1155 1067
3 1166 14 1067
3 810 14 1067
3 1067 230 916
3 1067 230 810
3 916 810 1067
3 824 14 1067
3 824 29 1067
3 1067 985 824
3 35 824 1067
3 1067 756 916
3 756 14 916
3 756 14 1067
3 1067 230 756
3 21 92 1067
3 1067 21 810
3 1067 92 810
3 21 810 92
3 1067 230 21
3 1067 230 92
3 92 21 230
3 897 810 1067
3 14 1067 897
3 897 92 1067
3 92 897 230
3 1067 230 897
3 1015 428 1167
3 1015 428 1168
3 1167 428 1168
3 1167 1168 1015
3 428 373 630
3 373 630 450
3 373 450 428
3 450 428 630
3 428 201 673
3 428 673 630
3 630 201 428
3 630 201 673
3 673 428 1015
3 201 428 1015
3 1167 428 683
3 1015 428 683
3 673 169 428
3 428 169 1055
3 673 169 1055
3 1055 428 673
3 373 169 1183
3 169 330 373
3 169 1183 330
3 169 12 275
3 169 12 1183
3 275 169 1183
3 275 12 1183
3 275 169 482
3 169 482 12
3 12 703 169
3 169 1183 703
3 1183 703 12
3 673 169 12
3 673 169 703
3 428 169 630
3 673 169 630
3 275 169 853
3 169 1183 853
3 853 169 482
3 1187 244 939
3 1187 244 724
3 939 244 724
3 939 724 1187
3 939 244 765
3 1187 765 939
3 1187 244 765
3 651 244 837
3 837 15 244
3 651 15 837
3 15 651 244
3 244 918 837
3 244 918 651
3 918 651 837
3 278 244 837
3 278 15 837
3 278 15 244
3 278 837 699
3 699 244 278
3 699 244 837
3 747 94 588
3 588 411 747
3 411 94 588
3 411 94 747
3 921 747 588
3 94 747 921
3 921 747 274
3 588 274 747
3 411 274 747
3 459 274 747
3 411 747 459
3 921 747 1070
3 274 1070 747
3 404 338 747
3 338 274 747
3 404 747 274
3 411 338 747
3 411 404 747
3 588 78 747
3 747 78 411
3 588 78 411
3 747 78 988
3 988 747 588
3 420 78 747
3 747 420 988
3 420 411 747
3 486 240 985
3 486 355 240
3 486 355 985
3 985 516 486
3 486 973 516
3 985 486 973
3 486 240 516
3 486 240 666
3 486 355 666
3 666 240 355
3 516 486 666
3 516 240 666
3 516 355 666
3 486 355 516
3 1025 162 486
3 1025 486 973
3 973 162 486
3 1025 516 486
3 486 162 516
3 1046 486 976
3 976 973 486
3 973 486 1046
3 148 486 1046
3 1046 148 976
3 148 976 486
3 486 445 973
3 973 486 999
3 445 999 486
3 976 445 486
3 619 464 564
3 548 464 619
3 548 464 564
3 564 96 464
3 619 96 464
3 929 776 464
3 564 464 929
3 464 776 564
3 564 776 929
3 929 464 911
3 911 464 776
3 514 464 776
3 514 464 762
3 464 762 776
3 464 762 564
3 464 248 564
3 762 248 464
3 96 929 464
3 464 96 911
3 464 400 776
3 564 400 776
3 564 400 464
3 400 464 514
3 74 514 464
3 464 74 1122
3 514 464 1122
3 464 74 862
3 514 464 862
3 862 74 514
3 762 464 862
3 464 74 762
3 762 74 862
3 1122 762 464
3 1122 464 564
3 125 975 435
3 975 435 686
3 686 125 975
3 534 125 975
3 865 125 975
3 975 534 865
3 534 125 865
3 534 125 1027
3 975 534 1027
3 125 1027 975
3 865 312 975
3 686 312 975
3 865 686 975
3 548 312 975
3 865 548 975
3 975 548 686
3 125 975 792
3 865 792 125
3 865 792 975
3 975 435 792
3 28 1180 975
3 975 435 1180
3 28 435 975
3 686 28 975
3 975 28 865
3 1180 975 686
3 354 1180 975
3 975 354 686
3 354 686 1180
3 975 435 354
3 1180 354 435
3 476 393 798
3 798 476 849
3 393 476 849
3 798 182 476
3 393 182 476
3 393 182 798
3 849 476 895
3 476 895 798
3 476 895 753
3 476 931 753
3 931 476 895
3 182 753 476
3 895 182 476
3 931 182 476
3 476 198 593
3 849 476 593
3 198 849 476
3 593 198 849
3 593 476 895
3 476 198 895
3 895 198 593
3 895 208 476
3 208 198 476
3 182 476 208
3 208 849 476
3 182 476 396
3 1002 476 182
3 396 1002 476
3 182 396 298
3 298 182 476
3 396 298 476
3 196 175 396
3 396 196 1002
3 196 175 1002
3 1002 175 396
3 261 175 734
3 261 175 607
3 734 175 607
3 607 734 261
3 734 175 723
3 261 175 723
3 146 1104 792
3 1104 125 146
3 792 125 1104
3 252 1104 439
3 1104 439 905
3 905 252 1104
3 146 1104 167
3 905 167 1104
3 905 146 1104
3 777 167 1104
3 777 146 1104
3 1104 777 905
3 765 252 1104
3 252 146 1104
3 146 1104 765
3 146 252 765
3 1104 765 834
3 765 252 834
3 1104 834 252
3 252 1104 563
3 563 146 252
3 563 146 1104
3 1104 439 563
3 905 72 1104
3 1104 72 146
3 1104 1101 72
3 905 1104 1101
3 1101 439 1104
3 72 439 1104
3 192 1101 1104
3 1104 192 905
3 192 905 1101
3 1104 439 192
3 1101 192 439
3 635 146 939
3 792 635 939
3 146 792 635
3 939 146 792
3 765 635 939
3 635 146 765
3 765 146 939
3 765 635 792
3 635 146 1104
3 792 635 1104
3 1104 765 635
3 635 834 765
3 1104 635 834
3 792 635 345
3 765 345 635
3 345 635 470
3 635 345 834
3 834 470 345
3 834 470 635
3 470 635 792
3 635 345 931
3 834 635 931
3 931 345 834
3 481 635 931
3 635 481 345
3 101 931 635
3 635 101 481
3 834 101 635
3 635 473 834
3 473 101 635
3 635 551 834
3 635 551 473
3 765 252 635
3 635 252 834
3 1184 103 1091
3 103 17 1091
3 103 17 1184
3 103 773 990
3 990 103 1091
3 103 1091 773
3 114 85 1040
3 1040 85 1157
3 114 85 1157
3 1040 114 1157
3 689 46 402
3 689 322 46
3 402 46 322
3 689 46 1146
3 1146 46 402
3 322 178 1084
3 322 46 1084
3 178 46 322
3 178 46 1084
3 704 1175 1164
3 202 1175 1164
3 202 704 1164
3 704 202 1175
3 704 517 1175
3 319 1175 517
3 704 319 1175
3 319 704 517
3 1175 517 1012
3 704 1012 1175
3 1175 1150 177
3 1175 1164 1150
3 1164 177 1150
3 177 1164 1175
3 202 177 1175
3 202 1175 1150
3 319 202 1175
3 1175 177 319
3 1175 517 141
3 319 141 1175
3 1175 141 1012
3 319 212 1175
3 212 141 1175
3 398 202 1175
3 319 1175 398
3 1078 789 1145
3 227 1145 789
3 1078 227 1145
3 227 1078 789
3 728 1145 789
3 1145 728 1078
3 227 88 1145
3 1145 1024 88
3 227 1145 1024
3 1145 789 638
3 638 227 1145
3 1145 638 728
3 638 88 1145
3 1009 930 770
3 1009 930 97
3 770 97 930
3 320 281 930
3 320 44 930
3 281 44 930
3 930 107 770
3 770 320 930
3 320 107 930
3 320 107 770
3 107 930 1009
3 907 1009 930
3 930 907 796
3 796 1009 930
3 825 1009 930
3 825 907 930
3 907 825 1009
3 97 930 825
3 97 930 907
3 907 97 825
3 796 97 930
3 796 97 320
3 320 97 930
3 320 930 796
3 796 97 907
3 902 275 937
3 937 550 902
3 937 550 275
3 902 12 937
3 275 12 937
3 779 482 937
3 937 482 902
3 902 779 937
3 779 482 902
3 937 482 703
3 937 703 779
3 937 561 779
3 937 561 764
3 779 764 937
3 937 482 12
3 937 12 703
3 937 140 779
3 779 140 902
3 902 140 937
3 140 937 561
3 937 862 762
3 862 561 937
3 937 561 762
3 764 762 937
3 764 937 862
3 764 762 862
3 764 762 902
3 902 764 937
3 937 762 902
3 720 862 937
3 720 561 937
3 862 720 561
3 937 720 764
3 720 764 862
3 938 902 1111
3 938 5 1111
3 5 1111 902
3 5 938 902
3 793 938 902
3 793 1111 902
3 1111 793 938
3 740 456 1111
3 495 456 1111
3 740 1111 495
3 5 1111 456
3 740 5 1111
3 495 5 1111
3 1167 1111 938
3 1167 1111 495
3 938 495 1111
3 5 1111 764
3 5 1111 720
3 764 720 1111
3 1111 534 938
3 534 5 938
3 534 5 1111
3 534 1111 1167
3 536 1015 1111
3 495 1111 536
3 495 1111 1015
3 1015 495 536
3 536 1167 1111
3 1015 1167 1111
3 1015 536 1167
3 495 61 1111
3 1111 1015 61
3 5 1111 61
3 61 1167 1111
3 1012 933 1047
3 1012 219 1047
3 219 1047 933
3 219 1012 933
3 704 1012 933
3 704 1047 933
3 1047 704 1012
3 1047 562 1012
3 504 1047 562
3 1012 504 1047
3 219 54 1047
3 57 54 1047
3 219 57 1047
3 504 54 1047
3 504 219 1047
3 1047 57 504
3 219 1047 276
3 219 1047 805
3 1047 805 276
3 1047 141 1012
3 219 141 1012
3 219 141 1047
3 141 1047 562
3 863 562 1047
3 1047 863 502
3 502 562 1047
3 721 863 1047
3 721 562 1047
3 863 721 562
3 504 1047 721
3 504 1047 863
3 863 504 721
3 504 502 1047
3 219 1047 502
3 346 110 884
3 346 300 884
3 300 110 346
3 300 110 884
3 346 884 843
3 346 110 843
3 1016 346 884
3 346 158 884
3 346 158 1016
3 346 1016 843
3 347 330 346
3 346 330 884
3 346 884 347
3 300 813 346
3 884 813 300
3 346 884 813
3 1194 497 813
3 497 264 813
3 1194 497 264
3 1194 300 813
3 300 497 1194
3 300 813 497
3 20 143 497
3 497 109 20
3 143 109 497
3 143 20 109
3 497 20 1109
3 497 143 1109
3 20 1109 143
3 497 109 1109
3 20 1109 109
3 497 1109 575
3 1109 264 497
3 264 497 575
3 497 143 575
3 497 109 575
3 497 1109 649
3 264 649 497
3 264 615 497
3 954 497 615
3 954 497 264
3 497 615 813
3 70 52 745
3 745 52 972
3 972 52 70
3 52 745 332
3 52 70 332
3 1105 52 1121
3 358 52 1105
3 52 358 1121
3 52 1121 246
3 246 52 745
3 52 1121 745
3 1121 246 745
3 246 52 1151
3 1151 52 1121
3 637 52 745
3 637 358 52
3 52 745 358
3 52 226 637
3 52 745 226
3 226 52 358
3 246 52 332
3 332 52 1151
3 52 25 1121
3 745 25 1121
3 745 25 52
3 25 52 1105
3 52 358 351
3 668 52 351
3 358 52 668
3 351 52 745
3 1105 52 668
3 1105 52 351
3 668 52 1023
3 358 52 1023
3 668 358 1023
3 1105 52 1023
3 1023 668 1105
3 358 95 1023
3 226 95 358
3 226 95 1023
3 95 1086 1023
3 358 95 1086
3 1086 1023 358
3 168 95 226
3 168 95 1156
3 226 168 1156
3 226 95 1156
3 226 95 1086
3 226 168 1086
3 168 1086 95
3 1071 95 186
3 1071 168 95
3 186 95 168
3 1071 95 1162
3 1162 95 186
3 728 33 1078
3 728 124 33
3 33 1078 124
3 33 726 728
3 33 1078 726
3 726 33 124
3 401 33 863
3 124 33 863
3 401 124 33
3 401 33 1009
3 33 1078 401
3 33 1078 1009
3 1078 1009 401
3 863 33 1009
3 1145 33 1078
3 227 33 1078
3 227 33 1145
3 1095 1078 33
3 1078 1145 1095
3 33 1145 1095
3 127 124 33
3 562 33 127
3 124 33 562
3 127 33 1078
3 863 33 562
3 863 33 127
3 562 33 788
3 124 33 788
3 562 124 788
3 863 33 788
3 788 562 863
3 726 90 801
3 801 298 90
3 801 298 726
3 726 541 801
3 801 90 541
3 298 996 801
3 90 996 801
3 71 298 801
3 71 996 801
3 298 71 996
3 801 71 726
3 71 726 298
3 996 801 726
3 996 801 1142
3 1142 726 801
3 801 617 1142
3 1142 541 801
3 617 541 801
3 617 541 1142
3 617 801 996
3 432 124 801
3 541 432 801
3 541 124 801
3 726 432 801
3 801 124 726
3 541 845 801
3 1007 801 541
3 1007 801 845
3 652 374 530
3 628 530 652
3 530 374 628
3 628 374 652
3 530 652 575
3 575 530 374
3 374 652 575
3 16 652 575
3 16 530 575
3 530 16 652
3 530 318 652
3 652 318 628
3 530 318 628
3 652 318 1144
3 1144 652 530
3 652 318 832
3 832 652 1144
3 652 628 832
3 279 16 628
3 628 16 652
3 279 16 652
3 628 279 652
3 649 264 904
3 264 164 904
3 264 164 649
3 649 164 904
3 264 56 904
3 649 56 904
3 164 56 264
3 56 904 164
3 56 904 295
3 279 904 295
3 279 56 904
3 279 16 904
3 904 16 649
3 649 279 904
3 279 16 649
3 904 16 628
3 904 628 279
3 652 16 904
3 652 649 904
3 16 652 649
3 628 652 904
3 649 575 904
3 904 143 649
3 575 143 904
3 615 954 904
3 904 295 954
3 904 295 615
3 615 56 904
3 904 615 649
3 954 904 56
3 954 904 951
3 904 295 951
3 954 951 295
3 56 951 904
3 954 56 951
3 649 575 652
3 652 575 904
3 730 567 585
3 889 730 585
3 567 889 585
3 585 1 730
3 585 1 718
3 718 585 730
3 730 1 718
3 1102 730 585
3 585 1 1102
3 567 585 1102
3 661 580 842
3 741 661 842
3 842 580 741
3 135 842 295
3 738 135 842
3 738 295 842
3 738 295 135
3 295 135 580
3 135 842 580
3 295 842 580
3 340 156 842
3 738 156 842
3 738 340 842
3 1149 961 983
3 1049 961 1149
3 1149 983 1049
3 1149 961 91
3 1149 91 983
3 842 580 1149
3 842 661 1149
3 580 1149 661
3 1149 295 135
3 1149 295 580
3 580 135 1149
3 580 1149 954
3 1149 954 1049
3 1049 580 1149
3 1149 954 295
3 135 954 1149
3 1149 295 301
3 1149 301 580
3 580 295 301
3 1149 954 301
3 301 295 954
3 465 206 983
3 206 465 412
3 983 412 206
3 983 412 465
3 1049 465 206
3 983 206 1049
3 961 206 465
3 206 961 1049
3 412 206 1117
3 412 1117 465
3 1117 465 206
3 959 611 658
3 658 500 959
3 611 500 959
3 611 500 658
3 841 658 959
3 841 611 959
3 500 959 584
3 303 959 584
3 500 303 959
3 658 303 959
3 303 271 959
3 658 271 959
3 959 365 500
3 658 365 959
3 500 365 658
3 365 959 584
3 601 1143 959
3 959 584 1143
3 959 584 601
3 601 303 959
3 959 601 658
3 1143 959 303
3 727 1143 959
3 727 584 959
3 584 727 1143
3 303 959 727
3 1143 303 727
3 126 349 305
3 436 305 126
3 349 126 436
3 436 305 349
3 305 126 306
3 306 126 1075
3 126 1075 305
3 487 126 349
3 349 126 1124
3 1124 126 487
3 305 126 717
3 305 717 349
3 717 349 126
3 306 126 717
3 126 20 861
3 306 126 861
3 20 306 126
3 861 20 306
3 861 126 1075
3 126 20 1075
3 1075 20 861
3 1109 1075 126
3 126 20 1109
3 20 1109 1075
3 349 1109 1075
3 126 1075 349
3 1109 126 349
3 306 126 1109
3 625 342 932
3 693 625 932
3 342 693 625
3 1074 102 625
3 423 102 625
3 625 1074 423
3 625 102 932
3 625 932 1074
3 625 423 932
3 708 625 469
3 708 625 423
3 469 423 625
3 469 1073 625
3 708 625 1073
3 625 469 932
3 1073 932 625
3 469 1073 932
3 423 414 625
3 625 414 932
3 625 360 423
3 360 708 625
3 813 1162 957
3 300 957 813
3 1162 957 300
3 1162 300 813
3 813 1194 957
3 1194 957 1162
3 1162 813 1194
3 1194 957 300
3 1194 957 497
3 497 300 957
3 186 1162 957
3 186 1194 957
3 300 186 957
3 843 300 957
3 957 186 843
3 957 264 497
3 843 497 957
3 497 264 843
3 843 264 957
3 264 957 1194
3 843 110 957
3 300 110 957
3 346 110 957
3 843 346 957
3 300 957 346
3 497 109 957
3 957 109 843
3 497 109 843
3 957 109 1109
3 1109 957 497
3 843 451 957
3 957 496 843
3 957 496 451
3 957 109 20
3 957 20 1109
3 843 20 957
3 451 20 957
3 888 662 188
3 662 1190 888
3 1190 188 662
3 188 1190 888
3 1190 888 813
3 176 813 1190
3 1190 888 176
3 813 176 888
3 188 176 888
3 176 888 662
3 744 176 888
3 888 188 744
3 888 300 813
3 813 744 888
3 744 300 813
3 744 300 888
3 1190 813 300
3 300 888 1190
3 813 615 888
3 888 615 744
3 813 615 744
3 888 615 1194
3 1194 888 813
3 744 161 888
3 387 161 888
3 744 387 888
3 176 161 888
3 176 888 387
3 888 615 47
3 888 47 1194
3 744 47 888
3 744 301 888
3 888 580 744
3 888 580 301
3 301 47 888
3 1006 386 1165
3 1165 271 1006
3 386 271 1006
3 386 271 1165
3 386 1165 743
3 386 1006 743
3 596 386 118
3 596 386 138
3 138 118 386
3 386 118 1154
3 386 113 118
3 386 113 1154
3 113 1154 118
3 1154 118 1165
3 386 118 1165
3 1154 386 1165
3 386 113 1185
3 118 1185 386
3 118 113 1185
3 596 386 1185
3 113 596 386
3 1185 113 596
3 596 386 1154
3 236 271 378
3 236 601 378
3 271 236 601
3 243 236 1097
3 236 98 243
3 236 1097 98
3 243 236 404
3 404 236 1097
3 229 1062 236
3 601 236 1062
3 601 229 236
3 899 236 98
3 98 708 236
3 899 236 708
3 899 236 1062
3 899 229 1062
3 229 899 236
3 601 236 899
3 601 98 236
3 1062 236 1143
3 899 236 1143
3 1143 1062 899
3 601 236 1143
3 1062 601 1143
3 355 87 516
3 355 87 666
3 666 87 516
3 87 486 355
3 516 87 486
3 781 87 243
3 148 87 781
3 243 148 87
3 486 87 1046
3 486 87 973
3 1046 87 973
3 1046 87 781
3 1046 87 243
3 148 87 1046
3 87 148 486
3 781 87 976
3 1046 87 976
3 976 781 1046
3 148 87 976
3 781 148 976
3 151 769 738
3 738 151 842
3 738 842 769
3 842 769 151
3 648 148 151
3 648 151 769
3 769 148 151
3 1019 738 151
3 769 151 1019
3 1019 738 769
3 1019 151 156
3 156 151 738
3 1019 151 366
3 151 769 366
3 769 366 1019
3 366 151 156
3 1033 151 769
3 508 151 1033
3 508 151 769
3 1033 366 769
3 151 1033 366
3 195 771 406
3 195 696 406
3 771 406 696
3 696 195 771
3 406 195 335
3 771 406 335
3 195 771 335
3 696 406 335
3 195 335 696
3 648 195 1062
3 771 195 1062
3 771 648 195
3 648 195 681
3 1062 195 681
3 195 648 335
3 681 335 195
3 681 335 648
3 41 1062 195
3 41 899 195
3 1062 195 899
3 899 41 1062
3 195 41 771
3 771 195 899
3 41 771 899
3 340 91 626
3 626 91 1042
3 626 340 1042
3 340 91 1042
3 340 91 961
3 626 340 961
3 961 626 91
3 626 283 913
3 626 283 807
3 913 626 807
3 283 807 913
3 91 983 626
3 1042 983 91
3 626 1042 983
3 91 626 283
3 626 283 983
3 234 913 626
3 234 283 626
3 769 366 684
3 684 366 1019
3 684 1019 769
3 1033 366 684
3 769 684 1033
3 684 1033 1019
3 866 684 1019
3 684 340 1019
3 684 340 866
3 510 68 684
3 684 510 886
3 684 68 886
3 508 510 684
3 508 68 684
3 508 510 68
3 684 508 1033
3 684 510 1033
3 508 1033 510
3 684 68 1033
3 508 68 1033
3 684 1033 886
3 886 684 1019
3 1074 189 253
3 189 951 1074
3 189 253 951
3 1074 290 189
3 189 290 253
3 951 189 290
3 290 189 860
3 287 189 860
3 189 290 287
3 565 287 189
3 253 189 565
3 189 287 253
3 253 287 565
3 188 189 565
3 189 188 287
3 565 189 662
3 662 253 189
3 188 662 189
3 1124 189 253
3 487 189 1124
3 253 189 487
3 360 189 423
3 860 189 360
3 860 189 423
3 423 290 189
3 423 189 253
3 290 189 360
3 360 189 977
3 860 189 977
3 977 360 860
3 290 189 977
3 360 290 977
3 189 1124 662
3 594 1080 1008
3 594 928 1008
3 928 594 1080
3 326 1008 594
3 1080 326 594
3 928 326 594
3 628 594 832
3 832 594 1080
3 628 1080 594
3 628 594 652
3 832 594 652
3 628 326 594
3 594 326 652
3 652 326 628
3 318 539 594
3 318 832 594
3 539 832 594
3 539 318 832
3 594 318 1080
3 594 539 1080
3 318 1080 539
3 594 1080 818
3 326 594 818
3 594 539 818
3 832 594 818
3 738 151 903
3 842 738 903
3 903 151 842
3 977 135 903
3 427 135 903
3 977 427 903
3 903 195 335
3 427 335 903
3 427 195 903
3 335 195 427
3 335 151 195
3 903 151 335
3 903 151 195
3 598 406 771
3 771 598 899
3 598 406 899
3 771 406 899
3 335 598 771
3 598 335 406
3 195 771 598
3 899 195 598
3 598 195 335
3 1062 598 899
3 1062 195 598
3 598 229 1062
3 598 229 899
3 598 708 1143
3 1143 598 899
3 598 899 708
3 81 809 221
3 221 871 809
3 871 809 81
3 1186 875 809
3 452 809 1186
3 809 452 875
3 1186 809 81
3 875 81 809
3 81 875 1186
3 149 81 809
3 221 149 809
3 149 1186 809
3 809 149 452
3 1176 752 809
3 81 809 752
3 1176 81 809
3 1084 108 1128
3 1128 322 1084
3 322 108 1084
3 322 108 1128
3 839 650 1128
3 108 1128 839
3 650 108 1128
3 108 1128 526
3 466 108 1128
3 108 526 466
3 526 466 1128
3 108 1128 915
3 1128 915 526
3 806 1173 1040
3 241 1040 806
3 1173 1040 241
3 1173 241 806
3 531 425 827
3 1173 425 827
3 531 425 1173
3 1173 531 827
3 531 425 1092
3 215 1092 425
3 531 215 1092
3 531 215 425
3 1092 425 827
3 1092 531 827
3 1173 425 1092
3 1173 215 1092
3 215 1173 425
3 1092 827 1173
3 806 1092 1040
3 1092 1040 1173
3 1173 806 1092
3 806 215 1092
3 806 546 1092
3 215 1092 546
3 857 806 1092
3 215 1092 857
3 1092 1040 241
3 1092 241 806
3 559 285 718
3 718 285 730
3 559 285 730
3 559 285 488
3 718 285 488
3 718 488 559
3 285 241 806
3 285 835 806
3 835 241 285
3 806 241 835
3 559 285 806
3 241 285 559
3 857 806 285
3 835 285 857
3 857 806 835
3 857 285 1092
3 1092 285 806
3 215 857 285
3 835 215 285
3 285 215 1092
3 442 131 835
3 442 131 1110
3 1110 835 442
3 442 131 285
3 442 285 835
3 835 131 285
3 889 442 585
3 889 730 442
3 585 442 730
3 889 442 567
3 567 442 585
3 66 292 1199
3 1199 1113 292
3 292 66 1113
3 1199 292 814
3 66 814 292
3 292 1110 650
3 292 492 650
3 492 292 1110
3 292 178 1110
3 131 178 292
3 292 131 1110
3 131 1110 178
3 1175 100 704
3 1164 704 100
3 100 1175 1164
3 319 100 1175
3 319 100 704
3 170 100 276
3 276 100 933
3 170 933 100
3 170 100 1172
3 100 704 170
3 1172 704 100
3 170 1172 704
3 276 100 1172
3 100 933 704
3 1012 933 100
3 1012 100 704
3 219 100 854
3 276 100 854
3 276 100 219
3 854 219 276
3 854 100 933
3 219 100 933
3 933 219 854
3 219 100 1047
3 276 100 1047
3 1047 933 100
3 1047 100 704
3 371 111 1189
3 522 371 1189
3 1189 111 522
3 111 1198 1189
3 1198 1189 371
3 517 31 1189
3 371 31 1189
3 517 1189 371
3 522 31 1189
3 522 517 1189
3 522 380 1189
3 522 1189 689
3 1189 689 380
3 227 174 1189
3 522 227 1189
3 1189 174 522
3 1189 174 1145
3 227 174 1145
3 1189 227 1145
3 380 227 1189
3 833 187 472
3 472 187 484
3 484 187 833
3 723 472 187
3 187 833 723
3 187 713 560
3 472 187 560
3 187 713 472
3 472 713 560
3 560 187 734
3 734 187 713
3 560 187 723
3 723 187 734
3 187 949 962
3 962 187 472
3 187 472 949
3 604 187 713
3 604 472 713
3 604 472 187
3 203 949 359
3 203 970 949
3 359 203 970
3 540 203 359
3 540 203 949
3 844 203 540
3 844 203 359
3 844 203 949
3 750 203 844
3 203 750 949
3 540 203 235
3 844 203 235
3 540 235 844
3 235 203 949
3 235 949 540
3 750 203 1030
3 203 970 750
3 750 1030 970
3 1030 970 203
3 844 203 1030
3 892 750 203
3 892 203 970
3 892 750 970
3 892 203 280
3 280 203 750
3 892 203 475
3 203 970 475
3 475 203 280
3 1153 203 970
3 203 1153 475
3 518 203 1153
3 518 203 970
3 203 949 869
3 869 203 970
3 237 60 405
3 237 1082 405
3 1082 405 60
3 405 60 1158
3 405 237 1158
3 478 405 1082
3 237 478 405
3 1082 405 989
3 60 989 405
3 1082 60 989
3 478 405 989
3 478 989 1082
3 478 405 60
3 478 405 199
3 199 60 405
3 199 1071 405
3 405 199 1158
3 405 1158 1071
3 1158 1071 199
3 478 405 1071
3 983 405 1158
3 405 1158 412
3 405 983 412
3 405 91 983
3 405 91 1158
3 99 60 405
3 405 99 1158
3 612 677 816
3 612 880 816
3 677 612 880
3 816 612 797
3 612 797 677
3 612 880 797
3 612 69 880
3 612 69 185
3 880 185 612
3 867 612 797
3 848 797 612
3 797 867 848
3 612 867 848
3 612 181 867
3 612 181 797
3 880 431 612
3 612 431 797
3 509 69 612
3 612 509 880
3 733 668 901
3 712 901 733
3 712 668 901
3 1105 733 901
3 668 901 1105
3 1105 712 901
3 60 901 490
3 901 490 668
3 668 60 901
3 99 60 901
3 712 60 901
3 901 99 712
3 99 60 712
3 901 99 405
3 901 405 60
3 60 989 901
3 60 989 712
3 901 712 989
3 901 490 989
3 901 712 1158
3 712 901 807
3 1158 807 901
3 901 99 1158
3 405 1158 901
3 668 446 901
3 668 901 737
3 901 737 446
3 901 446 712
3 351 737 901
3 901 490 351
3 737 490 901
3 737 351 490
3 901 351 668
3 351 668 737
3 446 490 901
3 416 112 890
3 557 416 890
3 416 112 557
3 557 112 890
3 206 112 412
3 206 112 1083
3 412 112 1083
3 412 1083 206
3 412 112 1117
3 206 112 1117
3 712 291 733
3 291 416 712
3 291 733 416
3 291 190 712
3 291 190 733
3 291 416 190
3 446 291 733
3 733 291 737
3 737 291 446
3 291 190 807
3 807 291 733
3 291 733 453
3 291 446 453
3 873 291 453
3 873 291 296
3 873 296 453
3 453 291 296
3 733 291 873
3 206 1083 820
3 465 820 1083
3 206 1083 465
3 820 206 465
3 820 7 1181
3 820 7 945
3 1181 945 820
3 820 348 7
3 820 348 1181
3 820 7 238
3 820 238 945
3 945 7 238
3 820 348 238
3 238 7 348
3 820 348 945
3 238 945 348
3 262 1193 763
3 289 262 763
3 262 1193 289
3 763 289 1193
3 763 257 262
3 763 257 1193
3 763 257 936
3 936 262 763
3 763 778 999
3 999 936 763
3 778 763 936
3 289 999 763
3 778 289 763
3 936 289 763
3 763 262 766
3 766 763 289
3 766 262 289
3 455 763 766
3 262 455 763
3 454 761 763
3 454 257 763
3 761 257 763
3 257 454 761
3 763 454 936
3 763 761 936
3 454 936 761
3 763 761 716
3 763 257 716
3 936 716 763
3 289 763 716
3 766 763 872
3 763 289 872
3 455 872 763
3 258 681 507
3 507 508 681
3 508 258 507
3 507 65 681
3 258 65 507
3 508 507 65
3 507 289 679
3 679 507 258
3 289 258 507
3 258 289 679
3 679 507 999
3 507 999 289
3 872 507 289
3 872 507 65
3 289 65 507
3 258 976 507
3 507 148 258
3 507 148 976
3 445 679 507
3 445 258 507
3 507 445 999
3 289 763 507
3 763 258 289
3 507 258 763
3 872 507 763
3 976 445 507
3 180 65 507
3 507 180 258
3 180 1088 507
3 1088 507 65
3 872 507 1088
3 180 872 507
3 1088 507 766
3 65 766 507
3 1088 65 766
3 872 507 766
3 1088 766 872
3 760 664 761
3 761 760 73
3 664 73 760
3 73 664 761
3 357 760 761
3 760 357 664
3 761 760 822
3 357 822 760
3 760 73 822
3 645 510 760
3 819 510 760
3 760 645 819
3 73 760 510
3 645 73 760
3 819 73 760
3 887 760 664
3 887 664 819
3 819 760 887
3 819 664 760
3 73 760 513
3 822 513 760
3 73 760 440
3 513 440 760
3 760 311 664
3 311 73 664
3 311 73 760
3 887 664 311
3 311 760 887
3 819 68 760
3 760 582 68
3 760 582 819
3 760 68 73
3 582 887 760
3 887 68 582
3 68 887 760
3 460 887 664
3 460 311 664
3 460 311 887
3 460 887 819
3 664 460 819
3 311 27 664
3 311 27 460
3 460 27 664
3 1081 819 460
3 828 460 1081
3 819 460 828
3 760 460 819
3 460 582 760
3 460 819 582
3 460 887 760
3 582 460 887
3 645 460 819
3 819 460 830
3 830 460 645
3 460 645 1081
3 1022 741 868
3 602 868 741
3 1022 602 868
3 602 1022 741
3 868 741 971
3 971 868 1022
3 868 741 162
3 602 162 868
3 868 162 971
3 602 80 868
3 162 80 868
3 913 868 1022
3 913 868 969
3 868 969 1022
3 80 1140 868
3 1140 868 602
3 868 463 1022
3 602 463 1022
3 602 463 868
3 463 868 913
3 34 283 868
3 34 913 868
3 283 913 868
3 283 34 913
3 868 34 969
3 868 283 969
3 34 969 283
3 969 99 868
3 969 602 868
3 868 99 602
3 868 283 99
3 99 913 868
3 969 237 868
3 602 237 868
3 526 466 343
3 343 623 526
3 623 343 466
3 108 1128 343
3 466 343 1128
3 466 108 343
3 821 343 1084
3 466 343 1084
3 343 466 821
3 1084 343 1128
3 108 1084 343
3 343 191 821
3 191 343 1084
3 1128 343 599
3 1084 343 599
3 1128 599 1084
3 466 343 599
3 1128 466 599
3 665 532 1103
3 27 1103 532
3 665 27 1103
3 27 665 532
3 353 1103 532
3 1103 353 665
3 586 532 1103
3 353 586 1103
3 586 27 1103
3 27 1103 311
3 586 311 1103
3 27 1103 664
3 1103 664 311
3 833 385 1043
3 962 385 1043
3 1043 833 962
3 385 1043 484
3 833 484 1043
3 480 484 1043
3 385 1043 480
3 484 385 480
3 480 344 1043
3 484 344 1043
3 344 480 484
3 385 344 480
3 1043 344 385
3 484 344 833
3 1043 344 833
3 472 385 1043
3 962 472 1043
3 472 235 1043
3 1043 235 385
3 962 235 1043
3 1043 410 181
3 962 181 1043
3 1043 410 962
3 1043 410 867
3 181 867 410
3 1043 181 867
3 962 372 1043
3 372 984 962
3 1043 984 372
3 962 1043 984
3 372 181 1043
3 612 592 797
3 612 592 848
3 592 848 797
3 592 185 1118
3 858 592 1118
3 592 185 858
3 867 848 592
3 592 690 867
3 690 592 848
3 592 185 612
3 612 185 797
3 592 185 797
3 592 185 848
3 848 1118 592
3 232 612 592
3 232 185 592
3 612 232 185
3 592 232 848
3 232 848 612
3 586 311 547
3 547 311 641
3 547 641 586
3 586 311 641
3 547 311 532
3 547 532 586
3 586 547 915
3 690 547 915
3 547 690 586
3 755 690 547
3 755 547 641
3 547 690 641
3 547 848 755
3 848 547 690
3 547 641 848
3 547 311 864
3 532 864 547
3 864 641 547
3 547 353 586
3 586 353 641
3 641 353 547
3 353 547 915
3 547 357 641
3 641 547 822
3 357 822 547
3 864 357 547
3 669 547 600
3 915 547 600
3 915 547 669
3 669 600 915
3 600 547 690
3 669 547 690
3 600 690 669
3 104 669 547
3 104 915 547
3 690 104 547
3 547 104 641
3 896 1154 1088
3 1088 896 378
3 1154 378 896
3 378 1154 1088
3 13 896 1088
3 896 13 1154
3 896 118 1154
3 896 118 1165
3 1154 1165 896
3 378 229 896
3 1062 896 378
3 229 1062 896
3 1088 896 979
3 13 979 896
3 896 378 979
3 896 113 1154
3 378 113 1154
3 378 113 896
3 113 896 118
3 979 229 896
3 896 37 386
3 386 118 896
3 896 118 37
3 386 37 118
3 896 386 1165
3 896 37 1165
3 1165 37 386
3 896 37 926
3 896 118 926
3 896 1165 926
3 1165 926 37
3 1165 378 896
3 378 926 1165
3 378 896 926
3 786 6 885
3 786 394 885
3 394 6 786
3 394 6 885
3 414 102 912
3 423 414 912
3 423 102 912
3 102 928 912
3 928 912 414
3 912 625 423
3 360 912 625
3 360 423 912
3 414 912 625
3 708 625 912
3 708 414 912
3 414 708 625
3 912 360 708
3 1143 912 708
3 1143 912 598
3 708 598 912
3 912 98 708
3 414 98 708
3 414 98 912
3 98 912 1143
3 584 1143 912
3 912 584 462
3 462 1143 912
3 912 584 899
3 899 1143 912
3 899 584 1143
3 598 912 899
3 912 584 598
3 598 584 899
3 598 462 912
3 584 462 598
3 414 462 598
3 598 414 912
3 414 912 462
3 462 304 829
3 829 304 1008
3 829 462 1008
3 462 304 1008
3 829 304 885
3 829 885 462
3 462 829 598
3 414 829 598
3 462 414 829
3 829 326 1008
3 326 102 829
3 1008 102 829
3 414 326 829
3 414 326 1008
3 829 414 1008
3 829 102 414
3 829 818 1008
3 829 539 1008
3 818 539 829
3 786 304 829
3 1008 786 829
3 1008 786 304
3 829 786 885
3 462 829 584
3 1008 584 829
3 1008 584 462
3 584 829 598
3 818 786 1008
3 818 786 829
3 829 406 912
3 414 912 829
3 829 406 414
3 414 406 912
3 829 598 912
3 829 598 406
3 912 406 598
3 542 469 611
3 611 542 817
3 611 469 817
3 542 469 817
3 611 500 841
3 542 500 841
3 611 500 542
3 841 542 611
3 625 542 932
3 542 469 625
3 542 469 932
3 1014 871 1133
3 1133 1014 30
3 30 871 1133
3 1133 389 128
3 133 128 1133
3 133 1133 389
3 133 128 389
3 1133 389 790
3 128 790 389
3 1133 128 790
3 171 15 278
3 278 15 651
3 278 171 651
3 171 651 15
3 377 1107 1007
3 377 481 1007
3 481 377 1107
3 317 538 377
3 377 317 1107
3 538 377 1107
3 317 1107 538
3 317 831 377
3 831 377 538
3 538 317 831
3 831 377 1107
3 317 1107 831
3 715 418 746
3 715 437 746
3 746 418 437
3 1010 746 715
3 418 1010 746
3 437 193 746
3 790 193 746
3 790 437 746
3 715 193 746
3 715 746 790
3 462 304 746
3 437 746 462
3 437 304 746
3 462 304 437
3 746 462 786
3 786 746 304
3 746 462 885
3 746 437 885
3 885 746 786
3 437 746 727
3 746 303 437
3 727 303 746
3 885 727 746
3 653 446 838
3 653 446 873
3 838 653 873
3 838 739 653
3 653 446 739
3 653 152 739
3 838 152 653
3 453 446 653
3 653 453 739
3 453 446 739
3 453 873 653
3 152 677 653
3 677 653 739
3 453 653 583
3 395 653 583
3 453 395 653
3 395 157 653
3 181 157 653
3 653 181 395
3 653 157 739
3 653 395 739
3 739 181 653
3 653 296 453
3 453 296 739
3 739 296 653
3 296 653 583
3 653 246 569
3 395 653 569
3 653 246 395
3 395 246 569
3 653 583 569
3 653 583 246
3 569 246 583
3 653 246 742
3 653 583 742
3 653 395 742
3 742 653 739
3 921 747 1139
3 459 1139 747
3 921 459 1139
3 459 921 747
3 1139 747 1070
3 921 1070 1139
3 921 1139 956
3 364 1139 956
3 921 364 1139
3 1139 747 274
3 1139 274 1070
3 459 274 1139
3 459 338 1139
3 1139 701 338
3 459 1139 701
3 1139 183 921
3 459 183 921
3 459 183 1139
3 183 1139 956
3 338 274 1139
3 299 724 1139
3 1139 956 299
3 1139 956 724
3 724 299 956
3 1139 299 364
3 364 1139 724
3 299 364 724
3 847 117 870
3 449 117 847
3 847 449 870
3 847 799 870
3 799 270 847
3 847 270 870
3 870 310 847
3 799 310 847
3 461 28 847
3 847 28 870
3 847 461 870
3 461 28 870
3 847 28 656
3 847 656 461
3 847 376 461
3 117 847 376
3 461 117 847
3 310 28 847
3 847 310 656
3 461 847 570
3 870 570 461
3 870 570 847
3 847 376 570
3 840 117 847
3 847 840 870
3 847 376 1106
3 117 1106 847
3 1087 1031 1056
3 1087 266 1056
3 266 1087 1031
3 1087 672 596
3 1087 1031 672
3 596 1031 1087
3 1087 1031 1126
3 1126 1056 1087
3 1087 672 1126
3 1126 596 1087
3 3 672 1087
3 1087 1031 3
3 672 3 1031
3 1087 3 1126
3 3 1126 672
3 1126 113 1087
3 1179 113 1087
3 1179 1087 1126
3 535 1087 1193
3 1087 1056 1193
3 1087 535 1056
3 150 1193 1087
3 1087 150 535
3 279 904 361
3 649 361 904
3 649 361 279
3 295 279 361
3 904 295 361
3 951 427 361
3 951 361 279
3 427 279 361
3 279 427 951
3 135 361 951
3 361 135 427
3 295 951 361
3 135 295 361
3 427 361 903
3 903 279 427
3 361 279 903
3 914 628 279
3 361 914 628
3 279 628 361
3 914 279 361
3 685 91 1149
3 685 340 1149
3 340 91 685
3 340 91 1149
3 685 1149 961
3 685 91 961
3 1049 685 1149
3 685 1049 961
3 580 135 685
3 842 580 685
3 685 135 842
3 685 580 1149
3 1149 135 685
3 685 1149 842
3 685 156 340
3 685 156 842
3 842 340 685
3 340 866 685
3 1149 866 340
3 685 1149 866
3 685 156 866
3 741 685 738
3 685 156 738
3 685 156 741
3 741 738 156
3 738 685 842
3 741 685 842
3 738 842 741
3 661 741 685
3 685 156 661
3 842 661 685
3 685 661 1149
3 465 172 643
3 465 16 643
3 465 172 16
3 643 16 172
3 172 16 279
3 279 172 914
3 172 16 914
3 279 16 914
3 279 172 652
3 652 172 16
3 279 172 628
3 172 914 628
3 628 172 652
3 980 594 326
3 361 980 594
3 361 326 594
3 361 326 980
3 980 628 914
3 980 172 914
3 172 980 628
3 980 628 594
3 326 628 980
3 361 980 628
3 914 361 980
3 279 594 980
3 980 628 279
3 594 279 628
3 980 279 361
3 279 361 594
3 6 786 581
3 581 6 818
3 581 786 818
3 885 581 786
3 885 581 6
3 1035 581 1065
3 1035 581 1147
3 581 1147 1065
3 581 554 1065
3 1065 6 581
3 554 6 1065
3 554 6 581
3 554 581 1035
3 223 1035 581
3 581 223 1147
3 729 128 732
3 389 729 732
3 389 128 732
3 729 389 128
3 732 729 485
3 732 128 485
3 732 780 794
3 147 794 732
3 780 147 732
3 133 1133 732
3 732 128 133
3 732 128 1133
3 147 133 732
3 732 147 1133
3 133 1133 147
3 768 732 147
3 647 147 732
3 647 768 732
3 647 147 768
3 732 133 768
3 768 133 147
3 794 89 515
3 251 89 515
3 794 251 515
3 485 89 515
3 485 515 794
3 485 251 515
3 1079 515 303
3 1079 515 485
3 485 303 515
3 303 271 515
3 303 251 515
3 251 515 271
3 251 303 271
3 515 271 959
3 515 959 303
3 515 251 658
3 251 941 515
3 515 941 658
3 303 727 515
3 727 251 303
3 515 251 727
3 1079 515 727
3 515 271 658
3 658 515 959
3 1079 515 1130
3 239 1130 515
3 239 1079 515
3 1130 515 729
3 1079 515 729
3 1130 729 1079
3 485 729 515
3 1130 515 485
3 1130 485 729
3 485 239 515
3 515 239 251
3 617 519 1108
3 617 375 1108
3 375 519 1108
3 524 1108 617
3 524 519 1108
3 524 375 1108
3 1196 1108 925
3 1196 1108 375
3 925 375 1108
3 925 749 1108
3 925 524 1108
3 524 1108 749
3 524 925 749
3 1108 749 780
3 1108 780 925
3 1108 213 925
3 524 213 925
3 524 213 1108
3 213 1108 1196
3 524 51 1108
3 524 214 1108
3 214 51 1108
3 1108 749 51
3 1108 51 780
3 968 1005 1108
3 968 1196 1108
3 1005 1196 1108
3 1005 968 1196
3 375 1108 968
3 375 1108 1005
3 1005 375 968
3 1108 1005 59
3 59 1196 1108
3 375 59 1108
3 1108 59 524
3 667 506 259
3 667 259 483
3 667 506 483
3 483 259 506
3 667 238 945
3 945 190 667
3 238 190 945
3 238 190 667
3 667 506 945
3 238 667 506
3 667 945 890
3 890 667 190
3 190 945 890
3 820 945 890
3 890 667 820
3 820 667 945
3 190 667 416
3 1105 667 190
3 416 1105 667
3 383 826 644
3 1157 383 826
3 1157 644 826
3 383 1157 644
3 546 383 826
3 546 383 644
3 826 644 546
3 826 525 1157
3 826 525 1010
3 826 1157 1010
3 383 231 546
3 383 231 826
3 546 231 826
3 1010 383 826
3 1010 696 826
3 383 826 696
3 826 114 1157
3 114 826 525
3 383 114 826
3 383 114 1157
3 826 41 418
3 826 525 418
3 826 525 41
3 418 41 525
3 826 418 1010
3 826 41 1010
3 1010 41 418
3 771 41 826
3 826 525 771
3 1010 771 826
3 383 826 771
3 640 356 718
3 663 356 718
3 718 640 663
3 640 663 356
3 559 356 663
3 559 254 663
3 663 254 356
3 539 1065 663
3 1065 663 818
3 539 1065 818
3 663 539 818
3 288 120 990
3 288 120 790
3 990 790 288
3 120 990 790
3 120 389 288
3 120 990 389
3 389 288 990
3 389 288 1133
3 389 288 790
3 288 790 1133
3 288 133 1133
3 133 288 389
3 128 389 288
3 288 120 128
3 128 120 389
3 288 128 790
3 790 120 128
3 922 111 1198
3 1198 9 922
3 111 9 922
3 111 9 1198
3 1189 922 1198
3 111 922 1189
3 9 922 223
3 1147 922 9
3 223 1147 922
3 23 9 922
3 223 23 922
3 106 1064 978
3 1064 1014 978
3 1014 106 978
3 1064 871 978
3 871 106 978
3 978 871 1014
3 978 519 1095
3 978 519 1014
3 1014 1095 978
3 106 978 174
3 1176 978 106
3 174 1176 978
3 1095 106 978
3 1145 1095 978
3 1145 978 106
3 106 1095 1145
3 978 324 1095
3 324 106 1095
3 324 106 978
3 324 978 519
3 1014 968 978
3 106 978 968
3 968 375 978
3 978 375 1014
3 978 519 375
3 978 519 968
3 30 375 978
3 978 30 1014
3 30 1014 375
3 978 519 30
3 375 30 519
3 207 33 1078
3 33 401 207
3 401 207 1078
3 207 33 1095
3 207 1095 1078
3 1145 1095 207
3 207 978 1145
3 978 207 1095
3 207 33 324
3 401 207 324
3 324 33 401
3 324 207 1095
3 1095 33 324
3 401 207 1095
3 324 1095 401
3 731 388 935
3 388 127 731
3 388 127 935
3 388 728 731
3 388 935 728
3 728 388 127
3 721 388 141
3 721 388 127
3 141 127 388
3 212 141 388
3 388 141 935
3 388 212 935
3 212 141 935
3 388 212 517
3 388 517 141
3 1013 388 935
3 388 277 935
3 388 277 1013
3 141 1012 388
3 1012 935 388
3 141 1012 935
3 721 388 1012
3 388 212 1098
3 1098 935 388
3 212 1098 935
3 1098 388 517
3 1098 1013 935
3 388 1013 1098
3 132 782 388
3 721 388 782
3 132 721 388
3 132 127 388
3 388 132 935
3 782 388 127
3 782 388 562
3 721 388 562
3 782 562 721
3 127 562 388
3 782 127 562
3 785 571 1007
3 785 571 501
3 1007 501 571
3 845 571 1007
3 1007 538 571
3 845 538 1007
3 571 538 845
3 785 571 845
3 571 302 1017
3 302 785 571
3 785 571 1017
3 571 501 1017
3 538 501 571
3 538 571 1017
3 571 302 501
3 159 302 571
3 159 785 571
3 302 159 785
3 571 159 501
3 159 501 302
3 538 657 571
3 657 249 571
3 538 249 571
3 571 501 657
3 571 249 501
3 1107 571 538
3 1107 1007 571
3 538 1007 1107
3 538 377 571
3 377 1107 571
3 538 831 571
3 802 571 538
3 802 571 831
3 831 377 571
3 687 163 1191
3 687 555 163
3 687 555 1191
3 687 163 305
3 687 305 1191
3 305 687 555
3 687 555 803
3 803 305 687
3 687 163 717
3 687 555 717
3 717 163 555
3 305 717 687
3 305 163 717
3 436 305 687
3 436 126 687
3 687 126 305
3 620 97 796
3 620 97 320
3 796 320 620
3 589 320 620
3 589 44 620
3 589 320 44
3 620 44 320
3 620 589 803
3 589 320 803
3 620 320 803
3 589 44 803
3 803 44 620
3 620 796 717
3 620 803 796
3 717 620 803
3 796 717 803
3 249 620 717
3 620 249 796
3 796 620 907
3 796 907 803
3 907 803 620
3 620 97 907
3 803 555 620
3 687 620 803
3 687 555 620
3 555 717 620
3 249 555 620
3 620 97 930
3 620 521 930
3 521 97 620
3 521 930 97
3 320 930 620
3 320 620 521
3 521 320 930
3 39 671 550
3 39 710 550
3 671 39 710
3 450 39 831
3 450 317 39
3 831 39 317
3 470 39 710
3 317 39 470
3 317 710 39
3 450 39 802
3 802 39 831
3 1027 39 1041
3 710 39 1041
3 710 39 1027
3 1027 710 1041
3 470 39 1041
3 470 39 1027
3 1027 1041 470
3 317 39 1107
3 470 39 1107
3 244 142 918
3 1187 918 142
3 918 244 1187
3 142 244 1187
3 837 142 918
3 837 142 244
3 724 142 918
3 142 918 683
3 724 683 142
3 724 683 918
3 724 1187 918
3 724 142 1187
3 142 78 630
3 142 78 428
3 428 142 630
3 630 78 428
3 1177 630 142
3 1177 630 918
3 142 918 630
3 1177 142 918
3 142 78 1177
3 78 1177 630
3 683 142 1167
3 1167 918 142
3 683 1167 918
3 588 78 4
3 588 4 1168
3 4 1168 78
3 588 78 1168
3 588 4 420
3 420 4 78
3 588 4 988
3 4 1168 988
3 988 4 420
3 78 4 142
3 142 4 428
3 428 78 4
3 1015 4 1168
3 4 673 1015
3 4 1168 673
3 1015 428 4
3 4 1168 428
3 673 4 428
3 1085 4 1168
3 4 1085 988
3 29 4 1168
3 29 4 1085
3 78 4 1177
3 78 1177 1168
3 1177 1168 4
3 142 4 1177
3 1167 428 4
3 1167 4 1168
3 683 4 1167
3 428 4 683
3 142 4 683
3 142 4 1167
3 683 4 630
3 428 4 630
3 683 428 630
3 142 4 630
3 683 630 142
3 609 576 650
3 650 178 576
3 609 178 650
3 576 178 609
3 650 576 839
3 839 576 609
3 839 576 1128
3 1128 650 576
3 576 531 827
3 531 839 576
3 839 576 827
3 576 1128 827
3 576 531 1128
3 1128 827 531
3 178 827 1128
3 1128 178 576
3 178 576 827
3 108 531 576
3 108 839 576
3 531 108 839
3 576 108 1128
3 108 1128 531
3 1110 576 178
3 1110 650 576
3 178 650 1110
3 292 1110 576
3 292 178 576
3 531 116 839
3 531 116 425
3 839 116 425
3 839 425 531
3 839 116 629
3 531 116 629
3 215 116 1092
3 215 116 531
3 531 116 1092
3 116 1081 215
3 1092 1081 116
3 215 1092 1081
3 116 460 828
3 828 116 1081
3 116 1081 460
3 145 116 1081
3 852 145 1081
3 116 1081 852
3 116 145 852
3 431 816 511
3 511 157 431
3 511 157 816
3 511 514 540
3 511 74 540
3 514 511 74
3 431 540 511
3 514 431 511
3 431 74 511
3 570 511 69
3 570 511 74
3 74 69 511
3 511 69 612
3 431 69 511
3 612 511 431
3 612 69 431
3 509 511 612
3 511 509 69
3 511 431 880
3 511 816 880
3 69 812 511
3 511 431 812
3 69 812 431
3 570 511 812
3 612 511 880
3 509 880 511
3 511 74 844
3 431 511 844
3 646 511 74
3 646 511 844
3 646 511 1122
3 570 511 1122
3 570 511 646
3 1122 646 570
3 74 1122 511
3 646 74 1122
3 570 511 844
3 1000 509 1051
3 185 1051 509
3 1000 185 1051
3 185 1000 509
3 1051 509 812
3 1051 812 1000
3 1051 509 69
3 185 69 1051
3 1051 69 812
3 1000 1051 1036
3 670 1051 1036
3 1000 670 1051
3 185 1051 232
3 858 232 1051
3 858 185 1051
3 670 232 1051
3 670 185 1051
3 670 1051 858
3 185 1051 612
3 612 69 1051
3 1051 797 612
3 185 1051 797
3 1051 458 1000
3 458 185 1000
3 458 185 1051
3 458 1051 1036
3 1051 910 10
3 1051 1036 910
3 10 1036 1051
3 670 10 1051
3 670 1051 910
3 1051 10 185
3 692 910 1051
3 1051 1036 692
3 910 692 1036
3 670 1051 692
3 910 670 692
3 8 67 1141
3 1141 8 1100
3 1141 67 1100
3 8 1100 67
3 1141 165 8
3 1141 165 67
3 67 8 165
3 1141 165 1100
3 8 1100 165
3 1100 363 1141
3 1100 137 1141
3 137 1141 363
3 363 67 1141
3 67 363 165
3 1141 165 363
3 438 433 1141
3 137 1141 433
3 438 137 1141
3 1100 433 1141
3 1141 438 1100
3 137 1141 399
3 1196 1141 137
3 399 1196 1141
3 578 267 1195
3 655 578 1195
3 267 1195 655
3 1195 308 923
3 1195 308 578
3 923 308 578
3 923 578 1195
3 1038 923 1195
3 923 267 1195
3 267 1195 1038
3 267 923 1038
3 773 1195 1038
3 1195 773 923
3 1195 85 923
3 267 85 923
3 267 85 1195
3 85 923 308
3 85 1195 308
3 1195 1038 467
3 467 267 1195
3 1195 467 773
3 267 32 1195
3 1195 920 32
3 267 1195 920
3 578 535 1195
3 535 150 1195
3 1195 150 578
3 267 1195 535
3 1195 308 150
3 1195 308 535
3 467 32 1195
3 821 166 8
3 639 166 821
3 639 8 166
3 166 639 353
3 166 791 353
3 639 353 791
3 791 166 639
3 353 166 665
3 639 353 665
3 166 665 639
3 665 353 791
3 166 665 791
3 166 8 269
3 166 8 665
3 269 166 665
3 269 8 665
3 165 8 269
3 165 166 269
3 166 165 8
3 8 1100 166
3 821 166 1100
3 1100 665 166
3 8 1100 665
3 1103 166 665
3 166 27 665
3 166 27 1103
3 343 166 946
3 821 166 946
3 821 166 343
3 946 343 821
3 639 166 946
3 343 166 639
3 639 343 946
3 24 150 1195
3 1195 24 578
3 24 578 150
3 1195 308 24
3 150 24 308
3 24 578 308
3 923 308 24
3 923 24 578
3 85 24 308
3 85 24 923
3 85 24 882
3 308 24 882
3 308 85 882
3 582 309 887
3 309 68 887
3 309 68 582
3 309 887 882
3 309 582 882
3 309 311 460
3 309 27 460
3 311 309 27
3 460 309 887
3 309 887 311
3 460 27 887
3 309 27 887
3 425 309 27
3 425 309 1103
3 27 1103 309
3 425 27 1103
3 309 24 887
3 24 578 309
3 887 578 24
3 309 887 578
3 532 443 864
3 443 791 532
3 532 864 791
3 864 791 443
3 532 443 533
3 533 443 864
3 533 443 836
3 532 836 443
3 443 134 714
3 533 443 714
3 134 533 443
3 714 134 533
3 714 443 836
3 443 134 836
3 836 134 714
3 443 134 1192
3 533 443 1192
3 1192 836 443
3 134 1192 836
3 791 1192 836
3 443 836 791
3 1192 443 791
3 665 532 443
3 665 443 791
3 665 532 791
3 665 443 586
3 586 443 532
3 353 665 443
3 443 353 586
3 791 353 443
3 639 443 791
3 639 353 443
3 946 443 639
3 791 443 946
3 327 719 484
3 639 484 719
3 639 327 719
3 791 484 719
3 791 327 719
3 719 639 791
3 836 719 1192
3 791 719 836
3 719 791 1192
3 719 1192 1060
3 1192 327 719
3 1060 719 327
3 327 1192 1060
3 293 719 1060
3 719 293 1192
3 327 260 719
3 1131 719 327
3 260 1131 719
3 791 344 719
3 327 719 344
3 719 134 1192
3 327 134 1192
3 327 134 719
3 134 719 836
3 328 1060 719
3 328 327 719
3 293 328 719
3 328 260 719
3 443 836 719
3 719 443 791
3 967 811 1068
3 105 967 811
3 811 105 1068
3 105 1068 967
3 967 93 1068
3 93 967 811
3 93 967 518
3 1068 518 967
3 518 1153 967
3 1153 967 93
3 967 212 398
3 398 319 967
3 967 319 212
3 398 212 319
3 967 398 1053
3 967 212 1053
3 1053 212 398
3 398 319 1053
3 967 319 1053
3 1156 36 908
3 908 168 1156
3 168 36 1156
3 168 36 908
3 1068 986 908
3 908 105 986
3 908 105 1068
3 986 36 908
3 36 908 1068
3 908 105 226
3 908 226 986
3 986 105 226
3 1026 709 908
3 986 709 908
3 1026 908 986
3 36 908 709
3 1026 36 908
3 1163 1156 908
3 1163 908 36
3 36 1156 1163
3 370 908 1163
3 908 370 1156
3 36 908 315
3 1037 908 36
3 315 1037 908
3 894 1163 908
3 370 894 908
3 894 36 908
3 894 315 908
3 614 434 1139
3 614 364 1139
3 434 364 614
3 434 1139 364
3 459 1139 614
3 614 434 459
3 459 434 1139
3 614 364 459
3 459 364 1139
3 614 459 743
3 614 434 743
3 614 459 1114
3 743 614 1114
3 614 364 743
3 499 459 614
3 499 338 614
3 614 338 459
3 614 499 1114
3 1114 338 614
3 705 139 1072
3 139 963 705
3 963 705 1072
3 705 551 1072
3 705 139 551
3 551 214 705
3 214 705 1072
3 705 139 473
3 473 963 705
3 473 139 963
3 705 473 551
3 551 139 473
3 963 705 551
3 473 963 551
3 705 214 898
3 1142 705 214
3 1142 705 898
3 214 705 524
3 898 524 705
3 524 1108 705
3 1108 705 214
3 705 551 1096
3 214 1096 705
3 877 523 751
3 523 845 751
3 845 751 877
3 320 930 751
3 770 751 930
3 320 770 751
3 320 281 751
3 751 281 877
3 751 320 877
3 930 751 281
3 770 751 919
3 930 751 919
3 770 919 930
3 281 919 751
3 770 751 281
3 770 281 919
3 930 281 919
3 751 44 877
3 281 44 751
3 563 551 947
3 63 947 563
3 551 63 947
3 944 256 947
3 947 944 286
3 947 256 286
3 605 256 947
3 605 944 947
3 944 605 256
3 941 658 197
3 499 197 941
3 197 658 499
3 499 658 941
3 941 197 271
3 271 197 658
3 197 701 1114
3 1114 817 197
3 701 197 817
3 1114 197 499
3 197 499 701
3 197 817 499
3 499 1114 817
3 658 197 841
3 817 197 841
3 197 817 658
3 743 197 499
3 434 197 499
3 434 197 743
3 941 197 1006
3 1006 197 271
3 1006 499 197
3 1006 499 941
3 658 197 959
3 959 499 658
3 959 499 197
3 841 197 959
3 1006 743 499
3 197 743 1006
3 537 197 611
3 611 197 817
3 537 197 817
3 817 537 611
3 841 197 611
3 841 197 537
3 611 537 841
3 160 138 313
3 160 138 743
3 313 743 160
3 313 160 439
3 160 941 313
3 941 439 313
3 160 941 439
3 160 138 439
3 1076 313 160
3 941 160 1076
3 1076 313 941
3 1076 160 286
3 286 160 313
3 1006 743 160
3 1006 160 941
3 160 941 743
3 160 499 1006
3 499 160 743
3 160 941 499
3 1165 743 160
3 1165 160 941
3 386 160 743
3 386 160 1165
3 386 160 434
3 434 160 743
3 743 386 434
3 160 138 434
3 160 138 386
3 386 434 138
3 386 138 1165
3 160 138 1165
3 1076 160 944
3 944 160 286
3 944 941 160
3 251 160 941
3 515 160 941
3 515 160 251
3 160 251 944
3 1101 434 1003
3 439 434 1003
3 1003 439 1101
3 138 1003 434
3 1101 138 1003
3 439 138 1003
3 1185 1054 1003
3 1185 1003 138
3 1054 138 1003
3 138 1054 1185
3 672 1003 1185
3 1003 672 1054
3 1003 512 1054
3 1003 512 1101
3 1003 1054 1101
3 596 1185 1003
3 1003 596 672
3 596 138 1003
3 138 1003 386
3 1165 1003 138
3 386 1165 1003
3 1003 218 1054
3 218 138 1054
3 218 138 1003
3 218 1003 512
3 596 386 1003
3 72 299 1003
3 1003 72 1101
3 1003 299 1101
3 72 1101 299
3 1003 512 72
3 1003 512 299
3 299 72 512
3 1101 364 1003
3 364 299 1003
3 138 1003 364
3 364 512 1003
3 644 457 1148
3 1157 1148 457
3 457 644 1157
3 457 882 582
3 457 766 582
3 766 457 882
3 582 457 1148
3 457 1148 882
3 457 1148 766
3 457 24 85
3 457 24 882
3 882 85 457
3 85 923 457
3 457 85 1148
3 457 1148 923
3 1148 923 85
3 457 24 923
3 887 882 457
3 887 457 1148
3 457 309 882
3 457 309 887
3 308 309 457
3 457 308 882
3 308 882 309
3 308 24 457
3 309 24 457
3 309 308 24
3 457 24 887
3 0 449 917
3 917 0 1170
3 0 1170 449
3 917 840 0
3 449 0 840
3 0 1170 840
3 1178 0 1170
3 325 0 1170
3 325 0 1178
3 0 1170 777
3 0 1178 777
3 368 0 777
3 368 0 622
3 622 368 777
3 777 0 622
3 368 0 1170
3 610 0 1060
3 334 0 610
3 334 0 1060
3 1060 840 0
3 610 0 840
3 1060 0 1170
3 1069 527 1093
3 527 217 1093
3 527 217 1069
3 354 208 527
3 527 208 1093
3 1093 354 527
3 622 208 527
3 527 354 622
3 527 1093 622
3 334 0 527
3 527 0 1093
3 527 334 1093
3 334 0 1093
3 334 0 840
3 527 334 840
3 527 840 0
3 0 527 368
3 527 368 622
3 622 0 527
3 0 1170 527
3 0 1170 1093
3 1170 1093 527
3 527 368 1170
3 624 527 753
3 527 368 624
3 527 368 753
3 753 622 527
3 753 527 1093
3 622 527 624
3 624 527 777
3 527 368 777
3 368 624 777
3 622 527 777
3 624 622 777
3 808 757 1169
3 808 757 202
3 757 202 1169
3 43 757 808
3 43 1169 757
3 757 879 808
3 879 202 757
3 202 879 808
3 757 43 879
3 757 170 879
3 757 170 1164
3 879 170 1164
3 757 1164 879
3 757 1150 1175
3 1175 1164 757
3 1150 757 1164
3 202 1175 757
3 1150 202 757
3 1164 202 757
3 757 631 879
3 631 202 879
3 631 202 757
3 879 170 631
3 757 170 631
3 1164 704 757
3 202 757 704
3 704 100 757
3 757 100 1164
3 757 170 100
3 757 170 704
3 479 200 277
3 479 277 1013
3 479 200 1013
3 1013 200 277
3 277 748 479
3 200 748 479
3 277 200 748
3 277 1013 748
3 748 479 1013
3 479 1013 981
3 479 200 981
3 1013 212 479
3 212 479 981
3 200 981 748
3 748 479 981
3 479 935 1098
3 212 1098 479
3 935 212 479
3 1098 1013 479
3 935 479 1013
3 1053 479 967
3 479 212 967
3 1053 479 212
3 93 479 1053
3 1053 93 967
3 93 967 479
3 212 479 319
3 1175 479 212
3 319 1175 479
3 967 319 479
3 277 748 735
3 748 735 1013
3 735 277 1013
3 413 277 735
3 748 735 413
3 413 277 748
3 384 277 413
3 413 384 735
3 384 277 735
3 735 479 748
3 479 413 735
3 413 479 748
3 735 1013 479
3 413 735 616
3 616 518 735
3 518 413 735
3 616 93 735
3 413 93 735
3 93 518 735
3 1053 735 479
3 1053 735 93
3 479 93 735
3 735 212 479
3 413 212 735
3 413 212 479
3 212 735 1053
3 332 93 735
3 332 1151 735
3 1151 735 93
3 735 332 413
3 1053 735 1151
3 332 1053 735
3 1151 735 967
3 1053 735 967
3 1151 967 1053
3 93 967 735
3 1151 93 967
3 748 200 1159
3 748 1159 981
3 1159 981 200
3 984 632 1159
3 1159 632 748
3 984 748 1159
3 984 632 748
3 1159 632 1050
3 1050 1159 984
3 413 277 1159
3 748 277 1159
3 748 413 1159
3 384 277 1159
3 384 1159 413
3 748 384 1159
3 1159 187 984
3 1159 187 384
3 984 187 384
3 984 384 1159
3 748 83 1159
3 200 83 1159
3 1159 632 83
3 1159 83 1050
3 1159 372 984
3 748 372 984
3 748 372 1159
3 984 187 372
3 1159 187 372
3 604 384 1159
3 1159 713 604
3 384 1159 713
3 1159 604 748
3 713 187 1159
3 1159 187 604
3 787 111 1113
3 111 66 787
3 66 1113 787
3 331 7 787
3 348 331 787
3 7 787 348
3 245 111 787
3 787 245 1113
3 1150 787 66
3 1150 787 7
3 66 7 787
3 66 814 787
3 1150 787 814
3 1164 787 1181
3 7 1181 787
3 1164 787 7
3 1164 7 1181
3 1150 787 1181
3 1150 787 1164
3 1164 1181 1150
3 428 630 603
3 603 373 630
3 603 373 428
3 428 169 603
3 630 603 169
3 603 169 1055
3 603 428 1055
3 630 603 1183
3 603 373 1183
3 373 630 1183
3 169 1183 603
3 630 169 1183
3 169 603 373
3 330 603 373
3 330 169 603
3 330 800 603
3 603 330 1055
3 603 1055 800
3 1055 800 330
3 603 373 800
3 673 12 603
3 673 603 1055
3 1055 12 603
3 603 169 673
3 603 12 169
3 1073 411 205
3 369 205 1073
3 205 411 369
3 369 411 1073
3 1073 205 338
3 338 205 411
3 411 205 420
3 420 205 1177
3 411 1177 205
3 205 1177 369
3 205 1177 572
3 572 205 369
3 1073 205 701
3 701 369 205
3 701 205 338
3 411 205 747
3 747 369 411
3 747 369 205
3 420 205 747
3 205 1177 906
3 565 205 906
3 565 205 1177
3 906 205 369
3 420 205 565
3 420 205 906
3 78 565 205
3 205 78 1177
3 78 1177 565
3 78 420 205
3 565 78 420
3 865 53 793
3 865 793 975
3 975 53 865
3 793 53 975
3 53 793 564
3 53 865 564
3 248 53 564
3 248 53 793
3 248 53 464
3 564 53 464
3 53 762 248
3 53 793 762
3 762 248 793
3 464 53 762
3 938 53 793
3 938 902 53
3 53 902 793
3 53 275 938
3 53 793 275
3 275 53 902
3 762 53 764
3 764 53 902
3 53 902 762
3 762 53 862
3 762 862 793
3 862 793 53
3 764 53 862
3 1111 902 53
3 1111 53 793
3 53 5 1111
3 53 5 902
3 5 764 53
3 764 53 1111
3 53 5 937
3 902 53 937
3 902 5 937
3 764 53 937
3 937 5 764
3 654 247 996
3 247 196 654
3 654 196 996
3 654 247 396
3 654 396 996
3 654 196 396
3 175 654 196
3 396 175 654
3 654 247 1002
3 654 196 1002
3 247 1002 196
3 396 1002 654
3 396 247 1002
3 396 298 654
3 298 182 654
3 654 182 396
3 55 765 252
3 55 1132 765
3 252 55 1132
3 765 252 1132
3 252 55 635
3 635 55 765
3 1114 837 55
3 1114 837 1132
3 55 1132 837
3 1114 55 1132
3 614 55 837
3 614 55 1114
3 614 1114 837
3 765 55 939
3 1132 939 765
3 55 1132 939
3 614 55 244
3 244 55 837
3 244 837 614
3 63 55 1132
3 63 1132 947
3 947 55 63
3 947 55 1132
3 252 55 834
3 55 1132 834
3 834 55 635
3 55 63 834
3 58 1186 606
3 1186 606 254
3 254 58 1186
3 254 58 606
3 606 103 1040
3 241 103 1040
3 241 103 606
3 1040 606 241
3 606 488 1186
3 488 58 1186
3 58 488 606
3 241 606 488
3 254 606 488
3 254 241 606
3 241 806 606
3 606 488 806
3 559 1186 606
3 559 488 606
3 1186 559 488
3 254 606 559
3 1186 254 559
3 634 467 773
3 634 1040 773
3 773 467 1040
3 1040 467 634
3 773 634 990
3 467 634 990
3 990 634 103
3 773 103 634
3 634 103 1040
3 606 103 634
3 634 606 1040
3 990 634 1091
3 103 1091 634
3 773 114 634
3 634 114 1040
3 773 114 1040
3 634 114 923
3 923 634 773
3 634 114 85
3 634 85 923
3 1040 85 634
3 241 103 634
3 634 241 1040
3 322 1084 855
3 1084 855 178
3 322 178 855
3 1128 855 1084
3 322 1128 855
3 1128 855 827
3 1128 855 178
3 827 178 855
3 855 531 827
3 531 855 1128
3 576 1084 855
3 576 1128 855
3 1084 576 1128
3 178 855 576
3 1084 178 576
3 46 1125 322
3 46 1125 1084
3 1125 1084 322
3 689 46 1125
3 689 322 1125
3 1125 1176 1146
3 1146 1125 46
3 1176 46 1125
3 46 1176 1146
3 380 1125 1146
3 1125 380 1176
3 1125 752 1176
3 1125 752 809
3 1176 809 1125
3 689 1146 1125
3 380 689 1125
3 1125 174 1176
3 174 46 1176
3 174 46 1125
3 174 1125 752
3 809 46 1125
3 46 758 809
3 809 758 1125
3 46 1125 758
3 1125 752 81
3 1125 81 809
3 813 300 1004
3 1004 346 300
3 1004 346 813
3 1190 813 1004
3 1004 300 1190
3 1190 176 1004
3 176 1004 813
3 1004 346 1055
3 1004 346 1190
3 1055 346 1190
3 1190 1055 1004
3 1004 603 1055
3 1055 176 1004
3 603 176 1055
3 603 176 1004
3 1055 346 603
3 1004 346 603
3 1190 888 1004
3 888 662 1004
3 1004 662 1190
3 176 1004 888
3 662 176 1004
3 1174 1055 1004
3 1174 1004 176
3 176 1055 1174
3 673 1004 1174
3 1004 673 1055
3 176 1004 387
3 1052 1004 176
3 387 1052 1004
3 201 1174 1004
3 1004 201 673
3 201 176 1004
3 387 201 1004
3 906 347 75
3 906 75 1190
3 75 1190 347
3 906 347 1190
3 906 75 487
3 487 75 347
3 1004 75 1190
3 75 300 1004
3 75 1190 300
3 1004 346 75
3 75 1190 346
3 300 75 346
3 330 75 347
3 330 75 346
3 75 346 347
3 906 75 1124
3 75 1190 1124
3 1124 75 487
3 662 75 1190
3 188 75 1190
3 188 75 662
3 347 75 436
3 75 1190 436
3 1190 436 347
3 330 75 436
3 75 662 1124
3 603 75 1055
3 330 75 603
3 330 75 1055
3 1055 346 75
3 1055 75 1190
3 346 75 603
3 603 75 884
3 330 75 884
3 603 884 330
3 346 75 884
3 603 346 884
3 164 636 491
3 636 487 491
3 487 164 491
3 491 349 636
3 349 164 491
3 349 491 487
3 1075 491 1109
3 1075 491 349
3 1109 349 491
3 491 1109 649
3 1109 164 491
3 649 491 164
3 164 1109 649
3 649 491 497
3 497 491 1109
3 491 20 1109
3 164 20 1109
3 164 20 491
3 20 491 1075
3 164 56 491
3 951 491 164
3 56 951 491
3 264 649 491
3 264 164 491
3 491 264 497
3 491 471 573
3 471 1075 491
3 1075 491 573
3 491 349 573
3 349 491 471
3 164 491 573
3 126 471 491
3 126 1075 491
3 471 126 1075
3 491 126 349
3 126 349 471
3 264 56 491
3 95 688 168
3 1156 688 95
3 168 1156 688
3 1162 1117 688
3 1162 688 95
3 1117 95 688
3 95 1117 1162
3 199 688 1162
3 688 199 1117
3 688 95 1071
3 1071 168 688
3 1162 688 1071
3 199 1071 688
3 688 1023 1086
3 95 1086 688
3 1023 95 688
3 688 412 1117
3 412 95 1117
3 412 95 688
3 718 640 804
3 640 356 804
3 718 356 804
3 804 567 585
3 640 585 804
3 585 567 640
3 640 567 804
3 914 585 567
3 914 804 585
3 567 804 914
3 567 379 585
3 643 379 567
3 567 643 585
3 643 379 585
3 567 379 914
3 379 914 585
3 172 567 379
3 172 643 379
3 567 172 643
3 379 172 914
3 172 914 567
3 172 914 643
3 643 379 914
3 379 980 804
3 379 914 804
3 914 804 980
3 980 379 914
3 340 379 774
3 774 340 866
3 774 379 866
3 340 866 379
3 465 409 961
3 409 206 961
3 409 206 465
3 961 172 409
3 465 172 961
3 465 172 409
3 172 643 409
3 643 409 961
3 643 172 961
3 643 409 914
3 409 172 914
3 409 379 643
3 409 379 961
3 643 379 961
3 409 914 379
3 409 91 961
3 340 91 409
3 409 340 961
3 685 91 409
3 409 961 685
3 685 409 340
3 774 409 340
3 774 409 379
3 379 340 409
3 409 340 626
3 626 409 961
3 1042 409 626
3 1042 409 340
3 774 409 1042
3 774 626 1042
3 774 409 626
3 1042 409 866
3 340 866 409
3 1042 340 866
3 774 409 866
3 866 1042 774
3 992 605 794
3 605 147 992
3 147 794 992
3 992 605 256
3 992 256 794
3 919 647 992
3 768 647 992
3 768 919 992
3 647 768 919
3 647 281 919
3 992 919 281
3 281 647 992
3 147 992 732
3 147 992 647
3 992 647 732
3 1006 695 896
3 1165 695 896
3 1165 695 1006
3 1006 896 1165
3 378 896 695
3 1006 695 378
3 1006 378 896
3 1165 695 378
3 271 1006 695
3 271 1165 695
3 378 271 695
3 378 236 695
3 236 695 271
3 926 695 1165
3 926 378 695
3 695 37 926
3 926 236 695
3 236 37 926
3 236 37 695
3 37 695 1165
3 926 404 695
3 236 695 404
3 236 926 404
3 695 404 781
3 781 695 926
3 601 229 695
3 601 378 695
3 695 229 378
3 236 695 601
3 236 229 695
3 236 98 695
3 708 695 236
3 98 708 695
3 695 404 243
3 695 243 781
3 243 236 695
3 243 98 695
3 355 666 441
3 666 441 1077
3 355 1077 666
3 441 355 1077
3 355 87 441
3 666 441 87
3 87 486 441
3 486 355 441
3 973 441 486
3 973 441 87
3 243 148 441
3 900 148 441
3 441 243 900
3 87 441 148
3 243 87 441
3 900 148 87
3 900 87 441
3 900 441 977
3 860 977 900
3 977 441 860
3 860 441 900
3 736 151 903
3 736 738 903
3 738 736 151
3 87 736 900
3 736 148 900
3 736 87 148
3 441 900 736
3 87 441 736
3 335 195 736
3 151 736 195
3 335 151 736
3 148 736 648
3 148 976 736
3 736 648 976
3 736 648 195
3 335 648 736
3 151 736 648
3 151 148 736
3 736 195 769
3 736 648 769
3 769 195 648
3 151 769 736
3 195 151 769
3 234 145 211
3 234 211 913
3 913 145 234
3 211 145 913
3 145 483 1042
3 1042 145 211
3 211 1042 483
3 145 211 483
3 759 234 211
3 759 211 145
3 145 234 759
3 759 211 830
3 830 211 234
3 759 211 645
3 645 211 830
3 211 145 645
3 145 1081 211
3 211 116 145
3 211 116 1081
3 211 1081 645
3 546 231 184
3 546 184 644
3 184 644 231
3 184 383 546
3 383 184 231
3 184 644 383
3 684 68 184
3 184 68 644
3 184 684 644
3 684 68 644
3 184 68 1033
3 1033 184 684
3 1148 184 644
3 457 184 644
3 457 184 1148
3 184 68 508
3 184 644 508
3 508 184 1033
3 857 231 184
3 857 184 644
3 852 184 857
3 231 184 852
3 684 184 1019
3 1019 644 684
3 1019 644 184
3 184 1148 508
3 307 806 559
3 559 307 488
3 307 488 806
3 307 285 559
3 285 307 806
3 307 285 488
3 442 307 131
3 442 307 285
3 285 131 307
3 452 307 488
3 307 131 488
3 307 131 452
3 452 131 488
3 875 488 307
3 452 307 875
3 131 1110 307
3 131 1110 488
3 1110 488 307
3 442 307 1110
3 1186 307 488
3 307 58 1186
3 307 58 488
3 307 1186 875
3 307 285 718
3 730 307 718
3 730 307 285
3 718 307 488
3 442 307 730
3 718 442 730
3 442 307 718
3 730 307 835
3 285 835 307
3 730 285 835
3 442 307 835
3 730 835 442
3 574 145 852
3 574 1081 852
3 145 574 1081
3 1042 574 145
3 1042 574 483
3 483 145 574
3 211 774 574
3 211 1042 574
3 1042 574 774
3 774 211 1042
3 145 574 211
3 774 574 145
3 774 145 211
3 483 350 238
3 483 350 492
3 492 238 350
3 835 492 350
3 350 1110 835
3 1110 350 492
3 835 350 442
3 350 492 442
3 442 835 492
3 350 442 1110
3 350 238 567
3 350 238 442
3 442 350 567
3 567 238 442
3 348 350 567
3 238 348 350
3 238 945 350
3 238 945 442
3 945 442 350
3 483 350 945
3 730 350 442
3 442 350 718
3 718 350 730
3 567 350 889
3 348 889 350
3 889 442 350
3 574 350 506
3 492 350 506
3 492 350 574
3 574 492 506
3 483 350 506
3 483 350 574
3 483 506 574
3 350 730 889
3 1199 292 265
3 1113 265 292
3 265 1113 1199
3 814 265 1199
3 224 265 814
3 224 1199 265
3 292 265 814
3 292 245 1113
3 265 245 1113
3 265 245 292
3 814 429 265
3 265 429 292
3 292 429 814
3 265 224 429
3 265 259 429
3 265 259 650
3 265 650 429
3 1110 650 265
3 1110 265 292
3 265 650 292
3 265 576 1110
3 576 265 650
3 265 292 576
3 429 265 955
3 955 292 429
3 955 292 265
3 265 259 955
3 506 265 609
3 265 259 609
3 265 259 506
3 506 609 259
3 609 265 650
3 506 265 650
3 650 506 609
3 506 265 492
3 492 259 506
3 265 259 492
3 265 650 492
3 492 265 292
3 331 225 374
3 374 225 170
3 331 170 225
3 757 225 1164
3 225 170 757
3 225 170 1164
3 757 100 225
3 1164 100 225
3 225 100 170
3 331 225 1020
3 225 1164 331
3 1164 1020 331
3 225 1164 1020
3 374 225 1020
3 225 7 1164
3 331 7 225
3 331 7 1164
3 225 1164 787
3 225 7 787
3 374 225 631
3 631 225 879
3 374 225 879
3 631 225 1172
3 374 225 1172
3 631 1172 374
3 170 1172 225
3 631 225 170
3 631 170 1172
3 225 170 879
3 879 225 1164
3 1150 225 1164
3 225 177 1164
3 225 177 1150
3 225 1150 787
3 949 284 962
3 962 284 187
3 949 187 284
3 284 713 1159
3 1159 284 384
3 284 384 713
3 284 187 1159
3 187 284 713
3 284 187 384
3 284 949 869
3 284 949 384
3 384 284 869
3 384 949 869
3 203 284 869
3 284 203 949
3 284 235 949
3 384 235 949
3 384 235 284
3 235 284 962
3 869 284 970
3 970 384 284
3 203 970 284
3 413 284 384
3 384 284 735
3 735 284 413
3 962 284 372
3 372 284 984
3 962 284 984
3 372 284 472
3 962 284 472
3 472 372 962
3 187 472 284
3 372 284 187
3 372 187 472
3 284 187 984
3 984 284 384
3 284 413 970
3 609 296 952
3 955 609 952
3 955 952 296
3 259 952 609
3 296 259 952
3 955 259 952
3 291 952 873
3 296 952 873
3 296 291 952
3 259 952 506
3 259 952 492
3 506 492 952
3 667 259 952
3 667 506 952
3 291 952 733
3 291 259 952
3 733 259 952
3 733 259 291
3 733 952 873
3 333 296 952
3 259 952 333
3 296 952 362
3 952 362 333
3 952 362 453
3 296 952 453
3 362 296 453
3 952 873 453
3 952 873 362
3 453 362 873
3 333 873 952
3 945 890 566
3 566 1181 945
3 1181 566 890
3 945 566 820
3 566 890 820
3 566 820 1181
3 566 416 890
3 112 566 416
3 890 112 566
3 566 206 820
3 566 112 820
3 206 112 566
3 206 112 820
3 1083 820 566
3 566 206 1083
3 566 190 557
3 566 557 890
3 566 190 890
3 890 190 557
3 557 416 566
3 566 416 190
3 557 190 416
3 566 890 667
3 566 190 667
3 667 566 820
3 566 416 667
3 820 348 1011
3 1011 348 643
3 820 643 1011
3 820 348 643
3 1011 348 945
3 820 945 1011
3 1011 348 238
3 1011 238 945
3 643 238 1011
3 643 567 1011
3 567 238 1011
3 643 172 1011
3 961 172 1011
3 961 643 1011
3 465 172 1011
3 643 465 1011
3 961 1011 465
3 1083 1011 820
3 1083 1011 465
3 820 465 1011
3 1011 585 567
3 1011 585 643
3 465 16 1011
3 1011 16 643
3 1011 566 820
3 643 566 820
3 643 566 1011
3 566 1011 1083
3 1011 206 465
3 206 1083 1011
3 460 27 846
3 846 27 425
3 460 425 846
3 460 27 425
3 846 27 887
3 846 887 460
3 309 27 846
3 425 309 846
3 846 309 887
3 460 846 828
3 116 846 828
3 460 116 846
3 425 846 531
3 531 215 846
3 425 215 846
3 531 116 846
3 425 116 846
3 215 846 116
3 460 846 819
3 819 425 460
3 819 425 846
3 819 846 828
3 839 629 846
3 846 828 629
3 846 828 839
3 839 116 846
3 425 846 839
3 116 846 629
3 846 629 1081
3 846 828 1081
3 1081 629 828
3 116 1081 846
3 629 116 1081
3 969 237 1152
3 230 1152 237
3 969 230 1152
3 230 969 237
3 1152 237 868
3 1152 868 969
3 602 237 1152
3 602 230 1152
3 1152 602 868
3 1152 577 969
3 42 1152 577
3 969 42 1152
3 42 21 1152
3 230 21 1152
3 230 42 1152
3 756 21 1152
3 756 1152 42
3 756 230 1152
3 230 92 1152
3 602 92 1152
3 1152 34 969
3 230 34 969
3 230 34 1152
3 34 1152 577
3 230 1152 897
3 1152 897 92
3 891 1057 1152
3 42 1152 891
3 42 1152 1057
3 1057 42 891
3 891 577 1152
3 1057 577 1152
3 1057 891 577
3 682 42 1152
3 1152 1057 682
3 230 1152 682
3 1152 577 682
3 466 108 621
3 526 466 621
3 621 108 526
3 343 621 466
3 343 108 621
3 526 343 621
3 621 353 639
3 639 621 343
3 353 343 621
3 343 353 639
3 639 621 665
3 621 665 353
3 353 621 600
3 526 621 600
3 526 353 621
3 343 821 621
3 621 191 343
3 621 191 821
3 166 639 621
3 621 166 665
3 343 166 621
3 353 621 586
3 586 343 353
3 586 343 621
3 586 621 600
3 821 166 621
3 621 410 915
3 526 915 621
3 621 410 526
3 526 410 915
3 621 600 915
3 621 600 410
3 915 410 600
3 621 526 623
3 621 410 623
3 343 621 623
3 621 600 623
3 269 165 659
3 269 8 659
3 165 8 659
3 165 67 659
3 659 363 67
3 165 659 363
3 1103 659 578
3 1103 659 269
3 269 578 1103
3 578 269 659
3 655 578 659
3 578 165 659
3 165 659 655
3 165 578 655
3 659 655 1195
3 1195 659 578
3 267 165 659
3 267 67 659
3 659 24 578
3 165 24 578
3 165 24 659
3 1103 578 24
3 24 659 1103
3 659 655 267
3 659 267 1195
3 269 166 659
3 166 665 659
3 665 659 269
3 165 659 166
3 1103 659 665
3 166 1103 659
3 1021 425 1173
3 1173 1021 269
3 425 269 1021
3 269 425 1173
3 531 1021 1173
3 425 531 1021
3 665 659 1021
3 269 1021 659
3 665 269 1021
3 1103 659 1021
3 1021 665 1103
3 1103 269 1021
3 1021 309 425
3 1021 309 1103
3 1103 425 1021
3 827 1173 1021
3 531 827 1021
3 827 269 1173
3 827 269 1021
3 425 1021 846
3 846 269 1021
3 846 269 425
3 1021 309 846
3 1103 578 1021
3 269 1021 578
3 578 24 1021
3 1021 24 1103
3 1021 309 24
3 1021 309 578
3 1021 24 27
3 1021 27 1103
3 1103 24 27
3 1021 309 27
3 27 24 309
3 1118 448 592
3 448 592 480
3 1118 480 592
3 448 1118 480
3 858 448 1118
3 592 448 858
3 448 344 480
3 448 344 385
3 385 480 448
3 448 344 592
3 592 480 344
3 1043 344 448
3 448 1043 592
3 1043 344 592
3 448 385 1043
3 448 867 848
3 448 797 848
3 797 448 867
3 848 448 592
3 448 867 592
3 448 592 797
3 448 410 1043
3 448 410 867
3 448 867 1043
3 962 448 1043
3 962 592 448
3 962 592 1043
3 448 410 962
3 181 600 448
3 448 410 181
3 448 410 600
3 600 181 410
3 448 181 867
3 600 448 867
3 181 867 600
3 600 448 690
3 448 410 690
3 448 867 690
3 690 448 592
3 1032 365 394
3 768 365 394
3 1032 365 768
3 768 394 1032
3 1032 885 786
3 885 365 1032
3 1032 365 786
3 394 1032 885
3 786 394 1032
3 1032 133 647
3 768 133 647
3 768 133 1032
3 1032 647 768
3 693 394 521
3 693 543 521
3 693 543 394
3 521 394 543
3 851 543 711
3 693 543 851
3 693 543 711
3 543 521 711
3 851 543 521
3 543 521 702
3 711 543 702
3 545 97 543
3 543 521 545
3 543 97 521
3 545 543 702
3 702 97 543
3 394 6 543
3 543 394 702
3 543 6 702
3 394 6 702
3 394 6 1032
3 543 6 1032
3 543 1032 394
3 1147 543 702
3 702 223 1147
3 543 223 1147
3 543 223 702
3 693 521 1115
3 693 394 1115
3 1115 394 521
3 693 543 1115
3 851 543 1115
3 851 1115 693
3 521 1115 543
3 851 521 1115
3 589 320 1115
3 1115 320 521
3 589 521 1115
3 589 320 521
3 1115 320 803
3 803 1115 589
3 620 320 1115
3 620 521 1115
3 1115 620 803
3 521 97 1115
3 521 1115 825
3 1115 825 97
3 620 97 1115
3 611 469 633
3 542 469 633
3 611 633 542
3 625 932 633
3 633 342 932
3 633 342 625
3 932 633 542
3 625 542 633
3 1094 803 687
3 1094 803 589
3 589 687 1094
3 687 589 803
3 278 171 1094
3 171 15 1094
3 278 15 1094
3 837 15 856
3 651 15 856
3 837 651 856
3 278 15 856
3 837 856 278
3 651 278 856
3 831 377 856
3 651 856 831
3 651 377 856
3 831 377 651
3 856 831 1107
3 377 856 1107
3 651 450 856
3 856 373 651
3 450 373 856
3 278 171 856
3 856 171 651
3 1094 856 278
3 171 1094 856
3 699 1094 856
3 278 856 699
3 1094 278 699
3 856 831 317
3 856 317 1107
3 651 317 856
3 450 317 856
3 1182 2 706
3 50 2 706
3 50 2 1182
3 549 2 706
3 2 858 549
3 2 858 706
3 2 670 549
3 2 706 670
3 670 2 858
3 449 117 2
3 2 706 117
3 449 2 706
3 449 117 706
3 449 2 847
3 847 2 117
3 870 706 2
3 2 1182 870
3 2 858 714
3 714 2 706
3 836 2 858
3 836 2 714
3 117 2 1106
3 117 1106 706
3 1106 706 2
3 836 2 1118
3 858 2 1118
3 858 836 1118
3 449 2 870
3 870 2 847
3 847 376 965
3 840 965 847
3 840 376 965
3 847 376 840
3 965 847 1106
3 376 965 1106
3 965 847 117
3 965 117 1106
3 840 117 965
3 334 0 965
3 610 0 965
3 610 965 334
3 840 0 965
3 840 334 965
3 840 610 965
3 1069 965 376
3 1069 965 334
3 376 334 965
3 840 449 965
3 449 117 965
3 965 597 840
3 965 597 449
3 965 263 376
3 376 263 840
3 840 263 965
3 263 965 1069
3 698 1093 965
3 698 1069 965
3 1069 965 1093
3 1093 698 1069
3 334 965 698
3 1093 965 334
3 1093 334 698
3 527 1093 965
3 527 1069 965
3 527 334 965
3 965 527 840
3 1126 113 82
3 82 596 1126
3 596 82 113
3 1126 82 1087
3 82 1087 113
3 82 1087 596
3 82 13 455
3 82 13 113
3 455 113 82
3 82 455 150
3 82 1087 455
3 150 82 1087
3 455 150 1087
3 150 82 262
3 262 82 455
3 1056 82 1087
3 266 82 1087
3 266 82 1056
3 455 82 872
3 1087 872 455
3 82 1087 872
3 82 13 872
3 150 82 1193
3 1193 82 262
3 1193 1087 82
3 82 1056 1193
3 529 82 1154
3 82 13 1154
3 82 13 529
3 529 1154 13
3 113 82 1154
3 113 82 529
3 529 113 1154
3 529 82 1179
3 82 13 1179
3 1179 113 82
3 1179 82 1087
3 326 878 594
3 406 326 878
3 326 594 406
3 594 406 878
3 326 878 361
3 878 361 594
3 427 361 878
3 878 361 980
3 878 427 980
3 980 427 361
3 878 427 903
3 878 361 903
3 414 326 878
3 406 878 414
3 414 326 406
3 878 414 1008
3 1008 878 326
3 829 414 878
3 878 829 1008
3 829 406 878
3 406 878 598
3 598 899 878
3 899 878 406
3 829 598 878
3 1149 339 1049
3 685 339 1049
3 685 339 1149
3 301 47 339
3 339 301 1049
3 339 47 1049
3 301 47 1049
3 339 301 615
3 339 615 47
3 47 339 199
3 339 199 412
3 412 47 339
3 983 339 1049
3 983 412 339
3 339 1049 412
3 983 206 339
3 1049 206 339
3 339 206 412
3 339 1049 954
3 339 1149 954
3 339 301 954
3 954 339 615
3 47 1194 339
3 47 1194 1049
3 1194 1049 339
3 339 199 1194
3 405 339 1158
3 339 199 405
3 339 199 1158
3 1158 412 339
3 1158 339 1049
3 405 339 412
3 405 339 1117
3 339 199 1117
3 1117 405 199
3 412 339 1117
3 412 405 1117
3 465 16 1127
3 16 1127 172
3 465 172 1127
3 1127 1011 465
3 16 1127 1011
3 206 1127 1011
3 206 465 1127
3 1127 914 172
3 16 1127 914
3 1083 1011 1127
3 1083 16 1127
3 16 1083 1011
3 1127 206 1083
3 652 649 1127
3 652 575 1127
3 1127 649 575
3 16 1127 652
3 649 16 1127
3 575 16 1127
3 575 1127 631
3 1127 631 1083
3 1083 575 1127
3 143 374 1127
3 1127 631 143
3 1127 631 374
3 374 143 631
3 1127 143 575
3 1127 374 575
3 143 575 374
3 575 530 1127
3 530 374 1127
3 16 1127 530
3 530 631 1127
3 732 729 1045
3 732 389 1045
3 389 1045 729
3 729 485 1045
3 1045 485 732
3 1045 794 485
3 729 794 1045
3 732 1045 794
3 780 1045 794
3 780 732 1045
3 147 485 1045
3 1045 794 147
3 485 147 794
3 1045 147 732
3 147 732 485
3 1045 51 780
3 780 389 1045
3 389 51 780
3 389 51 1045
3 51 1045 794
3 1045 780 1099
3 1099 1045 389
3 389 780 1099
3 925 1045 1099
3 1045 925 780
3 389 128 1045
3 133 128 1045
3 389 133 1045
3 732 128 1045
3 1045 133 732
3 389 120 1045
3 1045 990 120
3 389 1045 990
3 213 1099 1045
3 389 213 1045
3 1045 213 925
3 213 120 1045
3 391 133 647
3 391 133 1032
3 1032 391 647
3 107 30 391
3 391 30 647
3 391 107 647
3 107 30 647
3 391 107 519
3 391 519 30
3 768 391 647
3 391 133 768
3 391 732 768
3 391 647 732
3 732 391 133
3 30 1014 391
3 30 1014 647
3 1014 647 391
3 391 107 1061
3 1061 647 391
3 1061 391 519
3 919 391 647
3 391 281 647
3 391 281 919
3 391 919 1061
3 424 291 190
3 807 190 424
3 424 291 807
3 424 291 667
3 190 667 291
3 424 190 667
3 283 91 424
3 424 283 807
3 807 91 424
3 626 283 424
3 424 91 626
3 424 807 626
3 913 626 424
3 424 234 913
3 424 234 626
3 913 424 807
3 234 211 424
3 424 211 913
3 424 234 1042
3 626 424 1042
3 626 234 1042
3 424 211 1042
3 211 1042 234
3 424 211 626
3 626 211 1042
3 712 424 807
3 712 190 424
3 807 424 901
3 901 424 712
3 1157 644 691
3 546 691 644
3 1157 546 691
3 826 644 691
3 826 691 1157
3 826 546 691
3 1092 1040 691
3 1092 691 546
3 1040 546 691
3 546 1040 1092
3 241 691 1092
3 691 241 1040
3 691 85 1040
3 691 85 1157
3 1040 1157 691
3 1092 691 806
3 691 546 806
3 241 806 691
3 691 634 1040
3 634 546 691
3 634 546 1040
3 691 85 634
3 546 857 691
3 852 691 857
3 852 691 546
3 691 857 806
3 691 1157 1148
3 546 691 1148
3 691 457 1157
3 691 457 1148
3 114 457 691
3 691 114 1157
3 114 1157 457
3 114 85 691
3 457 85 691
3 457 114 85
3 691 85 1148
3 556 539 1065
3 556 539 554
3 554 1065 556
3 556 539 663
3 1065 663 556
3 539 1 556
3 556 1 663
3 539 1 663
3 1 554 556
3 718 356 556
3 559 356 556
3 559 556 718
3 556 356 663
3 556 718 663
3 556 663 559
3 585 556 1
3 585 556 718
3 718 1 556
3 1 1102 556
3 1 1102 663
3 1102 663 556
3 585 556 1102
3 804 556 730
3 585 556 730
3 585 556 804
3 585 730 804
3 718 556 730
3 718 556 804
3 804 718 730
3 556 718 640
3 640 556 663
3 804 556 640
3 585 556 640
3 1065 942 663
3 1065 942 818
3 818 663 942
3 942 556 663
3 663 304 942
3 556 304 942
3 556 304 663
3 556 942 1065
3 818 6 942
3 818 304 942
3 942 6 304
3 942 581 818
3 942 581 6
3 539 581 942
3 942 539 818
3 539 818 581
3 539 1065 942
3 581 1065 942
3 581 539 1065
3 6 1065 942
3 1008 786 942
3 818 786 942
3 818 942 1008
3 304 942 786
3 1008 304 942
3 304 942 746
3 304 942 437
3 746 437 942
3 254 559 503
3 503 254 715
3 503 715 559
3 715 559 254
3 663 503 254
3 663 503 559
3 663 503 942
3 356 663 503
3 356 942 503
3 942 356 663
3 304 942 503
3 304 663 503
3 503 1010 746
3 746 503 715
3 503 715 1010
3 790 503 715
3 503 128 715
3 503 128 790
3 676 58 871
3 676 58 1035
3 1035 871 676
3 221 58 676
3 676 221 871
3 1133 871 676
3 676 1014 1133
3 1014 676 871
3 223 676 581
3 1035 581 676
3 676 223 1035
3 676 581 1147
3 223 1147 676
3 58 1186 505
3 58 505 254
3 505 254 1186
3 288 58 505
3 505 288 1186
3 58 1186 288
3 503 254 505
3 505 254 606
3 505 503 606
3 503 606 254
3 505 503 715
3 505 254 715
3 505 990 790
3 288 790 505
3 990 288 505
3 505 58 676
3 221 505 676
3 505 221 58
3 676 505 288
3 676 58 288
3 676 505 871
3 221 871 505
3 505 288 871
3 871 288 676
3 288 1133 505
3 505 133 288
3 505 133 1133
3 288 1133 871
3 505 1133 871
3 23 815 554
3 1065 815 23
3 554 1065 815
3 815 23 1020
3 1020 554 815
3 1102 815 1020
3 1102 815 23
3 331 815 1102
3 1102 331 1020
3 331 1020 815
3 111 452 815
3 815 245 111
3 452 245 815
3 452 111 245
3 815 111 1198
3 815 452 1198
3 111 1198 452
3 815 245 1198
3 111 1198 245
3 815 452 149
3 149 245 815
3 1198 149 815
3 452 149 1198
3 23 149 1198
3 1198 23 815
3 23 815 149
3 1012 933 772
3 1012 772 371
3 933 371 772
3 371 933 1012
3 100 772 1012
3 772 100 933
3 371 1189 772
3 772 1198 1189
3 1198 371 772
3 1189 922 772
3 371 1189 922
3 922 371 772
3 1198 772 922
3 371 772 517
3 1098 772 371
3 517 1098 772
3 704 1012 772
3 704 371 772
3 100 704 772
3 854 772 933
3 854 371 933
3 772 371 854
3 9 207 772
3 772 9 922
3 772 207 922
3 9 922 207
3 704 517 772
3 401 316 1095
3 316 207 401
3 316 1095 207
3 401 316 324
3 324 316 1095
3 316 9 591
3 591 223 316
3 223 316 9
3 933 316 854
3 933 316 9
3 316 9 854
3 772 316 933
3 772 316 854
3 772 316 9
3 772 316 207
3 207 9 316
3 933 316 922
3 9 922 316
3 933 9 922
3 772 316 922
3 772 922 933
3 1107 1007 674
3 377 1107 674
3 1007 377 674
3 1107 571 674
3 674 571 1007
3 571 377 674
3 674 523 877
3 674 523 1007
3 1007 877 674
3 674 877 699
3 877 377 674
3 699 674 377
3 377 877 699
3 44 877 699
3 44 674 699
3 674 44 877
3 751 674 877
3 674 377 751
3 751 377 877
3 674 523 751
3 377 856 674
3 377 674 651
3 674 651 856
3 674 101 845
3 845 674 1007
3 674 101 1007
3 1007 101 845
3 674 523 845
3 674 523 101
3 845 101 523
3 1007 481 674
3 481 101 674
3 377 674 481
3 101 523 481
3 481 523 674
3 1191 305 795
3 436 305 795
3 436 795 1191
3 687 305 795
3 1191 687 795
3 687 436 795
3 687 803 795
3 795 620 687
3 795 620 803
3 795 687 1094
3 795 803 1094
3 347 349 795
3 795 347 436
3 795 349 436
3 347 436 349
3 795 487 347
3 795 487 349
3 349 347 487
3 436 795 487
3 347 487 436
3 795 349 126
3 126 487 795
3 436 126 795
3 795 126 687
3 671 550 707
3 671 590 707
3 550 707 590
3 550 39 707
3 39 707 671
3 590 853 707
3 671 853 707
3 275 590 707
3 707 275 550
3 275 550 590
3 275 853 707
3 590 275 853
3 853 707 550
3 853 707 1183
3 1183 550 707
3 707 169 1183
3 1183 39 707
3 169 39 1183
3 169 39 707
3 169 707 853
3 707 1183 802
3 802 707 39
3 39 1183 802
3 373 707 802
3 707 373 1183
3 450 802 707
3 373 450 707
3 450 39 707
3 707 550 710
3 39 710 707
3 39 707 317
3 450 317 707
3 317 1107 707
3 1107 707 39
3 1141 1197 1184
3 758 1197 1184
3 758 1141 1184
3 1141 758 1197
3 1197 1091 103
3 758 1197 1091
3 758 103 1091
3 758 103 1197
3 1197 1184 1091
3 103 1184 1197
3 1184 1141 137
3 1197 137 1141
3 137 1197 1184
3 1197 165 1100
3 1141 165 1197
3 1197 1100 1141
3 1197 165 8
3 1197 8 1100
3 422 836 719
3 719 422 344
3 836 344 422
3 344 836 719
3 719 422 443
3 443 422 836
3 719 422 791
3 422 344 791
3 791 422 443
3 422 2 836
3 422 2 1118
3 1118 836 422
3 422 1118 480
3 344 480 422
3 1118 344 422
3 422 592 480
3 592 422 1118
3 592 344 422
3 344 484 422
3 422 484 791
3 714 422 836
3 714 344 836
3 422 344 714
3 422 2 714
3 833 422 344
3 833 422 484
3 422 1118 1106
3 344 422 1106
3 422 117 1118
3 422 117 1106
3 422 117 858
3 858 422 1118
3 1118 117 858
3 422 2 858
3 117 2 422
3 2 858 117
3 422 2 1106
3 398 314 1175
3 314 202 398
3 314 1175 202
3 398 314 319
3 319 314 1175
3 105 62 314
3 220 105 314
3 220 314 62
3 1169 314 202
3 1169 314 62
3 202 62 314
3 202 757 314
3 1169 314 757
3 1086 314 808
3 62 808 314
3 1086 314 62
3 1086 62 808
3 1169 314 808
3 1169 314 1086
3 1086 808 1169
3 908 173 105
3 226 173 908
3 226 105 173
3 105 1068 173
3 173 105 1086
3 1086 1068 105
3 173 1086 1068
3 908 173 1068
3 358 95 173
3 226 95 173
3 358 173 226
3 173 95 1086
3 173 1086 358
3 173 1086 226
3 226 168 173
3 226 173 1156
3 168 1156 173
3 173 168 1086
3 1156 173 986
3 226 173 986
3 1156 226 986
3 908 173 986
3 908 173 1156
3 986 1156 908
3 168 908 173
3 173 62 1086
3 105 62 173
3 105 62 1086
3 173 1086 314
3 173 62 314
3 1169 173 1086
3 1086 43 1169
3 173 43 1086
3 173 43 1169
3 173 1169 314
3 950 214 705
3 705 523 950
3 523 214 705
3 523 214 950
3 1142 950 705
3 214 950 1142
3 801 1142 950
3 898 1142 950
3 950 801 898
3 898 801 1142
3 950 801 541
3 541 1142 950
3 845 751 950
3 523 950 845
3 751 523 950
3 950 705 963
3 963 950 523
3 523 705 963
3 551 950 963
3 950 551 705
3 473 963 950
3 950 473 551
3 523 473 950
3 523 101 950
3 950 481 523
3 950 481 101
3 473 101 950
3 426 63 947
3 63 947 537
3 947 537 426
3 426 63 537
3 699 426 1132
3 426 278 699
3 1132 699 278
3 278 426 1132
3 63 1132 426
3 1132 426 947
3 537 426 1132
3 537 699 1132
3 426 537 699
3 256 129 992
3 129 992 947
3 129 947 256
3 947 256 992
3 129 992 605
3 256 129 605
3 147 129 992
3 129 147 605
3 732 129 992
3 732 129 147
3 537 129 841
3 537 129 426
3 841 129 426
3 841 426 537
3 129 63 947
3 947 63 992
3 992 63 129
3 537 129 947
3 63 129 537
3 1171 630 1177
3 1171 630 918
3 1177 918 1171
3 15 1171 651
3 918 651 1171
3 918 15 1171
3 651 244 1171
3 244 15 1171
3 1171 244 918
3 1177 572 1171
3 1177 15 1171
3 15 1171 572
3 15 1177 572
3 205 1171 572
3 1171 205 1177
3 1171 78 1177
3 78 15 1171
3 78 15 1177
3 78 1171 630
3 15 1171 171
3 15 1171 1094
3 1171 1094 171
3 1171 572 369
3 369 15 1171
3 369 15 572
3 205 369 1171
3 450 373 1171
3 1171 630 373
3 450 630 1171
3 918 450 1171
3 15 1171 450
3 1171 373 918
3 142 373 1171
3 1171 142 918
3 142 918 373
3 1171 630 142
3 373 142 630
3 369 171 15
3 369 171 1171
3 654 261 993
3 261 175 654
3 654 175 993
3 261 175 993
3 993 607 261
3 993 607 991
3 993 261 991
3 993 607 654
3 607 261 654
3 996 396 993
3 396 298 993
3 298 993 996
3 654 396 993
3 996 654 993
3 654 298 993
3 607 498 993
3 654 498 993
3 607 498 654
3 498 991 993
3 498 993 798
3 298 993 798
3 498 298 993
3 498 993 678
3 678 654 993
3 498 678 654
3 678 993 798
3 90 476 993
3 993 798 90
3 993 798 476
3 476 90 798
3 993 90 298
3 298 993 476
3 90 298 476
3 298 182 993
3 993 476 182
3 993 182 654
3 182 798 993
3 876 698 1030
3 1030 876 607
3 698 607 876
3 607 698 1030
3 1030 876 1069
3 698 1069 876
3 1131 876 698
3 1131 876 175
3 175 698 1131
3 698 175 876
3 607 261 876
3 261 175 876
3 607 175 876
3 654 261 876
3 654 607 876
3 175 876 654
3 217 1030 876
3 876 217 1069
3 607 217 876
3 876 334 698
3 607 334 698
3 607 334 876
3 1131 698 334
3 334 876 1131
3 607 280 876
3 876 475 607
3 876 475 280
3 280 217 876
3 734 723 876
3 723 1131 876
3 734 1131 876
3 734 175 876
3 175 876 723
3 607 876 734
3 614 329 1114
3 329 724 614
3 614 1114 724
3 1114 724 329
3 329 55 614
3 329 55 1114
3 329 55 244
3 614 244 329
3 1187 329 724
3 329 918 1187
3 329 724 918
3 329 244 1187
3 329 244 724
3 244 329 918
3 329 614 364
3 364 329 724
3 614 364 724
3 364 329 459
3 459 329 614
3 329 244 939
3 939 329 724
3 765 329 939
3 765 329 244
3 329 55 765
3 329 55 939
3 765 329 837
3 244 837 329
3 765 244 837
3 329 55 837
3 765 837 55
3 956 329 724
3 397 329 724
3 397 329 956
3 364 329 1139
3 1139 724 329
3 1139 329 459
3 329 956 1139
3 178 46 392
3 392 178 875
3 392 46 875
3 178 46 875
3 392 46 855
3 178 46 855
3 392 855 178
3 178 392 292
3 131 392 292
3 178 131 392
3 392 131 452
3 452 392 875
3 392 131 875
3 452 307 392
3 307 392 131
3 875 307 392
3 178 576 392
3 875 576 178
3 392 875 576
3 392 292 576
3 809 392 875
3 392 81 875
3 392 81 809
3 245 131 392
3 392 245 875
3 1113 392 131
3 245 1113 392
3 1113 392 1110
3 131 1110 392
3 1113 131 1110
3 392 292 1110
3 392 292 1113
3 1113 1110 292
3 245 292 392
3 875 613 1125
3 46 1125 613
3 875 613 46
3 875 46 1125
3 809 613 1125
3 809 613 875
3 1125 875 809
3 809 613 46
3 392 46 613
3 392 875 613
3 613 46 855
3 613 392 855
3 392 809 613
3 758 613 809
3 758 46 613
3 322 178 613
3 178 46 613
3 322 613 46
3 613 178 855
3 855 322 613
3 827 613 855
3 613 531 855
3 613 531 827
3 1125 752 595
3 758 595 1125
3 595 758 752
3 1125 752 758
3 81 595 1125
3 595 81 752
3 1125 595 809
3 809 758 595
3 81 809 595
3 595 1091 1197
3 1197 595 758
3 595 758 1091
3 1197 1184 595
3 1091 595 1184
3 595 1184 758
3 595 399 752
3 595 399 1184
3 595 752 1184
3 613 595 758
3 595 613 809
3 613 855 758
3 855 595 613
3 758 595 855
3 752 595 1064
3 752 1064 758
3 1064 758 595
3 595 399 1064
3 595 399 137
3 595 137 1141
3 595 399 1141
3 17 137 595
3 595 399 17
3 137 17 399
3 595 17 1184
3 595 137 1184
3 17 1184 137
3 595 1184 1141
3 1141 595 758
3 1023 1129 1086
3 688 1129 1086
3 1023 688 1129
3 1129 358 1023
3 1023 112 1129
3 358 112 1023
3 358 112 1129
3 358 1129 1086
3 1023 557 1129
3 112 1129 557
3 112 1023 557
3 1129 557 1105
3 1023 1105 1129
3 1129 1086 1169
3 43 1169 1129
3 43 1086 1129
3 95 1169 1129
3 1129 1086 95
3 1169 95 1086
3 1129 95 688
3 1169 1129 688
3 95 688 1169
3 688 43 1129
3 688 43 1169
3 688 43 112
3 688 112 1129
3 1129 43 112
3 112 1129 566
3 112 1129 820
3 1129 820 566
3 1129 557 416
3 1129 416 1105
3 416 112 1129
3 566 416 1129
3 43 1169 79
3 79 43 1083
3 43 1169 1083
3 1169 1083 79
3 688 79 43
3 688 79 1169
3 112 79 688
3 112 43 79
3 79 43 143
3 143 79 1083
3 143 43 1083
3 143 79 879
3 79 879 43
3 206 79 1083
3 206 112 79
3 79 1083 112
3 79 566 206
3 79 1083 566
3 566 79 112
3 412 112 79
3 412 79 1083
3 1117 79 412
3 112 79 1117
3 688 79 1117
3 688 79 412
3 1117 79 1129
3 688 79 1129
3 1117 1129 688
3 112 79 1129
3 1117 112 1129
3 143 79 631
3 631 79 879
3 79 1083 631
3 1127 79 1083
3 79 16 1083
3 79 16 1127
3 79 1127 631
3 356 640 367
3 804 367 356
3 804 367 640
3 367 1010 696
3 696 367 356
3 1010 356 367
3 356 1010 696
3 696 367 826
3 826 367 1010
3 746 367 1010
3 503 367 746
3 367 503 1010
3 663 254 367
3 356 663 367
3 356 254 367
3 663 503 367
3 367 254 503
3 503 356 367
3 367 356 383
3 356 640 383
3 367 640 383
3 696 367 383
3 383 356 696
3 383 367 826
3 418 367 1010
3 367 356 418
3 418 356 1010
3 746 367 418
3 367 304 942
3 304 746 367
3 746 367 942
3 942 503 367
3 367 304 503
3 356 367 942
3 367 304 715
3 746 367 715
3 715 304 746
3 503 367 715
3 503 304 715
3 321 696 640
3 640 231 321
3 321 231 696
3 383 321 696
3 321 640 383
3 321 356 383
3 321 696 356
3 356 321 640
3 335 321 406
3 321 696 406
3 335 321 696
3 335 321 878
3 406 335 878
3 406 321 878
3 771 321 696
3 321 41 696
3 321 41 771
3 321 771 406
3 841 611 994
3 611 500 994
3 841 500 994
3 959 611 994
3 959 841 994
3 994 959 500
3 542 500 994
3 994 542 841
3 841 129 994
3 841 537 994
3 537 129 994
3 1123 87 441
3 441 287 1123
3 287 87 441
3 287 87 1123
3 441 1123 666
3 87 1123 666
3 1123 666 1077
3 1077 441 1123
3 355 1120 1123
3 1123 666 355
3 1120 666 1123
3 1120 355 666
3 1123 355 1077
3 1077 1123 1120
3 355 1077 1120
3 1123 1120 161
3 161 666 1123
3 1077 161 1123
3 1077 287 1123
3 1123 161 287
3 988 188 1123
3 1077 188 1123
3 1123 988 1077
3 287 188 1123
3 988 287 1123
3 977 441 1123
3 287 1123 977
3 287 441 977
3 900 1123 977
3 441 900 1123
3 287 189 1123
3 1123 253 287
3 1123 253 189
3 1123 977 860
3 1123 860 900
3 860 287 1123
3 860 189 1123
3 130 977 441
3 441 130 736
3 130 977 736
3 977 441 736
3 441 130 860
3 860 130 977
3 130 335 151
3 130 903 151
3 335 130 903
3 151 130 736
3 130 736 335
3 130 903 736
3 135 130 977
3 135 130 903
3 130 903 977
3 441 130 900
3 900 130 860
3 900 736 130
3 148 130 736
3 736 130 976
3 976 130 148
3 290 130 977
3 736 290 977
3 130 736 290
3 135 130 290
3 130 148 900
3 842 130 427
3 135 130 427
3 135 130 842
3 842 427 135
3 427 130 903
3 842 130 903
3 427 903 842
3 842 130 738
3 135 130 738
3 130 903 738
3 738 130 736
3 694 145 774
3 694 852 774
3 852 145 694
3 852 145 774
3 774 574 694
3 574 145 694
3 1042 694 774
3 694 626 774
3 694 626 1042
3 1042 574 694
3 684 184 694
3 231 184 694
3 231 684 694
3 684 231 184
3 694 684 1019
3 694 184 1019
3 852 694 857
3 857 774 852
3 857 774 694
3 694 184 852
3 694 184 857
3 331 7 1066
3 787 7 1066
3 787 331 1066
3 225 7 1066
3 1066 225 331
3 787 225 1066
3 1102 1066 815
3 1102 1066 331
3 815 331 1066
3 815 245 1066
3 815 787 1066
3 1066 245 787
3 815 245 787
3 1066 245 1198
3 815 1198 1066
3 787 66 1066
3 787 1066 814
3 1066 814 66
3 1066 23 815
3 787 23 815
3 787 23 1066
3 23 1066 1102
3 1066 245 111
3 1066 111 1198
3 787 111 1066
3 111 66 1066
3 1066 889 1020
3 1020 1102 1066
3 889 1102 1066
3 1020 889 1102
3 331 1066 1020
3 331 1066 889
3 889 331 1020
3 1066 889 348
3 348 1102 1066
3 348 331 1066
3 1066 348 787
3 1028 952 259
3 952 291 1028
3 259 291 1028
3 667 259 1028
3 667 483 1028
3 1028 259 483
3 667 1028 952
3 1028 291 667
3 1028 291 424
3 667 424 1028
3 190 952 1028
3 1028 291 190
3 952 190 291
3 1028 190 667
3 190 667 952
3 424 1028 807
3 483 424 1028
3 424 807 483
3 807 483 1028
3 1028 291 807
3 945 506 1028
3 483 1028 506
3 945 483 1028
3 667 506 1028
3 945 1028 667
3 424 211 1028
3 1028 211 483
3 424 211 483
3 1028 211 626
3 626 1028 424
3 1028 483 1042
3 483 1028 574
3 1042 574 1028
3 1028 211 1042
3 626 1042 1028
3 693 394 1018
3 394 1018 543
3 693 543 1018
3 693 1115 1018
3 1115 342 693
3 342 1018 1115
3 342 693 1018
3 1115 1018 394
3 1018 702 543
3 394 1018 702
3 1018 365 1032
3 1032 885 1018
3 365 1018 885
3 394 1032 1018
3 394 365 1018
3 885 394 1018
3 768 365 1018
3 394 1018 768
3 365 1018 994
3 994 365 500
3 1018 994 500
3 365 1018 500
3 589 477 693
3 1115 477 693
3 1115 477 589
3 693 589 1115
3 342 693 477
3 589 477 342
3 589 342 693
3 1115 477 342
3 1018 477 1115
3 1018 342 477
3 477 394 1018
3 477 1018 542
3 542 394 1018
3 542 394 477
3 394 477 1115
3 477 932 633
3 477 342 633
3 342 477 932
3 633 477 542
3 477 542 932
3 633 342 542
3 477 342 542
3 477 1018 994
3 542 477 994
3 542 1018 994
3 365 477 994
3 477 365 1018
3 611 477 542
3 542 477 817
3 817 477 611
3 994 477 500
3 365 500 477
3 477 542 500
3 477 611 500
3 611 469 960
3 960 817 611
3 469 960 817
3 633 469 960
3 960 611 633
3 817 701 960
3 611 701 960
3 960 817 1073
3 960 701 1073
3 701 1073 817
3 469 1073 960
3 817 469 1073
3 469 960 701
3 369 960 701
3 469 369 960
3 960 205 369
3 633 369 960
3 369 205 633
3 633 205 960
3 205 960 701
3 542 469 960
3 625 542 960
3 625 960 469
3 633 542 960
3 633 625 960
3 369 171 960
3 960 171 633
3 369 171 633
3 960 171 572
3 369 171 572
3 572 960 369
3 544 171 1094
3 1094 44 544
3 171 44 1094
3 171 44 544
3 856 544 1094
3 171 544 856
3 699 544 856
3 544 699 1094
3 877 699 544
3 44 877 544
3 699 44 544
3 877 426 544
3 877 699 426
3 544 426 699
3 44 877 426
3 426 44 544
3 544 699 674
3 44 544 674
3 544 377 699
3 544 377 674
3 278 377 544
3 544 278 699
3 278 699 377
3 278 856 544
3 377 856 544
3 377 278 856
3 856 544 674
3 803 544 44
3 544 1094 803
3 44 1094 803
3 544 44 589
3 803 544 589
3 44 544 320
3 589 320 544
3 930 544 44
3 320 930 544
3 784 391 133
3 784 391 1133
3 133 1133 391
3 784 133 1133
3 1032 133 784
3 784 391 1032
3 784 768 1032
3 768 133 784
3 394 6 784
3 786 394 784
3 6 784 786
3 784 394 1032
3 784 6 1032
3 784 1032 786
3 581 702 784
3 581 1147 784
3 702 1147 784
3 702 581 1147
3 6 784 581
3 6 784 702
3 702 6 581
3 1147 6 581
3 1147 784 6
3 543 6 784
3 784 702 543
3 784 543 1032
3 543 1147 784
3 1035 58 995
3 995 676 1035
3 676 58 995
3 1198 995 149
3 1198 995 23
3 149 23 995
3 554 223 995
3 223 23 995
3 23 995 554
3 995 223 1035
3 1035 554 995
3 995 23 1035
3 221 149 995
3 995 221 1035
3 995 149 1035
3 221 149 1035
3 995 221 1186
3 149 1186 995
3 995 221 58
3 995 58 1186
3 149 995 452
3 1035 452 149
3 1035 452 995
3 452 995 1198
3 815 922 995
3 23 995 815
3 23 995 922
3 922 23 815
3 815 1198 995
3 922 1198 995
3 922 815 1198
3 995 922 9
3 9 1198 995
3 23 9 995
3 995 9 1035
3 1048 790 990
3 505 1048 790
3 990 505 1048
3 1048 120 990
3 990 606 1048
3 606 120 990
3 606 120 1048
3 120 1048 790
3 990 634 1048
3 606 1048 634
3 606 990 634
3 1048 634 1091
3 1091 1048 990
3 254 58 1048
3 606 254 1048
3 606 58 1048
3 505 254 1048
3 1048 58 505
3 606 505 1048
3 1048 790 715
3 1048 715 503
3 503 790 1048
3 288 715 1048
3 1048 790 288
3 715 288 790
3 1048 288 505
3 505 1048 715
3 288 505 715
3 505 503 1048
3 1048 503 606
3 1048 634 103
3 1048 103 1091
3 606 103 1048
3 606 241 1048
3 606 1048 806
3 1048 806 241
3 241 103 1048
3 401 316 1188
3 316 207 1188
3 401 207 1188
3 401 324 1188
3 1188 324 1009
3 1188 401 1009
3 316 1188 324
3 825 324 1188
3 825 316 1188
3 316 825 324
3 1009 1188 825
3 854 9 1188
3 591 9 1188
3 1188 854 591
3 316 9 1188
3 854 316 1188
3 591 316 1188
3 1188 702 825
3 591 1188 702
3 825 591 1188
3 1188 97 825
3 316 97 825
3 316 97 1188
3 97 1188 702
3 545 1147 1188
3 1188 545 591
3 591 1188 1147
3 545 591 1147
3 1188 702 545
3 1147 702 1188
3 1147 545 702
3 591 223 1188
3 1188 1147 223
3 1188 223 316
3 223 702 1188
3 125 19 1187
3 19 1187 534
3 19 534 125
3 534 125 1187
3 19 1187 1027
3 125 19 1027
3 534 19 536
3 536 19 683
3 19 683 534
3 724 19 1187
3 724 683 19
3 19 1187 683
3 19 142 724
3 19 1187 142
3 142 19 683
3 939 19 1187
3 19 939 1027
3 765 19 1187
3 765 19 939
3 534 19 938
3 1187 938 534
3 19 1187 938
3 536 19 938
3 536 19 397
3 397 19 956
3 536 19 956
3 397 19 1167
3 536 19 1167
3 1167 397 536
3 683 19 1167
3 397 19 683
3 683 397 1167
3 956 683 19
3 956 19 1187
3 710 550 415
3 710 415 1027
3 415 1027 550
3 710 550 1027
3 710 415 707
3 707 415 550
3 39 710 415
3 1027 39 415
3 415 39 707
3 550 415 793
3 534 415 793
3 415 534 550
3 534 125 415
3 415 125 1027
3 415 1027 534
3 125 19 415
3 415 19 534
3 1027 19 415
3 470 415 1027
3 470 39 415
3 415 275 550
3 550 275 1027
3 1027 275 415
3 275 415 793
3 415 345 1027
3 415 345 470
3 975 534 415
3 975 415 1027
3 534 415 865
3 865 415 975
3 865 415 938
3 793 415 938
3 793 415 865
3 938 865 793
3 534 415 938
3 865 534 938
3 793 415 975
3 398 314 1063
3 314 202 1063
3 398 202 1063
3 398 319 1063
3 1063 319 1053
3 1063 398 1053
3 314 1063 319
3 1063 757 202
3 314 1063 757
3 967 319 1063
3 967 314 1063
3 314 967 319
3 967 1053 1063
3 1063 811 967
3 105 1063 811
3 967 105 1063
3 105 62 1063
3 314 62 1063
3 314 105 1063
3 173 62 1063
3 173 1063 105
3 314 173 1063
3 1063 93 967
3 314 93 967
3 314 93 1063
3 93 1063 811
3 1063 1059 1068
3 1063 811 1068
3 1059 811 1063
3 1059 1068 811
3 105 1068 1063
3 105 1063 1059
3 1059 105 1068
3 220 105 1063
3 1063 1059 220
3 1063 220 314
3 220 811 1063
3 1142 204 898
3 204 705 1142
3 204 898 705
3 1142 950 204
3 204 950 898
3 705 204 950
3 770 751 204
3 770 204 898
3 204 898 751
3 770 751 898
3 770 204 281
3 281 204 751
3 751 204 845
3 845 204 950
3 204 751 950
3 1061 204 898
3 519 204 898
3 519 204 1061
3 770 204 919
3 919 898 204
3 919 204 281
3 751 204 877
3 898 877 751
3 204 898 877
3 845 204 877
3 204 1061 919
3 845 204 541
3 541 204 801
3 845 204 801
3 541 204 523
3 845 204 523
3 541 523 845
3 523 204 950
3 541 204 950
3 523 950 541
3 204 950 801
3 801 204 898
3 608 426 877
3 426 699 608
3 608 699 877
3 608 44 877
3 608 44 751
3 877 608 751
3 608 44 426
3 608 278 699
3 608 278 426
3 281 44 608
3 426 281 608
3 281 44 426
3 608 751 281
3 947 537 608
3 426 608 537
3 947 426 608
3 537 129 608
3 947 608 129
3 426 129 608
3 281 919 608
3 281 919 426
3 608 426 919
3 994 608 129
3 994 608 992
3 129 992 608
3 994 129 992
3 608 129 841
3 426 608 841
3 994 608 841
3 859 551 1096
3 1096 859 605
3 605 551 859
3 1096 551 605
3 705 859 1096
3 705 859 551
3 551 859 563
3 859 563 947
3 947 551 859
3 605 256 859
3 947 256 859
3 947 605 859
3 256 129 859
3 605 129 859
3 859 129 947
3 214 1096 859
3 605 214 859
3 859 214 705
3 859 473 551
3 551 473 605
3 605 473 859
3 473 859 563
3 605 51 859
3 605 859 780
3 859 780 51
3 214 51 859
3 859 286 944
3 859 563 286
3 859 563 944
3 859 947 944
3 859 286 947
3 605 859 944
3 63 286 859
3 859 563 63
3 286 63 563
3 859 63 947
3 63 947 286
3 175 654 494
3 993 494 175
3 993 494 654
3 610 494 1134
3 610 494 1131
3 494 1131 1134
3 494 1134 1002
3 1134 175 494
3 1002 494 175
3 175 1134 1002
3 154 494 1002
3 494 154 1134
3 494 1131 876
3 494 723 876
3 723 494 1131
3 175 876 494
3 1131 175 494
3 723 175 494
3 196 175 494
3 654 196 494
3 494 430 1134
3 430 175 1134
3 430 175 494
3 430 494 610
3 196 1002 494
3 154 196 494
3 260 334 494
3 260 610 494
3 334 610 494
3 334 260 610
3 494 260 1131
3 494 334 1131
3 260 1131 334
3 494 1131 698
3 494 334 698
3 175 494 698
3 610 494 698
3 49 269 827
3 827 49 1173
3 49 1173 269
3 758 49 613
3 613 49 855
3 758 49 855
3 758 49 1197
3 613 49 1197
3 1197 613 758
3 103 49 1091
3 49 1173 103
3 1173 1091 103
3 49 1173 1091
3 103 49 758
3 758 49 1091
3 241 103 49
3 241 49 1173
3 241 103 1173
3 241 49 634
3 634 49 103
3 241 49 1040
3 49 1173 1040
3 1040 49 634
3 1092 49 1173
3 215 49 1173
3 215 49 1092
3 49 1092 1040
3 272 804 379
3 980 804 272
3 980 272 379
3 321 272 640
3 640 272 804
3 321 272 804
3 640 321 804
3 866 272 774
3 774 379 272
3 379 272 866
3 866 272 694
3 866 694 774
3 774 272 694
3 272 585 914
3 914 804 272
3 585 272 804
3 914 272 379
3 272 379 585
3 409 272 379
3 272 409 774
3 379 272 961
3 961 272 409
3 45 326 361
3 361 45 980
3 45 980 326
3 45 878 361
3 326 45 878
3 45 980 878
3 321 45 335
3 335 45 878
3 321 878 45
3 45 321 272
3 45 980 321
3 272 45 980
3 321 272 980
3 272 45 640
3 640 45 321
3 914 45 980
3 172 45 980
3 172 45 914
3 321 45 696
3 980 696 321
3 45 980 696
3 335 45 696
3 272 45 804
3 804 45 640
3 45 980 804
3 45 914 804
3 335 45 903
3 903 45 427
3 335 45 427
3 903 45 406
3 335 45 406
3 903 406 335
3 406 45 878
3 878 45 903
3 406 878 903
3 45 878 427
3 427 45 980
3 537 841 725
3 994 725 841
3 994 725 537
3 537 197 725
3 841 197 725
3 197 817 725
3 499 725 817
3 725 197 499
3 817 725 537
3 725 1114 817
3 1114 537 725
3 537 1114 817
3 725 499 1114
3 837 725 1114
3 837 725 1132
3 1132 1114 725
3 1132 426 725
3 426 63 725
3 725 63 1132
3 537 426 725
3 1132 537 725
3 537 63 725
3 725 614 1114
3 614 537 1114
3 614 537 725
3 614 725 837
3 55 278 725
3 55 837 725
3 278 837 725
3 278 55 837
3 725 55 1132
3 725 278 1132
3 55 1132 278
3 1132 699 725
3 699 278 725
3 537 725 699
3 699 837 725
3 22 147 647
3 647 22 768
3 22 768 147
3 22 992 647
3 147 22 992
3 22 992 768
3 608 22 994
3 608 22 992
3 22 992 994
3 1018 994 22
3 22 994 768
3 768 22 1018
3 768 994 1018
3 1018 22 500
3 500 22 994
3 1032 22 768
3 768 22 784
3 784 22 1032
3 841 22 994
3 841 768 994
3 841 768 22
3 608 22 841
3 1018 22 365
3 365 22 500
3 22 768 365
3 22 1032 365
3 22 992 919
3 919 22 768
3 281 22 919
3 281 22 992
3 608 22 281
3 608 22 919
3 281 22 129
3 129 22 992
3 129 992 281
3 608 22 129
3 281 129 608
3 483 421 574
3 1028 421 483
3 574 421 1028
3 574 350 421
3 483 350 421
3 350 492 421
3 492 421 442
3 421 350 442
3 492 421 574
3 421 835 492
3 421 835 574
3 835 492 574
3 442 421 835
3 421 215 835
3 421 215 852
3 852 835 421
3 852 145 421
3 421 145 574
3 421 852 574
3 694 145 421
3 694 421 852
3 421 574 694
3 421 285 835
3 574 285 835
3 574 285 421
3 421 215 285
3 421 116 857
3 421 215 857
3 421 215 116
3 857 116 215
3 852 421 857
3 421 116 852
3 852 116 857
3 421 116 1081
3 421 215 1081
3 1081 852 421
3 1081 421 574
3 795 572 642
3 687 642 795
3 687 572 795
3 642 572 687
3 642 171 960
3 572 171 642
3 572 642 960
3 171 642 633
3 642 633 960
3 642 633 1094
3 171 1094 642
3 633 171 1094
3 369 15 642
3 572 369 642
3 572 15 642
3 369 171 642
3 642 15 171
3 795 487 642
3 642 487 572
3 795 487 572
3 436 642 487
3 642 436 795
3 572 906 642
3 642 565 572
3 642 565 906
3 642 487 347
3 572 347 642
3 642 347 436
3 906 347 642
3 209 633 342
3 342 209 589
3 209 633 589
3 633 342 589
3 342 209 542
3 542 209 633
3 633 209 642
3 642 209 1094
3 1094 633 209
3 803 209 589
3 209 1094 803
3 209 1094 589
3 209 544 803
3 209 589 544
3 544 209 1094
3 342 209 477
3 209 589 477
3 477 209 542
3 633 209 960
3 960 589 633
3 960 589 209
3 642 209 960
3 1115 209 589
3 521 209 589
3 521 209 1115
3 209 1115 477
3 209 1094 687
3 687 209 589
3 795 209 687
3 795 209 1094
3 642 209 795
3 642 209 687
3 171 795 209
3 209 171 1094
3 171 1094 795
3 171 642 209
3 795 171 642
3 1035 64 676
3 995 64 1035
3 676 64 995
3 64 676 581
3 64 1035 581
3 1147 64 581
3 6 64 1147
3 6 581 64
3 676 64 1147
3 1147 784 64
3 64 784 676
3 676 784 1147
3 64 6 784
3 64 1133 871
3 64 288 871
3 288 64 1133
3 871 64 676
3 64 1133 676
3 64 676 288
3 391 64 784
3 391 64 1133
3 64 1133 784
3 784 64 1032
3 1032 676 784
3 1032 676 64
3 391 64 1032
3 64 30 133
3 133 64 1133
3 64 30 1133
3 1133 30 133
3 391 64 133
3 30 391 64
3 133 30 391
3 64 1133 1014
3 64 30 1014
3 1014 64 676
3 391 64 1014
3 207 909 316
3 1188 909 207
3 316 1188 909
3 909 1078 1095
3 909 1145 1095
3 1078 909 1145
3 207 1095 909
3 1078 207 909
3 1145 207 909
3 909 174 1189
3 909 174 1145
3 1189 1145 909
3 909 1189 922
3 1189 207 909
3 922 909 207
3 207 1189 922
3 371 909 922
3 909 371 1189
3 772 207 909
3 772 316 909
3 909 522 1189
3 522 207 1189
3 522 207 909
3 909 174 522
3 772 922 909
3 371 772 909
3 909 106 227
3 227 174 909
3 909 174 106
3 227 106 174
3 909 227 1145
3 909 106 1145
3 1145 106 227
3 909 106 978
3 909 174 978
3 909 1145 978
3 207 909 978
3 758 103 618
3 758 618 1197
3 1197 103 618
3 618 49 758
3 103 618 49
3 618 49 1197
3 269 8 618
3 618 8 1197
3 618 269 1197
3 269 8 1197
3 618 8 659
3 618 659 269
3 827 618 269
3 827 618 49
3 269 49 618
3 165 8 618
3 618 165 659
3 1197 165 618
3 1141 618 1197
3 618 137 1197
3 618 137 1141
3 269 1021 618
3 1197 1021 269
3 618 1197 1021
3 827 618 1021
3 1141 165 618
3 827 618 855
3 613 855 618
3 613 827 618
3 855 618 1173
3 827 618 1173
3 855 1173 827
3 49 1173 618
3 855 618 49
3 855 49 1173
3 613 49 618
3 618 613 1197
3 321 272 1116
3 231 1116 321
3 272 231 1116
3 231 272 321
3 1116 321 804
3 1116 804 272
3 640 321 1116
3 640 231 1116
3 1116 640 804
3 231 1116 383
3 640 383 1116
3 231 184 1116
3 852 184 1116
3 852 231 1116
3 694 184 1116
3 694 231 1116
3 852 1116 694
3 272 1116 866
3 694 1116 866
3 694 272 1116
3 231 1116 826
3 1116 826 383
3 272 1116 379
3 379 231 272
3 379 231 1116
3 379 1116 866
3 1019 866 1116
3 1116 1019 684
3 684 866 1116
3 774 1019 1116
3 1116 866 774
3 1019 774 866
3 694 1116 774
3 694 1116 1019
3 1019 694 774
3 694 684 1116
3 231 1116 684
4 208 520 929 1069
4 1166 1015 536 883
4 573 861 924 1080
4 916 891 1057 810
4 42 755 1029 969
4 668 974 680 60
4 1082 283 712 989
4 1029 969 1022 645
4 590 1041 1027 275
4 528 216 400 564
4 561 637 70 514
4 96 315 709 892
4 11 118 1160 893
4 495 956 512 155
4 679 243 274 228
4 216 528 1030 970
4 1185 926 1046 778
4 32 136 754 381
4 810 1057 880 767
4 1136 921 1160 893
4 911 849 1041 590
4 18 762 776 1026
4 368 850 749 139
4 713 1013 731 261
4 938 1187 792 865
4 472 604 943 444
4 154 996 789 26
4 493 782 562 638
4 447 764 779 934
4 447 764 456 21
4 28 167 512 155
5 167 792 1187 956 512
4 28 167 792 865
5 28 865 938 495 155
4 938 1187 956 495
4 710 895 798 282
5 782 783 785 788 562
4 498 783 785 298
4 638 562 788 71
4 298 785 788 71
4 498 783 782 493
5 493 638 71 298 498
5 302 297 721 863 159
4 297 552 1112 721
4 668 974 986 1023
4 12 77 1161 894
4 199 627 680 60
4 423 900 404 469
4 122 583 1050 1199
4 403 466 821 1146
4 88 402 438 940
4 83 395 453 429
4 387 80 237 38
4 569 867 816 246
4 262 533 549 936
4 1182 927 936 549
4 257 532 836 242
4 692 1118 836 242
4 453 429 650 362
5 359 123 400 216 970
5 1153 323 568 972 869
4 1088 648 771 474
4 591 851 1075 276
5 306 109 631 1172 805
5 20 861 924 374 143
4 587 1038 1130 1076
4 697 669 873 577
4 419 357 755 42
4 86 268 536 883
4 233 35 86 268
4 34 230 1082 283
4 40 170 933 545
4 276 1075 305 54
4 101 317 538 845
4 101 317 710 895
4 828 407 838 333
4 293 1134 997 67
4 67 997 76 8
4 917 1056 1126 1178
4 359 646 1122 123
5 528 1030 646 1122 564
4 400 564 1122 123
4 359 646 1030 970
4 905 987 944 252
4 473 605 749 139
4 368 850 987 905
5 605 749 850 987 944
5 139 473 252 905 368
4 944 252 473 605
4 587 1038 964 273
4 1096 982 1138 700
4 196 433 1138 700
4 72 313 743 299
4 89 119 439 941
4 119 89 529 3
4 3 529 1154 672
4 381 754 1178 1126
4 1101 435 622 192
4 121 454 1119 468
5 454 1119 1036 775 761
5 692 910 822 257 242
5 233 268 536 1015 1085
5 183 94 1168 1167 397
4 478 1174 779 934
4 69 310 740 294
4 1036 824 1025 775
4 824 1036 1119 468
4 1077 985 1039 588
4 228 274 588 1039
5 29 1155 1052 1120 355
5 897 1140 666 240 14
4 607 334 376 750
4 593 963 834 470
4 352 417 723 991
5 968 1005 250 227 106
5 88 174 1064 1196 940
4 352 417 26 789
4 770 1095 1014 647
4 793 862 74 312
4 74 312 310 69
4 354 619 248 1180
4 10 115 916 891
4 185 458 767 880
5 115 916 810 767 458
5 10 891 1057 880 185
4 10 115 458 185
4 579 656 1000 1089
4 1000 1089 1044 670
4 222 337 881 675
4 337 222 315 96
4 1001 1163 1016 657
4 1112 721 863 558
4 62 109 631 202
4 62 109 306 57
4 110 341 1034 451
4 1017 432 798 282
5 101 895 798 432 845
4 845 538 1017 432
5 1017 282 710 317 538
4 302 553 552 297
4 575 874 1169 1083
4 226 568 323 105
4 374 628 1080 924
4 1137 1162 1161 894
4 813 884 1137 1162
4 301 741 516 161
4 251 727 1143 1006
4 463 602 661 366
4 1033 766 1088 648
4 636 360 977 56
4 632 380 31 224
4 488 1110 1113 149
5 398 212 981 1199 122
5 177 319 1098 1090 814
4 821 1146 943 444
4 7 557 190 238
4 716 998 311 73
4 156 510 513 162
4 194 240 666 971
4 240 194 756 14
4 83 395 410 599
4 232 600 669 697
4 910 848 1118 692
4 8 76 560 639
4 482 671 1001 1163
4 370 853 902 140
4 540 616 246 816
4 153 742 745 25
4 455 180 378 113
4 102 318 711 342
4 239 193 525 13
4 446 948 682 336
5 230 682 948 989 1082
5 34 283 712 446 336
4 712 989 948 446
4 682 336 34 230
4 953 490 637 561
5 737 739 742 745 351
5 157 152 490 637 70
4 364 660 1136 921
5 11 893 1136 660 218
5 50 270 579 1089 1044
4 927 1182 966 596
5 478 92 21 447 934
4 456 21 92 408
4 92 408 1174 478
5 408 456 764 779 1174
4 445 761 454 121
5 121 468 824 1025 445
4 445 761 775 1025
5 1039 228 679 973 985
5 727 1143 1062 525 193
5 41 899 584 437 418
4 1079 1010 1157 823
4 48 210 979 1179
4 1005 1142 1061 968
4 752 375 30 221
4 273 964 389 51
4 178 609 506 131
5 807 733 838 407 913
4 828 407 913 145
5 828 145 483 259 333
4 333 838 733 259
4 483 807 913 145
4 483 807 733 259
4 141 219 854 371
4 401 796 501 124
4 159 555 558 863
4 302 553 555 159
5 553 552 1112 558 555
5 722 717 163 158 496
4 163 347 349 717
4 54 305 803 907
5 939 146 72 299 724
4 1016 657 831 330
4 94 411 1177 1168
4 355 420 662 1120
4 104 526 839 759
5 136 754 1178 917 328
5 430 84 382 1170 1060
4 328 655 1056 917
4 32 136 328 655
5 381 32 655 1056 1126
5 597 179 134 714 706
5 966 1182 549 533 266
5 263 570 248 619 217
4 480 949 750 376
4 490 953 509 152
4 289 1193 308 65
4 489 1192 1135 150
4 179 610 327 134
4 811 1058 881 675
4 811 1058 892 709
5 96 892 1058 881 337
5 222 315 709 811 675
5 475 678 393 520 929
4 280 390 731 261
4 341 110 168 36
5 341 1034 1059 1068 36
4 808 1059 1034 451
4 808 1059 1068 1086
5 168 1086 808 451 110
4 36 168 1086 1068
4 144 220 504 132
5 51 273 587 1076 256
4 256 729 1130 1076
5 389 964 1038 1130 729
4 256 729 389 51
4 1132 939 146 563
4 146 563 313 72
4 724 1114 743 299
4 939 1132 1114 724
5 1132 563 313 743 1114
4 375 752 1184 925
5 128 120 467 823 1079
4 213 524 1096 982
5 213 399 433 1138 982
5 363 920 1099 17 137
5 196 700 1096 524 59
5 214 617 247 1002 1072
4 196 433 399 59
4 59 399 213 524
4 250 726 1142 1005
4 11 118 138 218
5 1160 118 138 364 921
4 138 218 660 364
4 267 85 210 48
4 799 1054 1101 435
4 799 1054 1031 449
4 570 870 1180 248
4 117 385 844 461
4 593 963 624 198
4 777 686 198 624
4 396 84 382 753
4 1150 1053 1121 890
5 748 403 1146 943 604
5 200 277 255 1024 689
4 466 403 748 372
5 372 466 821 444 472
4 472 604 748 372
4 616 540 235 384
4 398 332 583 122
4 40 170 331 832
4 1020 1164 1181 889
4 66 958 557 7
4 1067 1085 1015 1166
5 1067 35 86 883 1166
4 35 233 1085 1067
4 201 630 683 61
4 201 630 1183 703
4 183 459 411 94
4 469 404 747 369
4 162 513 999 486
4 464 548 849 911
5 125 686 198 593 470
5 849 1041 1027 975 548
5 476 90 541 523 931
4 931 1072 1002 476
4 90 247 1002 476
4 90 247 617 541
4 214 523 931 1072
4 214 523 541 617
4 208 520 393 182
4 430 175 396 84
4 698 1060 1170 1093
4 382 753 1093 1170
5 396 175 698 1093 753
4 175 430 1060 698
4 686 777 1104 125
5 777 624 963 834 1104
4 470 834 1104 125
4 17 103 773 1099
4 823 1157 1040 467
4 402 88 174 46
4 255 728 1145 1024
4 107 320 796 401
4 5 534 550 937
5 5 61 201 703 937
4 1183 703 937 550
4 61 683 534 5
5 550 1183 630 683 534
4 140 902 762 18
5 793 312 310 740 1111
4 720 1111 740 294
5 862 720 294 69 74
4 1111 720 862 793
4 57 306 805 1047
4 1047 805 1172 704
4 202 631 1172 704
5 57 1047 704 202 62
4 141 219 502 127
4 163 347 346 158
4 575 874 843 264
4 497 954 744 300
4 226 568 972 52
4 1151 869 972 52
4 745 25 416 351
5 843 186 95 1169 874
4 412 95 186 47
4 47 186 843 264
5 412 47 264 575 1083
4 95 412 1083 1169
4 33 227 250 726
4 324 106 227 33
5 1142 726 33 324 1061
4 106 324 1061 968
4 127 502 1009 1078
5 107 898 801 124 401
4 124 501 1007 801
4 107 320 877 898
5 877 320 796 501 1007
4 898 877 1007 801
4 143 904 164 20
4 374 628 904 143
5 164 573 1080 628 904
4 20 164 573 861
4 301 741 738 295
5 983 1149 661 602 99
5 80 580 1049 1158 237
4 1042 983 1149 866
4 99 234 1042 983
4 99 234 463 602
4 366 661 1149 866
5 234 463 366 866 1042
4 462 601 658 365
4 471 1074 1124 126
4 349 717 722 1109
4 693 625 1074 471
4 98 414 932 1073
4 158 346 957 496
4 722 1109 957 496
5 957 1109 349 347 346
5 1194 1071 38 387 888
5 813 176 77 1161 1162
4 80 387 888 580
4 580 888 1194 1049
4 38 237 1158 1071
4 1158 1071 1194 1049
4 37 236 1097 1070
4 156 510 508 151
4 340 684 769 842
4 644 1019 886 582
5 744 188 189 951 954
5 301 295 290 287 161
5 279 594 928 636 56
4 326 652 1144 818
4 279 903 977 56
4 195 427 842 769
4 681 335 598 229
4 1035 452 809 871
4 362 650 1128 915
4 410 599 1128 915
5 453 362 915 410 395
5 599 1128 650 429 83
4 254 730 835 241
4 292 955 958 66
4 200 517 1189 689
4 1024 1145 1189 689
4 949 480 484 187
4 734 260 484 187
5 607 734 187 949 750
5 260 334 376 480 484
4 334 607 734 260
4 280 390 518 203
4 91 405 1117 465
5 612 232 697 577 677
4 600 232 612 181
4 112 358 1121 890
4 291 737 351 416
4 291 737 739 296
4 296 739 742 153
5 296 153 25 416 291
4 258 763 778 1046
4 258 763 455 180
4 113 378 926 1185
5 378 180 258 1046 926
5 455 763 778 1185 113
4 716 998 1193 289
5 510 513 999 507 508
5 73 68 65 289 716
4 151 508 507 148
4 486 999 507 148
5 156 151 148 486 162
5 755 1029 645 760 357
5 641 664 819 759 104
4 1022 645 760 440
4 357 419 440 760
5 419 440 1022 969 42
4 582 886 830 460
4 1140 868 971 666
5 343 946 833 962 623
4 1103 664 819 425
4 353 641 664 1103
4 641 353 526 104
4 839 759 819 425
5 526 839 425 1103 353
4 1043 984 569 867
5 246 616 384 984 569
4 235 384 984 1043
5 235 540 816 867 1043
4 547 822 910 848
4 257 532 547 822
5 547 532 836 1118 848
5 13 896 1006 251 239
5 529 1154 1165 941 89
4 1006 1143 1062 896
4 13 525 1062 896
4 193 239 251 727
4 360 636 928 912
4 406 594 928 912
4 406 594 279 903
5 903 406 912 360 977
4 98 414 462 601
4 102 318 539 829
4 485 790 746 303
4 500 786 746 303
4 677 653 873 577
5 600 669 873 653 181
4 181 612 677 653
5 37 1070 1139 434 386
4 1070 1097 701 1139
4 579 656 847 270
4 570 870 840 263
5 48 1179 1087 535 267
4 1087 872 882 535
4 85 267 535 882
5 210 85 882 872 979
4 979 1179 1087 872
4 361 649 615 135
5 16 530 1020 889 643
5 172 652 1144 1102 567
5 40 832 1065 1147 545
5 539 318 711 702 581
4 581 885 829 539
4 485 790 1133 147
4 114 383 771 474
4 818 1144 1102 663
4 1147 922 933 545
4 978 1176 809 871
4 9 111 522 207
5 452 809 1176 522 111
5 9 1035 871 978 207
4 9 111 452 1035
4 207 522 1176 978
4 277 388 728 255
4 277 388 517 200
5 388 517 1189 1145 728
4 132 504 1012 935
4 571 802 1191 249
5 39 831 657 1001 671
4 39 169 330 831
5 330 169 482 1163 1016
4 39 169 482 671
4 4 29 1155 673
4 4 29 355 420
4 918 1167 1168 1177
4 178 609 629 827
4 629 827 1092 1081
4 157 511 514 70
5 509 511 514 561 953
4 152 509 511 157
4 844 461 812 431
4 797 1051 812 431
4 438 940 1196 1141
4 46 174 1064 758
5 1141 758 46 402 438
4 758 1064 1196 1141
4 1195 920 1099 773
4 27 166 791 864
4 150 1135 165 24
5 489 864 27 24 150
4 864 791 1192 489
5 165 166 791 1192 1135
4 27 166 165 24
4 73 311 309 68
5 311 309 308 1193 998
4 65 308 309 68
4 946 443 586 343
5 8 639 719 293 67
4 560 639 719 1131
4 719 1131 1134 293
5 560 1131 1134 997 76
4 134 327 344 714
4 105 323 1153 967
4 1153 967 1151 869
5 226 52 1151 967 105
5 370 908 1026 18 140
5 680 974 986 1156 627
4 1037 908 1026 776
4 370 853 1037 908
5 902 762 776 1037 853
4 338 611 537 614
5 271 236 1097 701 197
5 98 601 658 817 1073
4 1139 701 197 434
4 271 386 434 197
4 271 386 37 236
4 499 959 515 160
4 160 515 794 286
5 439 119 3 672 1003
5 325 1031 1054 1101 192
4 439 941 1165 1003
4 1003 1165 1154 672
5 474 114 457 766 1088
4 578 887 1148 923
4 0 325 1031 449
4 622 192 325 0
5 622 435 799 449 0
4 217 527 354 619
5 840 527 354 1180 870
4 263 840 527 217
4 935 1012 1175 479
5 735 518 390 731 1013
5 144 132 935 479 93
4 332 398 212 413
4 212 413 1159 981
5 332 583 1050 1159 413
4 1050 1199 981 1159
4 428 450 800 1055
5 12 603 884 1137 894
4 12 77 176 603
4 176 603 884 813
4 369 747 988 906
4 464 548 975 53
5 53 275 590 911 464
4 275 1027 975 53
4 635 551 947 55
4 467 1040 606 120
4 576 875 1125 1084
5 380 31 245 875 1125
4 380 632 1084 1125
5 1004 673 4 420 662
5 565 78 428 1055 1190
4 1004 1052 1120 662
4 1004 1052 1155 673
4 75 188 744 300
4 75 188 189 487
4 800 1055 1190 436
5 75 300 497 491 487
4 189 487 491 951
4 491 951 954 497
4 1023 986 1156 688
4 199 627 1156 688
5 60 668 1023 688 199
5 842 340 379 980 427
5 195 696 231 684 769
4 231 379 980 696
4 980 696 195 427
4 684 340 379 231
5 135 361 914 409 685
4 286 794 992 63
5 229 681 976 781 695
4 229 598 708 695
4 695 708 860 781
4 441 973 985 1077
4 441 973 679 243
5 441 243 274 588 1077
5 87 516 741 738 736
4 287 87 736 290
4 287 87 516 161
4 290 736 738 295
5 211 774 1019 886 830
4 116 211 774 857
4 116 211 830 460
5 460 582 644 857 116
4 857 774 1019 644
5 184 1033 648 771 383
4 457 184 383 114
4 184 457 766 1033
5 506 609 629 1081 574
4 285 574 506 131
5 827 1092 285 131 178
4 285 574 1081 1092
5 350 348 787 1113 1110
5 7 238 492 292 66
4 488 1110 350 718
4 718 350 348 1
4 149 1113 787 23
4 23 787 348 1
5 1 23 149 488 718
4 31 224 265 245
5 576 1084 632 224 265
4 245 265 576 875
4 225 177 319 100
4 530 879 1164 1020
5 280 203 284 713 261
4 713 1013 735 284
4 284 735 518 203
5 557 958 955 952 190
4 292 955 952 492
4 492 952 190 238
4 566 643 889 1181
4 585 1011 945 442
5 215 846 887 1148 546
5 194 971 868 1152 756
4 14 756 1152 897
4 1152 897 1140 868
4 621 191 322 108
4 191 621 665 1100
4 343 586 690 623
4 363 659 1195 920
5 108 621 665 1021 531
4 578 887 846 269
4 117 385 448 858
4 797 1051 858 448
5 844 431 797 448 385
5 117 858 1051 812 461
4 690 623 962 592
5 97 770 647 1032 543
5 521 930 919 768 394
5 851 1115 803 305 1075
5 471 693 589 687 126
4 825 1115 851 591
4 1115 825 907 803
5 54 907 825 591 276
5 345 765 837 856 1107
5 278 377 481 635 55
4 373 856 837 142
4 2 50 1044 670
5 656 847 2 670 1000
4 2 50 270 847
5 327 344 1106 965 610
4 597 965 610 179
4 706 1106 965 597
4 1106 706 714 344
5 82 262 936 927 596
4 82 266 966 596
4 262 533 266 82
4 584 1008 878 899
4 339 685 409 206
4 685 339 615 135
4 206 409 914 1127
4 361 649 1127 914
5 206 1127 649 615 339
4 925 1184 990 1045
5 375 30 133 1045 925
5 391 732 780 1108 519
4 91 405 901 424
4 667 1105 901 424
4 691 852 835 241
4 546 634 923 1148
4 663 1102 567 640
4 304 556 554 6
4 584 1008 942 437
4 559 715 304 556
4 128 503 1010 1079
5 1040 1157 1010 503 606
4 128 503 606 120
4 1186 288 715 559
4 133 505 990 1045
4 133 505 221 30
5 221 752 1184 990 505
4 922 1147 1065 815
4 815 1065 832 331
5 331 815 922 933 170
4 1198 1090 1098 772
4 100 319 1098 772
5 223 316 1095 1014 676
4 97 316 1095 770
4 223 543 1032 676
4 543 223 316 97
4 1032 676 1014 647
5 44 620 249 571 674
4 674 651 802 571
4 620 795 1191 249
4 44 171 795 620
4 44 171 651 674
5 171 651 802 1191 795
4 687 572 1124 126
4 707 1107 856 373
4 1021 1197 1100 665
5 443 422 592 690 586
4 592 962 833 422
4 443 946 833 422
5 220 314 1175 1012 504
4 93 314 1175 479
4 144 220 314 93
4 481 950 751 377
4 635 551 950 481
4 281 391 732 129
4 244 699 1094 1171
4 205 633 1094 1171
5 205 1171 244 614 338
4 338 611 633 205
4 614 537 699 244
5 537 699 1094 633 611
4 15 78 428 450
5 352 991 993 996 789
4 182 393 678 654
5 182 654 876 1069 208
4 678 654 876 475
4 475 876 1069 929
5 459 329 918 1177 411
4 329 397 1167 918
4 183 459 329 397
5 307 806 1173 855 392
4 81 392 307 58
5 191 322 613 1197 1100
4 108 322 613 531
4 531 613 1197 1021
4 81 392 855 595
5 1117 1129 1105 901 405
4 820 1129 1117 465
4 820 1129 1105 667
5 91 424 667 820 465
4 112 358 173 43
5 566 79 879 1164 1181
5 890 112 43 757 1150
4 16 79 566 643
4 16 79 879 530
4 367 804 730 254
5 254 367 826 691 241
4 356 418 437 942
4 356 418 41 321
4 41 321 878 899
5 321 356 942 1008 878
5 747 404 900 1123 988
4 906 988 1123 253
4 423 900 1123 253
5 253 906 369 469 423
5 130 335 598 708 860
4 335 681 976 130
4 860 781 976 130
5 100 772 1198 1066 225
4 177 225 1066 814
4 814 1066 1198 1090
5 626 961 1011 945 1028
4 1018 702 711 342
4 702 1018 885 581
5 102 342 1018 885 829
4 394 542 841 768
5 462 365 477 932 414
4 477 817 1073 932
4 477 817 658 365
5 960 572 1124 1074 625
4 693 625 960 589
4 960 589 687 572
4 544 930 919 426
5 559 556 554 995 1186
5 1091 1048 58 81 595
4 58 307 806 1048
4 806 1048 1091 1173
4 595 855 1173 1091
5 219 502 1009 1188 854
4 142 837 765 19
5 373 142 19 415 707
4 415 345 765 19
4 345 415 707 1107
4 1150 1053 1063 757
4 43 173 1063 757
5 358 1121 1053 1063 173
4 204 519 1108 705
4 519 204 281 391
4 377 751 608 278
4 278 608 947 55
5 950 751 608 947 551
5 281 204 705 859 129
4 129 732 780 859
4 780 859 705 1108
4 723 991 993 494
5 26 417 723 494 154
4 494 993 996 154
4 49 215 846 269
4 49 215 546 634
5 269 49 634 923 578
4 961 272 585 1011
4 694 626 961 272
5 326 818 663 640 45
4 45 172 652 326
4 45 172 567 640
4 499 959 994 725
4 725 994 992 63
5 286 63 725 499 160
5 515 794 992 994 959
5 147 485 303 500 22
4 147 1133 784 22
4 500 786 784 22
5 786 784 1133 790 746
4 841 768 919 426
4 442 945 1028 421
4 421 1028 626 694
5 272 694 421 442 585
5 15 642 436 800 450
4 15 78 565 642
4 642 565 1190 436
5 542 841 426 544 209
4 209 521 930 544
4 542 394 521 209
4 64 995 554 6
4 288 1186 995 64
5 304 6 64 288 715
4 1078 1009 1188 909
5 127 141 371 909 1078
4 371 854 1188 909
5 659 618 103 773 1195
4 17 103 618 137
4 363 659 618 137
5 730 804 1116 852 835
4 826 1116 852 691
4 367 804 1116 826
4 0 1 2 3
4 4 5 6 7
4 8 9 10 11
4 12 13 14 15
4 16 17 18 19
4 20 21 22 23
4 24 25 26 27
4 24 28 29 30
4 28 31 32 33
4 34 35 36 37
4 38 39 40 41
4 42 43 44 45
4 42 46 47 48
4 38 46 49 50
4 51 52 53 54
4 55 56 57 58
4 59 60 61 62
4 59 63 64 65
4 66 67 68 69
4 70 71 72 73
4 74 75 76 77
4 78 79 80 81
4 82 83 84 85
4 86 87 88 89
4 82 86 90 91
4 87 92 93 94
4 83 90 92 95
4 96 97 98 99
4 88 96 100 101
4 102 103 104 105
4 93 106 107 108
4 109 110 111 112
4 113 114 115 116
4 117 118 119 120
4 78 117 121 122
4 123 124 125 126
4 123 127 128 129
4 130 131 132 133
4 134 135 136 137
4 134 138 139 140
4 124 127 141 142
4 135 143 144 145
4 130 143 146 147
4 148 149 150 151
4 152 153 154 155
4 152 156 157 158
4 153 156 159 160
4 148 161 162 163
4 164 165 166 167
4 164 168 169 170
4 165 171 172 173
4 171 174 175 176
4 177 178 179 180
4 181 182 183 184
4 181 185 186 187
4 188 189 190 191
4 188 192 193 194
4 192 195 196 197
4 74 198 199 200
4 201 202 203 204
4 201 205 206 207
4 208 209 210 211
4 208 212 213 214
4 212 215 216 217
4 218 219 220 221
4 222 223 224 225
4 84 226 227 228
4 85 226 229 230
4 231 232 233 234
4 235 236 237 238
4 235 239 240 241
4 236 239 242 243
4 244 245 246 247
4 248 249 250 251
4 252 253 254 255
4 252 256 257 258
4 259 260 261 262
4 189 263 264 265
4 266 267 268 269
4 125 270 271 272
4 270 273 274 275
4 276 277 278 279
4 141 271 276 280
4 281 282 283 284
4 12 285 286 287
4 288 289 290 291
4 70 288 292 293
4 289 294 295 296
4 71 292 294 297
4 298 299 300 301
4 295 302 303 304
4 4 302 305 306
4 290 307 308 309
4 310 311 312 313
4 310 314 315 316
4 317 318 319 320
4 321 322 323 324
4 325 326 327 328
4 329 330 331 332
4 333 334 335 336
4 337 338 339 340
4 337 341 342 343
4 344 345 346 347
4 338 348 349 350
4 333 351 352 353
4 190 354 355 356
4 193 354 357 358
4 34 355 357 359
4 259 360 361 362
4 363 364 365 366
4 35 359 367 368
4 260 360 369 370
4 102 371 372 373
4 374 375 376 377
4 374 378 379 380
4 375 378 381 382
4 383 384 385 386
4 383 387 388 389
4 384 387 390 391
4 392 393 394 395
4 396 397 398 399
4 256 400 401 402
4 403 404 405 406
4 407 408 409 410
4 407 411 412 413
4 411 414 415 416
4 20 417 418 419
4 417 420 421 422
4 423 424 425 426
4 423 427 428 429
4 420 430 431 432
4 427 430 433 434
4 424 435 436 437
4 435 438 439 440
4 321 441 442 443
4 51 444 445 446
4 52 444 447 448
4 106 449 450 451
4 452 453 454 455
4 452 456 457 458
4 66 459 460 461
4 462 463 464 465
4 462 466 467 468
4 469 470 471 472
4 466 473 474 475
4 67 476 477 478
4 479 480 481 482
4 483 484 485 486
4 487 488 489 490
4 79 487 491 492
4 182 493 494 495
4 392 496 497 498
4 393 496 499 500
4 501 502 503 504
4 501 505 506 507
4 508 509 510 511
4 396 512 513 514
4 515 516 517 518
4 231 519 520 521
4 522 523 524 525
4 43 526 527 528
4 529 530 531 532
4 526 533 534 535
4 529 536 537 538
4 539 540 541 542
4 543 544 545 546
4 547 548 549 550
4 547 551 552 553
4 554 555 556 557
4 558 559 560 561
4 562 563 564 565
4 562 566 567 568
4 569 570 571 572
4 573 574 575 576
4 573 577 578 579
4 558 577 580 581
4 582 583 584 585
4 586 587 588 589
4 273 590 591 592
4 590 593 594 595
4 596 597 598 599
4 600 601 602 603
4 604 605 606 607
4 277 608 609 610
4 611 612 613 614
4 615 616 617 618
4 261 619 620 621
4 361 619 622 623
4 622 624 625 626
4 627 628 629 630
4 627 631 632 633
4 631 634 635 636
4 637 638 639 640
4 637 641 642 643
4 644 645 646 647
4 161 648 649 650
4 644 651 652 653
4 638 654 655 656
4 641 651 654 657
4 658 659 660 661
4 639 655 658 662
4 659 662 663 664
4 665 666 667 668
4 669 670 671 672
4 673 674 675 676
4 669 673 677 678
4 174 679 680 681
4 682 683 684 685
4 8 686 687 688
4 385 686 689 690
4 691 692 693 694
4 394 691 695 696
4 388 689 692 697
4 395 695 697 698
4 693 699 700 701
4 699 702 703 704
4 244 705 706 707
4 245 705 708 709
4 505 710 711 712
4 713 714 715 716
4 713 717 718 719
4 714 717 720 721
4 722 723 724 725
4 722 726 727 728
4 723 726 729 730
4 731 732 733 734
4 735 736 737 738
4 739 740 741 742
4 743 744 745 746
4 747 748 749 750
4 747 751 752 753
4 743 751 754 755
4 756 757 758 759
4 760 761 762 763
4 764 765 766 767
4 764 768 769 770
4 222 768 771 772
4 773 774 775 776
4 777 778 779 780
4 777 781 782 783
4 784 785 786 787
4 778 784 788 789
4 785 788 790 791
4 765 779 786 792
4 198 793 794 795
4 793 796 797 798
4 799 800 801 802
4 803 804 805 806
4 263 807 808 809
4 807 810 811 812
4 810 813 814 815
4 539 816 817 818
4 816 819 820 821
4 822 823 824 825
4 822 826 827 828
4 823 826 829 830
4 827 831 832 833
4 831 834 835 836
4 824 832 837 838
4 839 840 841 842
4 720 839 843 844
4 845 846 847 848
4 845 849 850 851
4 648 846 849 852
4 718 843 853 854
4 855 856 857 858
4 855 859 860 861
4 856 859 862 863
4 162 857 864 865
4 649 852 864 866
4 307 860 865 867
4 488 868 869 870
4 491 868 871 872
4 873 874 875 876
4 715 873 877 878
4 183 879 880 881
4 489 869 879 882
4 493 880 882 883
4 884 885 886 887
4 727 874 888 889
4 716 877 888 890
4 724 884 889 891
4 298 892 893 894
4 895 896 897 898
4 895 899 900 901
4 299 892 896 899
4 5 902 903 904
4 905 906 907 908
4 909 910 911 912
4 913 914 915 916
4 909 917 918 919
4 317 920 921 922
4 314 923 924 925
4 318 920 923 926
4 311 924 926 927
4 928 929 930 931
4 847 928 932 933
4 934 935 936 937
4 938 939 940 941
4 850 932 938 942
4 943 944 945 946
4 947 948 949 950
4 138 951 952 953
4 136 954 955 956
4 139 951 954 957
4 955 958 959 960
4 961 962 963 964
4 965 966 967 968
4 965 969 970 971
4 972 973 974 975
4 966 976 977 978
4 979 980 981 982
4 739 983 984 985
4 986 987 988 989
4 769 986 990 991
4 771 987 990 992
4 993 994 995 996
4 993 997 998 999
4 740 983 994 997
4 731 1000 1001 1002
4 1000 1003 1004 1005
4 1006 1007 1008 1009
4 1006 1010 1011 1012
4 1007 1010 1013 1014
4 227 1015 1016 1017
4 1018 1019 1020 1021
4 229 1015 1018 1022
4 1023 1024 1025 1026
4 253 1023 1027 1028
4 1029 1030 1031 1032
4 232 1029 1033 1034
4 519 1033 1035 1036
4 44 1037 1038 1039
4 520 1035 1037 1040
4 527 1038 1040 1041
4 522 1042 1043 1044
4 536 1042 1045 1046
4 329 1047 1048 1049
4 330 1047 1050 1051
4 248 1052 1053 1054
4 1055 1056 1057 1058
4 1055 1059 1060 1061
4 242 1062 1063 1064
4 243 1062 1065 1066
4 1067 1068 1069 1070
4 790 1067 1071 1072
4 1073 1074 1075 1076
4 791 1071 1077 1078
4 760 1068 1077 1079
4 1069 1080 1081 1082
4 1083 1084 1085 1086
4 1083 1087 1088 1089
4 1084 1090 1091 1092
4 1093 1094 1095 1096
4 1093 1097 1098 1099
4 1097 1100 1101 1102
4 1103 1104 1105 1106
4 403 1103 1107 1108
4 254 1109 1110 1111
4 257 1109 1112 1113
4 414 1110 1112 1114
4 1115 1116 1117 1118
4 1119 1120 1121 1122
4 412 1119 1123 1124
4 415 1114 1123 1125
4 1126 1127 1128 1129
4 16 1130 1131 1132
4 1133 1134 1135 1136
4 1133 1137 1138 1139
4 266 1140 1141 1142
4 267 1140 1143 1144
4 1145 1146 1147 1148
4 348 1149 1150 1151
4 1152 1153 1154 1155
4 296 1156 1157 1158
4 303 1156 1159 1160
4 1157 1159 1161 1162
4 1163 1164 1165 1166
4 1167 1168 1169 1170
4 1171 1172 1173 1174
4 984 1167 1175 1176
4 741 1175 1177 1178
4 1177 1179 1180 1181
4 1182 1183 1184 1185
4 21 1186 1187 1188
4 418 1186 1189 1190
4 22 1187 1191 1192
4 1193 1194 1195 1196
4 1197 1198 1199 1200
4 1201 1202 1203 1204
4 1205 1206 1207 1208
4 325 1209 1210 1211
4 1201 1209 1212 1213
4 1214 1215 1216 1217
4 1218 1219 1220 1221
4 1222 1223 1224 1225
4 1226 1227 1228 1229
4 1226 1230 1231 1232
4 326 1227 1230 1233
4 327 1233 1234 1235
4 1210 1234 1236 1237
4 1218 1236 1238 1239
4 258 1240 1241 1242
4 1240 1243 1244 1245
4 400 1241 1246 1247
4 1115 1248 1249 1250
4 1248 1251 1252 1253
4 1251 1254 1255 1256
4 401 1246 1252 1254
4 404 1257 1258 1259
4 1107 1249 1255 1257
4 405 1258 1260 1261
4 13 1262 1263 1264
4 29 1262 1265 1266
4 31 1263 1265 1267
4 14 1264 1268 1269
4 285 1268 1270 1271
4 1270 1272 1273 1274
4 218 1275 1276 1277
4 1275 1278 1279 1280
4 1281 1282 1283 1284
4 341 1281 1285 1286
4 1287 1288 1289 1290
4 1287 1291 1292 1293
4 1294 1295 1296 1297
4 1294 1298 1299 1300
4 1291 1301 1302 1303
4 1288 1301 1304 1305
4 1295 1302 1304 1306
4 1307 1308 1309 1310
4 1197 1307 1311 1312
4 1313 1314 1315 1316
4 1198 1311 1317 1318
4 1308 1317 1319 1320
4 1296 1306 1321 1322
4 1298 1321 1323 1324
4 1309 1325 1326 1327
4 1313 1319 1328 1329
4 1193 1330 1331 1332
4 1320 1330 1333 1334
4 1328 1331 1333 1335
4 344 1336 1337 1338
4 1194 1332 1339 1340
4 345 1336 1341 1342
4 339 1343 1344 1345
4 349 1343 1346 1347
4 351 1344 1346 1348
4 1349 1350 1351 1352
4 1349 1353 1354 1355
4 1356 1357 1358 1359
4 1356 1360 1361 1362
4 1357 1360 1363 1364
4 25 1361 1365 1366
4 334 1358 1365 1367
4 352 1348 1367 1368
4 1369 1370 1371 1372
4 1373 1374 1375 1376
4 1373 1377 1378 1379
4 979 1374 1377 1380
4 980 1380 1381 1382
4 1383 1384 1385 1386
4 1353 1387 1388 1389
4 1390 1391 1392 1393
4 1390 1394 1395 1396
4 1397 1398 1399 1400
4 1272 1401 1402 1403
4 1273 1401 1404 1405
4 1271 1402 1406 1407
4 1408 1409 1410 1411
4 628 1412 1413 1414
4 632 1412 1415 1416
4 1415 1417 1418 1419
4 1417 1420 1421 1422
4 1423 1424 1425 1426
4 1423 1427 1428 1429
4 629 1413 1424 1427
4 1430 1431 1432 1433
4 1434 1435 1436 1437
4 376 1434 1438 1439
4 379 1438 1440 1441
4 735 1442 1443 1444
4 736 1442 1445 1446
4 408 1447 1448 1449
4 1447 1450 1451 1452
4 1450 1453 1454 1455
4 1456 1457 1458 1459
4 1456 1460 1461 1462
4 1457 1460 1463 1464
4 1451 1465 1466 1467
4 1448 1465 1468 1469
4 1466 1468 1470 1471
4 428 1472 1473 1474
4 1472 1475 1476 1477
4 433 1473 1475 1478
4 1479 1480 1481 1482
4 900 1479 1483 1484
4 1480 1485 1486 1487
4 1488 1489 1490 1491
4 202 1492 1493 1494
4 897 1483 1492 1495
4 853 1496 1497 1498
4 875 1499 1500 1501
4 1222 1502 1503 1504
4 322 1505 1506 1507
4 1505 1508 1509 1510
4 441 1506 1508 1511
4 1502 1512 1513 1514
4 1515 1516 1517 1518
4 1189 1515 1519 1520
4 1521 1522 1523 1524
4 1525 1526 1527 1528
4 55 1529 1530 1531
4 1521 1532 1533 1534
4 1516 1532 1535 1536
4 1537 1538 1539 1540
4 1541 1542 1543 1544
4 447 1541 1545 1546
4 445 1545 1547 1548
4 1549 1550 1551 1552
4 1553 1554 1555 1556
4 1549 1553 1557 1558
4 1559 1560 1561 1562
4 463 1563 1564 1565
4 464 1563 1566 1567
4 467 1566 1568 1569
4 1570 1571 1572 1573
4 479 1574 1575 1576
4 199 1577 1578 1579
4 794 1577 1580 1581
4 799 1578 1580 1582
4 800 1582 1583 1584
4 480 1574 1585 1586
4 1587 1588 1589 1590
4 1591 1592 1593 1594
4 1587 1591 1595 1596
4 1592 1597 1598 1599
4 1564 1597 1600 1601
4 1565 1600 1602 1603
4 1598 1602 1604 1605
4 1606 1607 1608 1609
4 1604 1606 1610 1611
4 1612 1613 1614 1615
4 469 1612 1616 1617
4 1613 1618 1619 1620
4 470 1616 1618 1621
4 1622 1623 1624 1625
4 1588 1626 1627 1628
4 1595 1626 1629 1630
4 1629 1631 1632 1633
4 1589 1627 1634 1635
4 1634 1636 1637 1638
4 1635 1636 1639 1640
4 1641 1642 1643 1644
4 481 1641 1645 1646
4 1647 1648 1649 1650
4 1575 1645 1647 1651
4 473 1652 1653 1654
4 468 1652 1655 1656
4 474 1653 1657 1658
4 1659 1660 1661 1662
4 1659 1663 1664 1665
4 476 1660 1663 1666
4 477 1666 1667 1668
4 1669 1670 1671 1672
4 68 1667 1669 1673
4 1670 1674 1675 1676
4 1657 1674 1677 1678
4 1658 1677 1679 1680
4 1675 1679 1681 1682
4 1681 1683 1684 1685
4 1683 1686 1687 1688
4 1664 1689 1690 1691
4 1689 1692 1693 1694
4 1661 1690 1695 1696
4 1223 1697 1698 1699
4 1503 1697 1700 1701
4 1700 1702 1703 1704
4 1224 1698 1705 1706
4 1237 1705 1707 1708
4 1238 1706 1707 1709
4 1692 1710 1711 1712
4 1693 1710 1713 1714
4 1691 1711 1715 1716
4 1717 1718 1719 1720
4 1717 1721 1722 1723
4 1724 1725 1726 1727
4 494 1728 1729 1730
4 871 1731 1732 1733
4 497 1728 1734 1735
4 1736 1737 1738 1739
4 499 1734 1736 1740
4 533 1741 1742 1743
4 512 1744 1745 1746
4 515 1747 1748 1749
4 543 1750 1751 1752
4 929 1753 1754 1755
4 1756 1757 1758 1759
4 1753 1756 1760 1761
4 544 1750 1757 1760
4 205 1762 1763 1764
4 203 1754 1758 1762
4 206 1763 1765 1766
4 429 1765 1767 1768
4 425 1766 1767 1769
4 1770 1771 1772 1773
4 1770 1774 1775 1776
4 1774 1777 1778 1779
4 1771 1780 1781 1782
4 1780 1783 1784 1785
4 1786 1787 1788 1789
4 1786 1790 1791 1792
4 1790 1793 1794 1795
4 1796 1797 1798 1799
4 1800 1801 1802 1803
4 1804 1805 1806 1807
4 1808 1809 1810 1811
4 1804 1808 1812 1813
4 1814 1815 1816 1817
4 569 1818 1819 1820
4 563 1821 1822 1823
4 566 1818 1821 1824
4 586 1825 1826 1827
4 564 1822 1828 1829
4 1830 1831 1832 1833
4 1834 1835 1836 1837
4 548 1838 1839 1840
4 551 1838 1841 1842
4 1843 1844 1845 1846
4 1839 1843 1847 1848
4 1844 1847 1849 1850
4 574 1840 1845 1851
4 552 1841 1852 1853
4 1852 1854 1855 1856
4 1853 1854 1857 1858
4 554 1859 1860 1861
4 578 1859 1862 1863
4 580 1860 1862 1864
4 555 1861 1865 1866
4 1867 1868 1869 1870
4 1871 1872 1873 1874
4 1875 1876 1877 1878
4 1830 1879 1880 1881
4 582 1882 1883 1884
4 1885 1886 1887 1888
4 1885 1889 1890 1891
4 583 1882 1886 1889
4 1892 1893 1894 1895
4 1896 1897 1898 1899
4 502 1896 1900 1901
4 596 1902 1903 1904
4 1905 1906 1907 1908
4 1892 1909 1910 1911
4 1893 1909 1912 1913
4 1914 1915 1916 1917
4 1918 1919 1920 1921
4 1918 1922 1923 1924
4 1919 1922 1925 1926
4 1927 1928 1929 1930
4 1931 1932 1933 1934
4 1935 1936 1937 1938
4 1939 1940 1941 1942
4 113 1943 1944 1945
4 1943 1946 1947 1948
4 114 1944 1949 1950
4 1946 1949 1951 1952
4 1953 1954 1955 1956
4 1957 1958 1959 1960
4 118 1961 1962 1963
4 1961 1964 1965 1966
4 1962 1964 1967 1968
4 1087 1969 1970 1971
4 1972 1973 1974 1975
4 1085 1969 1972 1976
4 1973 1977 1978 1979
4 1857 1977 1980 1981
4 744 1982 1983 1984
4 1982 1985 1986 1987
4 1985 1988 1989 1990
4 1088 1970 1986 1988
4 121 1983 1989 1991
4 119 1963 1991 1992
4 837 1993 1994 1995
4 1855 1980 1993 1996
4 1435 1997 1998 1999
4 1059 2000 2001 2002
4 1056 1997 2000 2003
4 1923 2004 2005 2006
4 1098 2007 2008 2009
4 1060 2001 2007 2010
4 1100 2008 2010 2011
4 249 2012 2013 2014
4 1920 2004 2012 2015
4 2016 2017 2018 2019
4 611 2020 2021 2022
4 2023 2024 2025 2026
4 2027 2028 2029 2030
4 1939 2031 2032 2033
4 2031 2034 2035 2036
4 2037 2038 2039 2040
4 2037 2041 2042 2043
4 2044 2045 2046 2047
4 2044 2048 2049 2050
4 2048 2051 2052 2053
4 2054 2055 2056 2057
4 2054 2058 2059 2060
4 2016 2055 2061 2062
4 2063 2064 2065 2066
4 1914 2067 2068 2069
4 2070 2071 2072 2073
4 1718 2074 2075 2076
4 1721 2077 2078 2079
4 1719 2074 2077 2080
4 2081 2082 2083 2084
4 2078 2081 2085 2086
4 2082 2085 2087 2088
4 2079 2083 2089 2090
4 2091 2092 2093 2094
4 0 2091 2095 2096
4 620 2097 2098 2099
4 2100 2101 2102 2103
4 2104 2105 2106 2107
4 2104 2108 2109 2110
4 2105 2108 2111 2112
4 175 2106 2113 2114
4 679 2113 2115 2116
4 670 2109 2114 2117
4 2118 2119 2120 2121
4 1637 2118 2122 2123
4 1639 2122 2124 2125
4 680 2115 2126 2127
4 2089 2124 2128 2129
4 1 2130 2131 2132
4 2133 2134 2135 2136
4 369 2133 2137 2138
4 2139 2140 2141 2142
4 674 2139 2143 2144
4 677 2140 2143 2145
4 2 2130 2146 2147
4 2134 2148 2149 2150
4 2095 2131 2148 2151
4 367 2135 2152 2153
4 370 2137 2152 2154
4 2155 2156 2157 2158
4 36 2153 2155 2159
4 675 2160 2161 2162
4 2163 2164 2165 2166
4 2163 2167 2168 2169
4 2170 2171 2172 2173
4 2174 2175 2176 2177
4 2178 2179 2180 2181
4 2174 2178 2182 2183
4 2179 2184 2185 2186
4 1094 2187 2188 2189
4 2190 2191 2192 2193
4 2167 2190 2194 2195
4 1420 2196 2197 2198
4 32 2199 2200 2201
4 2202 2203 2204 2205
4 286 2206 2207 2208
4 1383 2206 2209 2210
4 2211 2212 2213 2214
4 2211 2215 2216 2217
4 2218 2219 2220 2221
4 1073 2218 2222 2223
4 972 2224 2225 2226
4 2227 2228 2229 2230
4 2224 2227 2231 2232
4 2233 2234 2235 2236
4 2233 2237 2238 2239
4 2212 2240 2241 2242
4 2243 2244 2245 2246
4 2213 2240 2247 2248
4 2215 2243 2247 2249
4 2250 2251 2252 2253
4 2250 2254 2255 2256
4 2257 2258 2259 2260
4 2228 2261 2262 2263
4 2254 2264 2265 2266
4 2251 2267 2268 2269
4 2231 2261 2267 2270
4 2229 2262 2271 2272
4 2273 2274 2275 2276
4 1406 2277 2278 2279
4 2280 2281 2282 2283
4 1397 2277 2284 2285
4 2273 2286 2287 2288
4 2289 2290 2291 2292
4 2289 2293 2294 2295
4 682 2296 2297 2298
4 795 2299 2300 2301
4 796 2299 2302 2303
4 2300 2302 2304 2305
4 803 2306 2307 2308
4 2306 2309 2310 2311
4 2312 2313 2314 2315
4 2312 2316 2317 2318
4 2313 2316 2319 2320
4 1179 2321 2322 2323
4 1180 2321 2324 2325
4 2326 2327 2328 2329
4 1178 2322 2326 2330
4 2331 2332 2333 2334
4 934 2335 2336 2337
4 935 2335 2338 2339
4 2340 2341 2342 2343
4 2344 2345 2346 2347
4 2348 2349 2350 2351
4 729 2348 2352 2353
4 2344 2354 2355 2356
4 2349 2357 2358 2359
4 910 2357 2360 2361
4 1883 2362 2363 2364
4 730 2352 2365 2366
4 584 2350 2362 2365
4 911 2367 2368 2369
4 2360 2367 2370 2371
4 2345 2368 2370 2372
4 2373 2374 2375 2376
4 2377 2378 2379 2380
4 2354 2377 2381 2382
4 2346 2372 2381 2383
4 2384 2385 2386 2387
4 1940 2388 2389 2390
4 2391 2392 2393 2394
4 2391 2395 2396 2397
4 2392 2398 2399 2400
4 2032 2388 2398 2401
4 2402 2403 2404 2405
4 2402 2406 2407 2408
4 2409 2410 2411 2412
4 2403 2409 2413 2414
4 1941 2389 2410 2413
4 1935 2404 2411 2415
4 947 2416 2417 2418
4 209 2419 2420 2421
4 2422 2423 2424 2425
4 2419 2422 2426 2427
4 948 2416 2423 2426
4 146 2420 2424 2428
4 131 2428 2429 2430
4 132 2429 2431 2432
4 280 2431 2433 2434
4 278 2432 2433 2435
4 2038 2436 2437 2438
4 604 2436 2439 2440
4 2439 2441 2442 2443
4 2437 2441 2444 2445
4 2442 2444 2446 2447
4 2448 2449 2450 2451
4 2448 2452 2453 2454
4 2455 2456 2457 2458
4 1134 2455 2459 2460
4 1137 2456 2459 2461
4 2462 2463 2464 2465
4 2462 2466 2467 2468
4 958 2463 2466 2469
4 959 2469 2470 2471
4 2472 2473 2474 2475
4 956 2470 2472 2476
4 2473 2477 2478 2479
4 268 2477 2480 2481
4 269 2480 2482 2483
4 2100 2478 2482 2484
4 2485 2486 2487 2488
4 2485 2489 2490 2491
4 2492 2493 2494 2495
4 2496 2497 2498 2499
4 2500 2501 2502 2503
4 1314 2500 2504 2505
4 2506 2507 2508 2509
4 1289 2506 2510 2511
4 219 2512 2513 2514
4 2515 2516 2517 2518
4 2225 2515 2519 2520
4 2232 2516 2519 2521
4 1276 2512 2522 2523
4 2522 2524 2525 2526
4 220 2513 2527 2528
4 2529 2530 2531 2532
4 988 2529 2533 2534
4 2535 2536 2537 2538
4 2535 2539 2540 2541
4 2290 2536 2539 2542
4 976 2543 2544 2545
4 2274 2546 2547 2548
4 989 2533 2549 2550
4 998 2530 2549 2551
4 2531 2552 2553 2554
4 967 2543 2552 2555
4 995 2546 2551 2556
4 973 2557 2558 2559
4 2293 2557 2560 2561
4 2291 2542 2560 2562
4 2558 2563 2564 2565
4 2561 2563 2566 2567
4 977 2544 2564 2566
4 1171 2568 2569 2570
4 2571 2572 2573 2574
4 2571 2575 2576 2577
4 1172 2568 2578 2579
4 1016 2580 2581 2582
4 107 2583 2584 2585
4 523 2583 2586 2587
4 94 2584 2586 2588
4 2589 2590 2591 2592
4 1470 2589 2593 2594
4 1458 2580 2595 2596
4 1461 2590 2595 2597
4 1471 2593 2597 2598
4 524 2587 2599 2600
4 1043 2599 2601 2602
4 2601 2603 2604 2605
4 2591 2606 2607 2608
4 2609 2610 2611 2612
4 2606 2609 2613 2614
4 2603 2615 2616 2617
4 2602 2615 2618 2619
4 2613 2620 2621 2622
4 2610 2620 2623 2624
4 2604 2616 2621 2623
4 1024 2625 2626 2627
4 2625 2628 2629 2630
4 2631 2632 2633 2634
4 2017 2631 2635 2636
4 2637 2638 2639 2640
4 2637 2641 2642 2643
4 1453 2638 2641 2644
4 1454 2644 2645 2646
4 2647 2648 2649 2650
4 1452 2645 2647 2651
4 2648 2652 2653 2654
4 1260 2652 2655 2656
4 1050 2653 2657 2658
4 1261 2655 2657 2659
4 2660 2661 2662 2663
4 1048 2658 2660 2664
4 2665 2666 2667 2668
4 9 2669 2670 2671
4 2672 2673 2674 2675
4 2676 2677 2678 2679
4 1925 2676 2680 2681
4 2682 2683 2684 2685
4 1926 2680 2686 2687
4 1065 2677 2686 2688
4 1063 2682 2688 2689
4 2690 2691 2692 2693
4 2271 2694 2695 2696
4 2697 2698 2699 2700
4 2202 2701 2702 2703
4 2272 2694 2704 2705
4 1126 2706 2707 2708
4 1127 2706 2709 2710
4 2711 2712 2713 2714
4 1135 2715 2716 2717
4 1614 2718 2719 2720
4 1622 2718 2721 2722
4 2723 2724 2725 2726
4 2727 2728 2729 2730
4 2731 2732 2733 2734
4 2241 2735 2736 2737
4 2242 2735 2738 2739
4 2740 2741 2742 2743
4 2744 2745 2746 2747
4 2744 2748 2749 2750
4 2751 2752 2753 2754
4 2755 2756 2757 2758
4 2759 2760 2761 2762
4 128 2759 2763 2764
4 129 2763 2765 2766
4 1143 2760 2765 2767
4 1141 2767 2768 2769
4 2768 2770 2771 2772
4 2761 2773 2774 2775
4 2773 2776 2777 2778
4 2779 2780 2781 2782
4 1951 2783 2784 2785
4 605 2786 2787 2788
4 2786 2789 2790 2791
4 319 2792 2793 2794
4 921 2792 2795 2796
4 2797 2798 2799 2800
4 1814 2801 2802 2803
4 2801 2804 2805 2806
4 1809 2807 2808 2809
4 2802 2810 2811 2812
4 2804 2810 2813 2814
4 2811 2813 2815 2816
4 2817 2818 2819 2820
4 1812 2807 2817 2821
4 2822 2823 2824 2825
4 2822 2826 2827 2828
4 1810 2808 2823 2826
4 2829 2830 2831 2832
4 1145 2833 2834 2835
4 2797 2836 2837 2838
4 281 2836 2839 2840
4 2841 2842 2843 2844
4 2845 2846 2847 2848
4 2309 2845 2849 2850
4 2317 2851 2852 2853
4 2318 2851 2854 2855
4 1391 2856 2857 2858
4 2859 2860 2861 2862
4 459 2863 2864 2865
4 1570 2863 2866 2867
4 2868 2869 2870 2871
4 2868 2872 2873 2874
4 2869 2872 2875 2876
4 2877 2878 2879 2880
4 2875 2877 2881 2882
4 2870 2881 2883 2884
4 2885 2886 2887 2888
4 2885 2889 2890 2891
4 1387 2892 2893 2894
4 2886 2895 2896 2897
4 1354 2892 2895 2898
4 2899 2900 2901 2902
4 2903 2904 2905 2906
4 1388 2893 2907 2908
4 2170 2909 2910 2911
4 2912 2913 2914 2915
4 2912 2916 2917 2918
4 913 2919 2920 2921
4 2919 2922 2923 2924
4 2925 2926 2927 2928
4 2929 2930 2931 2932
4 2929 2933 2934 2935
4 917 2936 2937 2938
4 2939 2940 2941 2942
4 2939 2943 2944 2945
4 2940 2943 2946 2947
4 732 2948 2949 2950
4 1001 2944 2948 2951
4 1168 2941 2951 2952
4 2953 2954 2955 2956
4 733 2949 2953 2957
4 2954 2957 2958 2959
4 2960 2961 2962 2963
4 2964 2965 2966 2967
4 149 2964 2968 2969
4 2970 2971 2972 2973
4 1182 2970 2974 2975
4 2976 2977 2978 2979
4 2976 2980 2981 2982
4 2983 2984 2985 2986
4 1202 2987 2988 2989
4 1214 2990 2991 2992
4 1215 2990 2993 2994
4 1219 2995 2996 2997
4 2995 2998 2999 3000
4 3001 3002 3003 3004
4 3005 3006 3007 3008
4 3009 3010 3011 3012
4 3001 3009 3013 3014
4 1796 3015 3016 3017
4 3015 3018 3019 3020
4 3018 3021 3022 3023
4 1195 3024 3025 3026
4 1339 3024 3027 3028
4 1341 3027 3029 3030
4 3025 3031 3032 3033
4 3028 3034 3035 3036
4 1342 3029 3034 3037
4 1228 3038 3039 3040
4 1695 3038 3041 3042
4 1231 3039 3043 3044
4 1199 3043 3045 3046
4 3044 3047 3048 3049
4 1200 3045 3047 3050
4 69 3051 3052 3053
4 3051 3054 3055 3056
4 460 3052 3054 3057
4 2878 3058 3059 3060
4 3048 3061 3062 3063
4 2882 3058 3061 3064
4 3065 3066 3067 3068
4 3065 3069 3070 3071
4 2879 3059 3066 3069
4 3072 3073 3074 3075
4 3072 3076 3077 3078
4 3079 3080 3081 3082
4 1323 3083 3084 3085
4 1292 3086 3087 3088
4 3073 3089 3090 3091
4 323 3089 3092 3093
4 1512 3079 3094 3095
4 2983 3096 3097 3098
4 2984 3096 3099 3100
4 3101 3102 3103 3104
4 3105 3106 3107 3108
4 3105 3109 3110 3111
4 3076 3112 3113 3114
4 3115 3116 3117 3118
4 3115 3119 3120 3121
4 3116 3119 3122 3123
4 3086 3117 3124 3125
4 3074 3120 3124 3126
4 3077 3112 3126 3127
4 2993 3128 3129 3130
4 2994 3128 3131 3132
4 1905 3133 3134 3135
4 1906 3133 3136 3137
4 3138 3139 3140 3141
4 3142 3143 3144 3145
4 1290 3146 3147 3148
4 2510 3146 3149 3150
4 2501 3147 3149 3151
4 2496 3152 3153 3154
4 1299 3142 3155 3156
4 2711 3157 3158 3159
4 3157 3160 3161 3162
4 3160 3163 3164 3165
4 2497 3152 3161 3163
4 2504 3158 3164 3166
4 2502 3151 3166 3167
4 3168 3169 3170 3171
4 3172 3173 3174 3175
4 2907 3172 3176 3177
4 3083 3178 3179 3180
4 324 3181 3182 3183
4 3080 3181 3184 3185
4 3092 3182 3184 3186
4 2899 3173 3187 3188
4 2908 3176 3187 3189
4 3174 3190 3191 3192
4 1324 3178 3190 3193
4 1325 3194 3195 3196
4 3081 3185 3197 3198
4 3094 3194 3197 3199
4 3195 3200 3201 3202
4 3199 3200 3203 3204
4 3084 3179 3201 3203
4 3205 3206 3207 3208
4 53 3205 3209 3210
4 54 3209 3211 3212
4 3206 3211 3213 3214
4 3215 3216 3217 3218
4 442 3219 3220 3221
4 3213 3219 3222 3223
4 3207 3224 3225 3226
4 60 3224 3227 3228
4 1384 3229 3230 3231
4 1013 3232 3233 3234
4 3232 3235 3236 3237
4 1120 3238 3239 3240
4 3241 3242 3243 3244
4 1014 3233 3245 3246
4 3235 3241 3245 3247
4 1124 3238 3248 3249
4 3236 3248 3250 3251
4 3252 3253 3254 3255
4 3252 3256 3257 3258
4 1121 3239 3253 3256
4 1385 3229 3259 3260
4 2209 3257 3259 3261
4 2203 3254 3261 3262
4 3263 3264 3265 3266
4 3247 3263 3267 3268
4 3242 3264 3267 3269
4 177 3270 3271 3272
4 3273 3274 3275 3276
4 2900 3277 3278 3279
4 3188 3277 3280 3281
4 2901 3278 3282 3283
4 1509 3284 3285 3286
4 1510 3284 3287 3288
4 624 3289 3290 3291
4 363 3289 3292 3293
4 3290 3294 3295 3296
4 3292 3294 3297 3298
4 3295 3297 3299 3300
4 3301 3302 3303 3304
4 3301 3305 3306 3307
4 3302 3305 3308 3309
4 3310 3311 3312 3313
4 3310 3314 3315 3316
4 3314 3317 3318 3319
4 2264 3320 3321 3322
4 3311 3323 3324 3325
4 3323 3326 3327 3328
4 3315 3324 3326 3329
4 3330 3331 3332 3333
4 381 3330 3334 3335
4 3336 3337 3338 3339
4 382 3334 3340 3341
4 1430 3331 3340 3342
4 3342 3343 3344 3345
4 702 3346 3347 3348
4 3349 3350 3351 3352
4 371 3346 3353 3354
4 1431 3343 3355 3356
4 3353 3357 3358 3359
4 3347 3357 3360 3361
4 1432 3355 3358 3360
4 3362 3363 3364 3365
4 1998 3366 3367 3368
4 3366 3369 3370 3371
4 2003 3367 3369 3372
4 3362 3373 3374 3375
4 829 3373 3376 3377
4 1101 3378 3379 3380
4 830 3376 3381 3382
4 1965 3374 3381 3383
4 1967 3378 3383 3384
4 3385 3386 3387 3388
4 3363 3385 3389 3390
4 3386 3391 3392 3393
4 3389 3391 3394 3395
4 3392 3394 3396 3397
4 1744 3398 3399 3400
4 3401 3402 3403 3404
4 3401 3405 3406 3407
4 3405 3408 3409 3410
4 516 3408 3411 3412
4 3413 3414 3415 3416
4 1463 3413 3417 3418
4 1011 3414 3419 3420
4 1464 3417 3419 3421
4 1008 3420 3422 3423
4 2255 3424 3425 3426
4 3424 3427 3428 3429
4 2265 3425 3427 3430
4 3317 3431 3432 3433
4 3270 3422 3434 3435
4 3415 3436 3437 3438
4 3316 3431 3436 3439
4 3440 3441 3442 3443
4 3440 3444 3445 3446
4 3318 3432 3441 3444
4 3336 3447 3448 3449
4 3447 3450 3451 3452
4 3448 3450 3453 3454
4 3312 3455 3456 3457
4 3337 3449 3458 3459
4 2642 3460 3461 3462
4 3460 3463 3464 3465
4 2639 3455 3461 3466
4 3453 3467 3468 3469
4 3470 3471 3472 3473
4 3327 3470 3474 3475
4 3328 3474 3476 3477
4 3451 3467 3471 3476
4 3472 3478 3479 3480
4 63 3481 3482 3483
4 902 3484 3485 3486
4 1481 3484 3487 3488
4 1484 3485 3487 3489
4 3490 3491 3492 3493
4 61 3481 3490 3494
4 905 3495 3496 3497
4 3498 3499 3500 3501
4 3498 3502 3503 3504
4 64 3482 3499 3502
4 3503 3505 3506 3507
4 6 3500 3505 3508
4 903 3486 3508 3509
4 3510 3511 3512 3513
4 1476 3510 3514 3515
4 1787 3516 3517 3518
4 3016 3519 3520 3521
4 3019 3519 3522 3523
4 3002 3520 3522 3524
4 1477 3514 3525 3526
4 1488 3511 3525 3527
4 3512 3528 3529 3530
4 1791 3516 3528 3531
4 3532 3533 3534 3535
4 3532 3536 3537 3538
4 1788 3517 3533 3536
4 3003 3524 3539 3540
4 3013 3537 3539 3541
4 3534 3541 3542 3543
4 3005 3544 3545 3546
4 3547 3548 3549 3550
4 3547 3551 3552 3553
4 1715 3554 3555 3556
4 3557 3558 3559 3560
4 3557 3561 3562 3563
4 1161 3564 3565 3566
4 1162 3564 3567 3568
4 3569 3570 3571 3572
4 3558 3573 3574 3575
4 3561 3573 3576 3577
4 3574 3578 3579 3580
4 3569 3581 3582 3583
4 3581 3584 3585 3586
4 3587 3588 3589 3590
4 3562 3576 3591 3592
4 1525 3593 3594 3595
4 3596 3597 3598 3599
4 1526 3593 3600 3601
4 3596 3602 3603 3604
4 282 3605 3606 3607
4 419 3605 3608 3609
4 421 3606 3608 3610
4 3611 3612 3613 3614
4 283 3607 3615 3616
4 2839 3611 3615 3617
4 3035 3618 3619 3620
4 3618 3621 3622 3623
4 3621 3624 3625 3626
4 483 3627 3628 3629
4 652 3630 3631 3632
4 3584 3630 3633 3634
4 657 3631 3633 3635
4 1642 3636 3637 3638
4 3639 3640 3641 3642
4 1646 3636 3639 3643
4 3644 3645 3646 3647
4 3644 3648 3649 3650
4 1643 3637 3645 3648
4 3585 3634 3651 3652
4 3582 3649 3651 3653
4 3587 3646 3653 3654
4 3655 3656 3657 3658
4 660 3655 3659 3660
4 663 3659 3661 3662
4 3627 3661 3663 3664
4 3665 3666 3667 3668
4 600 3669 3670 3671
4 601 3669 3672 3673
4 3656 3674 3675 3676
4 3665 3674 3677 3678
4 3679 3680 3681 3682
4 3679 3683 3684 3685
4 2075 3686 3687 3688
4 2076 3686 3689 3690
4 484 3691 3692 3693
4 3691 3694 3695 3696
4 3692 3694 3697 3698
4 1631 3699 3700 3701
4 3702 3703 3704 3705
4 3702 3706 3707 3708
4 3703 3709 3710 3711
4 1630 3699 3709 3712
4 485 3693 3713 3714
4 3628 3713 3715 3716
4 3640 3715 3717 3718
4 3717 3719 3720 3721
4 3716 3719 3722 3723
4 1632 3700 3720 3722
4 3724 3725 3726 3727
4 3728 3729 3730 3731
4 1724 3728 3732 3733
4 103 3734 3735 3736
4 97 3737 3738 3739
4 1740 3740 3741 3742
4 1737 3740 3743 3744
4 397 3737 3745 3746
4 3738 3747 3748 3749
4 3745 3747 3750 3751
4 1738 3743 3748 3750
4 3752 3753 3754 3755
4 906 3752 3756 3757
4 3753 3756 3758 3759
4 3760 3761 3762 3763
4 2930 3764 3765 3766
4 2925 3764 3767 3768
4 3769 3770 3771 3772
4 3760 3769 3773 3774
4 907 3757 3775 3776
4 3495 3775 3777 3778
4 3491 3777 3779 3780
4 513 3781 3782 3783
4 1747 3781 3784 3785
4 1745 3782 3784 3786
4 1019 3787 3788 3789
4 3790 3791 3792 3793
4 3265 3790 3794 3795
4 3791 3796 3797 3798
4 3266 3794 3796 3799
4 3792 3800 3801 3802
4 1022 3787 3800 3803
4 3804 3805 3806 3807
4 3804 3808 3809 3810
4 1020 3788 3805 3808
4 517 3809 3811 3812
4 1748 3785 3811 3813
4 508 3806 3812 3814
4 3815 3816 3817 3818
4 981 3815 3819 3820
4 1381 3819 3821 3822
4 3243 3821 3823 3824
4 3825 3826 3827 3828
4 3797 3829 3830 3831
4 3825 3832 3833 3834
4 3816 3835 3836 3837
4 1369 3835 3838 3839
4 1793 3840 3841 3842
4 1751 3840 3843 3844
4 545 3843 3845 3846
4 936 3845 3847 3848
4 559 3849 3850 3851
4 3846 3852 3853 3854
4 937 3847 3852 3855
4 3853 3856 3857 3858
4 581 3849 3856 3859
4 3860 3861 3862 3863
4 3860 3864 3865 3866
4 560 3850 3861 3864
4 3862 3867 3868 3869
4 3867 3870 3871 3872
4 1875 3865 3868 3873
4 3874 3875 3876 3877
4 1815 3874 3878 3879
4 3880 3881 3882 3883
4 1825 3880 3884 3885
4 3886 3887 3888 3889
4 3881 3890 3891 3892
4 3890 3893 3894 3895
4 1828 3896 3897 3898
4 3896 3899 3900 3901
4 1829 3897 3902 3903
4 3899 3902 3904 3905
4 3904 3906 3907 3908
4 1831 3906 3909 3910
4 3911 3912 3913 3914
4 3915 3916 3917 3918
4 3919 3920 3921 3922
4 1146 3923 3924 3925
4 1867 3926 3927 3928
4 3919 3929 3930 3931
4 3923 3932 3933 3934
4 1868 3926 3935 3936
4 3937 3938 3939 3940
4 1869 3937 3941 3942
4 1865 3938 3943 3944
4 1870 3941 3943 3945
4 3946 3947 3948 3949
4 3907 3946 3950 3951
4 3905 3947 3950 3952
4 1834 3953 3954 3955
4 556 3944 3956 3957
4 567 3956 3958 3959
4 3960 3961 3962 3963
4 3960 3964 3965 3966
4 1835 3953 3961 3964
4 3929 3967 3968 3969
4 3924 3967 3970 3971
4 3932 3968 3970 3972
4 3973 3974 3975 3976
4 3973 3977 3978 3979
4 3974 3977 3980 3981
4 3920 3978 3982 3983
4 3930 3969 3982 3984
4 1876 3975 3983 3985
4 1777 3986 3987 3988
4 1792 3986 3989 3990
4 1794 3987 3989 3991
4 3870 3992 3993 3994
4 3542 3995 3996 3997
4 3869 3992 3998 3999
4 3998 4000 4001 4002
4 570 4003 4004 4005
4 4006 4007 4008 4009
4 4003 4006 4010 4011
4 3871 3993 4007 4010
4 1775 4004 4008 4012
4 1778 3988 4012 4013
4 1879 4014 4015 4016
4 1832 4017 4018 4019
4 1880 4014 4017 4020
4 4021 4022 4023 4024
4 4018 4021 4025 4026
4 4022 4025 4027 4028
4 2070 4019 4023 4029
4 4030 4031 4032 4033
4 1890 4030 4034 4035
4 109 4036 4037 4038
4 1887 4034 4036 4039
4 4031 4040 4041 4042
4 4043 4044 4045 4046
4 3672 4043 4047 4048
4 602 4047 4049 4050
4 4049 4051 4052 4053
4 4054 4055 4056 4057
4 1902 4058 4059 4060
4 4044 4061 4062 4063
4 312 4061 4064 4065
4 3010 4054 4066 4067
4 115 4068 4069 4070
4 4068 4071 4072 4073
4 4071 4074 4075 4076
4 116 4069 4074 4077
4 4078 4079 4080 4081
4 4082 4083 4084 4085
4 4086 4087 4088 4089
4 4090 4091 4092 4093
4 4090 4094 4095 4096
4 4094 4097 4098 4099
4 1408 4100 4101 4102
4 1409 4100 4103 4104
4 2449 4105 4106 4107
4 4108 4109 4110 4111
4 1927 4112 4113 4114
4 1928 4112 4115 4116
4 4117 4118 4119 4120
4 4117 4121 4122 4123
4 4121 4124 4125 4126
4 4127 4128 4129 4130
4 1957 4131 4132 4133
4 1953 4134 4135 4136
4 1958 4131 4137 4138
4 4139 4140 4141 4142
4 4139 4143 4144 4145
4 1954 4134 4140 4143
4 549 4146 4147 4148
4 3915 4146 4149 4150
4 4091 4151 4152 4153
4 4154 4155 4156 4157
4 1978 4154 4158 4159
4 1981 4155 4158 4160
4 4092 4151 4161 4162
4 4163 4164 4165 4166
4 4095 4152 4163 4167
4 3370 4168 4169 4170
4 3371 4168 4171 4172
4 2005 4173 4174 4175
4 2056 4176 4177 4178
4 2061 4176 4179 4180
4 2045 4177 4179 4181
4 612 4182 4183 4184
4 4182 4185 4186 4187
4 4185 4188 4189 4190
4 4186 4188 4191 4192
4 2049 4183 4189 4193
4 2046 4181 4193 4194
4 4195 4196 4197 4198
4 3101 4199 4200 4201
4 3102 4199 4202 4203
4 4204 4205 4206 4207
4 3320 4204 4208 4209
4 246 4210 4211 4212
4 4210 4213 4214 4215
4 247 4211 4216 4217
4 240 4213 4216 4218
4 237 4218 4219 4220
4 4219 4221 4222 4223
4 4224 4225 4226 4227
4 2027 4228 4229 4230
4 4228 4231 4232 4233
4 2028 4229 4234 4235
4 4231 4234 4236 4237
4 4238 4239 4240 4241
4 4238 4242 4243 4244
4 4195 4245 4246 4247
4 4245 4248 4249 4250
4 2492 4251 4252 4253
4 4122 4254 4255 4256
4 2493 4251 4254 4257
4 4124 4255 4257 4258
4 4259 4260 4261 4262
4 4108 4263 4264 4265
4 4266 4267 4268 4269
4 2023 4266 4270 4271
4 4109 4272 4273 4274
4 4263 4272 4275 4276
4 4273 4275 4277 4278
4 4279 4280 4281 4282
4 4283 4284 4285 4286
4 2029 4283 4287 4288
4 4284 4289 4290 4291
4 2030 4287 4289 4292
4 4290 4293 4294 4295
4 2216 4293 4296 4297
4 4298 4299 4300 4301
4 4279 4298 4302 4303
4 4304 4305 4306 4307
4 4308 4309 4310 4311
4 4075 4308 4312 4313
4 2041 4304 4314 4315
4 4316 4317 4318 4319
4 4309 4320 4321 4322
4 2690 4320 4323 4324
4 2691 4323 4325 4326
4 4321 4325 4327 4328
4 4329 4330 4331 4332
4 4333 4334 4335 4336
4 4333 4337 4338 4339
4 4340 4341 4342 4343
4 4334 4344 4345 4346
4 4340 4344 4347 4348
4 4349 4350 4351 4352
4 4349 4353 4354 4355
4 4353 4356 4357 4358
4 4350 4356 4359 4360
4 4357 4359 4361 4362
4 2092 4363 4364 4365
4 4366 4367 4368 4369
4 4366 4370 4371 4372
4 4373 4374 4375 4376
4 4377 4378 4379 4380
4 4381 4382 4383 4384
4 4377 4381 4385 4386
4 4387 4388 4389 4390
4 4391 4392 4393 4394
4 4395 4396 4397 4398
4 4367 4399 4400 4401
4 4370 4399 4402 4403
4 4363 4400 4404 4405
4 4371 4402 4406 4407
4 4387 4408 4409 4410
4 4408 4411 4412 4413
4 2097 4414 4415 4416
4 2098 4414 4417 4418
4 4419 4420 4421 4422
4 621 4417 4419 4423
4 4401 4424 4425 4426
4 4404 4424 4427 4428
4 4425 4427 4429 4430
4 168 4431 4432 4433
4 2093 4431 4434 4435
4 2096 4432 4434 4436
4 4437 4438 4439 4440
4 4437 4441 4442 4443
4 4382 4444 4445 4446
4 4438 4447 4448 4449
4 4385 4444 4447 4450
4 169 4433 4451 4452
4 166 4451 4453 4454
4 4453 4455 4456 4457
4 4455 4458 4459 4460
4 4383 4445 4456 4458
4 4454 4459 4461 4462
4 4368 4463 4464 4465
4 4373 4463 4466 4467
4 2119 4468 4469 4470
4 4471 4472 4473 4474
4 2111 4471 4475 4476
4 4472 4477 4478 4479
4 2123 4468 4477 4480
4 665 4473 4481 4482
4 2112 4475 4481 4483
4 1648 4484 4485 4486
4 4484 4487 4488 4489
4 4487 4490 4491 4492
4 2120 4469 4488 4490
4 4493 4494 4495 4496
4 4485 4491 4493 4497
4 4498 4499 4500 4501
4 4498 4502 4503 4504
4 2171 4505 4506 4507
4 4499 4508 4509 4510
4 4511 4512 4513 4514
4 2373 4511 4515 4516
4 2184 4517 4518 4519
4 4520 4521 4522 4523
4 4524 4525 4526 4527
4 4528 4529 4530 4531
4 2960 4532 4533 4534
4 4532 4535 4536 4537
4 4538 4539 4540 4541
4 4538 4542 4543 4544
4 4545 4546 4547 4548
4 4539 4549 4550 4551
4 1421 4545 4552 4553
4 2196 4552 4554 4555
4 2197 4554 4556 4557
4 4542 4558 4559 4560
4 2697 4561 4562 4563
4 4564 4565 4566 4567
4 1116 4568 4569 4570
4 2701 4568 4571 4572
4 2517 4573 4574 4575
4 2518 4573 4576 4577
4 2237 4578 4579 4580
4 2222 4581 4582 4583
4 773 4584 4585 4586
4 1080 4584 4587 4588
4 2219 4581 4589 4590
4 4587 4591 4592 4593
4 4585 4591 4594 4595
4 2220 4589 4592 4594
4 4596 4597 4598 4599
4 2024 4600 4601 4602
4 1074 4603 4604 4605
4 4606 4607 4608 4609
4 2257 4606 4610 4611
4 4607 4612 4613 4614
4 2223 4603 4612 4615
4 4608 4616 4617 4618
4 2258 4610 4616 4619
4 4214 4620 4621 4622
4 4280 4623 4624 4625
4 2025 4600 4626 4627
4 4270 4623 4626 4628
4 4628 4629 4630 4631
4 4624 4629 4632 4633
4 1075 4604 4630 4632
4 4617 4620 4634 4635
4 969 4636 4637 4638
4 178 4639 4640 4641
4 2252 4639 4642 4643
4 2256 4640 4642 4644
4 4645 4646 4647 4648
4 968 4636 4645 4649
4 4646 4650 4651 4652
4 2665 4650 4653 4654
4 4655 4656 4657 4658
4 4655 4659 4660 4661
4 970 4637 4656 4659
4 179 4641 4662 4663
4 3271 4660 4662 4664
4 3273 4657 4664 4665
4 4666 4667 4668 4669
4 2314 4666 4670 4671
4 4672 4673 4674 4675
4 2319 4670 4672 4676
4 4677 4678 4679 4680
4 2160 4681 4682 4683
4 4684 4685 4686 4687
4 2164 4684 4688 4689
4 4685 4688 4690 4691
4 4677 4692 4693 4694
4 676 4681 4692 4695
4 2156 4696 4697 4698
4 4696 4699 4700 4701
4 4699 4702 4703 4704
4 2161 4682 4700 4702
4 2168 4697 4703 4705
4 2165 4689 4705 4706
4 4707 4708 4709 4710
4 4711 4712 4713 4714
4 4715 4716 4717 4718
4 4719 4720 4721 4722
4 4723 4724 4725 4726
4 4719 4727 4728 4729
4 4727 4730 4731 4732
4 3832 4733 4734 4735
4 2540 4733 4736 4737
4 4738 4739 4740 4741
4 2537 4736 4738 4742
4 1370 4743 4744 4745
4 4739 4746 4747 4748
4 4746 4749 4750 4751
4 4494 4752 4753 4754
4 4755 4756 4757 4758
4 2304 4755 4759 4760
4 4756 4761 4762 4763
4 4497 4752 4761 4764
4 2305 4759 4765 4766
4 4757 4765 4767 4768
4 4769 4770 4771 4772
4 4495 4753 4769 4773
4 4770 4773 4774 4775
4 4774 4776 4777 4778
4 4776 4779 4780 4781
4 1607 4771 4777 4782
4 4767 4783 4784 4785
4 2336 4786 4787 4788
4 4786 4789 4790 4791
4 943 4792 4793 4794
4 2338 4787 4792 4795
4 4795 4796 4797 4798
4 944 4793 4796 4799
4 834 4800 4801 4802
4 2331 4803 4804 4805
4 4797 4806 4807 4808
4 833 4800 4806 4809
4 2332 4803 4810 4811
4 835 4801 4812 4813
4 2374 4814 4815 4816
4 4814 4817 4818 4819
4 4817 4820 4821 4822
4 4815 4823 4824 4825
4 4818 4823 4826 4827
4 2378 4824 4826 4828
4 2379 4828 4829 4830
4 4831 4832 4833 4834
4 2382 4829 4831 4835
4 4832 4836 4837 4838
4 364 4839 4840 4841
4 4248 4842 4843 4844
4 4845 4846 4847 4848
4 4849 4850 4851 4852
4 4849 4853 4854 4855
4 2384 4856 4857 4858
4 4859 4860 4861 4862
4 4853 4859 4863 4864
4 2385 4856 4865 4866
4 4867 4868 4869 4870
4 4871 4872 4873 4874
4 2417 4871 4875 4876
4 2446 4877 4878 4879
4 949 4875 4877 4880
4 4880 4881 4882 4883
4 2447 4878 4881 4884
4 4885 4886 4887 4888
4 215 4889 4890 4891
4 4892 4893 4894 4895
4 4896 4897 4898 4899
4 4900 4901 4902 4903
4 4125 4904 4905 4906
4 17 4907 4908 4909
4 2486 4907 4910 4911
4 2489 4908 4910 4912
4 4913 4914 4915 4916
4 2709 4917 4918 4919
4 4917 4920 4921 4922
4 1128 4913 4918 4923
4 18 4909 4924 4925
4 1130 4924 4926 4927
4 4926 4928 4929 4930
4 4931 4932 4933 4934
4 754 4935 4936 4937
4 752 4935 4938 4939
4 710 4936 4938 4940
4 185 4941 4942 4943
4 4944 4945 4946 4947
4 737 4944 4948 4949
4 2955 4931 4950 4951
4 4945 4952 4953 4954
4 184 4941 4952 4955
4 738 4948 4956 4957
4 2958 4946 4950 4956
4 4958 4959 4960 4961
4 4958 4962 4963 4964
4 186 4942 4959 4962
4 885 4960 4965 4966
4 506 4963 4965 4967
4 711 4940 4967 4968
4 2946 4969 4970 4971
4 2947 4969 4972 4973
4 4836 4974 4975 4976
4 4533 4977 4978 4979
4 2191 4980 4981 4982
4 4980 4983 4984 4985
4 4535 4977 4986 4987
4 4981 4988 4989 4990
4 4983 4988 4991 4992
4 4536 4986 4989 4991
4 2618 4993 4994 4995
4 4996 4997 4998 4999
4 2611 5000 5001 5002
4 4996 5003 5004 5005
4 5006 5007 5008 5009
4 5010 5011 5012 5013
4 5006 5010 5014 5015
4 2628 5016 5017 5018
4 5007 5019 5020 5021
4 5014 5019 5022 5023
4 2629 5016 5020 5022
4 5024 5025 5026 5027
4 2626 5017 5024 5028
4 5025 5029 5030 5031
4 3230 5029 5032 5033
4 1378 5030 5034 5035
4 3231 5032 5034 5036
4 1375 5035 5037 5038
4 5008 5039 5040 5041
4 5042 5043 5044 5045
4 1025 5046 5047 5048
4 5046 5049 5050 5051
4 2627 5047 5049 5052
4 5042 5053 5054 5055
4 2661 5056 5057 5058
4 2635 5056 5059 5060
4 2632 5059 5061 5062
4 5063 5064 5065 5066
4 2633 5061 5067 5068
4 5069 5070 5071 5072
4 3349 5073 5074 5075
4 1057 5073 5076 5077
4 1052 5078 5079 5080
4 1095 5078 5081 5082
4 1099 5079 5081 5083
4 2672 5084 5085 5086
4 5087 5088 5089 5090
4 5087 5091 5092 5093
4 2673 5084 5088 5091
4 250 5092 5094 5095
4 1053 5080 5094 5096
4 5089 5095 5097 5098
4 5099 5100 5101 5102
4 5103 5104 5105 5106
4 5107 5108 5109 5110
4 5107 5111 5112 5113
4 5108 5111 5114 5115
4 4078 5116 5117 5118
4 2698 5119 5120 5121
4 5122 5123 5124 5125
4 2259 5122 5126 5127
4 4569 5128 5129 5130
4 4571 5128 5131 5132
4 5129 5131 5133 5134
4 4224 5135 5136 5137
4 2695 5119 5138 5139
4 2260 5126 5140 5141
4 2704 5123 5138 5140
4 5142 5143 5144 5145
4 5142 5146 5147 5148
4 4225 5135 5143 5146
4 5149 5150 5151 5152
4 4920 5153 5154 5155
4 4921 5153 5156 5157
4 5158 5159 5160 5161
4 4919 5156 5158 5162
4 5159 5163 5164 5165
4 5163 5166 5167 5168
4 2406 5169 5170 5171
4 5172 5173 5174 5175
4 4863 5172 5176 5177
4 4854 5173 5176 5178
4 5179 5180 5181 5182
4 2707 5179 5183 5184
4 5180 5185 5186 5187
4 2405 5169 5185 5188
4 5189 5190 5191 5192
4 2498 5181 5193 5194
4 2708 5183 5193 5195
4 5196 5197 5198 5199
4 5196 5200 5201 5202
4 2407 5170 5197 5200
4 3153 5189 5194 5203
4 2715 5204 5205 5206
4 1136 5204 5207 5208
4 5207 5209 5210 5211
4 2716 5205 5212 5213
4 961 5214 5215 5216
4 2457 5217 5218 5219
4 2458 5217 5220 5221
4 3724 5222 5223 5224
4 3136 5225 5226 5227
4 5225 5228 5229 5230
4 3137 5226 5231 5232
4 5228 5231 5233 5234
4 5235 5236 5237 5238
4 5239 5240 5241 5242
4 5239 5243 5244 5245
4 3725 5222 5240 5243
4 5233 5246 5247 5248
4 5246 5249 5250 5251
4 5252 5253 5254 5255
4 4361 5256 5257 5258
4 5256 5259 5260 5261
4 5262 5263 5264 5265
4 5266 5267 5268 5269
4 4362 5257 5270 5271
4 5259 5270 5272 5273
4 5262 5272 5274 5275
4 2490 5276 5277 5278
4 5279 5280 5281 5282
4 1131 5283 5284 5285
4 2507 5279 5286 5287
4 5288 5289 5290 5291
4 5288 5292 5293 5294
4 3031 5295 5296 5297
4 1203 5295 5298 5299
4 2987 5298 5300 5301
4 2988 5300 5302 5303
4 5304 5305 5306 5307
4 5304 5308 5309 5310
4 5311 5312 5313 5314
4 4395 5311 5315 5316
4 5317 5318 5319 5320
4 5321 5322 5323 5324
4 5321 5325 5326 5327
4 4520 5328 5329 5330
4 5322 5331 5332 5333
4 5325 5331 5334 5335
4 4521 5328 5332 5334
4 5336 5337 5338 5339
4 1931 5340 5341 5342
4 2740 5343 5344 5345
4 2731 5346 5347 5348
4 5349 5350 5351 5352
4 4391 5353 5354 5355
4 5252 5356 5357 5358
4 4392 5353 5359 5360
4 5253 5356 5361 5362
4 2770 5363 5364 5365
4 1725 5366 5367 5368
4 1726 5366 5369 5370
4 5371 5372 5373 5374
4 3732 5369 5371 5375
4 5372 5376 5377 5378
4 5235 5376 5379 5380
4 2755 5377 5381 5382
4 5236 5379 5381 5383
4 5384 5385 5386 5387
4 5388 5389 5390 5391
4 5392 5393 5394 5395
4 5392 5396 5397 5398
4 5396 5399 5400 5401
4 5402 5403 5404 5405
4 3886 5402 5406 5407
4 5408 5409 5410 5411
4 5408 5412 5413 5414
4 5409 5412 5415 5416
4 5417 5418 5419 5420
4 5417 5421 5422 5423
4 5418 5421 5424 5425
4 2776 5426 5427 5428
4 2779 5429 5430 5431
4 5429 5432 5433 5434
4 5435 5436 5437 5438
4 3962 5435 5439 5440
4 3948 5441 5442 5443
4 3965 5439 5441 5444
4 5444 5445 5446 5447
4 3949 5442 5445 5448
4 587 5449 5450 5451
4 593 5452 5453 5454
4 5446 5455 5456 5457
4 1826 5449 5455 5458
4 5459 5460 5461 5462
4 5459 5463 5464 5465
4 5463 5466 5467 5468
4 588 5450 5464 5466
4 591 5460 5467 5469
4 594 5452 5469 5470
4 315 5471 5472 5473
4 2824 5471 5474 5475
4 5476 5477 5478 5479
4 2815 5476 5480 5481
4 2827 5474 5477 5482
4 2816 5480 5482 5483
4 2795 5484 5485 5486
4 5487 5488 5489 5490
4 4000 5487 5491 5492
4 5478 5493 5494 5495
4 5493 5496 5497 5498
4 1871 5499 5500 5501
4 5499 5502 5503 5504
4 1872 5500 5505 5506
4 5496 5502 5505 5507
4 2805 5508 5509 5510
4 5503 5511 5512 5513
4 5514 5515 5516 5517
4 2806 5514 5518 5519
4 5508 5518 5520 5521
4 5509 5520 5522 5523
4 5515 5524 5525 5526
4 5453 5524 5527 5528
4 2829 5525 5529 5530
4 5454 5527 5529 5531
4 5532 5533 5534 5535
4 1537 5536 5537 5538
4 5539 5540 5541 5542
4 1538 5536 5539 5543
4 5540 5543 5544 5545
4 5541 5546 5547 5548
4 5549 5550 5551 5552
4 5544 5546 5549 5553
4 5554 5555 5556 5557
4 5558 5559 5560 5561
4 3980 5562 5563 5564
4 3981 5562 5565 5566
4 5558 5567 5568 5569
4 5554 5570 5571 5572
4 5573 5574 5575 5576
4 1873 5573 5577 5578
4 1874 5577 5579 5580
4 5565 5574 5579 5581
4 5563 5581 5582 5583
4 5567 5582 5584 5585
4 5555 5570 5586 5587
4 5559 5588 5589 5590
4 2841 5591 5592 5593
4 5568 5594 5595 5596
4 5560 5588 5594 5597
4 5598 5599 5600 5601
4 5598 5602 5603 5604
4 5605 5606 5607 5608
4 5609 5610 5611 5612
4 5605 5613 5614 5615
4 4329 5613 5616 5617
4 4330 5616 5618 5619
4 5614 5618 5620 5621
4 5620 5622 5623 5624
4 3468 5622 5625 5626
4 5627 5628 5629 5630
4 2849 5631 5632 5633
4 2846 5631 5634 5635
4 5636 5637 5638 5639
4 2847 5634 5640 5641
4 4671 5640 5642 5643
4 4667 5641 5642 5644
4 5645 5646 5647 5648
4 2324 5645 5649 5650
4 2325 5649 5651 5652
4 2854 5646 5651 5653
4 781 5654 5655 5656
4 2852 5653 5657 5658
4 5657 5659 5660 5661
4 5662 5663 5664 5665
4 5647 5666 5667 5668
4 780 5654 5666 5669
4 782 5655 5670 5671
4 5662 5672 5673 5674
4 5675 5676 5677 5678
4 5675 5679 5680 5681
4 5663 5672 5676 5679
4 5682 5683 5684 5685
4 5682 5686 5687 5688
4 2856 5683 5686 5689
4 2857 5689 5690 5691
4 5692 5693 5694 5695
4 1392 5690 5692 5696
4 5693 5697 5698 5699
4 3055 5697 5700 5701
4 3056 5700 5702 5703
4 3067 5698 5702 5704
4 1149 5705 5706 5707
4 3070 5704 5705 5708
4 5709 5710 5711 5712
4 5709 5713 5714 5715
4 5710 5713 5716 5717
4 5011 5718 5719 5720
4 5721 5722 5723 5724
4 3282 5721 5725 5726
4 5722 5727 5728 5729
4 5015 5718 5727 5730
4 5723 5731 5732 5733
4 3283 5725 5731 5734
4 5735 5736 5737 5738
4 5735 5739 5740 5741
4 5012 5719 5736 5739
4 5742 5743 5744 5745
4 2913 5742 5746 5747
4 5743 5746 5748 5749
4 5750 5751 5752 5753
4 1163 5750 5754 5755
4 2909 5756 5757 5758
4 1164 5754 5759 5760
4 1152 5751 5759 5761
4 5752 5762 5763 5764
4 2172 5756 5762 5765
4 4502 5766 5767 5768
4 2916 5766 5769 5770
4 2914 5747 5769 5771
4 5767 5772 5773 5774
4 5770 5772 5775 5776
4 2910 5757 5773 5775
4 2961 5777 5778 5779
4 1443 5777 5780 5781
4 390 5782 5783 5784
4 1445 5780 5782 5785
4 5785 5786 5787 5788
4 391 5783 5786 5789
4 3398 5790 5791 5792
4 5787 5793 5794 5795
4 1746 5790 5793 5796
4 5797 5798 5799 5800
4 3399 5791 5801 5802
4 2873 5803 5804 5805
4 2874 5803 5806 5807
4 5808 5809 5810 5811
4 5808 5812 5813 5814
4 4867 5812 5815 5816
4 4865 5813 5817 5818
4 4868 5815 5817 5819
4 2244 5820 5821 5822
4 2386 5818 5820 5823
4 1278 5824 5825 5826
4 5827 5828 5829 5830
4 1404 5827 5831 5832
4 5833 5834 5835 5836
4 5833 5837 5838 5839
4 5834 5837 5840 5841
4 5828 5842 5843 5844
4 1277 5824 5842 5845
4 1405 5831 5846 5847
4 2280 5829 5846 5848
4 5849 5850 5851 5852
4 5849 5853 5854 5855
4 1279 5825 5850 5853
4 335 5856 5857 5858
4 350 5859 5860 5861
4 2889 5859 5862 5863
4 1150 5860 5862 5864
4 2890 5863 5865 5866
4 2887 5865 5867 5868
4 2903 5867 5869 5870
4 5869 5871 5872 5873
4 5868 5871 5874 5875
4 5872 5874 5876 5877
4 2971 5878 5879 5880
4 5878 5881 5882 5883
4 159 5884 5885 5886
4 5881 5884 5887 5888
4 3578 5889 5890 5891
4 160 5885 5892 5893
4 5887 5892 5894 5895
4 5894 5896 5897 5898
4 3575 5889 5896 5899
4 5900 5901 5902 5903
4 5900 5904 5905 5906
4 5904 5907 5908 5909
4 5907 5910 5911 5912
4 3579 5890 5908 5910
4 3570 5905 5911 5913
4 2968 5914 5915 5916
4 2965 5914 5917 5918
4 2980 5915 5919 5920
4 5916 5921 5922 5923
4 5919 5921 5924 5925
4 5922 5924 5926 5927
4 3308 5928 5929 5930
4 5888 5931 5932 5933
4 2966 5917 5931 5934
4 5882 5932 5934 5935
4 3303 5928 5936 5937
4 1783 5938 5939 5940
4 2974 5938 5941 5942
4 2972 5939 5941 5943
4 5944 5945 5946 5947
4 5944 5948 5949 5950
4 5901 5951 5952 5953
4 5945 5954 5955 5956
4 5906 5951 5954 5957
4 5958 5959 5960 5961
4 1797 5962 5963 5964
4 5965 5966 5967 5968
4 5962 5965 5969 5970
4 5902 5952 5966 5969
4 1784 5940 5971 5972
4 1781 5963 5967 5971
4 5926 5973 5974 5975
4 5927 5973 5976 5977
4 5929 5978 5979 5980
4 2977 5981 5982 5983
4 945 5984 5985 5986
4 946 5984 5987 5988
4 110 5989 5990 5991
4 942 5992 5993 5994
4 939 5992 5995 5996
4 840 5989 5997 5998
4 5990 5999 6000 6001
4 5997 5999 6002 6003
4 940 5995 6000 6002
4 1819 6004 6005 6006
4 1824 6004 6007 6008
4 3893 6005 6007 6009
4 1183 6010 6011 6012
4 2975 6010 6013 6014
4 6013 6015 6016 6017
4 6018 6019 6020 6021
4 3900 6018 6022 6023
4 6024 6025 6026 6027
4 6024 6028 6029 6030
4 1184 6011 6025 6028
4 5958 6026 6031 6032
4 3891 6029 6031 6033
4 3894 6009 6033 6034
4 5069 6035 6036 6037
4 2985 6038 6039 6040
4 6038 6041 6042 6043
4 6044 6045 6046 6047
4 5289 6044 6048 6049
4 5292 6045 6048 6050
4 6041 6051 6052 6053
4 2986 6039 6054 6055
4 6042 6054 6056 6057
4 6058 6059 6060 6061
4 6056 6058 6062 6063
4 1527 6064 6065 6066
4 1528 6064 6067 6068
4 6069 6070 6071 6072
4 6073 6074 6075 6076
4 6077 6078 6079 6080
4 3597 6081 6082 6083
4 3602 6081 6084 6085
4 6086 6087 6088 6089
4 6086 6090 6091 6092
4 3598 6082 6087 6090
4 6077 6093 6094 6095
4 3113 6093 6096 6097
4 1205 6094 6098 6099
4 3114 6096 6098 6100
4 6101 6102 6103 6104
4 6101 6105 6106 6107
4 1619 6108 6109 6110
4 3624 6111 6112 6113
4 3622 6111 6114 6115
4 6105 6112 6114 6116
4 6117 6118 6119 6120
4 6102 6117 6121 6122
4 6106 6116 6121 6123
4 6035 6124 6125 6126
4 6127 6128 6129 6130
4 6124 6131 6132 6133
4 6127 6134 6135 6136
4 6118 6137 6138 6139
4 6140 6141 6142 6143
4 471 6140 6144 6145
4 6146 6147 6148 6149
4 5296 6146 6150 6151
4 5299 6147 6150 6152
4 472 6144 6153 6154
4 2723 6141 6153 6155
4 6142 6156 6157 6158
4 6122 6137 6156 6159
4 6160 6161 6162 6163
4 6160 6164 6165 6166
4 6119 6138 6161 6164
4 1684 6167 6168 6169
4 3706 6167 6170 6171
4 1682 6168 6170 6172
4 597 6173 6174 6175
4 6176 6177 6178 6179
4 6176 6180 6181 6182
4 6177 6183 6184 6185
4 1903 6173 6183 6186
4 1655 6187 6188 6189
4 6190 6191 6192 6193
4 6190 6194 6195 6196
4 598 6174 6191 6194
4 3704 6192 6197 6198
4 3707 6171 6197 6199
4 4051 6195 6198 6200
4 3106 6201 6202 6203
4 4997 6204 6205 6206
4 6201 6207 6208 6209
4 6210 6211 6212 6213
4 2712 6214 6215 6216
4 6214 6217 6218 6219
4 6217 6220 6221 6222
4 6218 6220 6223 6224
4 6215 6223 6225 6226
4 6225 6227 6228 6229
4 6230 6231 6232 6233
4 5154 6230 6234 6235
4 6227 6236 6237 6238
4 5149 6231 6239 6240
4 5155 6234 6239 6241
4 6232 6242 6243 6244
4 6226 6236 6242 6245
4 6228 6237 6246 6247
4 6248 6249 6250 6251
4 5714 6248 6252 6253
4 5740 6249 6254 6255
4 5715 6252 6254 6256
4 5737 6255 6257 6258
4 530 6259 6260 6261
4 528 6259 6262 6263
4 534 6260 6262 6264
4 3168 6265 6266 6267
4 233 6257 6268 6269
4 531 6261 6270 6271
4 537 6270 6272 6273
4 509 6272 6274 6275
4 6274 6276 6277 6278
4 6273 6276 6279 6280
4 3169 6265 6277 6279
4 5744 6281 6282 6283
4 3409 6284 6285 6286
4 2926 6284 6287 6288
4 3406 6285 6287 6289
4 5748 6281 6290 6291
4 6290 6292 6293 6294
4 2927 6288 6295 6296
4 3767 6295 6297 6298
4 6299 6300 6301 6302
4 6297 6299 6303 6304
4 6300 6303 6305 6306
4 3770 6298 6301 6307
4 6282 6308 6309 6310
4 4711 6311 6312 6313
4 2917 6311 6314 6315
4 6316 6317 6318 6319
4 5732 6320 6321 6322
4 2904 6323 6324 6325
4 6323 6326 6327 6328
4 3215 6329 6330 6331
4 1702 6332 6333 6334
4 3551 6335 6336 6337
4 1533 6335 6338 6339
4 1535 6336 6338 6340
4 56 6329 6341 6342
4 6343 6344 6345 6346
4 1701 6332 6343 6347
4 3552 6337 6348 6349
4 3548 6348 6350 6351
4 6352 6353 6354 6355
4 6350 6352 6356 6357
4 1703 6333 6353 6356
4 3554 6351 6354 6358
4 6359 6360 6361 6362
4 3299 6359 6363 6364
4 1428 6360 6365 6366
4 3300 6363 6365 6367
4 3683 6368 6369 6370
4 1425 6366 6368 6371
4 2146 6372 6373 6374
4 2147 6372 6375 6376
4 645 6377 6378 6379
4 6377 6380 6381 6382
4 3306 6383 6384 6385
4 3307 6383 6386 6387
4 6361 6388 6389 6390
4 365 6391 6392 6393
4 3293 6391 6394 6395
4 6392 6394 6396 6397
4 4820 6398 6399 6400
4 6401 6402 6403 6404
4 6401 6405 6406 6407
4 6402 6408 6409 6410
4 4819 6398 6408 6411
4 6412 6413 6414 6415
4 6412 6416 6417 6418
4 4821 6399 6413 6416
4 6419 6420 6421 6422
4 2464 6423 6424 6425
4 6423 6426 6427 6428
4 2467 6424 6429 6430
4 1138 6429 6431 6432
4 6419 6433 6434 6435
4 6436 6437 6438 6439
4 634 6440 6441 6442
4 6436 6443 6444 6445
4 633 6440 6443 6446
4 6447 6448 6449 6450
4 635 6441 6447 6451
4 6448 6451 6452 6453
4 6454 6455 6456 6457
4 6452 6454 6458 6459
4 4420 6449 6458 6460
4 3344 6461 6462 6463
4 6464 6465 6466 6467
4 3428 6464 6468 6469
4 703 6470 6471 6472
4 3348 6470 6473 6474
4 3350 6471 6473 6475
4 2666 6476 6477 6478
4 3445 6461 6479 6480
4 3429 6468 6481 6482
4 3442 6465 6479 6481
4 6466 6483 6484 6485
4 4653 6476 6483 6486
4 6487 6488 6489 6490
4 6487 6491 6492 6493
4 2667 6477 6488 6491
4 3351 6475 6494 6495
4 5074 6489 6494 6496
4 6492 6496 6497 6498
4 6499 6500 6501 6502
4 6503 6504 6505 6506
4 6507 6508 6509 6510
4 1440 6507 6511 6512
4 1559 6499 6513 6514
4 6515 6516 6517 6518
4 5595 6519 6520 6521
4 6522 6523 6524 6525
4 4804 6522 6526 6527
4 6523 6528 6529 6530
4 3387 6528 6531 6532
4 6508 6515 6533 6534
4 2340 6524 6535 6536
4 4805 6526 6535 6537
4 6538 6539 6540 6541
4 6538 6542 6543 6544
4 6545 6546 6547 6548
4 6545 6549 6550 6551
4 6546 6552 6553 6554
4 6552 6555 6556 6557
4 6558 6559 6560 6561
4 3462 6558 6562 6563
4 3463 6562 6564 6565
4 5063 6566 6567 6568
4 3464 6564 6569 6570
4 5057 6571 6572 6573
4 5060 6571 6574 6575
4 5064 6566 6572 6574
4 6559 6576 6577 6578
4 5627 6576 6579 6580
4 5628 6579 6581 6582
4 5609 6577 6581 6583
4 3478 6584 6585 6586
4 4205 6587 6588 6589
4 4208 6584 6587 6590
4 6585 6591 6592 6593
4 6590 6591 6594 6595
4 6592 6594 6596 6597
4 4618 6598 6599 6600
4 4634 6598 6601 6602
4 4206 6588 6599 6601
4 4226 6603 6604 6605
4 6603 6606 6607 6608
4 5124 6609 6610 6611
4 5136 6604 6609 6612
4 3496 6613 6614 6615
4 893 6613 6616 6617
4 6618 6619 6620 6621
4 862 6618 6622 6623
4 1496 6624 6625 6626
4 2933 6627 6628 6629
4 863 6622 6630 6631
4 300 6616 6619 6630
4 6620 6632 6633 6634
4 854 6624 6632 6635
4 2936 6636 6637 6638
4 6636 6639 6640 6641
4 6639 6642 6643 6644
4 1497 6625 6640 6642
4 2931 6637 6643 6645
4 2934 6627 6645 6646
4 1542 6647 6648 6649
4 6650 6651 6652 6653
4 6650 6654 6655 6656
4 3761 6657 6658 6659
4 3778 6657 6660 6661
4 3779 6658 6660 6662
4 6651 6663 6664 6665
4 1546 6647 6663 6666
4 1741 6667 6668 6669
4 3762 6659 6670 6671
4 3773 6667 6670 6672
4 6672 6673 6674 6675
4 6668 6673 6676 6677
4 1543 6648 6674 6676
4 3527 6678 6679 6680
4 6678 6681 6682 6683
4 1489 6679 6684 6685
4 1517 6686 6687 6688
4 1529 6686 6689 6690
4 1536 6687 6689 6691
4 6692 6693 6694 6695
4 6692 6696 6697 6698
4 1490 6684 6693 6696
4 57 6697 6699 6700
4 1530 6690 6699 6701
4 1485 6694 6700 6702
4 3549 6703 6704 6705
4 6703 6706 6707 6708
4 6709 6710 6711 6712
4 6713 6714 6715 6716
4 3588 6713 6717 6718
4 1547 6719 6720 6721
4 1206 6722 6723 6724
4 39 6725 6726 6727
4 3214 6725 6728 6729
4 3222 6726 6728 6730
4 6731 6732 6733 6734
4 6731 6735 6736 6737
4 6732 6738 6739 6740
4 6099 6722 6738 6741
4 40 6727 6742 6743
4 49 6742 6744 6745
4 3109 6744 6746 6747
4 6745 6748 6749 6750
4 6746 6748 6751 6752
4 1207 6723 6749 6751
4 6753 6754 6755 6756
4 6753 6757 6758 6759
4 5550 6754 6757 6760
4 6719 6755 6761 6762
4 6733 6758 6761 6763
4 6735 6763 6764 6765
4 5551 6760 6766 6767
4 6768 6769 6770 6771
4 5553 6766 6768 6772
4 6769 6773 6774 6775
4 1191 6773 6776 6777
4 1192 6776 6778 6779
4 3600 6774 6778 6780
4 3594 6780 6781 6782
4 3603 6781 6783 6784
4 6736 6764 6785 6786
4 6103 6787 6788 6789
4 3625 6790 6791 6792
4 6793 6794 6795 6796
4 2126 6797 6798 6799
4 2127 6797 6800 6801
4 6802 6803 6804 6805
4 6806 6807 6808 6809
4 6810 6811 6812 6813
4 5413 6810 6814 6815
4 6816 6817 6818 6819
4 3684 6816 6820 6821
4 3680 6820 6822 6823
4 5424 6811 6824 6825
4 5414 6814 6824 6826
4 5419 6825 6827 6828
4 3681 6822 6829 6830
4 6831 6832 6833 6834
4 3670 6831 6835 6836
4 1722 6837 6838 6839
4 3695 6832 6840 6841
4 3671 6835 6840 6842
4 3697 6837 6841 6843
4 3729 6844 6845 6846
4 6073 6847 6848 6849
4 6850 6851 6852 6853
4 3733 6844 6850 6854
4 2818 6855 6856 6857
4 6855 6858 6859 6860
4 3730 6845 6858 6861
4 6859 6861 6862 6863
4 6864 6865 6866 6867
4 6856 6862 6864 6868
4 819 6869 6870 6871
4 2333 6869 6872 6873
4 6874 6875 6876 6877
4 4812 6874 6878 6879
4 1731 6880 6881 6882
4 4810 6872 6875 6883
4 4813 6878 6883 6884
4 6876 6885 6886 6887
4 872 6880 6885 6888
4 1499 6889 6890 6891
4 6889 6892 6893 6894
4 6892 6895 6896 6897
4 6890 6898 6899 6900
4 6893 6898 6901 6902
4 1732 6881 6899 6901
4 6903 6904 6905 6906
4 6903 6907 6908 6909
4 98 6910 6911 6912
4 3739 6910 6913 6914
4 3734 6911 6913 6915
4 1550 6916 6917 6918
4 3741 6919 6920 6921
4 6904 6922 6923 6924
4 1557 6916 6922 6925
4 6926 6927 6928 6929
4 6926 6930 6931 6932
4 1551 6917 6927 6930
4 104 6928 6933 6934
4 3735 6915 6933 6935
4 1560 6931 6934 6936
4 6937 6938 6939 6940
4 6937 6941 6942 6943
4 3887 6944 6945 6946
4 1827 6947 6948 6949
4 3875 6947 6950 6951
4 3884 6948 6950 6952
4 5461 6953 6954 6955
4 6938 6956 6957 6958
4 5406 6944 6956 6959
4 1800 6960 6961 6962
4 6960 6963 6964 6965
4 6963 6966 6967 6968
4 3888 6945 6964 6966
4 3876 6951 6969 6970
4 3878 6961 6967 6969
4 6971 6972 6973 6974
4 3935 6971 6975 6976
4 3921 6977 6978 6979
4 3927 6975 6977 6980
4 3933 6981 6982 6983
4 6972 6984 6985 6986
4 1912 6987 6988 6989
4 6987 6990 6991 6992
4 6993 6994 6995 6996
4 6993 6997 6998 6999
4 6994 6997 7000 7001
4 1915 7002 7003 7004
4 2067 6998 7002 7005
4 2071 6995 7005 7006
4 1916 7003 7007 7008
4 5116 7009 7010 7011
4 1910 6988 7009 7012
4 2363 7013 7014 7015
4 6414 7013 7016 7017
4 4546 7018 7019 7020
4 7021 7022 7023 7024
4 6396 7021 7025 7026
4 1897 7027 7028 7029
4 4035 7027 7030 7031
4 4032 7028 7030 7032
4 6417 7016 7022 7033
4 6397 7025 7033 7034
4 7023 7035 7036 7037
4 4553 7018 7035 7038
4 1900 7039 7040 7041
4 1898 7029 7039 7042
4 4549 7040 7043 7044
4 7041 7045 7046 7047
4 7043 7045 7048 7049
4 4547 7019 7046 7048
4 4040 7050 7051 7052
4 7050 7053 7054 7055
4 7056 7057 7058 7059
4 7056 7060 7061 7062
4 4156 7063 7064 7065
4 4157 7063 7066 7067
4 3666 7068 7069 7070
4 4048 7068 7071 7072
4 4045 7069 7071 7073
4 1805 7074 7075 7076
4 7077 7078 7079 7080
4 1813 7074 7077 7081
4 6833 7082 7083 7084
4 7082 7085 7086 7087
4 3677 7088 7089 7090
4 3667 7070 7088 7091
4 1801 7089 7092 7093
4 7090 7094 7095 7096
4 7092 7094 7097 7098
4 1806 7075 7095 7097
4 4066 7099 7100 7101
4 4055 7099 7102 7103
4 3006 7100 7104 7105
4 7104 7106 7107 7108
4 7101 7106 7109 7110
4 4058 7107 7109 7111
4 4059 7111 7112 7113
4 7114 7115 7116 7117
4 1904 7112 7114 7118
4 313 7119 7120 7121
4 4064 7119 7122 7123
4 4056 7102 7120 7122
4 2793 7124 7125 7126
4 7127 7128 7129 7130
4 7127 7131 7132 7133
4 7131 7134 7135 7136
4 7128 7137 7138 7139
4 952 7137 7140 7141
4 953 7140 7142 7143
4 4086 7138 7142 7144
4 7145 7146 7147 7148
4 7149 7150 7151 7152
4 4079 7149 7153 7154
4 7150 7153 7155 7156
4 4082 7157 7158 7159
4 7160 7161 7162 7163
4 7145 7160 7164 7165
4 7161 7166 7167 7168
4 7146 7164 7166 7169
4 2068 7170 7171 7172
4 5099 7173 7174 7175
4 4080 7154 7176 7177
4 5117 7173 7176 7178
4 7174 7179 7180 7181
4 7178 7179 7182 7183
4 4083 7157 7180 7182
4 7167 7170 7184 7185
4 4105 7186 7187 7188
4 7189 7190 7191 7192
4 2450 7189 7193 7194
4 4106 7186 7193 7195
4 2683 7196 7197 7198
4 7199 7200 7201 7202
4 7199 7203 7204 7205
4 4110 7206 7207 7208
4 1929 7209 7210 7211
4 1930 7209 7212 7213
4 7196 7214 7215 7216
4 7203 7217 7218 7219
4 5103 7220 7221 7222
4 5100 7217 7223 7224
4 7218 7225 7226 7227
4 7223 7225 7228 7229
4 5104 7220 7226 7228
4 7230 7231 7232 7233
4 4115 7230 7234 7235
4 4113 7234 7236 7237
4 7231 7238 7239 7240
4 7241 7242 7243 7244
4 4892 7241 7245 7246
4 4118 7247 7248 7249
4 4196 7250 7251 7252
4 7242 7253 7254 7255
4 4123 7247 7253 7256
4 4259 7257 7258 7259
4 4197 7250 7260 7261
4 4246 7257 7260 7262
4 7258 7263 7264 7265
4 7262 7263 7266 7267
4 4119 7248 7264 7266
4 7268 7269 7270 7271
4 2830 7272 7273 7274
4 2783 7275 7276 7277
4 7268 7278 7279 7280
4 5530 7272 7278 7281
4 7282 7283 7284 7285
4 7282 7286 7287 7288
4 2831 7273 7283 7286
4 7287 7289 7290 7291
4 7289 7292 7293 7294
4 5436 7284 7290 7295
4 4882 7296 7297 7298
4 2039 7299 7300 7301
4 2438 7299 7302 7303
4 4885 7300 7302 7304
4 2058 7305 7306 7307
4 2057 7305 7308 7309
4 7308 7310 7311 7312
4 4886 7304 7313 7314
4 2059 7306 7315 7316
4 7317 7318 7319 7320
4 7317 7321 7322 7323
4 6990 7318 7321 7324
4 6991 7324 7325 7326
4 4164 7322 7327 7328
4 3916 7329 7330 7331
4 4149 7319 7327 7329
4 7332 7333 7334 7335
4 6989 7325 7332 7336
4 3917 7330 7337 7338
4 6976 7337 7339 7340
4 6973 7338 7339 7341
4 7333 7342 7343 7344
4 7000 7342 7345 7346
4 3939 7347 7348 7349
4 7001 7345 7350 7351
4 1836 7343 7350 7352
4 3954 7347 7352 7353
4 7354 7355 7356 7357
4 7358 7359 7360 7361
4 4335 7354 7362 7363
4 4337 7362 7364 7365
4 7366 7367 7368 7369
4 7358 7366 7370 7371
4 7367 7372 7373 7374
4 1894 7372 7375 7376
4 2006 7377 7378 7379
4 4338 7364 7377 7380
4 4173 7378 7380 7381
4 1895 7375 7382 7383
4 5109 7373 7382 7384
4 2678 7385 7386 7387
4 5114 7384 7385 7388
4 7389 7390 7391 7392
4 3138 7389 7393 7394
4 6210 7395 7396 7397
4 7398 7399 7400 7401
4 7398 7402 7403 7404
4 7399 7405 7406 7407
4 7405 7408 7409 7410
4 6211 7395 7406 7408
4 5053 7400 7409 7411
4 4842 7412 7413 7414
4 4191 7415 7416 7417
4 4192 7415 7418 7419
4 4845 7420 7421 7422
4 4242 7423 7424 7425
4 7420 7426 7427 7428
4 4239 7423 7429 7430
4 7426 7431 7432 7433
4 7421 7431 7434 7435
4 4240 7429 7432 7434
4 6596 7436 7437 7438
4 6597 7436 7439 7440
4 2020 7441 7442 7443
4 6605 7444 7445 7446
4 1104 7441 7447 7448
4 6606 7444 7449 7450
4 7447 7451 7452 7453
4 7442 7451 7454 7455
4 6607 7449 7452 7454
4 7456 7457 7458 7459
4 4236 7460 7461 7462
4 7456 7463 7464 7465
4 4277 7463 7466 7467
4 7464 7468 7469 7470
4 4278 7466 7468 7471
4 4285 7472 7473 7474
4 7469 7472 7475 7476
4 7477 7478 7479 7480
4 7477 7481 7482 7483
4 7478 7481 7484 7485
4 2034 7486 7487 7488
4 2033 7486 7489 7490
4 7489 7491 7492 7493
4 7494 7495 7496 7497
4 2035 7487 7494 7498
4 7495 7498 7499 7500
4 7501 7502 7503 7504
4 7501 7505 7506 7507
4 7508 7509 7510 7511
4 7502 7512 7513 7514
4 5323 7512 7515 7516
4 756 7508 7517 7518
4 7470 7519 7520 7521
4 7475 7519 7522 7523
4 4299 7520 7522 7524
4 4264 7525 7526 7527
4 2234 7528 7529 7530
4 7528 7531 7532 7533
4 7531 7534 7535 7536
4 7532 7534 7537 7538
4 4302 7529 7535 7539
4 4300 7524 7539 7540
4 4076 7541 7542 7543
4 4305 7541 7544 7545
4 4312 7542 7544 7546
4 4316 7547 7548 7549
4 7550 7551 7552 7553
4 4331 7550 7554 7555
4 4141 7551 7556 7557
4 4332 7554 7556 7558
4 1947 7559 7560 7561
4 2051 7562 7563 7564
4 4306 7545 7565 7566
4 4314 7562 7565 7567
4 7563 7568 7569 7570
4 7567 7568 7571 7572
4 4317 7547 7569 7571
4 4144 7557 7559 7573
4 213 7574 7575 7576
4 962 7574 7577 7578
4 216 7575 7577 7579
4 4087 7580 7581 7582
4 7144 7580 7583 7584
4 7583 7585 7586 7587
4 7588 7589 7590 7591
4 7588 7592 7593 7594
4 4088 7581 7589 7592
4 963 7578 7595 7596
4 5214 7593 7595 7597
4 5209 7590 7597 7598
4 7457 7599 7600 7601
4 4327 7602 7603 7604
4 7605 7606 7607 7608
4 7605 7609 7610 7611
4 7612 7613 7614 7615
4 7482 7612 7616 7617
4 7499 7613 7618 7619
4 7483 7616 7618 7620
4 7496 7619 7621 7622
4 7427 7621 7623 7624
4 4243 7625 7626 7627
4 5260 7628 7629 7630
4 5359 7631 7632 7633
4 7631 7634 7635 7636
4 5254 7628 7637 7638
4 5360 7632 7639 7640
4 5357 7634 7637 7639
4 4351 7641 7642 7643
4 7644 7645 7646 7647
4 5632 7648 7649 7650
4 7651 7652 7653 7654
4 4668 7651 7655 7656
4 7657 7658 7659 7660
4 7661 7662 7663 7664
4 7665 7666 7667 7668
4 7661 7665 7669 7670
4 7666 7671 7672 7673
4 7662 7669 7671 7674
4 7657 7675 7676 7677
4 2751 7678 7679 7680
4 2752 7678 7681 7682
4 7658 7675 7683 7684
4 2741 7685 7686 7687
4 7685 7688 7689 7690
4 7691 7692 7693 7694
4 2748 7691 7695 7696
4 7692 7697 7698 7699
4 7681 7697 7700 7701
4 5349 7698 7702 7703
4 7682 7700 7702 7704
4 4396 7705 7706 7707
4 7705 7708 7709 7710
4 7187 7711 7712 7713
4 7188 7711 7714 7715
4 4429 7716 7717 7718
4 4430 7716 7719 7720
4 5312 7721 7722 7723
4 7724 7725 7726 7727
4 6806 7728 7729 7730
4 6812 7728 7731 7732
4 2101 7733 7734 7735
4 7736 7737 7738 7739
4 2484 7733 7736 7740
4 6941 7741 7742 7743
4 7744 7745 7746 7747
4 7744 7748 7749 7750
4 2102 7734 7745 7748
4 6953 7746 7751 7752
4 6939 7749 7751 7753
4 6942 7741 7753 7754
4 4374 7755 7756 7757
4 4466 7755 7758 7759
4 4378 7760 7761 7762
4 4386 7760 7763 7764
4 4375 7756 7761 7763
4 4461 7765 7766 7767
4 3687 7768 7769 7770
4 7768 7771 7772 7773
4 3689 7765 7769 7774
4 2296 7775 7776 7777
4 801 7775 7778 7779
4 7780 7781 7782 7783
4 1585 7780 7784 7785
4 1583 7778 7781 7786
4 1586 7784 7786 7787
4 4508 7788 7789 7790
4 7782 7791 7792 7793
4 4512 7794 7795 7796
4 4515 7794 7797 7798
4 2922 7797 7799 7800
4 4505 7801 7802 7803
4 7799 7804 7805 7806
4 7798 7804 7807 7808
4 4506 7801 7805 7807
4 7809 7810 7811 7812
4 2173 7802 7809 7813
4 7810 7814 7815 7816
4 72 7814 7817 7818
4 154 7815 7819 7820
4 73 7817 7819 7821
4 157 7820 7822 7823
4 5936 7822 7824 7825
4 4513 7795 7826 7827
4 2185 7828 7829 7830
4 4517 7828 7831 7832
4 2187 7829 7833 7834
4 7830 7835 7836 7837
4 7833 7835 7838 7839
4 1090 7836 7838 7840
4 1091 7840 7841 7842
4 7843 7844 7845 7846
4 1086 7841 7843 7847
4 4524 7848 7849 7850
4 5326 7848 7851 7852
4 4518 7831 7853 7854
4 2962 7855 7856 7857
4 4534 7855 7858 7859
4 4528 7856 7858 7860
4 5797 7861 7862 7863
4 7864 7865 7866 7867
4 4984 7864 7868 7869
4 4529 7860 7870 7871
4 5798 7861 7872 7873
4 2575 7874 7875 7876
4 4540 7874 7877 7878
4 4543 7875 7877 7879
4 748 7880 7881 7882
4 7883 7884 7885 7886
4 7853 7883 7887 7888
4 7884 7889 7890 7891
4 753 7880 7889 7892
4 5329 7893 7894 7895
4 4522 7885 7893 7896
4 7854 7887 7896 7897
4 2572 7898 7899 7900
4 2576 7876 7898 7901
4 7902 7903 7904 7905
4 7899 7902 7906 7907
4 749 7881 7903 7906
4 4932 7900 7904 7908
4 7909 7910 7911 7912
4 7913 7914 7915 7916
4 7238 7913 7917 7918
4 4544 7919 7920 7921
4 5317 7919 7922 7923
4 4558 7920 7922 7924
4 2573 7925 7926 7927
4 5318 7923 7928 7929
4 2569 7925 7930 7931
4 7932 7933 7934 7935
4 1173 7930 7932 7936
4 7937 7938 7939 7940
4 6437 7941 7942 7943
4 6433 7941 7944 7945
4 7942 7946 7947 7948
4 7944 7946 7949 7950
4 7947 7949 7951 7952
4 7953 7954 7955 7956
4 33 7953 7957 7958
4 2199 7957 7959 7960
4 2702 7961 7962 7963
4 4572 7961 7964 7965
4 4561 7962 7964 7966
4 7954 7967 7968 7969
4 4857 7967 7970 7971
4 7972 7973 7974 7975
4 7972 7976 7977 7978
4 2200 7959 7973 7976
4 2524 7974 7979 7980
4 2699 7977 7979 7981
4 4562 7966 7981 7982
4 4564 7968 7983 7984
4 4858 7970 7983 7985
4 4291 7986 7987 7988
4 2395 7986 7989 7990
4 4294 7987 7989 7991
4 7992 7993 7994 7995
4 5133 7992 7996 7997
4 4565 7998 7999 8000
4 4232 8001 8002 8003
4 5147 7993 8004 8005
4 5134 7996 8004 8006
4 7994 8007 8008 8009
4 7984 7998 8007 8010
4 5144 8001 8005 8011
4 2396 7990 8012 8013
4 2393 8012 8014 8015
4 4850 8014 8016 8017
4 8015 8018 8019 8020
4 8016 8018 8021 8022
4 4566 7999 8019 8021
4 8023 8024 8025 8026
4 2527 8023 8027 8028
4 2528 8027 8029 8030
4 4576 8024 8029 8031
4 774 8032 8033 8034
4 4586 8032 8035 8036
4 4578 8033 8035 8037
4 8038 8039 8040 8041
4 4574 8031 8042 8043
4 4582 8042 8044 8045
4 8025 8046 8047 8048
4 8038 8046 8049 8050
4 2238 8051 8052 8053
4 4579 8037 8051 8054
4 8052 8055 8056 8057
4 8049 8058 8059 8060
4 8039 8058 8061 8062
4 8059 8063 8064 8065
4 5680 8066 8067 8068
4 8053 8069 8070 8071
4 8040 8061 8069 8072
4 8055 8070 8072 8073
4 775 8074 8075 8076
4 5677 8066 8074 8077
4 8078 8079 8080 8081
4 4601 8078 8082 8083
4 708 8079 8084 8085
4 4602 8082 8084 8086
4 706 8085 8087 8088
4 761 8089 8090 8091
4 5097 8087 8092 8093
4 8080 8094 8095 8096
4 1079 8089 8094 8097
4 8098 8099 8100 8101
4 8098 8102 8103 8104
4 762 8090 8099 8102
4 2175 8105 8106 8107
4 2182 8103 8105 8108
4 757 8100 8108 8109
4 2176 8106 8110 8111
4 4678 8112 8113 8114
4 7652 8115 8116 8117
4 666 8118 8119 8120
4 7644 8115 8121 8122
4 4482 8118 8123 8124
4 8121 8125 8126 8127
4 8116 8125 8128 8129
4 667 8119 8126 8128
4 8130 8131 8132 8133
4 4707 8130 8134 8135
4 4708 8134 8136 8137
4 5840 8131 8136 8138
4 5838 8138 8139 8140
4 8063 8139 8141 8142
4 683 8143 8144 8145
4 2297 8143 8146 8147
4 8146 8148 8149 8150
4 8148 8151 8152 8153
4 8149 8151 8154 8155
4 8147 8152 8156 8157
4 684 8144 8158 8159
4 4500 8158 8160 8161
4 4509 8159 8160 8162
4 4686 8163 8164 8165
4 8163 8166 8167 8168
4 8169 8170 8171 8172
4 4690 8164 8169 8173
4 7865 8174 8175 8176
4 1371 8177 8178 8179
4 4749 8180 8181 8182
4 8174 8183 8184 8185
4 4743 8177 8186 8187
4 8183 8188 8189 8190
4 8175 8188 8191 8192
4 4744 8186 8189 8191
4 8193 8194 8195 8196
4 5835 8193 8197 8198
4 4730 8199 8200 8201
4 2286 8202 8203 8204
4 4740 8202 8205 8206
4 4742 8203 8205 8207
4 5836 8197 8208 8209
4 5854 8194 8208 8210
4 8195 8211 8212 8213
4 4728 8199 8211 8214
4 2294 8215 8216 8217
4 5851 8210 8215 8218
4 8219 8220 8221 8222
4 8219 8223 8224 8225
4 4731 8200 8220 8223
4 4673 8221 8226 8227
4 2275 8224 8226 8228
4 2287 8204 8228 8229
4 8230 8231 8232 8233
4 5174 8230 8234 8235
4 7402 8236 8237 8238
4 4846 8239 8240 8241
4 5175 8234 8242 8243
4 5198 8231 8242 8244
4 8232 8245 8246 8247
4 7401 8236 8245 8248
4 5201 8239 8244 8249
4 8250 8251 8252 8253
4 8250 8254 8255 8256
4 7403 8237 8251 8254
4 1243 8252 8257 8258
4 8255 8257 8259 8260
4 8259 8261 8262 8263
4 8264 8265 8266 8267
4 4887 8268 8269 8270
4 4889 8268 8271 8272
4 7315 8273 8274 8275
4 7313 8269 8273 8276
4 8276 8277 8278 8279
4 7316 8274 8277 8280
4 7625 8281 8282 8283
4 8278 8284 8285 8286
4 4244 8281 8284 8287
4 4260 8288 8289 8290
4 8288 8291 8292 8293
4 8291 8294 8295 8296
4 7626 8282 8292 8294
4 8289 8295 8297 8298
4 8297 8299 8300 8301
4 8302 8303 8304 8305
4 4896 8302 8306 8307
4 8299 8308 8309 8310
4 217 8311 8312 8313
4 8311 8314 8315 8316
4 4890 8312 8314 8317
4 5215 8318 8319 8320
4 8303 8321 8322 8323
4 4897 8306 8321 8324
4 8304 8325 8326 8327
4 8298 8308 8325 8328
4 8318 8322 8329 8330
4 8331 8332 8333 8334
4 8331 8335 8336 8337
4 8300 8309 8332 8335
4 8338 8339 8340 8341
4 8342 8343 8344 8345
4 7310 8346 8347 8348
4 5263 8349 8350 8351
4 8352 8353 8354 8355
4 8352 8356 8357 8358
4 8359 8360 8361 8362
4 2798 8363 8364 8365
4 8366 8367 8368 8369
4 8366 8370 8371 8372
4 8367 8370 8373 8374
4 5166 8375 8376 8377
4 5164 8375 8378 8379
4 4927 8380 8381 8382
4 5167 8376 8380 8383
4 4928 8381 8383 8384
4 8385 8386 8387 8388
4 4898 8385 8389 8390
4 4252 8386 8391 8392
4 4899 8389 8391 8393
4 2487 8394 8395 8396
4 2494 8392 8394 8397
4 2578 8398 8399 8400
4 4970 8398 8401 8402
4 4972 8401 8403 8404
4 8402 8405 8406 8407
4 2579 8399 8405 8408
4 4978 8403 8409 8410
4 195 8411 8412 8413
4 2192 8414 8415 8416
4 4974 8414 8417 8418
4 4982 8415 8417 8419
4 8406 8420 8421 8422
4 194 8411 8420 8423
4 8424 8425 8426 8427
4 8424 8428 8429 8430
4 196 8412 8425 8428
4 4839 8429 8431 8432
4 4837 8426 8431 8433
4 4975 8418 8433 8434
4 8435 8436 8437 8438
4 6569 8435 8439 8440
4 5000 8441 8442 8443
4 6570 8439 8444 8445
4 6567 8436 8444 8446
4 6131 8447 8448 8449
4 8437 8450 8451 8452
4 2612 8441 8450 8453
4 5065 8446 8447 8454
4 8455 8456 8457 8458
4 8455 8459 8460 8461
4 5001 8442 8456 8459
4 6316 8462 8463 8464
4 6250 8465 8466 8467
4 6266 8465 8468 8469
4 8470 8471 8472 8473
4 6305 8470 8474 8475
4 6308 8476 8477 8478
4 6306 8474 8479 8480
4 3170 8468 8471 8479
4 8472 8481 8482 8483
4 6283 8476 8481 8484
4 6317 8462 8485 8486
4 6309 8477 8487 8488
4 1355 8489 8490 8491
4 5039 8492 8493 8494
4 1350 8489 8495 8496
4 5043 8492 8497 8498
4 8493 8499 8500 8501
4 8497 8499 8502 8503
4 1351 8495 8500 8502
4 3143 8504 8505 8506
4 1363 8507 8508 8509
4 1364 8507 8510 8511
4 7162 8512 8513 8514
4 7158 8512 8515 8516
4 8517 8518 8519 8520
4 2692 8517 8521 8522
4 4084 8515 8518 8523
4 2693 8521 8523 8524
4 8519 8525 8526 8527
4 8528 8529 8530 8531
4 8532 8533 8534 8535
4 7212 8532 8536 8537
4 7210 8536 8538 8539
4 7204 8540 8541 8542
4 7219 8540 8543 8544
4 7214 8541 8543 8545
4 7206 8546 8547 8548
4 8533 8549 8550 8551
4 4111 8546 8549 8552
4 8553 8554 8555 8556
4 8553 8557 8558 8559
4 7207 8547 8554 8557
4 4267 8555 8560 8561
4 7197 8558 8560 8562
4 7215 8545 8562 8563
4 8564 8565 8566 8567
4 8568 8569 8570 8571
4 7147 8568 8572 8573
4 8528 8569 8574 8575
4 7148 8572 8574 8576
4 8577 8578 8579 8580
4 8575 8581 8582 8583
4 7585 8577 8584 8585
4 8529 8581 8586 8587
4 8584 8588 8589 8590
4 8578 8588 8591 8592
4 8530 8586 8589 8591
4 4900 8593 8594 8595
4 8264 8593 8596 8597
4 5399 8598 8599 8600
4 8601 8602 8603 8604
4 5397 8598 8601 8605
4 5400 8599 8606 8607
4 8608 8609 8610 8611
4 5283 8608 8612 8613
4 5290 8614 8615 8616
4 8353 8617 8618 8619
4 8617 8620 8621 8622
4 8623 8624 8625 8626
4 8620 8623 8627 8628
4 6057 8629 8630 8631
4 6062 8629 8632 8633
4 5280 8630 8632 8634
4 5276 8635 8636 8637
4 8638 8639 8640 8641
4 7251 8638 8642 8643
4 3103 8644 8645 8646
4 8639 8647 8648 8649
4 2491 8635 8647 8650
4 4200 8640 8644 8651
4 7252 8642 8651 8652
4 4914 8653 8654 8655
4 8653 8656 8657 8658
4 8656 8659 8660 8661
4 5277 8636 8657 8659
4 5286 8654 8660 8662
4 5281 8634 8662 8663
4 5247 8664 8665 8666
4 5234 8664 8667 8668
4 6180 8665 8667 8669
4 2724 8670 8671 8672
4 8673 8674 8675 8676
4 5302 8673 8677 8678
4 8674 8679 8680 8681
4 6155 8670 8679 8682
4 3129 8683 8684 8685
4 3131 8675 8683 8686
4 5303 8677 8686 8687
4 8688 8689 8690 8691
4 8688 8692 8693 8694
4 2725 8671 8689 8692
4 6187 8690 8695 8696
4 6178 8693 8695 8697
4 6181 8669 8697 8698
4 8699 8700 8701 8702
4 8703 8704 8705 8706
4 5305 8703 8707 8708
4 8704 8709 8710 8711
4 8709 8712 8713 8714
4 4559 8715 8716 8717
4 8718 8719 8720 8721
4 8718 8722 8723 8724
4 5150 8725 8726 8727
4 8722 8728 8729 8730
4 5340 8731 8732 8733
4 6240 8725 8734 8735
4 8719 8734 8736 8737
4 8738 8739 8740 8741
4 8738 8742 8743 8744
4 5151 8726 8739 8742
4 1936 8740 8745 8746
4 1932 8743 8745 8747
4 5341 8731 8747 8748
4 8749 8750 8751 8752
4 5343 8753 8754 8755
4 8756 8757 8758 8759
4 8760 8761 8762 8763
4 8760 8764 8765 8766
4 8356 8767 8768 8769
4 8354 8767 8770 8771
4 8764 8772 8773 8774
4 8357 8768 8772 8775
4 8761 8773 8775 8776
4 8777 8778 8779 8780
4 7758 8777 8781 8782
4 5384 8783 8784 8785
4 5388 8783 8786 8787
4 1623 8788 8789 8790
4 5273 8788 8791 8792
4 5274 8789 8791 8793
4 2756 8794 8795 8796
4 4354 8797 8798 8799
4 8800 8801 8802 8803
4 8800 8804 8805 8806
4 5382 8794 8804 8807
4 1624 8790 8808 8809
4 2721 8808 8810 8811
4 5249 8810 8812 8813
4 8811 8814 8815 8816
4 8812 8814 8817 8818
4 2757 8795 8815 8817
4 7078 8819 8820 8821
4 7085 8819 8822 8823
4 8801 8824 8825 8826
4 8820 8827 8828 8829
4 8822 8827 8830 8831
4 8828 8830 8832 8833
4 5948 8834 8835 8836
4 3660 8834 8837 8838
4 3657 8835 8837 8839
4 5403 8840 8841 8842
4 8843 8844 8845 8846
4 5422 8843 8847 8848
4 642 8849 8850 8851
4 8844 8852 8853 8854
4 5407 8840 8852 8855
4 8845 8856 8857 8858
4 5423 8847 8856 8859
4 8849 8857 8860 8861
4 5959 8862 8863 8864
4 5949 8836 8865 8866
4 5946 8862 8865 8867
4 8863 8868 8869 8870
4 8867 8868 8871 8872
4 5404 8841 8869 8871
4 5484 8873 8874 8875
4 8876 8877 8878 8879
4 2796 8873 8876 8880
4 3995 8881 8882 8883
4 5488 8884 8885 8886
4 5491 8881 8884 8887
4 8882 8888 8889 8890
4 8887 8888 8891 8892
4 5485 8874 8889 8891
4 5507 8893 8894 8895
4 5489 8885 8893 8896
4 5497 8894 8896 8897
4 8877 8898 8899 8900
4 8368 8898 8901 8902
4 5575 8903 8904 8905
4 8371 8901 8903 8906
4 5511 8907 8908 8909
4 2833 8907 8910 8911
4 5532 8912 8913 8914
4 8908 8915 8916 8917
4 8910 8915 8918 8919
4 5533 8912 8916 8918
4 7269 8920 8921 8922
4 6865 8923 8924 8925
4 8926 8927 8928 8929
4 8926 8930 8931 8932
4 8927 8930 8933 8934
4 8935 8936 8937 8938
4 5522 8935 8939 8940
4 8936 8941 8942 8943
4 6868 8923 8941 8944
4 8913 8945 8946 8947
4 5523 8939 8948 8949
4 5534 8937 8945 8948
4 8950 8951 8952 8953
4 6866 8924 8950 8954
4 8951 8954 8955 8956
4 438 8957 8958 8959
4 5586 8960 8961 8962
4 3612 8963 8964 8965
4 5587 8960 8966 8967
4 8968 8969 8970 8971
4 8968 8972 8973 8974
4 3613 8963 8969 8972
4 3617 8964 8975 8976
4 8977 8978 8979 8980
4 6549 8977 8981 8982
4 8983 8984 8985 8986
4 8978 8983 8987 8988
4 8989 8990 8991 8992
4 8993 8994 8995 8996
4 8989 8993 8997 8998
4 8984 8999 9000 9001
4 9002 9003 9004 9005
4 5629 9002 9006 9007
4 3458 9003 9008 9009
4 5630 9006 9008 9010
4 8990 9011 9012 9013
4 1441 9014 9015 9016
4 6500 9014 9017 9018
4 6511 9015 9017 9019
4 3338 9009 9020 9021
4 3332 9020 9022 9023
4 9004 9024 9025 9026
4 8997 9011 9024 9027
4 6501 9018 9028 9029
4 6513 9028 9030 9031
4 8999 9030 9032 9033
4 9031 9034 9035 9036
4 9032 9034 9037 9038
4 8991 9012 9035 9037
4 9039 9040 9041 9042
4 5633 9039 9043 9044
4 7648 9043 9045 9046
4 5636 9047 9048 9049
4 9047 9050 9051 9052
4 9050 9053 9054 9055
4 9048 9056 9057 9058
4 9051 9056 9059 9060
4 7649 9045 9057 9059
4 9040 9061 9062 9063
4 7724 9061 9064 9065
4 9066 9067 9068 9069
4 5637 9066 9070 9071
4 7667 9072 9073 9074
4 9072 9075 9076 9077
4 8067 9078 9079 9080
4 9081 9082 9083 9084
4 2355 9085 9086 9087
4 918 9088 9089 9090
4 912 9088 9091 9092
4 914 9089 9091 9093
4 3402 9094 9095 9096
4 9097 9098 9099 9100
4 7872 9097 9101 9102
4 4530 9085 9103 9104
4 9098 9105 9106 9107
4 3407 9094 9105 9108
4 7870 9099 9103 9109
4 7873 9101 9109 9110
4 915 9093 9111 9112
4 2920 9111 9113 9114
4 9115 9116 9117 9118
4 9113 9115 9119 9120
4 3403 9095 9116 9119
4 6292 9114 9117 9121
4 9122 9123 9124 9125
4 5801 9122 9126 9127
4 5799 9123 9128 9129
4 5802 9126 9128 9130
4 3829 9131 9132 9133
4 1372 9134 9135 9136
4 3826 9134 9137 9138
4 3838 9135 9137 9139
4 7862 9129 9140 9141
4 8184 9140 9142 9143
4 9124 9144 9145 9146
4 3798 9131 9144 9147
4 3274 9148 9149 9150
4 3833 9148 9151 9152
4 3827 9138 9151 9153
4 9149 9154 9155 9156
4 9152 9154 9157 9158
4 3830 9132 9155 9157
4 9159 9160 9161 9162
4 9159 9163 9164 9165
4 9160 9163 9166 9167
4 1571 9168 9169 9170
4 2866 9161 9168 9171
4 9164 9171 9172 9173
4 1605 9174 9175 9176
4 1610 9174 9177 9178
4 1572 9169 9175 9177
4 1568 9179 9180 9181
4 1282 9182 9183 9184
4 9185 9186 9187 9188
4 9189 9190 9191 9192
4 6221 9189 9193 9194
4 9190 9195 9196 9197
4 9185 9195 9198 9199
4 346 9191 9200 9201
4 6222 9193 9200 9202
4 2883 9203 9204 9205
4 1285 9206 9207 9208
4 1283 9182 9206 9209
4 5809 9207 9210 9211
4 1337 9201 9203 9212
4 4779 9213 9214 9215
4 9216 9217 9218 9219
4 9216 9220 9221 9222
4 9217 9220 9223 9224
4 9225 9226 9227 9228
4 9225 9229 9230 9231
4 4778 9213 9232 9233
4 9226 9232 9234 9235
4 8132 9236 9237 9238
4 9239 9240 9241 9242
4 9239 9243 9244 9245
4 4780 9214 9240 9243
4 9208 9246 9247 9248
4 9210 9246 9249 9250
4 9186 9247 9249 9251
4 9187 9251 9252 9253
4 9198 9252 9254 9255
4 9254 9256 9257 9258
4 8056 9259 9260 9261
4 4596 9259 9262 9263
4 8064 9264 9265 9266
4 8060 9264 9267 9268
4 9265 9267 9269 9270
4 9271 9272 9273 9274
4 9275 9276 9277 9278
4 9279 9280 9281 9282
4 5848 9279 9283 9284
4 2281 9283 9285 9286
4 9287 9288 9289 9290
4 9287 9291 9292 9293
4 2282 9285 9288 9291
4 5856 9289 9294 9295
4 9292 9294 9296 9297
4 9296 9298 9299 9300
4 9280 9301 9302 9303
4 4709 9301 9304 9305
4 4710 9304 9306 9307
4 9223 9302 9306 9308
4 9218 9308 9309 9310
4 4783 9309 9311 9312
4 4768 9313 9314 9315
4 4715 9313 9316 9317
4 4784 9314 9316 9318
4 9298 9319 9320 9321
4 9322 9323 9324 9325
4 5876 9322 9326 9327
4 797 9328 9329 9330
4 4716 9317 9331 9332
4 9323 9333 9334 9335
4 9297 9319 9333 9336
4 5687 9324 9337 9338
4 5877 9326 9337 9339
4 5684 9328 9338 9340
4 9299 9320 9341 9342
4 9343 9344 9345 9346
4 5974 9343 9347 9348
4 5976 9347 9349 9350
4 5978 9349 9351 9352
4 9353 9354 9355 9356
4 9353 9357 9358 9359
4 9354 9357 9360 9361
4 9362 9363 9364 9365
4 2978 9366 9367 9368
4 5981 9366 9369 9370
4 9367 9371 9372 9373
4 111 9374 9375 9376
4 5991 9374 9377 9378
4 5982 9369 9375 9377
4 9362 9379 9380 9381
4 1849 9379 9382 9383
4 5993 9384 9385 9386
4 1850 9382 9387 9388
4 5987 9380 9387 9389
4 5985 9384 9389 9390
4 9391 9392 9393 9394
4 9391 9395 9396 9397
4 9392 9395 9398 9399
4 6128 9396 9400 9401
4 6134 9400 9402 9403
4 5003 9393 9401 9404
4 6132 9405 9406 9407
4 6135 9402 9405 9408
4 6125 9406 9408 9409
4 1522 9410 9411 9412
4 2996 9410 9413 9414
4 2998 9413 9415 9416
4 9411 9417 9418 9419
4 9414 9417 9420 9421
4 9418 9420 9422 9423
4 1907 9424 9425 9426
4 3134 9424 9427 9428
4 8684 9427 9429 9430
4 2999 9415 9431 9432
4 6069 9433 9434 9435
4 6851 9436 9437 9438
4 6074 9439 9440 9441
4 6847 9436 9439 9442
4 9437 9443 9444 9445
4 9443 9446 9447 9448
4 9442 9444 9446 9449
4 6075 9440 9450 9451
4 6084 9452 9453 9454
4 6051 9455 9456 9457
4 9455 9458 9459 9460
4 9461 9462 9463 9464
4 4202 9461 9465 9466
4 6036 9467 9468 9469
4 6126 9467 9470 9471
4 9468 9470 9472 9473
4 4893 9474 9475 9476
4 6129 9477 9478 9479
4 4203 9465 9480 9481
4 9462 9480 9482 9483
4 9463 9484 9485 9486
4 7245 9474 9484 9487
4 9477 9482 9488 9489
4 9490 9491 9492 9493
4 9490 9494 9495 9496
4 4894 9475 9491 9494
4 6207 9497 9498 9499
4 9500 9501 9502 9503
4 6202 9497 9500 9504
4 9501 9505 9506 9507
4 3122 9505 9508 9509
4 3139 9510 9511 9512
4 9488 9510 9513 9514
4 9483 9511 9513 9515
4 3140 9512 9516 9517
4 7393 9516 9518 9519
4 9518 9520 9521 9522
4 9520 9523 9524 9525
4 6208 9498 9521 9523
4 9519 9524 9526 9527
4 3123 9508 9528 9529
4 3099 9506 9528 9530
4 8645 9531 9532 9533
4 3097 9530 9531 9534
4 3107 9535 9536 9537
4 6204 9535 9538 9539
4 6203 9536 9538 9540
4 9541 9542 9543 9544
4 5050 9541 9545 9546
4 1030 9547 9548 9549
4 5051 9545 9550 9551
4 6212 9542 9550 9552
4 9526 9553 9554 9555
4 9543 9556 9557 9558
4 1034 9547 9556 9559
4 7396 9552 9553 9560
4 9561 9562 9563 9564
4 9561 9565 9566 9567
4 1031 9548 9562 9565
4 4998 9563 9568 9569
4 6205 9539 9568 9570
4 4993 9566 9569 9571
4 2727 9572 9573 9574
4 2245 9575 9576 9577
4 4597 9575 9578 9579
4 2249 9576 9578 9580
4 9256 9581 9582 9583
4 9584 9585 9586 9587
4 9255 9581 9584 9588
4 4598 9579 9589 9590
4 9262 9589 9591 9592
4 9591 9593 9594 9595
4 9593 9596 9597 9598
4 9257 9582 9594 9596
4 9275 9592 9597 9599
4 5733 9600 9601 9602
4 6320 9600 9603 9604
4 6326 9601 9603 9605
4 3280 9606 9607 9608
4 3285 9606 9609 9610
4 9611 9612 9613 9614
4 3287 9609 9611 9615
4 2859 9616 9617 9618
4 6324 9616 9619 9620
4 6327 9605 9619 9621
4 3506 9622 9623 9624
4 62 9625 9626 9627
4 3227 9625 9628 9629
4 3216 9626 9628 9630
4 9631 9632 9633 9634
4 9631 9635 9636 9637
4 9612 9638 9639 9640
4 9632 9641 9642 9643
4 9615 9638 9641 9644
4 6344 9645 9646 9647
4 3217 9630 9648 9649
4 6330 9645 9648 9650
4 9646 9651 9652 9653
4 9650 9651 9654 9655
4 9613 9639 9652 9654
4 3911 9656 9657 9658
4 4015 9656 9659 9660
4 9657 9661 9662 9663
4 4016 9659 9661 9664
4 9665 9666 9667 9668
4 6817 9669 9670 9671
4 6821 9669 9672 9673
4 6807 9670 9672 9674
4 9662 9675 9676 9677
4 9665 9675 9678 9679
4 6808 9674 9680 9681
4 7729 9680 9682 9683
4 7737 9682 9684 9685
4 9686 9687 9688 9689
4 9686 9690 9691 9692
4 9687 9690 9693 9694
4 4439 9688 9695 9696
4 4441 9695 9697 9698
4 9691 9696 9699 9700
4 8858 9701 9702 9703
4 8860 9701 9704 9705
4 4442 9697 9702 9704
4 9358 9706 9707 9708
4 9706 9709 9710 9711
4 6827 9712 9713 9714
4 9355 9707 9712 9715
4 9693 9716 9717 9718
4 9716 9719 9720 9721
4 9719 9722 9723 9724
4 9720 9725 9726 9727
4 9694 9717 9725 9728
4 5930 9729 9730 9731
4 6405 9729 9732 9733
4 5979 9730 9732 9734
4 9709 9735 9736 9737
4 9726 9738 9739 9740
4 9708 9735 9738 9741
4 6403 9742 9743 9744
4 6406 9733 9742 9745
4 6388 9743 9746 9747
4 9746 9748 9749 9750
4 9744 9748 9751 9752
4 9710 9736 9749 9751
4 9699 9753 9754 9755
4 9756 9757 9758 9759
4 2141 9756 9760 9761
4 9721 9762 9763 9764
4 9722 9762 9765 9766
4 6380 9763 9765 9767
4 9768 9769 9770 9771
4 6373 9753 9772 9773
4 2142 9760 9774 9775
4 6375 9757 9772 9774
4 9758 9776 9777 9778
4 9768 9776 9779 9780
4 6378 9781 9782 9783
4 6381 9767 9781 9784
4 7791 9782 9785 9786
4 4406 9787 9788 9789
4 6420 9790 9791 9792
4 4407 9787 9793 9794
4 6455 9795 9796 9797
4 6459 9795 9798 9799
4 9800 9801 9802 9803
4 9800 9804 9805 9806
4 6456 9796 9801 9804
4 6503 9807 9808 9809
4 6533 9807 9810 9811
4 6516 9810 9812 9813
4 9808 9814 9815 9816
4 9811 9814 9817 9818
4 6519 9815 9817 9819
4 6520 9819 9820 9821
4 9822 9823 9824 9825
4 5596 9820 9822 9826
4 3388 9827 9828 9829
4 6531 9827 9830 9831
4 6517 9812 9828 9830
4 9832 9833 9834 9835
4 5067 9832 9836 9837
4 5610 9838 9839 9840
4 5599 9841 9842 9843
4 4127 9833 9844 9845
4 5068 9836 9844 9846
4 9834 9847 9848 9849
4 6583 9838 9847 9850
4 5602 9851 9852 9853
4 5600 9841 9851 9854
4 5606 9852 9855 9856
4 9853 9857 9858 9859
4 9855 9857 9860 9861
4 5611 9839 9858 9860
4 9862 9863 9864 9865
4 3754 9862 9866 9867
4 3758 9866 9868 9869
4 6628 9868 9870 9871
4 9869 9872 9873 9874
4 6629 9870 9872 9875
4 6907 9876 9877 9878
4 817 9876 9879 9880
4 820 9877 9879 9881
4 6895 9882 9883 9884
4 9873 9885 9886 9887
4 6894 9882 9885 9888
4 6908 9878 9889 9890
4 6905 9889 9891 9892
4 6919 9891 9893 9894
4 9892 9895 9896 9897
4 9893 9895 9898 9899
4 6896 9883 9896 9898
4 1686 9900 9901 9902
4 3544 9900 9903 9904
4 6709 9905 9906 9907
4 9901 9908 9909 9910
4 9903 9908 9911 9912
4 6710 9905 9909 9911
4 6706 9913 9914 9915
4 9916 9917 9918 9919
4 6785 9916 9920 9921
4 9922 9923 9924 9925
4 9922 9926 9927 9928
4 9917 9929 9930 9931
4 9926 9932 9933 9934
4 9935 9936 9937 9938
4 6088 9918 9939 9940
4 6786 9920 9939 9941
4 6091 9935 9940 9942
4 9943 9944 9945 9946
4 9947 9948 9949 9950
4 9943 9951 9952 9953
4 2745 9954 9955 9956
4 2749 9954 9957 9958
4 9951 9959 9960 9961
4 9944 9959 9962 9963
4 2746 9955 9960 9962
4 9964 9965 9966 9967
4 3626 9964 9968 9969
4 6790 9968 9970 9971
4 9947 9972 9973 9974
4 6791 9970 9975 9976
4 9965 9977 9978 9979
4 6246 9977 9980 9981
4 6247 9980 9982 9983
4 6793 9978 9982 9984
4 9948 9972 9985 9986
4 6802 9987 9988 9989
4 7645 9987 9990 9991
4 9053 9992 9993 9994
4 9052 9992 9995 9996
4 9990 9997 9998 9999
4 9988 9997 10000 10001
4 9054 9993 9998 10000
4 6803 10002 10003 10004
4 6798 10002 10005 10006
4 10007 10008 10009 10010
4 2087 10007 10011 10012
4 7641 10013 10014 10015
4 2088 10011 10016 10017
4 6800 10005 10008 10016
4 10009 10018 10019 10020
4 4352 10013 10018 10021
4 10022 10023 10024 10025
4 7642 10014 10026 10027
4 6984 10028 10029 10030
4 7370 10028 10031 10032
4 7359 10031 10033 10034
4 10035 10036 10037 10038
4 10039 10040 10041 10042
4 10035 10039 10043 10044
4 7355 10045 10046 10047
4 7360 10033 10045 10048
4 7363 10046 10048 10049
4 10040 10050 10051 10052
4 3396 10050 10053 10054
4 4174 10055 10056 10057
4 3397 10053 10058 10059
4 4171 10051 10058 10060
4 4169 10055 10060 10061
4 10062 10063 10064 10065
4 4137 10062 10066 10067
4 10032 10068 10069 10070
4 10036 10068 10071 10072
4 10029 10069 10071 10073
4 6981 10074 10075 10076
4 4135 10063 10077 10078
4 4138 10066 10077 10079
4 7356 10080 10081 10082
4 10064 10083 10084 10085
4 3934 10074 10083 10086
4 1955 10078 10080 10087
4 9823 10088 10089 10090
4 10037 10072 10091 10092
4 10043 10088 10091 10093
4 10089 10094 10095 10096
4 10093 10094 10097 10098
4 6982 10075 10095 10097
4 1952 10099 10100 10101
4 2789 10099 10102 10103
4 2784 10100 10102 10104
4 7292 10105 10106 10107
4 10108 10109 10110 10111
4 7007 10108 10112 10113
4 10109 10114 10115 10116
4 7291 10105 10114 10117
4 4072 10118 10119 10120
4 7151 10110 10121 10122
4 7008 10112 10121 10123
4 608 10124 10125 10126
4 2787 10124 10127 10128
4 2790 10103 10127 10129
4 10125 10130 10131 10132
4 10128 10130 10133 10134
4 7293 10106 10131 10133
4 7155 10118 10122 10135
4 7057 10136 10137 10138
4 10139 10140 10141 10142
4 4161 10139 10143 10144
4 7064 10136 10145 10146
4 4162 10143 10147 10148
4 7066 10140 10145 10147
4 7053 10149 10150 10151
4 10141 10152 10153 10154
4 8749 10155 10156 10157
4 10158 10159 10160 10161
4 10158 10162 10163 10164
4 10165 10166 10167 10168
4 10162 10165 10169 10170
4 10166 10171 10172 10173
4 10169 10171 10174 10175
4 10172 10174 10176 10177
4 10178 10179 10180 10181
4 10182 10183 10184 10185
4 7236 10186 10187 10188
4 10186 10189 10190 10191
4 10189 10192 10193 10194
4 10176 10192 10195 10196
4 10193 10197 10198 10199
4 10177 10195 10197 10200
4 7505 10201 10202 10203
4 8537 10201 10204 10205
4 8534 10202 10204 10206
4 10182 10207 10208 10209
4 7506 10203 10210 10211
4 7503 10210 10212 10213
4 10212 10214 10215 10216
4 10213 10217 10218 10219
4 10214 10217 10220 10221
4 10183 10207 10218 10220
4 6046 10222 10223 10224
4 6047 10222 10225 10226
4 10227 10228 10229 10230
4 10227 10231 10232 10233
4 8624 10234 10235 10236
4 10237 10238 10239 10240
4 10237 10241 10242 10243
4 8261 10238 10241 10244
4 7390 10239 10245 10246
4 4843 10242 10245 10247
4 7412 10247 10248 10249
4 8262 10244 10250 10251
4 10252 10253 10254 10255
4 8260 10250 10252 10256
4 10253 10257 10258 10259
4 331 10257 10260 10261
4 4847 10262 10263 10264
4 7422 10262 10265 10266
4 7413 10248 10263 10265
4 7424 10267 10268 10269
4 332 10260 10270 10271
4 7418 10258 10270 10272
4 7416 10267 10272 10273
4 10274 10275 10276 10277
4 7437 10274 10278 10279
4 7439 10278 10280 10281
4 7445 10280 10282 10283
4 2021 10284 10285 10286
4 7443 10284 10287 10288
4 10285 10287 10289 10290
4 10291 10292 10293 10294
4 7599 10295 10296 10297
4 10289 10298 10299 10300
4 10290 10298 10301 10302
4 7609 10303 10304 10305
4 4237 10306 10307 10308
4 7491 10303 10309 10310
4 7460 10306 10311 10312
4 10309 10313 10314 10315
4 10304 10313 10316 10317
4 7461 10311 10314 10316
4 10318 10319 10320 10321
4 10322 10323 10324 10325
4 10318 10326 10327 10328
4 5670 10326 10329 10330
4 5671 10329 10331 10332
4 5664 10327 10331 10333
4 9081 10334 10335 10336
4 5673 10333 10334 10337
4 2732 10338 10339 10340
4 8728 10338 10341 10342
4 8723 10339 10341 10343
4 10344 10345 10346 10347
4 7537 10344 10348 10349
4 9572 10350 10351 10352
4 2738 10345 10353 10354
4 7538 10348 10353 10355
4 2733 10340 10356 10357
4 5346 10356 10358 10359
4 10346 10360 10361 10362
4 2736 10350 10354 10363
4 2750 10364 10365 10366
4 7695 10364 10367 10368
4 7688 10365 10367 10369
4 7708 10370 10371 10372
4 10373 10374 10375 10376
4 4393 10373 10377 10378
4 10374 10379 10380 10381
4 7706 10370 10379 10382
4 9952 10383 10384 10385
4 5354 10377 10383 10386
4 7686 10387 10388 10389
4 7689 10369 10387 10390
4 10388 10391 10392 10393
4 10389 10394 10395 10396
4 10391 10394 10397 10398
4 7709 10371 10395 10397
4 9082 10399 10400 10401
4 10322 10402 10403 10404
4 10405 10406 10407 10408
4 10405 10409 10410 10411
4 10323 10402 10406 10409
4 5308 10412 10413 10414
4 4397 10415 10416 10417
4 10415 10418 10419 10420
4 7707 10416 10418 10421
4 10422 10423 10424 10425
4 4103 10422 10426 10427
4 10423 10428 10429 10430
4 5306 10412 10428 10431
4 10392 10432 10433 10434
4 4104 10426 10435 10436
4 7714 10424 10435 10437
4 10438 10439 10440 10441
4 10438 10442 10443 10444
4 5309 10413 10439 10442
4 7712 10432 10437 10445
4 7717 10446 10447 10448
4 4415 10449 10450 10451
4 7719 10446 10449 10452
4 10447 10453 10454 10455
4 10452 10456 10457 10458
4 4416 10450 10456 10459
4 813 10460 10461 10462
4 7721 10463 10464 10465
4 9062 10463 10466 10467
4 9064 10464 10466 10468
4 10457 10469 10470 10471
4 811 10460 10469 10472
4 10473 10474 10475 10476
4 10473 10477 10478 10479
4 814 10461 10474 10477
4 10475 10480 10481 10482
4 5313 10478 10480 10483
4 7722 10465 10483 10484
4 6426 10485 10486 10487
4 9666 10488 10489 10490
4 9683 10488 10491 10492
4 9684 10489 10491 10493
4 10494 10495 10496 10497
4 6425 10485 10494 10498
4 10495 10499 10500 10501
4 9802 10499 10502 10503
4 615 10504 10505 10506
4 10504 10507 10508 10509
4 10507 10510 10511 10512
4 6427 10486 10508 10510
4 9678 10505 10511 10513
4 9667 10490 10513 10514
4 6818 10515 10516 10517
4 9805 10502 10515 10518
4 7788 10519 10520 10521
4 9783 10522 10523 10524
4 9785 10522 10525 10526
4 9769 10523 10525 10527
4 10528 10529 10530 10531
4 7826 10528 10532 10533
4 10529 10534 10535 10536
4 4510 10519 10534 10537
4 6386 10530 10538 10539
4 7827 10532 10538 10540
4 9723 10541 10542 10543
4 8170 10544 10545 10546
4 10544 10547 10548 10549
4 10547 10550 10551 10552
4 7789 10520 10548 10550
4 9779 10545 10551 10553
4 9770 10527 10553 10554
4 6384 10539 10541 10555
4 808 10556 10557 10558
4 804 10556 10559 10560
4 812 10557 10559 10561
4 7933 10562 10563 10564
4 10481 10565 10566 10567
4 8699 10565 10568 10569
4 10570 10571 10572 10573
4 7936 10562 10570 10574
4 805 10560 10575 10576
4 2307 10575 10577 10578
4 10577 10579 10580 10581
4 10579 10582 10583 10584
4 7934 10563 10580 10582
4 2327 10578 10583 10585
4 6438 10586 10587 10588
4 8712 10586 10589 10590
4 7943 10587 10589 10591
4 7909 10592 10593 10594
4 10595 10596 10597 10598
4 7937 10595 10599 10600
4 10601 10602 10603 10604
4 10601 10605 10606 10607
4 7910 10592 10602 10605
4 8710 10603 10608 10609
4 8713 10590 10608 10610
4 8715 10606 10609 10611
4 10612 10613 10614 10615
4 7951 10612 10616 10617
4 7952 10616 10618 10619
4 1410 10613 10618 10620
4 4101 10620 10621 10622
4 10194 10623 10624 10625
4 8564 10623 10626 10627
4 10190 10624 10626 10628
4 7938 10629 10630 10631
4 10167 10621 10632 10633
4 8565 10627 10634 10635
4 10614 10636 10637 10638
4 10599 10629 10636 10639
4 7939 10630 10640 10641
4 10642 10643 10644 10645
4 9269 10642 10646 10647
4 9271 10643 10648 10649
4 9270 10646 10648 10650
4 9078 10651 10652 10653
4 7668 10654 10655 10656
4 9067 10654 10657 10658
4 9073 10655 10657 10659
4 10644 10660 10661 10662
4 8068 10651 10660 10663
4 5659 10664 10665 10666
4 9068 10658 10667 10668
4 9070 10664 10667 10669
4 10665 10670 10671 10672
4 10669 10670 10673 10674
4 9079 10652 10671 10673
4 10675 10676 10677 10678
4 8110 10675 10679 10680
4 2674 10676 10681 10682
4 8111 10679 10681 10683
4 223 10684 10685 10686
4 2669 10687 10688 10689
4 4651 10687 10690 10691
4 4654 10688 10690 10692
4 5085 10682 10693 10694
4 10677 10695 10696 10697
4 772 10684 10695 10698
4 6497 10693 10699 10700
4 10701 10702 10703 10704
4 10701 10705 10706 10707
4 224 10685 10702 10705
4 10 10703 10708 10709
4 2670 10689 10708 10710
4 1003 10706 10709 10711
4 7653 10712 10713 10714
4 8117 10712 10715 10716
4 8112 10713 10715 10717
4 10718 10719 10720 10721
4 9221 10718 10722 10723
4 4720 10724 10725 10726
4 8123 10727 10728 10729
4 9222 10722 10730 10731
4 9244 10719 10730 10732
4 10720 10733 10734 10735
4 4729 10724 10733 10736
4 9241 10727 10732 10737
4 10738 10739 10740 10741
4 10738 10742 10743 10744
4 4721 10725 10739 10742
4 4679 10740 10745 10746
4 8113 10717 10745 10747
4 4723 10743 10746 10748
4 9229 10749 10750 10751
4 9172 10752 10753 10754
4 10755 10756 10757 10758
4 10759 10760 10761 10762
4 9183 10759 10763 10764
4 5804 10752 10765 10766
4 10760 10767 10768 10769
4 10755 10767 10770 10771
4 5806 10761 10765 10772
4 9184 10763 10772 10773
4 9227 10774 10775 10776
4 9230 10749 10774 10777
4 9236 10775 10778 10779
4 10780 10781 10782 10783
4 7663 10780 10784 10785
4 10776 10786 10787 10788
4 10778 10786 10789 10790
4 10756 10787 10789 10791
4 9272 10792 10793 10794
4 7664 10784 10795 10796
4 10781 10795 10797 10798
4 10782 10799 10800 10801
4 10649 10792 10799 10802
4 10757 10791 10803 10804
4 10770 10803 10805 10806
4 9276 10805 10807 10808
4 10806 10809 10810 10811
4 10807 10809 10812 10813
4 9273 10793 10810 10812
4 10814 10815 10816 10817
4 8178 10814 10818 10819
4 8154 10820 10821 10822
4 10815 10820 10823 10824
4 10823 10825 10826 10827
4 8155 10821 10825 10828
4 7866 10829 10830 10831
4 8180 10829 10832 10833
4 8176 10830 10832 10834
4 8166 10835 10836 10837
4 10826 10838 10839 10840
4 8165 10835 10838 10841
4 10842 10843 10844 10845
4 10842 10846 10847 10848
4 8167 10836 10843 10846
4 4724 10844 10849 10850
4 4750 10847 10849 10851
4 8181 10833 10851 10852
4 10853 10854 10855 10856
4 4904 10857 10858 10859
4 8265 10857 10860 10861
4 10862 10863 10864 10865
4 10866 10867 10868 10869
4 4872 10870 10871 10872
4 2777 10870 10873 10874
4 5426 10873 10875 10876
4 2780 10877 10878 10879
4 5430 10877 10880 10881
4 5427 10875 10878 10880
4 10882 10883 10884 10885
4 10882 10886 10887 10888
4 10889 10890 10891 10892
4 10866 10893 10894 10895
4 10871 10896 10897 10898
4 10867 10893 10896 10899
4 10874 10897 10899 10900
4 10901 10902 10903 10904
4 8931 10901 10905 10906
4 8955 10902 10907 10908
4 8932 10905 10907 10909
4 2781 10910 10911 10912
4 8952 10908 10910 10913
4 8338 10914 10915 10916
4 7296 10917 10918 10919
4 8346 10917 10920 10921
4 10922 10923 10924 10925
4 8359 10926 10927 10928
4 6547 10929 10930 10931
4 6553 10929 10932 10933
4 8360 10930 10932 10934
4 10935 10936 10937 10938
4 8373 10935 10939 10940
4 5591 10941 10942 10943
4 8361 10934 10944 10945
4 10926 10944 10946 10947
4 10946 10948 10949 10950
4 8374 10939 10951 10952
4 5571 10936 10951 10953
4 5556 10941 10953 10954
4 5037 10955 10956 10957
4 1398 10958 10959 10960
4 3820 10958 10961 10962
4 3817 10959 10961 10963
4 10964 10965 10966 10967
4 8463 10964 10968 10969
4 5711 10955 10970 10971
4 1399 10960 10972 10973
4 2284 10972 10974 10975
4 10965 10976 10977 10978
4 10974 10979 10980 10981
4 5716 10966 10970 10982
4 8464 10968 10982 10983
4 10984 10985 10986 10987
4 8487 10984 10988 10989
4 8488 10988 10990 10991
4 8485 10985 10990 10992
4 9617 10993 10994 10995
4 9635 10993 10996 10997
4 9620 10994 10996 10998
4 1153 10999 11000 11001
4 6318 10992 11002 11003
4 6321 11002 11004 11005
4 10986 11006 11007 11008
4 5761 10999 11006 11009
4 11010 11011 11012 11013
4 11010 11014 11015 11016
4 1154 11000 11011 11014
4 9622 11012 11017 11018
4 9633 11015 11017 11019
4 9636 10997 11019 11020
4 5044 11021 11022 11023
4 8504 11021 11024 11025
4 8498 11022 11024 11026
4 4860 11027 11028 11029
4 11030 11031 11032 11033
4 4869 11030 11034 11035
4 8490 11036 11037 11038
4 11031 11039 11040 11041
4 4864 11027 11039 11042
4 4870 11034 11043 11044
4 8510 11032 11043 11045
4 8508 11036 11045 11046
4 11047 11048 11049 11050
4 11047 11051 11052 11053
4 4861 11028 11048 11051
4 5190 11049 11054 11055
4 3144 11052 11054 11056
4 8505 11025 11056 11057
4 11058 11059 11060 11061
4 8579 11058 11062 11063
4 11064 11065 11066 11067
4 8525 11064 11068 11069
4 11059 11070 11071 11072
4 8315 11070 11073 11074
4 8316 11073 11075 11076
4 8333 11071 11075 11077
4 7614 11078 11079 11080
4 8336 11077 11078 11081
4 8538 11082 11083 11084
4 11085 11086 11087 11088
4 5112 11085 11089 11090
4 4097 11091 11092 11093
4 4525 11094 11095 11096
4 7235 11094 11097 11098
4 7232 11095 11097 11099
4 7221 11082 11100 11101
4 5105 11086 11100 11102
4 5113 11089 11102 11103
4 11087 11104 11105 11106
4 4096 11091 11104 11107
4 7844 11108 11109 11110
4 4526 11096 11111 11112
4 7849 11108 11111 11113
4 11109 11114 11115 11116
4 11113 11114 11117 11118
4 4098 11092 11115 11117
4 8566 11119 11120 11121
4 10634 11119 11122 11123
4 10640 11122 11124 11125
4 8570 11120 11126 11127
4 11123 11128 11129 11130
4 10641 11124 11128 11131
4 7184 11132 11133 11134
4 7168 11132 11135 11136
4 7134 11133 11135 11137
4 2063 11138 11139 11140
4 11141 11142 11143 11144
4 11141 11145 11146 11147
4 2064 11138 11142 11145
4 7132 11146 11148 11149
4 7135 11137 11148 11150
4 616 11143 11149 11151
4 8609 11152 11153 11154
4 8612 11152 11155 11156
4 6059 11155 11157 11158
4 8614 11159 11160 11161
4 11157 11162 11163 11164
4 11156 11162 11165 11166
4 8615 11159 11163 11165
4 11167 11168 11169 11170
4 5291 11160 11167 11171
4 11168 11172 11173 11174
4 6148 11172 11175 11176
4 8355 11177 11178 11179
4 8610 11153 11177 11180
4 8618 11178 11180 11181
4 8765 11182 11183 11184
4 6162 11173 11185 11186
4 6149 11175 11185 11187
4 6165 11182 11186 11188
4 10862 11189 11190 11191
4 11192 11193 11194 11195
4 5237 11192 11196 11197
4 10863 11189 11198 11199
4 8625 11198 11200 11201
4 8627 11199 11200 11202
4 11193 11203 11204 11205
4 5244 11194 11206 11207
4 5238 11196 11206 11208
4 10231 11209 11210 11211
4 5241 11207 11209 11212
4 7928 11213 11214 11215
4 11213 11216 11217 11218
4 5324 11219 11220 11221
4 7515 11219 11222 11223
4 7509 11220 11222 11224
4 7517 11225 11226 11227
4 7510 11224 11225 11228
4 10319 11226 11229 11230
4 11227 11231 11232 11233
4 11229 11231 11234 11235
4 11232 11234 11236 11237
4 5319 11214 11238 11239
4 7894 11238 11240 11241
4 2728 11242 11243 11244
4 8720 11242 11245 11246
4 8724 11243 11245 11247
4 11248 11249 11250 11251
4 7683 11248 11252 11253
4 6794 11254 11255 11256
4 7679 11249 11257 11258
4 7684 11252 11257 11259
4 11250 11260 11261 11262
4 9984 11254 11260 11263
4 5347 11264 11265 11266
4 2753 11258 11264 11267
4 2729 11244 11268 11269
4 9573 11268 11270 11271
4 11270 11272 11273 11274
4 11272 11275 11276 11277
4 6795 11255 11273 11275
4 9585 11271 11276 11278
4 5212 11279 11280 11281
4 8756 11279 11282 11283
4 11282 11284 11285 11286
4 5213 11280 11284 11287
4 5344 11288 11289 11290
4 8750 11288 11291 11292
4 8753 11289 11291 11293
4 7190 11294 11295 11296
4 11285 11297 11298 11299
4 7194 11294 11297 11300
4 11301 11302 11303 11304
4 11301 11305 11306 11307
4 7191 11295 11302 11305
4 8751 11292 11308 11309
4 10155 11306 11308 11310
4 10159 11303 11310 11311
4 8757 11312 11313 11314
4 11315 11316 11317 11318
4 11283 11312 11315 11319
4 4901 11320 11321 11322
4 8594 11320 11323 11324
4 11323 11325 11326 11327
4 11325 11328 11329 11330
4 8758 11313 11326 11328
4 8602 11324 11329 11331
4 8329 11332 11333 11334
4 8323 11332 11335 11336
4 4902 11321 11333 11335
4 8387 11337 11338 11339
4 11340 11341 11342 11343
4 8754 11340 11344 11345
4 11346 11347 11348 11349
4 11316 11346 11350 11351
4 8378 11352 11353 11354
4 4929 11355 11356 11357
4 5266 11358 11359 11360
4 5267 11358 11361 11362
4 8349 11363 11364 11365
4 8606 11366 11367 11368
4 8607 11366 11369 11370
4 9945 11371 11372 11373
4 11371 11374 11375 11376
4 11377 11378 11379 11380
4 11341 11377 11381 11382
4 8762 11383 11384 11385
4 11361 11386 11387 11388
4 11374 11386 11389 11390
4 11362 11387 11391 11392
4 11389 11391 11393 11394
4 8770 11395 11396 11397
4 11393 11395 11398 11399
4 5393 11400 11401 11402
4 5218 11400 11403 11404
4 5220 11403 11405 11406
4 11405 11407 11408 11409
4 11410 11411 11412 11413
4 11410 11414 11415 11416
4 11411 11414 11417 11418
4 4411 11412 11419 11420
4 11415 11419 11421 11422
4 11421 11423 11424 11425
4 11426 11427 11428 11429
4 7742 11426 11430 11431
4 7759 11432 11433 11434
4 11432 11435 11436 11437
4 8781 11433 11435 11438
4 4379 11439 11440 11441
4 5415 11427 11442 11443
4 7743 11430 11442 11444
4 11428 11445 11446 11447
4 11448 11449 11450 11451
4 5410 11439 11443 11452
4 8832 11453 11454 11455
4 8833 11453 11456 11457
4 5385 11458 11459 11460
4 5363 11461 11462 11463
4 11445 11461 11464 11465
4 11448 11466 11467 11468
4 11462 11469 11470 11471
4 11464 11469 11472 11473
4 11449 11466 11470 11472
4 8363 11474 11475 11476
4 8899 11474 11477 11478
4 8902 11475 11477 11479
4 6070 11480 11481 11482
4 11483 11484 11485 11486
4 11483 11487 11488 11489
4 11484 11490 11491 11492
4 9433 11480 11490 11493
4 10937 11494 11495 11496
4 11497 11498 11499 11500
4 11497 11501 11502 11503
4 6071 11481 11498 11501
4 2799 11499 11504 11505
4 8364 11476 11504 11506
4 11502 11505 11507 11508
4 2834 11509 11510 11511
4 8911 11509 11512 11513
4 8920 11510 11512 11514
4 8946 11515 11516 11517
4 10922 11515 11518 11519
4 11520 11521 11522 11523
4 11520 11524 11525 11526
4 11521 11524 11527 11528
4 7275 11525 11529 11530
4 7270 11522 11529 11531
4 8921 11514 11531 11532
4 439 11533 11534 11535
4 8957 11533 11536 11537
4 4789 11534 11538 11539
4 11535 11540 11541 11542
4 11538 11540 11543 11544
4 2341 11541 11543 11545
4 2342 11545 11546 11547
4 11548 11549 11550 11551
4 6536 11546 11548 11552
4 11549 11553 11554 11555
4 5589 11553 11556 11557
4 5590 11556 11558 11559
4 8966 11554 11558 11560
4 8958 11536 11561 11562
4 8961 11560 11563 11564
4 8975 11563 11565 11566
4 11567 11568 11569 11570
4 11571 11572 11573 11574
4 6787 11571 11575 11576
4 11567 11577 11578 11579
4 9166 11580 11581 11582
4 9167 11580 11583 11584
4 11585 11586 11587 11588
4 9341 11585 11589 11590
4 9331 11586 11591 11592
4 9342 11589 11591 11593
4 10979 11594 11595 11596
4 4712 11597 11598 11599
4 10816 11597 11600 11601
4 10824 11598 11600 11602
4 4717 11592 11603 11604
4 11587 11605 11606 11607
4 10975 11594 11605 11608
4 8156 11603 11609 11610
4 4713 11599 11611 11612
4 6312 11611 11613 11614
4 11613 11615 11616 11617
4 11615 11618 11619 11620
4 10980 11595 11616 11618
4 10976 11614 11619 11621
4 6829 11622 11623 11624
4 6830 11622 11625 11626
4 6019 11627 11628 11629
4 3912 11630 11631 11632
4 9658 11630 11633 11634
4 11635 11636 11637 11638
4 11635 11639 11640 11641
4 3913 11631 11636 11639
4 9371 11642 11643 11644
4 11645 11646 11647 11648
4 9368 11642 11645 11649
4 7051 11650 11651 11652
4 7054 11650 11653 11654
4 7060 11651 11653 11655
4 7058 11656 11657 11658
4 7061 11655 11656 11659
4 11657 11660 11661 11662
4 11660 11663 11664 11665
4 9372 11643 11661 11663
4 9363 11658 11664 11666
4 11646 11667 11668 11669
4 11637 11667 11670 11671
4 11672 11673 11674 11675
4 11640 11670 11672 11676
4 11677 11678 11679 11680
4 9425 11677 11681 11682
4 11683 11684 11685 11686
4 7115 11683 11687 11688
4 9434 11689 11690 11691
4 11678 11692 11693 11694
4 9422 11692 11695 11696
4 9423 11695 11697 11698
4 6065 11693 11697 11699
4 11507 11700 11701 11702
4 6067 11699 11700 11703
4 11704 11705 11706 11707
4 11708 11709 11710 11711
4 9936 11704 11712 11713
4 11708 11714 11715 11716
4 11717 11718 11719 11720
4 10225 11717 11721 11722
4 10223 11721 11723 11724
4 10234 11723 11725 11726
4 11727 11728 11729 11730
4 11718 11731 11732 11733
4 11705 11731 11734 11735
4 8994 11736 11737 11738
4 2842 11739 11740 11741
4 6548 11739 11742 11743
4 6550 11740 11742 11744
4 11745 11746 11747 11748
4 9842 11745 11749 11750
4 11746 11751 11752 11753
4 8998 11736 11751 11754
4 10927 11755 11756 11757
4 11747 11758 11759 11760
4 9843 11749 11758 11761
4 6504 11762 11763 11764
4 2843 11741 11765 11766
4 5592 11762 11765 11767
4 11767 11768 11769 11770
4 11763 11768 11771 11772
4 8995 11737 11769 11771
4 11755 11759 11773 11774
4 11775 11776 11777 11778
4 3591 11779 11780 11781
4 11775 11779 11782 11783
4 3545 11784 11785 11786
4 9904 11784 11787 11788
4 9913 11785 11787 11789
4 11782 11790 11791 11792
4 3592 11780 11790 11793
4 3021 11794 11795 11796
4 11791 11797 11798 11799
4 3020 11794 11797 11800
4 11801 11802 11803 11804
4 11801 11805 11806 11807
4 3022 11795 11802 11805
4 6707 11806 11808 11809
4 9914 11789 11808 11810
4 6681 11803 11809 11811
4 11812 11813 11814 11815
4 1165 11812 11816 11817
4 11818 11819 11820 11821
4 6714 11822 11823 11824
4 11783 11822 11825 11826
4 11776 11823 11825 11827
4 1166 11816 11828 11829
4 3567 11813 11828 11830
4 11814 11831 11832 11833
4 11818 11831 11834 11835
4 3559 11836 11837 11838
4 3565 11830 11836 11839
4 75 11840 11841 11842
4 6717 11840 11843 11844
4 6715 11824 11843 11845
4 11846 11847 11848 11849
4 9927 11846 11850 11851
4 9932 11850 11852 11853
4 8987 11854 11855 11856
4 6539 11854 11857 11858
4 8979 11855 11857 11859
4 11847 11860 11861 11862
4 9398 11860 11863 11864
4 6540 11858 11865 11866
4 6542 11865 11867 11868
4 9929 11867 11869 11870
4 11868 11871 11872 11873
4 11869 11871 11874 11875
4 9933 11852 11872 11874
4 456 11876 11877 11878
4 8460 11861 11879 11880
4 9399 11863 11879 11881
4 8457 11876 11880 11882
4 11883 11884 11885 11886
4 11883 11887 11888 11889
4 7725 11890 11891 11892
4 4388 11893 11894 11895
4 10375 11893 11896 11897
4 10378 11894 11896 11898
4 11884 11899 11900 11901
4 9065 11890 11899 11902
4 7635 11903 11904 11905
4 4389 11895 11906 11907
4 4409 11906 11908 11909
4 11908 11910 11911 11912
4 11910 11913 11914 11915
4 7726 11891 11911 11913
4 10453 11909 11914 11916
4 11917 11918 11919 11920
4 11917 11921 11922 11923
4 10022 11918 11921 11924
4 11885 11919 11925 11926
4 11887 11925 11927 11928
4 11903 11922 11926 11929
4 10023 11924 11930 11931
4 6804 11932 11933 11934
4 9989 11932 11935 11936
4 11888 11927 11933 11935
4 9995 11937 11938 11939
4 11940 11941 11942 11943
4 10026 11940 11944 11945
4 10024 11941 11946 11947
4 10027 11944 11946 11948
4 11572 11949 11950 11951
4 11575 11949 11952 11953
4 11568 11950 11952 11954
4 6108 11955 11956 11957
4 11930 11947 11958 11959
4 11958 11960 11961 11962
4 11942 11963 11964 11965
4 1620 11955 11963 11966
4 9179 11967 11968 11969
4 11967 11970 11971 11972
4 11970 11973 11974 11975
4 6109 11956 11971 11973
4 11577 11968 11974 11976
4 11569 11954 11976 11977
4 10149 11978 11979 11980
4 11981 11982 11983 11984
4 7055 11978 11981 11985
4 11982 11986 11987 11988
4 4556 11986 11989 11990
4 11673 11991 11992 11993
4 11991 11994 11995 11996
4 11994 11997 11998 11999
4 10150 11979 11995 11997
4 11992 11998 12000 12001
4 12000 12002 12003 12004
4 10596 12005 12006 12007
4 4557 11989 12008 12009
4 7911 11987 12008 12010
4 10593 12005 12010 12011
4 12012 12013 12014 12015
4 12001 12012 12016 12017
4 12002 12016 12018 12019
4 12013 12020 12021 12022
4 4027 12020 12023 12024
4 7914 12025 12026 12027
4 10600 12025 12028 12029
4 10597 12026 12028 12030
4 7915 12027 12031 12032
4 7917 12031 12033 12034
4 10152 12033 12035 12036
4 12035 12037 12038 12039
4 12034 12037 12040 12041
4 12003 12018 12038 12040
4 4028 12023 12042 12043
4 2065 12021 12042 12044
4 11129 12045 12046 12047
4 11139 12044 12045 12048
4 10156 12049 12050 12051
4 12052 12053 12054 12055
4 8732 12052 12056 12057
4 11352 12058 12059 12060
4 8755 12061 12062 12063
4 11344 12061 12064 12065
4 11347 12062 12064 12066
4 12049 12067 12068 12069
4 12053 12067 12070 12071
4 8733 12056 12070 12072
4 12054 12073 12074 12075
4 8379 12058 12073 12076
4 11337 12077 12078 12079
4 11350 12077 12080 12081
4 11348 12066 12080 12082
4 12078 12083 12084 12085
4 12081 12083 12086 12087
4 11353 12059 12084 12086
4 5336 12088 12089 12090
4 5337 12088 12091 12092
4 12071 12091 12093 12094
4 12068 12092 12093 12095
4 7484 12096 12097 12098
4 12096 12099 12100 12101
4 1933 12102 12103 12104
4 7479 12097 12102 12105
4 8342 12106 12107 12108
4 7246 12106 12109 12110
4 7243 12107 12109 12111
4 8343 12108 12112 12113
4 11727 12114 12115 12116
4 12117 12118 12119 12120
4 10279 12117 12121 12122
4 10275 12121 12123 12124
4 12125 12126 12127 12128
4 12125 12129 12130 12131
4 10276 12123 12126 12129
4 4221 12127 12132 12133
4 4347 12130 12132 12134
4 4341 12134 12135 12136
4 5623 12137 12138 12139
4 5621 12137 12140 12141
4 4342 12135 12138 12140
4 12118 12142 12143 12144
4 10291 12142 12145 12146
4 7552 12147 12148 12149
4 10292 12145 12150 12151
4 4318 12143 12150 12152
4 7548 12147 12152 12153
4 12154 12155 12156 12157
4 10293 12154 12158 12159
4 7610 12160 12161 12162
4 10305 12160 12163 12164
4 10295 12161 12163 12165
4 7602 12166 12167 12168
4 10294 12158 12169 12170
4 10301 12155 12169 12171
4 10307 12172 12173 12174
4 12156 12175 12176 12177
4 4328 12166 12175 12178
4 10299 12171 12172 12179
4 12180 12181 12182 12183
4 12180 12184 12185 12186
4 7603 12167 12181 12184
4 7200 12182 12187 12188
4 7600 12185 12187 12189
4 10296 12165 12189 12190
4 12191 12192 12193 12194
4 10410 12191 12195 12196
4 10215 12197 12198 12199
4 10407 12195 12197 12200
4 12201 12202 12203 12204
4 10360 12201 12205 12206
4 12192 12207 12208 12209
4 10358 12207 12210 12211
4 9790 12212 12213 12214
4 10500 12212 12215 12216
4 10503 12213 12215 12217
4 11407 12218 12219 12220
4 12221 12222 12223 12224
4 11417 12221 12225 12226
4 9798 12227 12228 12229
4 12222 12230 12231 12232
4 11406 12218 12230 12233
4 11418 12225 12234 12235
4 9793 12223 12234 12236
4 9788 12227 12236 12237
4 12238 12239 12240 12241
4 12238 12242 12243 12244
4 11408 12219 12239 12242
4 2452 12240 12245 12246
4 6421 12243 12245 12247
4 9791 12214 12247 12248
4 10571 12249 12250 12251
4 8700 12252 12253 12254
4 10568 12249 12252 12255
4 11216 12256 12257 12258
4 12250 12259 12260 12261
4 12255 12259 12262 12263
4 11217 12256 12260 12262
4 12264 12265 12266 12267
4 11215 12257 12264 12268
4 5307 12269 12270 12271
4 8707 12269 12272 12273
4 8701 12253 12270 12272
4 12265 12274 12275 12276
4 11236 12274 12277 12278
4 10403 12279 12280 12281
4 10324 12275 12279 12282
4 11237 12277 12282 12283
4 10868 12284 12285 12286
4 12287 12288 12289 12290
4 10894 12284 12287 12291
4 10883 12285 12292 12293
4 10858 12294 12295 12296
4 10853 12294 12297 12298
4 10860 12295 12297 12299
4 10854 12298 12300 12301
4 12302 12303 12304 12305
4 12306 12307 12308 12309
4 12306 12310 12311 12312
4 12288 12307 12310 12313
4 12289 12313 12314 12315
4 12316 12317 12318 12319
4 12291 12314 12316 12320
4 10918 12321 12322 12323
4 10920 12321 12324 12325
4 12322 12324 12326 12327
4 12317 12328 12329 12330
4 12302 12328 12331 12332
4 8339 12333 12334 12335
4 12303 12331 12336 12337
4 12112 12329 12336 12338
4 8344 12333 12338 12339
4 8340 12340 12341 12342
4 10914 12340 12343 12344
4 5070 12341 12345 12346
4 12345 12347 12348 12349
4 12342 12347 12350 12351
4 4128 12348 12350 12352
4 4129 12352 12353 12354
4 12355 12356 12357 12358
4 9845 12353 12355 12359
4 8347 12360 12361 12362
4 10915 12343 12360 12363
4 10921 12361 12363 12364
4 12356 12365 12366 12367
4 12365 12368 12369 12370
4 12371 12372 12373 12374
4 10947 12371 12375 12376
4 10948 12375 12377 12378
4 11487 12379 12380 12381
4 12379 12382 12383 12384
4 12380 12382 12385 12386
4 11488 12381 12387 12388
4 11485 12387 12389 12390
4 12389 12391 12392 12393
4 12391 12394 12395 12396
4 10949 12377 12392 12394
4 11494 12390 12395 12397
4 12372 12398 12399 12400
4 8933 12398 12401 12402
4 8928 12401 12403 12404
4 6848 12403 12405 12406
4 12407 12408 12409 12410
4 11190 12407 12411 12412
4 10864 12411 12413 12414
4 8266 12415 12416 12417
4 10886 12415 12418 12419
4 10861 12416 12418 12420
4 12421 12422 12423 12424
4 12421 12425 12426 12427
4 12422 12425 12428 12429
4 10884 12426 12430 12431
4 10887 12419 12430 12432
4 10889 12423 12431 12433
4 11359 12434 12435 12436
4 11423 12437 12438 12439
4 5394 12440 12441 12442
4 5398 12440 12443 12444
4 5389 12441 12443 12445
4 12446 12447 12448 12449
4 5361 12446 12450 12451
4 5268 12434 12447 12452
4 5362 12450 12452 12453
4 12448 12454 12455 12456
4 11422 12437 12454 12457
4 12458 12459 12460 12461
4 12458 12462 12463 12464
4 11424 12438 12459 12462
4 8778 12463 12465 12466
4 5390 12445 12467 12468
4 8786 12460 12465 12467
4 11383 12469 12470 12471
4 12472 12473 12474 12475
4 8763 12469 12472 12476
4 12473 12477 12478 12479
4 9975 12477 12480 12481
4 9946 12482 12483 12484
4 11372 12482 12485 12486
4 11378 12483 12485 12487
4 11355 12488 12489 12490
4 12488 12491 12492 12493
4 12491 12494 12495 12496
4 11384 12470 12492 12494
4 11381 12489 12495 12497
4 11379 12487 12497 12498
4 9976 12480 12499 12500
4 9973 12478 12499 12501
4 9957 12502 12503 12504
4 9949 12501 12502 12505
4 11454 12506 12507 12508
4 5367 12509 12510 12511
4 11456 12506 12509 12512
4 12512 12513 12514 12515
4 5368 12510 12513 12516
4 5364 12517 12518 12519
4 11463 12517 12520 12521
4 11458 12518 12520 12522
4 5432 12523 12524 12525
4 12514 12526 12527 12528
4 5431 12523 12526 12529
4 12530 12531 12532 12533
4 12530 12534 12535 12536
4 5433 12524 12531 12534
4 5386 12532 12537 12538
4 11459 12522 12537 12539
4 10890 12535 12538 12540
4 12541 12542 12543 12544
4 1539 12541 12545 12546
4 1554 12547 12548 12549
4 453 12550 12551 12552
4 8988 12550 12553 12554
4 8985 12551 12553 12555
4 5537 12545 12556 12557
4 6543 12556 12558 12559
4 12542 12560 12561 12562
4 1558 12547 12560 12563
4 449 12564 12565 12566
4 12564 12567 12568 12569
4 12567 12570 12571 12572
4 1555 12548 12568 12570
4 457 12565 12571 12573
4 454 12552 12573 12574
4 12575 12576 12577 12578
4 11561 12575 12579 12580
4 8970 12576 12581 12582
4 11562 12579 12581 12583
4 540 12584 12585 12586
4 6654 12587 12588 12589
4 12543 12587 12590 12591
4 12546 12588 12590 12592
4 8973 12582 12593 12594
4 12577 12595 12596 12597
4 818 12584 12595 12598
4 5547 12593 12599 12600
4 6655 12589 12601 12602
4 6652 12601 12603 12604
4 12605 12606 12607 12608
4 12603 12605 12609 12610
4 541 12585 12606 12609
4 9863 12604 12607 12611
4 11623 12612 12613 12614
4 9360 12615 12616 12617
4 11625 12612 12615 12618
4 11633 12613 12619 12620
4 12618 12621 12622 12623
4 9361 12616 12621 12624
4 9344 12625 12626 12627
4 11627 12628 12629 12630
4 11668 12628 12631 12632
4 11671 12629 12631 12633
4 12622 12634 12635 12636
4 9348 12625 12634 12637
4 12638 12639 12640 12641
4 12638 12642 12643 12644
4 9345 12626 12639 12642
4 6020 12643 12645 12646
4 11628 12630 12645 12647
4 6015 12640 12646 12648
4 9426 12649 12650 12651
4 11684 12649 12652 12653
4 11681 12650 12652 12654
4 12655 12656 12657 12658
4 9447 12655 12659 12660
4 11689 12661 12662 12663
4 5229 12664 12665 12666
4 3726 12656 12667 12668
4 9448 12659 12667 12669
4 12657 12670 12671 12672
4 9435 12661 12670 12673
4 5223 12664 12668 12674
4 7124 12675 12676 12677
4 12675 12678 12679 12680
4 12678 12681 12682 12683
4 11690 12662 12679 12681
4 11685 12653 12684 12685
4 11687 12676 12682 12684
4 12383 12686 12687 12688
4 9450 12689 12690 12691
4 12385 12686 12689 12692
4 11709 12687 12693 12694
4 12692 12695 12696 12697
4 9451 12690 12695 12698
4 11706 12699 12700 12701
4 11734 12699 12702 12703
4 11728 12700 12702 12704
4 12696 12705 12706 12707
4 12708 12709 12710 12711
4 11729 12704 12712 12713
4 12114 12708 12712 12714
4 12715 12716 12717 12718
4 9431 12715 12719 12720
4 9452 12721 12722 12723
4 9458 12724 12725 12726
4 11722 12724 12727 12728
4 11719 12725 12727 12729
4 1216 12716 12730 12731
4 9432 12719 12730 12732
4 12717 12733 12734 12735
4 6085 12721 12733 12736
4 5293 12737 12738 12739
4 2991 12731 12737 12740
4 6078 12741 12742 12743
4 9456 12741 12744 12745
4 9459 12726 12744 12746
4 12742 12747 12748 12749
4 12745 12747 12750 12751
4 9453 12722 12748 12750
4 11777 12752 12753 12754
4 1394 12755 12756 12757
4 12758 12759 12760 12761
4 1713 12758 12762 12763
4 11841 12764 12765 12766
4 11819 12764 12767 12768
4 11844 12765 12767 12769
4 9906 12752 12770 12771
4 12759 12772 12773 12774
4 1393 12755 12772 12775
4 1714 12762 12776 12777
4 6711 12760 12770 12776
4 12778 12779 12780 12781
4 12778 12782 12783 12784
4 1395 12756 12779 12782
4 11834 12783 12785 12786
4 11820 12768 12785 12787
4 2860 12780 12786 12788
4 10797 12789 12790 12791
4 11960 12792 12793 12794
4 12792 12795 12796 12797
4 12798 12799 12800 12801
4 11573 12798 12802 12803
4 12799 12804 12805 12806
4 9985 12804 12807 12808
4 7659 12805 12809 12810
4 9986 12807 12809 12811
4 7672 12812 12813 12814
4 7676 12810 12812 12815
4 10178 12816 12817 12818
4 12819 12820 12821 12822
4 10184 12823 12824 12825
4 12823 12826 12827 12828
4 10163 12829 12830 12831
4 10170 12829 12832 12833
4 10179 12816 12830 12832
4 10208 12824 12834 12835
4 10198 12834 12836 12837
4 8580 12838 12839 12840
4 11062 12838 12841 12842
4 11065 12839 12841 12843
4 12099 12844 12845 12846
4 12847 12848 12849 12850
4 12819 12847 12851 12852
4 8582 12853 12854 12855
4 12848 12856 12857 12858
4 12098 12844 12856 12859
4 12820 12851 12860 12861
4 12817 12849 12860 12862
4 10180 12853 12862 12863
4 7606 12864 12865 12866
4 12864 12867 12868 12869
4 12867 12870 12871 12872
4 12100 12845 12868 12870
4 11068 12865 12871 12873
4 11066 12843 12873 12874
4 12115 12875 12876 12877
4 9495 12875 12878 12879
4 9472 12880 12881 12882
4 9492 12878 12880 12883
4 12883 12884 12885 12886
4 9473 12881 12884 12887
4 9923 12888 12889 12890
4 11712 12891 12892 12893
4 11714 12891 12894 12895
4 11707 12892 12894 12896
4 12885 12897 12898 12899
4 9928 12888 12897 12900
4 12901 12902 12903 12904
4 12901 12905 12906 12907
4 9924 12889 12902 12905
4 11710 12906 12908 12909
4 11715 12895 12908 12910
4 6555 12903 12909 12911
4 8626 12912 12913 12914
4 10235 12912 12915 12916
4 10228 12913 12915 12917
4 12709 12918 12919 12920
4 12921 12922 12923 12924
4 12304 12921 12925 12926
4 12413 12927 12928 12929
4 12922 12930 12931 12932
4 12714 12918 12930 12933
4 12305 12925 12934 12935
4 12300 12923 12934 12936
4 10855 12927 12936 12937
4 10229 12917 12938 12939
4 10232 12938 12940 12941
4 12705 12940 12942 12943
4 12941 12944 12945 12946
4 12942 12944 12947 12948
4 12710 12919 12945 12947
4 12280 12949 12950 12951
4 10443 12949 12952 12953
4 10419 12954 12955 12956
4 10440 12952 12954 12957
4 12957 12958 12959 12960
4 10420 12955 12958 12961
4 5350 12962 12963 12964
4 10399 12965 12966 12967
4 12193 12965 12968 12969
4 12196 12966 12968 12970
4 12959 12971 12972 12973
4 7703 12962 12971 12974
4 12975 12976 12977 12978
4 12975 12979 12980 12981
4 5351 12963 12976 12979
4 9075 12977 12982 12983
4 9083 12980 12982 12984
4 10400 12967 12984 12985
4 12986 12987 12988 12989
4 12368 12990 12991 12992
4 12366 12990 12993 12994
4 12993 12995 12996 12997
4 11760 12998 12999 13000
4 11773 12998 13001 13002
4 12369 12991 12999 13001
4 12986 13003 13004 13005
4 11527 13003 13006 13007
4 5603 13008 13009 13010
4 1959 13004 13011 13012
4 11528 13006 13011 13013
4 4132 13008 13012 13014
4 13015 13016 13017 13018
4 12326 13015 13019 13020
4 12995 13021 13022 13023
4 10923 13024 13025 13026
4 12402 13024 13027 13028
4 12399 13025 13027 13029
4 12311 13016 13030 13031
4 12327 13019 13030 13032
4 13017 13033 13034 13035
4 12994 13021 13033 13036
4 10903 13037 13038 13039
4 12308 13031 13037 13040
4 10924 13026 13041 13042
4 11518 13041 13043 13044
4 12987 13043 13045 13046
4 13044 13047 13048 13049
4 13045 13047 13050 13051
4 12996 13022 13048 13050
4 12435 13052 13053 13054
4 11367 13052 13055 13056
4 12428 13057 13058 13059
4 11369 13055 13057 13060
4 13060 13061 13062 13063
4 12429 13058 13061 13064
4 11398 13065 13066 13067
4 11363 13065 13068 13069
4 11394 13066 13068 13070
4 12408 13071 13072 13073
4 13062 13074 13075 13076
4 12412 13071 13074 13077
4 13078 13079 13080 13081
4 13078 13082 13083 13084
4 12409 13072 13079 13082
4 8350 13080 13085 13086
4 11364 13069 13085 13087
4 11203 13083 13086 13088
4 12507 13089 13090 13091
4 7086 13092 13093 13094
4 8823 13092 13095 13096
4 8824 13093 13095 13097
4 7771 13098 13099 13100
4 13101 13102 13103 13104
4 11436 13101 13105 13106
4 11467 13089 13107 13108
4 13102 13109 13110 13111
4 7770 13098 13109 13112
4 11437 13105 13113 13114
4 11450 13103 13107 13113
4 13115 13116 13117 13118
4 13115 13119 13120 13121
4 7772 13099 13116 13119
4 8797 13117 13122 13123
4 8802 13120 13122 13124
4 8825 13097 13124 13125
4 11574 13126 13127 13128
4 12802 13126 13129 13130
4 12795 13127 13129 13131
4 13132 13133 13134 13135
4 10750 13132 13136 13137
4 12789 13138 13139 13140
4 10751 13136 13141 13142
4 11583 13133 13141 13143
4 11578 13144 13145 13146
4 13134 13147 13148 13149
4 10798 13138 13147 13150
4 11581 13143 13144 13151
4 11937 13152 13153 13154
4 13152 13155 13156 13157
4 13155 13158 13159 13160
4 12790 13139 13156 13158
4 12793 13153 13159 13161
4 12796 13131 13161 13162
4 13163 13164 13165 13166
4 12821 13163 13167 13168
4 12089 13164 13169 13170
4 12822 13167 13169 13171
4 5338 13170 13172 13173
4 10359 13174 13175 13176
4 12202 13174 13177 13178
4 12210 13175 13177 13179
4 12826 13180 13181 13182
4 8729 13172 13183 13184
4 13165 13185 13186 13187
4 12825 13180 13185 13188
4 7525 13189 13190 13191
4 13189 13192 13193 13194
4 13192 13195 13196 13197
4 12827 13181 13193 13195
4 12203 13178 13198 13199
4 12205 13190 13196 13198
7 7 305 901 1482 1486 3501 13200
7 99 100 105 372 3749 6929 13201
7 142 144 147 279 609 2425 13202
7 11 687 2668 4647 4652 10704 13203
7 225 766 770 999 2532 2553 13204
7 503 507 745 750 755 4964 13205
7 2180 2186 4523 7837 7886 7890 13206
7 763 767 783 792 1070 1081 13207
7 436 440 8971 11542 12578 12596 13208
7 301 308 866 867 6621 6633 13209
7 585 886 890 891 2351 2358 13210
7 150 163 858 930 933 941 13211
7 255 402 409 413 1027 1122 13212
7 95 108 450 1044 1045 2605 13213
7 1051 1105 1108 1256 2649 2654 13214
7 155 291 309 1158 7811 7816 13215
7 1113 1117 1242 1244 1250 1259 13216
7 1232 1310 1326 1334 3049 3062 13217
7 688 690 698 1446 5788 5794 13218
7 410 1449 1455 1462 2592 2607 13219
7 204 426 437 1474 1493 1759 13220
7 728 841 844 876 1498 1500 13221
7 1220 1235 1239 1504 1513 1704 13222
7 646 653 656 3571 3583 3650 13223
7 1540 6653 6664 12544 12561 12610 13224
7 1584 1644 1649 1651 7783 7792 13225
7 1680 1685 1687 3705 3710 6193 13226
7 661 3658 3675 5947 5955 8872 13227
7 80 187 492 495 1729 1733 13228
7 389 694 700 1730 1735 1739 13229
7 13213 13224 13230 13231 13232 13233 13234
7 535 538 1041 1046 1742 6280 13230
7 431 434 1491 1768 3513 3529 13235
7 13227 13236 13237 13238 13239 13240 13241
12 925 1779 1785 2825 3535 6027 6965 7098 8870 8890 13236 13242
7 571 1820 1823 3882 3892 6030 13243
7 504 1891 1901 4033 4041 7047 13244
7 836 838 1966 1994 3364 3375 13245
7 746 1092 1974 1976 1984 1992 13246
7 2018 2050 2052 2060 2062 4190 13247
7 368 623 625 2099 2136 2149 13248
7 668 671 2116 2117 4474 4478 13249
7 1593 1596 1633 2121 2125 2128 13250
7 191 197 264 2154 2157 2159 13251
7 251 1096 2009 2013 2188 5093 13252
7 2193 2194 4833 4838 4990 8427 13253
7 26 30 287 1274 2201 2207 13254
7 1379 2208 2210 3258 5026 5031 13255
7 1269 1407 2278 2283 5830 5843 13256
7 982 2279 2285 3818 3836 10981 13257
7 265 809 815 2308 2310 10581 13258
12 158 650 721 2353 2371 2967 3304 4514 4825 6003 13259 13260
7 1937 2036 2399 2401 2408 2415 13261
7 272 274 1144 2434 2762 2774 13262
12 126 595 2471 2481 3963 4024 6996 7285 10509 11144 13263 13264
7 1305 1315 2505 2508 2511 3165 13265
7 1169 1176 1181 2547 2550 2556 13266
7 971 974 2554 2555 2559 2562 13267
7 89 101 1017 1021 2581 2588 13268
7 1012 2582 2596 2598 3416 3437 13269
7 2181 2183 2675 8104 10678 10696 13270
7 2103 2474 2479 2766 2769 2771 13271
7 275 592 2832 5468 5516 5526 13272
7 2800 2837 8369 8878 8900 11500 13273
7 23 422 432 2838 2840 3614 13274
7 742 2328 2330 2855 5648 5667 13275
7 461 478 2864 3068 5694 5699 13276
7 1603 1608 1611 2865 2867 9162 13277
7 1352 2896 2898 2902 3175 3191 13278
7 919 2369 2921 2923 2937 9120 13279
7 13209 13215 13259 13279 13280 13281 13282
7 1208 3075 3090 3121 6079 6095 13283
7 13222 13283 13284 13285 13286 13287 13288
7 1217 1221 2997 9421 12718 12734 13284
7 1798 3011 3014 3017 3023 3538 13237
7 1316 1318 1329 3026 3030 3032 13289
7 1211 1212 1708 3040 3041 3046 13290
7 1671 1673 1694 1696 3042 3053 13291
7 1507 1514 3091 3093 3095 3204 13285
7 3108 3110 4999 5004 6209 9564 13292
7 3087 3100 3125 3127 9502 9507 13293
7 1293 1300 3085 3088 3148 3155 13294
7 3145 3156 5045 5054 8503 11053 13295
7 1322 1327 3192 3193 3196 3198 13296
7 47 50 3212 3220 3223 6750 13297
7 1125 2204 3249 3250 3260 3262 13298
12 15 1382 1386 2514 2520 2565 3269 4658 7975 9156 13299 13300
12 2585 2594 2622 2640 3325 3335 3339 6502 6932 12569 13301 13302
7 81 122 1990 3379 3382 3384 13303
7 398 514 518 3400 3411 3810 13304
7 2253 2268 3272 3426 3434 4661 13305
7 3237 3251 3268 3421 3423 3435 13306
7 3313 3319 3452 3456 3473 3479 13307
7 1467 2650 2651 3457 3465 3466 13308
12 238 1054 1061 1921 3352 3356 3446 3475 6593 12128 13309 13310
7 1155 3568 5753 5763 11815 11832 13311
7 1190 1519 3601 3609 6770 6775 13312
7 482 3589 3641 3643 3652 3654 13313
7 3673 3676 3678 4046 4062 7096 13238
12 1617 1625 1654 1720 3698 3701 3708 4358 8691 13118 13314 13315
7 1628 3642 3711 3712 3714 3718 13316
7 2758 5245 5373 5378 11195 11204 13317
7 2932 3759 3765 6644 9874 9886 13318
7 3404 3410 3412 3766 3768 6304 13319
7 3492 3771 3774 3776 3780 6675 13320
7 13203 13218 13321 13322 13323 13324 13325
7 230 510 3801 3803 3813 3814 13326
7 3244 3246 3793 3802 3823 3831 13327
7 1772 1776 1789 1795 3841 4009 13328
7 931 1755 1764 3842 3844 3848 13329
7 1864 1877 3857 3859 3872 3873 13330
7 589 1816 3879 3883 3885 6968 13331
7 1833 3909 3914 4026 9663 9676 13332
7 3903 3908 3910 3966 5447 5456 13333
7 561 575 579 3945 3957 3958 13334
7 13235 13273 13274 13335 13336 13337 13338
7 3530 3531 3540 3543 3990 3996 13335
7 572 3863 3999 4001 4005 4013 13339
7 2066 2072 4020 4029 12014 12022 13340
7 112 2979 2981 4037 6001 9373 13341
7 927 3012 4063 4065 4067 7110 13239
7 137 145 960 4089 7129 7139 13342
7 550 1848 1995 1996 4147 4160 13343
7 3936 4148 4150 6974 6985 7320 13344
7 2684 2687 2689 4217 4220 4222 13345
7 4201 4247 4249 7267 8641 8648 13346
7 709 4268 4271 4631 8081 8095 13347
7 2394 2400 4292 4295 4296 8020 13348
7 2042 4077 4310 4313 4315 7572 13349
7 3 167 172 2094 4364 4457 13350
7 4394 4410 4412 10376 10380 11912 13351
12 1426 3682 4418 4428 4435 4443 4446 5420 6450 9356 13352 13353
7 1638 1650 4479 4480 4486 4496 13354
7 6439 6444 7948 8705 8711 10604 13355
7 1280 2523 2525 4577 8026 8047 13356
7 2221 4281 4613 4615 4625 4627 13357
7 3321 4209 4619 4621 4635 6595 13358
7 2266 3322 3443 4644 6467 6484 13359
7 978 3275 4648 4649 4663 4665 13321
7 2144 2158 4693 4695 4698 4706 13360
7 2276 2538 2548 4741 4747 8225 13361
7 3834 3837 3839 4734 4745 9158 13362
7 1609 4492 4762 4764 4781 4782 13363
7 546 3854 3858 4788 4790 4794 13364
7 828 4807 4809 4811 6877 6886 13365
7 2375 2383 4816 4822 4834 4835 13366
7 366 3298 4840 6418 7024 7036 13367
7 4851 4855 4862 5199 8233 8246 13368
7 210 2421 2430 4873 4876 4879 13369
7 2499 4915 4922 4923 5182 5186 13370
7 13206 13270 13371 13372 13373 13374 13375
7 1002 1004 2945 4933 4951 4957 13371
7 881 887 4953 4955 4966 4968 13376
12 712 1884 1899 2956 4830 4973 4976 4987 6415 7905 13377 13378
7 2600 2608 2614 2619 4994 5002 13379
12 228 521 525 532 1459 3234 3240 5018 5033 5738 13380 13381
7 5009 5013 5027 5028 5040 5052 13382
12 386 1987 2671 4937 4943 4949 5082 5086 6493 7839 13372 13383
7 701 704 3361 5075 5076 6490 13384
7 13228 13229 13303 13383 13384 13385 13386
7 1058 1102 3372 3380 5077 5083 13385
7 13298 13299 13305 13306 13387 13388 13389
7 2205 2700 2703 5120 5132 7978 13387
12 416 1253 1469 3418 3430 3433 4207 5127 5130 5137 13388 13390
7 2269 2270 2521 5121 5139 5141 13389
12 2412 2495 4911 5157 5168 7265 7433 7497 8293 8741 13391 13392
7 2710 5152 5160 5162 6233 6243 13393
7 2713 3159 3167 5191 5195 5203 13394
7 5232 5248 5250 6179 6184 8694 13395
7 2719 2722 5264 5271 5275 8816 13396
7 3033 5297 5301 6163 11169 11174 13397
7 5314 5315 7727 9041 9063 10479 13398
7 13275 13399 13400 13401 13402 13403 13404
12 787 985 991 2570 2577 2942 5320 5330 7511 8101 13373 13399
7 5416 6940 6957 7750 11429 11446 13405
7 1807 2819 2821 5472 5475 5483 13406
7 13242 13243 13331 13339 13407 13408 13409
7 1817 2803 2828 5479 5494 5510 13407
7 4002 5492 5495 5498 5506 8892 13408
12 557 565 3866 3976 5448 5451 5501 5521 5528 8917 13409 13410
7 1147 2835 7271 7279 8919 11523 13411
7 2814 5517 5519 5535 8938 8942 13412
12 41 446 455 1039 2617 5538 6541 6756 8458 9567 13231 13413
7 1878 3984 3985 5580 5583 5584 13414
7 3459 5612 6560 6578 9005 9025 13415
7 4345 4348 5619 5624 5625 12131 13416
7 4674 4676 5643 5652 5658 5660 13417
7 789 5665 5668 5669 10320 10328 13400
12 1225 1229 1662 3082 3279 3286 5691 5701 5873 6328 13418 13419
7 13217 13278 13296 13418 13420 13421 13422
7 1151 1347 2888 2897 5706 5875 13420
7 2876 3063 3064 5703 5707 5708 13421
12 353 1376 1400 1403 2891 2894 5712 5720 5726 9290 13423 13424
12 894 904 908 1160 2928 2935 5749 5755 5758 9118 13280 13425
7 4503 4507 5764 5765 5768 5771 13426
7 2959 4947 4954 5778 5781 5784 13427
7 3786 5795 5796 5800 9125 9145 13322
7 4567 5819 5821 5823 7955 7969 13428
7 336 340 342 1359 5857 5861 13429
7 2905 5688 5866 5870 9325 9334 13430
7 13211 13328 13329 13431 13432 13433 13434
7 1185 1773 1782 2973 5879 5968 13431
7 151 2969 5880 5883 5886 5923 13432
12 207 293 861 898 3515 3518 3521 5891 5893 5970 13433 13435
7 3572 3577 5897 5899 5903 5913 13436
7 1799 5909 5956 5957 5964 5972 13240
7 576 1842 1851 5988 9364 9381 13437
12 3851 3855 4011 5925 5983 5986 5996 6006 6012 12641 13434 13438
7 13334 13437 13438 13439 13440 13441 13442
7 568 3901 3952 3959 6008 6022 13439
7 6021 6023 11638 11647 11669 12644 13440
7 5942 5960 6014 6016 6032 6034 13443
12 328 1303 1312 2989 2992 3118 3202 6040 6050 9460 13286 13444
7 13265 13289 13397 13444 13445 13446 13447
7 2509 5287 6055 6060 6063 8661 13445
7 13292 13413 13448 13449 13450 13451 13452
7 6089 6734 6739 6759 9919 9930 13448
7 1615 2720 2726 6110 6143 6157 13453
12 19 1129 3037 3162 6115 6166 6219 8611 8658 8774 13446 13454
7 1204 1213 3132 6152 8676 8680 13455
12 1196 1567 1573 3050 3057 3060 6139 6145 6151 11972 13456 13457
12 1709 1712 3000 3130 3135 6169 6175 6182 6355 9910 13458 13459
7 465 1656 1672 1676 6172 6188 13460
7 13290 13291 13455 13456 13458 13460 13461
7 4052 4060 6185 6186 6199 6200 13462
7 1026 1028 2630 6213 9544 9557 13463
7 13212 13219 13379 13380 13463 13464 13465
7 347 2714 6216 6229 9192 9196 13466
7 45 48 234 1032 6263 6268 13467
7 5023 5728 5730 6256 6258 6269 13468
7 3171 3772 6296 6307 8473 8482 13469
7 2918 5776 6291 6293 6310 6314 13470
7 58 1518 1520 6340 6341 6698 13471
7 65 3225 3228 6331 6342 9655 13472
7 1699 3555 6345 6347 6349 6358 13473
7 636 1416 1418 6367 6369 6371 13474
12 170 681 1640 2084 3632 3638 3721 6374 6382 9692 13475 13476
7 13225 13249 13354 13475 13477 13478 13479
7 672 678 2162 6376 9759 9777 13477
7 2376 4516 6387 7808 10531 10535 13480
7 626 1429 3291 6362 6389 6395 13481
7 957 2475 2476 6428 6430 6431 13482
7 6422 6434 9803 10496 10501 12244 13483
7 630 4421 6445 6446 6457 6460 13484
7 13201 13268 13269 13301 13485 13486 13487
7 373 3341 3345 3354 6462 6474 13485
12 180 696 1009 3751 3783 3789 3795 6469 6472 6478 13323 13486
7 3329 3438 3439 6463 6480 6482 13487
7 380 1561 6509 6512 6514 9036 13488
7 3393 6510 6529 6532 6534 9818 13489
7 2643 6561 6563 6568 8438 8451 13490
7 2019 2636 4130 6575 9835 9848 13491
7 2705 4609 4614 5125 6600 6610 13492
7 1494 1495 3489 6614 6617 6631 13493
7 719 2938 6634 6635 6638 6646 13281
12 1478 3483 3488 3610 5542 6649 6656 6662 6695 8974 13494 13495
7 448 1743 6665 6666 6669 6671 13232
12 320 1188 3004 4057 6068 6685 6688 11503 11804 12680 13336 13496
7 1523 1534 3550 6357 6691 6704 13497
7 13459 13496 13497 13498 13499 13500 13501
7 1487 3526 6680 6682 6701 6702 13502
7 3007 3546 6705 6708 9912 11807 13498
7 13419 13473 13503 13504 13505 13506 13507
7 1665 1716 3556 6712 12761 12773 13503
7 1544 1548 3208 3226 6720 6729 13508
7 13312 13471 13472 13494 13508 13509 13510
12 1511 3595 3599 6334 6339 6724 6730 6737 9419 9653 13287 13509
7 3111 6100 6740 6741 6743 6747 13449
7 5545 6721 6762 6765 6771 6772 13510
7 3619 3623 6104 6120 6788 6792 13511
7 6224 6244 6245 6796 9966 9979 13512
7 2080 2090 2129 6801 10010 10019 13513
7 3629 3663 3723 6838 6842 6843 13514
7 1727 2820 6852 6854 6857 6867 13515
7 13488 13489 13516 13517 13518 13519 13520
7 542 821 6870 6906 6923 9897 13516
12 377 3359 3368 3377 3395 3736 3744 6879 6882 9899 13386 13517
7 2343 6525 6530 6871 6873 6884 13518
7 870 1501 6887 6888 6891 6897 13521
12 91 3755 3763 3807 6278 6302 6909 6912 6918 12608 13233 13522
7 13304 13318 13319 13522 13523 13524 13525
7 399 500 3742 3746 6914 6920 13523
7 1556 1562 6924 6925 6935 6936 13519
7 13263 13332 13333 13526 13527 13528 13529
7 5457 5458 5462 5470 6949 6954 13526
7 1802 5405 6958 6959 6962 6970 13530
7 1148 3922 3925 3979 6978 6983 13531
7 1837 2073 7004 7006 7334 7344 13532
7 5110 6992 7010 7012 7368 7374 13533
7 2364 2366 4038 4039 7014 7031 13534
7 4827 6409 6411 7015 7017 7034 13535
7 4550 4555 7037 7038 7042 7044 13536
12 553 1881 3918 3942 3951 3955 7062 7065 11641 11996 13441 13537
7 13340 13532 13537 13538 13539 13540 13541
7 4099 4165 4167 7067 10142 10153 13538
7 3696 4050 4053 6834 7072 7083 13542
7 13314 13395 13462 13542 13543 13544 13545
7 7084 7087 8803 8805 8831 13121 13543
7 1803 1811 7079 7081 7091 7093 13546
7 599 3008 7103 7105 7116 7118 13499
12 5224 5227 5370 5380 7073 7076 7113 7123 8829 11686 13544 13547
7 13406 13515 13547 13548 13549 13550 13551
7 316 2794 5473 5486 7121 7125 13548
7 2069 6999 7152 7171 10111 10115 13552
7 13202 13264 13342 13552 13553 13554 13555
7 7130 7133 7169 7172 7185 11147 13553
7 2685 7198 7201 7205 7227 8559 13556
12 707 1064 2177 4519 4527 5090 5335 7211 7216 7222 13557 13558
7 13347 13557 13559 13560 13561 13562 13563
7 7213 7504 7513 8535 8550 10219 13559
7 4256 4261 7254 7256 7259 7261 13564
7 606 1950 2785 2788 7276 10134 13565
7 5437 5531 7280 7281 7294 7295 13566
7 607 950 2440 4883 7297 7303 13567
7 4178 7309 7311 7314 8279 8285 13568
7 1913 4166 7328 7331 7335 7336 13539
7 13410 13411 13531 13566 13569 13570 13571
7 1866 3940 6979 6980 7340 7348 13569
7 5438 5440 5443 7349 7351 7353 13570
12 1968 1971 2011 4153 4159 4170 7323 7361 7376 7381 13572 13573
7 1066 2014 2015 2679 7379 7386 13574
7 13252 13558 13572 13574 13575 13576 13577
7 5106 7383 7387 7388 11088 11105 13575
7 2659 2662 2664 7419 10254 10259 13578
7 4282 4303 7471 7473 7476 7536 13579
7 758 5333 7514 7516 7518 11233 13560
7 4265 7208 7458 7465 7521 7526 13580
7 2235 2739 7530 7540 10347 10361 13581
12 2681 4324 4339 4343 5115 7181 7229 7546 7549 7555 13582 13583
12 2427 2443 2791 4070 7156 7159 7165 7576 7582 8590 13554 13584
7 5210 7143 7584 7586 7596 7598 13585
7 4085 4311 4322 7604 8520 8526 13586
7 7459 7601 7607 7611 10317 12186 13587
7 1942 7490 7492 7620 7622 7623 13588
7 5269 7629 7638 7640 12449 12455 13589
7 13251 13258 13360 13590 13591 13592 13593
7 2311 2315 2850 4669 7650 7655 13590
7 4680 4694 7654 7656 8129 10741 13591
7 2742 2747 7687 7693 7696 10396 13594
7 262 4422 4423 7720 10458 10470 13595
7 2483 6955 7738 7740 7752 7754 13527
7 4448 4450 4452 4462 7764 7766 13596
7 1723 2086 6839 7767 7773 7774 13597
7 2298 4501 4504 7776 7790 8150 13598
7 13311 13426 13598 13599 13600 13601 13602
7 76 200 2301 7777 7779 7787 13599
7 2911 2924 7796 7800 7812 7813 13282
7 5895 5898 5933 7821 7823 7824 13603
7 1089 2189 7832 7834 7845 7847 13576
7 4116 7233 7239 7850 7851 11118 13604
12 734 1444 2534 2541 2545 3828 7857 7863 8190 10707 13324 13605
7 4748 4751 7867 7868 8192 10848 13606
7 4934 4939 7891 7892 7901 7908 13374
7 1419 1422 4548 7912 11983 11988 13607
7 2574 4541 4551 7907 7921 7926 13608
7 13367 13377 13536 13608 13609 13610 13611
7 4971 7927 7931 7935 8407 8421 13609
7 1118 4570 5148 7965 7995 8008 13612
7 13216 13368 13612 13613 13614 13615 13616
7 1267 2526 7956 7958 7980 7982 13617
12 2214 2696 4563 4575 4580 4590 7533 7991 7997 8000 13618 13619
7 13357 13492 13579 13618 13620 13621 13622
7 4233 4286 7462 7474 7988 8002 13620
7 6608 6611 6612 8003 8006 8011 13621
7 4852 7985 8009 8010 8013 8017 13613
12 996 2288 2292 5650 5656 5678 5852 8028 8034 8041 13623 13624
7 13204 13207 13267 13623 13625 13626 13627
7 1076 1082 4583 4588 8036 8044 13625
7 975 2226 2230 8030 8043 8045 13626
7 776 2236 2239 4595 8071 8075 13628
7 241 4215 4622 8086 8088 8092 13629
7 759 1078 8096 8097 8107 8109 13561
12 685 802 4683 4691 4754 4760 8114 8120 9242 10549 13478 13630
7 13417 13624 13631 13632 13633 13634 13635
7 8062 8065 8141 9274 10645 10661 13631
7 5855 8137 8140 8142 8196 8212 13632
7 13253 13366 13480 13636 13637 13638 13639
7 2169 2195 4704 8168 8171 8173 13636
7 2295 2567 4735 4737 8207 8216 13640
7 13256 13257 13300 13362 13640 13641 13642
7 221 5844 5845 8209 8217 8218 13641
7 4675 4722 8213 8214 8227 8229 13633
12 3098 3104 3141 3150 3154 5282 8235 8238 10240 11050 13643 13644
7 13346 13370 13391 13643 13645 13646 13647
7 4250 4844 4848 7435 8240 10243 13645
7 2414 5187 5188 8241 8243 8249 13646
7 1245 7407 8247 8248 8258 8263 13614
7 2040 2043 2445 8270 8271 8275 13648
7 13349 13584 13586 13648 13649 13650 13651
7 4891 7579 8272 8334 11060 11072 13649
7 4241 4262 8286 8287 8290 8301 13652
7 211 214 5216 7594 8313 8319 13653
7 1132 2488 5278 5284 8382 8395 13654
7 4120 4126 4905 8393 8396 8397 13655
7 1170 2950 2952 8400 8404 8409 13656
12 2166 2320 2323 8222 8408 8413 8416 10584 10744 10845 13592 13657
7 13266 13361 13605 13606 13656 13657 13658
7 4979 4985 7859 7869 8410 8419 13658
7 358 4841 8422 8423 8432 8434 13610
12 1247 2646 2656 6206 7397 8253 8440 8443 9394 9525 13464 13659
7 2663 5058 5062 8445 8448 8454 13660
7 511 6271 6275 8466 8469 8480 13661
7 5745 8483 8484 8486 10987 11007 13662
12 1284 1297 1335 1338 1345 2503 2871 8496 8506 8509 13422 13663
7 13394 13466 13663 13664 13665 13666 13667
7 4866 5810 5814 8511 11033 11040 13664
7 5101 7175 7177 8513 8516 8524 13668
7 4269 4274 8551 8552 8561 8563 13562
12 2461 2468 4102 4107 7136 7141 8567 8573 10173 12241 13669 13670
12 133 140 2764 5206 5428 7591 8600 11330 12424 12536 13671 13672
7 8320 8324 8330 8595 8596 11327 13673
7 5285 8358 8613 8619 8621 11166 13674
7 4912 4916 8649 8650 8655 8663 13647
7 6154 6189 8681 8682 8696 8698 13461
7 1938 6241 8735 8736 8746 8748 13675
7 2460 5208 5211 8759 11286 11298 13676
7 2772 5365 5387 8784 11471 12533 13677
7 4355 5261 7630 7643 8792 8798 13678
7 5251 5383 8806 8807 8809 8813 13545
7 7757 8779 8782 11451 13104 13110 13679
7 13589 13678 13679 13680 13681 13682 13683
7 643 3635 3662 3664 8838 8850 13684
7 13476 13514 13596 13597 13684 13685 13686
7 4440 4449 8851 8859 8861 9689 13685
7 3889 5961 8853 8855 8864 8866 13687
7 922 3997 8879 8880 8883 8886 13337
7 5504 5512 5566 5576 8895 8904 13688
12 1752 1769 3991 3994 5490 5578 8372 8959 8962 8965 13338 13689
7 13330 13364 13414 13689 13690 13691 13692
7 5569 5585 6521 8967 11550 11555 13690
7 1433 1436 1439 3333 9016 9022 13693
7 3469 3477 5626 9010 9021 9023 13694
7 8996 9000 9026 9027 9029 9033 13695
7 5635 5638 9042 9044 9049 9055 13696
7 5639 7670 9071 9074 9076 10674 13697
7 2356 2359 2361 2380 9086 9092 13698
7 13210 13376 13378 13427 13698 13699 13700
12 498 878 883 5789 5792 6641 6900 9090 9096 9102 13524 13699
7 2963 4537 5779 9087 9104 9110 13700
7 6289 6294 9106 9108 9112 9121 13701
7 7871 9100 9107 9130 9141 9142 13702
7 3276 3799 9146 9147 9150 9153 13325
7 475 1569 1594 1599 9176 9180 13703
7 13250 13315 13513 13703 13704 13705 13706
7 5811 9197 9199 9209 9211 9258 13665
7 1340 3036 3620 9202 9204 9212 13707
7 5841 8133 9224 9237 9281 9303 13708
7 13429 13708 13709 13710 13711 13712 13713
7 343 1286 5807 9248 10762 10768 13709
7 13356 13428 13617 13619 13714 13715 13716
7 8048 8050 8054 8057 9260 9268 13714
12 1266 1362 5816 5826 5832 5839 9250 9266 9598 10813 13710 13715
7 2246 2248 5822 9261 9263 9595 13716
7 5847 5858 9282 9284 9295 9300 13711
7 9245 9307 9310 9311 10721 10734 13717
12 3071 5805 5864 9165 9215 9219 9231 9318 9321 9327 13712 13718
7 798 1581 4758 4763 9315 9329 13719
7 13276 13277 13363 13718 13719 13720 13721
7 9293 9332 9335 9336 11588 11606 13722
7 1396 5695 5696 9330 9339 9340 13720
7 2982 5918 5920 9346 9350 9351 13723
7 13260 13341 13534 13535 13723 13724 13725
7 3309 5980 6404 6410 9352 9752 13724
12 120 490 725 825 1856 1888 4961 9376 9383 11665 13726 13727
7 13221 13365 13521 13726 13728 13729 13730
7 842 851 5994 5998 9378 9385 13728
7 2339 4798 4808 9386 9388 9390 13729
7 5005 8461 9403 9404 11848 11862 13450
7 1524 6066 9412 9416 11679 11694 13500
7 3727 6853 9438 9441 12658 12671 13549
7 5071 6037 9409 9493 12886 12898 13731
12 2634 4180 4198 7414 7417 7430 9466 9469 9476 12349 13732 13733
7 13578 13659 13660 13732 13734 13735 13736
7 6130 6133 8449 9397 9471 9478 13734
7 7391 7394 9479 9481 9489 9522 13735
7 8646 8652 9464 9485 9515 9532 13737
7 6043 6052 8631 9529 9533 9534 13738
12 3078 3177 3180 3186 5021 6752 8501 9537 9546 9549 13739 13740
7 13293 13294 13295 13644 13739 13741 13742
7 9503 9504 9517 9527 9540 9554 13741
7 5055 7404 7411 9551 9555 9560 13742
7 1036 4995 9558 9559 9570 9571 13465
12 2387 5171 5178 5184 6235 6238 8022 9577 9583 11277 13666 13743
7 9253 9277 9586 9588 9590 9599 13744
7 13297 13467 13468 13740 13745 13746 13747
7 3189 3281 5724 5729 9602 9607 13745
7 443 3183 3221 9608 9610 9614 13746
7 2861 9618 9621 9634 9642 11016 13504
7 3493 3494 3507 3509 9623 9627 13748
7 13320 13425 13469 13662 13748 13749 13750
12 3210 6253 6264 6267 6319 6677 9604 9629 9637 9640 13747 13749
7 3288 6346 9643 9644 9647 9649 13505
7 7739 9677 9679 9681 9685 10512 13528
7 6826 6828 8846 8854 9703 9713 13751
12 640 5935 5943 5950 5953 5977 9705 9728 9734 9737 13752 13753
7 6390 9359 9739 9741 9745 9747 13754
7 13248 13352 13481 13754 13755 13756 13757
7 9698 9700 9727 9740 9754 9764 13755
12 37 4701 6385 6393 6400 6407 8430 9761 9766 9771 13637 13756
7 2150 2151 4436 9755 9773 9775 13757
7 7793 9778 9780 9784 9786 10552 13479
7 5597 6505 9809 9813 9824 9826 13758
12 1846 1863 3928 3931 4799 4802 6527 9821 9831 10096 13691 13759
7 3365 3390 4172 9829 10041 10052 13760
7 13245 13343 13344 13573 13759 13760 13761
7 5607 6582 9849 9850 9854 9856 13762
7 3497 6615 6661 9864 9867 9871 13763
7 13208 13220 13493 13495 13763 13764 13765
12 848 1761 2334 2337 6623 6626 9875 9881 9884 11544 13730 13764
7 6902 6921 9887 9888 9890 9894 13525
7 3604 6783 9454 9937 9941 9942 13766
7 6113 9967 9969 9974 12474 12479 13767
7 6805 10001 10003 11886 11900 11920 13768
12 3690 4372 4376 4390 4460 7633 10012 10015 11413 11923 13680 13769
7 173 176 2107 10004 10006 10017 13770
7 4360 10020 10021 10025 11943 11964 13704
12 1956 5617 6518 9007 9013 9019 9861 10038 10047 10054 13771 13772
7 6986 10030 10034 10042 10044 10098 13761
7 13309 13416 13693 13694 13771 13773 13774
7 1924 4175 4336 4346 10049 10056 13773
7 1437 1999 2002 10057 10059 10061 13774
7 7357 7365 7369 7371 10070 10081 13775
7 7558 7560 7573 10079 10082 10087 13776
7 3972 9825 10084 10086 10090 10092 13777
12 7326 7341 7346 10067 10073 10076 10104 10107 10113 11526 13571 13778
7 13533 13582 13775 13776 13778 13779 13780
7 1948 4073 7543 7561 10101 10119 13779
7 610 7288 10116 10117 10126 10129 13555
7 5118 7011 7183 10120 10123 10135 13780
7 13205 13244 13246 13727 13781 13782 13783
7 4042 7052 7059 10137 10151 11662 13781
7 1858 1975 1979 10138 10146 10148 13782
7 13580 13587 13784 13785 13786 13787 13788
12 8522 8542 8548 8587 10181 10200 10206 10209 11067 12183 13784 13789
7 6053 9457 10226 11720 11732 12751 13790
7 7392 8256 10246 10249 10255 10256 13736
12 406 2390 2397 4230 5145 5202 7453 10251 10261 10264 13615 13791
7 7425 7428 7624 7627 10266 10268 13792
7 613 4184 4194 10269 10271 10273 13793
7 3480 6586 6589 10277 10281 10282 13794
7 13214 13307 13308 13390 13794 13795 13796
7 1106 4227 7446 7448 10283 10288 13795
7 13345 13556 13583 13797 13798 13799 13800
12 2026 4212 6602 7440 7450 7467 8556 10297 10300 10312 13622 13797
7 4319 10302 12119 12144 12157 12176 13798
12 1072 4276 4301 4593 4633 10221 10330 10408 11235 13194 13563 13801
7 13581 13628 13801 13802 13803 13804 13805
7 9084 10335 10411 12194 12208 12981 13802
7 8076 8077 9080 10332 10336 10337 13803
12 4288 5339 5342 7480 7488 7523 10315 10342 10349 12204 13785 13806
7 13261 13348 13675 13743 13806 13807 13808
7 8721 8737 9574 10343 10351 11274 13807
7 2217 4297 9580 10352 10355 10363 13808
7 13398 13696 13697 13809 13810 13811 13812
12 806 2848 2853 5674 8702 10401 10404 10444 10476 10672 13401 13809
7 4398 5316 7710 10441 12960 12972 13810
12 7718 7723 7950 9789 9792 9797 10414 10417 10427 11915 13813 13814
7 13351 13813 13815 13816 13817 13818 13819
7 10381 10382 10390 10393 10421 10433 13815
7 2451 2453 7192 10434 10436 10445 13816
7 4365 4403 4405 10448 10451 10454 13820
7 13350 13768 13769 13770 13820 13821 13822
12 2110 2132 2138 2145 8127 9046 9999 10459 10462 10467 13593 13821
7 6819 6823 7730 7731 10492 10516 13823
7 617 2465 10497 10498 10506 10514 13824
12 3563 3566 3647 6716 7785 7803 7818 10521 10526 10533 13600 13825
7 647 6379 9718 9724 10524 10542 13826
7 13223 13436 13603 13752 13825 13826 13827
7 8162 8172 10536 10537 10546 10554 13638
7 5937 7825 9731 10540 10543 10555 13827
12 356 362 1414 2198 3296 7924 10558 10564 10607 12261 13611 13828
7 13355 13484 13595 13814 13828 13829 13830
7 10471 10472 10482 10484 10561 10566 13829
7 5310 8706 8708 10567 10569 12263 13830
7 1174 2329 10572 10574 10576 10585 13402
7 1411 6435 7945 10591 10615 10637 13831
7 7715 10425 10429 10619 10622 10632 13832
12 2730 2734 2737 2754 4599 8073 10647 10653 10659 12978 13804 13833
7 5661 5681 10662 10663 10666 10668 13634
12 2263 4605 4611 4638 4643 8083 8091 10680 10686 10691 13627 13834
7 6485 6486 6495 6498 10692 10699 13835
7 13310 13358 13359 13629 13834 13835 13836
7 5096 5098 8093 10683 10694 10700 13836
7 992 1005 10697 10698 10710 10711 13375
7 4483 7646 8122 8124 10716 10728 13837
7 4775 9233 9234 10729 10731 10737 13838
7 4725 4732 10735 10736 10747 10748 13839
7 2880 2884 9205 10753 10766 10773 13840
7 9238 10769 10771 10777 10779 10811 13713
12 5644 8135 9058 9069 10714 10723 10726 10785 10790 10794 13635 13841
7 9278 10650 10800 10802 10804 10808 13842
7 6313 6315 10817 10818 10822 11617 13843
7 13470 13701 13702 13843 13844 13845 13846
7 8179 8185 9136 9143 10819 10834 13844
12 916 2347 4531 4992 5774 7806 8161 10828 10831 10837 13639 13845
7 4687 4726 10839 10841 10850 10852 13847
12 5242 6846 8953 9445 10230 10856 10865 10869 10879 10888 13848 13849
12 2418 2435 7274 8914 8922 10132 10898 10906 10925 12309 13850 13851
7 2775 2778 2782 5434 10900 10911 13852
7 13262 13272 13412 13850 13852 13853 13854
7 6863 8943 8944 10909 10912 10913 13853
12 284 6767 6777 8365 9921 10933 10940 11875 12396 12904 13855 13856
7 5593 6551 8981 10931 10942 11770 13857
7 3822 3824 5036 5038 10956 10962 13858
7 13326 13327 13381 13661 13858 13859 13860
12 1749 6286 8475 8478 9127 9133 9139 10963 10969 11620 13846 13859
7 5741 6251 8467 10957 10971 10983 13860
12 2303 2915 4714 4718 5685 8153 10989 10995 11001 12781 13601 13861
7 13423 13430 13722 13861 13862 13863 13864
7 2906 5734 6322 6325 10998 11004 13862
7 5717 10967 10977 10991 11003 11005 13863
7 5760 9624 11008 11009 11018 11020 13750
12 1111 3255 5048 7410 7960 7963 7971 11023 11029 11035 13616 13865
7 13254 13255 13382 13424 13865 13866 13867
7 1389 5041 8491 8494 11026 11037 13866
7 27 1366 1368 11038 11044 11046 13867
7 5177 5192 11041 11042 11055 11057 13667
7 8527 8592 11061 11063 11069 12872 13650
7 8296 8326 8328 11076 11079 11081 13868
7 7237 8539 10187 10205 11083 11098 13869
7 5102 7224 8544 11084 11101 11103 13870
7 4093 7846 11106 11107 11110 11112 13577
7 10188 10191 10196 11121 11125 11126 13871
7 13668 13789 13869 13870 13871 13872 13873
7 7163 8514 8531 8571 11127 11136 13872
12 1911 1917 4081 7916 11090 11093 11099 11131 11134 11140 13540 13873
7 6049 6061 11154 11158 11170 11171 13447
7 6123 6158 6159 11183 11187 11188 13874
12 8666 8672 8678 8818 11161 11176 11181 11197 11202 13084 13875 13876
7 5327 7852 7895 7897 11221 11240 13877
7 10321 10325 11228 11230 12266 12276 13403
7 4560 7879 8716 11218 11239 11241 13878
7 5352 7694 7699 11259 11265 11267 13879
7 9587 9983 11261 11263 11269 11278 13880
7 7195 10160 11299 11300 11309 11311 13881
7 8603 11281 11317 11319 11322 11331 13882
7 4253 8305 8327 8388 11336 11338 13883
7 11293 11318 11342 11345 11351 12087 13884
7 4925 4930 5161 5165 11354 11356 13885
7 13393 13454 13512 13767 13885 13886 13887
7 9963 11343 11373 11375 11382 12496 13888
7 13396 13453 13874 13875 13889 13890 13891
7 8766 8771 11179 11184 11385 11396 13889
7 5265 8351 11392 11397 11399 13081 13890
7 13271 13482 13671 13677 13892 13893 13894
7 5395 5401 8785 8787 11401 12461 13892
7 1139 2717 6432 11402 11404 11409 13893
7 4413 9794 11420 11425 12224 12231 13817
7 4380 4384 4464 4467 11434 11440 13895
7 5425 6813 7732 11441 11444 11452 13896
12 5391 8793 8796 8826 11360 11365 11368 11455 11460 11468 13681 13897
7 3731 5374 5375 11457 12515 12527 13898
7 13317 13848 13897 13898 13899 13900 13901
12 5481 6076 8875 8897 8925 8929 8940 11478 11482 11489 13550 13902
7 5572 8905 8906 10938 11479 11495 13903
7 13688 13902 13903 13904 13905 13906 13907
7 5513 8909 8947 8949 11513 11516 13904
7 8934 11517 11519 12373 12400 13049 13905
7 1960 7277 11530 11532 12988 13005 13908
7 4791 6537 11537 11539 11551 11552 13692
7 10943 10952 10954 11559 11564 11565 13909
7 9228 9235 10788 11584 13135 13148 13910
12 8182 8187 8198 8201 8206 9286 9305 11590 11596 11601 13642 13911
7 8145 8157 10827 10840 11602 11609 13912
7 13630 13717 13839 13847 13911 13912 13913
7 4766 4785 9312 11593 11604 11610 13913
7 10973 10978 11607 11608 11612 11621 13864
12 3895 3898 6809 6815 6943 6946 6952 11624 11629 11632 13529 13914
7 13443 13687 13751 13753 13914 13915 13916
7 9711 9714 9715 11626 12623 12635 13915
7 9365 9370 11648 11649 11659 11666 13442
7 1908 7117 11680 11682 11688 12683 13501
7 11491 11493 11506 11508 11691 11701 13917
7 6779 6782 6784 11698 11702 11703 13918
7 10233 10236 11201 11210 11725 12946 13919
7 13731 13920 13921 13922 13923 13924 13925
7 6554 6556 10928 10950 11743 11756 13920
7 6506 8992 11752 11754 11764 11766 13926
7 11757 11761 11774 12357 12367 12997 13921
12 486 603 664 3586 5912 6196 7108 11786 11793 11796 13241 13927
7 3523 6683 11798 11800 11810 11811 13928
12 1531 3218 3504 3553 9907 9915 11013 11817 11821 11827 13506 13929
7 3560 3580 11792 11799 11826 11837 13930
7 13200 13435 13502 13928 13929 13930 13931
7 297 304 306 11829 11838 11839 13931
7 77 11833 11835 11842 11845 12784 13602
12 5066 9407 9837 9840 11738 11744 11750 11853 11859 11864 13922 13932
7 458 8986 9001 11856 11877 12572 13933
7 13302 13415 13490 13695 13932 13933 13934
7 9925 9931 11849 11851 11866 11870 13451
7 2624 8452 8453 11878 11881 11882 13934
12 7674 7677 7701 9994 10368 10372 11889 11892 11897 13157 13811 13935
7 5358 7636 10384 10386 11898 11904 13936
7 10455 10468 11901 11902 11907 11916 13822
12 4470 4476 4772 6799 9178 11570 11582 11931 11934 12797 13705 13937
7 7647 9060 9991 9996 11936 11938 13938
7 13837 13838 13841 13910 13937 13938 13939
7 11905 11928 11929 11948 11959 11961 13940
7 1621 9181 11965 11966 11969 11977 13706
12 7049 7842 7878 7882 7888 10144 11116 11980 11990 12039 13783 13941
7 13604 13877 13878 13941 13942 13943 13944
7 7240 7918 7940 10598 12006 12041 13942
7 11654 11674 11984 11985 11993 12004 13945
7 8717 10610 10611 12007 12009 12011 13943
12 6442 9664 9668 9671 9806 10588 10594 12019 12024 12030 13946 13947
7 13483 13669 13824 13831 13946 13948 13949
7 10635 10638 10639 11130 12029 12046 13948
7 10154 11999 12015 12017 12032 12036 13541
7 618 11150 11151 12043 12047 12048 13949
7 2743 5345 10157 11307 12050 12063 13950
12 8727 9950 9956 11246 11253 11256 11380 12057 12060 12065 13886 13951
7 8377 11339 12074 12076 12079 12082 13952
7 1934 8744 12055 12075 12094 12103 13953
7 13392 13868 13883 13952 13953 13954 13955
7 7500 7615 11080 12101 12104 12105 13954
12 1049 3454 4187 6565 6573 6580 10286 12124 12139 12146 13796 13956
7 4223 7438 12120 12122 12133 12136 13799
7 13247 13491 13762 13956 13957 13958 13959
7 4142 5608 5615 7553 12141 12148 13957
7 2053 7564 7566 12149 12151 12153 13958
12 2047 7570 7617 8280 8283 8337 12159 12162 12168 12869 13651 13960
7 13588 13791 13792 13793 13960 13961 13962
7 4235 7493 10308 10310 12164 12173 13961
7 614 2022 7455 12170 12174 12179 13962
7 4326 7202 12177 12178 12188 12190 13800
7 10357 10362 12206 12209 12211 13197 13805
12 7735 10487 10493 11431 11438 11473 12216 12220 12226 12464 13894 13963
7 6453 9799 10517 10518 12217 12228 13964
7 13353 13823 13895 13896 13963 13964 13965
7 4369 4426 4465 12229 12235 12237 13965
7 2454 5221 12232 12233 12246 12248 13818
7 7929 10573 12251 12254 12267 12268 13404
12 4114 7507 8714 10617 10628 10631 11223 12258 12273 12278 13944 13966
7 4874 10872 10876 12286 12290 12292 13967
7 13369 13653 13672 13673 13967 13968 13969
7 8267 8597 10885 12293 12299 12427 13968
7 12113 12301 12318 12330 12924 12931 13970
12 4258 4884 4888 8307 8310 8317 12296 12315 12323 12332 13969 13971
7 13564 13568 13652 13733 13971 13972 13973
7 7312 8341 8348 12325 12334 12351 13972
7 4895 7244 7255 12335 12337 12339 13973
7 5072 9846 12344 12346 12358 12359 13923
12 1945 4133 4145 4307 5601 7301 7307 12354 12362 12370 13959 13974
7 13565 13567 13851 13908 13974 13975 13976
7 7298 10919 12312 12364 13018 13034 13975
7 10945 11496 12374 12376 12388 12397 13906
7 6849 9449 12386 12405 12697 12706 13977
7 10891 11370 12432 12433 13063 13075 13899
12 5219 5355 7690 9961 11287 11290 11296 12439 12442 12451 13819 13978
7 8780 11416 12456 12457 12466 12468 13682
12 5255 5258 6107 11388 11945 11953 11957 12471 12481 12486 13891 13979
7 13935 13936 13940 13979 13980 13981 13982
7 9953 9958 10366 10385 12484 12503 13980
7 8776 11357 12475 12476 12490 12498 13887
7 7660 12500 12504 12505 12800 12806 13981
12 1142 2809 2812 3877 5465 6860 7747 12516 12519 12525 13854 13983
7 10881 10892 12528 12529 12539 12540 13900
7 6544 8980 8982 11873 12554 12558 13984
7 451 1552 12562 12563 12566 12574 13234
12 9038 9816 11547 11557 11772 12549 12555 12580 12586 12591 13520 13985
7 13855 13857 13909 13984 13985 13986 13987
7 5548 5552 12557 12559 12592 12599 13986
7 3616 8976 11566 12583 12594 12600 13987
7 9865 9880 12597 12598 12602 12611 13765
7 3685 6370 9673 12614 12617 12619 13988
7 13474 13607 13945 13947 13988 13989 13990
7 9660 11634 11675 11676 12620 12633 13989
12 6364 7020 7026 7032 9750 11644 11652 12624 12627 12632 13725 13990
7 5975 6017 12636 12637 12647 12648 13916
7 5230 8668 9428 9429 12651 12665 13991
7 11208 11211 11212 12666 12669 12674 13992
7 6072 7126 12672 12673 12677 12685 13551
7 11486 11492 12393 12688 12691 12693 13993
7 13766 13856 13917 13918 13993 13994 13995
7 9938 11711 11713 12694 12701 12907 13994
12 11696 12654 12660 12663 12698 12703 12720 12723 12729 12948 13995 13996
7 13876 13919 13991 13992 13996 13997 13998
7 5294 8616 11724 11726 12728 12738 13997
7 8685 8687 9430 12732 12739 12740 13998
7 6080 6083 12735 12736 12743 12746 13288
7 13226 13313 13316 13927 13999 14000 14001
7 3590 6718 11778 11781 12753 12769 13999
12 1576 1579 1590 1601 1668 1678 4489 12757 12763 12766 13721 14000
7 1688 9902 11788 12754 12771 12777 14001
7 2858 2862 12774 12775 12787 12788 13507
7 11951 11962 12794 12801 12803 13160 13982
7 13744 13833 13842 13880 14002 14003 14004
7 7673 10656 10783 10801 12791 12813 14002
7 7680 11251 11262 12811 12814 12815 14003
7 12090 12818 12850 12857 13166 13186 13786
7 10168 10199 10625 10633 12833 12836 14005
7 10211 10216 12198 12828 12835 12837 14006
12 964 8752 11074 11314 11334 11349 12095 12842 12846 12852 13955 14007
7 13585 13670 13676 13881 14007 14008 14009
7 7587 8576 8583 8585 12840 12854 14008
7 10161 10164 10175 12855 12861 12863 14009
7 7485 7608 12858 12859 12866 12874 13787
7 9486 9487 12110 12876 12879 12882 14010
7 13737 13738 13790 14010 14011 14012 14013
7 11733 11735 12116 12711 12877 12896 14011
12 6092 6097 6136 9499 9509 9514 12749 12887 12890 12893 13452 14012
7 6557 9934 12899 12900 12910 12911 13924
12 7249 8633 8637 8643 10224 11164 12111 12916 12920 12926 14013 14014
7 8622 8628 12410 12414 12914 12928 14015
7 13654 13655 13674 14014 14015 14016 14017
7 4906 10859 12420 12929 12935 12937 14016
7 12707 12713 12932 12933 12939 12943 14018
7 10430 10431 12271 12950 12953 12956 14019
7 13832 13966 14005 14006 14019 14020 14021
7 12199 12200 12281 12283 12951 12970 14020
7 7704 9077 12973 12974 12983 12985 13812
12 2844 3971 5557 5561 5564 8362 11511 13002 13007 13051 13907 14022
7 13758 13772 13777 13926 14022 14023 14024
7 5604 9859 11748 11753 13000 13009 14023
7 4136 10065 10085 13010 13013 13014 14024
12 8345 9496 10916 11716 11730 12378 12384 13020 13023 13029 13925 14025
7 8956 10904 12404 12406 13028 13038 14026
7 13849 13970 13977 14018 14025 14026 14027
7 10895 12319 12320 13032 13039 13040 14027
7 12989 12992 13035 13036 13042 13046 13976
7 8604 8605 12444 13053 13056 13059 14028
7 13882 13884 13888 13978 14028 14029 14030
7 11376 11390 12436 12453 13054 13070 14029
12 4903 8384 8390 8769 12085 12417 12493 13064 13067 13073 14017 14030
7 11191 11205 13076 13077 13087 13088 13901
7 13405 13530 13546 13983 14031 14032 14033
7 7080 8821 12508 12511 13090 13096 14031
12 3668 5411 6836 7762 8839 8842 8848 13094 13100 13106 13686 14032
7 11447 11465 12521 13091 13108 13114 14033
7 3688 8799 13111 13112 13123 13125 13683
12 9188 9194 9971 9981 10758 10764 12808 13130 13137 13140 14004 14034
7 13457 13511 13707 13840 14034 14035 14036
7 6789 11576 11579 11975 13128 13145 14035
7 9170 9173 10754 13142 13146 13151 14036
7 10796 11939 13149 13150 13154 13162 13939
12 7713 10398 11304 12831 12961 12964 12969 13168 13179 13182 14021 14037
7 13594 13879 13950 13951 14037 14038 14039
7 5348 8730 11247 11266 13176 13183 14038
7 12051 12069 12072 13171 13173 13184 14039
7 7527 10185 13187 13188 13191 13199 13788
