4OFF
1200 14040 0 6240
-0.53749826302961656 -0.15683987944046185 -0.64587195432725775 0.51898582646420621
0.12688612786305142 0.6159182027498471 0.60447688773784702 -0.48903207488679601
-0.22381850414869253 -0.28372600730351355 -0.28372600730351338 0.88820289504136052
-0.22381850414869253 0.3621459470237442 -0.76131676717830887 0.48903207488679601
0.64587195432725775 -0.51898582646420621 -0.53749826302961656 -0.15683987944046185
0.33219219544633388 -0.83973670689853952 -0.33219219544633338 0.27228469229151364
0.048466188142820055 0.76131676717830876 0.029953751577410037 -0.64587195432725708
0.048466188142820055 0.15683987944046171 0.94811039819618048 -0.27228469229151364
-0.60447688773784702 0.48903207488679601 0.12688612786305142 0.6159182027498471
-0.3507046320117444 0.44056588674397507 0.36214594702374364 -0.74280433061289819
0.17535231600587237 -0.3022384438689239 0.18679363101787186 0.91815664661877028
0.17535231600587237 -0.018512436565410517 -0.64587195432725719 0.74280433061289819
0.28372600730351338 -0.88820289504136052 -0.22381850414869253 -0.28372600730351355
0.17535231600587237 0.74280433061289841 -0.58596445117243634 0.27228469229151364
0.76131676717830887 -0.48903207488679601 -0.22381850414869253 0.3621459470237442
0.28372600730351338 -0.35070463201174384 -0.64587195432725764 -0.6159182027498471
0.53749826302961656 0.15683987944046185 0.64587195432725775 -0.51898582646420621
-0.66438439089266732 0.74280433061289786 -0.066978624708231266 0.048466188142820138
0.14539856442846238 -0.94811039819618004 0.23525981916069305 0.15683987944046163
0.14539856442846238 -0.61591820274984665 -0.77275808219030817 -0.048466188142820138
0.33219219544633338 -0.27228469229151364 0.33219219544633388 -0.83973670689853952
0.51898582646420599 -0.64587195432725664 0.15683987944046224 0.53749826302961567
-0.048466188142821331 0.61591820274984665 -0.55601069959502625 -0.55601069959502569
-0.048466188142821331 0.58596445117243667 0.60447688773784647 -0.53749826302961567
-0.029953751577410037 0.64587195432725708 0.048466188142820055 0.76131676717830876
-0.048466188142821331 -0.36214594702374381 0.92959796163076991 0.048466188142820138
-0.94811039819618048 0.27228469229151364 0.048466188142820055 0.15683987944046171
-0.029953751577410037 0.51898582646420577 0.15683987944046207 0.83973670689853952
-0.12688612786305142 -0.6159182027498471 -0.60447688773784702 0.48903207488679601
0.79127051875571885 -0.42912457173197477 -0.30223844386892262 0.31367975888092314
-0.51898582646420588 0.64587195432725686 -0.15683987944046196 -0.53749826302961523
-0.51898582646420588 0.28372600730351333 0.74280433061289775 -0.31367975888092314
-0.36214594702374364 0.74280433061289819 -0.3507046320117444 0.44056588674397507
-0.69433814247007786 0.096932376285641386 -0.018512436565410795 -0.71285057903548732
0.50754451145220592 -0.2053060675832826 0.58596445117243623 0.59740576618443608
0.50754451145220592 -0.39209969860115451 -0.28372600730351305 0.71285057903548732
-0.18679363101787186 -0.91815664661877028 0.17535231600587237 -0.3022384438689239
0.50754451145220592 0.25377225572610274 -0.76131676717830821 0.31367975888092314
0.64587195432725719 -0.74280433061289819 0.17535231600587237 -0.018512436565410517
-0.18679363101787186 -0.69433814247007763 -0.53749826302961612 -0.44056588674397507
0.22381850414869253 0.28372600730351355 0.28372600730351338 -0.88820289504136052
0.50754451145220592 0.83973670689853896 -0.18679363101787158 -0.048466188142820138
0.58596445117243634 -0.27228469229151364 0.17535231600587237 0.74280433061289841
0.22381850414869253 -0.3621459470237442 0.76131676717830887 -0.48903207488679601
-0.18679363101787186 -0.048466188142820027 -0.50754451145220592 -0.83973670689853952
0.64587195432725764 0.6159182027498471 0.28372600730351338 -0.35070463201174384
-0.64587195432725775 0.51898582646420621 0.53749826302961656 0.15683987944046185
0.74280433061289775 -0.36214594702374348 0.44056588674397479 -0.35070463201174357
-0.28372600730351344 0.77275808219030739 -0.41061213516656481 0.39209969860115396
-0.28372600730351344 0.83973670689853885 0.30223844386892312 0.35070463201174357
0.066978624708231266 -0.048466188142820138 -0.66438439089266732 0.74280433061289786
-0.48903207488679534 0.60447688773784569 -0.61591820274984699 -0.12688612786305103
-0.096932376285640165 -0.69433814247007675 0.71285057903548787 -0.018512436565410795
-0.096932376285640165 -0.9295979616307698 -0.33219219544633311 0.12688612786305103
-0.23525981916069305 -0.15683987944046163 0.14539856442846238 -0.94811039819618004
-0.096932376285640165 -0.15683987944046157 -0.91815664661876972 -0.35070463201174357
0.77275808219030817 0.048466188142820138 0.14539856442846238 -0.61591820274984665
-0.23525981916069305 -0.48903207488679556 0.39209969860115373 -0.74280433061289786
-0.33219219544633388 0.83973670689853952 0.33219219544633338 -0.27228469229151364
-0.88820289504135941 0.28372600730351227 -0.28372600730351355 -0.22381850414869212
0.48903207488679556 -0.60447688773784569 0.61591820274984665 0.12688612786305065
0.48903207488679556 -0.76131676717830798 -0.36214594702374303 0.22381850414869212
-0.15683987944046224 -0.53749826302961567 0.51898582646420599 -0.64587195432725664
-0.12688612786305203 0.23525981916069238 -0.92959796163076946 -0.25377225572610207
-0.12688612786305203 0.79127051875571874 0.029953751577409954 -0.59740576618443519
0.55601069959502625 0.55601069959502569 -0.048466188142821331 0.61591820274984665
-0.12688612786305203 0.18679363101787225 0.94811039819617982 -0.22381850414869212
-0.60447688773784647 0.53749826302961567 -0.048466188142821331 0.58596445117243667
0.55601069959502625 0.50754451145220569 0.12688612786305137 0.64587195432725664
-0.048466188142820055 -0.76131676717830876 -0.029953751577410037 0.64587195432725708
-0.12688612786305203 -0.74280433061289752 0.5560106995950258 0.35070463201174357
-0.92959796163076991 -0.048466188142820138 -0.048466188142821331 -0.36214594702374381
-0.048466188142820055 -0.15683987944046171 -0.94811039819618048 0.27228469229151364
0.55601069959502625 0.35070463201174362 0.12688612786305206 0.74280433061289786
-0.15683987944046207 -0.83973670689853952 -0.029953751577410037 0.51898582646420577
0.60447688773784702 -0.48903207488679601 -0.12688612786305142 -0.6159182027498471
-0.92959796163076969 0.25377225572610246 0.12688612786305054 0.23525981916069247
0.66438439089266721 -0.74280433061289719 0.066978624708231488 -0.048466188142821276
0.66438439089266721 -0.44056588674397462 -0.55601069959502525 -0.23525981916069247
0.30223844386892262 -0.31367975888092314 0.79127051875571885 -0.42912457173197477
0.88820289504135941 -0.28372600730351266 0.28372600730351361 0.22381850414869162
-0.48903207488679534 0.7613167671783081 0.36214594702374325 -0.22381850414869162
0.15683987944046196 0.53749826302961523 -0.51898582646420588 0.64587195432725686
-0.48903207488679534 0.018512436565410517 0.83973670689853852 0.23525981916069247
-0.74280433061289775 0.31367975888092314 -0.51898582646420588 0.28372600730351333
0.15683987944046193 0.88820289504135963 -0.048466188142820527 0.42912457173197477
0.3507046320117444 -0.44056588674397507 -0.36214594702374364 0.74280433061289819
0.94811039819618004 0.14539856442846155 -0.15683987944046071 0.23525981916069172
-0.88820289504135952 0.30223844386892357 0.25377225572610207 -0.23525981916069172
0.018512436565410795 0.71285057903548732 -0.69433814247007786 0.096932376285641386
-0.77275808219030817 -0.28372600730351266 -0.39209969860115435 -0.41061213516656359
0.64587195432725686 -0.029953751577410481 0.76131676717830787 0.048466188142820166
0.64587195432725686 -0.61591820274984677 0.18679363101787169 0.41061213516656359
-0.58596445117243623 -0.59740576618443608 0.50754451145220592 -0.2053060675832826
0.64587195432725686 -0.3321921954463336 -0.64587195432725653 0.23525981916069172
0.28372600730351305 -0.71285057903548732 0.50754451145220592 -0.39209969860115451
-0.58596445117243623 -0.77275808219030839 -0.22381850414869231 -0.096932376285641386
-0.17535231600587237 0.3022384438689239 -0.18679363101787186 -0.91815664661877028
0.64587195432725686 0.4291245717319746 -0.58596445117243579 -0.23525981916069247
0.76131676717830821 -0.31367975888092314 0.50754451145220592 0.25377225572610274
-0.17535231600587237 0.018512436565410517 0.64587195432725719 -0.74280433061289819
-0.58596445117243623 -0.23525981916069227 -0.64587195432725708 -0.42912457173197477
0.53749826302961612 0.44056588674397507 -0.18679363101787186 -0.69433814247007763
-0.28372600730351338 0.88820289504136052 0.22381850414869253 0.28372600730351355
0.18679363101787158 0.048466188142820138 0.50754451145220592 0.83973670689853896
-0.17535231600587237 -0.74280433061289841 0.58596445117243634 -0.27228469229151364
-0.76131676717830887 0.48903207488679601 0.22381850414869253 -0.3621459470237442
-0.58596445117243623 0.2722846922915137 -0.17535231600587212 -0.74280433061289786
-0.28372600730351338 0.35070463201174384 0.64587195432725764 0.6159182027498471
0.3136797588809232 -0.3022384438689224 0.42912457173197466 -0.79127051875571786
0.3136797588809232 -0.74280433061289719 0.28372600730351288 -0.5189858264642051
-0.44056588674397479 0.35070463201174357 0.74280433061289775 -0.36214594702374348
0.27228469229151286 -0.33219219544633238 0.83973670689853874 -0.33219219544633349
0.20530606758328129 0.50754451145220436 -0.59740576618443642 0.58596445117243623
0.20530606758328129 0.91815664661876917 -0.066978624708231238 0.33219219544633349
0.41061213516656481 -0.39209969860115396 -0.28372600730351344 0.77275808219030739
0.20530606758328121 0.6159182027498461 0.55601069959502591 0.5189858264642051
-0.30223844386892312 -0.35070463201174357 -0.28372600730351344 0.83973670689853885
0.41061213516656481 0.27228469229151347 -0.79127051875571786 0.36214594702374348
-0.27228469229151336 0.33219219544633216 -0.83973670689853841 0.33219219544633383
-0.27228469229151336 0.94811039819617915 -0.15683987944046229 -0.048466188142819999
0.61591820274984699 0.12688612786305103 -0.48903207488679534 0.60447688773784569
-0.30223844386892235 -0.17535231600587134 0.91815664661876928 -0.18679363101787247
-0.30223844386892235 -0.88820289504135919 0.23525981916069286 0.25377225572610179
-0.71285057903548787 0.018512436565410795 -0.096932376285640165 -0.69433814247007675
-0.30223844386892235 -0.55601069959502625 -0.7727580821903075 0.048466188142819999
0.33219219544633311 -0.12688612786305103 -0.096932376285640165 -0.9295979616307698
-0.71285057903548799 -0.12688612786305153 0.3321921954463336 -0.60447688773784569
-0.14539856442846238 0.94811039819618004 -0.23525981916069305 -0.15683987944046163
-0.30223844386892224 0.36214594702374336 -0.71285057903548743 -0.51898582646420521
0.91815664661876972 0.35070463201174357 -0.096932376285640165 -0.15683987944046157
-0.14539856442846238 0.61591820274984665 0.77275808219030817 0.048466188142820138
-0.71285057903548799 -0.51898582646420521 0.30223844386892235 -0.36214594702374342
-0.39209969860115373 0.74280433061289786 -0.23525981916069305 -0.48903207488679556
-0.33219219544633338 0.27228469229151364 -0.33219219544633388 0.83973670689853952
0.91815664661876883 0.18679363101787241 0.30223844386892357 -0.17535231600587217
-0.74280433061289752 0.36214594702374237 -0.4405658867439744 0.35070463201174423
-0.74280433061289752 0.64587195432725597 -0.018512436565411294 0.17535231600587217
0.28372600730351355 0.22381850414869212 -0.88820289504135941 0.28372600730351227
-0.64587195432725608 0.029953751577409371 -0.76131676717830798 -0.048466188142819555
0.27228469229151342 -0.94811039819617915 0.15683987944046213 0.048466188142819555
-0.61591820274984665 -0.12688612786305065 0.48903207488679556 -0.60447688773784569
0.27228469229151342 -0.58596445117243623 -0.74280433061289675 -0.17535231600587217
0.36214594702374303 -0.22381850414869212 0.48903207488679556 -0.76131676717830798
-0.61591820274984665 -0.64587195432725653 0.35070463201174373 -0.28372600730351233
0.30223844386892335 0.31367975888092348 0.7912705187557183 0.42912457173197327
-0.15683987944046188 -0.2352598191606923 -0.94811039819617915 0.14539856442846216
-0.15683987944046188 0.69433814247007719 -0.5560106995950258 -0.42912457173197327
0.92959796163076946 0.25377225572610207 -0.12688612786305203 0.23525981916069238
-0.15683987944046185 0.66438439089266732 0.60447688773784591 -0.41061213516656309
-0.029953751577409954 0.59740576618443519 -0.12688612786305203 0.79127051875571874
0.92959796163076946 0.3022384438689234 0.04846618814282011 0.20530606758328163
0.048466188142821331 -0.61591820274984665 0.55601069959502625 0.55601069959502569
-0.15683987944046202 -0.28372600730351255 0.92959796163076902 0.1753523160058722
-0.94811039819617982 0.22381850414869212 -0.12688612786305203 0.18679363101787225
0.048466188142821331 -0.58596445117243667 -0.60447688773784647 0.53749826302961567
0.92959796163076958 0.17535231600587201 0.15683987944046196 0.28372600730351233
-0.12688612786305137 -0.64587195432725664 0.55601069959502625 0.50754451145220569
0.029953751577410037 -0.64587195432725708 -0.048466188142820055 -0.76131676717830876
-0.5560106995950258 -0.35070463201174357 -0.12688612786305203 -0.74280433061289752
0.048466188142821331 0.36214594702374381 -0.92959796163076991 -0.048466188142820138
0.94811039819618048 -0.27228469229151364 -0.048466188142820055 -0.15683987944046171
0.92959796163076946 0.048466188142819999 0.04846618814282122 0.36214594702374348
0.029953751577410037 -0.51898582646420577 -0.15683987944046207 -0.83973670689853952
0.71285057903548688 0.018512436565410573 0.096932376285641719 -0.69433814247007697
-0.55601069959502558 0.5560106995950248 0.048466188142819833 0.61591820274984677
-0.55601069959502558 0.42912457173197432 0.15683987944046085 0.69433814247007697
-0.12688612786305054 -0.23525981916069247 -0.92959796163076969 0.25377225572610246
0.28372600730351294 -0.77275808219030684 0.41061213516656425 -0.39209969860115479
0.28372600730351294 -0.83973670689853819 -0.30223844386892235 -0.35070463201174429
-0.066978624708231488 0.048466188142821276 0.66438439089266721 -0.74280433061289719
0.28372600730351294 -0.28372600730351299 -0.59740576618443553 -0.69433814247007697
0.55601069959502525 0.23525981916069247 0.66438439089266721 -0.44056588674397462
-0.066978624708231488 -0.74280433061289752 0.61591820274984643 -0.2537722557261024
-0.79127051875571885 0.42912457173197477 0.30223844386892262 -0.31367975888092314
-0.91815664661876872 -0.18679363101787208 -0.30223844386892396 0.17535231600587251
0.74280433061289719 -0.6458719543272563 0.018512436565411239 -0.17535231600587251
-0.28372600730351361 -0.22381850414869162 0.88820289504135941 -0.28372600730351266
-0.27228469229151292 0.58596445117243601 0.74280433061289686 0.17535231600587251
-0.36214594702374325 0.22381850414869162 -0.48903207488679534 0.7613167671783081
0.61591820274984643 0.64587195432725641 -0.35070463201174407 0.28372600730351266
-0.27228469229151292 -0.25377225572610246 0.61591820274984599 0.69433814247007686
-0.83973670689853852 -0.23525981916069247 -0.48903207488679534 0.018512436565410517
0.51898582646420588 -0.28372600730351333 -0.74280433061289775 0.31367975888092314
0.61591820274984632 0.69433814247007697 0.27228469229151331 0.25377225572610251
0.048466188142820527 -0.42912457173197477 0.15683987944046193 0.88820289504135963
0.36214594702374364 -0.74280433061289819 0.3507046320117444 -0.44056588674397507
-0.83973670689853841 -0.33219219544633349 0.27228469229151187 0.33219219544633383
0.92959796163076891 -0.25377225572610196 -0.12688612786305081 -0.23525981916069344
0.92959796163076891 -0.096932376285641275 -0.12688612786305031 -0.33219219544633383
0.15683987944046071 -0.23525981916069172 0.94811039819618004 0.14539856442846155
-0.74280433061289708 0.39209969860115407 0.42912457173197383 0.33219219544633383
-0.25377225572610207 0.23525981916069172 -0.88820289504135952 0.30223844386892357
0.28372600730351316 0.91815664661876939 -0.23525981916069277 -0.14539856442846155
0.69433814247007786 -0.096932376285641386 0.018512436565410795 0.71285057903548732
0.74280433061289752 0.66438439089266654 0.04846618814282122 0.066978624708229934
-0.91815664661876895 0.20530606758328243 -0.33219219544633383 -0.066978624708229934
0.39209969860115435 0.41061213516656359 -0.77275808219030817 -0.28372600730351266
-0.55601069959502558 -0.55601069959502536 -0.61591820274984621 0.048466188142821276
0.53749826302961523 -0.60447688773784636 0.58596445117243567 -0.048466188142821276
-0.76131676717830787 -0.048466188142820166 0.64587195432725686 -0.029953751577410481
0.53749826302961523 -0.79127051875571808 -0.28372600730351283 0.066978624708229906
-0.18679363101787169 -0.41061213516656359 0.64587195432725686 -0.61591820274984677
-0.76131676717830787 -0.55601069959502614 0.17535231600587217 0.28372600730351266
-0.50754451145220592 0.2053060675832826 -0.58596445117243623 -0.59740576618443608
0.53749826302961523 -0.1453985644284615 -0.76131676717830743 -0.33219219544633377
0.64587195432725653 -0.23525981916069172 0.64587195432725686 -0.3321921954463336
-0.50754451145220592 0.39209969860115451 0.28372600730351305 -0.71285057903548732
-0.76131676717830787 -0.33219219544633372 -0.53749826302961556 0.14539856442846161
0.22381850414869231 0.096932376285641386 -0.58596445117243623 -0.77275808219030839
0.18679363101787186 0.91815664661877028 -0.17535231600587237 0.3022384438689239
0.58596445117243579 0.23525981916069247 0.64587195432725686 0.4291245717319746
-0.50754451145220592 -0.25377225572610274 0.76131676717830821 -0.31367975888092314
-0.64587195432725719 0.74280433061289819 -0.17535231600587237 0.018512436565410517
-0.76131676717830787 0.31367975888092337 -0.50754451145220547 -0.2537722557261024
0.18679363101787186 0.69433814247007763 0.53749826302961612 0.44056588674397507
-0.50754451145220592 -0.83973670689853896 0.18679363101787158 0.048466188142820138
-0.64587195432725764 -0.6159182027498471 -0.28372600730351338 0.35070463201174384
0.048466188142820804 -0.066978624708231599 -0.74280433061289675 0.66438439089266643
-0.23525981916069183 -0.12688612786305031 0.25377225572610262 -0.9295979616307688
-0.23525981916069183 -0.55601069959502503 0.44056588674397434 -0.66438439089266643
-0.42912457173197466 0.79127051875571786 0.3136797588809232 -0.3022384438689224
-0.23525981916069183 -0.83973670689853797 0.018512436565410129 -0.48903207488679484
-0.28372600730351288 0.5189858264642051 0.3136797588809232 -0.74280433061289719
-0.42912457173197466 0.04846618814282011 0.88820289504135874 0.15683987944046177
-0.048466188142820277 0.06697862470823196 0.74280433061289686 -0.66438439089266643
-0.048466188142820277 -0.77275808219030662 0.61591820274984632 -0.14539856442846194
-0.83973670689853874 0.33219219544633349 0.27228469229151286 -0.33219219544633238
0.6159182027498451 0.048466188142819666 -0.55601069959502547 0.55601069959502603
0.6159182027498451 0.64587195432725597 -0.41061213516656464 0.1867936310178723
0.59740576618443642 -0.58596445117243623 0.20530606758328129 0.50754451145220436
0.6159182027498451 0.71285057903548743 0.30223844386892285 0.14539856442846189
0.066978624708231238 -0.33219219544633349 0.20530606758328129 0.91815664661876917
0.59740576618443642 -0.30223844386892279 -0.66438439089266677 0.33219219544633238
0.6159182027498451 0.15683987944046146 0.59740576618443597 0.4890320748867949
-0.55601069959502591 -0.5189858264642051 0.20530606758328121 0.6159182027498461
0.5974057661844363 0.48903207488679512 -0.61591820274984532 -0.15683987944046177
0.79127051875571786 -0.36214594702374348 0.41061213516656481 0.27228469229151347
0.15683987944046102 0.23525981916069336 0.94811039819617848 -0.1453985644284625
0.048466188142820027 0.77275808219030639 -0.61591820274984632 0.1453985644284625
0.83973670689853841 -0.33219219544633383 -0.27228469229151336 0.33219219544633216
0.048466188142819971 0.92959796163076891 0.36214594702374259 0.048466188142821109
0.15683987944046229 0.048466188142819999 -0.27228469229151336 0.94811039819617915
0.83973670689853852 0.1568398794404614 -0.51898582646420499 0.029953751577409204
0.28372600730351261 -0.22381850414869325 -0.88820289504135852 -0.28372600730351155
-0.39209969860115307 0.41061213516656425 0.77275808219030695 -0.28372600730351338
-0.39209969860115307 -0.50754451145220503 0.71285057903548721 0.28372600730351155
-0.91815664661876928 0.18679363101787247 -0.30223844386892235 -0.17535231600587134
-0.39209969860115312 -0.74280433061289797 -0.33219219544633272 0.42912457173197316
-0.23525981916069286 -0.25377225572610179 -0.30223844386892235 -0.88820289504135919
-0.91815664661876939 0.28372600730351272 0.14539856442846216 -0.23525981916069111
0.096932376285640165 0.69433814247007675 -0.71285057903548787 0.018512436565410795
-0.39209969860115329 0.029953751577409538 -0.91815664661876895 -0.048466188142820943
0.7727580821903075 -0.048466188142819999 -0.30223844386892235 -0.55601069959502625
0.096932376285640165 0.9295979616307698 0.33219219544633311 -0.12688612786305103
-0.91815664661876939 -0.048466188142820832 0.39209969860115323 -0.029953751577409177
-0.3321921954463336 0.60447688773784569 -0.71285057903548799 -0.12688612786305153
0.23525981916069305 0.15683987944046163 -0.14539856442846238 0.94811039819618004
0.71285057903548743 0.51898582646420521 -0.30223844386892224 0.36214594702374336
0.096932376285640165 0.15683987944046157 0.91815664661876972 0.35070463201174357
-0.77275808219030817 -0.048466188142820138 -0.14539856442846238 0.61591820274984665
-0.91815664661876928 -0.35070463201174329 0.096932376285640165 0.15683987944046177
0.23525981916069305 0.48903207488679556 -0.39209969860115373 0.74280433061289786
-0.59740576618443486 -0.58596445117243601 -0.20530606758328201 0.50754451145220525
0.71285057903548643 -0.28372600730351205 0.3920996986011544 -0.50754451145220525
-0.30223844386892357 0.17535231600587217 0.91815664661876883 0.18679363101787241
-0.31367975888092303 0.30223844386892162 -0.42912457173197366 0.79127051875571819
-0.31367975888092303 0.74280433061289608 -0.28372600730351333 0.51898582646420566
0.4405658867439744 -0.35070463201174423 -0.74280433061289752 0.36214594702374237
-0.31367975888092303 0.76131676717830732 0.25377225572610151 0.50754451145220525
0.018512436565411294 -0.17535231600587217 -0.74280433061289752 0.64587195432725597
0.4405658867439744 0.53749826302961523 -0.69433814247007675 -0.18679363101787239
0.55601069959502436 0.55601069959502614 0.61591820274984599 -0.048466188142821442
-0.53749826302961468 0.60447688773784525 -0.58596445117243656 0.048466188142821442
0.76131676717830798 0.048466188142819555 -0.64587195432725608 0.029953751577409371
-0.048466188142820221 -0.92959796163076891 -0.3621459470237427 -0.048466188142821498
-0.15683987944046213 -0.048466188142819555 0.27228469229151342 -0.94811039819617915
-0.83973670689853819 -0.15683987944046138 0.51898582646420544 -0.029953751577409371
-0.048466188142820166 -0.18679363101787205 -0.83973670689853774 -0.50754451145220514
0.74280433061289675 0.17535231600587217 0.27228469229151342 -0.58596445117243623
-0.83973670689853819 -0.50754451145220525 0.048466188142820193 0.18679363101787241
-0.35070463201174373 0.28372600730351233 -0.61591820274984665 -0.64587195432725653
-0.36214594702374314 -0.74280433061289775 -0.35070463201174396 -0.44056588674397273
0.55601069959502514 -0.23525981916069211 0.66438439089266732 0.44056588674397273
-0.7912705187557183 -0.42912457173197327 0.30223844386892335 0.31367975888092348
-0.018512436565410295 0.71285057903548688 0.6943381424700763 0.096932376285639943
-0.12688612786305115 0.33219219544633327 -0.92959796163076858 -0.096932376285639943
0.94811039819617915 -0.14539856442846216 -0.15683987944046188 -0.2352598191606923
-0.1268861278630512 0.88820289504135896 0.029953751577409954 -0.44056588674397273
0.5560106995950258 0.42912457173197327 -0.15683987944046188 0.69433814247007719
0.94811039819617915 -0.018512436565410184 -0.048466188142821276 -0.31367975888092342
0.12688612786305203 -0.23525981916069238 0.92959796163076946 0.25377225572610207
-0.12688612786305115 0.28372600730351322 0.94811039819617871 -0.066978624708230017
-0.60447688773784591 0.41061213516656309 -0.15683987944046185 0.66438439089266732
0.12688612786305203 -0.79127051875571874 -0.029953751577409954 0.59740576618443519
0.94811039819617915 -0.066978624708230239 0.12688612786305115 -0.28372600730351355
-0.04846618814282011 -0.20530606758328163 0.92959796163076946 0.3022384438689234
-0.55601069959502625 -0.55601069959502569 0.048466188142821331 -0.61591820274984665
-0.92959796163076902 -0.1753523160058722 -0.15683987944046202 -0.28372600730351255
0.12688612786305203 -0.18679363101787225 -0.94811039819617982 0.22381850414869212
0.60447688773784647 -0.53749826302961567 0.048466188142821331 -0.58596445117243667
0.94811039819617926 -0.22381850414869223 0.12688612786305192 -0.18679363101787239
-0.55601069959502625 -0.50754451145220569 -0.12688612786305137 -0.64587195432725664
0.12688612786305203 0.74280433061289752 -0.5560106995950258 -0.35070463201174357
0.15683987944046207 0.83973670689853952 0.029953751577410037 -0.51898582646420577
0.23525981916069194 -0.15683987944046052 -0.14539856442846094 -0.94811039819617915
0.23525981916069194 -0.25377225572610229 0.3022384438689234 -0.88820289504135852
-0.096932376285641719 0.69433814247007697 0.71285057903548688 0.018512436565410573
0.029953751577410204 0.64587195432725486 -0.048466188142820776 0.7613167671783081
0.029953751577410204 0.59740576618443508 0.12688612786305037 0.79127051875571797
-0.048466188142819833 -0.61591820274984677 -0.55601069959502558 0.5560106995950248
0.029953751577410231 0.44056588674397423 0.12688612786305087 0.88820289504135852
-0.15683987944046085 -0.69433814247007697 -0.55601069959502558 0.42912457173197432
-0.048466188142819833 0.31367975888092292 -0.94811039819617937 -0.018512436565410573
-0.20530606758328201 -0.50754451145220414 0.59740576618443542 -0.58596445117243645
-0.20530606758328201 -0.91815664661876828 0.066978624708231377 -0.33219219544633416
-0.41061213516656425 0.39209969860115479 0.28372600730351294 -0.77275808219030684
-0.20530606758328201 -0.61591820274984599 -0.5560106995950248 -0.51898582646420521
0.30223844386892235 0.35070463201174429 0.28372600730351294 -0.83973670689853819
-0.41061213516656425 -0.27228469229151242 0.7912705187557183 -0.36214594702374292
-0.20530606758328196 -0.018512436565410406 -0.41061213516656386 -0.88820289504135852
0.59740576618443553 0.69433814247007697 0.28372600730351294 -0.28372600730351299
-0.66438439089266721 0.44056588674397462 0.55601069959502525 0.23525981916069247
-0.41061213516656425 -0.88820289504135874 0.20530606758328185 0.018512436565410628
-0.61591820274984643 0.2537722557261024 -0.066978624708231488 -0.74280433061289752
-0.30223844386892262 0.31367975888092314 -0.79127051875571885 0.42912457173197477
0.59740576618443453 0.58596445117243601 0.20530606758328249 -0.50754451145220525
-0.7128505790354861 -0.018512436565411461 -0.096932376285641275 0.69433814247007719
-0.7128505790354861 0.28372600730351238 -0.39209969860115473 0.50754451145220525
0.30223844386892396 -0.17535231600587251 -0.91815664661876872 -0.18679363101787208
0.31367975888092242 -0.76131676717830743 -0.25377225572610163 -0.50754451145220525
-0.018512436565411239 0.17535231600587251 0.74280433061289719 -0.6458719543272563
-0.44056588674397457 -0.53749826302961479 0.69433814247007708 0.18679363101787208
0.048466188142820693 0.18679363101787172 0.83973670689853774 0.50754451145220525
-0.74280433061289686 -0.17535231600587251 -0.27228469229151292 0.58596445117243601
0.83973670689853819 0.50754451145220525 -0.048466188142820638 -0.18679363101787211
0.35070463201174407 -0.28372600730351266 0.61591820274984643 0.64587195432725641
-0.61591820274984599 -0.69433814247007686 -0.27228469229151292 -0.25377225572610246
0.48903207488679534 -0.018512436565410517 -0.83973670689853852 -0.23525981916069247
0.74280433061289775 -0.31367975888092314 0.51898582646420588 -0.28372600730351333
0.8397367068985383 0.23525981916069205 0.48903207488679518 -0.018512436565410628
-0.15683987944046193 -0.88820289504135963 0.048466188142820527 -0.42912457173197477
0.41061213516656359 0.39209969860115396 -0.28372600730351183 -0.7727580821903075
-0.61591820274984543 0.12688612786305048 0.48903207488679412 0.60447688773784691
-0.61591820274984543 -0.14539856442846139 -0.048466188142821526 0.7727580821903075
-0.27228469229151187 -0.33219219544633383 -0.83973670689853841 -0.33219219544633349
0.55601069959502469 -0.55601069959502447 -0.048466188142820721 -0.6159182027498471
0.55601069959502469 -0.42912457173197366 -0.15683987944046054 -0.69433814247007752
0.12688612786305081 0.23525981916069344 0.92959796163076891 -0.25377225572610196
0.5560106995950248 -0.30223844386892329 -0.048466188142819666 -0.7727580821903075
0.12688612786305031 0.33219219544633383 0.92959796163076891 -0.096932376285641275
0.12688612786305084 -0.71285057903548665 0.6044768877378468 0.33219219544633349
-0.94811039819618004 -0.14539856442846155 0.15683987944046071 -0.23525981916069172
-0.31367975888092231 0.33219219544633338 0.44056588674397384 0.77275808219030739
-0.42912457173197383 -0.33219219544633383 -0.74280433061289708 0.39209969860115407
0.88820289504135952 -0.30223844386892357 -0.25377225572610207 0.23525981916069172
0.44056588674397412 0.77275808219030773 0.31367975888092275 -0.33219219544633355
0.23525981916069277 0.14539856442846155 0.28372600730351316 0.91815664661876939
-0.018512436565410795 -0.71285057903548732 0.69433814247007786 -0.096932376285641386
-0.42912457173197399 -0.79127051875571752 0.31367975888092203 0.30223844386892373
0.83973670689853741 0.33219219544633349 -0.27228469229151259 -0.33219219544633438
0.83973670689853741 0.28372600730351233 0.3507046320117444 -0.30223844386892373
-0.04846618814282122 -0.066978624708229934 0.74280433061289752 0.66438439089266654
-0.7128505790354861 0.61591820274984599 -0.145398564428462 0.30223844386892373
0.33219219544633383 0.066978624708229934 -0.91815664661876895 0.20530606758328243
0.30223844386892312 0.59740576618443564 -0.33219219544633394 -0.66438439089266654
0.77275808219030817 0.28372600730351266 0.39209969860115435 0.41061213516656359
0.25377225572610235 0.92959796163076858 0.23525981916069236 -0.12688612786305209
-0.59740576618443486 0.029953751577410453 -0.79127051875571786 0.12688612786305209
0.61591820274984621 -0.048466188142821276 -0.55601069959502558 -0.55601069959502536
0.22381850414869189 -0.94811039819617893 0.1867936310178715 -0.12688612786305209
-0.58596445117243567 0.048466188142821276 0.53749826302961523 -0.60447688773784636
-0.64587195432725608 -0.12688612786305142 0.50754451145220547 0.55601069959502536
0.22381850414869189 -0.66438439089266599 -0.64587195432725597 -0.30223844386892373
0.28372600730351283 -0.066978624708229906 0.53749826302961523 -0.79127051875571808
-0.64587195432725686 0.61591820274984677 -0.18679363101787169 -0.41061213516656359
-0.64587195432725608 -0.30223844386892362 -0.22381850414869217 0.66438439089266654
-0.17535231600587217 -0.28372600730351266 -0.76131676717830787 -0.55601069959502614
0.58596445117243623 0.59740576618443608 -0.50754451145220592 0.2053060675832826
0.76131676717830743 0.33219219544633377 0.53749826302961523 -0.1453985644284615
-0.64587195432725686 0.3321921954463336 0.64587195432725653 -0.23525981916069172
-0.28372600730351305 0.71285057903548732 -0.50754451145220592 0.39209969860115451
-0.64587195432725608 0.23525981916069183 -0.64587195432725641 0.33219219544633355
0.58596445117243623 0.77275808219030839 0.22381850414869231 0.096932376285641386
-0.64587195432725686 -0.4291245717319746 0.58596445117243579 0.23525981916069247
-0.53749826302961612 -0.44056588674397507 0.18679363101787186 0.69433814247007763
0.35070463201174351 0.30223844386892218 -0.83973670689853752 0.28372600730351277
0.74280433061289675 -0.66438439089266643 0.048466188142820804 -0.066978624708231599
-0.69433814247007586 -0.15683987944046096 0.42912457173197427 -0.55601069959502536
-0.25377225572610262 0.9295979616307688 -0.23525981916069183 -0.12688612786305031
-0.69433814247007586 -0.59740576618443542 0.28372600730351261 -0.28372600730351272
-0.44056588674397434 0.66438439089266643 -0.23525981916069183 -0.55601069959502503
-0.25377225572610262 0.61591820274984554 0.74280433061289708 0.066978624708231599
-0.69433814247007597 -0.61591820274984554 -0.25377225572610262 -0.27228469229151286
-0.018512436565410129 0.48903207488679484 -0.23525981916069183 -0.83973670689853797
-0.25377225572610268 -0.27228469229151314 0.69433814247007608 0.61591820274984599
-0.88820289504135874 -0.15683987944046177 -0.42912457173197466 0.04846618814282011
0.39209969860115368 -0.41061213516656475 -0.77275808219030584 0.28372600730351299
-0.35070463201174301 -0.30223844386892207 0.83973670689853797 -0.28372600730351299
-0.74280433061289686 0.66438439089266643 -0.048466188142820277 0.06697862470823196
-0.35070463201174296 -0.91815664661876839 0.15683987944046188 0.096932376285640498
-0.61591820274984632 0.14539856442846194 -0.048466188142820277 -0.77275808219030662
-0.74280433061289697 0.39209969860115346 0.4890320748867944 0.23525981916069316
-0.7613167671783071 0.048466188142821665 0.64587195432725542 0.029953751577409427
0.79127051875571675 0.12688612786305109 -0.59740576618443564 -0.029953751577409427
0.55601069959502547 -0.55601069959502603 0.6159182027498451 0.048466188142819666
0.79127051875571675 0.53749826302961556 -0.066978624708231294 -0.28372600730351183
0.41061213516656464 -0.1867936310178723 0.6159182027498451 0.64587195432725597
0.55601069959502547 -0.76131676717830721 -0.28372600730351322 0.17535231600587034
0.79127051875571697 0.23525981916069277 0.55601069959502536 -0.096932376285640554
-0.30223844386892285 -0.14539856442846189 0.6159182027498451 0.71285057903548743
0.55601069959502558 -0.096932376285640609 -0.79127051875571719 -0.23525981916069322
0.66438439089266677 -0.33219219544633238 0.59740576618443642 -0.30223844386892279
-0.59740576618443597 -0.4890320748867949 0.6159182027498451 0.15683987944046146
0.55601069959502558 0.51898582646420488 -0.20530606758328096 -0.61591820274984599
0.018512436565411405 -0.7128505790354871 -0.69433814247007541 -0.096932376285639887
0.12688612786305065 -0.33219219544633194 0.9295979616307688 0.096932376285639887
-0.94811039819617848 0.1453985644284625 0.15683987944046102 0.23525981916069336
0.35070463201174301 0.91815664661876839 -0.15683987944046221 -0.096932376285639832
0.61591820274984632 -0.1453985644284625 0.048466188142820027 0.77275808219030639
0.7428043306128963 -0.39209969860115351 -0.4890320748867949 -0.23525981916069336
0.35070463201174296 0.55601069959502569 0.74280433061289619 0.12688612786305153
-0.36214594702374259 -0.048466188142821109 0.048466188142819971 0.92959796163076891
0.74280433061289652 0.12688612786305148 -0.35070463201174318 -0.55601069959502625
0.51898582646420499 -0.029953751577409204 0.83973670689853852 0.1568398794404614
-0.15683987944046204 0.53749826302961601 0.51898582646420444 0.64587195432725464
0.018512436565410462 0.17535231600587114 -0.74280433061289763 -0.64587195432725464
0.88820289504135852 0.28372600730351155 0.28372600730351261 -0.22381850414869325
0.58596445117243523 -0.59740576618443586 -0.50754451145220414 -0.20530606758328082
-0.33219219544633305 0.066978624708230794 0.91815664661876861 0.20530606758328082
-0.77275808219030695 0.28372600730351338 -0.39209969860115307 0.41061213516656425
-0.33219219544633305 -0.64587195432725653 0.23525981916069258 0.64587195432725464
-0.71285057903548721 -0.28372600730351155 -0.39209969860115307 -0.50754451145220503
-0.77275808219030695 0.58596445117243556 -0.096932376285640276 0.22381850414869325
0.30223844386892235 0.17535231600587134 -0.91815664661876928 0.18679363101787247
-0.33219219544633311 -0.31367975888092381 -0.77275808219030684 0.44056588674397323
0.33219219544633272 -0.42912457173197316 -0.39209969860115312 -0.74280433061289797
0.30223844386892235 0.88820289504135919 -0.23525981916069286 -0.25377225572610179
-0.77275808219030695 0.44056588674397346 0.33219219544633327 0.31367975888092425
-0.14539856442846216 0.23525981916069111 -0.91815664661876939 0.28372600730351272
0.71285057903548787 -0.018512436565410795 0.096932376285640165 0.69433814247007675
0.91815664661876895 0.048466188142820943 -0.39209969860115329 0.029953751577409538
0.30223844386892235 0.55601069959502625 0.7727580821903075 -0.048466188142819999
-0.33219219544633311 0.12688612786305103 0.096932376285640165 0.9295979616307698
-0.77275808219030695 0.048466188142820166 0.30223844386892201 0.55601069959502625
0.71285057903548799 0.12688612786305153 -0.3321921954463336 0.60447688773784569
0.30223844386892224 -0.36214594702374336 0.71285057903548743 0.51898582646420521
0.39209969860115373 -0.74280433061289786 0.23525981916069305 0.48903207488679556
-0.41061213516656286 -0.39209969860115418 0.28372600730351283 0.77275808219030684
-0.41061213516656286 -0.18679363101787219 -0.61591820274984588 0.64587195432725575
0.20530606758328201 -0.50754451145220525 -0.59740576618443486 -0.58596445117243601
0.23525981916069169 -0.64587195432725542 0.33219219544633394 -0.64587195432725575
-0.3920996986011544 0.50754451145220525 0.71285057903548643 -0.28372600730351205
-0.096932376285641053 -0.22381850414869195 0.77275808219030706 0.58596445117243612
0.23525981916069194 0.12688612786305026 -0.25377225572610129 0.9295979616307688
0.23525981916069194 0.55601069959502381 -0.44056588674397407 0.66438439089266699
0.42912457173197366 -0.79127051875571819 -0.31367975888092303 0.30223844386892162
0.23525981916069194 0.83973670689853719 -0.018512436565411128 0.48903207488679501
0.28372600730351333 -0.51898582646420566 -0.31367975888092303 0.74280433061289608
0.4291245717319736 -0.048466188142820721 -0.88820289504135874 -0.1568398794404624
0.23525981916069194 0.58596445117243556 0.42912457173197349 0.64587195432725575
-0.25377225572610151 -0.50754451145220525 -0.31367975888092303 0.76131676717830732
0.42912457173197366 0.64587195432725597 -0.23525981916069183 -0.58596445117243601
0.69433814247007675 0.18679363101787239 0.4405658867439744 0.53749826302961523
-0.2537722557261009 -0.92959796163076858 -0.23525981916069189 0.12688612786305162
0.59740576618443386 -0.029953751577409399 0.79127051875571797 -0.12688612786305162
-0.61591820274984599 0.048466188142821442 0.55601069959502436 0.55601069959502614
-0.22381850414869167 0.94811039819617826 -0.18679363101787283 0.12688612786305162
0.58596445117243656 -0.048466188142821442 -0.53749826302961468 0.60447688773784525
0.64587195432725542 0.12688612786305054 -0.50754451145220481 -0.55601069959502614
-0.35070463201174351 -0.55601069959502558 -0.74280433061289608 -0.12688612786305173
0.3621459470237427 0.048466188142821498 -0.048466188142820221 -0.92959796163076891
-0.74280433061289641 -0.12688612786305176 0.35070463201174351 0.55601069959502614
-0.51898582646420544 0.029953751577409371 -0.83973670689853819 -0.15683987944046138
0.28372600730351172 0.88820289504135874 -0.22381850414869175 0.28372600730351161
-0.74280433061289586 -0.66438439089266699 -0.048466188142819833 -0.066978624708229684
-0.74280433061289586 -0.31367975888092303 -0.51898582646420599 -0.28372600730351161
0.35070463201174396 0.44056588674397273 -0.36214594702374314 -0.74280433061289775
0.59740576618443453 -0.69433814247007664 0.28372600730351377 0.28372600730351161
-0.66438439089266732 -0.44056588674397273 0.55601069959502514 -0.23525981916069211
-0.61591820274984532 -0.25377225572610174 -0.066978624708230128 0.74280433061289775
-0.30223844386892335 -0.31367975888092348 -0.7912705187557183 -0.42912457173197327
0.18679363101787194 -0.9181566466187685 -0.17535231600587164 -0.30223844386892162
0.25377225572610179 0.23525981916069205 0.88820289504135852 0.30223844386892162
-0.6943381424700763 -0.096932376285639943 -0.018512436565410295 0.71285057903548688
-0.048466188142819944 0.77275808219030717 -0.55601069959502525 -0.30223844386892162
0.92959796163076858 0.096932376285639943 -0.12688612786305115 0.33219219544633327
0.60447688773784536 -0.33219219544633316 -0.12688612786305192 -0.71285057903548688
-0.048466188142819944 0.74280433061289719 0.60447688773784536 -0.28372600730351155
-0.029953751577409954 0.44056588674397273 -0.1268861278630512 0.88820289504135896
0.15683987944046188 -0.69433814247007719 0.5560106995950258 0.42912457173197327
0.60447688773784558 -0.28372600730351183 0.048466188142819944 -0.74280433061289763
0.048466188142821276 0.31367975888092342 0.94811039819617915 -0.018512436565410184
-0.92959796163076946 -0.25377225572610207 0.12688612786305203 -0.23525981916069238
-0.94811039819617871 0.066978624708230017 -0.12688612786305115 0.28372600730351322
0.15683987944046185 -0.66438439089266732 -0.60447688773784591 0.41061213516656309
0.029953751577409954 -0.59740576618443519 0.12688612786305203 -0.79127051875571874
0.60447688773784547 -0.41061213516656303 0.15683987944046177 -0.6643843908926671
-0.92959796163076946 -0.3022384438689234 -0.04846618814282011 -0.20530606758328163
0.15683987944046202 0.28372600730351255 -0.92959796163076902 -0.1753523160058722
0.12688612786305137 0.64587195432725664 -0.55601069959502625 -0.50754451145220569
-0.33219219544633316 -0.27228469229151153 -0.33219219544633272 -0.83973670689853797
-0.33219219544633316 -0.12688612786305059 0.096932376285641608 -0.92959796163076813
0.14539856442846094 0.94811039819617915 0.23525981916069194 -0.15683987944046052
-0.33219219544633327 -0.42912457173197394 0.39209969860115351 -0.74280433061289652
-0.3022384438689234 0.88820289504135852 0.23525981916069194 -0.25377225572610229
0.14539856442846089 0.23525981916069227 0.9181566466187685 0.28372600730351294
0.60447688773784569 0.48903207488679318 -0.12688612786305087 0.61591820274984621
0.60447688773784569 0.5374982630296139 0.048466188142819833 0.58596445117243579
0.048466188142820776 -0.7613167671783081 0.029953751577410204 0.64587195432725486
0.60447688773784569 0.41061213516656364 0.15683987944046068 0.66438439089266599
-0.12688612786305037 -0.79127051875571797 0.029953751577410204 0.59740576618443508
0.048466188142820776 -0.20530606758328251 -0.9295979616307688 0.30223844386892207
0.60447688773784569 0.28372600730351272 0.048466188142820554 0.74280433061289641
-0.12688612786305087 -0.88820289504135852 0.029953751577410231 0.44056588674397423
0.048466188142820832 0.74280433061289697 -0.6044768877378458 -0.28372600730351299
0.94811039819617937 0.018512436565410573 -0.048466188142819833 0.31367975888092292
-0.61591820274984577 -0.048466188142819833 0.55601069959502447 -0.55601069959502558
-0.61591820274984577 -0.64587195432725508 0.41061213516656381 -0.18679363101787239
-0.59740576618443542 0.58596445117243645 -0.20530606758328201 -0.50754451145220414
-0.61591820274984577 -0.71285057903548643 -0.30223844386892207 -0.14539856442846205
-0.066978624708231377 0.33219219544633416 -0.20530606758328201 -0.91815664661876828
-0.59740576618443531 0.30223844386892357 0.66438439089266654 -0.33219219544633227
-0.61591820274984577 -0.15683987944046165 -0.59740576618443497 -0.48903207488679423
-0.7912705187557183 0.36214594702374292 -0.41061213516656425 -0.27228469229151242
0.41061213516656386 0.88820289504135852 -0.20530606758328196 -0.018512436565410406
-0.28372600730351294 0.28372600730351299 0.59740576618443553 0.69433814247007697
-0.55601069959502525 -0.23525981916069247 -0.66438439089266721 0.44056588674397462
-0.59740576618443542 -0.6943381424700763 -0.28372600730351305 0.28372600730351311
0.066978624708231488 0.74280433061289752 -0.61591820274984643 0.2537722557261024
0.41061213516656253 0.18679363101787197 0.61591820274984632 -0.64587195432725553
-0.20530606758328249 0.50754451145220525 0.59740576618443453 0.58596445117243601
-0.23525981916069125 0.15683987944045977 0.14539856442846183 0.94811039819617904
-0.23525981916069125 0.25377225572610107 -0.30223844386892351 0.88820289504135841
0.096932376285641275 -0.69433814247007719 -0.7128505790354861 -0.018512436565411461
-0.23525981916069125 0.64587195432725586 -0.33219219544633394 0.64587195432725553
0.39209969860115473 -0.50754451145220525 -0.7128505790354861 0.28372600730351238
0.096932376285641386 0.22381850414869142 -0.77275808219030728 -0.58596445117243601
-0.23525981916069255 -0.58596445117243556 -0.42912457173197371 -0.64587195432725553
0.25377225572610163 0.50754451145220525 0.31367975888092242 -0.76131676717830743
-0.42912457173197383 -0.64587195432725575 0.23525981916069238 0.5859644511724359
-0.69433814247007708 -0.18679363101787208 -0.44056588674397457 -0.53749826302961479
0.27228469229151292 0.25377225572610246 -0.61591820274984599 -0.69433814247007686
-0.048466188142820527 0.42912457173197477 -0.15683987944046193 -0.88820289504135963
0.066978624708230183 0.048466188142821276 -0.66438439089266565 -0.74280433061289719
0.066978624708230183 0.33219219544633305 0.20530606758328263 -0.91815664661876817
0.28372600730351183 0.7727580821903075 0.41061213516656359 0.39209969860115396
-0.15683987944046066 0.048466188142819666 0.27228469229151164 0.94811039819617893
-0.48903207488679412 -0.60447688773784691 -0.61591820274984543 0.12688612786305048
-0.15683987944046063 0.096932376285641386 -0.35070463201174401 0.91815664661876817
0.048466188142821526 -0.7727580821903075 -0.61591820274984543 -0.14539856442846139
-0.48903207488679412 0.23525981916069152 -0.74280433061289741 -0.39209969860115385
-0.02995375157741112 -0.64587195432725475 0.048466188142819722 -0.76131676717830787
-0.02995375157741112 -0.59740576618443408 -0.12688612786305081 -0.79127051875571808
0.048466188142820721 0.6159182027498471 0.55601069959502469 -0.55601069959502447
-0.029953751577411092 -0.44056588674397351 -0.12688612786305015 -0.88820289504135841
0.15683987944046054 0.69433814247007752 0.55601069959502469 -0.42912457173197366
0.04846618814282061 -0.31367975888092192 0.94811039819617926 0.018512436565410628
-0.029953751577411009 -0.39209969860115368 0.048466188142820832 -0.91815664661876806
0.048466188142819666 0.7727580821903075 0.5560106995950248 -0.30223844386892329
-0.92959796163076891 0.096932376285641275 0.12688612786305031 0.33219219544633383
0.04846618814282061 -0.9181566466187685 0.029953751577410814 0.3920996986011539
-0.6044768877378468 -0.33219219544633349 0.12688612786305084 -0.71285057903548665
-0.15683987944046071 0.23525981916069172 -0.94811039819618004 -0.14539856442846155
-0.44056588674397384 -0.77275808219030739 -0.31367975888092231 0.33219219544633338
0.74280433061289708 -0.39209969860115407 -0.42912457173197383 -0.33219219544633383
0.25377225572610207 -0.23525981916069172 0.88820289504135952 -0.30223844386892357
0.42912457173197366 0.33219219544633344 0.74280433061289697 -0.3920996986011539
-0.28372600730351316 -0.91815664661876939 0.23525981916069277 0.14539856442846155
-0.44056588674397301 -0.35070463201174373 0.74280433061289641 0.3621459470237442
-0.44056588674397301 -0.66438439089266577 -0.23525981916069305 0.55601069959502547
-0.31367975888092203 -0.30223844386892373 -0.42912457173197399 -0.79127051875571752
0.61591820274984432 -0.12688612786305054 -0.48903207488679479 -0.60447688773784658
0.61591820274984432 0.14539856442846211 0.048466188142821137 -0.7727580821903075
0.27228469229151259 0.33219219544633438 0.83973670689853741 0.33219219544633349
0.61591820274984432 -0.20530606758328224 0.51898582646420532 -0.55601069959502547
-0.3507046320117444 0.30223844386892373 0.83973670689853741 0.28372600730351233
0.27228469229151253 -0.41061213516656314 0.36214594702374414 0.79127051875571763
-0.23525981916069097 0.79127051875571719 0.096932376285640776 0.55601069959502558
0.145398564428462 -0.30223844386892373 -0.7128505790354861 0.61591820274984599
0.91815664661876895 -0.20530606758328243 0.33219219544633383 0.066978624708229934
0.09693237628564072 0.55601069959502558 0.23525981916069141 -0.79127051875571763
0.33219219544633394 0.66438439089266654 0.30223844386892312 0.59740576618443564
-0.39209969860115435 -0.41061213516656359 0.77275808219030817 0.28372600730351266
0.42912457173197299 0.79127051875571719 -0.31367975888092298 -0.30223844386892351
0.42912457173197299 0.55601069959502503 0.69433814247007675 -0.1568398794404621
-0.23525981916069236 0.12688612786305209 0.25377225572610235 0.92959796163076858
-0.41061213516656259 0.6044768877378458 -0.66438439089266632 0.1568398794404621
0.79127051875571786 -0.12688612786305209 -0.59740576618443486 0.029953751577410453
0.20530606758328174 0.04846618814282011 -0.30223844386892351 -0.92959796163076858
-0.1753523160058722 -0.92959796163076802 -0.28372600730351272 -0.15683987944046204
-0.1867936310178715 0.12688612786305209 0.22381850414869189 -0.94811039819617893
-0.2837260073035125 -0.15683987944046218 0.17535231600587206 0.92959796163076858
-0.50754451145220547 -0.55601069959502536 -0.64587195432725608 -0.12688612786305142
0.64587195432725597 0.30223844386892373 0.22381850414869189 -0.66438439089266599
-0.53749826302961523 0.79127051875571808 0.28372600730351283 -0.066978624708229906
0.18679363101787169 0.41061213516656359 -0.64587195432725686 0.61591820274984677
-0.2837260073035125 0.066978624708230017 -0.53749826302961512 0.79127051875571752
0.76131676717830787 0.55601069959502614 -0.17535231600587217 -0.28372600730351266
-0.53749826302961523 0.1453985644284615 0.76131676717830743 0.33219219544633377
-0.22381850414869231 -0.096932376285641386 0.58596445117243623 0.77275808219030839
0.51898582646420444 0.55601069959502447 -0.61591820274984543 -0.20530606758328149
0.83973670689853752 -0.28372600730351277 0.35070463201174351 0.30223844386892218
0.36214594702374275 -0.79127051875571708 -0.27228469229151242 -0.41061213516656425
-0.88820289504135741 -0.12688612786305131 0.4405658867439739 0.029953751577410093
-0.42912457173197427 0.55601069959502536 -0.69433814247007586 -0.15683987944046096
0.01851243656541024 0.94811039819617848 0.31367975888092298 -0.048466188142819444
-0.88820289504135741 -0.41061213516656397 0.018512436565410073 0.20530606758328149
-0.28372600730351261 0.28372600730351272 -0.69433814247007586 -0.59740576618443542
0.018512436565410295 0.2053060675832814 0.88820289504135785 0.41061213516656425
-0.74280433061289708 -0.066978624708231599 -0.25377225572610262 0.61591820274984554
0.25377225572610262 0.27228469229151286 -0.69433814247007597 -0.61591820274984554
0.018512436565410184 -0.48903207488679468 0.23525981916069155 0.83973670689853763
-0.58596445117243579 0.59740576618443564 0.50754451145220303 0.2053060675832811
0.33219219544633327 -0.066978624708231849 -0.91815664661876784 -0.2053060675832811
0.77275808219030584 -0.28372600730351299 0.39209969860115368 -0.41061213516656475
-0.5189858264642041 -0.5560106995950248 0.61591820274984577 0.20530606758328115
-0.83973670689853797 0.28372600730351299 -0.35070463201174301 -0.30223844386892207
-0.36214594702374259 0.79127051875571686 0.27228469229151275 0.41061213516656475
-0.5189858264642041 -0.71285057903548665 -0.3621459470237427 0.30223844386892235
-0.15683987944046188 -0.096932376285640498 -0.35070463201174296 -0.91815664661876839
-0.36214594702374259 0.30223844386892246 0.5189858264642041 0.71285057903548721
-0.4890320748867944 -0.23525981916069316 -0.74280433061289697 0.39209969860115346
-0.58596445117243512 -0.048466188142819666 0.53749826302961534 0.60447688773784469
-0.64587195432725542 -0.029953751577409427 -0.7613167671783071 0.048466188142821665
0.66438439089266565 0.15683987944046196 -0.41061213516656414 -0.60447688773784458
0.59740576618443564 0.029953751577409427 0.79127051875571675 0.12688612786305109
0.30223844386892251 -0.92959796163076835 0.20530606758328102 -0.04846618814282172
0.66438439089266565 0.22381850414869342 0.30223844386892251 -0.64587195432725497
0.066978624708231294 0.28372600730351183 0.79127051875571675 0.53749826302961556
0.30223844386892251 -0.64587195432725508 -0.6643843908926661 -0.22381850414869348
0.28372600730351322 -0.17535231600587034 0.55601069959502547 -0.76131676717830721
-0.55601069959502536 0.096932376285640554 0.79127051875571697 0.23525981916069277
0.30223844386892262 0.14539856442846189 -0.61591820274984466 -0.71285057903548721
-0.18679363101787294 0.91815664661876784 0.17535231600587067 0.3022384438689219
-0.25377225572610079 -0.23525981916069308 -0.88820289504135785 -0.3022384438689219
0.69433814247007541 0.096932376285639887 0.018512436565411405 -0.7128505790354871
0.048466188142819944 -0.77275808219030595 0.55601069959502603 0.30223844386892185
-0.9295979616307688 -0.096932376285639887 0.12688612786305065 -0.33219219544633194
-0.60447688773784436 0.3321921954463336 0.12688612786305106 0.7128505790354871
0.51898582646420433 0.71285057903548665 0.3621459470237422 -0.30223844386892185
0.15683987944046221 0.096932376285639832 0.35070463201174301 0.91815664661876839
0.36214594702374203 -0.30223844386892207 -0.51898582646420444 -0.71285057903548732
0.4890320748867949 0.23525981916069336 0.7428043306128963 -0.39209969860115351
0.36214594702374225 0.74280433061289741 0.35070463201174185 0.4405658867439734
0.36214594702374225 0.223818504148693 0.48903207488679523 0.76131676717830599
-0.51898582646420444 -0.64587195432725464 -0.15683987944046204 0.53749826302961601
-0.25377225572610185 0.50754451145220458 -0.31367975888092403 -0.76131676717830599
0.74280433061289763 0.64587195432725464 0.018512436565410462 0.17535231600587114
0.69433814247007519 -0.18679363101787233 0.44056588674397362 -0.5374982630296159
-0.28372600730351261 0.22381850414869325 0.88820289504135852 0.28372600730351155
0.18679363101787186 -0.41061213516656392 -0.64587195432725586 -0.61591820274984421
0.50754451145220414 0.20530606758328082 0.58596445117243523 -0.59740576618443586
-0.14539856442846183 -0.30223844386892307 0.71285057903548665 0.61591820274984421
-0.91815664661876861 -0.20530606758328082 -0.33219219544633305 0.066978624708230794
-0.33219219544633238 0.66438439089266621 -0.30223844386892196 0.59740576618443586
-0.14539856442846177 -0.53749826302961579 -0.33219219544633249 0.76131676717830599
-0.23525981916069258 -0.64587195432725464 -0.33219219544633305 -0.64587195432725653
0.39209969860115307 0.50754451145220503 -0.71285057903548721 -0.28372600730351155
-0.33219219544633227 0.76131676717830632 0.14539856442846194 0.53749826302961601
0.096932376285640276 -0.22381850414869325 -0.77275808219030695 0.58596445117243556
0.91815664661876928 -0.18679363101787247 0.30223844386892235 0.17535231600587134
0.77275808219030684 -0.44056588674397323 -0.33219219544633311 -0.31367975888092381
0.39209969860115312 0.74280433061289797 0.33219219544633272 -0.42912457173197316
0.23525981916069286 0.25377225572610179 0.30223844386892235 0.88820289504135919
-0.33219219544633227 0.42912457173197305 0.39209969860115285 0.74280433061289775
0.91815664661876939 -0.28372600730351272 -0.14539856442846216 0.23525981916069111
0.39209969860115329 -0.029953751577409538 0.91815664661876895 0.048466188142820943
0.3321921954463336 -0.60447688773784569 0.71285057903548799 0.12688612786305153
-0.066978624708230017 -0.048466188142821276 0.66438439089266621 0.74280433061289608
-0.066978624708230017 -0.33219219544633405 -0.20530606758328179 0.91815664661876761
-0.28372600730351283 -0.77275808219030684 -0.41061213516656286 -0.39209969860115418
-0.066978624708230017 0.28372600730351188 -0.7912705187557173 0.53749826302961434
0.61591820274984588 -0.64587195432725575 -0.41061213516656286 -0.18679363101787219
-0.28372600730351277 -0.17535231600587201 -0.55601069959502492 -0.76131676717830699
-0.33219219544633305 -0.76131676717830676 0.14539856442846194 -0.53749826302961434
-0.33219219544633394 0.64587195432725575 0.23525981916069169 -0.64587195432725542
0.14539856442846205 -0.53749826302961468 0.33219219544633283 0.7613167671783071
-0.77275808219030706 -0.58596445117243612 -0.096932376285641053 -0.22381850414869195
0.69433814247007586 0.15683987944046024 -0.42912457173197327 0.55601069959502536
0.25377225572610129 -0.9295979616307688 0.23525981916069194 0.12688612786305026
0.69433814247007597 0.59740576618443419 -0.28372600730351316 0.28372600730351311
0.44056588674397407 -0.66438439089266699 0.23525981916069194 0.55601069959502381
0.25377225572610129 -0.61591820274984554 -0.74280433061289686 -0.066978624708231654
0.69433814247007586 0.61591820274984543 0.2537722557261014 0.27228469229151275
0.88820289504135874 0.1568398794404624 0.4291245717319736 -0.048466188142820721
-0.42912457173197222 -0.55601069959502558 -0.6943381424700763 0.15683987944046118
0.23525981916069189 -0.12688612786305162 -0.2537722557261009 -0.92959796163076858
0.41061213516656253 -0.60447688773784469 0.66438439089266688 -0.15683987944046118
-0.79127051875571797 0.12688612786305162 0.59740576618443386 -0.029953751577409399
-0.20530606758328113 -0.048466188142819555 0.3022384438689224 0.92959796163076858
0.17535231600587189 0.92959796163076791 0.28372600730351138 0.15683987944046118
0.18679363101787283 -0.12688612786305162 -0.22381850414869167 0.94811039819617826
0.28372600730351127 0.15683987944046124 -0.17535231600587189 -0.92959796163076858
0.50754451145220481 0.55601069959502614 0.64587195432725542 0.12688612786305054
0.64587195432725431 0.51898582646420521 -0.53749826302961512 0.15683987944046066
0.64587195432725431 0.74280433061289686 0.17535231600587273 0.018512436565410018
0.22381850414869175 -0.28372600730351161 0.28372600730351172 0.88820289504135874
-0.83973670689853608 -0.28372600730351394 -0.35070463201174351 0.30223844386892351
0.048466188142819833 0.066978624708229684 -0.74280433061289586 -0.66438439089266699
-0.83973670689853619 0.235259819160692 -0.48903207488679579 -0.018512436565410018
0.51898582646420599 0.28372600730351161 -0.74280433061289586 -0.31367975888092303
0.048466188142819833 0.42912457173197283 0.15683987944046107 -0.88820289504135874
0.41061213516656259 -0.8882028950413583 -0.20530606758328074 0.018512436565410018
-0.28372600730351377 -0.28372600730351161 0.59740576618443453 -0.69433814247007664
-0.55601069959502514 0.23525981916069211 -0.66438439089266732 -0.44056588674397273
-0.20530606758328054 0.01851243656541024 -0.41061213516656281 0.88820289504135874
0.066978624708230128 -0.74280433061289775 -0.61591820274984532 -0.25377225572610174
0.7912705187557183 0.42912457173197327 -0.30223844386892335 -0.31367975888092348
-0.28372600730351138 -0.88820289504135785 0.2238185041486927 -0.28372600730351177
-0.28372600730351138 -0.71285057903548621 -0.50754451145220514 -0.39209969860115246
0.17535231600587164 0.30223844386892162 0.18679363101787194 -0.9181566466187685
0.42912457173197266 -0.33219219544633305 0.74280433061289708 0.3920996986011524
-0.88820289504135852 -0.30223844386892162 0.25377225572610179 0.23525981916069205
-0.23525981916069136 0.14539856442846211 -0.28372600730351183 0.9181566466187685
0.048466188142821276 0.91815664661876817 0.029953751577409926 -0.3920996986011524
0.55601069959502525 0.30223844386892162 -0.048466188142819944 0.77275808219030717
0.029953751577409649 -0.39209969860115268 -0.048466188142821276 -0.9181566466187685
0.12688612786305192 0.71285057903548688 0.60447688773784536 -0.33219219544633316
-0.60447688773784536 0.28372600730351155 -0.048466188142819944 0.74280433061289719
0.1268861278630512 -0.88820289504135896 -0.029953751577409954 0.44056588674397273
-0.5560106995950258 -0.42912457173197327 0.15683987944046188 -0.69433814247007719
0.029953751577409704 -0.44056588674397268 0.12688612786305103 -0.88820289504135874
-0.94811039819617915 0.018512436565410184 0.048466188142821276 0.31367975888092342
0.12688612786305115 -0.28372600730351322 -0.94811039819617871 0.066978624708230017
0.04846618814282011 0.20530606758328163 -0.92959796163076946 -0.3022384438689234
-0.77275808219030662 0.048466188142821248 -0.14539856442846077 -0.6159182027498451
0.33219219544633272 0.83973670689853797 -0.33219219544633316 -0.27228469229151153
-0.77275808219030662 -0.048466188142820443 0.30223844386892312 -0.55601069959502447
-0.096932376285641608 0.92959796163076813 -0.33219219544633316 -0.12688612786305059
0.33219219544633277 0.60447688773784602 0.71285057903548632 -0.12688612786305037
-0.77275808219030673 -0.44056588674397379 0.33219219544633261 -0.31367975888092231
-0.39209969860115351 0.74280433061289652 -0.33219219544633327 -0.42912457173197394
0.33219219544633261 -0.31367975888092259 0.77275808219030695 0.44056588674397418
-0.9181566466187685 -0.28372600730351294 0.14539856442846089 0.23525981916069227
-0.64587195432725653 -0.51898582646420333 0.53749826302961401 -0.15683987944046177
0.94811039819617804 0.27228469229151164 -0.048466188142820832 0.15683987944046177
0.12688612786305087 -0.61591820274984621 0.60447688773784569 0.48903207488679318
0.94811039819617804 0.22381850414869173 0.12688612786305026 0.18679363101787153
-0.048466188142819833 -0.58596445117243579 0.60447688773784569 0.5374982630296139
0.12688612786305087 -0.64587195432725641 -0.55601069959502514 0.50754451145220347
0.94811039819617826 0.066978624708231127 0.12688612786305081 0.28372600730351183
-0.15683987944046068 -0.66438439089266599 0.60447688773784569 0.41061213516656364
0.12688612786305087 0.28372600730351227 -0.94811039819617848 -0.066978624708231377
0.9295979616307688 -0.30223844386892207 0.048466188142820776 -0.20530606758328251
-0.048466188142820554 -0.74280433061289641 0.60447688773784569 0.28372600730351272
0.12688612786305092 0.88820289504135808 -0.029953751577409954 -0.44056588674397418
0.76131676717830732 -0.048466188142820887 -0.64587195432725453 -0.029953751577409732
-0.79127051875571708 -0.1268861278630504 0.59740576618443464 0.029953751577409732
-0.55601069959502447 0.55601069959502558 -0.61591820274984577 -0.048466188142819833
-0.79127051875571708 -0.53749826302961423 0.066978624708231266 0.28372600730351194
-0.41061213516656381 0.18679363101787239 -0.61591820274984577 -0.64587195432725508
-0.55601069959502447 0.76131676717830743 0.28372600730351272 -0.17535231600587087
-0.79127051875571719 -0.23525981916069227 -0.55601069959502425 0.096932376285640998
-0.66438439089266654 0.33219219544633227 -0.59740576618443531 0.30223844386892357
0.20530606758328196 0.018512436565410406 0.41061213516656386 0.88820289504135852
0.61591820274984643 -0.2537722557261024 0.066978624708231488 0.74280433061289752
0.066978624708229767 -0.28372600730351205 0.79127051875571741 -0.5374982630296139
-0.61591820274984632 0.64587195432725553 0.41061213516656253 0.18679363101787197
0.28372600730351233 0.17535231600587239 0.55601069959502469 0.76131676717830721
0.33219219544633344 0.27228469229151109 0.33219219544633383 0.83973670689853708
0.33219219544633344 0.12688612786304931 -0.096932376285641331 0.92959796163076791
-0.14539856442846183 -0.94811039819617904 -0.23525981916069125 0.15683987944045977
0.33219219544633344 0.42912457173197288 -0.39209969860115429 0.74280433061289619
0.30223844386892351 -0.88820289504135841 -0.23525981916069125 0.25377225572610107
-0.14539856442846189 -0.23525981916069283 -0.91815664661876795 -0.28372600730351327
0.33219219544633349 0.76131676717830699 -0.14539856442846172 0.5374982630296139
0.33219219544633394 -0.64587195432725553 -0.23525981916069125 0.64587195432725586
-0.14539856442846189 0.53749826302961412 -0.33219219544633327 -0.76131676717830721
0.77275808219030728 0.58596445117243601 0.096932376285641386 0.22381850414869142
-0.3022384438689234 0.35070463201174384 -0.28372600730351172 -0.83973670689853708
0.66438439089266565 0.74280433061289719 0.066978624708230183 0.048466188142821276
-0.3022384438689234 0.14539856442846122 0.61591820274984566 -0.71285057903548565
-0.20530606758328263 0.91815664661876817 0.066978624708230183 0.33219219544633305
0.66438439089266554 0.3321921954463336 0.59740576618443531 0.30223844386892318
0.36214594702374381 -0.048466188142821054 -0.048466188142821498 0.92959796163076747
-0.27228469229151164 -0.94811039819617893 -0.15683987944046066 0.048466188142819666
-0.51898582646420466 -0.029953751577411397 -0.83973670689853774 0.15683987944046085
0.36214594702374386 0.30223844386892307 -0.51898582646420433 0.71285057903548554
0.35070463201174401 -0.91815664661876817 -0.15683987944046063 0.096932376285641386
-0.51898582646420466 0.71285057903548599 -0.3621459470237437 -0.30223844386892312
0.74280433061289741 0.39209969860115385 -0.48903207488679412 0.23525981916069152
-0.60447688773784625 -0.48903207488679346 0.12688612786305009 -0.61591820274984521
-0.60447688773784625 -0.53749826302961323 -0.048466188142820776 -0.58596445117243545
-0.048466188142819722 0.76131676717830787 -0.02995375157741112 -0.64587195432725475
-0.60447688773784625 -0.41061213516656248 -0.15683987944046046 -0.66438439089266588
0.12688612786305081 0.79127051875571808 -0.02995375157741112 -0.59740576618443408
-0.048466188142819722 0.20530606758328304 0.92959796163076813 -0.30223844386892251
-0.60447688773784614 -0.28372600730351233 -0.048466188142819833 -0.74280433061289575
-0.94811039819617926 -0.018512436565410628 0.04846618814282061 -0.31367975888092192
-0.048466188142820832 0.91815664661876806 -0.029953751577411009 -0.39209969860115368
-0.5560106995950248 0.30223844386892329 0.048466188142819666 0.7727580821903075
-0.12688612786305031 -0.33219219544633383 -0.92959796163076891 0.096932376285641275
-0.048466188142819777 -0.77275808219030684 -0.55601069959502469 0.30223844386892312
-0.12688612786305084 0.71285057903548665 -0.6044768877378468 -0.33219219544633349
0.31367975888092231 -0.33219219544633338 -0.44056588674397384 -0.77275808219030739
-0.23525981916069277 -0.14539856442846155 -0.28372600730351316 -0.91815664661876939
-0.28372600730351116 -0.51898582646420499 0.31367975888092181 0.74280433061289652
-0.74280433061289641 -0.3621459470237442 -0.44056588674397301 -0.35070463201174373
-0.28372600730351116 -0.28372600730351194 -0.69433814247007675 0.59740576618443464
0.23525981916069305 -0.55601069959502547 -0.44056588674397301 -0.66438439089266577
-0.74280433061289641 0.066978624708229823 -0.25377225572610285 -0.61591820274984577
0.15683987944045991 -0.5374982630296139 -0.5189858264642051 -0.64587195432725575
0.15683987944045991 -0.048466188142819056 -0.27228469229151231 -0.94811039819617848
0.48903207488679479 0.60447688773784658 0.61591820274984432 -0.12688612786305054
0.15683987944045996 -0.096932376285640165 0.35070463201174396 -0.91815664661876772
-0.048466188142821137 0.7727580821903075 0.61591820274984432 0.14539856442846211
0.48903207488679479 -0.23525981916069091 0.74280433061289686 0.39209969860115323
0.15683987944045991 -0.61591820274984554 0.48903207488679451 -0.59740576618443475
-0.51898582646420532 0.55601069959502547 0.61591820274984432 -0.20530606758328224
0.48903207488679479 -0.59740576618443497 -0.15683987944046024 0.61591820274984577
-0.36214594702374414 -0.79127051875571763 0.27228469229151253 -0.41061213516656314
-0.096932376285640776 -0.55601069959502558 -0.23525981916069097 0.79127051875571719
0.7128505790354861 -0.61591820274984599 0.145398564428462 -0.30223844386892373
-0.33219219544633383 -0.066978624708229934 0.91815664661876895 -0.20530606758328243
-0.14539856442846211 0.3022384438689234 0.71285057903548599 -0.61591820274984577
-0.30223844386892312 -0.59740576618443564 0.33219219544633394 0.66438439089266654
0.44056588674397235 0.3507046320117434 -0.74280433061289686 -0.36214594702374336
0.44056588674397235 0.66438439089266632 0.23525981916069205 -0.55601069959502503
0.31367975888092298 0.30223844386892351 0.42912457173197299 0.79127051875571719
0.44056588674397235 -0.029953751577410398 0.8882028950413583 -0.12688612786305137
-0.69433814247007675 0.1568398794404621 0.42912457173197299 0.55601069959502503
0.31367975888092298 0.048466188142821276 -0.018512436565409573 0.94811039819617848
-0.066978624708229545 0.94811039819617804 -0.28372600730351255 0.12688612786305137
0.66438439089266632 -0.1568398794404621 -0.41061213516656259 0.6044768877378458
-0.28372600730351294 0.12688612786305142 0.066978624708229823 -0.94811039819617848
0.30223844386892351 0.92959796163076858 0.20530606758328174 0.04846618814282011
-0.22381850414869189 0.66438439089266599 0.64587195432725597 0.30223844386892373
0.17535231600587217 0.28372600730351266 0.76131676717830787 0.55601069959502614
0.48903207488679384 0.59740576618443475 -0.15683987944046152 -0.61591820274984477
0.61591820274984543 0.20530606758328149 0.51898582646420444 0.55601069959502447
-0.15683987944046185 -0.61591820274984488 -0.48903207488679401 -0.59740576618443508
0.27228469229151242 0.41061213516656425 0.36214594702374275 -0.79127051875571708
-0.74280433061289586 -0.048466188142821109 0.28372600730351227 0.60447688773784503
-0.4405658867439739 -0.029953751577410093 -0.88820289504135741 -0.12688612786305131
0.28372600730351261 0.60447688773784514 0.74280433061289641 0.048466188142821276
-0.31367975888092298 0.048466188142819444 0.01851243656541024 0.94811039819617848
-0.018512436565410073 -0.20530606758328149 -0.88820289504135741 -0.41061213516656397
0.28372600730351261 -0.28372600730351283 0.69433814247007541 0.59740576618443508
-0.18679363101787227 0.41061213516656447 0.64587195432725464 0.61591820274984443
-0.50754451145220303 -0.2053060675832811 -0.58596445117243579 0.59740576618443564
0.14539856442846155 0.30223844386892185 -0.71285057903548643 -0.61591820274984443
0.91815664661876784 0.2053060675832811 0.33219219544633327 -0.066978624708231849
0.33219219544633138 -0.66438439089266577 0.30223844386892285 -0.59740576618443542
-0.48903207488679379 -0.59740576618443531 0.15683987944046179 0.61591820274984443
-0.61591820274984577 -0.20530606758328115 -0.5189858264642041 -0.5560106995950248
0.15683987944046213 0.61591820274984455 0.48903207488679407 0.59740576618443542
-0.27228469229151275 -0.41061213516656475 -0.36214594702374259 0.79127051875571686
-0.1867936310178713 -0.12688612786305109 0.22381850414869314 0.94811039819617737
-0.53749826302961534 -0.60447688773784469 -0.58596445117243512 -0.048466188142819666
-0.50754451145220325 0.55601069959502547 -0.64587195432725553 0.12688612786305231
0.28372600730351255 0.1268861278630522 -0.066978624708231155 -0.94811039819617726
0.41061213516656414 0.60447688773784458 0.66438439089266565 0.15683987944046196
-0.066978624708231488 -0.9481103981961776 -0.28372600730351288 -0.12688612786305231
-0.20530606758328102 0.04846618814282172 0.30223844386892251 -0.92959796163076835
-0.30223844386892251 0.64587195432725497 0.66438439089266565 0.22381850414869342
-0.066978624708231349 -0.28372600730351161 -0.7912705187557163 -0.53749826302961545
0.28372600730351044 0.71285057903548654 0.50754451145220392 0.3920996986011529
-0.17535231600587067 -0.3022384438689219 -0.18679363101787294 0.91815664661876784
-0.42912457173197249 0.33219219544633155 -0.74280433061289708 -0.39209969860115285
0.88820289504135785 0.3022384438689219 -0.25377225572610079 -0.23525981916069308
0.23525981916069036 -0.14539856442846233 0.28372600730351283 -0.91815664661876784
-0.048466188142820721 -0.91815664661876761 -0.029953751577408844 0.3920996986011529
-0.55601069959502603 -0.30223844386892185 0.048466188142819944 -0.77275808219030595
-0.029953751577408594 0.39209969860115323 0.048466188142820721 0.91815664661876784
-0.12688612786305106 -0.7128505790354871 -0.60447688773784436 0.3321921954463336
0.74280433061289552 0.3136797588809242 0.51898582646420377 0.28372600730351183
-0.35070463201174185 -0.4405658867439734 0.36214594702374225 0.74280433061289741
0.74280433061289552 -0.17535231600587101 0.27228469229151414 0.58596445117243467
-0.48903207488679523 -0.76131676717830599 0.36214594702374225 0.223818504148693
-0.35070463201174179 -0.28372600730351127 -0.61591820274984554 0.64587195432725619
-0.42912457173197316 0.64587195432725586 0.2352598191606905 -0.58596445117243467
0.31367975888092403 0.76131676717830599 -0.25377225572610185 0.50754451145220458
-0.018512436565410462 -0.17535231600587114 0.74280433061289763 0.64587195432725464
0.23525981916069016 -0.58596445117243512 0.42912457173197333 -0.64587195432725619
-0.44056588674397362 0.5374982630296159 0.69433814247007519 -0.18679363101787233
-0.88820289504135852 -0.28372600730351155 -0.28372600730351261 0.22381850414869325
-0.28372600730351166 -0.066978624708230766 -0.53749826302961545 -0.79127051875571586
0.64587195432725586 0.61591820274984421 0.18679363101787186 -0.41061213516656392
0.17535231600587045 -0.28372600730351311 0.7613167671783061 -0.55601069959502536
0.096932376285640109 -0.55601069959502525 0.23525981916069241 0.79127051875571586
-0.71285057903548665 -0.61591820274984421 -0.14539856442846183 -0.30223844386892307
0.23525981916069275 0.7912705187557163 -0.096932376285640054 0.55601069959502536
0.30223844386892196 -0.59740576618443586 -0.33219219544633238 0.66438439089266621
0.33219219544633249 -0.76131676717830599 -0.14539856442846177 -0.53749826302961579
0.33219219544633305 0.64587195432725653 -0.23525981916069258 -0.64587195432725464
0.71285057903548721 0.28372600730351155 0.39209969860115307 0.50754451145220503
0.23525981916069283 0.64587195432725419 0.33219219544633283 0.64587195432725619
0.77275808219030695 -0.58596445117243556 0.096932376285640276 -0.22381850414869325
0.33219219544633311 0.31367975888092381 0.77275808219030684 -0.44056588674397323
0.14539856442846216 -0.23525981916069111 0.91815664661876939 -0.28372600730351272
0.30223844386892285 -0.35070463201174429 0.2837260073035125 0.83973670689853619
-0.66438439089266621 -0.74280433061289608 -0.066978624708230017 -0.048466188142821276
0.30223844386892285 -0.14539856442846238 -0.61591820274984532 0.71285057903548521
0.20530606758328179 -0.91815664661876761 -0.066978624708230017 -0.33219219544633405
-0.66438439089266621 -0.33219219544633311 -0.59740576618443431 -0.30223844386892273
0.30223844386892285 0.64587195432725497 -0.66438439089266577 0.22381850414869142
0.7912705187557173 -0.53749826302961434 -0.066978624708230017 0.28372600730351188
-0.66438439089266621 0.22381850414869175 -0.30223844386892285 -0.64587195432725508
0.55601069959502492 0.76131676717830699 -0.28372600730351277 -0.17535231600587201
0.88820289504135741 0.12688612786305026 -0.44056588674397368 -0.029953751577409649
0.42912457173197327 -0.55601069959502536 0.69433814247007586 0.15683987944046024
-0.018512436565411294 -0.94811039819617804 -0.31367975888092275 0.048466188142819999
0.88820289504135741 0.41061213516656336 -0.018512436565411239 -0.2053060675832814
0.74280433061289686 0.066978624708231654 0.25377225572610129 -0.61591820274984554
-0.44056588674397223 0.029953751577409427 -0.88820289504135808 0.12688612786305031
0.6943381424700763 -0.15683987944046118 -0.42912457173197222 -0.55601069959502558
-0.3136797588809232 -0.048466188142821331 0.018512436565411017 -0.94811039819617782
0.066978624708230239 -0.94811039819617748 0.28372600730351327 -0.12688612786305037
-0.66438439089266688 0.15683987944046118 0.41061213516656253 -0.60447688773784469
0.28372600730351372 -0.12688612786305042 -0.066978624708230516 0.94811039819617782
-0.3022384438689224 -0.92959796163076858 -0.20530606758328113 -0.048466188142819555
0.76131676717830521 0.48903207488679545 -0.22381850414869164 -0.36214594702374303
0.53749826302961512 -0.15683987944046066 0.64587195432725431 0.51898582646420521
0.76131676717830521 0.31367975888092281 0.50754451145220569 -0.25377225572610157
-0.17535231600587273 -0.018512436565410018 0.64587195432725431 0.74280433061289686
0.53749826302961512 -0.44056588674397235 -0.18679363101787166 0.69433814247007608
-0.61591820274984399 0.20530606758328027 -0.51898582646420544 0.5560106995950248
0.35070463201174351 -0.30223844386892351 -0.83973670689853608 -0.28372600730351394
-0.27228469229151397 0.41061213516656259 -0.36214594702374281 -0.79127051875571675
-0.61591820274984399 0.69433814247007608 -0.27228469229151364 0.25377225572610157
0.48903207488679579 0.018512436565410018 -0.83973670689853619 0.235259819160692
-0.27228469229151397 0.25377225572610157 0.61591820274984455 -0.69433814247007608
-0.15683987944046107 0.88820289504135874 0.048466188142819833 0.42912457173197283
0.20530606758328074 -0.018512436565410018 0.41061213516656259 -0.8882028950413583
-0.59740576618443453 0.69433814247007664 -0.28372600730351377 -0.28372600730351161
0.66438439089266732 0.44056588674397273 -0.55601069959502514 0.23525981916069211
0.28372600730351388 0.28372600730351161 -0.59740576618443431 0.69433814247007608
0.61591820274984532 0.25377225572610174 0.066978624708230128 -0.74280433061289775
-0.64587195432725386 -0.74280433061289686 -0.17535231600587145 -0.018512436565410073
-0.2238185041486927 0.28372600730351177 -0.28372600730351138 -0.88820289504135785
-0.64587195432725386 -0.23525981916069175 -0.64587195432725619 -0.33219219544633255
0.50754451145220514 0.39209969860115246 -0.28372600730351138 -0.71285057903548621
-0.22381850414869275 0.096932376285639776 0.58596445117243467 -0.77275808219030662
0.44056588674397229 -0.77275808219030651 0.31367975888092325 0.33219219544633249
-0.74280433061289708 -0.3920996986011524 0.42912457173197266 -0.33219219544633305
0.3136797588809237 0.33219219544633277 -0.44056588674397262 0.77275808219030662
0.28372600730351183 -0.9181566466187685 -0.23525981916069136 0.14539856442846211
0.048466188142819944 -0.74280433061289719 -0.60447688773784536 0.28372600730351155
-0.048466188142821276 -0.31367975888092342 -0.94811039819617915 0.018512436565410184
-0.91815664661876728 0.35070463201174318 0.096932376285641553 -0.15683987944046068
0.14539856442846077 0.6159182027498451 -0.77275808219030662 0.048466188142821248
0.39209969860115329 0.74280433061289686 0.23525981916069175 -0.48903207488679312
-0.91815664661876728 0.048466188142819944 0.39209969860115312 0.029953751577410814
-0.30223844386892312 0.55601069959502447 -0.77275808219030662 -0.048466188142820443
0.39209969860115329 0.029953751577410648 0.91815664661876784 -0.048466188142819999
-0.71285057903548632 0.12688612786305037 0.33219219544633277 0.60447688773784602
-0.33219219544633261 0.31367975888092231 -0.77275808219030673 -0.44056588674397379
0.39209969860115329 -0.7428043306128963 0.33219219544633283 0.42912457173197377
-0.76131676717830699 -0.48903207488679273 0.22381850414869189 0.36214594702374275
-0.53749826302961401 0.15683987944046177 -0.64587195432725653 -0.51898582646420333
0.92959796163076724 -0.048466188142820721 0.048466188142819722 -0.36214594702374281
0.048466188142820832 -0.15683987944046177 0.94811039819617804 0.27228469229151164
0.15683987944046057 -0.83973670689853808 0.029953751577410231 0.51898582646420333
0.92959796163076724 -0.17535231600587106 0.15683987944046054 -0.28372600730351272
-0.12688612786305026 -0.18679363101787153 0.94811039819617804 0.22381850414869173
0.15683987944046057 -0.28372600730351272 -0.92959796163076791 0.17535231600587092
0.55601069959502514 -0.50754451145220347 0.12688612786305087 -0.64587195432725641
-0.12688612786305081 -0.28372600730351183 0.94811039819617826 0.066978624708231127
0.15683987944046063 0.66438439089266577 -0.60447688773784514 -0.41061213516656359
0.58596445117243545 0.048466188142819833 -0.53749826302961401 -0.6044768877378448
0.64587195432725453 0.029953751577409732 0.76131676717830732 -0.048466188142820887
-0.66438439089266554 -0.15683987944046085 0.41061213516656347 0.60447688773784469
-0.59740576618443464 -0.029953751577409732 -0.79127051875571708 -0.1268861278630504
-0.30223844386892185 0.92959796163076813 -0.20530606758328185 0.048466188142820887
-0.66438439089266543 -0.223818504148692 -0.30223844386892185 0.64587195432725519
-0.28372600730351272 0.17535231600587087 -0.55601069959502447 0.76131676717830743
-0.30223844386892285 -0.64587195432725508 0.66438439089266565 -0.22381850414869092
-0.79127051875571741 0.5374982630296139 0.066978624708229767 -0.28372600730351205
0.6643843908926661 -0.22381850414869126 0.30223844386892285 0.64587195432725542
-0.55601069959502469 -0.76131676717830721 0.28372600730351233 0.17535231600587239
0.77275808219030628 -0.048466188142822164 0.14539856442846166 0.61591820274984466
-0.33219219544633383 -0.83973670689853708 0.33219219544633344 0.27228469229151109
0.77275808219030628 0.048466188142819167 -0.30223844386892351 0.55601069959502425
0.096932376285641331 -0.92959796163076791 0.33219219544633344 0.12688612786304931
-0.33219219544633372 -0.60447688773784591 -0.71285057903548543 0.12688612786305034
0.77275808219030628 0.44056588674397329 -0.33219219544633355 0.31367975888092159
0.91815664661876795 0.28372600730351327 -0.14539856442846189 -0.23525981916069283
-0.55601069959502514 0.51898582646420455 0.20530606758328246 -0.61591820274984399
0.28372600730351172 0.83973670689853708 -0.3022384438689234 0.35070463201174384
0.79127051875571675 0.36214594702374403 0.41061213516656325 -0.27228469229151198
-0.55601069959502503 -0.096932376285641164 0.7912705187557163 -0.23525981916069091
-0.61591820274984566 0.71285057903548565 -0.3022384438689234 0.14539856442846122
0.79127051875571663 -0.23525981916069133 0.55601069959502536 0.096932376285641109
-0.59740576618443531 -0.30223844386892318 0.66438439089266554 0.3321921954463336
0.74280433061289652 -0.12688612786305112 -0.35070463201174373 0.55601069959502358
0.048466188142821498 -0.92959796163076747 0.36214594702374381 -0.048466188142821054
-0.35070463201174362 0.55601069959502403 -0.74280433061289675 0.12688612786305115
0.83973670689853774 -0.15683987944046085 -0.51898582646420466 -0.029953751577411397
0.51898582646420433 -0.71285057903548554 0.36214594702374386 0.30223844386892307
-0.35070463201174373 0.91815664661876784 0.15683987944046085 -0.096932376285641053
-0.94811039819617804 -0.2722846922915112 0.048466188142819611 -0.15683987944046093
-0.12688612786305009 0.61591820274984521 -0.60447688773784625 -0.48903207488679346
-0.94811039819617804 -0.22381850414869053 -0.12688612786305081 -0.18679363101787119
0.048466188142820776 0.58596445117243545 -0.60447688773784625 -0.53749826302961323
-0.12688612786305015 0.6458719543272563 0.55601069959502425 -0.50754451145220436
-0.94811039819617804 -0.066978624708230128 -0.12688612786305015 -0.28372600730351144
-0.92959796163076813 0.30223844386892251 -0.048466188142819722 0.20530606758328304
0.029953751577411009 0.39209969860115368 -0.048466188142820832 0.91815664661876806
0.6044768877378468 0.33219219544633349 -0.12688612786305084 0.71285057903548665
-0.018512436565409129 -0.48903207488679457 -0.23525981916069286 0.83973670689853619
-0.31367975888092181 -0.74280433061289652 -0.28372600730351116 -0.51898582646420499
-0.88820289504135796 0.15683987944045993 -0.4291245717319736 -0.048466188142820443
-0.018512436565409074 0.20530606758328207 -0.88820289504135763 0.41061213516656242
0.69433814247007675 -0.59740576618443464 -0.28372600730351116 -0.28372600730351194
-0.88820289504135808 0.41061213516656275 0.018512436565409351 -0.20530606758328193
0.25377225572610285 0.61591820274984577 -0.74280433061289641 0.066978624708229823
-0.36214594702374397 -0.22381850414869037 -0.48903207488679423 -0.76131676717830599
0.5189858264642051 0.64587195432725575 0.15683987944045991 -0.5374982630296139
-0.36214594702374392 0.048466188142822053 0.048466188142821137 -0.9295979616307668
0.27228469229151231 0.94811039819617848 0.15683987944045991 -0.048466188142819056
0.51898582646420499 0.029953751577411397 0.83973670689853663 -0.15683987944046157
-0.36214594702374392 -0.30223844386892207 0.51898582646420488 -0.71285057903548488
-0.74280433061289686 -0.39209969860115323 0.48903207488679479 -0.23525981916069091
-0.48903207488679451 0.59740576618443475 0.15683987944045991 -0.61591820274984554
0.51898582646420499 -0.55601069959502514 -0.61591820274984421 0.20530606758328196
0.23525981916069097 -0.79127051875571719 -0.096932376285640776 -0.55601069959502558
-0.33219219544633394 -0.66438439089266654 -0.30223844386892312 -0.59740576618443564
0.28372600730351094 0.51898582646420532 -0.3136797588809227 -0.74280433061289552
0.74280433061289686 0.36214594702374336 0.44056588674397235 0.3507046320117434
0.28372600730351094 0.28372600730351316 0.69433814247007608 -0.59740576618443431
-0.23525981916069205 0.55601069959502503 0.44056588674397235 0.66438439089266632
0.74280433061289686 -0.06697862470822985 0.25377225572610207 0.61591820274984477
0.28372600730351094 -0.60447688773784525 0.74280433061289641 -0.048466188142820166
-0.8882028950413583 0.12688612786305137 0.44056588674397235 -0.029953751577410398
0.74280433061289697 -0.048466188142820166 -0.28372600730351116 0.60447688773784525
0.018512436565409573 -0.94811039819617848 0.31367975888092298 0.048466188142821276
-0.28372600730351227 -0.60447688773784503 -0.74280433061289586 -0.048466188142821109
0.44056588674397379 0.029953751577409732 0.88820289504135719 0.12688612786305131
0.2837260073035115 0.066978624708231849 0.53749826302961456 0.79127051875571586
-0.64587195432725464 -0.61591820274984443 -0.18679363101787227 0.41061213516656447
-0.17535231600586962 0.28372600730351266 -0.76131676717830665 0.55601069959502436
-0.096932376285640831 0.55601069959502425 -0.23525981916069288 -0.79127051875571586
0.71285057903548643 0.61591820274984443 0.14539856442846155 0.30223844386892185
-0.23525981916069333 -0.79127051875571608 0.096932376285640887 -0.55601069959502436
-0.30223844386892285 0.59740576618443542 0.33219219544633138 -0.66438439089266577
0.28372600730351222 -0.15683987944046193 -0.17535231600587009 0.92959796163076702
-0.22381850414869314 -0.94811039819617737 -0.1867936310178713 -0.12688612786305109
-0.17535231600586992 0.92959796163076747 -0.28372600730351211 0.1568398794404619
0.64587195432725553 -0.12688612786305231 -0.50754451145220325 0.55601069959502547
0.066978624708231155 0.94811039819617726 0.28372600730351255 0.1268861278630522
-0.41061213516656414 -0.60447688773784414 -0.66438439089266543 -0.15683987944046185
0.64587195432725342 0.23525981916069283 0.6458719543272553 0.33219219544633299
-0.50754451145220392 -0.3920996986011529 0.28372600730351044 0.71285057903548654
0.22381850414869311 -0.096932376285639887 -0.58596445117243534 0.77275808219030528
-0.44056588674397279 0.77275808219030506 -0.3136797588809237 -0.33219219544633294
0.74280433061289708 0.39209969860115285 -0.42912457173197249 0.33219219544633155
-0.31367975888092425 -0.33219219544633322 0.44056588674397312 -0.77275808219030528
-0.28372600730351283 0.91815664661876784 0.23525981916069036 -0.14539856442846233
0.83973670689853641 -0.23525981916068994 0.48903207488679468 0.018512436565409685
-0.51898582646420377 -0.28372600730351183 0.74280433061289552 0.3136797588809242
-0.0484661881428185 -0.4291245717319736 -0.15683987944046193 0.88820289504135719
0.83973670689853619 -0.50754451145220414 -0.048466188142818556 0.18679363101787186
-0.27228469229151414 -0.58596445117243467 0.74280433061289552 -0.17535231600587101
-0.048466188142818334 0.18679363101787205 -0.83973670689853674 0.50754451145220425
0.61591820274984554 -0.64587195432725619 -0.35070463201174179 -0.28372600730351127
-0.2352598191606905 0.58596445117243467 -0.42912457173197316 0.64587195432725586
0.25377225572610185 -0.50754451145220458 0.31367975888092403 0.76131676717830599
-0.74280433061289763 -0.64587195432725464 -0.018512436565410462 -0.17535231600587114
-0.31367975888092425 -0.76131676717830554 0.25377225572610151 -0.50754451145220414
-0.69433814247007519 0.18679363101787233 -0.44056588674397362 0.5374982630296159
-0.64587195432725419 0.30223844386892273 -0.22381850414869306 -0.66438439089266499
0.53749826302961545 0.79127051875571586 -0.28372600730351166 -0.066978624708230766
-0.22381850414869328 -0.66438439089266554 0.64587195432725431 -0.30223844386892285
-0.7613167671783061 0.55601069959502536 0.17535231600587045 -0.28372600730351311
0.14539856442846177 0.53749826302961579 0.33219219544633249 -0.76131676717830599
-0.096932376285640276 0.22381850414869325 0.77275808219030695 -0.58596445117243556
0.55601069959502403 -0.5189858264642051 -0.20530606758328168 0.61591820274984377
-0.2837260073035125 -0.83973670689853619 0.30223844386892285 -0.35070463201174429
-0.79127051875571686 -0.36214594702374286 -0.41061213516656253 0.27228469229151231
0.55601069959502403 0.096932376285640276 -0.79127051875571663 0.23525981916069102
0.61591820274984532 -0.71285057903548521 0.30223844386892285 -0.14539856442846238
-0.79127051875571686 0.23525981916069141 -0.55601069959502436 -0.096932376285640165
0.59740576618443431 0.30223844386892273 -0.66438439089266621 -0.33219219544633311
0.74280433061289564 0.048466188142820221 -0.28372600730351272 -0.60447688773784458
0.31367975888092275 -0.048466188142819999 -0.018512436565411294 -0.94811039819617804
-0.28372600730351166 0.60447688773784425 -0.7428043306128963 0.048466188142819222
0.88820289504135808 -0.12688612786305031 -0.44056588674397223 0.029953751577409427
-0.74280433061289675 0.048466188142819444 0.283726007303512 -0.60447688773784414
-0.018512436565411017 0.94811039819617782 -0.3136797588809232 -0.048466188142821331
0.58596445117243379 0.27228469229151392 0.17535231600587251 -0.74280433061289519
0.22381850414869164 0.36214594702374303 0.76131676717830521 0.48903207488679545
0.6458719543272563 -0.6159182027498441 0.2837260073035115 0.35070463201174273
0.58596445117243379 -0.23525981916069177 0.64587195432725608 -0.42912457173197233
-0.50754451145220569 0.25377225572610157 0.76131676717830521 0.31367975888092281
0.64587195432725641 -0.42912457173197249 -0.58596445117243423 0.23525981916069152
0.18679363101787166 -0.69433814247007608 0.53749826302961512 -0.44056588674397235
-0.15683987944046052 0.61591820274984377 -0.48903207488679534 0.59740576618443408
0.36214594702374281 0.79127051875571675 -0.27228469229151397 0.41061213516656259
0.27228469229151364 -0.25377225572610157 -0.61591820274984399 0.69433814247007608
-0.48903207488679568 -0.018512436565410129 0.83973670689853586 -0.23525981916069158
-0.41061213516656259 0.8882028950413583 0.20530606758328074 -0.018512436565410018
-0.066978624708230128 0.74280433061289775 0.61591820274984532 0.25377225572610174
-0.76131676717830477 -0.31367975888092348 -0.50754451145220458 0.25377225572610179
0.17535231600587145 0.018512436565410073 -0.64587195432725386 -0.74280433061289686
-0.53749826302961545 0.44056588674397268 0.18679363101787178 -0.69433814247007486
-0.76131676717830477 0.33219219544633272 -0.53749826302961512 -0.14539856442846166
0.64587195432725619 0.33219219544633255 -0.64587195432725386 -0.23525981916069175
-0.53749826302961556 -0.14539856442846194 0.76131676717830521 -0.33219219544633261
-0.58596445117243467 0.77275808219030662 -0.22381850414869275 0.096932376285639776
-0.71285057903548521 0.51898582646420344 0.30223844386892296 0.36214594702374348
-0.096932376285641553 0.15683987944046068 -0.91815664661876728 0.35070463201174318
0.30223844386892296 0.36214594702374348 0.71285057903548565 -0.51898582646420344
-0.23525981916069175 0.48903207488679312 0.39209969860115329 0.74280433061289686
-0.39209969860115312 -0.029953751577410814 -0.91815664661876728 0.048466188142819944
0.3022384438689229 -0.55601069959502436 0.77275808219030617 0.048466188142820388
-0.58596445117243445 -0.27228469229151131 -0.17535231600587081 0.74280433061289608
-0.22381850414869189 -0.36214594702374275 -0.76131676717830699 -0.48903207488679273
-0.64587195432725408 0.61591820274984566 -0.28372600730351322 -0.3507046320117424
0.55601069959502403 -0.35070463201174229 0.12688612786305012 -0.74280433061289586
-0.048466188142819722 0.36214594702374281 0.92959796163076724 -0.048466188142820721
0.12688612786305009 -0.74280433061289619 -0.55601069959502469 0.35070463201174246
-0.029953751577410231 -0.51898582646420333 0.15683987944046057 -0.83973670689853808
-0.15683987944046054 0.28372600730351272 0.92959796163076724 -0.17535231600587106
0.12688612786305009 0.18679363101787169 -0.9481103981961776 -0.22381850414869178
0.18679363101787161 0.12688612786305037 -0.223818504148692 -0.94811039819617715
0.53749826302961401 0.6044768877378448 0.58596445117243545 0.048466188142819833
0.50754451145220303 -0.55601069959502492 0.64587195432725553 -0.12688612786305103
-0.28372600730351211 -0.12688612786305109 0.066978624708231238 0.94811039819617715
0.20530606758328185 -0.048466188142820887 -0.30223844386892185 0.92959796163076813
0.91815664661876673 -0.35070463201174418 -0.09693237628564122 0.15683987944046071
-0.14539856442846166 -0.61591820274984466 0.77275808219030628 -0.048466188142822164
-0.39209969860115418 -0.74280433061289608 -0.23525981916069102 0.48903207488679346
0.91815664661876661 -0.048466188142820721 -0.39209969860115407 -0.029953751577411036
0.71285057903548543 -0.12688612786305034 -0.33219219544633372 -0.60447688773784591
-0.59740576618443442 0.48903207488679357 0.6159182027498451 -0.15683987944045982
-0.20530606758328246 0.61591820274984399 -0.55601069959502514 0.51898582646420455
0.6159182027498451 -0.15683987944046018 0.59740576618443475 -0.4890320748867939
-0.41061213516656325 0.27228469229151198 0.79127051875571675 0.36214594702374403
0.35070463201174373 -0.55601069959502358 0.74280433061289652 -0.12688612786305112
-0.048466188142821193 0.92959796163076702 -0.36214594702374336 0.048466188142820887
-0.9295979616307668 0.048466188142821692 -0.048466188142820665 0.36214594702374314
-0.048466188142819611 0.15683987944046093 -0.94811039819617804 -0.2722846922915112
-0.15683987944046035 0.83973670689853708 -0.029953751577411092 -0.5189858264642041
-0.9295979616307668 0.17535231600587228 -0.15683987944046041 0.28372600730351283
-0.55601069959502425 0.50754451145220436 -0.12688612786305015 0.6458719543272563
0.25377225572610262 -0.27228469229151259 -0.69433814247007608 0.61591820274984321
0.23525981916069286 -0.83973670689853619 -0.018512436565409129 -0.48903207488679457
-0.69433814247007619 0.61591820274984377 -0.25377225572610268 0.27228469229151298
0.4291245717319736 0.048466188142820443 -0.88820289504135796 0.15683987944045993
0.88820289504135763 -0.41061213516656242 -0.018512436565409074 0.20530606758328207
-0.6943381424700763 0.59740576618443442 0.28372600730351116 0.28372600730351222
-0.74280433061289608 0.17535231600587323 -0.27228469229151209 -0.58596445117243356
0.48903207488679423 0.76131676717830599 -0.36214594702374397 -0.22381850414869037
0.35070463201174368 0.28372600730351316 0.61591820274984377 -0.64587195432725553
-0.74280433061289586 0.12688612786305214 0.35070463201174362 -0.55601069959502314
-0.83973670689853663 0.15683987944046157 0.51898582646420499 0.029953751577411397
0.018512436565409407 0.48903207488679534 0.23525981916069189 -0.83973670689853541
0.3136797588809227 0.74280433061289552 0.28372600730351094 0.51898582646420532
0.88820289504135785 -0.15683987944046043 0.42912457173197266 0.048466188142819722
0.018512436565409407 -0.20530606758328071 0.88820289504135741 -0.41061213516656225
-0.25377225572610207 -0.61591820274984477 0.74280433061289686 -0.06697862470822985
0.64587195432725442 -0.3022384438689214 0.22381850414869298 0.66438439089266477
-0.53749826302961456 -0.79127051875571586 0.2837260073035115 0.066978624708231849
0.22381850414869336 0.66438439089266521 -0.64587195432725453 0.30223844386892135
0.76131676717830665 -0.55601069959502436 -0.17535231600586962 0.28372600730351266
0.17535231600587009 -0.92959796163076702 0.28372600730351222 -0.15683987944046193
0.22381850414869314 0.94811039819617648 0.18679363101787153 0.12688612786305092
0.76131676717830499 -0.33219219544633122 0.53749826302961468 0.14539856442846205
-0.6458719543272553 -0.33219219544633299 0.64587195432725342 0.23525981916069283
0.53749826302961523 0.14539856442846222 -0.76131676717830543 0.33219219544633105
0.58596445117243534 -0.77275808219030528 0.22381850414869311 -0.096932376285639887
0.61591820274984455 -0.69433814247007386 0.27228469229151386 -0.25377225572610229
0.15683987944046193 -0.88820289504135719 -0.0484661881428185 -0.4291245717319736
0.048466188142818556 -0.18679363101787186 0.83973670689853619 -0.50754451145220414
0.2722846922915142 0.58596445117243445 -0.74280433061289508 0.17535231600587062
0.42912457173197316 -0.64587195432725586 -0.2352598191606905 0.58596445117243467
0.44056588674397362 -0.5374982630296159 -0.69433814247007519 0.18679363101787233
0.59740576618443342 -0.48903207488679423 -0.61591820274984488 0.15683987944046035
0.20530606758328168 -0.61591820274984377 0.55601069959502403 -0.5189858264642051
-0.61591820274984488 0.15683987944046074 -0.59740576618443386 0.48903207488679445
0.41061213516656253 -0.27228469229151231 -0.79127051875571686 -0.36214594702374286
0.18679363101787111 -0.048466188142819194 0.50754451145220525 -0.83973670689853519
-0.17535231600587251 0.74280433061289519 0.58596445117243379 0.27228469229151392
0.50754451145220514 -0.83973670689853563 -0.18679363101787139 0.048466188142819083
-0.2837260073035115 -0.35070463201174273 0.6458719543272563 -0.6159182027498441
-0.64587195432725608 0.42912457173197233 0.58596445117243379 -0.23525981916069177
0.50754451145220514 -0.25377225572610151 -0.76131676717830477 -0.31367975888092298
-0.58596445117243356 0.23525981916069055 -0.64587195432725564 0.42912457173197255
-0.18679363101787178 0.69433814247007486 -0.53749826302961545 0.44056588674397268
-0.30223844386892296 -0.36214594702374348 -0.71285057903548521 0.51898582646420344
0.096932376285641442 -0.15683987944046082 0.91815664661876695 -0.35070463201174285
-0.18679363101787042 0.04846618814282061 -0.50754451145220281 0.83973670689853663
0.17535231600587081 -0.74280433061289608 -0.58596445117243445 -0.27228469229151131
-0.50754451145220281 0.83973670689853697 0.18679363101787075 -0.04846618814282061
0.28372600730351322 0.3507046320117424 -0.64587195432725408 0.61591820274984566
-0.12688612786305012 0.74280433061289586 0.55601069959502403 -0.35070463201174229
0.048466188142819611 -0.36214594702374237 -0.92959796163076713 0.04846618814282061
-0.28372600730351211 0.15683987944046063 0.17535231600587065 -0.92959796163076658
-0.64587195432725553 0.12688612786305103 0.50754451145220303 -0.55601069959502492
0.71285057903548432 -0.51898582646420421 -0.30223844386892318 -0.36214594702374303
0.23525981916069102 -0.48903207488679346 -0.39209969860115418 -0.74280433061289608
-0.55601069959502336 0.35070463201174351 -0.12688612786305054 0.74280433061289575
0.029953751577411092 0.5189858264642041 -0.15683987944046035 0.83973670689853708
0.69433814247007608 -0.61591820274984321 0.25377225572610262 -0.27228469229151259
-0.23525981916069238 0.83973670689853575 0.018512436565409296 0.48903207488679445
-0.83973670689853563 0.50754451145220503 0.048466188142821082 -0.18679363101787003
-0.61591820274984377 0.64587195432725553 0.35070463201174368 0.28372600730351316
-0.25377225572610185 0.27228469229151353 0.69433814247007541 -0.6159182027498431
-0.42912457173197266 -0.048466188142819722 0.88820289504135785 -0.15683987944046043
3 439 72 1101
3 1104 1101 439
3 72 1101 1104
3 72 439 1104
3 840 334 965
3 840 610 334
3 840 610 965
3 334 965 610
3 527 334 965
3 527 334 1093
3 1093 965 334
3 527 1093 965
3 917 610 1060
3 610 1060 840
3 1060 840 917
3 610 917 840
3 240 29 985
3 824 29 985
3 824 240 985
3 240 29 824
3 230 92 1067
3 1067 92 897
3 897 230 92
3 1067 230 897
3 1055 1004 1174
3 176 1004 1174
3 1055 176 1004
3 176 1055 1174
3 486 240 985
3 486 240 516
3 240 985 516
3 985 516 486
3 355 240 486
3 985 355 240
3 486 355 985
3 355 240 516
3 486 355 516
3 742 332 246
3 332 70 742
3 246 70 742
3 332 70 246
3 1050 623 372
3 1050 372 984
3 984 623 372
3 1050 623 984
3 937 862 561
3 764 937 862
3 561 862 764
3 937 561 764
3 61 29 408
3 61 29 1085
3 1085 408 61
3 29 1085 408
3 1085 240 29
3 1085 355 240
3 355 29 240
3 1085 355 29
3 240 94 1085
3 94 29 1085
3 29 240 94
3 355 94 1085
3 355 94 240
3 728 726 124
3 728 726 1078
3 1078 726 124
3 728 124 1078
3 742 616 332
3 742 616 246
3 616 246 332
3 970 616 869
3 616 413 970
3 616 413 869
3 970 413 869
3 616 70 869
3 616 70 332
3 616 332 869
3 332 70 869
3 616 70 742
3 869 742 70
3 616 869 742
3 735 616 413
3 616 332 735
3 413 332 616
3 413 332 735
3 616 93 735
3 413 93 735
3 616 93 413
3 332 93 616
3 332 93 735
3 439 138 1101
3 1101 434 138
3 439 434 1101
3 439 434 138
3 610 260 1060
3 1060 327 260
3 260 610 327
3 610 327 1060
3 327 260 833
3 484 327 833
3 484 260 327
3 484 260 833
3 710 470 1041
3 470 39 710
3 710 39 1041
3 470 39 1041
3 1107 1041 470
3 481 1107 1041
3 1107 470 481
3 470 1041 481
3 622 354 1093
3 1093 622 527
3 527 354 1093
3 527 354 622
3 753 622 527
3 753 622 624
3 622 527 624
3 624 527 753
3 1060 179 917
3 610 179 917
3 610 179 1060
3 754 119 850
3 325 119 754
3 850 325 754
3 850 325 119
3 754 273 850
3 754 749 273
3 754 749 850
3 749 850 273
3 741 685 842
3 156 741 685
3 842 741 156
3 685 156 842
3 1015 408 61
3 408 201 1015
3 1015 201 61
3 201 61 408
3 201 1174 1004
3 201 1174 1055
3 1004 201 1055
3 201 176 1174
3 201 176 387
3 387 176 1174
3 387 201 1174
3 201 176 1004
3 1004 387 176
3 387 201 1004
3 1177 630 142
3 78 1177 630
3 142 78 630
3 142 78 1177
3 1174 387 77
3 1174 176 77
3 176 77 387
3 201 77 1174
3 408 77 201
3 408 77 1174
3 201 1174 408
3 77 387 201
3 408 387 77
3 201 408 387
3 1140 92 1052
3 1052 92 897
3 1140 897 1052
3 1140 92 897
3 77 38 1052
3 387 77 1052
3 387 38 1052
3 387 38 77
3 897 77 1052
3 77 38 897
3 897 38 1052
3 897 387 1052
3 387 77 897
3 387 176 1052
3 387 1052 1004
3 176 1004 1052
3 387 161 1052
3 387 161 176
3 176 161 1052
3 1052 80 1140
3 1140 387 1052
3 387 80 1052
3 387 80 1140
3 1149 842 685
3 842 135 1149
3 685 135 842
3 685 135 1149
3 842 580 1149
3 685 580 1149
3 842 580 685
3 580 135 1149
3 580 135 842
3 614 434 364
3 614 434 459
3 459 434 364
3 614 364 459
3 569 372 1050
3 372 623 569
3 623 569 1050
3 984 569 1050
3 569 372 984
3 583 296 955
3 583 569 955
3 569 296 955
3 569 296 583
3 61 29 14
3 408 29 14
3 61 14 408
3 29 14 985
3 240 14 29
3 240 14 985
3 29 14 1085
3 1067 29 14
3 29 1085 1067
3 14 1067 1085
3 61 14 1085
3 824 14 1067
3 29 14 824
3 824 29 1067
3 824 14 985
3 1067 985 824
3 14 1067 985
3 984 962 372
3 372 284 962
3 372 284 984
3 962 284 984
3 18 974 561
3 123 18 561
3 123 18 974
3 974 123 561
3 840 449 965
3 449 840 597
3 965 597 840
3 449 597 965
3 840 117 965
3 840 117 449
3 449 117 965
3 917 449 597
3 840 449 917
3 597 840 917
3 917 449 1170
3 449 597 1170
3 1170 597 917
3 840 449 1170
3 917 840 1170
3 646 480 1106
3 263 646 480
3 480 263 1106
3 1106 646 263
3 480 117 1106
3 1118 1106 480
3 117 1106 1118
3 117 480 1118
3 359 869 742
3 869 70 359
3 70 742 359
3 616 359 869
3 359 869 540
3 359 540 616
3 616 540 869
3 742 359 616
3 690 104 547
3 690 104 669
3 104 669 547
3 669 547 690
3 115 35 1036
3 824 115 35
3 35 824 1036
3 115 1036 824
3 233 29 94
3 233 29 1085
3 94 1085 233
3 240 233 94
3 29 240 233
3 1070 94 921
3 233 94 1070
3 233 94 921
3 1070 233 921
3 1070 228 1160
3 228 1160 233
3 1160 233 1070
3 228 1070 233
3 1168 61 1015
3 1085 61 1168
3 1085 1015 1168
3 1085 61 1015
3 1168 408 61
3 1168 408 1015
3 1085 408 1168
3 408 201 1168
3 1168 201 1015
3 1168 29 1085
3 29 1168 408
3 731 388 935
3 388 132 731
3 935 132 731
3 388 132 935
3 1086 314 62
3 1086 314 1169
3 1086 62 1169
3 1169 314 62
3 1086 358 226
3 1086 226 173
3 358 173 226
3 1086 358 173
3 173 1086 314
3 173 62 314
3 173 62 1086
3 1169 173 1086
3 173 1169 314
3 1169 62 808
3 1086 808 1169
3 1086 62 808
3 808 314 62
3 314 202 808
3 808 202 62
3 202 62 314
3 1169 314 808
3 1169 202 808
3 314 202 1169
3 433 137 997
3 137 26 997
3 433 26 997
3 137 26 433
3 997 399 137
3 433 399 997
3 399 433 137
3 399 26 997
3 399 26 137
3 749 524 214
3 214 51 749
3 524 51 749
3 524 51 214
3 444 327 833
3 327 260 444
3 444 260 833
3 484 444 833
3 444 327 484
3 571 377 1007
3 377 1107 1007
3 377 1107 571
3 1007 571 1107
3 1007 481 1107
3 101 481 1007
3 1107 101 481
3 101 1107 1007
3 1024 417 943
3 1146 417 1024
3 1146 417 943
3 1146 943 1024
3 735 212 479
3 735 479 1053
3 212 479 1053
3 212 735 1053
3 479 413 735
3 413 212 479
3 413 212 735
3 436 163 1191
3 1191 347 436
3 347 163 436
3 347 163 1191
3 163 1191 305
3 1191 305 436
3 163 436 305
3 553 163 657
3 657 555 163
3 657 555 553
3 163 553 555
3 1191 555 163
3 249 163 555
3 1191 249 555
3 163 1191 249
3 800 163 1191
3 800 553 163
3 1191 553 163
3 800 553 1191
3 1055 75 1004
3 1004 346 75
3 1055 346 75
3 1055 346 1004
3 297 132 782
3 132 390 297
3 782 390 132
3 390 297 782
3 783 132 297
3 783 132 782
3 297 782 783
3 297 783 390
3 783 390 132
3 555 501 249
3 501 249 657
3 657 249 555
3 657 501 555
3 249 159 501
3 555 159 501
3 555 159 249
3 571 159 501
3 1007 159 571
3 1007 501 571
3 1007 159 501
3 159 124 788
3 159 788 501
3 501 124 788
3 501 124 159
3 159 785 571
3 159 785 501
3 785 571 501
3 571 1007 785
3 1007 785 159
3 710 520 337
3 710 520 1041
3 1041 337 710
3 520 337 1041
3 762 561 862
3 862 18 561
3 762 18 561
3 762 18 862
3 762 862 937
3 937 561 762
3 764 762 937
3 764 762 862
3 764 762 53
3 764 53 937
3 937 762 53
3 762 53 862
3 764 53 862
3 1161 680 140
3 140 38 1161
3 680 38 140
3 680 38 1161
3 18 680 561
3 561 140 680
3 561 140 18
3 140 18 680
3 937 140 779
3 140 779 561
3 779 561 937
3 140 937 561
3 140 77 1174
3 140 77 38
3 77 38 1174
3 140 38 1174
3 710 520 671
3 710 337 671
3 671 520 337
3 671 96 911
3 520 96 671
3 911 520 96
3 671 520 911
3 710 671 1041
3 671 520 1041
3 390 144 782
3 144 132 390
3 782 144 132
3 297 144 782
3 297 144 390
3 1153 616 970
3 1153 616 869
3 1153 869 970
3 1153 413 970
3 616 413 1153
3 1153 390 144
3 216 144 1153
3 144 390 216
3 390 216 1153
3 750 263 1030
3 1030 235 263
3 1030 235 750
3 263 235 750
3 750 203 1030
3 970 750 203
3 203 970 1030
3 750 1030 970
3 869 203 970
3 359 203 869
3 359 203 970
3 970 359 869
3 1153 203 970
3 203 970 475
3 970 475 1153
3 203 1153 475
3 101 931 481
3 895 481 931
3 101 895 481
3 895 101 931
3 572 565 906
3 1177 906 572
3 565 906 1177
3 565 572 1177
3 1177 630 1171
3 1177 142 1171
3 1171 630 142
3 1171 78 1177
3 78 1171 630
3 795 347 436
3 642 347 795
3 642 347 436
3 642 436 795
3 572 906 642
3 572 347 906
3 572 347 642
3 906 347 642
3 642 565 572
3 642 565 906
3 159 501 502
3 502 501 249
3 159 249 502
3 555 163 687
3 687 163 305
3 305 163 555
3 305 687 555
3 687 163 1191
3 687 555 1191
3 687 305 1191
3 687 436 795
3 436 1191 687
3 1191 687 795
3 436 795 1191
3 436 305 687
3 687 305 795
3 436 305 795
3 687 642 795
3 795 209 687
3 795 209 642
3 642 209 687
3 795 572 642
3 687 572 795
3 687 572 642
3 722 57 1112
3 1112 306 722
3 306 57 1112
3 306 57 722
3 778 468 228
3 927 228 778
3 927 468 778
3 927 468 228
3 1101 138 1003
3 439 138 1003
3 1003 439 1101
3 1101 512 72
3 1003 512 1101
3 1003 72 1101
3 1003 512 72
3 434 364 1003
3 1003 434 138
3 1003 364 138
3 364 138 434
3 1101 434 1003
3 434 364 1101
3 1101 364 1003
3 1101 313 439
3 313 72 1101
3 313 72 439
3 313 439 434
3 313 1101 434
3 313 138 439
3 313 138 434
3 192 119 313
3 313 192 439
3 313 119 439
3 439 119 192
3 484 344 719
3 719 484 327
3 344 327 484
3 719 344 327
3 962 472 1043
3 1043 833 472
3 472 962 833
3 962 833 1043
3 1043 484 833
3 1043 484 344
3 484 344 833
3 1043 344 833
3 962 372 1043
3 962 1043 984
3 372 984 1043
3 769 736 151
3 736 648 769
3 648 151 769
3 151 736 648
3 296 259 952
3 955 259 296
3 955 259 952
3 955 952 296
3 259 609 296
3 952 609 259
3 609 296 952
3 296 955 609
3 955 609 259
3 980 804 272
3 980 804 914
3 980 272 914
3 914 804 272
3 45 980 804
3 272 45 980
3 272 45 804
3 914 45 980
3 45 914 804
3 1100 137 1141
3 1100 433 137
3 1141 433 137
3 1100 433 1141
3 600 547 690
3 600 586 547
3 600 586 690
3 547 690 586
3 742 583 246
3 583 246 653
3 653 246 742
3 653 583 742
3 1170 179 917
3 1178 179 1170
3 1178 917 1170
3 1178 179 917
3 325 119 1178
3 1178 192 119
3 325 192 1178
3 119 325 192
3 3 325 179
3 325 179 1178
3 325 3 1178
3 179 3 1178
3 750 280 1030
3 280 217 1030
3 750 217 1030
3 280 217 750
3 280 750 475
3 475 203 750
3 280 203 475
3 280 203 750
3 1076 119 987
3 119 987 313
3 987 313 1076
3 119 1076 313
3 987 89 1076
3 119 89 1076
3 119 89 987
3 987 325 119
3 325 3 987
3 119 3 325
3 119 3 987
3 470 1027 710
3 1027 710 1041
3 470 1041 1027
3 1027 39 470
3 710 39 1027
3 1055 201 673
3 201 1174 673
3 1174 1055 673
3 428 201 673
3 428 673 630
3 630 201 428
3 630 201 673
3 1004 201 673
3 1004 673 1055
3 1168 201 673
3 673 408 201
3 1168 408 673
3 201 673 1015
3 1015 673 428
3 201 428 1015
3 1015 673 1168
3 1168 673 428
3 1015 428 1168
3 1161 186 1071
3 186 168 1071
3 1161 168 1071
3 186 168 1161
3 1156 186 168
3 186 110 1156
3 168 110 186
3 168 110 1156
3 226 168 1156
3 226 168 173
3 226 173 1156
3 168 1156 173
3 1071 186 1162
3 1071 1162 1161
3 1161 186 1162
3 186 168 1162
3 1071 168 1162
3 1140 161 1120
3 1052 161 1140
3 1052 161 1120
3 1120 1052 1140
3 301 580 1120
3 1120 580 1140
3 1140 301 1120
3 1140 301 580
3 1140 1082 92
3 1052 1140 1082
3 92 1082 1052
3 80 1140 1082
3 92 80 1140
3 92 80 1082
3 80 1052 1082
3 92 1082 897
3 1082 1052 897
3 95 1086 688
3 1169 688 1086
3 1169 95 1086
3 95 1169 688
3 168 95 1162
3 186 95 168
3 186 95 1162
3 1071 95 688
3 168 95 1071
3 688 168 95
3 1071 168 688
3 1071 95 1162
3 95 688 1162
3 1162 688 1071
3 226 95 1086
3 358 95 1086
3 358 95 226
3 168 95 1156
3 95 688 1156
3 168 1156 688
3 226 168 95
3 226 95 1156
3 226 95 173
3 173 95 1086
3 173 168 95
3 95 1086 168
3 173 168 1086
3 162 80 741
3 741 602 80
3 80 602 162
3 602 162 741
3 92 80 602
3 1140 602 80
3 602 92 1140
3 602 80 1082
3 602 92 1082
3 463 73 510
3 463 830 510
3 830 73 463
3 510 73 830
3 510 463 886
3 510 73 886
3 463 73 886
3 830 510 886
3 463 886 830
3 299 512 397
3 397 299 956
3 299 956 512
3 512 397 956
3 512 299 1101
3 1101 299 72
3 299 72 512
3 299 364 1101
3 434 299 364
3 299 434 1101
3 1003 299 1101
3 512 299 1003
3 1003 299 364
3 299 512 364
3 364 512 1003
3 536 397 683
3 683 536 1167
3 683 397 1167
3 1167 397 536
3 428 142 630
3 142 683 428
3 683 428 630
3 142 630 683
3 1015 683 1167
3 1167 428 683
3 1167 428 1015
3 1015 428 683
3 1167 61 1015
3 683 61 1015
3 683 61 1167
3 1160 274 1070
3 274 228 1070
3 274 228 1160
3 1070 404 274
3 404 274 1097
3 274 1070 1097
3 404 1097 1070
3 1070 747 274
3 921 747 1070
3 921 274 1070
3 921 747 274
3 87 486 441
3 355 87 441
3 355 87 486
3 486 355 441
3 153 955 583
3 583 296 153
3 296 153 955
3 246 153 583
3 742 153 583
3 742 153 246
3 569 153 583
3 1050 153 569
3 569 583 1050
3 1050 153 583
3 153 955 569
3 569 1050 955
3 1050 955 153
3 1121 583 246
3 153 583 1121
3 153 246 1121
3 408 14 1155
3 29 1155 14
3 408 29 1155
3 1155 387 897
3 1155 387 1052
3 897 1052 1155
3 14 1155 1067
3 1067 897 1155
3 897 14 1155
3 1067 897 14
3 1155 77 897
3 1155 77 408
3 897 408 1155
3 897 77 408
3 387 77 1155
3 408 387 1155
3 408 201 1155
3 387 201 1155
3 201 673 1155
3 408 1155 673
3 408 61 1155
3 61 14 1155
3 1155 92 897
3 408 92 1155
3 408 92 897
3 962 187 472
3 372 187 962
3 372 187 472
3 472 372 962
3 962 284 187
3 962 284 472
3 472 284 187
3 372 284 187
3 984 187 372
3 284 187 984
3 484 472 833
3 833 187 472
3 484 187 472
3 484 187 833
3 235 949 962
3 962 949 284
3 284 235 949
3 235 284 962
3 472 962 949
3 472 235 949
3 472 235 962
3 284 949 472
3 187 949 472
3 949 187 284
3 235 203 949
3 203 750 235
3 750 235 949
3 203 750 949
3 949 284 970
3 970 949 203
3 970 284 203
3 284 203 949
3 949 869 970
3 869 284 970
3 869 284 949
3 203 949 869
3 869 359 949
3 949 359 540
3 540 869 949
3 203 949 359
3 540 203 949
3 540 203 359
3 413 384 869
3 616 384 869
3 616 384 413
3 413 384 735
3 413 284 384
3 735 284 413
3 735 284 384
3 413 277 735
3 413 277 384
3 384 277 735
3 413 384 970
3 284 384 970
3 284 413 970
3 970 384 869
3 869 284 384
3 284 949 384
3 384 949 869
3 384 235 284
3 384 235 949
3 986 358 226
3 637 226 986
3 358 226 637
3 637 358 986
3 637 18 974
3 18 561 637
3 637 561 974
3 1026 637 974
3 986 637 1026
3 986 637 974
3 986 974 1026
3 446 152 737
3 152 739 446
3 739 446 737
3 152 737 739
3 966 597 1170
3 966 449 597
3 449 966 1170
3 325 179 966
3 966 325 3
3 179 3 966
3 917 597 966
3 179 966 917
3 917 597 179
3 597 179 966
3 917 1170 966
3 1170 966 179
3 325 1178 966
3 1178 966 1170
3 1170 325 1178
3 325 1170 966
3 1178 966 179
3 1178 0 1170
3 325 0 1178
3 325 0 1170
3 1170 840 0
3 1170 449 0
3 449 0 840
3 0 1170 777
3 1170 777 1178
3 0 1178 777
3 622 527 777
3 527 0 777
3 622 0 777
3 622 0 527
3 965 527 0
3 840 0 965
3 840 527 965
3 840 527 0
3 334 0 965
3 0 527 334
3 334 0 840
3 527 0 1093
3 334 0 1093
3 1170 527 0
3 0 1170 1093
3 527 1093 1170
3 610 0 840
3 610 0 334
3 610 0 1060
3 1060 840 0
3 610 334 1060
3 334 0 1060
3 1060 0 917
3 917 0 1170
3 1060 0 1170
3 917 1170 1060
3 917 840 0
3 1106 385 480
3 385 117 1106
3 385 117 480
3 385 480 646
3 385 1106 646
3 235 385 263
3 385 263 480
3 385 235 480
3 263 235 480
3 385 263 646
3 646 385 235
3 263 235 646
3 949 385 235
3 385 480 949
3 235 949 480
3 385 235 472
3 472 385 949
3 385 235 962
3 962 385 1043
3 962 235 1043
3 1043 235 385
3 472 385 962
3 472 385 1043
3 833 385 472
3 833 385 484
3 472 385 484
3 833 385 1043
3 385 1043 484
3 344 484 385
3 385 344 480
3 484 385 480
3 344 480 484
3 1043 344 385
3 385 1043 480
3 480 344 1043
3 965 263 376
3 840 376 965
3 840 263 965
3 840 263 376
3 1106 263 376
3 480 376 1106
3 480 263 376
3 263 646 376
3 376 1106 646
3 376 117 1106
3 965 117 376
3 965 117 1106
3 376 965 1106
3 263 1030 376
3 263 376 750
3 750 376 1030
3 592 480 1118
3 592 480 344
3 1118 480 344
3 592 344 1118
3 419 115 35
3 419 115 1036
3 419 35 1036
3 948 737 490
3 490 446 737
3 948 446 490
3 948 446 737
3 637 974 948
3 18 974 948
3 948 18 637
3 830 73 645
3 645 463 830
3 463 73 645
3 645 510 830
3 645 510 73
3 1067 810 1155
3 810 14 1067
3 14 1155 810
3 230 92 810
3 810 230 21
3 810 92 21
3 92 21 230
3 1067 230 810
3 1067 92 810
3 1067 21 810
3 1067 230 21
3 897 810 1067
3 92 897 810
3 897 810 1155
3 92 1155 810
3 1155 456 61
3 1155 456 408
3 61 408 456
3 456 14 61
3 456 14 1155
3 299 268 397
3 397 268 512
3 512 268 299
3 397 268 956
3 299 268 956
3 468 233 1039
3 233 228 468
3 233 228 1039
3 1039 228 468
3 1039 240 824
3 1039 240 985
3 824 1039 985
3 240 233 1039
3 233 94 1039
3 240 94 1039
3 824 233 1039
3 1039 35 824
3 233 35 824
3 233 35 1039
3 1039 29 824
3 1039 29 233
3 824 29 233
3 240 29 1039
3 935 728 127
3 388 127 935
3 935 728 388
3 388 728 127
3 731 127 935
3 731 728 935
3 731 728 127
3 388 127 731
3 132 127 782
3 132 127 731
3 782 731 132
3 731 127 782
3 132 127 388
3 782 388 127
3 132 782 388
3 1112 219 722
3 57 1112 219
3 57 722 219
3 722 219 558
3 558 276 219
3 722 276 219
3 722 276 558
3 399 137 595
3 595 137 1141
3 1141 399 137
3 595 399 1141
3 925 273 982
3 749 273 925
3 982 749 273
3 925 749 982
3 433 76 26
3 26 997 76
3 433 76 997
3 76 26 943
3 417 76 943
3 417 26 943
3 417 26 76
3 1024 76 943
3 76 26 1024
3 1024 26 943
3 417 76 1024
3 417 76 1146
3 1146 76 1024
3 137 76 26
3 137 76 433
3 123 74 514
3 540 514 74
3 123 514 540
3 540 74 123
3 862 123 514
3 561 123 862
3 561 123 514
3 561 514 862
3 762 514 862
3 514 74 762
3 762 74 862
3 862 74 514
3 373 630 450
3 428 373 630
3 450 428 630
3 373 450 428
3 1171 373 450
3 630 373 1171
3 450 630 1171
3 1007 785 845
3 845 571 1007
3 785 571 845
3 845 523 1007
3 523 101 1007
3 845 101 1007
3 845 101 523
3 845 159 1007
3 785 159 845
3 1007 377 674
3 571 377 674
3 674 571 1007
3 674 877 845
3 845 674 1007
3 674 1007 877
3 877 845 1007
3 674 523 845
3 877 523 674
3 845 523 877
3 674 523 1007
3 377 674 699
3 699 674 877
3 877 377 674
3 377 877 699
3 544 699 674
3 544 377 674
3 544 377 699
3 674 544 877
3 877 699 544
3 377 1107 674
3 674 481 1107
3 674 481 377
3 481 377 1107
3 1107 1007 674
3 1007 481 674
3 674 101 481
3 674 101 1007
3 523 101 674
3 101 523 481
3 481 523 674
3 438 137 1100
3 1141 438 1100
3 438 137 1141
3 137 76 438
3 76 26 438
3 137 26 438
3 438 1100 821
3 821 438 191
3 1100 191 438
3 191 1100 821
3 191 76 438
3 76 417 191
3 438 417 76
3 417 191 438
3 438 433 1100
3 438 433 137
3 76 438 433
3 1100 76 438
3 76 1100 433
3 399 17 1064
3 1064 17 968
3 1064 399 968
3 399 17 968
3 466 343 599
3 343 821 599
3 466 821 599
3 343 466 821
3 623 466 984
3 984 466 372
3 466 372 623
3 623 466 1050
3 1050 466 984
3 1050 466 599
3 466 623 599
3 599 623 1050
3 466 599 984
3 984 599 1050
3 493 277 604
3 493 277 352
3 352 277 604
3 604 493 352
3 493 352 731
3 935 352 731
3 935 493 731
3 493 352 935
3 493 132 731
3 132 782 493
3 782 493 731
3 132 731 678
3 493 731 678
3 678 132 493
3 638 789 728
3 728 1078 789
3 1078 638 728
3 1078 789 638
3 731 638 352
3 731 638 493
3 352 493 638
3 935 638 728
3 935 638 352
3 638 352 728
3 935 352 728
3 935 638 731
3 638 728 731
3 638 127 728
3 731 127 638
3 277 604 384
3 604 384 1159
3 384 277 1159
3 1159 604 277
3 984 187 1159
3 1159 372 984
3 1159 187 372
3 984 284 1159
3 1159 284 384
3 984 284 384
3 984 384 1159
3 284 187 1159
3 284 187 384
3 1159 187 384
3 735 277 479
3 479 277 1013
3 479 1013 735
3 735 277 1013
3 493 277 1013
3 1013 604 277
3 604 493 1013
3 1013 493 935
3 1013 731 935
3 1013 493 731
3 1013 352 935
3 277 1013 352
3 935 277 1013
3 277 935 352
3 493 352 1013
3 1013 212 479
3 935 212 1013
3 935 479 1013
3 935 212 479
3 1013 388 935
3 388 277 935
3 388 277 1013
3 255 604 352
3 352 277 255
3 277 255 604
3 943 88 1024
3 255 88 943
3 255 88 1024
3 1024 255 943
3 604 261 734
3 604 255 734
3 261 255 604
3 261 255 734
3 417 255 943
3 255 943 352
3 255 352 417
3 417 352 943
3 417 943 734
3 255 943 734
3 734 255 417
3 638 255 352
3 352 88 255
3 352 88 638
3 638 88 255
3 728 255 352
3 728 255 638
3 255 604 493
3 493 255 352
3 479 319 212
3 319 212 1175
3 319 1175 479
3 212 479 1175
3 319 202 1175
3 319 314 202
3 319 314 1175
3 202 1175 314
3 83 1050 955
3 569 83 1050
3 83 569 955
3 153 83 1050
3 153 83 224
3 1050 224 83
3 224 153 1050
3 153 83 955
3 224 83 955
3 224 153 955
3 1159 83 984
3 984 83 1050
3 984 1159 1050
3 1159 83 1050
3 922 23 1198
3 1198 23 815
3 922 23 815
3 922 815 1198
3 686 622 354
3 622 354 777
3 354 686 777
3 622 777 686
3 548 354 686
3 354 686 1093
3 1093 686 548
3 354 548 1093
3 555 305 717
3 305 163 717
3 717 163 555
3 717 306 558
3 558 306 722
3 717 306 722
3 558 722 717
3 558 249 717
3 717 249 555
3 558 249 555
3 558 555 717
3 717 687 305
3 687 555 717
3 843 110 957
3 957 186 110
3 186 843 110
3 843 186 957
3 451 109 874
3 843 109 451
3 451 874 843
3 843 109 874
3 808 109 874
3 109 874 879
3 879 874 808
3 109 808 879
3 874 62 808
3 109 62 874
3 109 62 808
3 874 808 1112
3 62 808 1112
3 62 874 1112
3 451 874 722
3 874 722 1112
3 722 451 1112
3 1112 874 451
3 306 722 874
3 451 306 722
3 451 306 874
3 306 1112 874
3 662 253 565
3 189 253 662
3 565 189 662
3 565 189 253
3 782 388 721
3 782 127 721
3 721 388 127
3 1112 504 57
3 504 57 721
3 57 1112 721
3 504 721 1112
3 721 132 782
3 782 504 721
3 504 132 721
3 504 132 782
3 132 721 388
3 393 302 783
3 393 337 783
3 337 302 393
3 337 302 783
3 501 302 785
3 501 302 159
3 302 159 785
3 571 302 501
3 571 302 785
3 1093 217 1069
3 1069 548 1093
3 217 1069 548
3 217 1093 548
3 1093 965 1069
3 1093 334 1069
3 1069 965 334
3 1069 527 1093
3 527 217 1069
3 527 217 1093
3 527 1069 965
3 1069 1030 217
3 1030 263 1069
3 1069 263 217
3 263 217 1030
3 965 376 1069
3 263 376 1069
3 263 965 1069
3 396 1002 624
3 1002 624 700
3 700 396 1002
3 396 700 624
3 931 834 473
3 473 101 931
3 834 101 931
3 834 101 473
3 1002 624 139
3 396 139 624
3 396 139 1002
3 1002 139 700
3 700 139 1072
3 700 1072 1002
3 1002 139 1072
3 700 624 139
3 1072 624 139
3 700 624 1072
3 751 674 877
3 751 377 674
3 751 377 877
3 877 523 751
3 674 523 751
3 523 845 751
3 845 751 877
3 523 101 950
3 950 481 523
3 101 481 950
3 101 523 473
3 523 473 950
3 473 101 950
3 1027 39 415
3 470 415 1027
3 470 39 415
3 39 710 415
3 550 415 710
3 39 710 550
3 415 39 550
3 710 415 1027
3 1027 550 415
3 710 550 1027
3 902 764 937
3 764 5 902
3 937 5 764
3 902 5 937
3 764 53 902
3 902 53 937
3 53 5 764
3 53 5 902
3 902 762 937
3 53 902 762
3 902 779 937
3 902 140 937
3 902 140 779
3 1026 226 986
3 986 568 1026
3 568 226 1026
3 568 226 986
3 862 568 123
3 123 568 514
3 514 862 568
3 18 561 568
3 568 561 862
3 18 862 568
3 123 568 561
3 123 18 568
3 568 18 974
3 974 568 1026
3 568 18 1026
3 1026 18 974
3 568 123 974
3 974 123 1026
3 568 123 1026
3 590 1037 671
3 911 671 1037
3 590 911 671
3 911 590 1037
3 710 590 671
3 1041 590 710
3 1041 590 671
3 671 550 590
3 671 550 710
3 710 550 590
3 226 173 986
3 173 105 986
3 226 105 173
3 226 105 986
3 105 62 314
3 314 105 1063
3 314 62 1063
3 105 62 1063
3 314 173 105
3 173 62 105
3 314 173 1063
3 1063 173 105
3 173 105 1086
3 105 62 1086
3 1063 220 62
3 62 314 220
3 314 220 1063
3 62 220 105
3 220 105 1063
3 1112 220 57
3 220 62 1112
3 1112 62 57
3 62 57 220
3 783 302 881
3 881 785 302
3 881 785 783
3 302 783 785
3 393 302 881
3 783 393 881
3 302 785 393
3 785 393 881
3 783 337 881
3 881 337 393
3 783 678 881
3 881 498 678
3 783 498 678
3 783 498 881
3 783 390 881
3 783 297 881
3 390 297 881
3 881 132 783
3 881 132 678
3 678 132 783
3 390 132 881
3 881 390 678
3 390 132 678
3 518 144 1153
3 518 390 1153
3 144 518 390
3 970 518 1153
3 518 203 1153
3 518 203 970
3 93 518 413
3 93 518 735
3 518 413 735
3 1153 413 518
3 970 413 518
3 413 616 518
3 616 518 93
3 616 518 1153
3 518 93 1153
3 616 93 1153
3 518 323 216
3 518 216 1153
3 323 1153 216
3 518 323 1153
3 216 144 518
3 323 144 518
3 323 144 216
3 710 593 1041
3 593 1041 895
3 895 710 1041
3 593 895 710
3 1041 337 593
3 593 337 710
3 1041 520 593
3 520 337 593
3 593 481 1041
3 593 481 895
3 1041 481 895
3 487 347 572
3 572 487 906
3 487 347 906
3 347 487 436
3 436 349 487
3 436 349 347
3 349 347 487
3 436 795 487
3 795 487 347
3 795 349 436
3 487 349 795
3 642 487 347
3 642 487 795
3 642 487 572
3 795 487 572
3 795 209 1094
3 209 1094 687
3 1094 687 795
3 1094 795 642
3 1094 642 171
3 1094 795 171
3 795 171 642
3 642 209 1094
3 209 171 1094
3 171 642 209
3 205 1177 906
3 205 1177 572
3 906 205 572
3 565 205 1177
3 565 205 906
3 361 45 980
3 427 45 361
3 361 980 427
3 427 45 980
3 118 1185 228
3 1185 228 927
3 927 118 1185
3 118 927 228
3 1185 386 118
3 386 138 1185
3 138 118 386
3 1185 138 118
3 926 274 1070
3 404 274 926
3 926 404 1070
3 45 878 361
3 980 878 45
3 878 361 980
3 878 427 361
3 45 878 427
3 791 484 719
3 791 344 719
3 484 344 791
3 791 327 719
3 791 484 327
3 1192 327 719
3 719 134 1192
3 327 134 1192
3 327 134 719
3 327 719 1060
3 1060 719 1192
3 327 1192 1060
3 1060 917 1192
3 179 917 1192
3 179 1060 1192
3 1192 443 719
3 719 443 791
3 1192 443 791
3 719 791 1192
3 125 1027 792
3 792 470 1027
3 792 470 125
3 470 125 1027
3 1027 939 792
3 939 125 792
3 125 1027 939
3 939 470 1027
3 939 470 792
3 167 72 435
3 1101 167 72
3 167 435 1101
3 72 1101 435
3 270 167 72
3 270 167 435
3 270 72 435
3 354 167 435
3 622 167 354
3 622 167 435
3 354 435 622
3 686 435 354
3 435 1180 686
3 1180 354 435
3 354 1180 686
3 435 125 792
3 435 125 354
3 125 792 354
3 435 354 792
3 151 769 366
3 769 366 1033
3 1033 151 769
3 151 1033 366
3 510 366 886
3 510 886 1033
3 1033 886 366
3 1033 366 510
3 886 156 366
3 510 156 886
3 510 156 366
3 486 87 973
3 973 441 486
3 87 441 973
3 973 516 486
3 516 162 973
3 486 162 516
3 486 162 973
3 778 228 121
3 778 468 121
3 468 121 228
3 936 121 778
3 778 454 936
3 454 121 936
3 454 121 778
3 1185 228 121
3 121 118 228
3 121 118 1185
3 927 228 121
3 927 121 778
3 1185 121 927
3 1185 121 778
3 1185 778 927
3 653 453 739
3 653 296 453
3 739 296 653
3 739 296 453
3 653 446 739
3 653 446 453
3 453 446 739
3 569 296 453
3 296 955 453
3 453 955 569
3 296 453 583
3 583 453 653
3 296 653 583
3 583 453 569
3 653 583 569
3 569 453 653
3 392 131 875
3 875 307 131
3 392 307 875
3 131 392 307
3 600 690 867
3 848 690 867
3 848 600 690
3 600 848 867
3 690 104 755
3 755 690 547
3 547 104 755
3 104 755 669
3 669 755 690
3 669 547 915
3 915 104 669
3 104 915 547
3 690 547 915
3 690 669 915
3 600 915 690
3 915 547 600
3 690 669 600
3 669 600 915
3 915 586 547
3 915 586 600
3 353 586 915
3 547 353 586
3 353 547 915
3 600 353 586
3 600 353 915
3 669 526 915
3 526 104 915
3 526 104 669
3 526 915 629
3 915 629 669
3 526 669 629
3 343 108 526
3 526 466 343
3 466 108 343
3 466 108 526
3 650 506 259
3 609 259 650
3 609 506 650
3 259 609 506
3 492 1110 506
3 650 492 1110
3 650 492 506
3 506 1110 650
3 492 131 1110
3 506 131 1110
3 506 131 492
3 492 259 506
3 952 506 259
3 259 952 492
3 952 492 506
3 492 350 506
3 350 238 506
3 492 238 350
3 492 238 506
3 737 490 1057
3 1057 490 948
3 1057 737 948
3 395 246 583
3 583 395 569
3 569 246 583
3 395 246 569
3 395 653 583
3 653 246 395
3 395 653 569
3 653 395 742
3 246 742 395
3 395 569 623
3 395 372 569
3 395 372 623
3 569 453 395
3 453 395 653
3 1050 395 569
3 395 1050 623
3 395 83 569
3 395 83 1050
3 433 363 1141
3 363 137 433
3 1141 363 137
3 1100 363 1141
3 433 363 1100
3 433 430 997
3 363 433 430
3 433 363 997
3 430 363 997
3 734 175 876
3 734 175 261
3 876 734 261
3 261 175 876
3 192 119 286
3 286 119 313
3 286 192 313
3 286 119 987
3 987 192 119
3 286 192 987
3 987 313 286
3 286 563 439
3 313 286 439
3 313 563 439
3 286 313 563
3 286 192 439
3 563 192 286
3 439 192 563
3 1076 313 286
3 987 286 1076
3 192 119 905
3 192 905 987
3 119 987 905
3 777 192 905
3 1178 905 777
3 192 905 1178
3 192 777 1178
3 905 622 777
3 622 192 777
3 622 192 905
3 777 167 905
3 777 167 622
3 905 167 622
3 439 1101 905
3 905 439 192
3 192 1101 905
3 1101 192 439
3 1104 439 905
3 905 1104 1101
3 1104 192 905
3 1104 439 192
3 905 72 1104
3 167 72 905
3 167 72 1104
3 905 167 1104
3 905 72 1101
3 905 167 1101
3 914 272 379
3 980 272 379
3 980 379 914
3 409 379 774
3 272 379 774
3 409 272 379
3 272 409 774
3 272 804 379
3 379 914 804
3 1161 168 627
3 1071 627 1161
3 1071 168 627
3 627 186 168
3 627 186 1161
3 627 140 1161
3 1161 680 627
3 140 627 680
3 140 77 627
3 1174 627 140
3 77 1174 627
3 627 38 1161
3 627 77 38
3 627 77 1161
3 38 1161 77
3 140 38 627
3 884 843 110
3 346 884 843
3 346 110 843
3 346 110 884
3 884 843 1016
3 884 110 1016
3 1016 843 110
3 1016 346 884
3 346 1016 843
3 800 1191 1016
3 1191 1016 884
3 1016 800 884
3 800 1191 884
3 346 75 884
3 884 347 75
3 884 347 346
3 75 346 347
3 884 436 1191
3 347 436 884
3 347 1191 884
3 661 162 741
3 661 516 162
3 661 516 741
3 516 741 162
3 162 80 661
3 661 80 741
3 516 80 162
3 516 80 661
3 661 602 741
3 80 661 602
3 661 301 580
3 661 580 741
3 741 301 661
3 741 301 580
3 661 580 1120
3 301 661 1120
3 661 580 1140
3 1140 661 80
3 580 80 661
3 1140 580 80
3 1120 661 1140
3 1120 80 1140
3 1120 661 80
3 685 661 580
3 685 661 1149
3 580 1149 661
3 842 661 685
3 842 661 741
3 661 741 685
3 842 661 580
3 842 580 741
3 661 156 741
3 685 156 661
3 156 741 366
3 156 366 661
3 661 366 741
3 1071 478 1161
3 38 1161 478
3 1071 38 1161
3 38 1071 478
3 897 478 1082
3 897 478 92
3 478 92 1082
3 897 38 478
3 478 77 38
3 897 77 478
3 38 478 1052
3 1052 478 1082
3 1082 38 478
3 38 1082 1052
3 1052 478 897
3 77 1174 478
3 38 478 1174
3 774 379 866
3 409 379 866
3 774 409 866
3 866 272 774
3 866 272 379
3 215 116 852
3 852 215 857
3 857 116 215
3 852 116 857
3 629 116 828
3 116 846 828
3 828 629 846
3 116 846 629
3 602 80 868
3 80 1140 868
3 602 868 1140
3 602 162 868
3 162 80 868
3 602 868 741
3 868 741 162
3 852 184 857
3 231 184 852
3 857 231 184
3 857 231 852
3 736 148 769
3 151 148 736
3 151 148 769
3 648 148 736
3 648 148 769
3 148 736 441
3 900 148 441
3 900 736 148
3 441 900 736
3 441 148 87
3 736 87 148
3 87 736 441
3 900 87 441
3 900 148 87
3 94 1085 588
3 1168 588 1085
3 1168 94 1085
3 94 1168 588
3 1085 988 588
3 94 1085 988
3 988 94 588
3 1168 988 1085
3 1168 988 588
3 747 588 1070
3 1070 588 274
3 588 274 747
3 921 588 1070
3 94 588 921
3 1070 94 588
3 747 588 921
3 747 94 588
3 94 747 921
3 588 233 94
3 1070 233 588
3 233 1039 588
3 94 588 1039
3 1177 565 420
3 1177 420 78
3 1177 565 78
3 565 78 420
3 420 205 1177
3 565 205 420
3 205 78 1177
3 78 420 205
3 565 420 906
3 988 565 420
3 420 988 906
3 565 906 988
3 420 205 906
3 747 420 588
3 588 420 988
3 747 420 988
3 747 988 588
3 420 78 588
3 747 78 588
3 420 78 747
3 420 78 988
3 588 78 988
3 355 1077 1085
3 1085 1077 988
3 988 355 1077
3 355 988 1085
3 94 1085 1077
3 355 94 1077
3 1077 94 988
3 1077 94 588
3 1077 588 988
3 355 240 1077
3 240 94 1077
3 240 985 1077
3 355 1077 985
3 1077 420 988
3 420 355 1077
3 420 355 988
3 434 364 743
3 614 434 743
3 614 364 743
3 743 299 434
3 743 299 364
3 434 743 459
3 614 459 743
3 434 138 743
3 743 386 138
3 138 434 386
3 434 386 743
3 1171 142 918
3 1177 142 918
3 1177 918 1171
3 918 683 142
3 683 142 1167
3 683 1167 918
3 142 918 1167
3 1171 373 918
3 373 450 918
3 918 450 1171
3 630 373 918
3 918 630 142
3 373 142 630
3 918 373 142
3 1171 630 918
3 299 956 364
3 724 364 956
3 299 724 364
3 724 299 956
3 364 329 614
3 364 329 724
3 724 614 329
3 614 364 724
3 724 397 956
3 397 956 683
3 956 683 724
3 397 724 683
3 956 329 724
3 397 329 724
3 397 329 956
3 683 142 724
3 724 142 918
3 724 683 918
3 765 55 939
3 1132 765 55
3 765 939 1132
3 55 1132 939
3 765 329 939
3 55 765 329
3 329 55 939
3 614 55 329
3 614 55 837
3 837 614 329
3 329 55 837
3 725 55 1132
3 55 837 725
3 1132 837 55
3 837 725 1132
3 1120 516 666
3 666 161 1120
3 516 161 1120
3 516 161 666
3 355 87 666
3 87 441 666
3 355 666 441
3 666 1120 1077
3 1077 666 355
3 1120 355 666
3 355 1120 1077
3 516 355 666
3 666 240 355
3 516 240 666
3 516 486 666
3 486 87 666
3 516 87 486
3 516 87 666
3 486 355 666
3 666 80 1120
3 1140 666 1120
3 666 80 1140
3 516 80 666
3 516 162 666
3 162 80 666
3 516 666 661
3 666 661 1120
3 516 1120 661
3 666 661 80
3 816 739 157
3 739 152 816
3 157 152 739
3 157 152 816
3 816 742 157
3 359 157 816
3 359 157 742
3 742 359 816
3 157 742 653
3 653 157 739
3 742 653 739
3 742 739 157
3 395 157 653
3 157 742 395
3 653 395 739
3 395 157 739
3 246 157 742
3 816 246 742
3 157 816 246
3 395 157 246
3 1151 583 246
3 332 246 1151
3 246 332 583
3 1151 583 332
3 1121 246 1151
3 1121 583 1151
3 332 246 1121
3 1121 332 1151
3 1151 153 1121
3 1151 153 583
3 1053 25 1151
3 1151 25 1121
3 1121 1053 1151
3 1053 25 1121
3 1151 616 332
3 332 1151 869
3 616 869 1151
3 332 93 1151
3 616 93 1151
3 1151 735 1053
3 332 1151 735
3 1053 332 1151
3 332 1053 735
3 1151 735 93
3 1053 735 93
3 1151 93 1053
3 1082 405 478
3 1082 405 60
3 478 405 60
3 1082 60 478
3 358 226 1023
3 226 986 1023
3 358 1023 986
3 358 95 1023
3 95 1086 1023
3 358 1023 1086
3 226 95 1023
3 943 734 713
3 713 417 943
3 713 417 734
3 734 604 713
3 604 261 713
3 713 261 734
3 604 187 713
3 187 713 472
3 187 472 604
3 604 472 713
3 604 255 713
3 255 943 713
3 604 943 713
3 255 943 604
3 734 255 713
3 187 713 384
3 284 713 384
3 187 284 713
3 604 277 713
3 604 713 1013
3 277 1013 713
3 604 384 713
3 384 277 713
3 604 713 1159
3 1159 713 187
3 1159 187 604
3 384 1159 713
3 723 472 833
3 187 472 723
3 187 833 723
3 713 187 723
3 723 713 734
3 723 187 734
3 734 187 713
3 734 175 723
3 876 723 734
3 175 876 723
3 723 261 734
3 261 175 723
3 70 972 974
3 974 972 123
3 123 70 972
3 70 123 974
3 974 972 1026
3 1026 70 974
3 1026 70 972
3 1026 972 123
3 1026 972 568
3 123 568 972
3 359 70 972
3 869 70 972
3 359 972 869
3 123 972 514
3 514 70 123
3 514 70 972
3 359 157 972
3 359 972 816
3 157 816 972
3 359 972 540
3 540 123 972
3 359 123 540
3 359 123 972
3 972 742 70
3 742 157 972
3 972 157 70
3 157 70 742
3 742 359 972
3 332 52 1121
3 246 52 1121
3 246 52 332
3 52 1121 1023
3 358 52 1023
3 52 358 1121
3 358 1121 1023
3 332 52 1151
3 1151 52 1121
3 478 237 1082
3 237 38 1082
3 237 38 478
3 1082 602 237
3 237 80 1082
3 237 80 602
3 237 1082 405
3 237 478 405
3 237 60 1082
3 237 60 99
3 237 99 1082
3 99 60 1082
3 237 60 405
3 405 237 99
3 99 60 405
3 237 230 92
3 237 92 1082
3 92 1082 230
3 237 230 1082
3 602 92 237
3 602 230 92
3 602 230 237
3 602 237 868
3 237 99 868
3 602 99 237
3 602 99 868
3 104 755 407
3 336 104 407
3 104 755 336
3 407 336 755
3 901 737 490
3 446 737 901
3 446 490 901
3 270 72 512
3 270 218 512
3 218 72 270
3 218 72 512
3 512 72 660
3 660 167 72
3 512 167 660
3 72 512 167
3 270 72 660
3 512 270 660
3 270 167 660
3 660 435 1180
3 270 660 435
3 435 270 1180
3 1180 660 270
3 167 435 660
3 1180 167 435
3 167 1180 660
3 512 268 660
3 660 397 268
3 660 397 512
3 512 218 660
3 660 218 270
3 512 299 660
3 660 364 512
3 299 364 660
3 299 268 660
3 966 597 1031
3 1031 449 966
3 1031 449 597
3 966 218 597
3 966 218 1031
3 597 218 1031
3 966 3 1031
3 966 325 1031
3 325 1031 3
3 966 179 1031
3 179 3 1031
3 646 235 844
3 646 385 844
3 235 385 844
3 949 844 235
3 844 540 949
3 949 540 235
3 540 235 844
3 844 203 949
3 844 203 235
3 540 203 844
3 844 359 540
3 646 540 844
3 646 359 844
3 646 359 540
3 844 203 359
3 646 263 844
3 263 1030 844
3 646 1030 844
3 1030 646 263
3 263 235 844
3 844 235 1030
3 235 844 750
3 844 750 1030
3 844 750 203
3 844 203 1030
3 844 74 540
3 844 74 646
3 540 74 646
3 511 74 844
3 844 511 540
3 511 74 540
3 646 511 74
3 646 511 844
3 706 117 2
3 117 2 1106
3 117 1106 706
3 2 706 1106
3 117 2 449
3 449 2 706
3 449 117 706
3 449 2 870
3 117 2 870
3 449 117 870
3 449 870 706
3 2 706 870
3 1106 847 117
3 847 461 1106
3 1106 461 117
3 461 117 847
3 847 376 1106
3 117 847 376
3 461 376 847
3 461 376 1106
3 847 117 870
3 847 2 870
3 847 2 117
3 840 965 847
3 965 847 117
3 840 117 847
3 376 965 847
3 847 376 840
3 847 840 449
3 847 449 870
3 847 840 870
3 840 870 449
3 449 117 847
3 570 376 646
3 263 570 376
3 570 263 646
3 461 376 570
3 461 847 570
3 847 376 570
3 646 570 1106
3 461 570 1106
3 646 461 570
3 461 646 1106
3 376 1106 570
3 847 461 870
3 870 570 847
3 461 570 870
3 646 511 570
3 646 74 570
3 570 511 74
3 646 570 844
3 844 461 646
3 844 461 570
3 570 511 844
3 847 28 461
3 847 28 870
3 461 28 870
3 435 28 1180
3 167 28 1180
3 167 28 435
3 548 686 619
3 619 354 548
3 619 354 686
3 793 762 53
3 762 862 793
3 53 793 862
3 248 53 762
3 248 53 793
3 762 248 793
3 793 550 415
3 793 550 938
3 938 550 415
3 793 415 938
3 53 902 793
3 793 938 902
3 938 53 793
3 938 902 53
3 248 53 564
3 564 53 762
3 564 248 762
3 564 96 619
3 564 96 929
3 619 96 929
3 619 564 929
3 793 564 865
3 53 793 564
3 865 53 793
3 53 865 564
3 793 564 248
3 793 248 865
3 865 564 248
3 865 619 564
3 548 619 865
3 564 548 619
3 548 564 865
3 448 592 480
3 1118 448 592
3 448 1118 480
3 480 448 1043
3 480 448 385
3 448 385 1043
3 448 344 1043
3 448 344 592
3 448 1043 592
3 1043 344 592
3 448 344 480
3 448 867 690
3 600 448 867
3 600 448 690
3 962 448 1043
3 448 592 962
3 962 592 1043
3 690 448 848
3 848 448 592
3 690 448 592
3 690 592 848
3 448 867 848
3 448 867 592
3 867 848 592
3 1089 115 86
3 115 35 1089
3 86 35 1089
3 86 35 115
3 1039 824 1089
3 35 824 1089
3 35 1039 1089
3 194 35 916
3 194 35 419
3 419 194 916
3 419 35 916
3 1067 824 916
3 35 916 824
3 35 1067 824
3 1067 35 916
3 824 985 916
3 916 1067 985
3 985 35 824
3 985 916 35
3 916 14 1067
3 14 916 985
3 916 21 1067
3 916 21 810
3 916 810 1067
3 916 230 1067
3 916 230 21
3 419 194 775
3 716 419 194
3 716 419 775
3 716 194 775
3 822 419 775
3 775 357 822
3 419 357 775
3 419 357 822
3 680 140 934
3 779 680 140
3 140 779 934
3 680 934 779
3 680 38 934
3 140 38 934
3 680 934 1161
3 38 1161 934
3 974 948 934
3 934 637 974
3 934 637 948
3 680 18 934
3 18 974 934
3 680 974 934
3 18 680 974
3 948 18 934
3 948 680 934
3 680 18 948
3 510 68 760
3 760 510 73
3 73 68 510
3 73 68 760
3 921 233 183
3 183 94 233
3 183 94 921
3 268 183 956
3 397 183 268
3 397 183 956
3 233 183 1039
3 1039 268 183
3 1039 268 233
3 183 233 268
3 468 183 1039
3 233 183 468
3 468 268 1039
3 468 268 183
3 299 183 921
3 268 183 299
3 921 268 183
3 299 268 921
3 299 183 956
3 299 956 921
3 183 921 956
3 228 183 468
3 228 183 1160
3 1160 468 228
3 468 183 1160
3 228 183 233
3 1160 233 183
3 1070 183 921
3 1160 183 1070
3 1160 921 1070
3 1160 183 921
3 1070 233 183
3 722 54 558
3 1112 54 722
3 1112 54 558
3 1112 558 722
3 722 219 54
3 558 219 54
3 1112 219 54
3 57 54 504
3 57 54 219
3 219 57 504
3 219 54 504
3 57 54 1112
3 504 54 1112
3 276 54 219
3 558 276 54
3 717 54 558
3 558 305 717
3 305 54 717
3 305 54 558
3 249 54 558
3 249 54 502
3 558 502 54
3 502 249 558
3 1169 79 43
3 688 43 1169
3 79 43 688
3 688 79 1169
3 1086 43 1169
3 173 43 1169
3 173 43 1086
3 43 879 874
3 109 43 879
3 109 43 874
3 808 43 1169
3 874 43 808
3 808 1169 874
3 874 43 1169
3 43 879 808
3 1169 879 43
3 879 808 1169
3 1127 465 1083
3 206 1083 465
3 206 1127 465
3 1127 206 1083
3 206 79 1083
3 206 112 79
3 1083 112 79
3 206 112 1083
3 79 43 1083
3 79 1083 1169
3 43 1169 1083
3 202 1175 757
3 757 704 1175
3 704 202 1175
3 757 704 202
3 879 757 1169
3 1169 757 43
3 757 43 879
3 202 757 808
3 808 757 879
3 879 202 757
3 202 879 808
3 808 757 1169
3 1169 202 757
3 757 314 202
3 1169 314 757
3 314 202 1063
3 314 1063 757
3 202 757 1063
3 219 100 276
3 219 100 933
3 276 219 933
3 276 100 933
3 1012 100 704
3 1012 933 100
3 704 1012 933
3 100 933 704
3 1175 100 704
3 704 319 1175
3 319 100 704
3 319 100 1175
3 757 631 879
3 631 202 879
3 631 202 757
3 631 43 879
3 631 79 43
3 631 79 879
3 79 879 43
3 1083 631 1127
3 79 1083 631
3 1127 79 1083
3 79 1127 631
3 722 276 805
3 276 219 805
3 722 219 805
3 276 805 558
3 722 558 805
3 519 107 1061
3 107 30 519
3 519 30 1061
3 107 30 1061
3 399 137 1184
3 1184 399 17
3 137 17 399
3 1184 137 17
3 595 399 1184
3 595 137 1184
3 595 17 1184
3 595 399 17
3 137 1141 1184
3 1184 1141 1197
3 1197 137 1141
3 137 1197 1184
3 595 1184 1141
3 1141 595 1197
3 1197 1184 595
3 1064 221 81
3 106 81 1064
3 81 221 106
3 221 106 1064
3 1197 595 758
3 1141 758 1197
3 1141 595 758
3 1091 758 1184
3 595 1184 758
3 1091 595 1184
3 595 1091 758
3 758 1197 1184
3 758 1197 1091
3 1184 1091 1197
3 519 375 1061
3 968 519 375
3 375 968 1061
3 519 1061 968
3 1014 519 30
3 519 375 1014
3 1014 375 30
3 375 30 519
3 1064 375 968
3 1014 968 1064
3 375 968 1014
3 375 1064 1014
3 1045 51 780
3 780 389 1045
3 389 51 1045
3 389 51 780
3 925 273 780
3 925 780 982
3 273 982 780
3 749 273 780
3 780 749 51
3 273 51 749
3 780 273 51
3 925 749 780
3 925 51 780
3 925 749 51
3 221 81 1186
3 221 149 1186
3 149 81 1186
3 149 81 221
3 1035 554 23
3 995 23 1035
3 995 554 1035
3 23 995 554
3 149 995 221
3 995 221 1035
3 995 149 1035
3 221 149 1035
3 1198 995 23
3 995 922 1198
3 23 995 922
3 23 995 815
3 815 1198 995
3 815 149 995
3 815 149 23
3 149 23 995
3 995 149 1198
3 1198 149 815
3 379 172 914
3 409 172 379
3 409 172 914
3 379 914 409
3 980 172 914
3 172 45 914
3 172 45 980
3 914 628 980
3 172 914 628
3 172 980 628
3 889 350 238
3 348 238 889
3 238 348 350
3 889 350 348
3 1035 581 1147
3 1035 676 1147
3 676 581 1147
3 676 581 1035
3 821 402 191
3 402 191 1146
3 191 821 1146
3 402 1146 821
3 599 191 821
3 402 191 599
3 599 402 821
3 402 322 1146
3 322 46 1146
3 402 46 322
3 402 46 1146
3 402 76 191
3 191 438 402
3 402 76 438
3 1024 402 1146
3 1146 88 1024
3 402 88 1024
3 402 88 1146
3 417 402 1146
3 417 402 191
3 417 191 1146
3 76 417 402
3 1146 76 402
3 1024 76 402
3 1107 831 317
3 831 377 1107
3 377 317 1107
3 317 831 377
3 1041 317 39
3 710 317 1041
3 39 710 317
3 470 317 1041
3 470 317 1107
3 317 1107 1041
3 470 317 39
3 317 39 1107
3 470 39 1107
3 481 317 1107
3 317 481 1041
3 317 101 481
3 317 101 1107
3 1171 171 15
3 171 15 1094
3 15 1171 1094
3 171 1094 1171
3 171 15 572
3 572 171 642
3 572 15 642
3 642 15 171
3 1177 15 1171
3 1171 572 1177
3 15 1171 572
3 15 1177 572
3 78 15 1171
3 78 15 1177
3 800 373 802
3 802 373 450
3 800 450 802
3 800 373 450
3 317 39 802
3 802 317 831
3 831 39 317
3 802 39 831
3 450 317 802
3 450 39 802
3 317 39 450
3 450 317 831
3 802 450 831
3 802 163 800
3 800 1191 802
3 802 163 1191
3 802 553 800
3 802 553 831
3 802 800 831
3 800 553 831
3 802 553 163
3 553 163 831
3 831 163 802
3 785 393 432
3 432 302 785
3 393 302 432
3 881 432 785
3 393 881 432
3 788 726 124
3 432 124 726
3 432 124 788
3 726 432 788
3 159 788 432
3 432 159 785
3 788 432 785
3 159 785 788
3 524 214 898
3 898 214 1142
3 524 214 1142
3 898 524 1142
3 1061 524 898
3 519 1061 524
3 898 519 1061
3 519 898 524
3 44 877 544
3 674 44 877
3 44 674 544
3 751 44 877
3 751 320 44
3 44 320 877
3 751 320 877
3 699 44 544
3 44 877 699
3 1094 44 544
3 544 171 1094
3 171 44 1094
3 171 44 544
3 544 320 44
3 320 44 930
3 320 930 544
3 44 544 930
3 1084 343 599
3 466 343 1084
3 1084 466 599
3 1084 821 343
3 191 821 1084
3 343 191 821
3 191 343 1084
3 599 1084 821
3 599 191 1084
3 402 191 1084
3 1084 402 322
3 322 191 1084
3 322 191 402
3 599 402 1084
3 599 322 1084
3 599 402 322
3 322 46 1084
3 1125 322 46
3 46 1125 1084
3 322 1084 1125
3 632 466 599
3 599 403 632
3 466 403 599
3 466 403 632
3 632 599 984
3 466 632 984
3 984 632 83
3 1159 632 83
3 1159 632 984
3 632 599 1050
3 1050 632 83
3 1050 599 83
3 599 83 632
3 984 632 1050
3 403 83 632
3 403 224 83
3 83 632 224
3 403 224 632
3 632 322 599
3 599 1084 632
3 632 322 1084
3 632 402 403
3 632 402 599
3 599 402 403
3 632 402 322
3 402 322 403
3 403 322 632
3 124 71 726
3 71 726 728
3 71 124 728
3 728 71 789
3 638 71 728
3 638 71 789
3 788 71 726
3 788 71 124
3 1078 71 728
3 1078 71 726
3 789 71 1078
3 71 789 726
3 726 789 1078
3 247 59 789
3 789 59 71
3 71 789 247
3 71 59 247
3 413 735 748
3 748 735 479
3 413 479 748
3 277 748 735
3 413 277 748
3 277 748 479
3 748 413 384
3 748 384 1159
3 384 1159 413
3 748 413 1159
3 384 277 748
3 748 277 1159
3 748 479 1013
3 1013 748 277
3 748 604 1159
3 277 748 604
3 1159 632 748
3 632 83 748
3 748 83 1159
3 984 748 1159
3 984 632 748
3 748 372 1159
3 748 372 984
3 981 479 1098
3 212 1098 479
3 212 981 479
3 981 212 1098
3 1098 1013 479
3 479 1013 981
3 1013 981 1098
3 212 1098 1013
3 388 935 1098
3 212 1098 935
3 388 212 1098
3 388 212 935
3 1013 935 1098
3 388 1013 1098
3 1098 522 981
3 1098 522 31
3 1098 31 981
3 981 522 31
3 261 991 604
3 493 991 604
3 493 261 991
3 261 493 604
3 991 604 255
3 261 255 991
3 991 255 493
3 991 255 352
3 991 352 493
3 498 261 991
3 993 261 498
3 993 261 991
3 498 991 993
3 991 734 261
3 734 255 991
3 261 991 723
3 991 723 734
3 280 475 991
3 991 475 498
3 498 280 991
3 498 280 475
3 493 991 731
3 731 261 493
3 731 261 991
3 498 991 678
3 678 493 991
3 498 493 678
3 498 493 991
3 1151 398 1053
3 398 332 1053
3 398 332 1151
3 319 212 1053
3 398 319 1053
3 398 212 1053
3 398 212 319
3 398 202 319
3 1175 398 319
3 398 202 1175
3 398 314 202
3 398 314 1063
3 398 202 1063
3 398 314 319
3 398 319 1063
3 314 1063 319
3 224 83 1199
3 224 1199 1050
3 83 1050 1199
3 735 479 967
3 967 735 93
3 479 93 735
3 967 479 93
3 1053 735 967
3 1053 479 967
3 1053 93 967
3 967 212 1053
3 967 212 479
3 319 212 967
3 967 319 1053
3 967 319 479
3 1151 967 1053
3 1151 93 967
3 967 398 1053
3 1063 398 967
3 1063 398 1053
3 967 1053 1063
3 398 319 967
3 1063 319 967
3 967 314 1063
3 1063 93 967
3 314 93 967
3 314 93 1063
3 314 967 319
3 967 518 93
3 93 967 1153
3 518 1153 967
3 265 650 492
3 492 265 1110
3 1110 650 265
3 506 265 492
3 259 506 265
3 265 259 492
3 506 265 650
3 265 259 650
3 609 265 650
3 265 259 609
3 354 208 1093
3 354 208 622
3 622 208 1093
3 354 208 686
3 208 1093 686
3 622 208 686
3 208 753 527
3 527 208 1093
3 208 1093 753
3 753 527 1093
3 622 208 527
3 208 753 622
3 686 208 548
3 208 1093 548
3 624 208 753
3 622 208 624
3 865 686 975
3 686 548 865
3 865 548 975
3 975 548 686
3 415 125 1027
3 125 975 415
3 975 415 1027
3 125 1027 975
3 865 793 975
3 865 415 975
3 865 415 793
3 793 415 975
3 975 53 793
3 975 53 865
3 125 975 792
3 865 125 975
3 865 792 975
3 125 792 865
3 435 125 975
3 975 435 792
3 354 125 975
3 975 354 686
3 354 125 686
3 686 125 975
3 975 435 354
3 975 435 686
3 1180 975 686
3 435 1180 975
3 28 1180 975
3 686 28 975
3 686 28 1180
3 28 435 975
3 305 126 717
3 349 305 126
3 305 717 349
3 126 349 717
3 306 305 126
3 306 305 717
3 306 126 717
3 305 126 795
3 687 126 795
3 687 126 305
3 436 126 349
3 305 126 436
3 436 305 349
3 436 126 795
3 126 349 795
3 487 126 349
3 126 487 795
3 451 306 20
3 306 20 722
3 451 20 722
3 109 20 874
3 874 306 20
3 874 306 109
3 306 109 20
3 451 20 874
3 109 20 451
3 109 20 843
3 843 20 451
3 843 20 957
3 957 109 843
3 957 109 20
3 843 451 957
3 451 20 957
3 1109 306 20
3 306 722 1109
3 20 1109 722
3 126 20 1109
3 126 20 306
3 306 126 1109
3 906 662 565
3 662 1190 906
3 565 1190 906
3 1190 565 662
3 1190 347 75
3 906 75 1190
3 347 75 906
3 906 347 1190
3 1004 75 1190
3 1004 1190 1055
3 1055 75 1190
3 347 75 436
3 347 436 1190
3 75 1190 436
3 1190 346 75
3 1004 346 1190
3 1190 176 1004
3 662 176 1190
3 662 176 1004
3 1004 662 1190
3 1190 888 176
3 1004 888 176
3 1190 888 1004
3 888 662 1190
3 176 888 662
3 1190 188 662
3 662 75 1190
3 188 75 662
3 188 75 1190
3 1120 188 161
3 188 161 662
3 161 1120 662
3 188 662 1120
3 188 161 1077
3 1077 161 1120
3 1077 188 1120
3 188 662 888
3 188 1190 888
3 988 188 420
3 988 188 1077
3 1077 188 420
3 161 188 176
3 188 176 662
3 176 161 662
3 188 176 888
3 888 188 161
3 176 161 888
3 565 188 662
3 420 188 565
3 420 188 662
3 662 420 565
3 553 222 657
3 553 222 1034
3 553 657 1034
3 222 1034 657
3 553 158 657
3 1016 553 158
3 158 1016 657
3 553 657 1016
3 158 553 222
3 222 158 657
3 1034 553 158
3 222 158 1034
3 553 158 1191
3 163 158 1191
3 163 158 553
3 553 158 800
3 800 158 1016
3 800 553 1016
3 800 158 1191
3 158 1016 1191
3 884 158 1016
3 158 884 1191
3 346 158 884
3 346 158 1016
3 222 1001 1037
3 590 1037 1001
3 590 222 1037
3 590 222 1001
3 390 216 1058
3 390 144 1058
3 216 144 1058
3 390 1058 1153
3 1153 1058 475
3 475 390 1058
3 390 475 1153
3 216 1153 1058
3 1058 216 475
3 216 1153 475
3 678 390 1058
3 881 390 1058
3 678 1058 881
3 1058 280 475
3 390 280 475
3 390 280 1058
3 991 475 1058
3 280 1058 991
3 498 475 1058
3 1058 498 678
3 678 475 1058
3 498 475 678
3 1058 991 498
3 678 1058 991
3 390 132 1058
3 1058 731 132
3 731 390 132
3 1058 731 390
3 678 132 1058
3 731 678 1058
3 1058 493 731
3 1058 493 678
3 991 493 1058
3 731 991 1058
3 721 127 562
3 782 127 562
3 782 562 721
3 127 728 562
3 127 562 638
3 638 562 728
3 127 124 562
3 127 124 728
3 728 124 562
3 562 388 127
3 721 388 562
3 1002 84 700
3 396 84 700
3 396 84 1002
3 273 84 754
3 754 84 850
3 273 84 850
3 749 84 754
3 749 84 273
3 1072 84 700
3 1072 754 84
3 700 1072 754
3 84 754 700
3 749 214 1096
3 749 524 1096
3 214 1096 524
3 1096 84 1072
3 1096 84 700
3 1096 700 1072
3 749 51 1096
3 214 51 1096
3 1072 749 1096
3 1096 139 1072
3 749 139 1072
3 749 139 1096
3 749 1096 754
3 1096 754 1072
3 749 1072 754
3 1096 754 84
3 749 84 1096
3 749 273 1096
3 273 84 1096
3 273 982 1096
3 749 1096 982
3 252 55 765
3 252 55 1132
3 765 252 1132
3 252 55 834
3 765 55 834
3 765 252 834
3 1132 834 252
3 55 1132 834
3 252 834 563
3 563 473 834
3 473 252 834
3 563 473 252
3 252 192 1104
3 252 192 905
3 905 252 1104
3 563 192 252
3 286 252 563
3 286 192 252
3 439 252 1104
3 439 252 563
3 252 1104 563
3 1104 439 563
3 192 439 252
3 725 699 426
3 537 426 725
3 725 699 537
3 426 537 699
3 1132 426 725
3 1132 699 725
3 1132 699 426
3 1132 537 725
3 537 426 1132
3 426 44 699
3 544 426 699
3 426 44 544
3 699 426 877
3 44 877 426
3 950 214 705
3 705 523 950
3 523 214 705
3 523 214 950
3 214 1096 705
3 1072 705 1096
3 214 1072 705
3 1072 214 1096
3 898 214 705
3 705 524 214
3 898 524 705
3 214 705 1142
3 950 705 1142
3 214 950 1142
3 1142 705 898
3 898 705 950
3 898 1142 950
3 396 196 1002
3 396 247 196
3 196 1002 247
3 396 247 1002
3 196 175 1002
3 196 175 494
3 175 494 1002
3 196 1002 494
3 247 196 1005
3 1005 247 59
3 1005 196 59
3 196 59 247
3 169 12 673
3 673 12 1055
3 673 169 1055
3 169 12 1055
3 428 169 630
3 428 169 673
3 673 169 630
3 902 275 937
3 275 902 550
3 937 550 902
3 275 550 937
3 902 12 937
3 902 12 275
3 275 12 937
3 793 275 902
3 793 275 53
3 275 53 902
3 275 550 793
3 415 275 550
3 275 415 793
3 938 275 550
3 902 275 938
3 550 902 938
3 938 275 793
3 1027 275 550
3 1027 275 415
3 937 482 779
3 937 482 12
3 937 12 779
3 779 482 12
3 937 482 902
3 779 482 902
3 482 12 902
3 275 902 482
3 275 12 482
3 397 19 536
3 397 19 956
3 956 536 397
3 536 19 956
3 397 19 683
3 536 19 683
3 956 683 19
3 536 19 1167
3 683 19 1167
3 956 19 724
3 724 683 19
3 323 216 911
3 911 216 776
3 323 216 776
3 911 323 776
3 96 929 911
3 911 776 929
3 776 96 911
3 96 929 776
3 671 550 707
3 550 707 590
3 707 590 671
3 39 710 707
3 707 671 710
3 671 39 710
3 707 671 39
3 707 550 710
3 550 39 707
3 415 39 707
3 707 415 550
3 450 39 707
3 450 802 707
3 39 707 802
3 707 317 39
3 39 707 1107
3 317 1107 707
3 450 317 707
3 931 473 963
3 931 834 963
3 473 963 834
3 931 895 963
3 931 593 895
3 963 593 931
3 963 593 895
3 139 963 753
3 624 139 753
3 963 624 139
3 624 963 753
3 931 753 895
3 931 753 963
3 895 753 963
3 1072 963 139
3 931 139 963
3 1072 931 963
3 139 1072 931
3 705 139 963
3 705 139 1072
3 963 705 1072
3 931 101 963
3 963 523 101
3 931 523 963
3 101 931 523
3 473 101 963
3 523 473 963
3 473 963 950
3 523 950 963
3 963 950 705
3 473 963 705
3 950 473 705
3 523 705 963
3 803 687 1094
3 209 1094 803
3 687 209 803
3 803 544 1094
3 44 544 803
3 44 1094 803
3 320 44 803
3 620 320 803
3 620 44 803
3 620 44 320
3 687 803 795
3 687 620 803
3 795 620 687
3 795 620 803
3 795 803 1094
3 687 803 717
3 305 803 717
3 803 305 687
3 803 555 620
3 803 555 687
3 687 555 620
3 717 555 803
3 555 717 620
3 717 620 803
3 1171 369 1177
3 205 1177 369
3 205 1171 369
3 1171 205 1177
3 1177 572 369
3 1171 572 369
3 572 205 369
3 369 15 572
3 171 15 369
3 369 171 572
3 369 15 1171
3 369 171 1171
3 572 369 642
3 369 171 642
3 906 205 369
3 906 369 572
3 135 427 290
3 427 290 951
3 951 427 135
3 290 135 951
3 189 290 253
3 951 253 290
3 189 951 253
3 951 189 290
3 477 394 1018
3 477 1018 542
3 542 394 1018
3 542 394 477
3 1115 1018 477
3 394 1018 1115
3 394 477 1115
3 693 1115 1018
3 477 1018 693
3 1115 477 693
3 693 394 1018
3 693 394 1115
3 519 324 107
3 1061 324 107
3 519 324 1061
3 324 30 519
3 324 30 107
3 951 164 56
3 253 56 951
3 164 56 253
3 253 164 951
3 636 487 349
3 164 636 487
3 487 164 349
3 164 636 349
3 649 56 904
3 649 164 56
3 649 164 904
3 56 904 164
3 543 394 693
3 1018 543 394
3 693 543 1018
3 543 394 1115
3 693 543 1115
3 262 257 454
3 262 257 1193
3 262 1193 454
3 1193 454 257
3 1179 1076 987
3 89 1076 1179
3 89 987 1179
3 1070 781 1160
3 926 781 1070
3 1070 926 1160
3 926 781 1160
3 274 1070 781
3 274 1160 781
3 926 274 781
3 404 274 781
3 926 404 781
3 386 138 1165
3 1003 386 138
3 138 1003 1165
3 386 1165 1003
3 313 160 439
3 941 313 160
3 313 439 941
3 160 941 439
3 313 138 160
3 160 138 439
3 434 313 160
3 434 160 743
3 434 313 743
3 160 743 313
3 160 138 434
3 160 138 743
3 138 386 160
3 386 160 743
3 386 160 1165
3 160 138 1165
3 386 1165 743
3 1165 743 160
3 313 160 1076
3 1076 160 941
3 1076 313 941
3 594 361 628
3 361 980 628
3 628 594 980
3 361 980 594
3 195 151 648
3 769 195 648
3 195 151 769
3 648 195 736
3 151 736 195
3 994 477 1018
3 994 477 542
3 542 1018 994
3 994 477 500
3 500 477 1018
3 1018 994 500
3 542 500 994
3 477 542 500
3 537 841 725
3 841 537 994
3 537 725 994
3 994 725 841
3 1061 391 30
3 30 519 391
3 519 391 1061
3 391 107 1061
3 30 391 107
3 930 620 320
3 620 97 930
3 320 97 930
3 620 97 320
3 459 364 1139
3 364 1139 434
3 459 434 1139
3 1139 274 921
3 921 1070 1139
3 1139 274 1070
3 1139 747 921
3 459 1139 747
3 921 459 1139
3 459 921 747
3 1139 747 274
3 459 274 1139
3 459 274 747
3 921 299 1139
3 1139 299 364
3 921 364 1139
3 921 299 364
3 1139 956 299
3 956 921 1139
3 364 1139 956
3 1139 183 921
3 459 183 1139
3 459 183 921
3 183 1139 956
3 1139 614 459
3 614 329 1139
3 459 329 1139
3 459 329 614
3 614 364 1139
3 364 329 1139
3 364 1139 724
3 956 724 1139
3 329 724 1139
3 329 956 1139
3 1097 469 1073
3 1073 404 1097
3 469 404 1073
3 469 404 1097
3 817 469 701
3 701 469 1073
3 817 469 1073
3 701 1073 817
3 701 369 1073
3 205 369 701
3 1073 205 369
3 1073 205 701
3 469 960 701
3 960 817 701
3 469 960 817
3 1073 960 469
3 960 369 1073
3 469 369 1073
3 469 369 960
3 960 701 1073
3 701 369 960
3 960 205 369
3 205 960 701
3 369 960 642
3 572 960 642
3 369 572 960
3 960 171 369
3 642 171 960
3 611 841 817
3 817 537 841
3 611 537 817
3 611 537 841
3 611 817 960
3 701 611 817
3 611 701 960
3 611 469 817
3 611 469 542
3 611 542 817
3 542 469 817
3 611 469 960
3 960 611 542
3 542 469 960
3 841 611 994
3 611 542 994
3 841 542 994
3 841 542 611
3 611 500 994
3 841 500 994
3 611 500 841
3 542 500 611
3 611 477 542
3 817 477 542
3 817 477 611
3 477 611 500
3 444 946 484
3 833 946 444
3 946 484 833
3 946 327 444
3 484 327 946
3 946 438 821
3 438 1100 946
3 1100 946 821
3 444 191 946
3 946 191 821
3 444 191 821
3 821 444 946
3 946 438 191
3 444 438 191
3 444 438 946
3 293 1192 917
3 917 293 1060
3 293 1192 1060
3 293 179 1192
3 293 179 917
3 792 765 939
3 765 635 792
3 765 635 939
3 792 635 939
3 834 765 635
3 635 55 765
3 635 55 834
3 252 1104 635
3 635 252 834
3 1104 635 834
3 1104 834 252
3 765 252 635
3 252 1104 765
3 1104 765 635
3 834 101 635
3 101 931 635
3 931 635 834
3 635 473 834
3 473 101 635
3 1104 167 146
3 146 72 1104
3 146 72 167
3 765 146 792
3 765 146 939
3 939 146 792
3 252 146 1104
3 563 146 1104
3 563 146 252
3 146 125 792
3 1104 792 146
3 1104 125 792
3 1104 125 146
3 146 792 354
3 125 146 354
3 167 146 435
3 146 792 435
3 167 792 435
3 146 167 792
3 354 146 435
3 167 146 354
3 146 1104 765
3 146 252 765
3 635 146 1104
3 635 146 792
3 792 635 1104
3 635 146 765
3 905 146 1104
3 777 146 905
3 777 146 1104
3 1104 777 905
3 905 167 146
3 777 167 146
3 622 146 354
3 167 146 622
3 622 146 777
3 354 146 777
3 971 516 162
3 162 971 666
3 516 666 971
3 971 741 162
3 741 156 971
3 162 156 971
3 162 156 741
3 156 366 971
3 886 366 971
3 156 886 971
3 486 445 973
3 999 973 445
3 445 999 486
3 999 486 973
3 716 445 999
3 999 194 445
3 999 194 716
3 716 194 445
3 121 778 999
3 936 778 999
3 121 936 999
3 973 194 1025
3 445 194 973
3 445 194 1025
3 1025 445 973
3 1025 35 985
3 1025 35 824
3 1025 824 985
3 1025 916 985
3 194 1025 916
3 985 194 1025
3 194 985 916
3 1025 916 35
3 194 35 1025
3 1025 419 194
3 419 35 1025
3 419 775 1025
3 194 1025 775
3 1025 240 985
3 240 194 1025
3 240 194 985
3 985 516 1025
3 240 1025 516
3 985 486 1025
3 1025 486 973
3 985 486 973
3 985 973 1025
3 1025 516 486
3 1025 516 973
3 516 162 1025
3 1025 162 973
3 1025 162 971
3 1025 516 971
3 973 971 1025
3 162 971 973
3 37 1160 926
3 1070 37 1160
3 37 1070 926
3 228 118 37
3 228 37 1160
3 37 1160 118
3 228 118 1160
3 121 37 228
3 121 118 37
3 228 121 1160
3 121 37 1160
3 118 37 1185
3 926 118 37
3 37 926 1185
3 118 1185 926
3 121 37 1185
3 37 1160 781
3 781 37 926
3 386 118 1165
3 118 37 1165
3 386 37 118
3 386 37 1165
3 429 296 955
3 453 429 955
3 296 453 429
3 429 955 609
3 609 296 429
3 609 429 265
3 609 429 650
3 265 650 429
3 429 224 955
3 429 83 955
3 429 83 224
3 429 259 955
3 429 259 265
3 429 265 955
3 265 259 955
3 429 259 609
3 429 153 955
3 224 153 429
3 429 265 1199
3 1199 429 224
3 265 224 429
3 1199 265 224
3 828 362 629
3 362 669 629
3 629 828 669
3 828 669 362
3 775 10 910
3 822 10 775
3 822 10 910
3 775 910 822
3 910 419 775
3 1036 419 910
3 1036 419 775
3 1036 775 910
3 910 115 1036
3 1036 10 910
3 115 10 910
3 115 10 1036
3 547 690 641
3 848 641 690
3 547 848 641
3 848 547 690
3 641 755 690
3 755 547 641
3 690 848 755
3 848 755 641
3 822 641 357
3 547 357 641
3 822 547 641
3 357 822 547
3 357 10 641
3 357 10 822
3 641 10 822
3 547 104 641
3 641 104 755
3 641 586 547
3 641 353 547
3 641 353 586
3 547 311 641
3 547 311 586
3 586 311 641
3 690 232 848
3 232 848 755
3 232 690 755
3 600 232 690
3 600 232 848
3 641 232 10
3 641 232 848
3 232 10 848
3 641 10 848
3 641 232 755
3 755 232 10
3 641 10 755
3 910 232 10
3 10 910 848
3 232 848 910
3 670 10 910
3 232 10 670
3 670 232 910
3 592 232 848
3 1118 232 592
3 1118 232 848
3 592 1118 848
3 407 104 1029
3 104 1029 755
3 755 407 1029
3 407 336 1029
3 336 104 1029
3 104 1029 362
3 362 104 669
3 104 1029 669
3 669 362 1029
3 443 353 532
3 532 353 586
3 443 353 586
3 586 443 532
3 650 178 576
3 609 576 650
3 609 178 650
3 609 178 576
3 1110 392 131
3 392 178 1110
3 1110 178 131
3 178 131 392
3 178 576 1110
3 650 576 1110
3 178 650 1110
3 392 178 875
3 576 392 178
3 178 576 875
3 392 875 576
3 392 46 875
3 392 46 178
3 178 46 875
3 322 178 855
3 46 322 178
3 855 322 46
3 178 46 855
3 322 178 1084
3 322 1084 855
3 1084 855 178
3 178 46 1084
3 806 215 1092
3 215 857 806
3 1092 857 215
3 857 806 1092
3 466 410 623
3 599 410 623
3 599 410 466
3 466 623 526
3 410 623 526
3 410 466 526
3 600 526 915
3 526 410 600
3 526 410 915
3 915 410 600
3 410 600 448
3 867 600 410
3 448 410 867
3 600 410 690
3 623 600 410
3 410 623 690
3 600 690 623
3 448 410 690
3 410 372 623
3 372 962 410
3 372 962 623
3 962 410 623
3 1043 410 448
3 1043 410 962
3 448 410 962
3 526 343 621
3 343 108 621
3 621 108 526
3 343 821 621
3 621 191 343
3 621 191 821
3 353 621 586
3 353 343 621
3 586 343 621
3 586 343 353
3 600 353 621
3 586 621 600
3 621 353 915
3 915 621 526
3 526 353 915
3 526 353 621
3 621 600 915
3 526 621 600
3 621 466 343
3 466 623 621
3 623 343 466
3 343 623 621
3 526 466 621
3 621 526 623
3 621 410 623
3 600 410 621
3 621 600 623
3 621 410 526
3 613 46 855
3 613 322 46
3 613 322 855
3 855 758 613
3 613 49 758
3 613 49 855
3 758 49 855
3 392 46 613
3 875 613 46
3 392 875 613
3 613 595 758
3 855 595 613
3 855 595 758
3 1125 613 46
3 1125 758 613
3 758 46 613
3 1125 758 46
3 613 178 855
3 613 392 178
3 613 392 855
3 178 855 392
3 178 46 613
3 460 846 819
3 828 460 819
3 828 460 846
3 819 846 828
3 830 819 645
3 645 460 819
3 830 460 819
3 830 460 645
3 645 510 819
3 819 510 830
3 819 510 760
3 510 68 819
3 819 68 760
3 819 510 73
3 645 73 819
3 819 73 760
3 645 73 760
3 760 645 819
3 531 215 116
3 531 215 1092
3 215 116 1092
3 531 116 1092
3 1131 610 260
3 610 334 1131
3 334 260 610
3 1131 334 260
3 610 494 1131
3 494 260 1131
3 260 610 494
3 494 334 610
3 494 334 1131
3 723 1131 734
3 723 260 1131
3 734 260 723
3 734 260 1131
3 876 723 1131
3 734 1131 876
3 1131 175 494
3 723 175 1131
3 723 175 494
3 723 494 1131
3 1131 876 175
3 175 876 494
3 494 1131 876
3 1131 327 260
3 327 260 719
3 327 719 1131
3 260 1131 719
3 444 260 1131
3 444 327 1131
3 260 1131 833
3 723 1131 833
3 260 723 833
3 1131 833 444
3 444 833 723
3 1131 444 723
3 1069 334 698
3 1093 334 698
3 1093 698 1069
3 698 217 1069
3 876 217 698
3 876 217 1069
3 698 1069 876
3 217 1030 698
3 1030 698 1069
3 1030 876 698
3 217 1030 876
3 334 965 698
3 698 376 965
3 376 334 965
3 698 376 334
3 698 1069 965
3 1069 376 698
3 698 263 1030
3 698 263 376
3 376 1030 698
3 698 263 1069
3 698 494 876
3 175 698 494
3 698 175 876
3 698 610 334
3 334 698 1060
3 610 1060 698
3 494 334 698
3 610 494 698
3 334 698 1131
3 876 698 1131
3 876 334 698
3 334 876 1131
3 494 1131 698
3 607 261 876
3 607 734 261
3 876 734 607
3 1030 607 280
3 280 750 607
3 750 607 1030
3 698 607 876
3 607 334 876
3 607 334 698
3 607 876 1030
3 607 698 1030
3 607 217 280
3 607 217 876
3 607 280 876
3 280 217 876
3 607 217 1030
3 991 607 261
3 607 280 991
3 991 280 261
3 280 261 607
3 607 498 991
3 261 607 498
3 498 280 607
3 993 607 261
3 498 993 607
3 280 607 475
3 280 475 876
3 876 475 607
3 475 607 498
3 607 175 876
3 261 175 607
3 754 119 382
3 754 382 850
3 382 119 850
3 382 1178 905
3 905 382 777
3 382 1178 777
3 754 325 382
3 325 119 382
3 382 325 1178
3 382 1178 754
3 754 325 1178
3 382 119 1178
3 382 192 119
3 382 192 1178
3 382 192 905
3 382 119 905
3 700 382 754
3 1072 382 700
3 754 382 1072
3 700 382 84
3 382 84 754
3 465 409 961
3 961 206 465
3 409 206 465
3 409 206 961
3 685 91 961
3 685 91 1149
3 1149 961 91
3 685 1149 961
3 409 91 961
3 91 626 409
3 626 409 961
3 961 626 91
3 409 379 961
3 961 272 409
3 961 272 379
3 961 172 409
3 961 172 465
3 465 172 409
3 779 12 703
3 937 703 779
3 937 12 703
3 1174 140 703
3 703 140 779
3 1174 140 779
3 703 779 1174
3 703 627 140
3 1174 627 703
3 779 627 140
3 703 627 779
3 703 77 1174
3 1174 12 703
3 77 12 1174
3 77 12 703
3 77 703 627
3 779 482 703
3 703 482 12
3 703 673 1174
3 703 201 1174
3 201 703 673
3 673 12 703
3 703 169 12
3 673 169 703
3 1055 703 1174
3 12 703 1055
3 12 1174 1055
3 673 1055 703
3 1016 110 1137
3 1137 884 1016
3 884 110 1137
3 843 451 1137
3 1137 843 110
3 451 110 843
3 1137 451 110
3 1016 843 1137
3 843 451 1016
3 1016 451 1137
3 1137 158 1016
3 1163 158 1137
3 1163 158 1016
3 1163 1016 1137
3 1137 186 110
3 186 110 1162
3 186 1162 1137
3 110 1137 1162
3 1163 110 1137
3 110 1137 1156
3 1156 1137 1163
3 110 1163 1156
3 1194 186 1162
3 186 1162 957
3 1162 957 1194
3 186 1194 957
3 1161 989 478
3 1071 989 478
3 1071 989 1161
3 478 60 989
3 478 405 989
3 989 405 60
3 989 680 934
3 989 934 1161
3 680 989 1161
3 934 60 989
3 680 60 989
3 680 60 934
3 989 38 478
3 934 38 989
3 934 38 478
3 934 478 989
3 38 1161 989
3 1082 60 989
3 478 989 1082
3 934 490 948
3 989 490 934
3 989 490 948
3 934 948 989
3 490 60 989
3 490 60 901
3 989 901 60
3 901 490 989
3 866 272 1116
3 774 272 1116
3 1116 866 774
3 272 1116 379
3 272 231 1116
3 379 231 272
3 379 231 1116
3 379 1116 866
3 640 272 804
3 272 1116 640
3 1116 640 804
3 272 804 1116
3 421 215 852
3 421 116 852
3 215 116 421
3 852 421 857
3 421 215 857
3 1019 156 366
3 866 156 1019
3 866 156 366
3 866 366 1019
3 769 366 1019
3 1019 151 769
3 1019 151 366
3 1019 769 1033
3 1019 366 1033
3 983 961 91
3 961 465 983
3 983 465 91
3 465 91 961
3 1092 691 806
3 1040 691 1092
3 806 1092 1040
3 806 691 1040
3 1085 4 1168
3 4 1168 988
3 4 1085 988
3 29 4 1085
3 29 4 1168
3 78 4 988
3 420 4 988
3 420 4 78
3 78 4 588
3 588 4 1168
3 1168 78 4
3 588 78 1168
3 588 4 988
3 1168 428 4
3 1168 673 4
3 673 4 428
3 428 4 630
3 630 78 4
3 428 78 630
3 428 78 4
3 142 4 630
3 142 4 428
3 142 78 4
3 78 4 1177
3 4 1168 1177
3 78 1177 1168
3 142 4 1177
3 683 4 1167
3 683 4 142
3 142 4 1167
3 428 4 683
3 1167 428 4
3 1167 4 1015
3 1015 4 1168
3 1015 1168 1167
3 1167 4 1168
3 1015 428 4
3 1114 55 725
3 1114 55 1132
3 725 1132 1114
3 614 55 1114
3 614 329 1114
3 329 55 1114
3 614 1114 837
3 725 1114 837
3 725 614 1114
3 614 725 837
3 1114 837 55
3 614 1114 724
3 329 724 1114
3 1114 537 725
3 614 537 725
3 614 537 1114
3 537 725 817
3 817 725 1114
3 537 1114 817
3 743 459 499
3 499 434 743
3 434 499 459
3 499 743 614
3 614 499 1114
3 743 614 1114
3 499 1114 743
3 499 459 614
3 614 459 1114
3 499 459 1114
3 499 1114 701
3 817 701 1114
3 701 499 817
3 499 1114 817
3 941 743 160
3 743 499 941
3 499 160 743
3 941 499 160
3 651 450 918
3 651 373 450
3 373 651 918
3 651 450 1171
3 1171 651 15
3 1171 450 15
3 450 15 651
3 918 651 1171
3 918 15 1171
3 918 651 15
3 831 651 450
3 651 317 450
3 651 317 831
3 450 802 651
3 802 651 831
3 837 329 244
3 837 614 244
3 614 244 329
3 244 15 918
3 244 15 1171
3 1171 244 918
3 765 329 244
3 939 244 765
3 329 244 939
3 329 244 724
3 244 918 724
3 329 918 724
3 244 329 918
3 244 918 837
3 244 142 918
3 837 142 918
3 837 142 244
3 651 244 837
3 651 244 918
3 918 651 837
3 15 651 244
3 651 15 837
3 837 15 244
3 55 765 244
3 244 55 837
3 55 837 765
3 765 244 837
3 329 55 244
3 837 278 1132
3 278 55 837
3 1132 278 55
3 725 278 699
3 725 278 837
3 278 837 699
3 699 837 725
3 725 278 1132
3 278 699 1132
3 426 278 699
3 278 426 1132
3 837 15 278
3 278 837 651
3 278 15 651
3 544 278 699
3 1094 278 544
3 1094 278 699
3 544 699 1094
3 278 244 837
3 699 244 837
3 699 244 278
3 278 15 244
3 278 171 1094
3 278 171 15
3 278 15 1094
3 666 441 1123
3 1123 87 441
3 87 1123 666
3 1077 161 1123
3 188 161 1123
3 1077 188 1123
3 161 1120 1123
3 1077 1123 1120
3 1123 1120 666
3 161 666 1123
3 1123 666 1077
3 441 355 1123
3 1123 355 1077
3 441 355 1077
3 1077 441 1123
3 1123 666 355
3 441 1123 860
3 860 441 900
3 1123 860 900
3 441 900 1123
3 412 206 983
3 983 206 465
3 465 412 206
3 983 412 465
3 412 79 206
3 412 79 1083
3 206 1083 412
3 412 112 206
3 412 112 79
3 668 901 737
3 490 737 668
3 901 490 668
3 668 446 733
3 668 446 737
3 737 733 446
3 733 668 737
3 668 446 901
3 733 446 901
3 733 668 901
3 560 472 833
3 444 833 560
3 472 444 833
3 560 472 444
3 833 723 560
3 723 472 560
3 723 444 560
3 560 187 472
3 560 187 713
3 472 713 560
3 560 187 723
3 713 560 723
3 943 560 417
3 444 417 560
3 417 943 444
3 943 444 560
3 560 417 713
3 713 560 943
3 1131 444 560
3 1131 560 723
3 560 417 734
3 723 560 734
3 723 417 734
3 723 417 560
3 713 560 734
3 417 560 438
3 560 76 417
3 76 560 438
3 560 191 417
3 560 191 444
3 417 191 444
3 438 191 560
3 444 438 560
3 444 946 560
3 946 438 560
3 70 745 246
3 745 246 742
3 70 742 745
3 246 52 745
3 52 1121 745
3 1121 246 745
3 70 745 332
3 52 745 332
3 70 52 745
3 52 70 332
3 745 332 246
3 52 25 1121
3 745 25 1121
3 745 25 52
3 745 70 974
3 974 745 637
3 637 70 974
3 637 70 745
3 1026 745 974
3 745 70 1026
3 1026 745 637
3 972 745 70
3 972 52 70
3 972 52 745
3 1026 745 972
3 226 986 745
3 986 745 1026
3 226 1026 745
3 986 745 637
3 637 226 745
3 358 226 745
3 745 358 52
3 226 52 358
3 745 226 52
3 637 358 745
3 637 52 745
3 637 358 52
3 283 237 99
3 99 283 1082
3 237 1082 283
3 99 283 868
3 868 283 913
3 913 99 283
3 99 913 868
3 283 91 626
3 283 91 807
3 626 91 807
3 626 283 807
3 283 91 983
3 983 626 91
3 626 283 983
3 91 983 807
3 983 807 283
3 25 1121 1105
3 1121 1105 1023
3 1023 25 1121
3 1023 25 1105
3 52 1121 1105
3 25 52 1105
3 1105 52 1023
3 1105 358 1023
3 668 358 1105
3 668 358 1023
3 1023 668 1105
3 358 52 1105
3 358 52 668
3 668 52 1105
3 692 115 1036
3 1119 115 692
3 1119 115 1036
3 1119 1036 692
3 115 86 692
3 115 86 1036
3 692 86 1036
3 1119 86 692
3 115 86 1119
3 1036 670 692
3 910 670 1036
3 910 670 692
3 910 692 1036
3 670 692 706
3 706 692 1119
3 1119 670 692
3 670 1119 706
3 549 706 692
3 670 549 692
3 670 549 706
3 692 549 1119
3 1119 706 549
3 1180 270 799
3 799 435 1180
3 435 270 799
3 270 218 799
3 597 270 799
3 597 270 218
3 597 218 799
3 449 870 597
3 799 597 870
3 799 449 870
3 449 799 597
3 799 660 270
3 1180 660 799
3 870 28 799
3 799 28 1180
3 870 28 1180
3 799 870 1180
3 847 799 870
3 870 270 799
3 847 270 799
3 847 270 870
3 344 480 422
3 1106 422 480
3 1106 344 480
3 344 1106 422
3 422 1118 480
3 1118 344 422
3 422 1118 1106
3 422 117 1106
3 422 117 1118
3 422 117 2
3 422 2 1106
3 1118 117 2
3 422 2 1118
3 592 344 422
3 592 422 1118
3 344 484 422
3 344 422 833
3 833 422 484
3 791 344 422
3 344 422 719
3 719 422 791
3 422 484 791
3 966 218 50
3 966 50 597
3 597 218 50
3 1031 50 672
3 218 50 1031
3 1031 218 672
3 218 50 672
3 1031 50 966
3 966 672 1031
3 672 50 966
3 443 134 533
3 443 134 1192
3 1192 533 134
3 533 443 1192
3 865 248 312
3 793 248 312
3 793 312 865
3 865 312 975
3 312 28 975
3 865 28 975
3 865 28 312
3 686 312 975
3 686 312 865
3 312 28 686
3 1180 312 28
3 248 28 312
3 28 1180 248
3 1180 248 312
3 686 312 1180
3 248 564 312
3 619 312 564
3 248 619 312
3 619 248 564
3 312 865 564
3 312 865 619
3 548 312 865
3 548 312 686
3 548 312 619
3 686 312 619
3 248 312 461
3 461 312 28
3 461 28 248
3 461 312 656
3 656 248 312
3 656 248 461
3 461 28 656
3 656 312 28
3 461 310 656
3 847 310 461
3 847 310 656
3 461 656 847
3 310 28 461
3 310 28 656
3 310 28 847
3 870 310 847
3 870 310 28
3 870 310 799
3 799 310 847
3 799 310 28
3 656 312 310
3 28 310 312
3 310 155 1180
3 1180 310 28
3 1180 155 28
3 155 28 310
3 799 310 1180
3 310 155 799
3 799 155 1180
3 720 561 764
3 561 720 862
3 720 862 764
3 720 18 561
3 953 18 720
3 953 18 561
3 953 561 720
3 720 680 18
3 561 720 680
3 953 680 18
3 953 680 720
3 680 140 720
3 720 140 561
3 720 140 779
3 720 680 779
3 720 561 779
3 937 720 764
3 779 720 937
3 779 764 937
3 779 720 764
3 720 561 937
3 570 74 1122
3 646 74 1122
3 570 1122 646
3 248 74 1122
3 74 1122 762
3 248 1122 762
3 74 248 762
3 248 1122 312
3 312 74 248
3 312 74 1122
3 656 248 1122
3 312 1122 656
3 461 248 1122
3 1122 461 570
3 461 248 570
3 570 248 1122
3 1122 656 461
3 461 656 570
3 570 1122 656
3 1122 514 74
3 74 1122 123
3 1122 123 514
3 1122 511 74
3 511 69 1122
3 74 69 1122
3 74 69 511
3 570 511 1122
3 511 69 570
3 570 69 1122
3 953 948 447
3 490 447 948
3 953 490 948
3 447 953 490
3 680 447 948
3 680 447 934
3 934 447 948
3 720 447 953
3 720 953 764
3 764 447 720
3 764 447 953
3 447 18 953
3 447 18 948
3 948 18 953
3 447 18 680
3 447 953 680
3 447 720 680
3 431 816 511
3 816 431 880
3 880 431 511
3 511 816 880
3 431 540 511
3 844 431 540
3 431 844 511
3 431 359 540
3 816 359 431
3 816 359 540
3 431 540 816
3 359 972 431
3 540 431 972
3 972 816 431
3 431 157 816
3 511 157 431
3 511 157 816
3 157 431 972
3 431 74 511
3 74 514 431
3 514 431 511
3 74 511 514
3 540 74 431
3 431 540 514
3 431 123 540
3 431 123 514
3 431 123 972
3 972 431 514
3 458 310 656
3 458 310 155
3 310 155 656
3 458 155 656
3 458 310 883
3 310 656 883
3 458 883 656
3 883 310 155
3 458 155 883
3 1089 458 86
3 458 86 1000
3 458 1000 1089
3 86 1089 1000
3 155 86 458
3 155 86 1089
3 458 155 1089
3 1036 458 86
3 86 115 458
3 1036 458 115
3 692 458 86
3 692 458 1000
3 692 86 1000
3 692 458 1036
3 692 1036 1000
3 458 1000 1036
3 1166 14 810
3 1166 14 1067
3 810 1067 1166
3 456 14 1166
3 456 61 1166
3 61 14 1166
3 810 1166 1155
3 456 1166 1155
3 810 456 1166
3 456 810 1155
3 1166 1155 14
3 1015 456 61
3 61 1015 1166
3 456 1166 1015
3 1166 21 810
3 456 21 810
3 456 21 1166
3 953 810 1166
3 21 810 953
3 21 1166 953
3 1166 720 764
3 953 720 1166
3 764 953 1166
3 456 5 1166
3 1166 764 5
3 5 456 764
3 1166 764 456
3 660 579 799
3 799 579 270
3 579 270 660
3 799 155 579
3 579 310 155
3 799 310 579
3 155 579 1180
3 660 579 1180
3 660 155 579
3 155 660 1180
3 1180 579 799
3 155 579 656
3 310 656 579
3 660 397 579
3 579 397 268
3 660 268 579
3 579 512 660
3 512 155 660
3 512 155 579
3 579 397 512
3 893 115 1089
3 893 86 1089
3 893 115 86
3 468 1039 893
3 893 824 1039
3 893 824 468
3 824 468 1039
3 893 1089 1039
3 1089 468 893
3 1089 1039 468
3 1089 824 893
3 893 35 824
3 115 35 893
3 893 115 824
3 893 35 1089
3 927 468 893
3 893 778 927
3 468 893 778
3 468 228 893
3 927 228 893
3 468 893 1160
3 228 1160 893
3 1089 268 1136
3 1136 86 1089
3 268 86 1089
3 268 86 1136
3 1136 155 579
3 1089 155 1136
3 1089 155 579
3 1089 579 1136
3 1136 536 397
3 1136 397 268
3 536 268 397
3 1136 536 268
3 579 397 1136
3 579 536 397
3 579 536 1136
3 579 268 1136
3 660 268 1136
3 579 1136 660
3 1136 468 1089
3 1136 468 893
3 1136 893 1089
3 268 1136 1039
3 1136 1039 1089
3 268 1089 1039
3 1136 1039 468
3 468 268 1136
3 268 183 1136
3 468 183 1136
3 268 1136 921
3 183 921 1136
3 716 999 761
3 761 445 716
3 761 445 999
3 822 716 761
3 775 716 822
3 775 716 761
3 775 761 822
3 936 716 761
3 936 716 999
3 761 999 936
3 454 257 936
3 936 761 257
3 936 761 454
3 257 454 761
3 761 357 822
3 357 257 761
3 822 257 761
3 357 257 822
3 822 73 761
3 822 73 760
3 761 760 822
3 73 760 761
3 388 141 562
3 562 141 127
3 141 127 388
3 388 141 721
3 721 141 1012
3 1012 388 141
3 721 388 1012
3 721 141 562
3 721 562 1012
3 141 1012 562
3 704 141 1012
3 1175 141 704
3 1175 141 1012
3 704 1012 1175
3 141 388 212
3 1098 388 141
3 212 141 1098
3 388 141 935
3 388 935 1012
3 141 1012 935
3 212 141 935
3 319 141 1175
3 319 141 212
3 212 141 1175
3 504 219 1047
3 1047 57 504
3 219 57 1047
3 1047 100 1012
3 1047 704 1012
3 1047 100 704
3 1047 276 219
3 219 1047 805
3 276 805 1047
3 504 1047 721
3 1012 721 1047
3 504 1012 721
3 1012 504 1047
3 721 562 1047
3 562 504 721
3 504 1047 562
3 1012 562 1047
3 1047 141 1012
3 1012 219 1047
3 219 141 1047
3 219 141 1012
3 141 1047 562
3 219 100 1047
3 276 100 1047
3 219 1047 933
3 1047 933 1012
3 219 1012 933
3 1047 933 100
3 1047 502 54
3 219 54 1047
3 1047 502 219
3 502 219 54
3 504 54 1047
3 504 502 54
3 504 502 1047
3 249 796 558
3 717 558 796
3 249 796 717
3 54 558 796
3 249 54 796
3 54 717 796
3 249 796 555
3 620 555 796
3 249 620 555
3 620 249 796
3 796 717 555
3 717 620 796
3 502 54 796
3 502 249 796
3 803 796 620
3 796 717 803
3 930 796 620
3 796 320 620
3 930 796 320
3 796 97 620
3 796 97 930
3 1121 557 25
3 557 25 890
3 557 890 1121
3 25 1121 890
3 557 25 1023
3 1023 557 1121
3 557 25 1105
3 1023 557 1105
3 1083 566 112
3 1083 566 79
3 566 79 112
3 566 557 890
3 557 112 566
3 557 112 890
3 890 112 566
3 112 566 206
3 566 206 1083
3 143 109 879
3 631 143 879
3 631 109 879
3 631 109 143
3 143 43 879
3 109 43 143
3 143 43 631
3 874 143 109
3 143 109 575
3 143 575 874
3 109 874 575
3 143 43 874
3 1109 143 109
3 1109 109 20
3 1109 143 20
3 143 20 109
3 1127 143 575
3 1083 143 1127
3 1083 143 575
3 1083 575 1127
3 1127 631 143
3 575 1127 631
3 143 631 575
3 1083 631 143
3 143 79 43
3 143 79 1083
3 143 43 1083
3 143 79 631
3 649 143 575
3 649 575 1109
3 143 575 1109
3 143 649 1109
3 649 575 904
3 904 143 649
3 904 143 575
3 770 320 930
3 930 107 770
3 320 107 770
3 320 107 930
3 930 751 770
3 320 930 751
3 320 770 751
3 107 1061 770
3 898 770 1061
3 107 898 770
3 898 107 1061
3 1061 919 770
3 919 107 770
3 107 1061 919
3 919 898 1061
3 770 919 898
3 107 770 1009
3 930 770 1009
3 107 930 1009
3 213 17 925
3 1184 213 17
3 17 1184 925
3 213 925 1184
3 780 213 925
3 1045 213 780
3 1045 213 925
3 780 925 1045
3 968 213 17
3 968 213 925
3 968 17 925
3 758 752 595
3 752 595 1064
3 752 1064 758
3 595 758 1064
3 752 595 1125
3 1125 595 758
3 1125 752 758
3 752 81 1064
3 752 221 1064
3 81 752 221
3 752 106 1064
3 752 174 106
3 752 174 1064
3 174 1064 106
3 106 81 752
3 174 81 106
3 174 81 752
3 752 17 595
3 752 17 1184
3 595 752 1184
3 752 399 595
3 752 399 1064
3 595 399 1064
3 752 399 17
3 1064 17 752
3 968 752 1064
3 968 17 752
3 752 375 1064
3 752 375 968
3 1186 221 58
3 81 58 221
3 1186 81 58
3 149 58 1186
3 995 58 149
3 995 58 1186
3 149 1186 995
3 58 221 149
3 995 221 58
3 221 58 1035
3 1035 58 995
3 1035 58 676
3 1035 221 676
3 221 58 676
3 995 676 1035
3 676 58 995
3 524 375 1108
3 524 519 375
3 524 519 1108
3 375 519 1108
3 1108 51 925
3 1108 51 780
3 1108 780 925
3 925 524 1108
3 1108 213 925
3 524 213 925
3 524 213 1108
3 375 1108 1005
3 59 1005 1108
3 375 59 1005
3 375 59 1108
3 375 1108 968
3 968 925 1108
3 968 925 375
3 925 375 1108
3 524 1108 749
3 1108 749 925
3 524 925 749
3 1108 749 51
3 524 51 1108
3 524 214 1108
3 214 51 1108
3 524 1108 705
3 214 705 1108
3 554 1065 1035
3 581 1065 1035
3 581 554 1065
3 554 581 1035
3 554 23 1065
3 815 554 23
3 23 815 1065
3 554 1065 815
3 875 809 1186
3 81 809 1186
3 875 81 809
3 81 875 1186
3 149 1186 809
3 809 149 875
3 149 1186 875
3 149 81 809
3 809 221 81
3 221 149 809
3 809 46 1125
3 875 46 809
3 875 46 1125
3 809 1125 875
3 809 613 46
3 809 613 1125
3 875 613 809
3 809 392 875
3 392 81 875
3 392 81 809
3 392 809 613
3 752 595 809
3 809 752 81
3 595 81 752
3 809 595 81
3 1125 752 809
3 1125 595 809
3 1125 81 809
3 1125 752 81
3 809 758 1125
3 595 758 809
3 809 758 613
3 595 613 809
3 1186 307 488
3 307 488 875
3 875 488 1186
3 307 1186 875
3 1110 307 131
3 307 131 488
3 131 1110 488
3 307 488 1110
3 488 58 1186
3 307 58 1186
3 307 58 488
3 1083 1011 465
3 1127 1011 1083
3 1127 1011 465
3 1011 206 465
3 206 1083 1011
3 652 649 904
3 652 649 575
3 652 575 904
3 567 238 889
3 567 350 889
3 567 350 238
3 567 348 889
3 348 238 567
3 1127 172 16
3 172 16 914
3 172 914 1127
3 16 1127 914
3 16 652 649
3 904 16 649
3 652 16 904
3 575 16 1127
3 649 16 575
3 649 16 1127
3 575 1127 649
3 16 652 575
3 652 575 1127
3 1127 652 16
3 628 16 652
3 628 172 16
3 628 172 652
3 652 172 16
3 1083 16 1127
3 79 16 1083
3 79 16 1127
3 16 1127 1011
3 16 1083 1011
3 465 16 1127
3 172 16 465
3 465 172 1127
3 465 16 1011
3 172 16 1011
3 465 172 1011
3 348 331 889
3 7 348 331
3 348 7 889
3 331 7 889
3 348 7 945
3 945 348 238
3 238 7 945
3 238 7 348
3 638 227 88
3 638 227 789
3 789 227 88
3 638 88 789
3 227 88 1145
3 1024 227 88
3 88 1024 1145
3 227 1145 1024
3 638 227 1145
3 638 88 1145
3 1145 638 1078
3 1145 638 728
3 1145 728 1078
3 1145 789 1078
3 1145 789 638
3 227 1145 789
3 1078 227 1145
3 227 1078 789
3 1145 207 909
3 1078 207 1145
3 1078 207 909
3 1078 909 1145
3 174 106 1145
3 227 174 1145
3 227 106 174
3 227 106 1145
3 909 174 1145
3 174 106 909
3 909 106 1145
3 909 227 1145
3 227 174 909
3 522 174 380
3 380 227 174
3 522 227 380
3 522 227 174
3 380 88 1024
3 227 88 380
3 380 227 1024
3 9 922 995
3 1198 9 922
3 9 1198 995
3 23 9 922
3 23 9 995
3 831 538 1107
3 1107 538 317
3 538 317 831
3 538 377 571
3 538 377 831
3 538 831 571
3 831 377 571
3 538 377 1107
3 538 571 1107
3 1007 538 571
3 538 1007 1107
3 845 538 1007
3 845 538 571
3 553 538 657
3 538 831 553
3 538 657 831
3 831 553 657
3 538 163 553
3 538 163 657
3 831 163 538
3 802 538 831
3 802 571 831
3 538 571 802
3 538 163 802
3 501 249 538
3 538 501 571
3 571 249 501
3 538 249 571
3 657 501 538
3 657 249 538
3 538 657 571
3 571 501 657
3 249 555 538
3 555 538 657
3 163 555 538
3 538 163 249
3 432 90 785
3 90 432 298
3 785 298 432
3 90 298 785
3 881 432 90
3 881 90 785
3 90 432 393
3 881 90 393
3 678 90 498
3 678 90 881
3 881 90 498
3 993 90 298
3 498 90 993
3 498 90 298
3 498 298 993
3 432 90 726
3 726 90 298
3 298 432 726
3 282 337 302
3 393 282 337
3 282 393 302
3 282 671 337
3 282 710 337
3 710 282 671
3 783 282 337
3 783 282 1001
3 282 1001 337
3 337 1001 783
3 783 282 302
3 302 282 1001
3 1001 783 302
3 282 222 1001
3 337 222 1001
3 337 222 282
3 1037 1001 282
3 222 282 1037
3 590 282 671
3 282 1001 590
3 282 671 1001
3 1001 590 671
3 1037 282 590
3 671 282 1037
3 96 911 282
3 911 282 1037
3 1037 96 911
3 96 1037 282
3 671 282 911
3 671 96 282
3 282 96 520
3 520 282 337
3 337 96 520
3 282 96 337
3 282 671 520
3 108 1128 343
3 1128 343 1084
3 1084 108 1128
3 108 1084 343
3 466 343 1128
3 466 108 1128
3 1128 466 1084
3 1128 599 1084
3 1128 466 599
3 1128 526 108
3 526 466 1128
3 576 108 1128
3 650 108 576
3 576 1128 650
3 650 108 1128
3 526 108 915
3 526 915 1128
3 108 1128 915
3 1128 322 1084
3 322 108 1084
3 322 108 1128
3 1084 855 1128
3 322 1128 855
3 1128 178 576
3 1084 178 1128
3 1084 178 576
3 1084 576 1128
3 1128 855 178
3 178 855 576
3 576 1128 855
3 399 1196 997
3 1196 997 1005
3 1005 399 1196
3 399 1005 997
3 1196 997 26
3 399 26 1196
3 1005 997 26
3 1196 26 1005
3 399 137 1196
3 137 26 1196
3 399 1196 1141
3 137 1141 1196
3 968 399 1196
3 1064 399 1196
3 968 1196 1064
3 1196 375 968
3 1005 375 1196
3 1005 375 968
3 1005 968 1196
3 1196 1108 375
3 968 1196 1108
3 1108 1005 1196
3 1196 59 1005
3 399 59 1005
3 399 59 1196
3 59 1196 1108
3 399 17 1196
3 1196 213 17
3 399 213 1196
3 399 213 17
3 968 17 1196
3 968 213 1196
3 1196 925 968
3 213 925 1196
3 1108 925 1196
3 213 1108 1196
3 789 59 250
3 250 247 789
3 250 247 59
3 250 88 789
3 250 227 789
3 88 250 227
3 250 71 789
3 71 59 250
3 943 250 88
3 1024 250 88
3 943 250 1024
3 71 726 250
3 726 250 789
3 255 250 88
3 255 250 943
3 255 250 352
3 250 88 352
3 943 250 352
3 638 250 789
3 352 250 638
3 352 250 789
3 789 352 638
3 250 88 638
3 1005 617 59
3 617 59 1142
3 59 1005 1142
3 617 1142 1005
3 375 59 617
3 617 375 1005
3 617 524 1142
3 617 214 524
3 617 214 1142
3 1108 617 524
3 617 59 1108
3 524 59 1108
3 524 59 617
3 617 375 1108
3 617 375 524
3 617 71 1142
3 59 617 71
3 71 59 1142
3 898 617 1142
3 1061 617 898
3 1061 617 1142
3 898 1142 1061
3 617 524 898
3 617 524 1061
3 617 519 524
3 617 519 1061
3 617 519 375
3 617 375 1061
3 479 200 981
3 479 200 748
3 981 748 200
3 748 479 981
3 479 200 1013
3 200 981 1013
3 748 200 1013
3 277 200 1013
3 277 200 748
3 1098 200 981
3 200 1098 1013
3 403 200 632
3 200 748 632
3 403 748 632
3 200 748 403
3 200 83 632
3 200 83 403
3 748 83 200
3 748 200 1159
3 748 1159 981
3 200 981 1159
3 200 83 1159
3 224 200 403
3 83 224 200
3 224 200 1199
3 1199 403 200
3 224 1199 403
3 200 83 1199
3 814 429 1199
3 429 265 814
3 814 265 1199
3 224 122 814
3 814 224 1199
3 224 122 1199
3 1199 122 814
3 814 429 224
3 429 122 814
3 429 122 224
3 66 1113 814
3 814 1199 1113
3 1199 66 814
3 1199 1113 66
3 1053 958 25
3 1053 958 1151
3 1151 958 25
3 398 1053 958
3 398 25 1053
3 398 25 958
3 398 1151 958
3 122 25 958
3 25 557 122
3 25 958 557
3 557 122 958
3 1121 958 25
3 958 153 1121
3 1121 153 25
3 153 25 958
3 1151 958 1121
3 958 153 1151
3 153 958 583
3 153 122 958
3 583 122 153
3 583 122 958
3 583 958 1151
3 153 958 429
3 958 429 955
3 153 955 958
3 429 122 958
3 958 814 122
3 814 429 958
3 153 958 224
3 122 958 224
3 122 153 224
3 429 224 958
3 122 66 814
3 958 66 814
3 958 66 122
3 967 811 1063
3 93 967 811
3 93 1063 811
3 811 518 144
3 518 93 811
3 144 93 518
3 144 93 811
3 297 144 811
3 811 782 297
3 144 811 782
3 811 390 144
3 390 297 811
3 390 1058 811
3 144 811 1058
3 225 7 331
3 225 7 787
3 331 225 787
3 331 7 787
3 814 787 66
3 1150 66 814
3 787 66 1150
3 1150 787 814
3 1113 392 131
3 245 1113 392
3 245 131 392
3 245 131 1113
3 66 787 245
3 245 66 1113
3 787 245 1113
3 66 1113 787
3 1110 265 292
3 492 292 1110
3 492 265 292
3 814 292 1113
3 292 66 1113
3 814 292 66
3 265 429 292
3 265 292 955
3 955 292 429
3 292 131 1110
3 1113 131 292
3 292 1110 1113
3 1113 131 1110
3 131 392 292
3 392 292 1110
3 292 1113 392
3 292 245 1113
3 1113 265 292
3 265 245 1113
3 265 245 292
3 245 292 392
3 814 265 292
3 292 429 814
3 1113 292 1199
3 265 292 1199
3 265 1113 1199
3 1199 292 814
3 292 178 576
3 292 178 1110
3 292 1110 576
3 292 178 392
3 392 292 576
3 576 292 650
3 265 650 292
3 576 265 650
3 265 576 292
3 292 1110 650
3 1172 331 225
3 1172 225 170
3 331 170 225
3 1172 331 170
3 170 100 1172
3 276 170 1172
3 276 170 100
3 276 100 1172
3 704 170 100
3 100 704 1172
3 170 1172 704
3 757 100 704
3 170 100 757
3 757 170 704
3 225 170 879
3 879 170 757
3 879 225 757
3 225 170 757
3 879 170 631
3 631 225 879
3 631 225 170
3 757 170 631
3 593 520 849
3 1041 520 849
3 593 1041 849
3 849 393 337
3 520 337 849
3 337 520 393
3 520 393 849
3 593 337 849
3 593 393 337
3 593 393 849
3 520 96 849
3 520 849 911
3 96 911 849
3 619 520 849
3 619 520 96
3 619 96 849
3 931 753 182
3 931 182 895
3 895 753 182
3 753 182 963
3 963 182 931
3 139 963 182
3 182 139 753
3 182 139 931
3 624 182 753
3 624 396 182
3 624 396 753
3 182 753 396
3 182 139 624
3 396 139 182
3 396 182 1002
3 182 139 1002
3 396 182 993
3 396 298 993
3 298 182 396
3 298 182 993
3 487 349 1124
3 636 487 1124
3 636 349 1124
3 1124 126 487
3 1124 126 349
3 1124 164 253
3 1124 164 487
3 487 253 1124
3 253 164 487
3 636 164 1124
3 253 1124 636
3 253 164 636
3 906 487 1124
3 572 487 1124
3 1124 572 906
3 565 253 1124
3 1124 565 906
3 565 253 906
3 906 253 1124
3 1124 662 565
3 662 253 1124
3 1124 662 906
3 1124 189 253
3 487 189 1124
3 487 189 253
3 189 1124 662
3 75 1190 1124
3 1190 1124 906
3 906 75 1124
3 662 1190 1124
3 75 662 1124
3 347 75 1124
3 487 347 1124
3 487 75 1124
3 487 75 347
3 906 347 1124
3 497 1109 575
3 575 497 649
3 497 1109 649
3 957 109 497
3 843 497 957
3 497 109 843
3 497 143 109
3 497 143 575
3 497 109 575
3 497 143 1109
3 497 109 1109
3 957 20 497
3 497 20 1109
3 957 20 1109
3 957 1109 497
3 497 109 20
3 552 158 1034
3 1034 553 552
3 158 552 553
3 1034 57 552
3 220 57 1034
3 552 220 1034
3 552 220 57
3 1137 552 158
3 1016 552 158
3 1137 552 1016
3 1163 552 158
3 1163 552 1137
3 222 158 552
3 552 222 1034
3 220 57 1059
3 1059 504 57
3 504 220 57
3 1059 504 220
3 811 782 1059
3 811 297 1059
3 1059 782 297
3 504 721 1059
3 782 721 1059
3 504 782 1059
3 1059 144 811
3 811 220 1059
3 220 144 811
3 220 144 1059
3 144 1059 782
3 220 62 1059
3 808 220 62
3 220 1059 808
3 62 808 1059
3 220 105 1059
3 105 62 1059
3 220 1059 1063
3 1063 1059 811
3 220 811 1063
3 105 1063 1059
3 1059 105 811
3 105 1063 811
3 222 1034 1001
3 1001 675 1034
3 1001 675 222
3 675 222 1034
3 1059 297 675
3 811 297 675
3 811 675 1059
3 297 783 675
3 783 297 1001
3 1001 297 675
3 675 783 1001
3 881 675 783
3 297 675 881
3 675 552 1034
3 1034 297 675
3 552 297 675
3 552 297 1034
3 1034 57 675
3 675 57 552
3 1034 220 675
3 675 220 1059
3 1034 220 1059
3 675 1059 1034
3 220 57 675
3 675 57 1059
3 675 504 57
3 675 504 721
3 675 57 721
3 675 504 1059
3 675 1059 721
3 297 782 675
3 721 675 782
3 297 721 675
3 721 297 782
3 675 1059 782
3 1026 709 986
3 568 1026 709
3 568 986 709
3 1026 709 36
3 1026 36 986
3 986 709 36
3 568 36 709
3 568 36 1026
3 323 144 709
3 323 709 518
3 709 518 144
3 323 216 709
3 216 144 709
3 986 36 908
3 1026 36 908
3 1026 908 986
3 908 226 986
3 1156 226 908
3 1156 226 986
3 908 986 1156
3 226 173 908
3 908 173 986
3 1156 173 908
3 173 105 908
3 908 105 986
3 908 168 1156
3 1156 36 908
3 168 36 1156
3 168 36 908
3 168 908 173
3 908 709 36
3 986 709 908
3 1156 908 1163
3 36 908 1163
3 36 1156 1163
3 475 216 892
3 475 892 1058
3 1058 216 892
3 911 892 929
3 892 96 929
3 911 892 96
3 892 280 475
3 929 280 892
3 929 280 475
3 929 475 892
3 892 750 280
3 475 892 750
3 929 750 280
3 929 750 892
3 911 216 892
3 892 323 216
3 911 323 892
3 892 776 911
3 216 892 776
3 892 776 929
3 929 216 892
3 216 929 776
3 216 892 709
3 323 709 892
3 892 203 970
3 892 203 475
3 892 475 970
3 750 203 892
3 892 750 970
3 970 892 1153
3 216 1153 892
3 970 216 1153
3 216 970 892
3 892 475 1153
3 127 124 33
3 124 33 562
3 562 33 127
3 1078 124 33
3 1078 726 33
3 726 33 124
3 728 33 1078
3 127 33 728
3 127 33 1078
3 1078 127 728
3 728 124 33
3 1145 33 1078
3 227 33 1078
3 227 33 1145
3 788 502 863
3 502 159 788
3 863 159 788
3 502 159 863
3 863 504 562
3 562 721 863
3 863 504 721
3 502 54 863
3 502 863 558
3 54 558 863
3 504 502 863
3 504 54 863
3 502 863 1047
3 1047 863 562
3 562 502 863
3 502 562 1047
3 504 1047 863
3 863 124 788
3 562 124 863
3 562 124 788
3 788 562 863
3 124 33 863
3 124 33 788
3 863 33 788
3 562 33 863
3 863 127 562
3 502 127 562
3 502 127 863
3 863 33 127
3 850 136 84
3 84 754 136
3 754 136 850
3 273 136 1138
3 273 136 84
3 136 84 1138
3 273 84 1138
3 273 136 850
3 1138 850 273
3 136 1138 850
3 433 430 136
3 430 136 997
3 997 136 433
3 700 136 84
3 84 700 1138
3 136 1138 700
3 433 136 363
3 363 136 1138
3 433 136 1138
3 363 1138 433
3 136 430 363
3 1138 430 136
3 430 363 1138
3 1096 605 51
3 749 605 1096
3 51 605 749
3 51 605 214
3 605 214 1096
3 147 51 780
3 147 51 605
3 780 605 51
3 605 147 780
3 147 992 256
3 605 147 256
3 992 605 256
3 147 992 605
3 1061 204 898
3 519 204 898
3 519 204 1061
3 204 950 898
3 898 705 204
3 705 204 950
3 204 898 919
3 204 1061 919
3 751 204 770
3 770 204 898
3 898 751 204
3 770 751 898
3 770 204 919
3 751 204 919
3 770 751 919
3 204 751 523
3 523 204 950
3 751 523 950
3 204 751 950
3 845 204 523
3 845 751 204
3 950 845 523
3 845 204 950
3 751 204 877
3 751 877 898
3 204 898 877
3 845 204 877
3 1142 204 898
3 1142 950 204
3 654 175 1002
3 1002 654 396
3 396 175 654
3 396 175 1002
3 654 196 1002
3 196 175 654
3 654 196 396
3 654 396 993
3 654 182 396
3 654 182 993
3 175 654 494
3 654 175 993
3 175 494 993
3 993 494 654
3 654 196 494
3 654 247 196
3 654 247 396
3 175 654 607
3 175 876 654
3 654 607 876
3 654 298 993
3 396 298 654
3 654 261 993
3 175 654 261
3 261 175 993
3 607 261 654
3 993 607 654
3 654 498 993
3 607 498 654
3 498 993 678
3 498 678 654
3 678 654 993
3 1005 26 940
3 26 997 940
3 940 1005 997
3 940 247 1005
3 247 196 940
3 940 196 1005
3 250 940 789
3 250 26 940
3 789 26 250
3 789 26 940
3 250 247 940
3 940 247 789
3 1196 940 1005
3 1196 26 940
3 940 59 1005
3 250 59 940
3 250 59 1005
3 1005 250 940
3 940 247 59
3 1024 940 250
3 940 88 250
3 1024 940 88
3 940 76 26
3 26 940 438
3 76 438 940
3 1024 26 940
3 1024 76 940
3 26 940 943
3 943 940 250
3 26 250 943
3 943 940 1024
3 154 196 940
3 247 154 196
3 154 247 940
3 940 154 997
3 154 26 997
3 940 154 26
3 997 154 1005
3 1005 154 196
3 154 997 196
3 196 997 1005
3 1005 154 940
3 997 136 154
3 154 997 430
3 154 136 430
3 433 154 997
3 433 196 997
3 154 196 433
3 154 136 433
3 1002 154 196
3 700 154 1002
3 700 196 1002
3 700 154 196
3 154 84 700
3 136 84 154
3 154 136 700
3 373 630 603
3 630 603 169
3 630 169 373
3 169 603 373
3 428 630 603
3 603 373 428
3 428 169 603
3 673 603 1055
3 603 428 673
3 1055 428 673
3 603 428 1055
3 603 169 673
3 603 169 1055
3 603 12 1055
3 603 12 169
3 1055 346 603
3 603 75 1055
3 346 75 603
3 1004 603 1055
3 1004 346 603
3 603 176 1055
3 603 176 1004
3 536 534 1167
3 536 534 938
3 534 938 1167
3 536 1167 938
3 536 534 19
3 1167 534 19
3 534 19 938
3 536 19 938
3 19 683 534
3 683 534 1167
3 534 415 938
3 938 550 534
3 415 534 550
3 1027 534 415
3 534 19 1027
3 415 19 1027
3 415 19 534
3 534 125 1027
3 534 125 415
3 125 19 1027
3 125 19 534
3 975 534 865
3 125 975 534
3 534 125 865
3 975 534 415
3 534 415 865
3 865 534 793
3 793 534 938
3 865 534 938
3 793 938 865
3 534 415 793
3 762 464 862
3 862 776 464
3 862 776 762
3 464 762 776
3 514 464 862
3 514 464 762
3 464 776 514
3 776 514 862
3 464 762 564
3 464 53 564
3 464 53 762
3 464 74 762
3 464 74 514
3 464 74 1122
3 1122 762 464
3 514 464 1122
3 464 248 564
3 248 1122 464
3 1122 464 564
3 248 564 1122
3 762 248 464
3 464 96 776
3 464 96 911
3 911 464 776
3 619 464 564
3 548 464 564
3 548 464 619
3 564 96 464
3 619 96 464
3 96 929 464
3 929 464 564
3 776 464 929
3 464 776 564
3 564 776 929
3 400 323 776
3 400 216 323
3 400 216 776
3 514 400 568
3 400 123 568
3 514 400 123
3 464 400 776
3 564 400 464
3 564 400 776
3 709 400 323
3 709 568 400
3 709 568 323
3 568 323 400
3 400 36 709
3 323 36 709
3 400 36 323
3 568 36 400
3 568 400 1026
3 776 568 400
3 568 1026 776
3 400 776 1026
3 400 36 1026
3 400 776 514
3 400 464 514
3 568 400 862
3 862 400 776
3 862 568 776
3 862 400 514
3 1037 400 911
3 911 400 776
3 1037 400 776
3 1037 776 911
3 400 323 911
3 1037 323 911
3 400 323 1037
3 209 1094 589
3 589 544 1094
3 589 544 209
3 544 209 1094
3 1094 803 589
3 803 209 589
3 803 544 589
3 320 44 589
3 589 44 544
3 589 320 544
3 589 44 803
3 589 320 803
3 687 209 589
3 687 589 803
3 589 320 620
3 589 1115 620
3 1115 320 589
3 620 320 1115
3 620 589 803
3 1115 620 803
3 589 803 1115
3 209 589 477
3 589 477 1115
3 1115 209 589
3 209 1115 477
3 427 290 977
3 977 135 290
3 427 135 977
3 977 441 860
3 441 1123 977
3 1123 977 860
3 860 977 900
3 900 441 977
3 860 290 977
3 290 189 860
3 290 189 977
3 860 189 977
3 977 951 290
3 290 56 951
3 977 56 951
3 977 56 290
3 951 427 977
3 1097 860 900
3 1097 860 360
3 860 360 900
3 1097 360 900
3 1073 360 469
3 1073 360 1097
3 1097 360 469
3 360 290 860
3 360 290 977
3 977 360 860
3 290 189 360
3 360 189 860
3 135 427 295
3 361 295 427
3 135 361 295
3 361 135 427
3 295 951 427
3 951 135 295
3 427 361 951
3 295 951 361
3 951 904 56
3 904 295 951
3 295 56 951
3 56 904 295
3 295 290 951
3 290 135 295
3 580 135 295
3 1149 295 580
3 135 295 1149
3 135 842 295
3 295 842 580
3 693 477 342
3 342 1018 693
3 1018 342 477
3 589 477 342
3 342 209 477
3 342 209 589
3 1115 342 693
3 589 342 1115
3 693 589 1115
3 589 342 693
3 1115 477 342
3 628 318 594
3 594 318 1080
3 594 1080 628
3 628 318 1080
3 711 693 851
3 851 543 693
3 851 543 711
3 693 543 711
3 851 342 693
3 711 342 693
3 711 342 851
3 545 711 591
3 711 545 851
3 545 591 851
3 851 591 711
3 711 545 805
3 805 545 591
3 591 711 805
3 1188 545 591
3 825 545 1188
3 825 545 591
3 825 591 1188
3 825 107 1009
3 324 107 825
3 324 107 1009
3 825 324 1009
3 825 107 770
3 1009 770 825
3 770 324 107
3 825 324 770
3 97 930 825
3 825 770 930
3 770 97 930
3 825 770 97
3 825 1009 930
3 1009 97 825
3 1009 930 97
3 306 305 861
3 861 305 126
3 306 126 861
3 805 558 861
3 861 276 805
3 276 861 558
3 861 717 558
3 305 717 861
3 305 558 861
3 306 861 717
3 306 861 558
3 306 861 722
3 805 722 861
3 306 805 722
3 805 306 861
3 722 558 861
3 763 454 936
3 454 262 763
3 454 262 936
3 936 262 763
3 454 257 763
3 763 257 936
3 262 257 763
3 763 761 257
3 716 761 763
3 716 257 761
3 763 257 716
3 763 761 936
3 936 716 763
3 1193 763 262
3 763 257 1193
3 763 716 999
3 999 936 763
3 920 273 982
3 1138 273 920
3 1138 273 982
3 920 982 1138
3 920 850 273
3 920 850 982
3 982 850 273
3 1138 850 920
3 920 136 1138
3 136 920 850
3 695 37 926
3 37 926 1165
3 1165 926 695
3 37 695 1165
3 148 87 1046
3 781 148 1046
3 781 87 1046
3 148 87 781
3 1046 486 87
3 1046 486 973
3 1046 87 973
3 1046 37 781
3 1160 1046 781
3 37 1160 1046
3 1046 37 926
3 781 926 1046
3 596 386 1185
3 596 118 1185
3 596 386 118
3 386 138 596
3 596 138 1003
3 596 386 1003
3 596 138 1185
3 596 1185 1003
3 138 1003 1185
3 596 1185 672
3 927 672 1185
3 596 927 672
3 927 596 1185
3 1031 596 672
3 966 596 672
3 966 596 1031
3 1076 941 251
3 1076 251 89
3 1076 941 89
3 941 89 251
3 944 313 286
3 313 160 944
3 286 160 313
3 286 160 944
3 1076 313 944
3 1076 286 944
3 1076 160 944
3 944 941 1076
3 160 941 944
3 944 941 251
3 944 251 1076
3 251 160 941
3 160 251 944
3 987 286 944
3 987 944 1076
3 944 89 1076
3 256 89 944
3 1076 256 944
3 256 89 1076
3 944 251 89
3 256 251 89
3 256 251 944
3 286 256 944
3 286 944 947
3 947 944 256
3 947 256 286
3 944 563 286
3 944 252 286
3 944 252 563
3 251 941 515
3 515 160 251
3 515 160 941
3 378 271 601
3 378 271 695
3 601 271 695
3 601 378 695
3 279 628 361
3 594 279 628
3 279 594 361
3 904 279 951
3 279 56 904
3 951 279 56
3 279 361 951
3 427 279 361
3 279 427 951
3 295 279 361
3 295 279 904
3 279 904 361
3 904 295 361
3 295 279 951
3 649 279 904
3 649 361 904
3 279 361 649
3 904 16 279
3 279 16 649
3 628 279 652
3 279 904 652
3 628 904 652
3 279 628 904
3 279 16 652
3 279 16 628
3 914 279 980
3 980 279 361
3 914 279 361
3 914 361 980
3 980 628 279
3 914 628 279
3 279 172 914
3 279 172 628
3 279 172 16
3 279 16 914
3 1018 768 1032
3 394 1032 1018
3 1018 768 394
3 768 394 1032
3 1045 147 732
3 780 147 1045
3 780 732 1045
3 780 147 732
3 389 128 1045
3 732 128 1045
3 389 128 732
3 732 389 1045
3 365 885 500
3 727 365 500
3 727 365 885
3 500 885 727
3 365 1018 500
3 500 477 365
3 477 365 1018
3 1018 365 1032
3 768 365 1032
3 768 365 1018
3 394 365 1018
3 1032 365 394
3 365 885 394
3 885 394 1018
3 365 1018 885
3 394 1032 885
3 1032 885 365
3 994 365 500
3 365 1018 994
3 885 437 462
3 727 437 885
3 462 437 727
3 462 885 727
3 1115 543 521
3 521 394 1115
3 521 394 543
3 97 521 320
3 521 320 930
3 97 930 521
3 589 521 1115
3 521 209 1115
3 521 209 589
3 825 521 97
3 521 97 1115
3 521 1115 825
3 97 825 1115
3 521 97 545
3 545 97 825
3 545 521 825
3 1115 320 521
3 589 320 521
3 620 521 1115
3 620 521 97
3 620 97 1115
3 320 620 521
3 693 521 1115
3 851 521 693
3 851 521 1115
3 693 1115 851
3 693 543 521
3 851 543 521
3 543 521 711
3 711 521 545
3 711 543 545
3 543 521 545
3 711 521 851
3 545 521 851
3 459 338 1139
3 701 459 338
3 338 701 1139
3 459 1139 701
3 459 274 338
3 338 274 1139
3 338 274 747
3 747 459 338
3 274 404 338
3 404 338 1097
3 338 274 1097
3 459 338 1114
3 614 338 1114
3 614 338 459
3 1097 338 1073
3 1073 338 701
3 1097 338 701
3 1097 701 1073
3 459 338 499
3 499 338 701
3 499 459 701
3 499 338 1114
3 338 701 1114
3 817 338 701
3 338 817 1114
3 611 338 817
3 611 338 701
3 633 369 960
3 633 205 960
3 633 205 369
3 960 171 633
3 369 171 633
3 633 542 960
3 633 611 960
3 542 633 611
3 633 171 209
3 633 171 1094
3 633 1094 209
3 642 633 209
3 642 633 960
3 633 209 960
3 642 209 960
3 171 642 633
3 477 209 633
3 633 477 542
3 477 209 542
3 542 209 633
3 477 342 633
3 342 209 633
3 477 342 542
3 633 342 542
3 209 633 589
3 209 589 960
3 960 589 633
3 633 342 589
3 633 469 960
3 542 469 633
3 639 327 791
3 639 327 719
3 719 639 791
3 821 639 946
3 639 343 821
3 946 343 821
3 639 343 946
3 946 327 639
3 639 444 946
3 444 327 639
3 639 484 791
3 639 484 946
3 946 791 639
3 791 484 946
3 639 484 327
3 639 621 353
3 343 621 639
3 343 353 639
3 639 443 791
3 946 443 791
3 946 443 639
3 791 353 639
3 791 353 443
3 639 353 443
3 444 560 639
3 639 560 946
3 635 345 939
3 765 345 939
3 765 345 635
3 345 470 939
3 1027 345 470
3 345 1027 939
3 345 481 470
3 345 1107 470
3 1107 345 481
3 792 345 470
3 635 345 792
3 345 635 470
3 470 635 792
3 792 345 939
3 415 345 1027
3 415 345 470
3 345 101 481
3 635 101 345
3 345 481 635
3 635 101 481
3 101 931 345
3 481 345 931
3 931 635 345
3 635 345 834
3 834 470 635
3 345 470 834
3 931 345 834
3 1041 345 470
3 593 345 1041
3 593 345 470
3 593 470 1041
3 1041 481 345
3 593 481 345
3 481 345 895
3 895 345 931
3 895 345 593
3 931 345 593
3 1022 602 868
3 868 463 1022
3 602 463 1022
3 602 463 868
3 868 741 1022
3 602 1022 741
3 868 162 1022
3 1022 162 971
3 868 162 971
3 971 868 1022
3 1022 741 162
3 1022 741 971
3 741 156 1022
3 1022 156 366
3 366 741 1022
3 1022 156 971
3 971 366 1022
3 1022 886 463
3 886 366 1022
3 463 366 1022
3 463 366 886
3 971 886 1022
3 971 463 1022
3 971 886 463
3 1022 830 463
3 463 1022 645
3 1022 645 830
3 868 1022 913
3 463 1022 913
3 463 868 913
3 886 513 73
3 886 513 510
3 73 510 513
3 716 419 513
3 513 419 194
3 716 194 513
3 513 463 886
3 73 513 463
3 513 73 761
3 716 513 761
3 716 73 513
3 716 73 761
3 822 513 761
3 513 73 822
3 716 513 822
3 760 513 73
3 822 513 760
3 716 513 775
3 419 775 513
3 775 513 822
3 419 822 513
3 333 629 362
3 333 828 362
3 828 333 629
3 609 333 952
3 952 333 259
3 333 259 609
3 333 296 609
3 333 296 362
3 333 609 362
3 609 296 362
3 333 296 952
3 333 362 952
3 296 952 362
3 609 333 650
3 650 362 609
3 333 362 650
3 609 108 650
3 609 108 333
3 333 108 650
3 108 526 333
3 526 333 629
3 629 526 108
3 333 108 629
3 526 333 915
3 333 108 915
3 915 629 333
3 915 333 669
3 669 333 362
3 915 333 362
3 915 362 669
3 669 629 333
3 446 733 453
3 733 453 873
3 873 733 446
3 453 446 873
3 873 362 952
3 873 333 362
3 333 873 952
3 873 104 362
3 1029 873 362
3 104 1029 873
3 873 296 453
3 362 296 873
3 362 296 453
3 453 362 873
3 296 952 873
3 296 952 453
3 952 873 453
3 873 104 669
3 362 669 873
3 980 321 45
3 321 45 696
3 321 696 980
3 45 980 696
3 272 45 321
3 321 272 980
3 321 45 804
3 640 321 804
3 640 45 804
3 640 45 321
3 321 272 804
3 321 272 640
3 272 1116 321
3 231 1116 321
3 231 272 321
3 640 321 1116
3 640 231 321
3 640 231 1116
3 697 104 755
3 697 669 755
3 104 669 697
3 755 336 697
3 336 104 697
3 697 10 755
3 697 232 755
3 10 697 232
3 697 407 755
3 697 407 336
3 775 697 10
3 910 697 10
3 775 697 910
3 641 357 697
3 697 641 755
3 697 357 755
3 755 357 641
3 641 10 697
3 357 10 697
3 357 822 697
3 822 697 10
3 822 697 775
3 357 775 697
3 653 152 739
3 152 739 677
3 152 677 653
3 677 653 739
3 880 152 677
3 152 677 816
3 816 677 880
3 152 880 816
3 152 737 677
3 677 490 737
3 490 152 737
3 677 490 152
3 677 1057 737
3 1057 152 677
3 1057 737 152
3 1057 490 677
3 948 677 1057
3 447 948 677
3 1057 948 447
3 677 447 1057
3 490 948 677
3 677 447 490
3 880 431 612
3 612 431 816
3 612 880 816
3 612 511 69
3 612 511 880
3 612 69 880
3 880 511 69
3 431 511 612
3 431 69 511
3 612 69 431
3 1067 756 916
3 756 14 916
3 756 14 1067
3 756 419 916
3 756 194 916
3 756 194 419
3 916 230 756
3 1067 230 756
3 756 21 916
3 756 21 42
3 756 42 916
3 42 21 916
3 230 21 756
3 42 756 230
3 42 21 230
3 775 756 419
3 756 42 775
3 419 42 775
3 419 42 756
3 910 756 775
3 910 756 419
3 756 42 910
3 910 42 775
3 756 115 35
3 756 35 916
3 756 115 916
3 35 916 115
3 419 35 756
3 419 115 756
3 115 1036 756
3 1036 756 419
3 1036 756 910
3 115 910 756
3 586 27 1103
3 311 27 586
3 1103 311 27
3 586 311 1103
3 586 27 532
3 586 532 1103
3 27 1103 532
3 311 27 532
3 586 311 532
3 166 639 621
3 166 639 353
3 621 166 353
3 639 166 821
3 639 166 946
3 821 166 946
3 343 166 821
3 343 166 621
3 821 166 621
3 343 166 639
3 1092 49 1173
3 49 1173 1040
3 1173 1040 1092
3 49 1092 1040
3 1173 215 1092
3 215 49 1173
3 215 49 1092
3 460 425 846
3 819 425 460
3 819 425 846
3 846 27 460
3 846 27 425
3 460 27 425
3 425 27 1021
3 1021 27 1103
3 425 27 1103
3 1103 425 1021
3 425 215 116
3 425 116 846
3 425 215 846
3 215 846 116
3 531 116 425
3 531 215 425
3 846 531 425
3 531 116 846
3 531 425 1092
3 1092 425 1173
3 1092 531 1173
3 531 425 1173
3 215 1092 425
3 215 1173 425
3 425 269 1021
3 425 1021 846
3 846 269 425
3 846 269 1021
3 269 1021 1173
3 1173 1021 425
3 269 425 1173
3 1134 260 494
3 494 1131 1134
3 1134 260 1131
3 430 1134 610
3 494 1134 610
3 494 430 1134
3 430 494 610
3 1134 610 260
3 430 260 610
3 430 260 1134
3 430 154 1134
3 154 1134 997
3 997 430 1134
3 1134 175 494
3 430 175 494
3 430 175 1134
3 1002 494 1134
3 175 1134 1002
3 494 196 1134
3 154 1134 196
3 494 154 1134
3 154 494 196
3 1134 1002 196
3 154 1134 1002
3 1002 700 1134
3 84 700 1134
3 84 1002 1134
3 154 1134 700
3 154 84 1134
3 430 136 1134
3 136 84 1134
3 430 84 1134
3 430 84 136
3 154 136 1134
3 368 777 382
3 905 368 777
3 368 905 382
3 624 368 1072
3 368 139 624
3 1072 368 139
3 624 368 700
3 700 368 382
3 368 624 382
3 382 624 700
3 700 368 1072
3 368 382 1072
3 754 368 382
3 368 754 1072
3 850 368 382
3 850 368 754
3 368 624 622
3 622 368 777
3 777 624 368
3 624 622 777
3 527 368 622
3 368 624 527
3 527 368 777
3 624 368 753
3 753 382 624
3 368 382 753
3 527 368 753
3 368 0 527
3 368 0 1170
3 527 368 1170
3 368 0 777
3 1170 777 368
3 1170 368 1178
3 1178 368 382
3 1170 368 382
3 1170 382 1178
3 1178 777 368
3 482 894 703
3 482 894 779
3 894 779 703
3 12 894 703
3 894 12 482
3 894 1163 908
3 908 894 1156
3 894 1163 1156
3 894 36 908
3 894 36 1163
3 169 12 1183
3 12 703 1183
3 169 1183 703
3 275 169 12
3 275 169 1183
3 275 12 1183
3 707 275 550
3 1183 275 707
3 1183 275 550
3 1183 550 707
3 373 169 1183
3 630 169 1183
3 373 630 1183
3 373 1183 802
3 802 800 1183
3 373 1183 800
3 373 1183 450
3 707 450 1183
3 707 373 1183
3 373 707 450
3 1183 802 450
3 802 707 1183
3 1183 39 707
3 707 169 1183
3 169 39 1183
3 169 39 707
3 39 1183 802
3 1183 603 169
3 603 373 1183
3 888 813 1004
3 813 176 888
3 1004 813 176
3 888 813 1190
3 1190 813 1004
3 957 497 1194
3 1194 497 813
3 813 497 957
3 813 1194 957
3 478 199 1071
3 405 199 478
3 1071 405 199
3 478 405 1071
3 478 199 989
3 199 1071 989
3 405 199 989
3 989 199 60
3 199 60 405
3 1161 199 1071
3 199 1161 989
3 627 199 1071
3 627 199 1161
3 405 339 412
3 199 405 339
3 412 405 199
3 339 199 412
3 1162 199 1071
3 1194 199 1162
3 1194 1071 1162
3 1194 199 1071
3 667 238 945
3 945 190 667
3 238 190 945
3 238 190 667
3 238 945 506
3 945 506 667
3 238 667 506
3 667 259 952
3 506 259 667
3 667 506 952
3 667 259 1028
3 259 952 1028
3 667 1028 952
3 506 259 1028
3 667 506 1028
3 890 667 945
3 190 667 890
3 190 945 890
3 566 890 667
3 667 566 945
3 945 890 566
3 566 190 667
3 566 190 890
3 291 259 952
3 291 952 733
3 733 259 952
3 733 259 291
3 1028 952 291
3 259 291 1028
3 291 952 667
3 667 291 190
3 190 952 667
3 952 190 291
3 1028 291 667
3 1028 190 667
3 1028 291 190
3 453 291 952
3 296 291 453
3 296 291 952
3 291 733 453
3 446 291 733
3 291 446 453
3 873 291 952
3 873 291 733
3 733 952 873
3 873 291 453
3 737 291 446
3 737 291 733
3 694 1116 774
3 694 272 774
3 694 272 1116
3 694 852 774
3 694 145 852
3 694 145 774
3 852 145 774
3 852 694 857
3 694 774 857
3 857 774 852
3 852 184 694
3 694 184 857
3 852 231 694
3 694 231 1116
3 852 231 1116
3 694 1116 852
3 231 184 694
3 231 184 1116
3 694 184 1116
3 866 694 774
3 1019 694 866
3 1019 694 774
3 1019 774 866
3 694 1116 866
3 1116 1019 866
3 694 1116 1019
3 350 492 442
3 1110 442 492
3 1110 350 492
3 350 1110 442
3 442 131 1110
3 307 131 442
3 442 307 1110
3 567 350 442
3 350 442 889
3 889 442 567
3 350 238 442
3 945 350 238
3 350 442 945
3 238 945 442
3 567 238 442
3 285 215 806
3 1092 285 806
3 285 215 1092
3 806 285 857
3 215 857 285
3 307 285 488
3 285 806 488
3 285 307 806
3 307 806 488
3 769 738 151
3 738 151 842
3 738 842 769
3 151 769 842
3 738 151 1019
3 1019 738 769
3 738 156 842
3 156 738 741
3 842 741 738
3 366 151 738
3 156 738 366
3 156 151 738
3 156 151 366
3 366 1019 738
3 1019 738 156
3 866 738 1019
3 866 738 156
3 738 685 842
3 685 156 738
3 738 135 842
3 738 295 842
3 135 295 738
3 340 866 738
3 1019 340 866
3 340 1019 738
3 866 409 340
3 379 340 409
3 866 379 340
3 685 340 738
3 842 340 685
3 738 340 842
3 340 156 685
3 340 156 866
3 866 685 340
3 685 156 866
3 340 156 738
3 961 685 340
3 409 340 961
3 340 409 685
3 961 685 409
3 340 91 961
3 685 91 340
3 340 91 409
3 685 340 1149
3 685 1149 866
3 340 866 1149
3 340 91 1149
3 409 340 626
3 91 626 340
3 774 340 866
3 774 409 340
3 1149 91 1049
3 1049 91 983
3 1149 983 1049
3 1149 91 983
3 1049 961 91
3 1149 961 1049
3 1049 961 983
3 1049 685 1149
3 1149 339 1049
3 685 339 1049
3 685 339 1149
3 685 1049 961
3 1149 301 580
3 1049 301 1149
3 1049 580 1149
3 1049 301 580
3 1049 412 339
3 412 206 1049
3 339 206 1049
3 339 206 412
3 983 412 1049
3 983 339 1049
3 983 412 339
3 983 206 1049
3 206 465 1049
3 961 465 1049
3 206 961 1049
3 1049 465 983
3 1158 91 983
3 983 405 1158
3 405 91 983
3 405 91 1158
3 983 807 1158
3 91 1158 807
3 405 99 1158
3 99 1158 237
3 405 237 1158
3 99 1158 283
3 1158 807 283
3 807 99 283
3 99 1158 807
3 983 283 1158
3 983 99 1158
3 99 983 283
3 405 60 1158
3 1158 901 60
3 60 405 901
3 1158 901 405
3 99 60 1158
3 901 99 1158
3 60 901 99
3 1158 339 983
3 983 1158 1049
3 1158 339 1049
3 405 1158 412
3 1158 412 983
3 405 983 412
3 1158 412 339
3 405 339 1158
3 405 199 1158
3 339 199 1158
3 405 1158 1071
3 199 1071 1158
3 857 231 546
3 857 184 546
3 546 231 184
3 852 546 857
3 546 231 852
3 546 857 691
3 546 691 852
3 852 691 857
3 857 546 1092
3 1092 546 215
3 546 215 857
3 806 546 857
3 806 546 1092
3 806 546 691
3 691 857 806
3 546 691 1092
3 1040 546 691
3 546 1040 1092
3 582 510 68
3 510 68 886
3 510 886 582
3 68 582 886
3 819 68 582
3 819 510 582
3 760 582 819
3 68 582 760
3 383 321 696
3 321 231 383
3 321 231 696
3 696 231 383
3 321 640 383
3 696 640 321
3 640 383 696
3 383 231 640
3 826 771 696
3 826 696 383
3 771 383 696
3 826 771 383
3 1116 383 231
3 383 231 826
3 231 1116 826
3 383 826 1116
3 640 383 1116
3 546 383 231
3 546 383 826
3 546 231 826
3 1010 696 826
3 1010 771 696
3 1010 771 826
3 383 367 1010
3 1010 383 826
3 383 367 826
3 826 367 1010
3 1010 696 383
3 696 367 383
3 696 367 1010
3 258 65 507
3 681 65 258
3 258 681 507
3 507 65 681
3 1033 681 769
3 648 769 681
3 1033 648 769
3 648 1033 681
3 681 258 769
3 1033 258 769
3 681 258 1033
3 648 258 681
3 769 258 648
3 65 508 258
3 508 258 507
3 65 507 508
3 1033 258 508
3 769 508 1033
3 769 258 508
3 681 508 1033
3 681 508 65
3 508 65 1033
3 681 65 1033
3 258 681 508
3 508 68 1033
3 1033 510 68
3 1033 510 508
3 510 508 68
3 508 151 769
3 508 151 1033
3 582 508 68
3 508 65 582
3 68 65 508
3 68 65 582
3 1148 508 582
3 1148 68 582
3 1148 508 68
3 508 65 1148
3 1148 65 582
3 651 450 856
3 856 373 651
3 856 373 450
3 651 278 856
3 837 651 856
3 278 856 837
3 651 317 856
3 450 317 856
3 856 317 377
3 377 856 1107
3 856 317 1107
3 377 856 831
3 651 856 831
3 651 377 856
3 831 377 651
3 856 831 317
3 377 856 674
3 377 674 651
3 674 651 856
3 544 377 856
3 856 544 674
3 699 377 856
3 278 856 699
3 377 278 856
3 699 377 278
3 699 544 856
3 278 856 544
3 171 1094 856
3 544 1094 856
3 171 544 856
3 1094 856 278
3 278 171 856
3 856 171 15
3 651 15 856
3 651 171 15
3 651 171 856
3 278 15 856
3 1187 765 939
3 939 19 1187
3 765 19 939
3 765 19 1187
3 939 244 1187
3 1187 244 765
3 724 19 1187
3 724 1187 956
3 956 19 1187
3 939 329 1187
3 1187 329 724
3 939 329 724
3 939 724 1187
3 329 244 1187
3 1187 244 724
3 1187 125 939
3 1187 792 939
3 1187 125 792
3 683 142 1187
3 1187 683 19
3 142 19 683
3 1187 142 19
3 724 683 1187
3 724 142 1187
3 142 918 1187
3 724 1187 918
3 1187 918 244
3 142 244 1187
3 1187 534 19
3 534 938 1187
3 19 1187 938
3 939 1187 1027
3 19 1187 1027
3 19 939 1027
3 1187 1027 125
3 125 19 1187
3 534 125 1187
3 426 699 608
3 608 278 699
3 608 278 426
3 877 426 608
3 608 699 877
3 608 44 426
3 608 44 877
3 608 537 426
3 537 841 608
3 841 426 537
3 426 841 608
3 947 563 63
3 563 286 947
3 286 63 563
3 947 286 63
3 537 63 1132
3 725 63 1132
3 537 63 725
3 426 63 1132
3 426 63 947
3 63 1132 947
3 1132 426 947
3 426 63 537
3 63 947 537
3 947 537 426
3 63 1132 252
3 252 63 563
3 1132 252 563
3 63 563 1132
3 834 63 252
3 63 1132 834
3 563 63 834
3 63 55 1132
3 947 55 1132
3 947 55 63
3 55 63 834
3 473 63 563
3 473 63 834
3 287 188 1123
3 287 161 1123
3 287 161 188
3 441 287 1123
3 287 87 1123
3 287 87 441
3 977 287 189
3 290 287 977
3 189 290 287
3 287 1123 977
3 287 441 977
3 860 287 189
3 860 287 1123
3 287 189 1123
3 860 189 1123
3 860 287 977
3 287 189 662
3 662 287 188
3 662 189 188
3 189 188 287
3 565 287 662
3 287 189 565
3 565 287 188
3 189 287 253
3 1123 253 287
3 189 253 1123
3 253 287 565
3 420 287 565
3 420 287 988
3 565 287 988
3 420 287 188
3 287 188 988
3 988 287 1077
3 1077 287 1123
3 988 287 1123
3 1123 988 1077
3 287 188 1077
3 637 351 974
3 668 637 351
3 637 974 668
3 351 668 974
3 934 637 351
3 934 351 974
3 490 351 948
3 948 637 351
3 948 637 490
3 351 490 637
3 934 351 948
3 490 351 934
3 668 490 351
3 737 351 490
3 351 737 668
3 351 52 637
3 745 351 637
3 351 52 745
3 490 351 989
3 60 989 351
3 490 60 351
3 989 351 934
3 60 934 351
3 351 60 901
3 901 351 668
3 351 60 668
3 668 60 901
3 901 490 351
3 358 351 637
3 358 351 668
3 637 358 668
3 52 358 351
3 668 52 351
3 1105 351 668
3 1105 52 351
3 1022 913 34
3 1022 34 868
3 34 913 868
3 407 34 1029
3 830 407 34
3 830 407 1029
3 830 34 1029
3 463 34 830
3 463 34 913
3 830 34 913
3 830 463 913
3 463 34 1022
3 830 34 1022
3 901 733 712
3 712 446 901
3 712 446 733
3 712 99 807
3 712 99 283
3 712 283 807
3 712 291 733
3 807 291 712
3 712 733 807
3 807 291 733
3 291 190 712
3 291 190 733
3 712 190 733
3 291 190 807
3 807 190 712
3 1158 712 901
3 807 712 1158
3 901 807 712
3 1158 807 901
3 99 1158 712
3 901 99 712
3 712 60 901
3 99 60 712
3 989 712 901
3 60 989 712
3 712 668 901
3 668 1105 712
3 668 901 1105
3 1105 712 901
3 733 668 712
3 668 1105 733
3 1105 733 712
3 412 206 1117
3 412 112 1117
3 206 112 1117
3 412 1117 465
3 206 465 1117
3 1117 79 688
3 1117 79 412
3 688 412 1117
3 688 79 412
3 112 79 1117
3 1117 112 688
3 112 79 688
3 412 199 1117
3 412 405 1117
3 199 405 1117
3 1117 95 688
3 412 95 688
3 412 95 1117
3 1117 688 1162
3 95 1117 1162
3 1071 688 1117
3 199 1117 1071
3 1071 688 199
3 688 199 1117
3 1071 1162 1117
3 1162 1117 199
3 1194 1117 1162
3 1194 1117 199
3 412 339 1117
3 339 199 1117
3 1044 692 1119
3 1044 670 1119
3 1044 670 692
3 1119 86 1044
3 692 86 1044
3 1044 86 893
3 1044 86 1089
3 893 1089 1044
3 1044 115 1119
3 1044 115 893
3 1044 893 1119
3 893 115 1119
3 1044 115 86
3 893 778 1044
3 927 893 1044
3 927 778 1044
3 1044 468 893
3 1119 468 893
3 1119 468 1044
3 468 1044 778
3 1044 936 778
3 454 936 1044
3 454 778 1044
3 670 858 692
3 858 670 1118
3 670 692 1118
3 1118 692 858
3 670 549 858
3 858 549 692
3 858 2 1118
3 858 117 1118
3 2 858 117
3 858 422 1118
3 422 2 858
3 706 670 858
3 2 858 706
3 706 670 2
3 670 2 858
3 706 549 858
3 549 2 706
3 2 858 549
3 858 592 1118
3 858 448 1118
3 858 448 592
3 858 232 1118
3 858 232 670
3 670 232 1118
3 242 1119 549
3 692 242 1119
3 242 692 549
3 1044 242 1119
3 1044 454 242
3 1044 454 1119
3 454 1119 242
3 454 242 936
3 549 454 242
3 242 549 936
3 454 936 549
3 242 1119 706
3 706 242 549
3 672 218 1054
3 1031 218 1054
3 1031 1054 672
3 1054 270 218
3 218 1054 799
3 270 799 1054
3 1054 72 1003
3 1101 1054 1003
3 1054 72 1101
3 218 72 1054
3 270 72 1054
3 1054 512 1003
3 218 1054 512
3 1003 218 1054
3 218 1003 512
3 1054 512 72
3 1054 596 672
3 1003 596 1054
3 1003 672 1054
3 1003 596 672
3 596 1185 1054
3 1185 1054 672
3 1054 1003 1185
3 1054 927 1185
3 672 1054 927
3 1054 138 1003
3 218 138 1003
3 218 138 1054
3 138 1054 1185
3 218 50 1054
3 672 50 1054
3 532 311 864
3 532 27 864
3 864 27 311
3 864 641 357
3 311 864 641
3 641 311 357
3 311 864 357
3 547 641 864
3 864 357 547
3 547 311 864
3 586 547 864
3 864 586 532
3 864 547 532
3 547 532 586
3 586 311 864
3 532 443 864
3 791 532 443
3 532 864 791
3 443 791 864
3 533 532 443
3 533 532 864
3 533 443 864
3 1167 495 536
3 1015 495 1167
3 1015 536 1167
3 1015 495 536
3 495 397 536
3 956 495 536
3 397 956 495
3 495 61 1015
3 456 61 495
3 495 456 1015
3 495 536 579
3 579 397 495
3 1136 495 579
3 1136 495 536
3 682 21 953
3 953 682 447
3 447 21 953
3 447 21 682
3 682 21 1057
3 810 682 21
3 21 810 1057
3 682 1057 810
3 682 447 1057
3 447 682 948
3 1057 948 682
3 682 677 1057
3 677 880 682
3 677 1057 880
3 880 682 1057
3 677 447 682
3 682 447 880
3 880 447 677
3 21 682 42
3 682 42 1057
3 42 21 1057
3 509 69 880
3 612 509 880
3 509 69 612
3 880 511 509
3 69 509 511
3 677 509 880
3 509 152 880
3 509 152 677
3 880 447 509
3 682 509 880
3 447 682 509
3 677 447 509
3 772 704 933
3 933 772 1012
3 704 1012 772
3 100 772 704
3 772 100 933
3 772 207 922
3 772 207 909
3 207 909 922
3 772 922 909
3 772 9 922
3 933 9 772
3 933 9 922
3 772 922 933
3 1023 112 1129
3 1129 557 1023
3 112 1129 557
3 112 1023 557
3 688 112 1129
3 688 1129 1117
3 1117 112 1129
3 1129 95 688
3 1023 95 1129
3 1023 95 688
3 1023 688 1129
3 1129 1086 95
3 688 1129 1086
3 1086 1023 1129
3 1129 358 1023
3 358 112 1023
3 358 112 1129
3 358 1129 1086
3 1169 1129 688
3 1086 1169 1129
3 43 1169 1129
3 688 43 1129
3 43 1086 1129
3 112 79 1129
3 79 43 1129
3 112 43 1129
3 112 43 79
3 688 79 1129
3 825 316 1188
3 316 1188 324
3 1188 324 825
3 316 825 324
3 1188 97 825
3 316 97 1188
3 316 97 825
3 316 207 922
3 922 316 9
3 922 207 9
3 207 9 316
3 772 316 922
3 316 207 772
3 772 316 9
3 909 316 207
3 316 207 1188
3 207 909 1188
3 316 1188 909
3 772 316 909
3 933 316 9
3 933 316 772
3 316 9 1188
3 591 9 1188
3 591 316 1188
3 316 9 591
3 23 554 223
3 554 223 1035
3 223 23 1035
3 554 223 1065
3 223 23 1065
3 1065 1035 223
3 581 223 1147
3 1065 223 581
3 1065 223 1147
3 581 1147 1065
3 223 1035 581
3 1147 1035 223
3 922 223 9
3 223 9 1147
3 9 922 1147
3 223 1147 922
3 23 9 223
3 223 23 922
3 223 23 995
3 995 223 1035
3 223 9 995
3 995 9 1035
3 1035 9 223
3 1147 676 223
3 676 223 1035
3 1188 223 9
3 316 223 1188
3 9 316 223
3 591 223 1147
3 591 223 9
3 591 9 1147
3 591 223 1188
3 591 1188 1147
3 223 1147 1188
3 221 81 871
3 221 106 871
3 106 81 871
3 221 871 809
3 81 809 871
3 221 871 1064
3 1014 871 1064
3 1014 221 871
3 221 1014 1064
3 106 1064 871
3 871 106 1014
3 106 1064 1014
3 676 221 871
3 1035 221 871
3 676 871 1035
3 871 30 1014
3 221 30 1014
3 221 30 871
3 871 505 58
3 221 58 871
3 505 221 58
3 871 505 221
3 676 58 871
3 676 505 58
3 676 505 871
3 820 206 1011
3 820 206 465
3 820 465 1011
3 566 206 820
3 566 112 820
3 206 112 820
3 945 566 820
3 820 667 945
3 667 566 820
3 566 820 1083
3 1011 820 1083
3 1011 566 820
3 566 1011 1083
3 206 1083 820
3 1129 566 112
3 112 1129 820
3 566 820 1129
3 820 348 945
3 348 7 820
3 820 7 945
3 820 238 945
3 1011 238 820
3 820 945 1011
3 1011 238 945
3 820 348 238
3 1011 348 820
3 1011 348 238
3 566 890 820
3 820 945 890
3 575 374 631
3 1127 374 575
3 631 374 1127
3 575 374 143
3 374 143 631
3 374 225 1172
3 374 331 1172
3 374 331 225
3 631 225 374
3 631 374 879
3 374 225 879
3 374 170 1172
3 631 170 374
3 631 170 1172
3 374 1172 631
3 374 225 170
3 374 331 1020
3 374 1172 1020
3 331 1020 1172
3 331 225 1020
3 374 225 1020
3 554 23 1020
3 1020 23 815
3 1020 554 815
3 554 1 1065
3 1065 556 1
3 1065 556 554
3 1 554 556
3 820 643 1011
3 643 566 1011
3 643 566 820
3 643 172 1011
3 643 16 1011
3 643 16 172
3 1011 348 643
3 820 348 643
3 643 348 567
3 643 348 889
3 567 889 643
3 914 643 172
3 643 567 914
3 914 567 172
3 567 172 643
3 643 379 914
3 172 643 379
3 567 379 643
3 567 379 914
3 643 238 1011
3 643 238 567
3 643 567 1011
3 567 238 1011
3 348 238 643
3 643 409 379
3 172 643 409
3 643 409 961
3 643 379 961
3 643 172 961
3 465 961 643
3 643 465 1011
3 465 1011 961
3 961 643 1011
3 465 172 643
3 1164 331 225
3 225 7 1164
3 331 7 1164
3 225 1164 1020
3 331 1020 1164
3 225 1164 787
3 1164 787 1150
3 1150 225 1164
3 225 1150 787
3 1164 787 7
3 1164 7 1150
3 1150 787 7
3 757 225 1164
3 879 225 1164
3 757 1164 879
3 1150 202 1164
3 1164 202 757
3 1150 202 757
3 1150 757 1164
3 202 1175 1164
3 1164 1150 1175
3 202 1175 1150
3 1175 1164 757
3 1164 704 1175
3 1164 704 757
3 100 704 1164
3 100 1175 1164
3 757 100 1164
3 225 170 1164
3 170 100 1164
3 225 100 1164
3 225 100 170
3 757 170 1164
3 786 885 1032
3 786 394 885
3 786 394 1032
3 786 365 885
3 365 500 786
3 786 500 885
3 1032 365 786
3 845 541 950
3 950 541 523
3 541 523 845
3 541 204 950
3 541 204 845
3 432 124 541
3 541 124 726
3 541 432 726
3 845 159 541
3 845 541 1007
3 541 159 1007
3 124 788 541
3 159 788 541
3 124 159 541
3 788 541 432
3 541 159 432
3 541 845 785
3 785 541 432
3 432 845 785
3 845 432 541
3 541 159 785
3 393 90 798
3 432 393 798
3 90 798 432
3 393 337 798
3 798 282 337
3 798 282 393
3 593 393 798
3 593 337 798
3 593 849 798
3 393 798 849
3 993 798 90
3 90 798 298
3 298 993 798
3 798 498 993
3 798 498 678
3 678 993 798
3 90 798 498
3 678 90 798
3 393 881 798
3 798 678 881
3 678 393 881
3 798 678 393
3 798 90 881
3 1001 302 1017
3 1017 282 1001
3 302 282 1017
3 1017 571 657
3 1017 538 657
3 538 1017 571
3 1017 553 657
3 657 302 1017
3 553 302 657
3 553 302 1017
3 1017 657 1034
3 553 1017 1034
3 657 222 1017
3 1017 222 1001
3 657 222 1001
3 1001 657 1017
3 222 1034 1017
3 1034 1017 1001
3 1017 501 657
3 302 1017 501
3 302 657 501
3 571 501 1017
3 571 302 1017
3 1017 785 302
3 785 571 1017
3 302 1017 432
3 1017 432 785
3 783 297 1017
3 1017 783 302
3 302 297 783
3 302 297 1017
3 1001 783 1017
3 1001 297 1017
3 297 675 1017
3 1017 675 1034
3 297 1034 1017
3 1017 675 1001
3 517 141 1098
3 517 388 1098
3 141 517 388
3 981 517 1098
3 517 1098 522
3 517 981 522
3 517 200 1098
3 517 200 981
3 517 31 522
3 517 31 1098
3 704 517 141
3 1012 517 141
3 704 517 1012
3 1175 517 704
3 319 1175 517
3 319 704 517
3 1175 517 141
3 319 141 517
3 517 319 212
3 517 212 1098
3 517 319 1098
3 212 1098 319
3 212 141 517
3 1146 380 689
3 1024 380 1146
3 1024 689 1146
3 1024 380 689
3 981 403 200
3 981 689 403
3 689 200 403
3 981 689 200
3 689 402 1146
3 403 402 689
3 403 402 1146
3 1146 403 689
3 402 322 689
3 689 322 1146
3 403 322 689
3 403 689 632
3 403 380 689
3 632 380 689
3 632 380 403
3 689 322 632
3 981 380 689
3 522 380 981
3 689 522 380
3 981 522 689
3 689 46 1125
3 689 46 1146
3 46 1125 1146
3 689 1146 1125
3 322 46 689
3 689 322 1125
3 1164 177 1150
3 225 177 1164
3 225 177 1150
3 177 122 1150
3 1150 814 122
3 122 177 814
3 1150 814 177
3 177 1150 1175
3 177 1164 1175
3 398 177 1175
3 319 177 1175
3 319 177 398
3 398 177 1053
3 1150 398 177
3 398 1053 1150
3 177 1150 1053
3 398 25 177
3 177 25 1053
3 958 177 122
3 958 398 177
3 958 398 122
3 398 122 177
3 177 25 958
3 177 25 122
3 202 177 1150
3 202 177 398
3 398 202 1150
3 202 177 1175
3 25 557 177
3 557 177 122
3 557 177 890
3 177 25 890
3 177 122 890
3 890 122 557
3 1090 66 1199
3 1090 814 1199
3 1090 66 814
3 31 1090 1113
3 1113 1090 1199
3 1199 31 1090
3 31 1199 1113
3 66 1113 1090
3 66 31 1090
3 66 31 1113
3 981 31 1090
3 981 1090 1098
3 1098 31 1090
3 1090 200 981
3 1199 200 1090
3 1199 200 981
3 1199 981 1090
3 1090 403 200
3 1090 403 981
3 1199 403 1090
3 1090 224 1199
3 224 31 1199
3 224 31 1090
3 224 1090 403
3 1090 689 403
3 1090 689 981
3 380 689 1090
3 380 403 1090
3 981 380 1090
3 1090 522 31
3 522 380 1090
3 1090 380 31
3 380 31 522
3 981 522 1090
3 331 1066 1020
3 1020 815 1066
3 815 331 1066
3 1020 815 331
3 815 787 1066
3 1066 23 815
3 787 23 815
3 787 23 1066
3 348 331 1066
3 348 889 1066
3 331 1066 889
3 787 331 1066
3 1066 225 331
3 787 225 1066
3 1066 348 7
3 787 7 1066
3 7 787 348
3 787 348 1066
3 331 7 1066
3 1066 245 815
3 1066 245 787
3 815 245 787
3 787 66 1066
3 787 1066 814
3 66 814 1066
3 875 149 452
3 809 149 452
3 809 452 875
3 452 392 875
3 392 245 452
3 392 245 875
3 875 245 452
3 392 131 452
3 452 131 875
3 245 131 452
3 1113 452 245
3 245 149 452
3 1113 149 245
3 1113 149 452
3 452 131 1113
3 149 995 452
3 149 452 1035
3 1035 452 995
3 452 307 875
3 452 307 131
3 452 307 488
3 452 875 488
3 452 131 488
3 149 1186 452
3 488 452 1186
3 149 488 452
3 488 149 1186
3 1186 875 452
3 1198 149 452
3 452 995 1198
3 149 452 815
3 815 452 245
3 149 245 815
3 815 452 1198
3 815 245 1198
3 1198 452 245
3 528 217 929
3 1069 528 217
3 217 1069 929
3 528 929 1069
3 619 520 528
3 520 849 528
3 619 528 849
3 548 528 619
3 528 217 548
3 548 217 619
3 619 217 528
3 528 520 96
3 528 96 929
3 96 929 520
3 528 520 929
3 619 96 528
3 929 619 528
3 564 528 619
3 929 564 528
3 750 528 217
3 217 528 1030
3 750 528 1030
3 217 528 280
3 528 280 929
3 280 217 929
3 528 280 750
3 528 929 750
3 892 528 929
3 528 892 750
3 528 216 929
3 528 216 892
3 476 396 182
3 298 182 476
3 396 298 476
3 476 298 798
3 90 476 298
3 476 90 798
3 396 1002 476
3 182 476 1002
3 182 476 993
3 798 476 993
3 798 182 476
3 182 798 993
3 298 993 476
3 895 182 476
3 931 476 895
3 931 182 476
3 593 476 895
3 476 798 593
3 798 593 895
3 476 895 798
3 849 476 593
3 895 849 593
3 849 476 895
3 849 798 476
3 476 393 798
3 393 182 798
3 393 182 476
3 393 476 849
3 476 208 753
3 182 753 476
3 208 182 753
3 476 208 182
3 476 895 753
3 753 208 895
3 895 208 476
3 318 1080 851
3 1080 851 471
3 471 318 1080
3 471 318 851
3 649 264 904
3 904 615 264
3 649 615 904
3 264 649 615
3 264 56 904
3 264 56 649
3 615 56 264
3 615 56 904
3 264 164 649
3 264 164 56
3 264 649 497
3 264 575 497
3 575 264 649
3 1109 264 497
3 1109 649 264
3 957 264 497
3 843 264 497
3 843 264 957
3 264 497 1194
3 264 957 1194
3 615 264 813
3 813 264 1194
3 615 264 1194
3 813 615 1194
3 813 264 497
3 264 615 497
3 497 615 813
3 341 158 1163
3 341 158 222
3 341 222 1163
3 222 158 1163
3 341 158 552
3 341 1163 552
3 552 341 222
3 552 341 1034
3 1034 341 222
3 1137 341 1163
3 341 1137 552
3 341 110 1163
3 341 110 1137
3 341 222 590
3 341 222 1037
3 590 341 1037
3 1001 341 222
3 222 1001 1163
3 341 1163 1001
3 590 341 1001
3 482 341 894
3 894 341 1163
3 482 341 1163
3 1163 482 894
3 1112 451 496
3 722 496 1112
3 722 451 496
3 552 496 1016
3 496 158 552
3 1016 496 158
3 451 843 496
3 451 496 957
3 957 496 843
3 1016 451 496
3 496 843 1016
3 451 496 1137
3 552 496 1137
3 552 451 496
3 451 552 1137
3 1137 496 1016
3 552 496 1034
3 1034 451 552
3 1034 451 496
3 552 220 496
3 496 220 1034
3 496 57 1112
3 552 57 496
3 552 57 1112
3 496 1112 552
3 496 220 57
3 496 220 1112
3 451 874 496
3 808 496 874
3 808 451 874
3 451 808 496
3 496 1112 874
3 496 1112 808
3 496 62 1112
3 496 62 808
3 220 62 496
3 496 220 808
3 911 315 1037
3 315 96 1037
3 315 96 911
3 1037 341 315
3 315 222 1037
3 315 222 341
3 315 1037 323
3 315 911 323
3 323 315 36
3 323 315 709
3 36 709 315
3 400 315 1037
3 400 315 36
3 315 36 1037
3 400 36 1037
3 400 315 323
3 908 315 36
3 36 908 1037
3 315 1037 908
3 315 36 894
3 894 315 908
3 341 315 894
3 482 315 894
3 341 315 482
3 315 36 1163
3 341 315 1163
3 341 36 1163
3 341 36 315
3 894 315 1163
3 590 315 1037
3 590 341 315
3 811 105 1068
3 811 1068 1059
3 1059 105 1068
3 709 1068 908
3 1068 36 709
3 36 1068 908
3 1068 173 105
3 105 1068 1086
3 173 1086 1068
3 1068 323 709
3 709 105 1068
3 323 105 709
3 323 105 1068
3 709 518 1068
3 323 1068 518
3 1068 144 811
3 709 144 1068
3 709 144 811
3 811 709 1068
3 1068 518 144
3 1068 518 811
3 908 105 1068
3 908 173 1068
3 105 1068 986
3 709 1068 986
3 105 709 986
3 1068 986 908
3 1068 1063 105
3 1063 967 1068
3 967 105 1063
3 1068 967 105
3 1063 811 1068
3 967 811 1068
3 518 93 1068
3 1068 93 967
3 1068 518 967
3 1068 93 811
3 788 401 33
3 788 401 124
3 33 124 401
3 863 401 1009
3 863 401 33
3 401 33 1009
3 863 33 1009
3 863 401 788
3 863 788 1009
3 401 1009 788
3 401 324 1009
3 401 107 1009
3 401 107 324
3 1078 401 33
3 33 1078 1009
3 401 1009 1078
3 207 33 401
3 207 33 1078
3 401 207 1078
3 401 316 207
3 401 316 324
3 324 316 207
3 401 207 324
3 401 316 1188
3 401 207 1188
3 401 324 1188
3 825 401 1009
3 1188 401 825
3 1188 401 1009
3 825 1009 1188
3 401 324 825
3 1060 293 328
3 917 328 1060
3 917 293 328
3 430 328 1138
3 328 136 430
3 1138 328 136
3 610 328 1060
3 610 430 328
3 610 430 1060
3 328 1060 430
3 328 260 610
3 328 260 1060
3 430 260 328
3 430 328 1134
3 430 293 328
3 1134 293 328
3 1134 293 430
3 328 260 1134
3 363 328 430
3 293 328 363
3 293 430 363
3 363 328 1138
3 1138 293 363
3 1138 293 328
3 328 327 260
3 328 327 1060
3 328 327 719
3 328 260 719
3 328 1060 719
3 719 328 1192
3 293 1192 328
3 293 719 328
3 719 293 1192
3 1192 1060 328
3 705 551 1096
3 551 214 705
3 214 1096 551
3 473 963 551
3 551 139 963
3 473 139 963
3 473 139 551
3 963 705 551
3 705 473 551
3 705 139 551
3 139 1072 551
3 1072 551 1096
3 139 1096 551
3 705 551 1072
3 950 473 551
3 950 551 705
3 473 63 551
3 63 563 551
3 473 551 563
3 473 834 551
3 473 551 635
3 635 551 834
3 834 63 551
3 247 196 996
3 996 154 196
3 996 154 247
3 654 247 996
3 654 196 996
3 298 996 654
3 996 654 993
3 298 993 996
3 247 71 996
3 789 247 996
3 71 996 789
3 298 996 396
3 247 996 396
3 298 247 996
3 247 298 396
3 654 396 996
3 996 90 298
3 247 90 298
3 247 90 996
3 71 996 726
3 726 298 996
3 726 298 71
3 298 71 996
3 617 71 996
3 617 1142 996
3 1142 996 71
3 247 59 996
3 996 617 59
3 617 247 59
3 996 617 247
3 71 59 996
3 330 884 800
3 1016 330 884
3 330 1016 800
3 603 330 1183
3 330 169 603
3 1183 330 169
3 802 330 800
3 831 330 800
3 831 330 802
3 330 800 1183
3 330 802 1183
3 373 330 800
3 373 330 603
3 800 603 330
3 603 373 800
3 373 330 1183
3 603 330 1055
3 603 1055 800
3 330 800 1055
3 603 75 330
3 330 75 1055
3 346 330 884
3 330 603 346
3 603 346 884
3 330 884 603
3 330 75 346
3 330 75 884
3 1191 330 800
3 436 330 1191
3 800 436 1191
3 436 330 800
3 1191 884 330
3 330 884 436
3 347 330 436
3 75 347 330
3 330 75 436
3 347 330 884
3 708 360 1073
3 708 469 1073
3 360 708 469
3 708 360 1097
3 1073 708 1097
3 954 56 295
3 954 56 951
3 295 951 954
3 615 264 954
3 264 497 954
3 954 497 615
3 301 954 580
3 580 295 954
3 301 295 580
3 301 295 954
3 580 1149 954
3 1149 954 301
3 954 295 1149
3 954 135 295
3 615 295 954
3 615 135 295
3 615 135 954
3 135 954 1149
3 615 56 954
3 264 56 954
3 615 954 904
3 295 954 904
3 904 295 615
3 954 904 56
3 1049 954 301
3 339 1049 954
3 339 301 954
3 339 301 1049
3 1049 954 1149
3 339 1149 954
3 342 932 542
3 477 932 542
3 342 477 932
3 342 932 633
3 932 633 542
3 1080 851 928
3 928 318 1080
3 318 928 851
3 928 851 471
3 1080 471 928
3 851 693 928
3 342 693 928
3 342 851 928
3 1147 591 702
3 545 702 591
3 545 1147 591
3 1147 545 702
3 591 1188 702
3 1188 1147 702
3 1188 702 545
3 702 223 1147
3 1147 543 702
3 543 223 702
3 543 223 1147
3 223 702 1188
3 545 543 702
3 711 543 702
3 545 702 711
3 543 521 702
3 521 97 702
3 543 97 702
3 543 97 521
3 545 521 702
3 545 97 702
3 97 825 702
3 825 702 1188
3 97 1188 702
3 825 702 545
3 543 394 702
3 543 702 1018
3 394 1018 702
3 861 711 805
3 861 711 40
3 861 40 805
3 805 711 40
3 471 318 40
3 318 40 1080
3 471 40 1080
3 851 318 40
3 711 40 851
3 711 318 851
3 40 711 318
3 471 40 851
3 711 471 851
3 471 40 711
3 796 502 907
3 796 54 907
3 907 54 502
3 796 620 907
3 796 907 803
3 620 803 907
3 907 97 1009
3 907 97 825
3 907 825 1009
3 796 97 907
3 620 97 907
3 502 907 863
3 1009 863 907
3 502 1009 863
3 1009 502 907
3 863 788 907
3 502 907 788
3 1009 788 907
3 907 401 1009
3 1009 796 907
3 796 401 1009
3 796 401 907
3 401 907 788
3 930 907 1009
3 796 907 930
3 796 1009 930
3 97 930 907
3 788 159 907
3 907 159 501
3 501 788 907
3 907 159 502
3 502 501 907
3 907 501 249
3 796 249 907
3 249 796 501
3 796 501 907
3 502 249 907
3 455 262 882
3 882 262 308
3 262 455 308
3 455 308 882
3 1193 455 262
3 455 82 1193
3 262 82 455
3 262 82 1193
3 289 999 763
3 716 289 999
3 763 716 289
3 289 262 763
3 262 1193 289
3 1193 289 763
3 445 289 999
3 289 507 445
3 289 999 507
3 507 445 999
3 289 258 507
3 763 507 289
3 763 258 289
3 763 258 507
3 289 999 778
3 289 121 999
3 289 121 778
3 778 289 936
3 936 289 763
3 778 289 763
3 778 763 936
3 289 999 936
3 850 587 982
3 850 587 920
3 920 587 982
3 587 273 850
3 982 587 273
3 850 325 587
3 754 587 850
3 587 325 754
3 850 119 587
3 587 119 987
3 850 119 987
3 987 850 587
3 587 325 119
3 587 325 987
3 325 3 587
3 587 3 987
3 1184 964 1091
3 17 1184 964
3 1091 17 1184
3 17 1091 964
3 98 1097 860
3 900 98 1097
3 900 98 860
3 98 1097 360
3 860 98 360
3 360 98 708
3 98 1097 708
3 860 98 708
3 360 708 860
3 1073 98 1097
3 98 1073 708
3 976 486 87
3 148 87 976
3 87 148 486
3 976 486 148
3 1046 87 976
3 1046 486 976
3 1046 148 976
3 976 973 445
3 976 973 1046
3 1046 973 445
3 976 445 1046
3 486 973 976
3 976 445 486
3 258 976 507
3 258 148 976
3 507 148 258
3 507 148 976
3 445 258 976
3 445 258 507
3 976 445 507
3 976 781 1046
3 781 148 976
3 258 976 648
3 258 681 976
3 976 648 681
3 648 148 976
3 976 736 148
3 736 648 976
3 258 976 769
3 148 976 769
3 148 258 769
3 976 769 648
3 1160 679 121
3 121 679 228
3 1160 679 228
3 679 1046 1160
3 781 679 1046
3 679 781 1160
3 679 445 1046
3 445 679 973
3 1046 973 679
3 679 37 121
3 679 37 1046
3 679 121 1046
3 121 37 1046
3 679 37 1160
3 999 679 445
3 679 121 999
3 445 121 999
3 445 121 679
3 679 289 999
3 679 289 445
3 289 121 679
3 778 679 121
3 121 778 1046
3 679 1046 778
3 679 289 778
3 679 258 976
3 976 679 1046
3 679 258 1046
3 1046 258 976
3 679 445 976
3 445 258 679
3 258 507 679
3 445 679 507
3 679 507 289
3 258 289 679
3 1045 729 128
3 1045 729 389
3 729 389 128
3 732 729 128
3 732 729 1045
3 256 147 794
3 992 256 794
3 147 794 992
3 256 944 794
3 256 794 286
3 794 286 944
3 1045 794 147
3 147 794 732
3 732 1045 794
3 256 251 794
3 251 89 794
3 794 89 256
3 944 251 794
3 147 794 780
3 794 780 1045
3 51 780 794
3 147 51 794
3 51 1045 794
3 605 51 794
3 794 605 256
3 256 51 605
3 256 51 794
3 605 147 794
3 729 727 437
3 729 727 1079
3 1079 727 437
3 729 437 1079
3 743 197 499
3 434 197 499
3 434 197 743
3 197 817 499
3 197 701 499
3 701 197 817
3 817 197 841
3 611 197 817
3 841 197 611
3 537 197 841
3 537 197 817
3 537 197 725
3 841 197 725
3 197 817 725
3 725 197 1114
3 1114 197 499
3 725 499 1114
3 725 197 499
3 1114 817 197
3 1006 386 1165
3 1165 271 1006
3 386 271 1006
3 386 271 1165
3 1165 743 1006
3 386 1006 743
3 1006 160 941
3 1165 160 1006
3 1165 160 941
3 1165 941 1006
3 1006 743 160
3 1006 743 941
3 271 251 941
3 941 271 1006
3 1006 251 941
3 271 251 1006
3 1006 499 941
3 743 499 1006
3 197 499 1006
3 941 197 499
3 941 197 1006
3 197 743 1006
3 378 271 1006
3 1006 601 271
3 601 378 1006
3 1006 695 1165
3 271 1006 695
3 271 1165 695
3 1006 695 378
3 1006 378 1165
3 1165 695 378
3 303 251 515
3 727 515 303
3 727 251 515
3 727 251 303
3 515 271 303
3 251 515 271
3 251 303 271
3 303 727 729
3 437 303 727
3 303 437 729
3 1079 303 727
3 515 303 1079
3 1079 515 727
3 1079 303 729
3 515 303 729
3 1079 515 729
3 406 45 878
3 406 321 45
3 406 321 878
3 878 321 45
3 771 321 696
3 321 696 406
3 696 406 771
3 321 771 406
3 768 147 992
3 22 992 768
3 768 147 22
3 147 22 992
3 365 22 994
3 365 22 500
3 500 22 994
3 22 768 365
3 1032 22 768
3 22 1032 365
3 994 22 1018
3 1018 22 768
3 22 994 768
3 768 994 1018
3 1018 22 365
3 841 22 994
3 841 768 994
3 22 768 841
3 994 608 841
3 22 994 608
3 608 22 841
3 1133 1014 871
3 30 1014 1133
3 30 871 1133
3 647 147 992
3 647 147 768
3 768 647 992
3 647 147 732
3 147 992 732
3 992 647 732
3 647 768 732
3 147 732 768
3 768 391 647
3 1032 391 768
3 1032 647 768
3 1032 391 647
3 919 22 647
3 647 22 768
3 919 22 768
3 647 768 919
3 22 992 647
3 992 919 647
3 22 992 919
3 647 107 919
3 770 647 919
3 647 107 770
3 391 30 647
3 1014 391 30
3 30 1014 647
3 391 647 1014
3 919 647 1061
3 391 647 1061
3 919 391 647
3 391 919 1061
3 107 1061 647
3 391 107 647
3 107 30 647
3 605 51 859
3 51 780 859
3 605 859 780
3 605 214 859
3 214 51 859
3 859 214 551
3 859 214 705
3 551 705 859
3 605 859 1096
3 1096 859 551
3 605 551 859
3 1096 551 605
3 214 1096 859
3 859 63 947
3 551 63 859
3 551 63 947
3 947 551 859
3 859 563 63
3 859 563 947
3 563 551 859
3 859 473 551
3 605 473 551
3 605 473 859
3 473 859 563
3 563 286 859
3 859 286 947
3 859 286 944
3 859 563 944
3 859 947 944
3 605 256 859
3 256 944 859
3 605 944 256
3 605 944 859
3 947 256 859
3 947 605 859
3 605 256 947
3 818 594 1008
3 594 1080 1008
3 1008 818 1080
3 594 1080 818
3 411 404 274
3 411 274 747
3 411 404 747
3 274 747 404
3 338 274 411
3 404 338 411
3 411 338 747
3 404 1097 411
3 1097 411 1073
3 404 1073 411
3 1097 411 338
3 1073 411 338
3 205 411 369
3 411 205 747
3 205 369 747
3 747 369 411
3 411 205 1073
3 369 411 1073
3 338 411 459
3 747 459 411
3 411 205 701
3 701 411 338
3 338 205 701
3 338 205 411
3 1073 411 701
3 411 78 205
3 205 1177 411
3 411 78 1177
3 588 411 747
3 411 94 747
3 411 94 588
3 747 78 411
3 588 78 411
3 420 411 747
3 420 411 205
3 420 205 747
3 78 420 411
3 293 134 1192
3 1135 134 293
3 1135 134 1192
3 293 1192 1135
3 1135 293 1138
3 363 293 1135
3 363 1138 1135
3 293 1135 328
3 655 293 1135
3 293 328 655
3 655 328 1135
3 328 1135 1138
3 440 194 513
3 440 419 513
3 194 440 419
3 463 440 971
3 463 440 1022
3 1022 440 971
3 1025 440 194
3 1025 971 440
3 1025 971 194
3 971 194 440
3 973 440 1025
3 973 440 194
3 973 971 440
3 440 162 971
3 440 971 513
3 513 162 971
3 513 162 440
3 162 440 973
3 440 73 513
3 760 440 513
3 73 760 440
3 886 440 971
3 886 440 513
3 513 971 886
3 886 440 463
3 440 513 463
3 463 73 440
3 445 440 194
3 445 440 973
3 445 440 999
3 440 194 999
3 973 440 999
3 999 440 716
3 716 440 513
3 999 513 716
3 999 440 513
3 440 194 716
3 838 362 873
3 838 333 362
3 838 333 873
3 838 873 1029
3 1029 362 838
3 1029 838 336
3 1029 838 407
3 407 838 336
3 838 446 873
3 838 733 873
3 446 838 733
3 838 104 336
3 838 104 873
3 838 336 873
3 336 104 873
3 838 104 1029
3 446 838 737
3 737 336 838
3 446 336 737
3 446 336 838
3 737 152 838
3 838 152 446
3 336 152 838
3 336 152 737
3 838 739 152
3 653 739 838
3 838 152 653
3 446 838 739
3 653 446 838
3 838 653 453
3 838 453 873
3 838 653 873
3 453 873 653
3 453 446 838
3 696 41 771
3 321 41 771
3 321 41 696
3 41 771 1010
3 41 696 1010
3 195 41 771
3 648 41 195
3 195 771 648
3 648 41 771
3 826 41 1010
3 826 41 771
3 640 356 696
3 696 356 321
3 356 321 640
3 383 356 367
3 383 356 640
3 356 640 367
3 367 640 383
3 383 356 696
3 356 367 696
3 1010 356 367
3 356 1010 696
3 418 367 1010
3 418 356 1010
3 418 356 367
3 640 356 804
3 804 367 640
3 356 367 804
3 697 891 755
3 697 42 891
3 755 42 697
3 755 42 891
3 697 407 891
3 891 407 755
3 697 336 891
3 891 407 336
3 910 891 697
3 910 891 10
3 891 10 697
3 891 756 42
3 42 891 916
3 756 916 891
3 910 42 891
3 910 756 891
3 42 891 775
3 697 891 775
3 42 697 775
3 891 775 910
3 336 838 577
3 336 577 873
3 873 577 838
3 891 336 577
3 697 336 577
3 697 577 891
3 336 152 577
3 838 152 577
3 577 152 1057
3 577 152 677
3 677 577 1057
3 737 577 1057
3 336 577 737
3 1057 336 577
3 336 1057 737
3 152 737 577
3 682 577 1057
3 682 336 1057
3 682 336 577
3 577 42 891
3 1057 42 577
3 1057 42 891
3 577 891 1057
3 577 407 336
3 407 34 577
3 336 34 407
3 336 34 577
3 891 407 577
3 407 34 891
3 891 34 577
3 797 592 867
3 797 448 867
3 448 797 592
3 848 797 867
3 612 797 848
3 867 612 797
3 612 867 848
3 592 848 797
3 612 592 848
3 612 592 797
3 816 612 797
3 797 431 816
3 612 431 797
3 867 157 797
3 797 157 816
3 867 157 816
3 797 816 867
3 797 739 157
3 867 739 797
3 867 739 157
3 797 739 816
3 739 152 797
3 797 152 816
3 797 152 677
3 677 739 797
3 816 677 797
3 797 677 880
3 612 880 797
3 797 677 612
3 677 612 880
3 880 816 797
3 867 410 181
3 867 600 181
3 600 181 410
3 797 181 867
3 612 181 867
3 612 181 797
3 395 181 739
3 653 181 395
3 653 181 739
3 181 867 739
3 181 797 739
3 181 157 867
3 181 157 395
3 867 395 181
3 395 157 867
3 181 157 739
3 395 181 569
3 395 569 867
3 181 867 569
3 181 395 372
3 372 181 569
3 623 395 181
3 410 181 623
3 410 395 623
3 395 410 181
3 372 181 623
3 372 181 410
3 448 181 867
3 1043 181 448
3 448 867 1043
3 1043 181 867
3 448 410 181
3 1043 410 181
3 962 181 372
3 962 181 1043
3 372 181 1043
3 410 181 962
3 232 185 848
3 848 612 185
3 848 612 232
3 612 232 185
3 592 185 848
3 232 185 592
3 185 612 592
3 1118 185 592
3 232 185 1118
3 1118 185 858
3 592 185 858
3 858 232 185
3 612 185 797
3 592 185 797
3 858 185 670
3 670 232 185
3 509 185 612
3 880 185 612
3 509 185 880
3 185 69 612
3 185 69 509
3 230 92 1152
3 230 1152 897
3 92 897 1152
3 230 42 1152
3 756 230 1152
3 1152 756 42
3 602 230 1152
3 602 92 1152
3 602 237 1152
3 230 1152 237
3 42 1152 577
3 42 1152 891
3 891 577 1152
3 230 21 1152
3 1152 682 21
3 21 230 682
3 1152 682 230
3 42 21 1152
3 682 42 1152
3 42 1152 1057
3 682 1057 1152
3 1152 1057 577
3 1152 577 682
3 311 27 664
3 460 311 664
3 460 311 27
3 460 27 664
3 760 460 819
3 664 460 760
3 664 460 819
3 819 664 760
3 27 1103 664
3 311 664 1103
3 357 311 664
3 641 311 664
3 357 664 641
3 822 664 357
3 822 760 664
3 822 760 357
3 760 357 664
3 761 664 822
3 761 664 357
3 761 760 664
3 664 257 761
3 664 257 357
3 664 73 760
3 760 311 664
3 311 73 664
3 311 73 760
3 73 664 761
3 311 864 664
3 664 357 864
3 639 791 665
3 665 639 166
3 166 791 665
3 791 166 639
3 639 353 665
3 665 353 791
3 353 166 665
3 665 443 791
3 353 665 443
3 532 443 665
3 665 532 791
3 353 665 532
3 1103 586 665
3 353 665 586
3 353 1103 586
3 1103 353 665
3 586 532 665
3 1103 532 665
3 621 166 665
3 353 665 621
3 665 27 1103
3 27 665 532
3 1103 166 665
3 166 27 665
3 166 27 1103
3 1103 269 1021
3 665 269 1103
3 665 269 1021
3 1021 665 1103
3 1173 1040 241
3 241 49 1173
3 241 49 1040
3 1092 241 806
3 1173 241 1092
3 1173 806 1092
3 1173 241 806
3 1092 1040 241
3 241 1040 806
3 806 691 241
3 691 241 1040
3 1173 531 827
3 1092 827 1173
3 1092 531 827
3 827 576 855
3 827 178 855
3 178 827 576
3 855 827 1128
3 531 827 1128
3 855 531 827
3 531 855 1128
3 576 1128 827
3 576 531 1128
3 576 531 827
3 827 613 855
3 613 531 855
3 613 531 827
3 827 49 1173
3 855 49 827
3 855 49 1173
3 827 1173 855
3 827 1173 1021
3 827 269 1173
3 827 269 1021
3 425 1021 827
3 531 425 827
3 531 1021 827
3 425 531 1021
3 1173 425 827
3 828 669 759
3 759 629 828
3 669 629 759
3 759 645 828
3 828 819 645
3 645 759 819
3 828 819 759
3 759 669 1029
3 759 104 1029
3 104 759 669
3 759 362 828
3 759 362 1029
3 759 1029 828
3 1029 362 828
3 669 362 759
3 759 407 1029
3 828 407 1029
3 828 407 759
3 830 759 645
3 759 1029 830
3 1029 645 759
3 645 1029 830
3 370 1156 894
3 908 370 1156
3 370 908 894
3 370 894 779
3 482 370 894
3 370 482 779
3 627 370 779
3 370 140 627
3 779 370 140
3 627 370 703
3 703 370 894
3 894 627 370
3 703 627 894
3 703 370 779
3 370 168 1156
3 627 168 370
3 627 168 1156
3 370 627 1156
3 370 186 168
3 370 186 1156
3 627 186 370
3 627 370 1161
3 627 1161 894
3 370 894 1161
3 370 186 1161
3 370 110 1156
3 186 110 370
3 370 110 1137
3 370 1156 1137
3 370 186 1137
3 1137 370 1163
3 1163 370 894
3 1137 894 1163
3 1137 370 894
3 1163 1156 370
3 807 626 424
3 424 91 626
3 424 91 807
3 424 190 1028
3 667 424 1028
3 424 190 667
3 283 913 424
3 424 283 807
3 283 807 913
3 913 424 807
3 626 283 424
3 913 626 424
3 283 913 626
3 424 291 1028
3 424 291 807
3 424 1028 807
3 1028 291 807
3 424 291 190
3 807 190 424
3 712 424 807
3 712 190 424
3 901 424 807
3 901 424 712
3 1028 506 483
3 483 259 1028
3 483 259 506
3 483 424 1028
3 807 483 1028
3 424 807 483
3 483 350 506
3 492 483 506
3 483 350 492
3 483 238 945
3 350 238 483
3 483 350 945
3 483 238 506
3 945 506 483
3 945 483 667
3 667 483 1028
3 667 1028 945
3 945 483 1028
3 667 506 483
3 116 1081 852
3 145 1081 852
3 145 116 1081
3 116 145 852
3 1081 852 421
3 421 116 1081
3 145 1081 421
3 852 145 421
3 1081 215 116
3 421 215 1081
3 116 1081 1092
3 215 1092 1081
3 828 116 1081
3 629 116 1081
3 1081 629 828
3 1081 759 828
3 759 145 1081
3 759 145 828
3 828 145 1081
3 759 645 1081
3 1081 645 828
3 645 145 1081
3 645 145 759
3 1081 819 828
3 460 819 1081
3 828 460 1081
3 1081 819 645
3 460 645 1081
3 846 460 1081
3 1081 846 116
3 460 116 846
3 1081 460 116
3 846 828 1081
3 718 640 804
3 556 718 640
3 804 556 640
3 718 556 804
3 718 640 356
3 718 356 804
3 356 640 556
3 718 356 556
3 684 1033 1019
3 1019 769 684
3 769 684 1033
3 866 684 1019
3 684 340 1019
3 684 340 866
3 1116 684 184
3 184 231 684
3 1116 684 231
3 684 1019 1116
3 684 866 1116
3 694 684 184
3 694 684 1019
3 684 184 1019
3 694 184 1019
3 694 684 1116
3 684 508 1033
3 508 68 684
3 684 68 1033
3 508 184 684
3 1033 184 684
3 508 184 1033
3 184 68 684
3 184 68 508
3 684 510 1033
3 684 510 68
3 684 510 886
3 684 1033 886
3 684 68 886
3 366 886 684
3 684 366 1019
3 886 684 1019
3 366 1019 886
3 1033 366 684
3 309 27 846
3 846 309 460
3 309 27 460
3 425 309 1021
3 425 309 846
3 1021 309 846
3 425 309 27
3 1021 309 27
3 1103 309 27
3 1021 309 1103
3 1040 85 691
3 114 85 1040
3 114 85 691
3 1040 114 691
3 1141 618 1197
3 618 137 1197
3 618 137 1141
3 1173 618 49
3 618 269 1173
3 1173 269 49
3 269 49 618
3 827 618 1173
3 827 618 49
3 618 269 827
3 1021 618 269
3 618 269 1197
3 618 1197 1021
3 269 1021 1197
3 827 618 1021
3 758 618 1197
3 618 613 758
3 1197 613 758
3 618 613 1197
3 618 49 758
3 618 49 1197
3 758 49 1197
3 613 49 618
3 855 618 49
3 613 855 618
3 855 618 827
3 613 827 618
3 691 634 1040
3 634 546 1040
3 634 546 691
3 1040 85 634
3 691 85 634
3 990 773 1091
3 990 773 634
3 1091 773 634
3 990 634 1091
3 634 114 1040
3 634 114 773
3 1040 773 634
3 773 114 1040
3 634 114 85
3 634 85 773
3 773 114 85
3 1157 383 826
3 826 114 1157
3 383 114 1157
3 383 114 826
3 691 114 1157
3 114 85 1157
3 691 85 1157
3 691 1157 1040
3 1040 114 1157
3 1157 546 691
3 826 546 1157
3 826 546 691
3 826 691 1157
3 826 418 1010
3 1157 418 826
3 826 1010 1157
3 1157 418 1010
3 1148 65 766
3 766 508 65
3 1148 508 766
3 65 766 582
3 766 582 882
3 882 65 766
3 65 882 582
3 766 582 1148
3 882 766 1148
3 882 582 1148
3 65 766 1033
3 508 1033 766
3 882 262 766
3 882 455 766
3 455 262 766
3 766 507 65
3 507 289 766
3 289 65 507
3 766 289 65
3 766 308 882
3 308 65 882
3 308 65 766
3 766 262 308
3 289 763 766
3 766 763 262
3 766 262 289
3 1105 557 416
3 416 25 1105
3 416 25 557
3 668 416 1105
3 416 351 1105
3 416 351 668
3 733 416 190
3 190 291 416
3 733 416 291
3 416 1105 733
3 416 668 733
3 667 416 190
3 416 190 1105
3 190 667 1105
3 416 1105 667
3 416 190 566
3 566 416 667
3 416 190 890
3 557 416 890
3 557 190 890
3 557 190 416
3 566 416 890
3 557 416 566
3 712 416 190
3 712 416 1105
3 712 190 1105
3 712 416 733
3 1023 416 1105
3 1129 416 1023
3 1023 1105 1129
3 1129 416 1105
3 1023 557 416
3 1129 557 416
3 416 112 557
3 416 112 566
3 416 112 1129
3 566 416 1129
3 1162 47 1194
3 47 1194 1117
3 47 1162 1117
3 186 47 1162
3 186 47 1194
3 339 47 1117
3 412 47 1117
3 412 47 339
3 1194 615 47
3 1194 264 47
3 264 47 615
3 199 47 339
3 199 47 1194
3 1194 339 47
3 339 199 1194
3 199 47 1117
3 954 339 47
3 615 47 954
3 615 339 954
3 615 339 47
3 301 47 954
3 47 339 301
3 615 301 954
3 301 47 615
3 339 47 1049
3 339 1049 1194
3 47 1194 1049
3 301 47 1049
3 888 47 813
3 813 47 1194
3 813 1194 888
3 888 47 1194
3 813 615 47
3 888 615 813
3 888 615 47
3 858 836 422
3 1118 836 422
3 858 836 1118
3 836 2 422
3 836 2 858
3 443 134 836
3 533 134 836
3 533 443 836
3 134 1192 836
3 1192 836 443
3 719 1192 836
3 134 719 836
3 443 836 719
3 719 422 836
3 836 344 422
3 344 836 719
3 443 836 791
3 791 422 836
3 443 422 791
3 443 422 836
3 791 719 836
3 998 454 257
3 454 242 998
3 257 242 454
3 257 242 998
3 864 257 998
3 998 532 864
3 532 257 864
3 532 257 998
3 998 664 864
3 311 998 664
3 998 311 864
3 998 761 257
3 257 998 716
3 998 716 761
3 664 257 998
3 761 664 998
3 257 998 357
3 998 357 864
3 257 864 357
3 664 357 998
3 11 1044 927
3 893 11 1044
3 927 893 11
3 1119 50 11
3 1044 11 1119
3 1044 50 1119
3 11 1044 50
3 242 11 1119
3 242 50 1119
3 242 50 11
3 242 11 1044
3 50 11 1054
3 218 11 50
3 218 11 1054
3 778 11 927
3 936 11 778
3 936 11 927
3 778 927 936
3 11 1044 778
3 11 1044 936
3 454 11 936
3 454 11 1044
3 454 11 242
3 242 11 936
3 11 927 1054
3 1185 11 927
3 11 1185 1054
3 672 11 927
3 50 11 672
3 927 50 11
3 672 50 927
3 672 11 1054
3 118 11 927
3 118 11 1185
3 706 1182 1119
3 50 1182 1119
3 706 50 1182
3 50 706 1119
3 1182 1119 242
3 1182 242 706
3 242 50 1182
3 1182 242 549
3 1182 549 706
3 597 50 1182
3 966 50 1182
3 597 966 1182
3 50 11 1182
3 242 11 1182
3 50 1182 927
3 11 927 1182
3 1182 449 597
3 706 449 1182
3 706 449 597
3 706 597 1182
3 1182 870 449
3 597 1182 870
3 870 706 1182
3 1182 2 706
3 50 2 706
3 50 2 1182
3 2 1182 870
3 597 1182 799
3 270 799 1182
3 597 270 1182
3 870 799 1182
3 270 870 1182
3 1182 270 218
3 1182 218 50
3 270 50 218
3 1182 270 50
3 597 218 1182
3 489 134 533
3 1192 489 533
3 134 1192 489
3 489 998 533
3 864 533 998
3 489 864 533
3 864 489 998
3 489 1193 533
3 1056 489 533
3 1056 489 1193
3 533 1193 1056
3 489 262 1193
3 533 262 489
3 533 262 1193
3 1193 454 489
3 262 489 454
3 1193 257 489
3 489 257 998
3 1193 257 998
3 489 998 1193
3 489 454 257
3 489 454 998
3 454 242 489
3 489 242 549
3 489 454 549
3 489 242 998
3 242 549 998
3 489 998 549
3 740 155 883
3 740 310 883
3 155 740 310
3 740 456 883
3 740 456 495
3 740 495 883
3 495 456 883
3 740 456 5
3 456 5 883
3 883 5 740
3 740 5 495
3 495 456 5
3 155 740 579
3 579 495 740
3 579 495 155
3 495 155 740
3 579 1136 740
3 1136 740 155
3 740 495 1136
3 495 740 536
3 495 536 883
3 883 536 740
3 536 740 1136
3 458 86 740
3 740 458 883
3 740 86 883
3 883 86 458
3 458 155 740
3 155 86 740
3 86 1089 740
3 1089 740 155
3 1089 740 1136
3 86 1136 740
3 294 953 810
3 810 294 1166
3 1166 953 294
3 682 509 294
3 509 294 880
3 682 294 880
3 294 21 953
3 294 21 810
3 294 21 682
3 682 294 953
3 682 294 810
3 447 294 953
3 294 509 447
3 509 447 953
3 294 953 509
3 682 294 447
3 371 772 1012
3 933 371 772
3 371 933 1012
3 517 371 1012
3 1012 371 141
3 371 141 517
3 704 371 772
3 517 371 704
3 772 517 371
3 704 517 772
3 704 371 1012
3 517 31 371
3 522 517 371
3 371 31 522
3 922 371 772
3 1198 371 922
3 1198 772 922
3 1198 371 772
3 517 371 1098
3 517 1098 772
3 371 772 1098
3 371 31 1098
3 324 207 1095
3 324 316 1095
3 207 1095 316
3 324 107 1095
3 324 1095 770
3 107 770 1095
3 1145 1095 207
3 207 1095 909
3 909 1145 1095
3 324 30 1095
3 324 1095 519
3 1095 519 30
3 107 30 1095
3 1095 401 324
3 401 33 1095
3 324 33 1095
3 324 33 401
3 401 207 1095
3 207 33 1095
3 207 1095 1078
3 1095 1078 1145
3 33 1078 1095
3 33 1145 1095
3 854 316 591
3 591 854 1188
3 854 316 1188
3 854 276 933
3 854 219 276
3 854 219 933
3 854 9 933
3 854 9 591
3 854 591 933
3 591 9 933
3 316 9 854
3 933 316 854
3 854 772 933
3 772 316 854
3 854 371 933
3 854 371 772
3 276 170 854
3 1172 854 276
3 170 1172 854
3 276 854 805
3 805 591 854
3 591 276 854
3 805 591 276
3 854 545 591
3 933 545 591
3 933 545 854
3 854 100 933
3 854 170 100
3 100 933 170
3 854 170 933
3 276 100 854
3 174 81 1176
3 174 106 1176
3 106 81 1176
3 380 174 1176
3 380 1176 522
3 522 174 1176
3 1176 81 1125
3 1176 809 1125
3 1176 81 809
3 1176 752 1125
3 174 1176 752
3 1125 174 1176
3 174 1125 752
3 1176 752 81
3 1176 46 1125
3 174 46 1125
3 174 46 1176
3 1146 1125 1176
3 46 1176 1146
3 1125 689 1176
3 380 1176 689
3 380 1125 689
3 1125 380 1176
3 1176 1146 689
3 380 1176 1146
3 1146 1024 1176
3 88 1024 1176
3 88 1146 1176
3 380 1176 1024
3 380 88 1176
3 227 88 1176
3 1176 227 174
3 174 88 227
3 174 88 1176
3 380 227 1176
3 575 530 652
3 374 530 575
3 652 374 530
3 374 652 575
3 575 530 1127
3 652 530 1127
3 1127 374 530
3 1127 530 16
3 530 16 652
3 374 631 530
3 530 631 1127
3 879 530 631
3 374 530 879
3 628 530 652
3 628 374 652
3 628 374 530
3 652 318 530
3 652 318 628
3 530 318 628
3 1102 348 889
3 889 1 1102
3 348 1 1102
3 348 1 889
3 1066 889 1102
3 348 1102 1066
3 889 331 1102
3 1102 331 1020
3 889 331 1020
3 1020 889 1102
3 1102 1066 331
3 1020 1102 1066
3 554 23 1102
3 1102 554 1
3 1102 23 1
3 23 1 554
3 1020 554 1102
3 1020 23 1102
3 1020 1 1102
3 1020 554 1
3 23 815 1102
3 1102 815 1020
3 1066 815 1102
3 23 1066 1102
3 640 585 804
3 804 567 585
3 640 567 804
3 640 567 585
3 804 556 585
3 585 556 640
3 585 804 718
3 585 556 718
3 1102 556 1
3 585 1 1102
3 556 1 585
3 585 556 1102
3 585 379 804
3 272 585 379
3 585 272 804
3 567 889 585
3 1102 585 889
3 567 1102 585
3 1102 567 889
3 567 379 585
3 567 643 585
3 643 379 585
3 804 585 914
3 567 585 914
3 567 804 914
3 379 914 585
3 567 585 1011
3 1011 585 643
3 1181 348 7
3 7 1181 889
3 348 889 1181
3 1150 7 1181
3 1164 7 1181
3 1150 1181 1164
3 820 7 1181
3 820 348 1181
3 1181 820 890
3 1181 566 890
3 566 1181 820
3 1181 177 1150
3 890 177 1181
3 890 177 1150
3 1150 890 1181
3 177 122 1181
3 1181 122 1150
3 890 122 1181
3 1181 557 890
3 890 7 1181
3 557 7 890
3 557 7 1181
3 1181 122 557
3 890 1181 945
3 7 1181 945
3 7 890 945
3 1181 945 820
3 66 814 1181
3 1181 814 1150
3 1150 66 1181
3 1181 814 122
3 66 122 1181
3 787 66 1181
3 1181 787 7
3 66 7 787
3 1181 66 7
3 1150 787 1181
3 784 394 1032
3 784 543 394
3 1032 543 394
3 784 543 1032
3 784 702 1147
3 543 702 784
3 543 1147 784
3 784 768 1032
3 784 22 1032
3 784 22 768
3 885 437 746
3 746 462 885
3 437 746 462
3 746 727 437
3 885 727 746
3 746 303 727
3 746 303 437
3 367 1010 746
3 418 1010 746
3 746 367 418
3 1010 746 715
3 746 367 715
3 367 1010 715
3 715 418 1010
3 715 418 746
3 522 371 1189
3 522 517 1189
3 517 1189 371
3 522 380 1189
3 522 1189 689
3 380 689 1189
3 1189 227 909
3 909 1145 1189
3 1189 227 1145
3 522 227 1189
3 380 227 1189
3 1189 174 909
3 1189 174 522
3 909 522 1189
3 909 174 522
3 227 174 1189
3 1189 207 909
3 522 207 1189
3 522 207 909
3 922 909 1189
3 207 1189 922
3 909 772 1189
3 371 1189 772
3 371 909 772
3 909 371 1189
3 1189 922 772
3 371 1189 922
3 1198 1189 371
3 922 1198 1189
3 522 31 1189
3 371 31 1189
3 815 111 1198
3 1066 111 815
3 815 1198 1066
3 1066 111 1198
3 815 245 111
3 1198 245 111
3 1066 245 111
3 66 787 111
3 245 111 787
3 111 66 245
3 787 111 1066
3 111 66 1066
3 1090 111 31
3 111 31 1198
3 31 1090 1198
3 111 1198 1090
3 66 31 111
3 111 66 1090
3 111 31 1113
3 245 111 1113
3 245 31 1113
3 245 31 111
3 111 66 1113
3 452 111 245
3 1198 452 111
3 1189 111 31
3 31 522 111
3 522 111 1189
3 371 111 1198
3 371 111 31
3 371 31 1198
3 371 111 1189
3 111 1198 1189
3 922 111 1198
3 111 922 1189
3 111 9 1198
3 111 9 922
3 520 198 849
3 198 849 208
3 520 208 849
3 198 208 520
3 198 849 528
3 528 198 520
3 198 548 208
3 686 198 548
3 198 686 208
3 548 198 619
3 198 849 619
3 548 849 619
3 548 849 198
3 528 198 619
3 528 198 548
3 849 198 895
3 593 198 849
3 593 198 895
3 1069 198 1093
3 1093 198 208
3 1069 208 1093
3 1069 198 208
3 1093 548 198
3 1069 548 198
3 217 198 548
3 217 198 1069
3 217 198 528
3 528 198 1069
3 753 198 208
3 624 198 208
3 624 198 753
3 198 208 895
3 198 753 895
3 476 198 208
3 476 198 849
3 208 849 476
3 476 198 895
3 126 1075 349
3 471 349 1075
3 471 126 1075
3 126 471 349
3 126 20 1075
3 1109 1075 126
3 20 1109 1075
3 861 126 1075
3 126 1075 305
3 861 305 1075
3 306 20 1075
3 861 306 1075
3 861 20 1075
3 861 20 306
3 306 126 1075
3 471 1075 711
3 471 851 1075
3 1075 711 851
3 861 805 1075
3 1075 276 861
3 1075 276 805
3 861 711 1075
3 805 711 1075
3 711 40 1075
3 1075 40 861
3 1075 40 471
3 861 471 1075
3 471 40 861
3 491 264 1109
3 491 264 497
3 497 491 1109
3 349 164 491
3 487 164 491
3 349 491 487
3 649 491 1109
3 164 491 649
3 1109 164 491
3 164 1109 649
3 264 649 491
3 264 164 491
3 164 56 491
3 264 56 491
3 164 491 951
3 56 951 491
3 491 126 349
3 1109 126 491
3 1109 126 349
3 1109 349 491
3 126 1075 491
3 1075 491 349
3 491 1109 1075
3 349 491 471
3 491 471 1075
3 491 20 1109
3 164 20 1109
3 164 20 491
3 20 491 1075
3 164 636 491
3 491 349 636
3 801 617 1142
3 1142 541 801
3 617 541 1142
3 617 541 801
3 801 1142 996
3 617 801 996
3 726 541 801
3 801 124 726
3 541 124 801
3 801 71 726
3 1142 71 801
3 1142 71 726
3 1142 726 801
3 71 996 801
3 996 801 726
3 801 204 1142
3 898 801 1142
3 801 204 898
3 432 90 801
3 541 432 801
3 541 90 432
3 541 90 801
3 726 432 801
3 726 90 801
3 801 298 726
3 90 298 801
3 801 298 996
3 90 996 801
3 541 845 801
3 541 801 1007
3 1007 801 845
3 950 801 1142
3 541 801 950
3 541 1142 950
3 204 950 801
3 541 204 801
3 845 204 801
3 888 615 744
3 813 744 888
3 813 615 744
3 744 161 888
3 161 744 188
3 744 188 888
3 301 744 615
3 744 954 301
3 744 615 954
3 744 47 301
3 744 47 888
3 744 301 888
3 301 47 888
3 615 47 744
3 1120 744 161
3 744 301 1120
3 1120 301 161
3 301 161 744
3 1140 744 1120
3 1140 744 161
3 744 301 1140
3 301 744 580
3 301 580 888
3 888 580 744
3 580 744 1140
3 1052 744 161
3 1052 744 1140
3 387 1052 744
3 387 161 744
3 387 1140 744
3 744 387 176
3 744 176 888
3 176 888 387
3 744 387 888
3 176 161 744
3 360 189 423
3 423 290 360
3 423 290 189
3 360 860 423
3 860 189 423
3 360 423 900
3 900 423 860
3 693 573 851
3 471 851 573
3 693 471 851
3 471 693 573
3 573 928 851
3 573 928 693
3 928 471 573
3 573 342 693
3 573 342 932
3 342 932 693
3 932 573 693
3 573 342 928
3 928 342 932
3 928 573 932
3 1080 573 928
3 1080 471 573
3 573 491 636
3 573 164 636
3 164 573 491
3 573 349 636
3 573 349 471
3 636 471 573
3 636 349 471
3 491 349 573
3 491 471 573
3 471 1075 573
3 1075 491 573
3 861 573 1075
3 471 573 861
3 805 40 924
3 805 924 861
3 861 40 924
3 374 1172 530
3 924 530 1172
3 924 374 1172
3 374 924 530
3 1172 276 924
3 924 276 805
3 1172 276 805
3 1172 805 924
3 924 854 276
3 1172 854 924
3 805 924 854
3 924 170 1172
3 1172 40 924
3 170 40 924
3 170 40 1172
3 170 924 854
3 924 318 40
3 530 40 924
3 318 40 530
3 530 318 924
3 40 924 1080
3 318 1080 924
3 711 545 924
3 924 711 40
3 924 545 40
3 545 40 711
3 805 711 924
3 805 545 924
3 924 591 805
3 545 591 924
3 854 591 924
3 545 854 924
3 389 120 1045
3 990 389 120
3 120 990 1045
3 389 1045 990
3 389 213 1045
3 120 389 213
3 213 120 1045
3 1091 120 990
3 1184 120 1091
3 1184 990 1091
3 1184 120 990
3 1091 964 120
3 1091 964 990
3 990 964 120
3 1184 964 120
3 120 17 213
3 120 17 964
3 213 17 964
3 213 120 964
3 120 17 1184
3 213 120 1184
3 1091 467 990
3 1091 467 773
3 467 773 990
3 964 467 1091
3 964 467 990
3 467 964 773
3 773 964 1091
3 990 467 120
3 467 120 964
3 634 467 773
3 467 634 990
3 1040 467 634
3 1040 467 773
3 467 48 1038
3 964 48 467
3 964 48 1038
3 467 1038 964
3 964 213 1099
3 1099 17 213
3 964 17 1099
3 982 964 1099
3 1099 48 982
3 1099 48 964
3 982 48 964
3 964 467 1099
3 1099 773 964
3 467 773 1099
3 982 925 1099
3 213 1099 925
3 213 982 925
3 982 213 1099
3 925 780 1099
3 982 780 1099
3 213 1099 780
3 1099 273 982
3 964 273 982
3 964 273 1099
3 273 1099 780
3 389 1045 1099
3 1099 1045 780
3 389 780 1099
3 213 1099 1045
3 389 213 1099
3 1099 389 120
3 964 120 1099
3 964 389 1099
3 964 389 120
3 213 120 1099
3 695 601 236
3 695 271 236
3 271 236 601
3 404 98 1097
3 404 236 98
3 404 236 1097
3 98 1097 236
3 926 236 695
3 236 37 695
3 236 37 926
3 708 236 98
3 236 98 695
3 98 708 695
3 236 695 708
3 236 98 899
3 899 98 708
3 899 236 708
3 695 404 926
3 236 695 404
3 236 926 404
3 378 236 695
3 236 229 378
3 695 229 378
3 236 229 695
3 236 601 378
3 378 229 601
3 601 229 236
3 781 404 243
3 781 274 243
3 274 243 404
3 1046 243 781
3 679 243 781
3 679 243 1046
3 243 87 900
3 441 243 900
3 243 87 441
3 781 87 243
3 1046 87 243
3 243 148 900
3 243 148 781
3 243 900 781
3 900 148 781
3 243 148 87
3 404 243 1097
3 1097 900 243
3 1097 900 404
3 243 900 404
3 243 98 1097
3 243 98 404
3 900 98 243
3 860 243 900
3 243 781 860
3 860 781 900
3 243 98 860
3 926 243 781
3 695 243 926
3 695 243 781
3 781 695 926
3 926 404 243
3 695 404 243
3 243 236 404
3 243 236 695
3 243 236 98
3 243 98 695
3 896 386 1165
3 1154 386 896
3 1154 386 1165
3 1165 1154 896
3 386 118 896
3 896 118 1165
3 1154 118 896
3 386 118 1154
3 1165 378 896
3 1006 896 1165
3 1006 378 896
3 118 37 896
3 896 37 926
3 896 118 926
3 896 37 1165
3 896 1165 926
3 695 926 896
3 896 695 378
3 378 926 896
3 926 378 695
3 1165 695 896
3 1154 378 896
3 378 896 1088
3 1088 896 1154
3 378 1154 1088
3 1154 455 82
3 113 82 1154
3 82 113 455
3 1154 455 113
3 118 113 596
3 1185 113 596
3 118 113 1185
3 896 113 1154
3 378 113 896
3 378 113 1154
3 1179 113 82
3 1179 113 529
3 529 82 1179
3 113 82 529
3 1154 596 113
3 596 113 672
3 596 672 1154
3 113 1154 672
3 113 1154 118
3 113 896 118
3 386 113 596
3 386 113 1154
3 596 386 1154
3 386 113 118
3 418 193 1010
3 715 418 193
3 715 193 1010
3 1079 418 193
3 193 1079 1010
3 418 1010 1079
3 437 193 746
3 746 418 193
3 437 418 746
3 193 437 418
3 715 193 746
3 715 437 746
3 437 193 715
3 1079 437 193
3 1079 727 193
3 727 193 437
3 193 128 729
3 729 193 1079
3 193 128 1079
3 1079 128 729
3 729 437 193
3 437 128 729
3 437 128 193
3 1130 193 1079
3 1079 474 1130
3 193 1079 474
3 193 1130 474
3 197 658 611
3 197 817 658
3 658 611 817
3 515 271 658
3 658 515 303
3 303 271 658
3 611 841 658
3 841 658 197
3 658 197 941
3 197 658 499
3 499 658 941
3 658 251 941
3 658 251 515
3 515 941 658
3 658 251 271
3 941 658 271
3 1006 658 271
3 658 197 1006
3 271 197 1006
3 271 197 658
3 941 658 1006
3 729 515 485
3 485 303 729
3 485 303 515
3 732 485 794
3 732 485 147
3 485 147 794
3 485 251 515
3 794 251 485
3 794 251 515
3 485 515 794
3 251 89 485
3 251 89 515
3 485 89 515
3 794 89 485
3 485 256 794
3 485 794 729
3 729 256 794
3 729 256 485
3 485 89 256
3 485 729 732
3 485 128 729
3 732 128 485
3 1045 485 729
3 794 485 1045
3 729 794 1045
3 1045 485 732
3 1130 485 1079
3 1079 485 729
3 1130 485 729
3 1130 729 1079
3 1079 515 485
3 1130 515 485
3 1130 515 1079
3 427 361 903
3 903 279 427
3 903 279 361
3 878 427 903
3 878 361 903
3 427 135 903
3 903 842 135
3 135 427 842
3 903 842 427
3 903 45 427
3 878 45 903
3 903 738 151
3 903 738 842
3 903 151 842
3 360 708 423
3 912 423 708
3 360 912 423
3 912 360 708
3 708 414 912
3 912 98 708
3 414 98 708
3 414 98 912
3 133 128 732
3 133 128 1133
3 1133 732 133
3 732 128 1133
3 133 128 389
3 389 133 732
3 1133 389 128
3 133 1133 389
3 1045 133 732
3 389 133 1045
3 1133 391 133
3 391 30 1133
3 133 30 391
3 133 30 1133
3 391 133 647
3 768 133 647
3 391 133 768
3 133 732 647
3 732 391 133
3 391 732 647
3 768 732 133
3 147 133 732
3 133 1133 147
3 1133 147 732
3 768 133 147
3 391 133 1032
3 1032 133 768
3 1032 133 784
3 784 391 1032
3 784 391 133
3 768 133 784
3 288 1133 389
3 1133 128 288
3 128 389 288
3 288 133 1133
3 288 1133 505
3 505 133 1133
3 505 133 288
3 133 288 389
3 288 120 990
3 288 120 389
3 389 288 990
3 1048 288 505
3 990 288 1048
3 990 505 1048
3 990 288 505
3 288 58 505
3 1186 505 58
3 58 1186 288
3 1186 288 505
3 288 505 676
3 676 58 288
3 871 288 505
3 871 288 1133
3 505 1133 871
3 871 288 676
3 676 288 1133
3 1133 871 676
3 647 281 919
3 391 281 919
3 391 281 647
3 919 751 281
3 281 204 919
3 281 204 751
3 281 919 992
3 281 647 992
3 281 22 919
3 281 22 608
3 919 608 281
3 608 22 919
3 281 22 992
3 608 281 992
3 608 22 992
3 426 281 608
3 919 426 608
3 281 919 426
3 608 44 281
3 281 44 426
3 751 281 877
3 877 608 281
3 751 608 877
3 281 751 608
3 281 44 877
3 281 44 751
3 770 281 919
3 930 281 770
3 770 919 930
3 930 281 919
3 770 751 281
3 930 751 281
3 320 281 751
3 320 281 930
3 44 320 281
3 281 44 930
3 727 462 584
3 584 437 727
3 462 437 584
3 727 365 584
3 584 500 727
3 365 500 584
3 584 365 885
3 462 885 584
3 462 365 885
3 462 365 584
3 885 727 584
3 326 1008 594
3 818 326 1008
3 326 818 594
3 878 326 980
3 980 326 45
3 326 45 878
3 326 594 980
3 628 326 594
3 326 628 980
3 361 326 878
3 361 326 594
3 326 878 594
3 878 361 594
3 361 326 980
3 628 594 652
3 652 326 628
3 652 326 594
3 406 326 878
3 594 406 878
3 326 594 406
3 406 878 414
3 326 878 414
3 414 326 406
3 1080 326 594
3 928 326 1080
3 928 594 1080
3 928 326 594
3 1080 1008 326
3 326 1008 928
3 1008 928 1080
3 829 818 1008
3 1008 786 829
3 1008 786 818
3 818 786 829
3 786 462 885
3 462 829 786
3 462 885 829
3 829 786 885
3 912 829 414
3 829 462 912
3 462 414 829
3 912 462 414
3 829 414 878
3 829 406 878
3 829 406 414
3 462 829 584
3 829 462 1008
3 1008 584 829
3 462 584 1008
3 326 878 829
3 829 326 1008
3 326 1008 878
3 878 829 1008
3 414 326 829
3 829 414 1008
3 414 326 1008
3 1056 533 134
3 266 134 1056
3 1056 533 266
3 134 266 533
3 1031 266 179
3 179 966 266
3 966 266 1031
3 1192 266 134
3 266 179 1192
3 1192 179 134
3 179 134 266
3 293 266 1192
3 293 266 134
3 266 179 293
3 917 266 179
3 266 179 1056
3 266 1056 917
3 179 917 1056
3 293 266 917
3 266 3 179
3 266 3 1056
3 179 3 1056
3 266 3 1031
3 266 1056 1031
3 1056 1031 3
3 1135 266 134
3 1135 266 293
3 1135 266 655
3 266 134 655
3 655 134 1135
3 293 266 655
3 1126 1031 3
3 1031 672 1126
3 672 3 1031
3 1126 672 3
3 1179 113 1126
3 1179 82 1126
3 1126 113 82
3 1126 596 672
3 1126 596 113
3 1126 113 672
3 1126 529 1179
3 1179 3 1126
3 529 3 1179
3 529 3 1126
3 1126 113 529
3 1126 325 3
3 3 1126 1178
3 325 1178 1126
3 587 3 1126
3 587 325 1126
3 3 1126 987
3 1126 987 1179
3 3 1179 987
3 1126 987 587
3 1126 587 1179
3 1179 987 587
3 1195 1038 467
3 267 1195 1038
3 467 267 1195
3 467 267 1038
3 1195 655 267
3 655 578 1195
3 578 267 1195
3 267 655 578
3 262 150 1193
3 150 308 262
3 308 262 1193
3 150 1193 308
3 455 150 262
3 455 150 1193
3 455 308 150
3 150 82 1193
3 150 82 455
3 308 150 882
3 455 150 882
3 1195 150 578
3 308 150 1195
3 308 150 578
3 1195 308 578
3 166 8 946
3 639 8 946
3 639 8 166
3 438 8 1100
3 76 8 438
3 76 8 1100
3 8 1100 946
3 8 438 946
3 821 8 1100
3 166 8 821
3 1100 166 8
3 821 166 1100
3 821 8 946
3 1141 8 1100
3 1197 8 1141
3 1197 1100 1141
3 1197 8 1100
3 618 8 1197
3 618 8 269
3 269 8 1197
3 166 8 665
3 166 665 1100
3 8 1100 665
3 269 166 8
3 269 166 665
3 269 8 665
3 648 180 681
3 1088 681 180
3 1088 648 681
3 180 1088 648
3 681 41 648
3 681 41 180
3 180 41 648
3 1088 229 180
3 1088 378 229
3 378 180 229
3 1088 378 180
3 507 180 681
3 258 180 681
3 258 180 507
3 180 65 1088
3 180 65 681
3 681 65 1088
3 180 65 507
3 180 1088 507
3 1088 507 65
3 556 356 663
3 640 556 663
3 356 663 640
3 556 1 663
3 556 663 1102
3 1 1102 663
3 556 718 663
3 663 356 718
3 13 529 82
3 529 13 1179
3 82 13 1179
3 82 13 1154
3 455 13 82
3 455 13 1154
3 113 13 1154
3 13 529 113
3 529 113 1154
3 1154 529 13
3 82 13 113
3 812 511 69
3 812 431 511
3 69 812 431
3 812 570 656
3 461 812 570
3 812 461 656
3 570 69 812
3 570 511 812
3 1122 812 656
3 69 812 1122
3 656 69 812
3 69 656 1122
3 570 1122 812
3 812 310 656
3 310 69 656
3 310 69 812
3 812 656 883
3 310 812 883
3 656 458 812
3 812 458 1000
3 656 458 1000
3 1000 656 812
3 458 883 812
3 1000 883 458
3 883 812 1000
3 812 509 69
3 509 294 812
3 294 69 509
3 812 294 69
3 1000 509 812
3 1000 69 812
3 1000 509 69
3 509 294 1000
3 1000 294 812
3 868 34 969
3 868 969 1022
3 1022 34 969
3 969 891 1152
3 969 42 1152
3 42 969 891
3 969 407 34
3 34 969 1029
3 407 1029 969
3 891 34 969
3 891 407 969
3 34 969 577
3 969 577 1152
3 1152 34 969
3 34 1152 577
3 891 577 969
3 969 602 868
3 1152 602 969
3 1152 602 868
3 1152 868 969
3 602 237 969
3 969 237 868
3 1152 237 969
3 969 230 1152
3 230 34 1152
3 230 34 969
3 230 969 237
3 969 99 868
3 237 99 969
3 969 99 283
3 868 283 969
3 969 237 283
3 913 283 969
3 969 913 34
3 283 34 913
3 969 283 34
3 913 868 969
3 1173 103 49
3 103 49 1091
3 49 1173 1091
3 103 1091 1173
3 103 49 241
3 241 103 1173
3 1091 634 103
3 1091 773 103
3 773 103 634
3 103 49 1040
3 634 103 1040
3 634 49 1040
3 634 49 103
3 241 103 1040
3 634 241 1040
3 241 103 634
3 1197 103 49
3 618 103 1197
3 618 103 49
3 990 103 1091
3 1048 103 990
3 990 1091 1048
3 1048 103 1091
3 990 634 103
3 1048 634 990
3 1048 634 103
3 758 103 1091
3 758 103 49
3 758 49 1091
3 758 103 1197
3 103 1091 1197
3 1184 103 1091
3 103 1184 1197
3 103 17 1091
3 103 17 1184
3 835 806 285
3 285 241 806
3 835 241 806
3 835 241 285
3 857 285 835
3 857 806 835
3 857 835 421
3 852 835 857
3 421 835 852
3 835 215 421
3 835 215 285
3 421 285 835
3 421 215 285
3 835 215 857
3 421 350 835
3 835 350 442
3 421 350 442
3 442 421 835
3 835 492 350
3 492 421 835
3 350 492 421
3 442 835 492
3 492 1110 835
3 131 1110 835
3 131 492 835
3 1110 835 442
3 442 131 835
3 307 131 835
3 835 307 285
3 285 131 307
3 285 131 835
3 442 307 835
3 442 285 835
3 442 307 285
3 839 828 629
3 839 759 828
3 629 839 759
3 846 629 839
3 846 828 839
3 846 839 531
3 846 839 425
3 839 425 531
3 629 108 839
3 629 526 839
3 839 526 108
3 839 116 629
3 839 116 531
3 629 531 839
3 531 116 629
3 839 116 846
3 1128 839 108
3 839 531 1128
3 1128 531 108
3 531 108 839
3 839 576 1128
3 108 839 576
3 576 531 839
3 531 839 827
3 531 827 629
3 827 629 839
3 839 576 827
3 108 839 650
3 839 650 576
3 609 650 839
3 609 108 839
3 839 576 609
3 839 609 333
3 629 333 839
3 629 609 839
3 609 629 333
3 333 108 839
3 759 234 830
3 645 234 830
3 759 234 645
3 234 913 626
3 424 234 913
3 424 234 626
3 34 407 234
3 234 34 913
3 34 913 407
3 407 234 913
3 830 34 234
3 234 830 407
3 913 830 234
3 1029 234 407
3 830 234 1029
3 1029 234 759
3 759 234 407
3 913 463 234
3 463 234 830
3 283 234 913
3 234 99 913
3 234 99 283
3 234 283 626
3 482 894 853
3 853 370 894
3 853 370 482
3 482 315 853
3 894 315 853
3 853 315 590
3 853 315 1037
3 590 853 1037
3 482 275 853
3 902 482 853
3 275 853 902
3 853 341 590
3 853 341 482
3 590 482 853
3 590 341 482
3 853 341 315
3 590 550 853
3 275 853 550
3 275 590 550
3 590 275 853
3 853 707 550
3 707 590 853
3 275 853 707
3 590 853 671
3 671 482 590
3 671 482 853
3 671 853 707
3 853 169 12
3 482 12 853
3 12 482 169
3 482 169 853
3 275 12 853
3 275 169 853
3 169 1183 853
3 1183 853 275
3 707 1183 853
3 169 707 853
3 626 424 1042
3 1042 1028 424
3 424 1028 626
3 1042 1028 626
3 774 626 1042
3 1042 694 774
3 694 626 774
3 694 626 1042
3 1042 340 774
3 1042 340 866
3 774 1042 866
3 1042 409 774
3 1042 409 626
3 774 409 626
3 1042 409 340
3 626 340 1042
3 626 91 1042
3 340 91 1042
3 626 1042 983
3 91 983 1042
3 730 350 442
3 718 442 730
3 718 350 442
3 718 350 730
3 730 442 889
3 350 730 889
3 567 442 730
3 730 567 585
3 567 442 585
3 585 442 730
3 567 889 730
3 889 730 585
3 718 585 730
3 585 730 804
3 804 718 730
3 1102 730 889
3 1 1102 730
3 1 889 730
3 1102 730 585
3 585 1 730
3 556 1 730
3 718 556 730
3 718 1 730
3 718 1 556
3 585 556 730
3 730 285 442
3 442 835 730
3 730 285 835
3 730 307 442
3 730 307 718
3 442 307 718
3 730 307 285
3 307 285 718
3 718 285 730
3 356 663 367
3 663 503 367
3 503 356 367
3 356 663 503
3 503 715 1048
3 505 1048 715
3 505 503 715
3 505 503 1048
3 503 367 715
3 746 503 715
3 503 367 746
3 503 1010 715
3 367 503 1010
3 184 684 644
3 184 644 1019
3 1019 644 684
3 184 68 644
3 684 68 644
3 546 184 644
3 857 184 644
3 546 857 644
3 644 68 1148
3 644 68 582
3 644 582 1148
3 184 644 508
3 644 508 1148
3 1148 184 644
3 184 1148 508
3 644 508 68
3 644 1148 691
3 691 644 546
3 1148 546 644
3 546 1148 691
3 1157 644 691
3 1157 1148 644
3 691 1157 1148
3 1157 644 546
3 644 231 184
3 644 383 231
3 383 184 231
3 644 383 184
3 546 231 644
3 546 383 644
3 826 644 546
3 383 826 644
3 826 644 1157
3 383 1157 644
3 460 309 887
3 846 309 887
3 460 887 846
3 582 309 887
3 309 887 882
3 582 887 882
3 309 582 882
3 460 887 819
3 819 582 887
3 819 582 460
3 582 460 887
3 819 760 887
3 460 887 760
3 760 582 887
3 887 68 582
3 309 68 582
3 309 68 887
3 68 887 760
3 460 887 664
3 760 664 887
3 311 664 887
3 460 311 887
3 311 760 887
3 887 311 27
3 309 27 887
3 887 311 309
3 27 309 311
3 460 27 887
3 766 455 872
3 882 455 872
3 766 872 882
3 455 13 872
3 455 82 872
3 82 13 872
3 1088 872 1154
3 455 872 1154
3 1088 455 872
3 455 1088 1154
3 13 1154 872
3 872 13 1088
3 13 1154 1088
3 872 180 1088
3 455 180 1088
3 455 180 872
3 1088 507 872
3 180 872 507
3 1088 65 872
3 872 65 766
3 1088 65 766
3 1088 766 872
3 872 507 65
3 872 507 766
3 507 289 872
3 872 289 763
3 872 507 763
3 872 289 766
3 766 763 872
3 872 763 262
3 455 262 872
3 262 455 763
3 872 763 455
3 766 262 872
3 990 606 1048
3 606 1048 634
3 606 990 634
3 1048 120 990
3 606 120 990
3 606 120 1048
3 634 606 241
3 634 606 1040
3 241 606 1040
3 606 103 1048
3 606 103 241
3 606 241 1048
3 241 103 1048
3 606 103 634
3 806 606 241
3 241 806 1048
3 606 1048 806
3 488 241 806
3 488 241 606
3 606 488 806
3 488 1186 606
3 58 1186 606
3 58 488 606
3 505 58 606
3 606 505 1048
3 1048 58 505
3 606 58 1048
3 773 85 923
3 634 85 923
3 923 634 773
3 1195 85 923
3 923 308 1195
3 85 923 308
3 85 1195 308
3 773 114 923
3 923 114 85
3 923 467 773
3 1195 467 923
3 1195 773 923
3 1195 467 773
3 467 1038 923
3 467 1038 773
3 1038 923 773
3 923 1195 1038
3 923 267 1195
3 267 85 1195
3 267 85 923
3 267 923 1038
3 644 457 1148
3 457 184 1148
3 457 184 644
3 1148 882 457
3 1148 766 457
3 766 457 882
3 457 1148 1157
3 457 644 1157
3 1157 457 85
3 1157 457 114
3 85 114 457
3 887 882 457
3 457 309 882
3 457 309 887
3 457 85 1148
3 923 457 85
3 85 923 1148
3 457 1148 923
3 457 308 882
3 308 85 457
3 308 85 882
3 882 85 457
3 691 457 1148
3 691 457 85
3 691 85 1148
3 691 457 1157
3 582 457 1148
3 887 457 582
3 582 1148 887
3 887 457 1148
3 457 882 582
3 714 242 549
3 714 549 836
3 836 242 549
3 836 242 714
3 714 549 998
3 242 714 998
3 714 533 836
3 714 134 533
3 714 134 836
3 549 489 714
3 714 489 533
3 549 489 533
3 549 533 714
3 489 998 714
3 998 714 533
3 714 2 549
3 549 706 714
3 714 2 706
3 714 532 443
3 714 443 836
3 443 836 532
3 714 532 836
3 533 443 714
3 533 532 714
3 532 864 714
3 864 714 533
3 864 714 998
3 532 998 714
3 714 422 836
3 714 344 836
3 714 344 422
3 836 2 714
3 422 2 714
3 858 714 549
3 858 714 836
3 858 549 836
3 2 858 714
3 535 533 134
3 535 533 1056
3 535 134 1056
3 489 533 535
3 535 134 489
3 1056 489 535
3 535 489 1193
3 150 1193 535
3 535 489 150
3 489 150 1193
3 1193 1056 535
3 1056 150 535
3 150 1193 1056
3 655 266 535
3 535 266 1056
3 655 266 1056
3 535 1056 655
3 266 134 535
3 655 134 535
3 655 535 1135
3 535 134 1135
3 655 150 535
3 1135 150 535
3 1135 150 655
3 655 535 1195
3 1195 535 267
3 535 267 655
3 578 535 655
3 578 535 1195
3 150 535 578
3 150 655 578
3 1195 150 535
3 535 308 150
3 1195 308 535
3 308 882 535
3 150 535 882
3 1111 764 5
3 720 5 764
3 1111 720 764
3 5 1111 720
3 495 5 1111
3 495 1111 740
3 740 5 1111
3 53 5 1111
3 764 53 1111
3 1111 53 938
3 1111 793 938
3 1111 53 793
3 5 1111 902
3 1111 902 938
3 938 5 1111
3 5 938 902
3 1111 902 53
3 1111 534 938
3 534 5 938
3 534 5 1111
3 1111 938 1167
3 534 1111 1167
3 938 536 1111
3 495 1111 536
3 495 938 536
3 938 495 1111
3 536 1167 1111
3 1167 1111 495
3 1111 1015 1167
3 61 1015 1111
3 61 1167 1111
3 495 1111 1015
3 495 61 1111
3 456 61 1111
3 1111 456 5
3 61 5 456
3 1111 61 5
3 495 456 1111
3 767 509 294
3 1000 294 767
3 1000 509 767
3 883 767 1000
3 1000 767 458
3 767 458 883
3 509 880 767
3 294 767 880
3 812 767 883
3 294 767 812
3 883 294 767
3 294 883 812
3 812 767 1000
3 1166 294 767
3 810 767 1166
3 810 294 767
3 883 456 767
3 767 456 1166
3 883 456 1166
3 767 1166 883
3 456 5 767
3 883 5 767
3 767 5 1166
3 767 740 883
3 740 294 883
3 740 294 767
3 767 5 740
3 767 764 5
3 720 764 767
3 767 5 720
3 767 764 1166
3 1166 720 767
3 767 720 953
3 294 953 767
3 720 294 953
3 767 720 294
3 767 1166 953
3 1014 106 978
3 978 871 1014
3 871 106 978
3 978 909 1095
3 978 207 1095
3 207 978 909
3 978 174 106
3 106 978 1176
3 174 1176 978
3 978 324 1095
3 1095 106 978
3 324 106 1095
3 324 106 978
3 1095 519 978
3 324 978 519
3 978 30 1014
3 1095 30 978
3 1095 30 1014
3 978 1014 1095
3 978 519 30
3 978 519 1014
3 909 106 978
3 909 174 978
3 106 978 1145
3 1095 978 1145
3 106 1095 1145
3 909 1145 978
3 978 968 1064
3 106 1064 978
3 968 106 1064
3 978 968 106
3 1064 1014 978
3 1014 968 978
3 978 375 968
3 519 375 978
3 978 519 968
3 978 375 1014
3 652 318 832
3 832 652 530
3 530 318 832
3 318 832 628
3 832 628 594
3 318 832 594
3 832 628 652
3 832 594 652
3 1080 832 318
3 832 594 1080
3 786 6 885
3 6 786 581
3 6 581 885
3 885 581 786
3 6 786 394
3 394 6 885
3 1032 786 6
3 784 6 1032
3 1032 786 784
3 6 784 786
3 394 6 1032
3 394 6 784
3 1147 6 581
3 702 6 1147
3 702 6 581
3 702 581 1147
3 1147 784 6
3 6 784 581
3 581 1147 784
3 6 784 702
3 543 6 394
3 543 6 702
3 394 6 702
3 543 6 784
3 1065 6 581
3 554 6 581
3 554 6 1065
3 786 6 818
3 818 6 581
3 581 786 818
3 784 64 1032
3 64 784 676
3 1032 676 784
3 64 676 1032
3 64 784 391
3 391 64 1032
3 64 1133 676
3 676 288 64
3 288 64 1133
3 133 64 1133
3 64 784 133
3 784 133 1133
3 64 1133 784
3 391 64 133
3 391 64 1133
3 1014 64 871
3 871 64 676
3 1014 676 871
3 1014 64 676
3 64 1133 871
3 64 1133 1014
3 64 30 1014
3 64 30 391
3 391 64 1014
3 64 30 1133
3 581 64 784
3 581 64 6
3 64 6 784
3 1035 64 676
3 995 64 676
3 995 64 1035
3 1147 64 676
3 784 64 1147
3 676 784 1147
3 1147 64 581
3 64 676 581
3 64 1035 581
3 300 957 813
3 813 497 300
3 497 300 957
3 888 300 813
3 744 300 813
3 744 300 888
3 346 300 1190
3 300 75 346
3 1190 300 75
3 300 813 1190
3 300 888 1190
3 843 346 300
3 843 300 957
3 843 346 957
3 300 957 346
3 300 110 843
3 346 110 300
3 300 110 957
3 346 300 884
3 813 346 300
3 346 884 813
3 300 813 884
3 300 110 884
3 346 300 1004
3 1004 300 813
3 1004 346 813
3 1004 300 1190
3 300 186 110
3 300 186 1162
3 300 110 1162
3 300 186 957
3 1162 957 300
3 1162 300 1194
3 1194 300 813
3 1162 813 1194
3 1162 300 813
3 1194 957 300
3 1074 360 423
3 636 423 1074
3 636 360 1074
3 636 360 423
3 423 290 1074
3 1074 290 360
3 1074 189 253
3 423 189 1074
3 423 189 253
3 423 253 1074
3 1074 290 189
3 253 1074 290
3 636 253 1074
3 1124 636 1074
3 253 1074 1124
3 253 1074 951
3 1074 951 290
3 56 951 1074
3 253 56 1074
3 56 290 1074
3 164 56 1074
3 636 164 1074
3 636 56 164
3 636 56 1074
3 253 164 1074
3 636 573 1074
3 1074 471 636
3 1074 471 573
3 932 636 573
3 932 636 1074
3 932 573 1074
3 239 89 1130
3 1076 239 89
3 89 1076 1130
3 239 1130 1076
3 239 48 529
3 239 48 1038
3 1038 529 239
3 48 1038 529
3 529 239 1179
3 239 89 1179
3 529 89 1179
3 529 89 239
3 1130 529 239
3 529 13 1130
3 239 13 529
3 239 13 1130
3 515 239 89
3 89 251 239
3 251 239 515
3 485 239 89
3 485 239 1130
3 485 89 1130
3 485 239 515
3 239 1130 515
3 1079 239 1130
3 239 1079 515
3 239 193 1079
3 239 193 1130
3 1157 210 114
3 418 114 1157
3 210 114 418
3 418 210 1157
3 1079 474 210
3 1079 210 1130
3 1130 474 210
3 210 193 418
3 210 193 474
3 418 193 474
3 418 210 474
3 210 193 1079
3 418 210 1079
3 923 210 114
3 773 210 923
3 773 210 114
3 923 210 85
3 210 85 114
3 1062 378 229
3 378 229 896
3 378 896 1062
3 229 1062 896
3 899 771 1062
3 41 1062 771
3 41 899 771
3 899 41 1062
3 771 195 1062
3 771 195 899
3 899 195 1062
3 41 1062 195
3 601 229 1062
3 601 378 1062
3 1062 648 195
3 1062 648 681
3 648 195 681
3 1062 195 681
3 41 1062 648
3 681 41 1062
3 229 180 1062
3 1062 681 180
3 180 229 681
3 1062 681 229
3 180 41 1062
3 229 41 1062
3 180 41 229
3 1062 236 899
3 229 1062 236
3 899 229 1062
3 229 899 236
3 601 236 1062
3 1062 601 899
3 601 236 899
3 288 128 790
3 1133 128 790
3 288 790 1133
3 790 729 128
3 128 790 485
3 790 485 729
3 790 437 715
3 790 437 746
3 715 746 790
3 437 128 790
3 729 437 790
3 128 790 193
3 790 193 715
3 715 128 790
3 128 715 193
3 437 193 790
3 790 503 715
3 503 128 715
3 503 128 790
3 790 715 1048
3 503 790 1048
3 505 1048 790
3 715 505 790
3 288 790 505
3 1048 790 288
3 715 288 790
3 288 715 505
3 990 790 1048
3 120 990 790
3 120 1048 790
3 990 790 288
3 288 120 790
3 790 389 128
3 389 120 790
3 128 120 790
3 128 120 389
3 389 288 790
3 427 335 903
3 903 195 335
3 427 195 903
3 427 195 335
3 903 45 335
3 335 45 427
3 406 335 878
3 335 903 878
3 406 903 878
3 335 406 903
3 335 45 878
3 335 45 406
3 335 321 696
3 335 321 45
3 335 45 696
3 335 321 406
3 696 406 335
3 696 335 771
3 195 771 335
3 696 195 771
3 195 696 335
3 771 406 335
3 406 195 335
3 195 771 406
3 195 648 335
3 195 335 681
3 681 335 648
3 736 195 335
3 335 648 736
3 335 151 195
3 335 151 903
3 903 151 195
3 335 151 736
3 736 335 903
3 736 151 903
3 414 102 912
3 928 414 102
3 414 912 928
3 102 928 912
3 423 414 912
3 423 414 102
3 423 102 912
3 102 932 928
3 342 102 932
3 928 342 102
3 414 102 1008
3 829 102 414
3 829 102 1008
3 636 102 573
3 573 102 928
3 573 928 636
3 636 102 928
3 102 932 573
3 102 932 636
3 932 102 1074
3 1074 102 423
3 423 1074 932
3 423 102 932
3 1074 102 636
3 423 102 636
3 1080 102 928
3 318 102 928
3 318 102 1080
3 326 102 414
3 326 102 928
3 414 326 928
3 326 102 1008
3 102 928 1008
3 102 1080 1008
3 992 608 129
3 281 129 608
3 992 281 129
3 605 129 947
3 859 129 947
3 605 129 859
3 129 63 947
3 992 947 129
3 992 63 947
3 992 63 129
3 129 947 537
3 63 129 537
3 129 947 426
3 426 129 608
3 947 426 608
3 129 608 947
3 537 129 426
3 537 129 608
3 256 129 992
3 256 129 947
3 947 256 992
3 256 129 605
3 129 992 605
3 147 129 992
3 129 147 605
3 732 129 992
3 732 129 147
3 841 129 537
3 841 129 994
3 537 129 994
3 608 129 841
3 994 608 129
3 22 994 129
3 129 22 992
3 994 129 992
3 22 992 994
3 608 22 129
3 727 500 959
3 303 959 727
3 727 500 303
3 500 303 959
3 727 584 959
3 584 500 959
3 584 303 727
3 303 959 584
3 658 303 959
3 303 959 515
3 658 515 959
3 959 365 500
3 658 500 959
3 658 365 500
3 658 365 959
3 365 959 584
3 500 959 841
3 500 994 959
3 959 841 994
3 959 601 271
3 658 271 959
3 271 658 601
3 658 601 959
3 303 271 959
3 271 601 303
3 601 303 959
3 500 959 611
3 959 611 658
3 611 500 658
3 841 611 959
3 841 658 959
3 658 197 959
3 841 197 959
3 959 499 658
3 197 499 959
3 1087 266 1056
3 1056 82 1087
3 266 82 1056
3 266 82 1087
3 1056 1031 1087
3 266 1087 1031
3 1056 3 1087
3 1087 3 1126
3 1056 3 1126
3 1126 1056 1087
3 1087 1031 3
3 1087 1031 1126
3 1126 82 1087
3 1179 82 1087
3 1179 1087 1126
3 1031 672 1087
3 596 672 1087
3 596 1031 1087
3 1087 672 1126
3 1126 596 1087
3 1087 113 82
3 1087 596 113
3 596 82 113
3 1087 596 82
3 1126 113 1087
3 1087 150 1056
3 1087 150 535
3 1087 535 1056
3 82 1087 1193
3 1193 1087 1056
3 82 1056 1193
3 150 1193 1087
3 150 82 1087
3 1087 455 82
3 455 150 1087
3 455 872 1087
3 82 1087 872
3 850 381 587
3 754 381 587
3 754 381 850
3 381 1179 587
3 381 1126 587
3 1126 381 1179
3 381 587 920
3 381 850 920
3 982 381 587
3 982 381 48
3 381 48 587
3 982 48 587
3 982 381 920
3 920 381 48
3 982 48 920
3 529 381 1179
3 381 48 529
3 529 48 1179
3 1179 48 381
3 381 239 529
3 381 239 1179
3 239 48 381
3 1038 381 48
3 48 1038 587
3 381 587 1038
3 381 239 1038
3 1076 381 987
3 987 381 587
3 1076 587 987
3 1076 381 587
3 381 1179 987
3 381 1179 1076
3 381 89 1076
3 381 89 1179
3 239 89 381
3 381 239 1076
3 578 308 24
3 150 24 308
3 578 150 24
3 309 24 1103
3 27 24 309
3 27 24 1103
3 1021 24 578
3 309 24 1021
3 578 309 24
3 1021 309 578
3 1021 24 1103
3 24 578 1103
3 1103 578 1021
3 308 24 882
3 882 309 24
3 882 309 308
3 24 308 309
3 457 24 882
3 308 24 457
3 457 309 24
3 309 24 887
3 309 887 578
3 24 578 887
3 457 24 887
3 1195 24 578
3 923 24 1195
3 923 24 578
3 923 578 1195
3 1195 308 24
3 923 308 24
3 85 24 308
3 85 24 923
3 85 24 457
3 457 24 923
3 659 267 578
3 578 1195 659
3 659 267 1195
3 578 659 655
3 659 655 267
3 269 166 659
3 659 166 8
3 269 8 659
3 659 578 1103
3 659 24 578
3 24 659 1103
3 659 578 1021
3 1021 659 269
3 1021 578 269
3 578 269 659
3 1103 659 1021
3 1103 659 269
3 665 659 1103
3 166 665 659
3 166 1103 659
3 665 659 269
3 942 367 663
3 942 356 663
3 356 942 367
3 942 503 663
3 942 503 367
3 818 6 942
3 786 6 942
3 818 786 942
3 942 581 1065
3 942 581 818
3 818 581 1065
3 1065 942 818
3 6 581 942
3 6 1065 942
3 556 663 1065
3 942 663 1065
3 942 556 663
3 556 942 1065
3 670 185 1051
3 858 185 1051
3 670 1051 858
3 1051 612 185
3 185 1051 797
3 612 797 1051
3 1051 69 1000
3 1051 812 1000
3 1051 69 812
3 185 69 1051
3 612 69 1051
3 670 1051 692
3 1000 692 1051
3 670 1000 692
3 1000 670 1051
3 1051 1036 692
3 670 1051 1036
3 1036 1000 1051
3 1051 458 1000
3 1000 185 1051
3 458 185 1000
3 458 185 1051
3 458 1051 1036
3 1051 509 1000
3 185 1051 509
3 185 1000 509
3 1051 509 69
3 1036 910 1051
3 670 1051 910
3 10 910 1051
3 10 1036 1051
3 670 10 1051
3 232 10 1051
3 1051 232 185
3 185 10 232
3 185 10 1051
3 670 232 1051
3 234 211 913
3 234 145 211
3 913 145 234
3 913 145 211
3 424 234 211
3 424 211 913
3 1042 145 211
3 774 145 1042
3 774 211 1042
3 774 145 211
3 626 234 211
3 626 211 1042
3 626 234 1042
3 211 1042 234
3 424 211 626
3 424 211 1042
3 1028 211 424
3 1028 211 483
3 424 211 483
3 1028 211 1042
3 1042 483 1028
3 211 1042 483
3 234 211 645
3 830 211 234
3 645 211 830
3 145 1081 211
3 211 116 145
3 211 116 1081
3 645 145 211
3 211 1081 645
3 145 211 759
3 234 211 759
3 145 234 759
3 759 211 645
3 1028 574 483
3 483 421 574
3 1028 421 483
3 1028 421 574
3 574 483 1042
3 1042 574 1028
3 421 145 574
3 145 574 1081
3 1081 421 574
3 145 574 211
3 483 211 574
3 145 483 211
3 483 145 574
3 211 1042 574
3 1042 574 145
3 483 574 492
3 483 506 574
3 574 492 506
3 421 852 574
3 694 574 852
3 694 421 852
3 421 694 574
3 574 145 852
3 574 145 694
3 774 574 145
3 774 574 694
3 774 574 1042
3 1042 574 694
3 492 421 574
3 421 835 574
3 835 492 574
3 574 350 421
3 574 350 483
3 483 350 421
3 492 350 574
3 574 285 421
3 574 285 835
3 356 254 503
3 367 254 503
3 356 254 367
3 503 254 663
3 663 254 356
3 1186 606 254
3 1186 254 488
3 254 606 488
3 505 503 254
3 503 254 715
3 505 254 715
3 254 58 505
3 254 58 1186
3 505 254 1186
3 254 58 606
3 505 254 606
3 1048 503 254
3 606 254 1048
3 606 503 1048
3 503 606 254
3 505 254 1048
3 554 539 1065
3 539 832 554
3 832 554 1065
3 539 1065 832
3 539 1 554
3 539 1 1065
3 554 1 832
3 832 1 539
3 539 1065 818
3 581 539 1065
3 818 581 539
3 556 539 1065
3 1 556 539
3 556 539 663
3 539 1065 663
3 539 1 663
3 942 539 818
3 663 539 942
3 818 663 942
3 663 539 818
3 539 1065 942
3 832 539 1080
3 539 318 832
3 1080 539 318
3 1008 539 818
3 829 539 818
3 829 539 1008
3 539 818 1080
3 539 1008 1080
3 594 539 818
3 594 539 832
3 539 832 818
3 832 594 818
3 594 539 1080
3 832 530 1144
3 530 1144 652
3 832 652 1144
3 1144 1 1020
3 1020 1102 1144
3 1144 1 1102
3 1144 554 1020
3 1144 554 832
3 1020 832 1144
3 1020 554 832
3 1144 554 1
3 832 1 1144
3 832 539 1144
3 539 1 1144
3 1144 818 832
3 539 818 1144
3 1020 374 1144
3 1144 374 530
3 1020 374 530
3 1020 530 1144
3 374 1172 1144
3 1144 1020 1172
3 1172 1144 530
3 1144 331 1020
3 832 331 1020
3 832 331 1144
3 331 1144 1172
3 1144 924 1172
3 40 924 1144
3 40 1172 1144
3 530 1144 924
3 530 40 1144
3 318 40 1144
3 832 318 1144
3 832 40 318
3 832 40 1144
3 530 318 1144
3 625 342 932
3 693 625 932
3 342 693 625
3 625 423 932
3 625 1074 932
3 423 1074 625
3 625 932 633
3 633 342 625
3 633 625 469
3 469 960 625
3 633 625 960
3 469 625 542
3 625 542 932
3 625 469 932
3 542 469 932
3 625 542 633
3 1073 625 469
3 469 1073 932
3 625 932 1073
3 625 469 708
3 708 625 1073
3 469 360 625
3 625 360 423
3 469 360 423
3 469 423 625
3 360 708 625
3 708 625 423
3 414 912 625
3 912 625 708
3 414 708 625
3 912 625 423
3 423 414 625
3 625 414 102
3 625 102 932
3 414 932 102
3 625 414 932
3 423 102 625
3 1088 13 979
3 979 872 1088
3 872 13 979
3 13 979 1130
3 1130 979 474
3 474 13 979
3 13 474 1130
3 979 180 1088
3 474 180 979
3 474 180 1088
3 1088 474 979
3 979 229 180
3 979 229 1088
3 474 229 180
3 474 229 979
3 979 529 13
3 13 979 1179
3 529 1179 979
3 979 378 1088
3 979 378 229
3 979 378 896
3 1088 896 979
3 979 229 896
3 979 896 1154
3 13 1154 979
3 896 13 1154
3 979 896 13
3 1154 1088 979
3 1130 210 823
3 1079 823 1130
3 1079 210 823
3 823 773 1038
3 823 467 1038
3 467 823 773
3 1038 239 823
3 823 239 1130
3 1038 239 1130
3 1130 1038 823
3 823 529 239
3 1038 529 823
3 823 529 1130
3 823 48 1038
3 1038 210 823
3 210 48 1038
3 210 48 823
3 48 823 529
3 210 114 823
3 210 823 1157
3 114 1157 823
3 923 823 1038
3 210 823 923
3 210 1038 923
3 773 923 823
3 773 210 823
3 773 114 823
3 823 13 1130
3 529 13 823
3 823 13 979
3 823 1130 979
3 823 529 979
3 823 474 210
3 474 979 823
3 979 210 474
3 210 979 823
3 1130 474 823
3 899 601 1143
3 1062 601 1143
3 899 1143 1062
3 1143 303 584
3 1143 303 727
3 584 727 1143
3 1143 462 584
3 601 584 1143
3 601 462 584
3 601 462 1143
3 912 584 1143
3 462 584 912
3 462 1143 912
3 601 303 1143
3 601 271 1143
3 303 271 1143
3 601 1143 959
3 584 1143 959
3 959 584 601
3 1143 959 303
3 601 1143 1006
3 271 1006 1143
3 601 236 1143
3 236 98 1143
3 601 98 236
3 601 98 1143
3 899 236 1143
3 899 98 1143
3 1143 708 899
3 912 708 1143
3 899 708 912
3 899 1143 912
3 98 708 1143
3 98 912 1143
3 474 418 525
3 525 193 418
3 474 193 525
3 41 525 229
3 41 1062 525
3 525 229 1062
3 1010 525 418
3 525 41 1010
3 418 41 1010
3 418 41 525
3 826 525 1010
3 826 525 418
3 525 41 826
3 771 525 41
3 474 41 525
3 41 771 474
3 771 474 525
3 826 525 771
3 474 979 525
3 525 13 474
3 525 13 979
3 525 180 474
3 41 525 180
3 180 41 474
3 229 180 525
3 474 229 525
3 979 229 525
3 114 1157 525
3 1157 525 418
3 418 114 525
3 1157 525 826
3 114 826 525
3 210 114 525
3 474 210 525
3 474 114 210
3 474 114 525
3 418 210 525
3 598 912 899
3 899 708 598
3 708 598 912
3 598 195 406
3 598 195 335
3 598 335 406
3 878 598 406
3 598 406 899
3 406 878 899
3 598 899 878
3 598 406 829
3 829 598 878
3 414 406 598
3 598 414 912
3 414 406 912
3 912 406 598
3 414 829 598
3 829 598 912
3 771 598 899
3 771 598 406
3 771 406 899
3 195 771 598
3 899 195 598
3 1062 598 899
3 1062 195 598
3 598 229 899
3 598 229 1062
3 1143 598 899
3 598 584 1143
3 899 584 1143
3 598 584 899
3 1143 912 598
3 912 584 598
3 598 462 912
3 598 462 584
3 598 462 829
3 584 829 598
3 130 903 736
3 335 130 903
3 736 335 130
3 900 130 977
3 860 130 977
3 860 130 900
3 130 736 900
3 148 130 736
3 130 148 900
3 441 130 736
3 441 130 977
3 130 977 736
3 977 441 736
3 441 130 900
3 290 130 977
3 736 290 977
3 130 736 290
3 130 977 135
3 135 130 290
3 130 977 427
3 427 130 903
3 977 427 903
3 130 903 977
3 135 130 427
3 135 130 903
3 976 130 736
3 976 130 148
3 151 130 736
3 738 130 151
3 738 736 151
3 738 130 736
3 130 903 151
3 130 903 738
3 842 130 135
3 842 130 738
3 135 130 738
3 842 130 903
3 1138 32 920
3 136 32 920
3 136 32 1138
3 920 48 32
3 920 381 32
3 381 32 48
3 1135 920 1138
3 32 920 1135
3 32 1138 1135
3 655 267 1135
3 267 32 1135
3 655 32 267
3 655 32 1135
3 267 32 1195
3 920 267 32
3 32 920 1195
3 267 1195 920
3 467 267 32
3 467 32 1195
3 48 32 1038
3 1038 267 32
3 1038 267 48
3 32 48 267
3 467 32 1038
3 48 32 467
3 982 32 920
3 1099 32 982
3 1099 920 982
3 1099 32 920
3 982 48 32
3 1099 48 32
3 48 32 964
3 964 32 467
3 964 32 1099
3 467 32 1099
3 67 1135 363
3 363 293 67
3 293 67 1135
3 267 67 1135
3 655 67 1135
3 267 67 655
3 67 363 1100
3 1141 67 1100
3 1141 67 363
3 433 67 363
3 997 67 363
3 997 67 433
3 1138 67 363
3 920 67 1138
3 920 363 1138
3 920 67 363
3 1138 1135 67
3 67 1135 920
3 67 32 920
3 67 32 1135
3 67 32 267
3 267 67 920
3 67 433 1100
3 578 165 659
3 165 24 578
3 165 24 659
3 165 659 655
3 165 578 655
3 655 165 67
3 655 165 1135
3 67 1135 165
3 165 8 659
3 659 166 165
3 8 165 166
3 267 165 659
3 267 165 67
3 165 67 659
3 267 67 659
3 267 165 655
3 1100 165 8
3 165 67 1100
3 1100 67 8
3 67 8 165
3 1141 165 1100
3 1141 165 8
3 165 67 1141
3 363 165 67
3 67 363 659
3 165 659 363
3 1141 165 363
3 1197 165 1141
3 1197 165 618
3 1141 165 618
3 1197 165 8
3 165 8 618
3 618 165 269
3 269 165 659
3 269 659 618
3 618 165 659
3 165 8 269
3 663 304 942
3 556 304 942
3 556 304 663
3 942 786 304
3 304 6 942
3 304 6 786
3 304 942 503
3 304 663 503
3 503 304 746
3 715 304 746
3 503 304 715
3 786 304 885
3 885 746 304
3 786 746 885
3 304 786 746
3 462 304 885
3 462 304 786
3 304 746 462
3 437 304 746
3 942 746 304
3 942 437 746
3 304 942 437
3 462 304 437
3 367 304 746
3 367 304 942
3 746 367 942
3 367 304 503
3 829 304 462
3 786 304 829
3 829 304 1008
3 462 304 1008
3 1008 786 304
3 1008 304 818
3 818 304 942
3 818 942 1008
3 1008 304 942
3 818 786 304
3 559 503 254
3 663 254 559
3 663 503 559
3 663 559 718
3 663 559 556
3 559 556 718
3 503 715 559
3 254 559 715
3 488 254 559
3 488 559 1186
3 1186 254 559
3 559 356 718
3 254 559 356
3 718 254 559
3 254 718 356
3 559 356 663
3 559 307 488
3 718 307 559
3 718 307 488
3 718 488 559
3 307 285 559
3 559 285 488
3 718 285 559
3 718 559 730
3 730 254 718
3 730 254 559
3 559 285 730
3 806 559 488
3 285 806 559
3 241 806 559
3 488 241 559
3 241 285 559
3 559 241 606
3 254 606 559
3 254 241 606
3 254 241 559
3 559 488 606
4 597 965 610 179
4 35 233 1085 1067
4 620 795 1191 249
4 201 630 683 61
4 540 616 246 816
4 296 739 742 153
4 1004 1052 1155 673
4 235 384 984 1043
4 616 540 235 384
5 569 984 384 616 246
4 569 867 816 246
5 235 540 816 867 1043
4 1043 984 569 867
4 622 192 325 0
4 949 480 484 187
4 706 1106 965 597
5 484 260 334 376 480
5 327 344 1106 965 610
4 480 949 750 376
4 561 637 490 953
4 456 21 92 408
4 821 1146 943 444
4 561 637 70 514
4 498 783 782 493
5 332 583 1050 1159 413
4 277 388 728 255
4 163 347 349 717
5 168 1086 808 451 110
5 843 186 95 1169 874
4 62 109 306 57
4 1004 1052 1120 662
4 302 553 555 159
4 263 840 527 217
4 481 950 751 377
4 140 902 762 18
4 280 390 518 203
5 735 518 390 731 1013
5 144 132 935 479 93
4 284 735 518 203
4 89 119 439 941
4 179 610 327 134
4 475 876 1069 929
4 1101 435 622 192
4 206 409 914 1127
4 361 649 615 135
4 361 649 1127 914
5 685 409 914 361 135
4 339 685 409 206
4 685 339 615 135
5 206 1127 649 615 339
4 301 741 516 161
4 92 408 1174 478
4 366 661 1149 866
4 228 274 588 1039
4 1077 985 1039 588
4 441 973 985 1077
4 299 743 313 72
4 329 397 1167 918
5 29 1155 1052 1120 355
5 897 1140 666 240 14
4 1023 986 1156 688
4 713 1013 731 261
4 713 1013 735 284
4 280 390 731 261
5 280 203 284 713 261
4 734 260 484 187
4 1151 869 972 52
4 387 80 237 38
4 138 218 660 364
4 0 325 1031 449
4 117 385 844 461
4 359 646 1030 970
4 570 870 840 263
4 155 512 167 28
4 570 870 1180 248
4 217 527 354 619
5 840 527 354 1180 870
4 354 619 248 1180
5 263 570 248 619 217
4 233 35 86 268
4 478 1174 779 934
5 233 268 536 1015 1085
5 183 94 1168 1167 397
4 132 504 1012 935
4 93 314 1175 479
4 935 1012 1175 479
5 220 314 1175 1012 504
4 144 220 314 93
4 144 220 504 132
4 43 173 1063 757
4 1150 1053 1063 757
5 358 1121 1053 1063 173
4 112 358 1121 890
4 112 358 173 43
4 1150 1053 1121 890
5 890 112 43 757 1150
4 62 109 631 202
4 403 466 821 1146
4 101 317 710 895
4 15 78 428 450
4 15 78 565 642
4 298 785 788 71
4 212 413 1159 981
4 472 604 748 372
4 466 403 748 372
5 372 466 821 444 472
4 472 604 943 444
5 748 403 1146 943 604
4 723 991 993 494
4 352 417 723 991
4 332 398 212 413
4 122 583 1050 1199
4 1050 1199 981 1159
4 398 332 583 122
5 122 1199 981 212 398
5 226 52 1151 967 105
4 1153 967 1151 869
4 226 568 972 52
4 226 568 323 105
5 972 568 323 1153 869
4 105 323 1153 967
4 28 167 792 865
4 349 717 722 1109
4 642 565 1190 436
5 565 78 428 1055 1190
5 15 642 436 800 450
4 428 450 800 1055
4 800 1055 1190 436
4 355 420 662 1120
4 163 347 346 158
4 1001 1163 1016 657
4 493 782 562 638
4 71 788 562 638
4 498 783 785 298
5 785 788 562 782 783
5 493 498 298 71 638
4 1096 982 1138 700
4 196 433 399 59
4 590 1041 1027 275
4 275 1027 975 53
4 18 762 776 1026
4 214 523 931 1072
4 44 171 795 620
4 369 747 988 906
4 439 941 1165 1003
4 183 459 329 397
5 343 946 833 962 623
4 470 834 1104 125
4 146 563 313 72
4 686 777 1104 125
4 1132 939 146 563
4 1140 868 971 666
4 1036 824 1025 775
4 194 240 666 971
5 118 1160 921 364 138
5 37 1070 1139 434 386
4 83 395 453 429
4 453 429 650 362
4 547 822 910 848
4 641 353 526 104
4 178 609 506 131
4 576 875 1125 1084
4 83 395 410 599
4 690 623 962 592
4 621 191 322 108
4 343 586 690 623
5 1141 758 46 402 438
5 191 322 613 1197 1100
4 698 1060 1170 1093
4 175 430 1060 698
5 607 734 187 949 750
4 334 607 734 260
4 376 750 607 334
4 382 753 396 84
5 396 175 698 1093 753
4 430 175 396 84
4 382 753 1093 1170
5 84 430 1060 1170 382
5 408 456 764 779 1174
5 5 61 201 703 937
4 4 29 355 420
4 4 29 1155 673
5 1004 673 4 420 662
4 918 1167 1168 1177
4 724 1114 743 299
4 939 1132 1114 724
5 939 146 72 299 724
5 1132 563 313 743 1114
5 171 651 802 1191 795
4 674 651 802 571
5 44 674 571 249 620
4 571 802 1191 249
4 44 171 651 674
4 614 537 699 244
4 244 699 1094 1171
4 95 412 1083 1169
4 668 974 986 1023
4 153 742 745 25
4 910 848 1118 692
5 622 435 799 449 0
4 592 962 833 422
4 443 946 833 422
4 946 443 586 343
5 443 422 592 690 586
4 793 862 74 312
4 359 646 1122 123
4 74 312 310 69
4 447 764 779 934
4 447 764 456 21
5 478 92 21 447 934
4 157 511 514 70
4 1067 1085 1015 1166
4 1166 1015 536 883
4 86 268 536 883
5 35 1067 1166 883 86
4 579 656 1000 1089
4 579 656 847 270
4 824 1036 1119 468
4 364 660 1136 921
4 1136 921 1160 893
4 445 761 775 1025
4 445 761 454 121
4 121 454 1119 468
5 454 1119 1036 775 761
5 121 468 824 1025 445
5 1047 57 62 202 704
4 57 306 805 1047
4 1047 805 1172 704
4 202 631 1172 704
5 306 109 631 1172 805
4 141 219 502 127
5 877 320 796 501 1007
4 575 874 1169 1083
4 143 904 164 20
4 107 320 877 898
4 213 524 1096 982
4 524 213 399 59
5 196 700 1096 524 59
4 196 433 1138 700
5 982 1138 433 399 213
4 46 174 1064 758
4 752 375 30 221
4 375 752 1184 925
5 1091 1048 58 81 595
5 221 752 1184 990 505
4 81 392 307 58
4 81 392 855 595
4 45 172 567 640
4 190 238 7 557
4 255 728 1145 1024
4 101 317 538 845
5 599 1128 650 429 83
5 576 1084 632 224 265
4 410 599 1128 915
4 362 650 1128 915
5 453 362 915 410 395
4 108 322 613 531
4 758 1064 1196 1141
4 352 417 26 789
4 250 726 1142 1005
5 214 617 247 1002 1072
4 1005 1142 1061 968
4 31 224 265 245
4 245 265 576 875
4 380 632 1084 1125
4 632 380 31 224
5 380 31 245 875 1125
4 149 1113 787 23
5 7 238 492 292 66
5 350 348 787 1113 1110
4 492 952 955 292
4 292 955 958 66
4 492 952 190 238
5 557 958 955 952 190
4 66 958 557 7
4 911 849 1041 590
4 687 572 1124 126
4 75 188 189 487
4 222 337 881 675
4 297 552 1112 721
4 811 1058 881 675
5 475 678 393 520 929
5 96 892 1058 881 337
4 811 1058 892 709
4 33 227 250 726
5 968 1005 250 227 106
4 324 106 227 33
5 1142 726 33 324 1061
4 106 324 1061 968
5 302 297 721 863 159
4 159 555 558 863
4 1112 721 863 558
4 302 553 552 297
5 553 552 1112 558 555
4 127 502 1009 1078
4 204 519 1108 705
5 182 654 876 1069 208
4 678 654 876 475
4 182 393 678 654
4 208 520 393 182
4 208 520 929 1069
5 88 174 1064 1196 940
4 438 940 1196 1141
4 88 402 438 940
4 402 88 174 46
4 12 77 176 603
4 5 534 550 937
4 464 548 975 53
4 464 548 849 911
5 849 1041 1027 975 548
5 53 275 590 911 464
5 359 123 400 216 970
4 1037 908 1026 776
4 400 564 1122 123
4 960 589 687 572
4 1147 922 933 545
4 1185 926 1046 778
4 905 987 944 252
4 394 542 841 768
4 542 394 521 209
4 209 521 930 544
5 542 841 426 544 209
4 841 768 919 426
5 521 930 919 768 394
4 544 930 919 426
4 825 1115 851 591
4 1070 1097 701 1139
4 614 537 611 338
4 338 611 633 205
4 205 633 1094 1171
5 537 611 633 1094 699
5 205 1171 244 614 338
4 560 639 719 1131
4 415 345 765 19
4 345 415 707 1107
4 593 963 834 470
4 463 602 661 366
4 156 510 513 162
4 231 379 980 696
4 232 600 669 697
4 419 357 755 42
4 240 194 756 14
4 595 855 1173 1091
5 307 806 1173 855 392
4 806 1048 1091 1173
4 58 307 806 1048
4 49 215 846 269
5 26 417 723 494 154
5 560 76 997 1134 1131
5 139 473 252 905 368
5 777 624 963 834 1104
4 368 850 987 905
4 368 850 749 139
4 473 605 749 139
5 605 749 850 987 944
4 944 252 473 605
4 12 77 1161 894
4 1183 703 937 550
4 201 630 1183 703
5 550 1183 630 683 534
4 61 683 534 5
5 373 707 415 19 142
5 77 176 813 1162 1161
5 1194 1071 38 387 888
4 176 603 884 813
5 12 603 884 1137 894
4 1137 1162 1161 894
4 813 884 1137 1162
4 199 627 1156 688
4 199 627 680 60
4 668 974 680 60
5 60 668 1023 688 199
5 680 974 986 1156 627
4 296 739 737 291
4 694 626 961 272
5 148 486 162 156 151
5 87 516 741 738 736
4 301 741 738 295
5 340 842 427 980 379
5 80 580 1049 1158 237
5 983 1149 661 602 99
4 38 237 1158 1071
4 1158 1071 1194 1049
4 580 888 1194 1049
4 80 387 888 580
4 826 1116 852 691
4 582 886 830 460
4 367 804 1116 826
4 148 507 508 151
4 151 508 510 156
5 510 513 999 507 508
4 148 507 999 486
4 162 513 999 486
4 373 856 837 142
5 345 765 837 856 1107
4 707 1107 856 373
4 142 837 765 19
5 278 377 481 635 55
5 167 792 1187 956 512
4 938 1187 792 865
4 377 751 608 278
4 278 608 947 55
5 286 63 725 499 160
4 287 87 516 161
4 290 736 87 287
5 301 295 290 287 161
4 290 736 738 295
4 906 988 1123 253
5 157 152 490 637 70
5 737 739 742 745 351
4 712 989 948 446
4 1082 283 712 989
4 91 405 1117 465
4 2 50 1044 670
4 1000 1089 1044 670
5 50 1044 1089 579 270
4 2 50 270 847
5 656 847 2 670 1000
4 117 385 448 858
5 692 910 822 257 242
4 799 1054 1031 449
5 325 1031 1054 1101 192
4 799 1054 1101 435
5 119 439 1003 672 3
4 257 532 547 822
4 938 1187 956 495
4 495 956 512 155
5 28 865 938 495 155
5 230 682 948 989 1082
4 446 948 682 336
5 34 283 712 446 336
4 682 336 34 230
4 34 230 1082 283
4 157 511 509 152
4 490 953 509 152
5 509 511 514 561 953
5 1117 1129 1105 901 405
4 922 1147 1065 815
4 820 1129 1117 465
4 374 628 904 143
4 16 79 566 643
4 214 523 541 617
4 710 895 798 282
5 1017 282 710 317 538
5 39 831 657 1001 671
4 1017 432 798 282
4 845 538 1017 432
5 101 895 798 432 845
4 277 388 517 200
4 100 319 1098 772
5 200 277 255 1024 689
4 225 177 319 100
5 177 319 1098 1090 814
5 100 772 1198 1066 225
5 331 815 922 933 170
4 177 225 1066 814
4 1198 1090 1098 772
4 814 1066 1198 1090
4 1035 452 809 871
4 488 1110 1113 149
5 528 1030 646 1122 564
4 528 216 400 564
4 216 528 1030 970
4 90 247 1002 476
5 476 90 541 523 931
4 931 1072 1002 476
4 90 247 617 541
4 575 874 843 264
4 341 110 168 36
4 110 341 1034 451
4 482 671 1001 1163
5 496 158 163 717 722
4 722 1109 957 496
4 158 346 957 496
5 346 957 1109 349 347
4 808 1059 1034 451
4 337 222 315 96
4 96 315 709 892
5 222 315 709 811 675
5 341 1034 1059 1068 36
4 808 1059 1068 1086
4 36 168 1086 1068
4 107 320 796 401
4 1078 1009 1188 909
5 136 754 1178 917 328
4 719 1131 1134 293
4 635 551 950 481
4 635 551 947 55
5 950 751 608 947 551
4 494 993 996 154
4 154 996 789 26
5 352 991 993 996 789
5 330 169 482 1163 1016
4 1016 657 831 330
4 39 169 330 831
4 39 169 482 671
4 477 817 1073 932
4 543 223 316 97
4 1018 702 711 342
4 54 305 803 907
4 1115 825 907 803
4 401 796 501 124
5 73 68 65 289 716
5 51 273 587 1076 256
5 1039 228 679 973 985
4 258 763 778 1046
4 256 729 389 51
4 587 1038 964 273
4 273 964 389 51
4 256 729 1130 1076
4 587 1038 1130 1076
5 389 964 1038 1130 729
4 1003 1165 1154 672
4 286 794 992 63
4 286 794 515 160
4 1139 701 197 434
4 271 386 434 197
5 97 770 647 1032 543
4 780 859 705 1108
4 469 404 747 369
5 459 329 918 1177 411
4 183 459 411 94
4 94 411 1177 1168
4 357 419 440 760
4 1022 645 760 440
4 828 407 838 333
4 333 838 733 259
5 807 733 838 407 913
4 41 321 878 899
4 356 418 41 321
4 119 89 529 3
4 3 529 1154 672
5 529 1154 1165 941 89
4 916 891 1057 810
4 10 115 916 891
4 697 669 873 577
4 677 653 873 577
5 844 431 797 448 385
4 600 232 612 181
5 600 669 873 653 181
4 181 612 677 653
5 232 612 677 577 697
5 10 891 1057 880 185
4 14 756 1152 897
4 1152 897 1140 868
5 194 971 868 1152 756
4 1103 664 819 425
4 353 641 664 1103
4 27 166 791 864
4 191 621 665 1100
4 531 613 1197 1021
4 1021 1197 1100 665
5 108 621 665 1021 531
5 827 1092 285 131 178
5 755 1029 645 760 357
5 641 664 819 759 104
5 370 908 1026 18 140
5 91 424 667 820 465
5 626 961 1011 945 1028
4 91 405 901 424
4 667 1105 901 424
4 820 1129 1105 667
4 483 807 733 259
4 828 407 913 145
4 483 807 913 145
5 483 145 828 333 259
4 442 945 1028 421
4 629 827 1092 1081
4 488 1110 350 718
4 23 787 348 1
4 718 350 348 1
5 1 23 149 488 718
4 340 684 769 842
5 195 696 231 684 769
4 684 340 379 231
4 195 427 842 769
4 195 427 980 696
5 184 1033 648 771 383
4 68 309 308 65
4 49 215 546 634
4 1033 766 1088 648
4 289 1193 308 65
4 351 416 25 745
5 153 296 291 416 25
4 291 737 351 416
4 412 95 186 47
4 47 186 843 264
5 412 47 264 575 1083
5 547 532 836 1118 848
4 692 1118 836 242
4 257 532 836 242
4 716 998 1193 289
4 716 998 311 73
4 73 311 309 68
5 311 309 308 1193 998
5 11 893 1136 660 218
4 11 118 1160 893
4 11 118 138 218
4 927 1182 966 596
4 1182 927 936 549
4 864 791 1192 489
4 262 533 549 936
5 862 720 294 69 74
4 97 316 1095 770
4 770 1095 1014 647
4 223 543 1032 676
5 223 316 1095 1014 676
4 1032 676 1014 647
5 219 502 1009 1188 854
5 54 907 825 591 276
4 141 219 854 371
4 371 854 1188 909
5 127 141 371 909 1078
4 16 79 879 530
4 530 879 1164 1020
4 585 1011 945 442
4 961 272 585 1011
5 272 694 421 442 585
4 421 1028 626 694
4 1020 1164 1181 889
5 566 79 879 1164 1181
4 566 643 889 1181
5 16 530 1020 889 643
4 500 786 784 22
4 500 786 746 303
4 200 517 1189 689
5 388 517 1189 1145 728
4 1024 1145 1189 689
5 452 809 1176 522 111
4 9 111 452 1035
4 9 111 522 207
5 125 686 198 593 470
4 777 686 198 624
4 593 963 624 198
5 851 1115 803 305 1075
5 471 693 589 687 126
4 276 1075 305 54
4 591 851 1075 276
4 189 487 491 951
4 497 954 951 491
5 107 898 801 124 401
4 124 501 1007 801
4 898 877 1007 801
5 744 188 189 951 954
4 900 423 469 404
4 423 900 1123 253
5 747 404 900 1123 988
5 423 469 369 906 253
5 164 573 1080 628 904
5 279 594 928 636 56
4 20 164 573 861
5 20 861 924 374 143
4 573 861 924 1080
4 374 628 1080 924
4 40 170 933 545
4 925 1184 990 1045
5 363 920 1099 17 137
4 271 386 37 236
4 37 236 1097 1070
5 271 236 1097 701 197
4 679 243 274 228
5 441 243 274 588 1077
4 441 973 679 243
4 695 708 860 781
5 82 262 936 927 596
5 455 763 778 1185 113
4 113 378 926 1185
5 98 601 658 817 1073
4 477 817 658 365
5 462 365 477 932 414
4 462 601 658 365
4 98 414 932 1073
4 98 414 462 601
4 279 903 977 56
4 594 406 903 279
4 406 594 928 912
4 636 360 977 56
4 360 636 928 912
5 903 406 912 360 977
5 375 30 133 1045 925
5 391 732 780 1108 519
4 133 505 221 30
4 133 505 990 1045
4 147 1133 784 22
4 519 204 281 391
4 45 172 652 326
4 262 533 266 82
5 966 1182 549 533 266
4 82 266 966 596
4 328 655 1056 917
4 917 1056 1126 1178
4 8 76 560 639
5 180 378 926 1046 258
5 229 681 976 781 695
4 1088 648 771 474
4 455 180 378 113
4 258 763 455 180
4 663 1102 567 640
4 844 461 812 431
4 294 740 310 69
5 419 440 1022 969 42
4 1029 969 1022 645
4 42 755 1029 969
4 17 103 773 1099
4 17 103 618 137
4 691 852 835 241
4 839 759 819 425
4 104 526 839 759
5 526 839 425 1103 353
4 178 609 629 827
4 99 234 463 602
4 370 853 1037 908
4 370 853 902 140
5 902 762 776 1037 853
4 99 234 1042 983
4 1042 983 1149 866
5 234 463 366 866 1042
5 730 804 1116 852 835
4 128 503 1010 1079
4 857 774 1019 644
4 644 1019 886 582
4 578 887 846 269
5 215 846 887 1148 546
5 460 582 644 857 116
4 467 1040 606 120
4 546 634 923 1148
4 578 887 1148 923
5 269 578 923 634 49
4 184 457 766 1033
4 457 184 383 114
5 474 114 457 766 1088
4 114 383 771 474
5 597 179 134 714 706
4 134 327 344 714
4 1106 706 714 344
4 489 1192 1135 150
4 85 267 535 882
5 793 312 310 740 1111
4 793 862 720 1111
4 720 1111 740 294
4 185 458 767 880
5 115 916 810 767 458
4 810 1057 880 767
4 10 115 458 185
5 9 1035 871 978 207
4 978 1176 809 871
4 207 522 1176 978
4 815 1065 832 331
5 40 832 1065 1147 545
4 40 170 331 832
4 702 1018 885 581
4 288 1186 995 64
4 64 995 554 6
4 497 954 744 300
5 75 487 491 497 300
4 75 188 744 300
4 471 1074 1124 126
5 13 896 1006 251 239
4 193 239 251 727
4 267 85 210 48
4 485 790 1133 147
4 485 790 746 303
5 485 147 22 500 303
5 786 784 1133 790 746
4 128 503 606 120
5 102 342 1018 885 829
4 102 318 711 342
5 281 204 705 859 129
4 281 391 732 129
4 129 732 780 859
4 725 994 992 63
5 515 794 992 994 959
4 499 959 515 160
4 725 994 959 499
4 1087 872 882 535
4 381 754 1178 1126
5 150 24 27 864 489
5 659 618 103 773 1195
4 1195 920 1099 773
4 363 659 1195 920
4 363 659 618 137
5 321 356 942 1008 878
5 326 818 663 640 45
4 356 418 437 942
5 41 899 584 437 418
4 584 1008 878 899
4 584 1008 942 437
4 797 1051 858 448
5 117 858 1051 812 461
4 797 1051 812 431
5 211 774 1019 886 830
4 116 211 774 857
4 116 211 830 460
5 506 609 629 1081 574
4 285 574 1081 1092
4 285 574 506 131
5 241 691 826 367 254
4 367 804 730 254
4 254 730 835 241
5 1040 1157 1010 503 606
5 539 318 711 702 581
4 581 885 829 539
4 102 318 539 829
5 172 652 1144 1102 567
4 326 652 1144 818
4 818 1144 1102 663
4 693 625 1074 471
5 960 572 1124 1074 625
4 693 625 960 589
5 210 979 872 882 85
4 979 1179 1087 872
4 48 210 979 1179
5 48 1179 1087 535 267
5 128 120 467 823 1079
4 1079 1010 1157 823
4 823 1157 1040 467
4 1006 1143 1062 896
4 251 727 1143 1006
5 727 1143 1062 525 193
4 239 193 525 13
4 13 525 1062 896
4 229 598 708 695
4 681 335 598 229
5 130 335 598 708 860
4 335 681 976 130
4 860 781 976 130
4 32 136 754 381
5 655 32 381 1126 1056
4 32 136 328 655
4 293 1134 997 67
4 67 997 76 8
5 8 639 719 293 67
4 150 1135 165 24
4 27 166 165 24
5 165 166 791 1192 1135
4 304 556 554 6
5 304 6 64 288 715
4 559 715 304 556
5 559 556 554 995 1186
4 559 715 288 1186
4 0 1 2 3
4 4 5 6 7
4 8 9 10 11
4 12 13 14 15
4 16 17 18 19
4 20 21 22 23
4 24 25 26 27
4 28 29 30 31
4 28 32 33 34
4 29 32 35 36
4 37 38 39 40
4 41 42 43 44
4 45 46 47 48
4 49 50 51 52
4 53 54 55 56
4 53 57 58 59
4 54 57 60 61
4 62 63 64 65
4 37 66 67 68
4 69 70 71 72
4 73 74 75 76
4 73 77 78 79
4 38 66 74 77
4 80 81 82 83
4 80 84 85 86
4 81 84 87 88
4 89 90 91 92
4 93 94 95 96
4 97 98 99 100
4 101 102 103 104
4 105 106 107 108
4 109 110 111 112
4 113 114 115 116
4 12 117 118 119
4 120 121 122 123
4 124 125 126 127
4 128 129 130 131
4 132 133 134 135
4 24 136 137 138
4 139 140 141 142
4 25 136 139 143
4 140 143 144 145
4 146 147 148 149
4 141 150 151 152
4 153 154 155 156
4 142 150 153 157
4 154 157 158 159
4 160 161 162 163
4 164 165 166 167
4 164 168 169 170
4 165 168 171 172
4 144 173 174 175
4 173 176 177 178
4 179 180 181 182
4 183 184 185 186
4 183 187 188 189
4 184 187 190 191
4 192 193 194 195
4 41 196 197 198
4 42 196 199 200
4 201 202 203 204
4 49 205 206 207
4 16 208 209 210
4 211 212 213 214
4 50 205 211 215
4 212 216 217 218
4 216 219 220 221
4 17 208 217 219
4 222 223 224 225
4 226 227 228 229
4 230 231 232 233
4 230 234 235 236
4 231 237 238 239
4 237 240 241 242
4 238 240 243 244
4 245 246 247 248
4 249 250 251 252
4 78 253 254 255
4 256 257 258 259
4 79 253 256 260
4 261 262 263 264
4 265 266 267 268
4 58 269 270 271
4 59 269 272 273
4 274 275 276 277
4 278 279 280 281
4 282 283 284 285
4 132 282 286 287
4 51 283 286 288
4 133 287 289 290
4 52 288 291 292
4 293 294 295 296
4 297 298 299 300
4 301 302 303 304
4 297 305 306 307
4 298 305 308 309
4 299 310 311 312
4 313 314 315 316
4 300 310 313 317
4 314 317 318 319
4 320 321 322 323
4 320 324 325 326
4 321 324 327 328
4 329 330 331 332
4 97 333 334 335
4 98 333 336 337
4 338 339 340 341
4 342 343 344 345
4 346 347 348 349
4 350 351 352 353
4 350 354 355 356
4 357 358 359 360
4 357 361 362 363
4 364 365 366 367
4 368 369 370 371
4 372 373 374 375
4 376 377 378 379
4 380 381 382 383
4 380 384 385 386
4 381 384 387 388
4 389 390 391 392
4 389 393 394 395
4 396 397 398 399
4 400 401 402 403
4 396 404 405 406
4 397 404 407 408
4 409 410 411 412
4 413 414 415 416
4 45 413 417 418
4 46 417 419 420
4 419 421 422 423
4 420 421 424 425
4 426 427 428 429
4 430 431 432 433
4 434 435 436 437
4 438 439 440 441
4 409 442 443 444
4 445 446 447 448
4 410 442 449 450
4 382 451 452 453
4 383 451 454 455
4 69 456 457 458
4 70 456 459 460
4 461 462 463 464
4 465 466 467 468
4 469 470 471 472
4 473 474 475 476
4 477 478 479 480
4 481 482 483 484
4 485 486 487 488
4 146 489 490 491
4 147 489 492 493
4 494 495 496 497
4 498 499 500 501
4 485 498 502 503
4 393 504 505 506
4 507 508 509 510
4 368 507 511 512
4 361 508 511 513
4 514 515 516 517
4 514 518 519 520
4 362 513 515 518
4 521 522 523 524
4 521 525 526 527
4 528 529 530 531
4 532 533 534 535
4 89 536 537 538
4 539 540 541 542
4 543 544 545 546
4 543 547 548 549
4 90 536 544 547
4 0 550 551 552
4 91 550 553 554
4 92 553 555 556
4 557 558 559 560
4 561 562 563 564
4 565 566 567 568
4 569 570 571 572
4 222 573 574 575
4 576 577 578 579
4 580 581 582 583
4 580 584 585 586
4 581 584 587 588
4 589 590 591 592
4 589 593 594 595
4 590 593 596 597
4 598 599 600 601
4 602 603 604 605
4 606 607 608 609
4 610 611 612 613
4 614 615 616 617
4 618 619 620 621
4 622 623 624 625
4 626 627 628 629
4 630 631 632 633
4 630 634 635 636
4 637 638 639 640
4 101 641 642 643
4 102 641 644 645
4 137 646 647 648
4 649 650 651 652
4 138 646 653 654
4 289 655 656 657
4 649 658 659 660
4 290 655 658 661
4 659 661 662 663
4 664 665 666 667
4 668 669 670 671
4 672 673 674 675
4 664 676 677 678
4 665 676 679 680
4 681 682 683 684
4 685 686 687 688
4 160 689 690 691
4 689 692 693 694
4 179 690 692 695
4 161 691 696 697
4 698 699 700 701
4 679 702 703 704
4 705 706 707 708
4 705 709 710 711
4 680 702 706 709
4 301 712 713 714
4 707 715 716 717
4 672 715 718 719
4 302 712 720 721
4 673 718 720 722
4 721 722 723 724
4 725 726 727 728
4 693 729 730 731
4 694 729 732 733
4 734 735 736 737
4 734 738 739 740
4 735 738 741 742
4 743 744 745 746
4 539 747 748 749
4 548 750 751 752
4 540 747 753 754
4 549 750 753 755
4 754 755 756 757
4 758 759 760 761
4 762 763 764 765
4 766 767 768 769
4 766 770 771 772
4 278 773 774 775
4 776 777 778 779
4 780 781 782 783
4 784 785 786 787
4 201 788 789 790
4 606 791 792 793
4 794 795 796 797
4 202 788 794 798
4 795 798 799 800
4 791 801 802 803
4 206 804 805 806
4 171 807 808 809
4 810 811 812 813
4 814 815 816 817
4 172 807 814 818
4 158 815 818 819
4 159 819 820 821
4 656 820 822 823
4 207 804 824 825
4 816 826 827 828
4 829 830 831 832
4 829 833 834 835
4 223 830 833 836
4 224 836 837 838
4 839 840 841 842
4 843 844 845 846
4 843 847 848 849
4 834 844 847 850
4 835 850 851 852
4 853 854 855 856
4 857 858 859 860
4 857 861 862 863
4 473 858 861 864
4 257 865 866 867
4 474 864 865 868
4 866 868 869 870
4 71 871 872 873
4 874 875 876 877
4 874 878 879 880
4 875 881 882 883
4 72 871 881 884
4 862 882 884 885
4 863 885 886 887
4 845 886 888 889
4 890 891 892 893
4 226 894 895 896
4 897 898 899 900
4 901 902 903 904
4 241 905 906 907
4 618 908 909 910
4 911 912 913 914
4 242 905 911 915
4 610 912 915 916
4 917 918 919 920
4 619 908 917 921
4 611 916 918 921
4 919 922 923 924
4 243 925 926 927
4 922 928 929 930
4 931 932 933 934
4 935 936 937 938
4 8 935 939 940
4 4 936 939 941
4 9 940 942 943
4 942 944 945 946
4 5 941 947 948
4 13 947 949 950
4 948 949 951 952
4 953 954 955 956
4 14 950 953 957
4 244 925 954 957
4 249 958 959 960
4 245 958 961 962
4 963 964 965 966
4 963 967 968 969
4 246 961 964 967
4 965 970 971 972
4 848 970 973 974
4 975 976 977 978
4 849 973 975 979
4 565 976 979 980
4 839 981 982 983
4 566 980 981 984
4 569 982 984 985
4 986 987 988 989
4 570 985 986 990
4 987 990 991 992
4 993 994 995 996
4 247 997 998 999
4 248 997 1000 1001
4 1002 1003 1004 1005
4 465 1006 1007 1008
4 1009 1010 1011 1012
4 265 1013 1014 1015
4 1016 1017 1018 1019
4 894 1020 1021 1022
4 736 1023 1024 1025
4 737 1023 1026 1027
4 810 1028 1029 1030
4 1031 1032 1033 1034
4 20 1031 1035 1036
4 1032 1035 1037 1038
4 21 1036 1039 1040
4 811 1028 1039 1041
4 826 1040 1041 1042
4 824 1043 1044 1045
4 825 1043 1046 1047
4 743 1048 1049 1050
4 744 1048 1051 1052
4 1053 1054 1055 1056
4 18 1057 1058 1059
4 272 1060 1061 1062
4 1063 1064 1065 1066
4 1063 1067 1068 1069
4 19 1057 1067 1070
4 273 1060 1068 1070
4 1071 1072 1073 1074
4 1071 1075 1076 1077
4 293 1072 1075 1078
4 1079 1080 1081 1082
4 1079 1083 1084 1085
4 294 1078 1080 1083
4 528 1086 1087 1088
4 1089 1090 1091 1092
4 1093 1094 1095 1096
4 1097 1098 1099 1100
4 322 1101 1102 1103
4 1104 1105 1106 1107
4 1104 1108 1109 1110
4 346 1105 1108 1111
4 347 1111 1112 1113
4 323 1101 1114 1115
4 1116 1117 1118 1119
4 1120 1121 1122 1123
4 1124 1125 1126 1127
4 1128 1129 1130 1131
4 1128 1132 1133 1134
4 407 1135 1136 1137
4 1138 1139 1140 1141
4 408 1135 1142 1143
4 338 1144 1145 1146
4 1147 1148 1149 1150
4 1147 1151 1152 1153
4 1138 1148 1151 1154
4 1155 1156 1157 1158
4 1155 1159 1160 1161
4 1156 1159 1162 1163
4 1164 1165 1166 1167
4 339 1144 1164 1168
4 342 1165 1168 1169
4 343 1169 1170 1171
4 1170 1172 1173 1174
4 1139 1154 1171 1172
4 598 1175 1176 1177
4 1114 1178 1179 1180
4 1181 1182 1183 1184
4 1185 1186 1187 1188
4 599 1175 1189 1190
4 1189 1191 1192 1193
4 1115 1178 1190 1191
4 1194 1195 1196 1197
4 1198 1199 1200 1201
4 43 1202 1203 1204
4 44 1202 1205 1206
4 1205 1207 1208 1209
4 1206 1207 1210 1211
4 1212 1213 1214 1215
4 1216 1217 1218 1219
4 1081 1220 1221 1222
4 1220 1223 1224 1225
4 1226 1227 1228 1229
4 1216 1230 1231 1232
4 1233 1234 1235 1236
4 1076 1233 1237 1238
4 1217 1230 1234 1237
4 1077 1238 1239 1240
4 1241 1242 1243 1244
4 837 1245 1246 1247
4 1248 1249 1250 1251
4 838 1245 1248 1252
4 1249 1252 1253 1254
4 1255 1256 1257 1258
4 1212 1259 1260 1261
4 1218 1262 1263 1264
4 1265 1266 1267 1268
4 1219 1262 1265 1269
4 1213 1259 1266 1269
4 1270 1271 1272 1273
4 1267 1274 1275 1276
4 1214 1277 1278 1279
4 1280 1281 1282 1283
4 1284 1285 1286 1287
4 1288 1289 1290 1291
4 1288 1292 1293 1294
4 1295 1296 1297 1298
4 1235 1295 1299 1300
4 1215 1277 1301 1302
4 1303 1304 1305 1306
4 1307 1308 1309 1310
4 799 1311 1312 1313
4 1314 1315 1316 1317
4 800 1311 1314 1318
4 1315 1318 1319 1320
4 1321 1322 1323 1324
4 1325 1326 1327 1328
4 1329 1330 1331 1332
4 1333 1334 1335 1336
4 509 1337 1338 1339
4 1340 1341 1342 1343
4 1344 1345 1346 1347
4 510 1337 1348 1349
4 1350 1351 1352 1353
4 1354 1355 1356 1357
4 1358 1359 1360 1361
4 1358 1362 1363 1364
4 1362 1365 1366 1367
4 1368 1369 1370 1371
4 1368 1372 1373 1374
4 529 1369 1372 1375
4 1376 1377 1378 1379
4 1084 1380 1381 1382
4 1383 1384 1385 1386
4 1387 1388 1389 1390
4 1085 1380 1387 1391
4 1392 1393 1394 1395
4 405 1396 1397 1398
4 406 1396 1399 1400
4 1401 1402 1403 1404
4 10 1405 1406 1407
4 1401 1408 1409 1410
4 11 1405 1408 1411
4 1412 1413 1414 1415
4 993 1416 1417 1418
4 1419 1420 1421 1422
4 1423 1424 1425 1426
4 1419 1427 1428 1429
4 1430 1431 1432 1433
4 1420 1427 1430 1434
4 1431 1434 1435 1436
4 1157 1437 1438 1439
4 1152 1437 1440 1441
4 1153 1440 1442 1443
4 1173 1444 1445 1446
4 1444 1447 1448 1449
4 644 1450 1451 1452
4 1453 1454 1455 1456
4 645 1450 1453 1457
4 1454 1457 1458 1459
4 1460 1461 1462 1463
4 422 1460 1464 1465
4 1461 1464 1466 1467
4 423 1465 1468 1469
4 434 1470 1471 1472
4 1473 1474 1475 1476
4 1120 1477 1478 1479
4 414 1480 1481 1482
4 227 1480 1483 1484
4 1121 1477 1481 1483
4 1485 1486 1487 1488
4 228 1484 1485 1489
4 1486 1489 1490 1491
4 1492 1493 1494 1495
4 449 1496 1497 1498
4 1496 1499 1500 1501
4 1502 1503 1504 1505
4 1506 1507 1508 1509
4 306 1506 1510 1511
4 1507 1510 1512 1513
4 307 1511 1514 1515
4 1508 1516 1517 1518
4 1509 1516 1519 1520
4 1521 1522 1523 1524
4 1525 1526 1527 1528
4 1392 1525 1529 1530
4 1526 1529 1531 1532
4 1393 1530 1533 1534
4 1535 1536 1537 1538
4 387 1539 1540 1541
4 1535 1542 1543 1544
4 388 1539 1542 1545
4 1543 1545 1546 1547
4 461 1548 1549 1550
4 477 1551 1552 1553
4 85 1554 1555 1556
4 459 1551 1557 1558
4 86 1554 1559 1560
4 460 1557 1559 1561
4 1560 1561 1562 1563
4 1564 1565 1566 1567
4 1564 1568 1569 1570
4 462 1548 1565 1568
4 1571 1572 1573 1574
4 411 1571 1575 1576
4 412 1575 1577 1578
4 1572 1579 1580 1581
4 499 1582 1583 1584
4 1585 1586 1587 1588
4 494 1585 1589 1590
4 1586 1589 1591 1592
4 495 1590 1593 1594
4 500 1582 1593 1595
4 525 1594 1595 1596
4 522 1597 1598 1599
4 1600 1601 1602 1603
4 523 1597 1600 1604
4 1601 1604 1605 1606
4 486 1607 1608 1609
4 487 1607 1610 1611
4 1612 1613 1614 1615
4 1616 1617 1618 1619
4 1620 1621 1622 1623
4 776 1624 1625 1626
4 1612 1627 1628 1629
4 1613 1627 1630 1631
4 561 1632 1633 1634
4 562 1632 1635 1636
4 1637 1638 1639 1640
4 1637 1641 1642 1643
4 117 1644 1645 1646
4 1647 1648 1649 1650
4 1651 1652 1653 1654
4 1651 1655 1656 1657
4 1652 1655 1658 1659
4 1660 1661 1662 1663
4 1660 1664 1665 1666
4 1667 1668 1669 1670
4 1671 1672 1673 1674
4 1675 1676 1677 1678
4 1679 1680 1681 1682
4 1683 1684 1685 1686
4 1683 1687 1688 1689
4 784 1690 1691 1692
4 1693 1694 1695 1696
4 532 1697 1698 1699
4 1700 1701 1702 1703
4 1616 1704 1705 1706
4 533 1697 1707 1708
4 1617 1704 1707 1709
4 1708 1709 1710 1711
4 1712 1713 1714 1715
4 1712 1716 1717 1718
4 203 1719 1720 1721
4 1713 1722 1723 1724
4 204 1719 1722 1725
4 1723 1725 1726 1727
4 1728 1729 1730 1731
4 1732 1733 1734 1735
4 261 1736 1737 1738
4 262 1736 1739 1740
4 263 1741 1742 1743
4 264 1741 1744 1745
4 602 1744 1746 1747
4 1745 1746 1748 1749
4 603 1747 1750 1751
4 1750 1752 1753 1754
4 1751 1752 1755 1756
4 1742 1757 1758 1759
4 1757 1760 1761 1762
4 1763 1764 1765 1766
4 1767 1768 1769 1770
4 1771 1772 1773 1774
4 1771 1775 1776 1777
4 1778 1779 1780 1781
4 1782 1783 1784 1785
4 1016 1786 1787 1788
4 1789 1790 1791 1792
4 607 1789 1793 1794
4 1726 1790 1793 1795
4 608 1794 1796 1797
4 197 1798 1799 1800
4 1727 1795 1801 1802
4 198 1798 1803 1804
4 1312 1803 1805 1806
4 600 1807 1808 1809
4 601 1807 1810 1811
4 1812 1813 1814 1815
4 1816 1817 1818 1819
4 557 1820 1821 1822
4 1820 1823 1824 1825
4 631 1821 1823 1826
4 1827 1828 1829 1830
4 1827 1831 1832 1833
4 558 1822 1828 1831
4 632 1826 1834 1835
4 1824 1836 1837 1838
4 1839 1840 1841 1842
4 1839 1843 1844 1845
4 1843 1846 1847 1848
4 1849 1850 1851 1852
4 1 1849 1853 1854
4 1850 1853 1855 1856
4 1857 1858 1859 1860
4 2 1854 1857 1861
4 1661 1858 1861 1862
4 591 1863 1864 1865
4 1866 1867 1868 1869
4 592 1863 1870 1871
4 666 1872 1873 1874
4 667 1872 1875 1876
4 426 1877 1878 1879
4 438 1880 1881 1882
4 1883 1884 1885 1886
4 427 1877 1883 1887
4 439 1880 1884 1887
4 1888 1889 1890 1891
4 1888 1892 1893 1894
4 1889 1892 1895 1896
4 1897 1898 1899 1900
4 1901 1902 1903 1904
4 358 1905 1906 1907
4 1908 1909 1910 1911
4 725 1908 1912 1913
4 1909 1912 1914 1915
4 726 1913 1916 1917
4 1918 1919 1920 1921
4 685 1918 1922 1923
4 1924 1925 1926 1927
4 686 1922 1924 1928
4 1925 1928 1929 1930
4 188 1931 1932 1933
4 128 1934 1935 1936
4 189 1931 1934 1937
4 1919 1935 1937 1938
4 129 1936 1939 1940
4 1939 1941 1942 1943
4 1944 1945 1946 1947
4 696 1948 1949 1950
4 169 1951 1952 1953
4 1954 1955 1956 1957
4 170 1951 1954 1958
4 697 1948 1955 1958
4 440 1952 1959 1960
4 1866 1961 1962 1963
4 1867 1961 1964 1965
4 1966 1967 1968 1969
4 1970 1971 1972 1973
4 730 1974 1975 1976
4 727 1974 1977 1978
4 728 1977 1979 1980
4 1981 1982 1983 1984
4 576 1985 1986 1987
4 577 1985 1988 1989
4 1990 1991 1992 1993
4 1990 1994 1995 1996
4 1991 1994 1997 1998
4 1999 2000 2001 2002
4 1999 2003 2004 2005
4 2000 2003 2006 2007
4 780 2008 2009 2010
4 274 2011 2012 2013
4 781 2008 2011 2014
4 2012 2014 2015 2016
4 275 2013 2017 2018
4 1061 2017 2019 2020
4 2021 2022 2023 2024
4 1610 2021 2025 2026
4 2022 2025 2027 2028
4 2029 2030 2031 2032
4 1611 2026 2029 2033
4 2034 2035 2036 2037
4 2034 2038 2039 2040
4 2035 2038 2041 2042
4 2043 2044 2045 2046
4 60 2043 2047 2048
4 2004 2044 2047 2049
4 2005 2049 2050 2051
4 61 2048 2052 2053
4 33 2052 2054 2055
4 2045 2056 2057 2058
4 192 2059 2060 2061
4 751 2059 2062 2063
4 193 2060 2064 2065
4 2066 2067 2068 2069
4 490 2070 2071 2072
4 2073 2074 2075 2076
4 1132 2077 2078 2079
4 2080 2081 2082 2083
4 1133 2077 2080 2084
4 491 2070 2081 2084
4 2085 2086 2087 2088
4 2089 2090 2091 2092
4 2093 2094 2095 2096
4 2093 2097 2098 2099
4 2073 2100 2101 2102
4 2103 2104 2105 2106
4 2103 2107 2108 2109
4 2110 2111 2112 2113
4 2114 2115 2116 2117
4 2118 2119 2120 2121
4 785 2122 2123 2124
4 2125 2126 2127 2128
4 35 2129 2130 2131
4 2132 2133 2134 2135
4 36 2129 2132 2136
4 786 2122 2133 2136
4 1929 2137 2138 2139
4 1914 2140 2141 2142
4 2118 2143 2144 2145
4 1915 2140 2143 2146
4 1930 2137 2144 2146
4 2147 2148 2149 2150
4 2151 2152 2153 2154
4 2155 2156 2157 2158
4 1796 2155 2159 2160
4 2156 2159 2161 2162
4 2151 2163 2164 2165
4 1797 2160 2163 2166
4 2167 2168 2169 2170
4 801 2167 2171 2172
4 2168 2171 2173 2174
4 802 2172 2175 2176
4 2177 2178 2179 2180
4 75 2181 2182 2183
4 87 2181 2184 2185
4 2186 2187 2188 2189
4 2186 2190 2191 2192
4 88 2184 2187 2190
4 2193 2194 2195 2196
4 890 2197 2198 2199
4 713 2200 2201 2202
4 714 2197 2200 2203
4 1292 2204 2205 2206
4 1284 2207 2208 2209
4 2210 2211 2212 2213
4 2214 2215 2216 2217
4 1285 2207 2214 2218
4 1293 2204 2215 2218
4 1253 2219 2220 2221
4 1260 2222 2223 2224
4 1241 2222 2225 2226
4 2210 2227 2228 2229
4 1242 2225 2227 2230
4 1254 2219 2228 2230
4 840 2231 2232 2233
4 2234 2235 2236 2237
4 1816 2238 2239 2240
4 1817 2238 2241 2242
4 2243 2244 2245 2246
4 2243 2247 2248 2249
4 1490 2244 2247 2250
4 1491 2250 2251 2252
4 254 2253 2254 2255
4 2245 2256 2257 2258
4 2152 2259 2260 2261
4 2262 2263 2264 2265
4 2266 2267 2268 2269
4 255 2253 2266 2270
4 2153 2259 2267 2270
4 2173 2271 2272 2273
4 2274 2275 2276 2277
4 2174 2271 2278 2279
4 1956 2280 2281 2282
4 732 2283 2284 2285
4 2193 2280 2286 2287
4 2288 2289 2290 2291
4 2194 2286 2288 2292
4 2289 2292 2293 2294
4 2295 2296 2297 2298
4 2295 2299 2300 2301
4 733 2283 2296 2299
4 2302 2303 2304 2305
4 2306 2307 2308 2309
4 1017 2310 2311 2312
4 2313 2314 2315 2316
4 2317 2318 2319 2320
4 2313 2317 2321 2322
4 1664 2318 2321 2323
4 2324 2325 2326 2327
4 2324 2328 2329 2330
4 1665 2323 2325 2328
4 1049 2331 2332 2333
4 2314 2322 2334 2335
4 756 2336 2337 2338
4 1050 2331 2336 2339
4 906 2340 2341 2342
4 2340 2343 2344 2345
4 909 2346 2347 2348
4 910 2346 2349 2350
4 968 2351 2352 2353
4 2354 2355 2356 2357
4 853 2354 2358 2359
4 869 2355 2358 2360
4 2361 2362 2363 2364
4 870 2360 2361 2365
4 2366 2367 2368 2369
4 969 2351 2366 2370
4 466 2367 2370 2371
4 467 2371 2372 2373
4 854 2359 2372 2374
4 469 2373 2374 2375
4 2362 2376 2377 2378
4 2376 2379 2380 2381
4 2377 2379 2382 2383
4 2384 2385 2386 2387
4 2384 2388 2389 2390
4 2388 2391 2392 2393
4 2389 2391 2394 2395
4 2396 2397 2398 2399
4 1002 2396 2400 2401
4 2397 2400 2402 2403
4 2392 2404 2405 2406
4 234 2407 2408 2409
4 994 2407 2410 2411
4 1003 2401 2408 2410
4 2412 2413 2414 2415
4 235 2409 2412 2416
4 2393 2404 2413 2416
4 1000 2417 2418 2419
4 2402 2420 2421 2422
4 2423 2424 2425 2426
4 1001 2417 2423 2427
4 2403 2420 2424 2427
4 2421 2428 2429 2430
4 2382 2431 2432 2433
4 2425 2434 2435 2436
4 2383 2431 2434 2437
4 2428 2438 2439 2440
4 2329 2441 2442 2443
4 1333 2444 2445 2446
4 424 2447 2448 2449
4 2447 2450 2451 2452
4 2453 2454 2455 2456
4 2457 2458 2459 2460
4 2450 2461 2462 2463
4 2464 2465 2466 2467
4 2468 2469 2470 2471
4 2468 2472 2473 2474
4 2451 2461 2469 2472
4 2475 2476 2477 2478
4 1009 2479 2480 2481
4 991 2482 2483 2484
4 2485 2486 2487 2488
4 992 2482 2485 2489
4 1010 2479 2486 2489
4 1732 2490 2491 2492
4 2487 2493 2494 2495
4 2496 2497 2498 2499
4 1733 2490 2496 2500
4 2497 2500 2501 2502
4 2503 2504 2505 2506
4 1064 2507 2508 2509
4 2510 2511 2512 2513
4 2514 2515 2516 2517
4 220 2514 2518 2519
4 2515 2518 2520 2521
4 221 2519 2522 2523
4 1037 2524 2525 2526
4 1038 2524 2527 2528
4 2529 2530 2531 2532
4 2533 2534 2535 2536
4 2537 2538 2539 2540
4 428 2537 2541 2542
4 429 2541 2543 2544
4 1020 2545 2546 2547
4 2548 2549 2550 2551
4 2548 2552 2553 2554
4 1021 2545 2549 2552
4 2555 2556 2557 2558
4 276 2559 2560 2561
4 1051 2562 2563 2564
4 2565 2566 2567 2568
4 1053 2565 2569 2570
4 2566 2569 2571 2572
4 2573 2574 2575 2576
4 2573 2577 2578 2579
4 1052 2562 2574 2577
4 2580 2581 2582 2583
4 1054 2570 2580 2584
4 279 2581 2584 2585
4 2586 2587 2588 2589
4 277 2559 2586 2590
4 280 2585 2587 2590
4 2591 2592 2593 2594
4 1089 2591 2595 2596
4 1086 2592 2595 2597
4 2598 2599 2600 2601
4 1383 2598 2602 2603
4 1087 2597 2599 2602
4 1090 2596 2604 2605
4 2606 2607 2608 2609
4 2610 2611 2612 2613
4 2614 2615 2616 2617
4 308 2618 2619 2620
4 1359 2621 2622 2623
4 2624 2625 2626 2627
4 2624 2628 2629 2630
4 1360 2621 2625 2628
4 2631 2632 2633 2634
4 2635 2636 2637 2638
4 2614 2639 2640 2641
4 2642 2643 2644 2645
4 2629 2646 2647 2648
4 2649 2650 2651 2652
4 318 2649 2653 2654
4 2630 2646 2650 2653
4 319 2654 2655 2656
4 2655 2657 2658 2659
4 2660 2661 2662 2663
4 2664 2665 2666 2667
4 2668 2669 2670 2671
4 2651 2672 2673 2674
4 2675 2676 2677 2678
4 2679 2680 2681 2682
4 1091 2683 2684 2685
4 1092 2683 2686 2687
4 2688 2689 2690 2691
4 2692 2693 2694 2695
4 1093 2692 2696 2697
4 2693 2696 2698 2699
4 2700 2701 2702 2703
4 1094 2697 2700 2704
4 2701 2704 2705 2706
4 2707 2708 2709 2710
4 2705 2711 2712 2713
4 2714 2715 2716 2717
4 2714 2718 2719 2720
4 2706 2711 2715 2718
4 2721 2722 2723 2724
4 2725 2726 2727 2728
4 2729 2730 2731 2732
4 2733 2734 2735 2736
4 1097 2737 2738 2739
4 2740 2741 2742 2743
4 1098 2737 2740 2744
4 2741 2744 2745 2746
4 2747 2748 2749 2750
4 2751 2752 2753 2754
4 2755 2756 2757 2758
4 1325 2759 2760 2761
4 1326 2759 2762 2763
4 2762 2764 2765 2766
4 2763 2764 2767 2768
4 2769 2770 2771 2772
4 596 2773 2774 2775
4 2773 2776 2777 2778
4 2779 2780 2781 2782
4 2783 2784 2785 2786
4 2787 2788 2789 2790
4 2787 2791 2792 2793
4 2794 2795 2796 2797
4 1185 2798 2799 2800
4 2801 2802 2803 2804
4 2788 2805 2806 2807
4 1112 2805 2808 2809
4 1186 2798 2806 2808
4 1113 2801 2809 2810
4 2811 2812 2813 2814
4 103 2815 2816 2817
4 105 2818 2819 2820
4 104 2815 2818 2821
4 2819 2821 2822 2823
4 106 2820 2824 2825
4 344 2824 2826 2827
4 2828 2829 2830 2831
4 2832 2833 2834 2835
4 2836 2837 2838 2839
4 492 2836 2840 2841
4 2842 2843 2844 2845
4 2846 2847 2848 2849
4 2846 2850 2851 2852
4 2847 2850 2853 2854
4 372 2855 2856 2857
4 2858 2859 2860 2861
4 373 2855 2858 2862
4 2859 2862 2863 2864
4 1531 2865 2866 2867
4 1532 2865 2868 2869
4 2870 2871 2872 2873
4 2874 2875 2876 2877
4 2878 2879 2880 2881
4 2882 2883 2884 2885
4 1162 2886 2887 2888
4 2889 2890 2891 2892
4 1163 2886 2893 2894
4 2895 2896 2897 2898
4 2899 2900 2901 2902
4 1198 2903 2904 2905
4 2906 2907 2908 2909
4 1199 2903 2906 2910
4 2791 2907 2910 2911
4 2912 2913 2914 2915
4 2792 2911 2912 2916
4 2913 2916 2917 2918
4 2919 2920 2921 2922
4 2923 2924 2925 2926
4 1210 2923 2927 2928
4 1321 2929 2930 2931
4 2932 2933 2934 2935
4 1211 2927 2932 2936
4 1322 2929 2933 2936
4 2937 2938 2939 2940
4 2917 2941 2942 2943
4 2924 2944 2945 2946
4 2944 2947 2948 2949
4 2918 2941 2945 2947
4 62 2950 2951 2952
4 1226 2953 2954 2955
4 2870 2950 2956 2957
4 63 2951 2958 2959
4 1227 2953 2958 2960
4 2959 2960 2961 2962
4 2963 2964 2965 2966
4 354 2967 2968 2969
4 878 2967 2970 2971
4 1255 2968 2970 2972
4 2973 2974 2975 2976
4 879 2971 2973 2977
4 1243 2974 2977 2978
4 1256 2972 2979 2980
4 1244 2978 2981 2982
4 2930 2983 2984 2985
4 2931 2983 2986 2987
4 1246 2986 2988 2989
4 2990 2991 2992 2993
4 2990 2994 2995 2996
4 1270 2991 2994 2997
4 2998 2999 3000 3001
4 1274 2998 3002 3003
4 1271 2997 2999 3002
4 3004 3005 3006 3007
4 3008 3009 3010 3011
4 1286 3008 3012 3013
4 1301 3009 3012 3014
4 1302 3014 3015 3016
4 3017 3018 3019 3020
4 1287 3013 3021 3022
4 2241 3021 3023 3024
4 3025 3026 3027 3028
4 3010 3029 3030 3031
4 3032 3033 3034 3035
4 2188 3036 3037 3038
4 3039 3040 3041 3042
4 1307 3043 3044 3045
4 2657 3046 3047 3048
4 1308 3043 3046 3049
4 3047 3049 3050 3051
4 1316 3052 3053 3054
4 3055 3056 3057 3058
4 351 3055 3059 3060
4 2191 3056 3059 3061
4 352 3060 3062 3063
4 3039 3062 3064 3065
4 1303 3063 3064 3066
4 2192 3061 3067 3068
4 3069 3070 3071 3072
4 3040 3065 3069 3073
4 3050 3070 3073 3074
4 3075 3076 3077 3078
4 3051 3074 3075 3079
4 1562 3080 3081 3082
4 1772 3083 3084 3085
4 1778 3086 3087 3088
4 1773 3083 3086 3089
4 1767 3087 3089 3090
4 1768 3090 3091 3092
4 109 3093 3094 3095
4 1334 3093 3096 3097
4 1329 3094 3096 3098
4 3099 3100 3101 3102
4 113 3099 3103 3104
4 110 3095 3100 3103
4 1335 3097 3105 3106
4 114 3104 3107 3108
4 3109 3110 3111 3112
4 3113 3114 3115 3116
4 3117 3118 3119 3120
4 2470 3117 3121 3122
4 3123 3124 3125 3126
4 1675 3123 3127 3128
4 3129 3130 3131 3132
4 1676 3127 3129 3133
4 1671 3130 3133 3134
4 1672 3134 3135 3136
4 3135 3137 3138 3139
4 2441 3136 3137 3140
4 3141 3142 3143 3144
4 3141 3145 3146 3147
4 519 3148 3149 3150
4 3142 3151 3152 3153
4 1591 3151 3154 3155
4 520 3148 3152 3154
4 1592 3155 3156 3157
4 1373 3158 3159 3160
4 3161 3162 3163 3164
4 1354 3161 3165 3166
4 1374 3158 3162 3165
4 1355 3166 3167 3168
4 3167 3169 3170 3171
4 3168 3169 3172 3173
4 3159 3174 3175 3176
4 3174 3177 3178 3179
4 3180 3181 3182 3183
4 3184 3185 3186 3187
4 376 3188 3189 3190
4 3184 3191 3192 3193
4 377 3188 3194 3195
4 3196 3197 3198 3199
4 3196 3200 3201 3202
4 3197 3200 3203 3204
4 3205 3206 3207 3208
4 3209 3210 3211 3212
4 3209 3213 3214 3215
4 3203 3205 3216 3217
4 2056 3218 3219 3220
4 3210 3221 3222 3223
4 3221 3224 3225 3226
4 3204 3216 3222 3224
4 3227 3228 3229 3230
4 3231 3232 3233 3234
4 3235 3236 3237 3238
4 3231 3235 3239 3240
4 3232 3239 3241 3242
4 374 3243 3244 3245
4 3236 3246 3247 3248
4 375 3243 3246 3249
4 1897 3247 3249 3250
4 1898 3250 3251 3252
4 1895 3251 3253 3254
4 3255 3256 3257 3258
4 463 3259 3260 3261
4 3262 3263 3264 3265
4 464 3259 3262 3266
4 3263 3266 3267 3268
4 1546 3269 3270 3271
4 3264 3272 3273 3274
4 3025 3272 3275 3276
4 3277 3278 3279 3280
4 3026 3275 3277 3281
4 3032 3278 3281 3282
4 3283 3284 3285 3286
4 1547 3269 3283 3287
4 1223 3284 3287 3288
4 1224 3288 3289 3290
4 3029 3289 3291 3292
4 3033 3282 3290 3291
4 1381 3293 3294 3295
4 1239 3296 3297 3298
4 3296 3299 3300 3301
4 1382 3293 3302 3303
4 1421 3304 3305 3306
4 124 3307 3308 3309
4 125 3307 3310 3311
4 3312 3313 3314 3315
4 329 3316 3317 3318
4 3312 3319 3320 3321
4 330 3316 3322 3323
4 3324 3325 3326 3327
4 3324 3328 3329 3330
4 3310 3328 3331 3332
4 3313 3319 3329 3331
4 3311 3332 3333 3334
4 1099 3333 3335 3336
4 2104 3337 3338 3339
4 3337 3340 3341 3342
4 3338 3340 3343 3344
4 3345 3346 3347 3348
4 1855 3349 3350 3351
4 1832 3352 3353 3354
4 3355 3356 3357 3358
4 1856 3349 3355 3359
4 1833 3352 3356 3359
4 3360 3361 3362 3363
4 3360 3364 3365 3366
4 3361 3364 3367 3368
4 2893 3369 3370 3371
4 2894 3369 3372 3373
4 3374 3375 3376 3377
4 3378 3379 3380 3381
4 2878 3382 3383 3384
4 3374 3385 3386 3387
4 2879 3382 3385 3388
4 3386 3388 3389 3390
4 3391 3392 3393 3394
4 3395 3396 3397 3398
4 3399 3400 3401 3402
4 3403 3404 3405 3406
4 650 3407 3408 3409
4 3410 3411 3412 3413
4 3410 3414 3415 3416
4 2457 3417 3418 3419
4 2453 3420 3421 3422
4 3411 3423 3424 3425
4 2454 3420 3423 3426
4 2458 3417 3424 3426
4 1458 3421 3427 3428
4 3429 3430 3431 3432
4 1470 3429 3433 3434
4 3414 3430 3433 3435
4 3415 3435 3436 3437
4 3438 3439 3440 3441
4 758 3438 3442 3443
4 2094 3439 3442 3444
4 759 3443 3445 3446
4 2095 3444 3447 3448
4 3449 3450 3451 3452
4 3453 3454 3455 3456
4 1499 3457 3458 3459
4 3460 3461 3462 3463
4 1455 3460 3464 3465
4 1500 3457 3461 3464
4 1456 3465 3466 3467
4 2851 3468 3469 3470
4 2822 3471 3472 3473
4 2852 3468 3471 3474
4 1423 3475 3476 3477
4 3478 3479 3480 3481
4 3482 3483 3484 3485
4 3478 3486 3487 3488
4 3489 3490 3491 3492
4 3489 3493 3494 3495
4 3496 3497 3498 3499
4 1424 3475 3496 3500
4 1447 3497 3500 3501
4 1448 3501 3502 3503
4 3502 3504 3505 3506
4 3375 3503 3504 3507
4 1598 3508 3509 3510
4 2895 3511 3512 3513
4 3514 3515 3516 3517
4 3518 3519 3520 3521
4 1599 3508 3518 3522
4 1348 3523 3524 3525
4 3519 3526 3527 3528
4 3526 3529 3530 3531
4 1349 3523 3527 3529
4 3532 3533 3534 3535
4 2837 3532 3536 3537
4 1608 3533 3536 3538
4 2832 3539 3540 3541
4 2838 3537 3539 3542
4 2828 3540 3542 3543
4 2833 3541 3544 3545
4 1609 3538 3546 3547
4 3548 3549 3550 3551
4 3552 3553 3554 3555
4 3556 3557 3558 3559
4 3556 3560 3561 3562
4 3560 3563 3564 3565
4 3561 3563 3566 3567
4 2688 3568 3569 3570
4 2689 3568 3571 3572
4 3573 3574 3575 3576
4 3577 3578 3579 3580
4 3581 3582 3583 3584
4 3566 3585 3586 3587
4 3567 3585 3588 3589
4 3590 3591 3592 3593
4 634 3594 3595 3596
4 3597 3598 3599 3600
4 773 3597 3601 3602
4 1624 3598 3601 3603
4 1625 3603 3604 3605
4 3606 3607 3608 3609
4 3610 3611 3612 3613
4 555 3610 3614 3615
4 3616 3617 3618 3619
4 556 3614 3616 3620
4 2066 3617 3620 3621
4 2067 3621 3622 3623
4 3606 3622 3624 3625
4 3623 3624 3626 3627
4 3611 3628 3629 3630
4 3631 3632 3633 3634
4 578 3635 3636 3637
4 579 3635 3638 3639
4 3557 3640 3641 3642
4 3640 3643 3644 3645
4 3641 3643 3646 3647
4 3648 3649 3650 3651
4 2690 3652 3653 3654
4 2691 3652 3655 3656
4 3657 3658 3659 3660
4 194 3661 3662 3663
4 782 3664 3665 3666
4 3667 3668 3669 3670
4 783 3664 3667 3671
4 3668 3671 3672 3673
4 3674 3675 3676 3677
4 2578 3674 3678 3679
4 2085 3675 3678 3680
4 3669 3681 3682 3683
4 2579 3679 3681 3684
4 3685 3686 3687 3688
4 195 3661 3685 3689
4 2089 3686 3689 3690
4 2086 3680 3691 3692
4 2090 3690 3691 3693
4 2097 3692 3693 3694
4 3695 3696 3697 3698
4 3699 3700 3701 3702
4 3703 3704 3705 3706
4 3699 3707 3708 3709
4 3710 3711 3712 3713
4 3700 3707 3710 3714
4 3703 3711 3714 3715
4 3704 3715 3716 3717
4 3544 3718 3719 3720
4 3545 3718 3721 3722
4 3723 3724 3725 3726
4 3708 3727 3728 3729
4 3730 3731 3732 3733
4 3709 3727 3730 3734
4 3731 3734 3735 3736
4 3737 3738 3739 3740
4 3737 3741 3742 3743
4 3646 3738 3741 3744
4 3732 3745 3746 3747
4 3647 3744 3745 3748
4 336 3749 3750 3751
4 337 3749 3752 3753
4 1181 3754 3755 3756
4 3757 3758 3759 3760
4 3757 3761 3762 3763
4 1182 3754 3758 3761
4 1644 3764 3765 3766
4 1645 3764 3767 3768
4 3769 3770 3771 3772
4 3341 3773 3774 3775
4 3776 3777 3778 3779
4 3776 3780 3781 3782
4 3342 3773 3777 3780
4 1425 3783 3784 3785
4 1426 3783 3786 3787
4 1859 3788 3789 3790
4 3769 3791 3792 3793
4 3357 3794 3795 3796
4 3797 3798 3799 3800
4 1677 3797 3801 3802
4 3803 3804 3805 3806
4 1667 3803 3807 3808
4 1678 3801 3804 3807
4 3781 3794 3809 3810
4 3798 3811 3812 3813
4 3782 3809 3811 3814
4 3770 3791 3812 3814
4 3815 3816 3817 3818
4 1860 3788 3815 3819
4 1846 3816 3819 3820
4 1668 3808 3821 3822
4 1330 3821 3823 3824
4 1847 3820 3822 3823
4 2141 3825 3826 3827
4 3828 3829 3830 3831
4 1687 3832 3833 3834
4 3835 3836 3837 3838
4 3839 3840 3841 3842
4 1700 3843 3844 3845
4 3846 3847 3848 3849
4 2520 3850 3851 3852
4 3853 3854 3855 3856
4 2521 3850 3853 3857
4 2510 3854 3857 3858
4 2511 3858 3859 3860
4 2529 3859 3861 3862
4 3855 3863 3864 3865
4 30 3863 3866 3867
4 3868 3869 3870 3871
4 31 3866 3868 3872
4 1693 3869 3872 3873
4 1694 3873 3874 3875
4 3825 3874 3876 3877
4 3875 3876 3878 3879
4 3599 3880 3881 3882
4 3883 3884 3885 3886
4 1705 3883 3887 3888
4 3884 3887 3889 3890
4 3891 3892 3893 3894
4 1706 3888 3891 3895
4 3600 3880 3896 3897
4 3898 3899 3900 3901
4 1720 3902 3903 3904
4 587 3902 3905 3906
4 3091 3907 3908 3909
4 1319 3910 3911 3912
4 3913 3914 3915 3916
4 588 3905 3913 3917
4 3092 3907 3914 3917
4 1320 3910 3918 3919
4 3920 3921 3922 3923
4 3924 3925 3926 3927
4 3928 3929 3930 3931
4 3932 3933 3934 3935
4 3936 3937 3938 3939
4 3940 3941 3942 3943
4 1737 3940 3944 3945
4 3941 3944 3946 3947
4 3948 3949 3950 3951
4 3948 3952 3953 3954
4 1738 3945 3955 3956
4 1753 3957 3958 3959
4 3957 3960 3961 3962
4 3946 3963 3964 3965
4 1734 3963 3966 3967
4 3968 3969 3970 3971
4 3968 3972 3973 3974
4 3947 3964 3969 3972
4 3970 3975 3976 3977
4 3975 3978 3979 3980
4 3981 3982 3983 3984
4 2306 3985 3986 3987
4 2307 3985 3988 3989
4 3990 3991 3992 3993
4 3994 3995 3996 3997
4 3998 3999 4000 4001
4 4002 4003 4004 4005
4 3998 4006 4007 4008
4 4009 4010 4011 4012
4 4009 4013 4014 4015
4 4016 4017 4018 4019
4 4016 4020 4021 4022
4 2919 4017 4020 4023
4 4024 4025 4026 4027
4 1208 4028 4029 4030
4 4028 4031 4032 4033
4 4034 4035 4036 4037
4 2491 4038 4039 4040
4 4041 4042 4043 4044
4 2492 4038 4041 4045
4 4046 4047 4048 4049
4 2493 4050 4051 4052
4 1763 4053 4054 4055
4 2908 4056 4057 4058
4 4059 4060 4061 4062
4 1755 4059 4063 4064
4 4065 4066 4067 4068
4 1756 4063 4065 4069
4 4034 4066 4069 4070
4 4071 4072 4073 4074
4 1764 4053 4071 4075
4 4031 4072 4075 4076
4 4042 4077 4078 4079
4 4032 4076 4077 4080
4 4035 4070 4078 4080
4 4018 4081 4082 4083
4 4084 4085 4086 4087
4 4013 4088 4089 4090
4 4084 4091 4092 4093
4 4094 4095 4096 4097
4 4098 4099 4100 4101
4 4019 4081 4098 4102
4 4014 4088 4099 4102
4 4103 4104 4105 4106
4 4107 4108 4109 4110
4 1026 4107 4111 4112
4 2555 4113 4114 4115
4 1027 4111 4116 4117
4 2556 4113 4116 4118
4 4117 4118 4119 4120
4 4121 4122 4123 4124
4 4125 4126 4127 4128
4 4125 4129 4130 4131
4 4126 4129 4132 4133
4 4134 4135 4136 4137
4 2239 4134 4138 4139
4 4140 4141 4142 4143
4 4140 4144 4145 4146
4 2240 4138 4141 4144
4 4147 4148 4149 4150
4 334 4147 4151 4152
4 4135 4153 4154 4155
4 335 4151 4153 4156
4 4154 4156 4157 4158
4 1406 4159 4160 4161
4 4162 4163 4164 4165
4 1412 4162 4166 4167
4 4163 4166 4168 4169
4 4170 4171 4172 4173
4 1407 4159 4170 4174
4 1416 4171 4174 4175
4 1006 4176 4177 4178
4 1413 4167 4176 4179
4 1417 4175 4177 4179
4 4145 4180 4181 4182
4 951 4183 4184 4185
4 4132 4183 4186 4187
4 4188 4189 4190 4191
4 4133 4186 4188 4192
4 4146 4180 4189 4192
4 1818 4193 4194 4195
4 622 4196 4197 4198
4 4190 4199 4200 4201
4 4168 4199 4202 4203
4 4204 4205 4206 4207
4 623 4196 4204 4208
4 4169 4202 4205 4208
4 4209 4210 4211 4212
4 3017 4209 4213 4214
4 3027 4210 4213 4215
4 3018 4214 4216 4217
4 4206 4218 4219 4220
4 3028 4215 4218 4221
4 1819 4193 4222 4223
4 120 4224 4225 4226
4 1840 4227 4228 4229
4 121 4224 4230 4231
4 4230 4232 4233 4234
4 614 4231 4232 4235
4 615 4235 4236 4237
4 1836 4236 4238 4239
4 1841 4227 4237 4238
4 3314 4240 4241 4242
4 3315 4240 4243 4244
4 4245 4246 4247 4248
4 4249 4250 4251 4252
4 4253 4254 4255 4256
4 1868 4257 4258 4259
4 4245 4260 4261 4262
4 3431 4263 4264 4265
4 4266 4267 4268 4269
4 1881 4266 4270 4271
4 4267 4270 4272 4273
4 4274 4275 4276 4277
4 1882 4271 4274 4278
4 3432 4263 4279 4280
4 647 4281 4282 4283
4 3403 4284 4285 4286
4 4275 4287 4288 4289
4 648 4281 4287 4290
4 3404 4284 4288 4290
4 1893 4291 4292 4293
4 4294 4295 4296 4297
4 4294 4298 4299 4300
4 1894 4291 4295 4298
4 4301 4302 4303 4304
4 4305 4306 4307 4308
4 4309 4310 4311 4312
4 4313 4314 4315 4316
4 1944 4317 4318 4319
4 2195 4320 4321 4322
4 2543 4323 4324 4325
4 4323 4326 4327 4328
4 4329 4330 4331 4332
4 1945 4317 4329 4333
4 2544 4324 4330 4333
4 2196 4320 4334 4335
4 4336 4337 4338 4339
4 4340 4341 4342 4343
4 1964 4344 4345 4346
4 4347 4348 4349 4350
4 1965 4344 4347 4351
4 4352 4353 4354 4355
4 1966 4356 4357 4358
4 1967 4356 4359 4360
4 4361 4362 4363 4364
4 1679 4365 4366 4367
4 1680 4365 4368 4369
4 4370 4371 4372 4373
4 4374 4375 4376 4377
4 2006 4378 4379 4380
4 291 4378 4381 4382
4 2041 4383 4384 4385
4 4386 4387 4388 4389
4 2042 4383 4386 4390
4 2007 4379 4387 4390
4 662 4391 4392 4393
4 4394 4395 4396 4397
4 762 4394 4398 4399
4 148 4395 4398 4400
4 4388 4401 4402 4403
4 149 4400 4401 4404
4 2074 4405 4406 4407
4 767 4405 4408 4409
4 763 4399 4406 4408
4 4410 4411 4412 4413
4 768 4409 4410 4414
4 663 4391 4411 4414
4 2114 4415 4416 4417
4 2110 4418 4419 4420
4 4421 4422 4423 4424
4 2111 4418 4421 4425
4 2115 4415 4422 4425
4 2091 4419 4426 4427
4 4423 4428 4429 4430
4 4428 4431 4432 4433
4 2064 4434 4435 4436
4 4437 4438 4439 4440
4 2065 4434 4437 4441
4 4438 4441 4442 4443
4 4444 4445 4446 4447
4 4448 4449 4450 4451
4 2078 4452 4453 4454
4 4455 4456 4457 4458
4 2079 4452 4455 4459
4 4456 4459 4460 4461
4 2853 4462 4463 4464
4 2854 4462 4465 4466
4 2112 4467 4468 4469
4 4460 4470 4471 4472
4 2107 4473 4474 4475
4 4476 4477 4478 4479
4 4480 4481 4482 4483
4 4480 4484 4485 4486
4 4484 4487 4488 4489
4 4461 4470 4485 4487
4 4490 4491 4492 4493
4 2108 4473 4490 4494
4 2113 4467 4491 4494
4 2116 4495 4496 4497
4 4498 4499 4500 4501
4 3365 4498 4502 4503
4 2117 4495 4499 4502
4 3366 4503 4504 4505
4 4488 4506 4507 4508
4 4509 4510 4511 4512
4 4500 4513 4514 4515
4 4489 4506 4513 4516
4 2829 4517 4518 4519
4 2123 4520 4521 4522
4 3213 4523 4524 4525
4 3214 4523 4526 4527
4 2119 4526 4528 4529
4 2125 4527 4528 4530
4 4531 4532 4533 4534
4 2124 4520 4531 4535
4 2126 4530 4532 4535
4 4536 4537 4538 4539
4 4540 4541 4542 4543
4 2635 4544 4545 4546
4 2636 4544 4547 4548
4 2310 4549 4550 4551
4 4552 4553 4554 4555
4 4552 4556 4557 4558
4 2311 4549 4553 4556
4 4559 4560 4561 4562
4 2231 4559 4563 4564
4 4157 4560 4563 4565
4 2211 4566 4567 4568
4 2232 4564 4566 4569
4 2234 4567 4569 4570
4 4571 4572 4573 4574
4 2205 4571 4575 4576
4 4158 4565 4577 4578
4 4579 4580 4581 4582
4 2206 4575 4579 4583
4 2235 4570 4580 4583
4 1187 4584 4585 4586
4 4572 4587 4588 4589
4 1188 4584 4587 4590
4 3762 4588 4590 4591
4 3763 4591 4592 4593
4 39 4594 4595 4596
4 2272 4597 4598 4599
4 4600 4601 4602 4603
4 40 4594 4600 4604
4 2273 4597 4601 4604
4 4598 4605 4606 4607
4 4608 4609 4610 4611
4 2248 4608 4612 4613
4 897 4609 4612 4614
4 4602 4615 4616 4617
4 2249 4613 4615 4618
4 1473 4619 4620 4621
4 891 4619 4622 4623
4 898 4614 4620 4622
4 4624 4625 4626 4627
4 892 4623 4624 4628
4 4625 4628 4629 4630
4 2290 4631 4632 4633
4 4634 4635 4636 4637
4 4638 4639 4640 4641
4 4638 4642 4643 4644
4 4639 4642 4645 4646
4 4647 4648 4649 4650
4 4605 4647 4651 4652
4 2274 4648 4651 4653
4 4654 4655 4656 4657
4 2275 4653 4654 4658
4 4655 4658 4659 4660
4 4661 4662 4663 4664
4 4661 4665 4666 4667
4 4662 4665 4668 4669
4 4670 4671 4672 4673
4 4674 4675 4676 4677
4 4674 4678 4679 4680
4 4675 4678 4681 4682
4 2326 4683 4684 4685
4 4686 4687 4688 4689
4 4690 4691 4692 4693
4 2327 4683 4694 4695
4 4696 4697 4698 4699
4 4700 4701 4702 4703
4 4704 4705 4706 4707
4 1011 4704 4708 4709
4 250 4705 4708 4710
4 251 4710 4711 4712
4 2385 4711 4713 4714
4 4712 4713 4715 4716
4 1012 4709 4717 4718
4 571 4719 4720 4721
4 1633 4722 4723 4724
4 1634 4719 4722 4725
4 2343 4726 4727 4728
4 4729 4730 4731 4732
4 4729 4733 4734 4735
4 2344 4726 4730 4733
4 4736 4737 4738 4739
4 2473 4740 4741 4742
4 4743 4744 4745 4746
4 3109 4743 4747 4748
4 3138 4744 4747 4749
4 4750 4751 4752 4753
4 3139 4749 4750 4754
4 4755 4756 4757 4758
4 2474 4740 4755 4759
4 2475 4756 4759 4760
4 3110 4748 4761 4762
4 2476 4760 4761 4763
4 2444 4762 4763 4764
4 4751 4765 4766 4767
4 4765 4768 4769 4770
4 4766 4768 4771 4772
4 4773 4774 4775 4776
4 4771 4773 4777 4778
4 2438 4774 4777 4779
4 2439 4779 4780 4781
4 4700 4780 4782 4783
4 4696 4781 4782 4784
4 4772 4778 4785 4786
4 4787 4788 4789 4790
4 4787 4791 4792 4793
4 4697 4784 4788 4791
4 47 4794 4795 4796
4 4797 4798 4799 4800
4 430 4797 4801 4802
4 4798 4801 4803 4804
4 431 4802 4805 4806
4 2538 4805 4807 4808
4 435 4806 4807 4809
4 4810 4811 4812 4813
4 48 4794 4810 4814
4 436 4809 4811 4814
4 2432 4815 4816 4817
4 4818 4819 4820 4821
4 4818 4822 4823 4824
4 4769 4822 4825 4826
4 4827 4828 4829 4830
4 4770 4825 4827 4831
4 4828 4831 4832 4833
4 1116 4834 4835 4836
4 4837 4838 4839 4840
4 2433 4815 4837 4841
4 4838 4841 4842 4843
4 4844 4845 4846 4847
4 2553 4848 4849 4850
4 4851 4852 4853 4854
4 4844 4855 4856 4857
4 4803 4855 4858 4859
4 2554 4848 4856 4858
4 4804 4851 4859 4860
4 4861 4862 4863 4864
4 2380 4865 4866 4867
4 4868 4869 4870 4871
4 2262 4868 4872 4873
4 2260 4869 4872 4874
4 4861 4875 4876 4877
4 2261 4874 4875 4878
4 4879 4880 4881 4882
4 2381 4865 4879 4883
4 1117 4880 4883 4884
4 1118 4884 4885 4886
4 2263 4873 4885 4887
4 2256 4886 4887 4888
4 4889 4890 4891 4892
4 4889 4893 4894 4895
4 4890 4893 4896 4897
4 4898 4899 4900 4901
4 4898 4902 4903 4904
4 4666 4905 4906 4907
4 4899 4908 4909 4910
4 4667 4905 4908 4911
4 4909 4911 4912 4913
4 1029 4914 4915 4916
4 1046 4917 4918 4919
4 4920 4921 4922 4923
4 1030 4914 4920 4924
4 1047 4917 4921 4924
4 4918 4925 4926 4927
4 4922 4928 4929 4930
4 4928 4931 4932 4933
4 4852 4934 4935 4936
4 4937 4938 4939 4940
4 4694 4941 4942 4943
4 4792 4944 4945 4946
4 4947 4948 4949 4950
4 4793 4944 4947 4951
4 4695 4941 4948 4951
4 4891 4945 4952 4953
4 2332 4954 4955 4956
4 4949 4957 4958 4959
4 2333 4954 4957 4960
4 2503 4961 4962 4963
4 4964 4965 4966 4967
4 4964 4968 4969 4970
4 2507 4965 4968 4971
4 266 4972 4973 4974
4 2508 4971 4972 4975
4 2504 4961 4973 4975
4 534 4976 4977 4978
4 535 4976 4979 4980
4 2582 4979 4981 4982
4 4983 4984 4985 4986
4 4987 4988 4989 4990
4 4991 4992 4993 4994
4 4991 4995 4996 4997
4 4955 4992 4995 4998
4 4956 4998 4999 5000
4 4969 5001 5002 5003
4 4983 5004 5005 5006
4 2571 5004 5007 5008
4 4970 5001 5005 5007
4 2572 5008 5009 5010
4 2575 5009 5011 5012
4 3839 5013 5014 5015
4 5016 5017 5018 5019
4 5013 5020 5021 5022
4 5023 5024 5025 5026
4 5027 5028 5029 5030
4 5031 5032 5033 5034
4 3302 5035 5036 5037
4 5038 5039 5040 5041
4 3303 5035 5038 5042
4 5039 5042 5043 5044
4 5045 5046 5047 5048
4 3000 5049 5050 5051
4 5040 5052 5053 5054
4 3001 5049 5052 5055
4 1304 5056 5057 5058
4 2600 5059 5060 5061
4 2664 5062 5063 5064
4 2684 5065 5066 5067
4 5068 5069 5070 5071
4 5068 5072 5073 5074
4 5043 5069 5072 5075
4 5076 5077 5078 5079
4 5044 5075 5076 5080
4 2660 5065 5081 5082
4 5077 5083 5084 5085
4 2661 5081 5083 5086
4 2665 5062 5084 5086
4 5087 5088 5089 5090
4 5087 5091 5092 5093
4 2601 5059 5088 5091
4 1344 5094 5095 5096
4 2610 5094 5097 5098
4 2606 5095 5097 5099
4 5100 5101 5102 5103
4 1345 5096 5100 5104
4 3530 5101 5104 5105
4 2611 5098 5106 5107
4 3531 5105 5108 5109
4 3657 5110 5111 5112
4 3658 5110 5113 5114
4 5115 5116 5117 5118
4 4649 5115 5119 5120
4 4650 5119 5121 5122
4 2637 5123 5124 5125
4 5126 5127 5128 5129
4 2638 5123 5130 5131
4 5132 5133 5134 5135
4 2622 5132 5136 5137
4 2675 5133 5136 5138
4 5139 5140 5141 5142
4 2623 5137 5139 5143
4 5144 5145 5146 5147
4 5148 5149 5150 5151
4 5148 5152 5153 5154
4 2679 5149 5152 5155
4 2639 5156 5157 5158
4 2676 5138 5156 5159
4 2680 5155 5157 5159
4 5160 5161 5162 5163
4 5160 5164 5165 5166
4 5167 5168 5169 5170
4 5167 5171 5172 5173
4 5174 5175 5176 5177
4 5174 5178 5179 5180
4 5175 5178 5181 5182
4 5168 5183 5184 5185
4 5186 5187 5188 5189
4 5190 5191 5192 5193
4 5186 5194 5195 5196
4 5197 5198 5199 5200
4 5197 5201 5202 5203
4 2707 5204 5205 5206
4 5207 5208 5209 5210
4 2708 5204 5207 5211
4 5208 5211 5212 5213
4 2698 5214 5215 5216
4 5198 5217 5218 5219
4 2699 5214 5217 5220
4 1194 5218 5220 5221
4 1195 5221 5222 5223
4 2729 5222 5224 5225
4 2747 5226 5227 5228
4 5229 5230 5231 5232
4 2748 5226 5229 5233
4 2755 5230 5233 5234
4 2756 5234 5235 5236
4 5235 5237 5238 5239
4 5236 5237 5240 5241
4 5242 5243 5244 5245
4 2745 5246 5247 5248
4 5249 5250 5251 5252
4 5253 5254 5255 5256
4 5257 5258 5259 5260
4 5249 5261 5262 5263
4 331 5261 5264 5265
4 2746 5246 5262 5264
4 332 5265 5266 5267
4 3383 5266 5268 5269
4 5270 5271 5272 5273
4 5274 5275 5276 5277
4 5278 5279 5280 5281
4 5278 5282 5283 5284
4 2749 5279 5282 5285
4 2750 5285 5286 5287
4 5288 5289 5290 5291
4 4094 5288 5292 5293
4 4089 5289 5292 5294
4 5280 5295 5296 5297
4 4090 5294 5295 5298
4 5299 5300 5301 5302
4 5201 5299 5303 5304
4 5300 5303 5305 5306
4 5202 5304 5307 5308
4 4095 5293 5307 5309
4 4091 5308 5309 5310
4 5311 5312 5313 5314
4 5315 5316 5317 5318
4 5311 5319 5320 5321
4 2631 5322 5323 5324
4 2632 5322 5325 5326
4 5164 5327 5328 5329
4 2779 5330 5331 5332
4 2780 5330 5333 5334
4 5335 5336 5337 5338
4 5327 5339 5340 5341
4 5342 5343 5344 5345
4 5342 5346 5347 5348
4 5328 5339 5343 5346
4 5349 5350 5351 5352
4 2681 5353 5354 5355
4 5323 5353 5356 5357
4 5335 5358 5359 5360
4 5324 5356 5358 5361
4 5359 5361 5362 5363
4 5364 5365 5366 5367
4 5368 5369 5370 5371
4 5372 5373 5374 5375
4 5376 5377 5378 5379
4 5372 5376 5380 5381
4 1228 5382 5383 5384
4 1229 5382 5385 5386
4 5385 5387 5388 5389
4 5373 5380 5386 5387
4 5390 5391 5392 5393
4 5394 5395 5396 5397
4 5394 5398 5399 5400
4 5395 5398 5401 5402
4 5403 5404 5405 5406
4 5377 5407 5408 5409
4 2760 5410 5411 5412
4 2761 5410 5413 5414
4 2811 5415 5416 5417
4 5418 5419 5420 5421
4 340 5418 5422 5423
4 2812 5415 5419 5422
4 341 5423 5424 5425
4 1136 5424 5426 5427
4 5428 5429 5430 5431
4 364 5428 5432 5433
4 2863 5429 5432 5434
4 5420 5435 5436 5437
4 2864 5434 5435 5438
4 5439 5440 5441 5442
4 390 5439 5443 5444
4 5440 5443 5445 5446
4 391 5444 5447 5448
4 369 5447 5449 5450
4 365 5433 5448 5449
4 5451 5452 5453 5454
4 2868 5451 5455 5456
4 2869 5455 5457 5458
4 1536 5459 5460 5461
4 5462 5463 5464 5465
4 5452 5466 5467 5468
4 1394 5469 5470 5471
4 443 5472 5473 5474
4 5475 5476 5477 5478
4 1395 5469 5475 5479
4 5476 5479 5480 5481
4 5477 5482 5483 5484
4 3255 5482 5485 5486
4 5487 5488 5489 5490
4 1492 5487 5491 5492
4 3256 5485 5488 5491
4 5493 5494 5495 5496
4 445 5493 5497 5498
4 1493 5492 5494 5497
4 5499 5500 5501 5502
4 446 5498 5499 5503
4 444 5472 5500 5503
4 5504 5505 5506 5507
4 1765 5504 5508 5509
4 2904 5505 5508 5510
4 2905 5510 5511 5512
4 1766 5509 5513 5514
4 5515 5516 5517 5518
4 5513 5519 5520 5521
4 5506 5522 5523 5524
4 4021 5522 5525 5526
4 5527 5528 5529 5530
4 5527 5531 5532 5533
4 4022 5525 5528 5531
4 5534 5535 5536 5537
4 327 5534 5538 5539
4 5535 5538 5540 5541
4 328 5539 5542 5543
4 1095 5542 5544 5545
4 1196 5546 5547 5548
4 5549 5550 5551 5552
4 5257 5549 5553 5554
4 5253 5550 5553 5555
4 5536 5556 5557 5558
4 5254 5555 5556 5559
4 5560 5561 5562 5563
4 1197 5546 5560 5564
4 5194 5561 5564 5565
4 5195 5565 5566 5567
4 5258 5554 5566 5568
4 5250 5567 5568 5569
4 2963 5570 5571 5572
4 5374 5573 5574 5575
4 2964 5570 5576 5577
4 1280 5578 5579 5580
4 2961 5576 5581 5582
4 1281 5578 5583 5584
4 1296 5583 5585 5586
4 1289 5584 5585 5587
4 5588 5589 5590 5591
4 5375 5573 5588 5592
4 1297 5586 5589 5592
4 5593 5594 5595 5596
4 5255 5593 5597 5598
4 2880 5599 5600 5601
4 5602 5603 5604 5605
4 5242 5602 5606 5607
4 5256 5597 5603 5606
4 5594 5608 5609 5610
4 5611 5612 5613 5614
4 2881 5599 5611 5615
4 2882 5612 5615 5616
4 2883 5616 5617 5618
4 5243 5607 5617 5619
4 2721 5618 5619 5620
4 5621 5622 5623 5624
4 2995 5621 5625 5626
4 2979 5622 5625 5627
4 2980 5627 5628 5629
4 2996 5626 5630 5631
4 5632 5633 5634 5635
4 2937 5632 5636 5637
4 2984 5633 5636 5638
4 5623 5639 5640 5641
4 2985 5638 5639 5642
4 2938 5637 5643 5644
4 5643 5645 5646 5647
4 3052 5644 5645 5648
4 3920 5649 5650 5651
4 5652 5653 5654 5655
4 5652 5656 5657 5658
4 3921 5649 5653 5656
4 5659 5660 5661 5662
4 2177 5663 5664 5665
4 5663 5666 5667 5668
4 3036 5664 5666 5669
4 5670 5671 5672 5673
4 5674 5675 5676 5677
4 2178 5665 5674 5678
4 2175 5675 5678 5679
4 5680 5681 5682 5683
4 2176 5679 5680 5684
4 3918 5685 5686 5687
4 5657 5688 5689 5690
4 5681 5691 5692 5693
4 3919 5685 5691 5694
4 5658 5688 5692 5694
4 5689 5695 5696 5697
4 3076 5698 5699 5700
4 5701 5702 5703 5704
4 454 5705 5706 5707
4 455 5705 5708 5709
4 3260 5708 5710 5711
4 5712 5713 5714 5715
4 5716 5717 5718 5719
4 5720 5721 5722 5723
4 5724 5725 5726 5727
4 3084 5728 5729 5730
4 5659 5731 5732 5733
4 3915 5734 5735 5736
4 5737 5738 5739 5740
4 4002 5737 5741 5742
4 5720 5738 5741 5743
4 5744 5745 5746 5747
4 5721 5743 5744 5748
4 5650 5734 5749 5750
4 5745 5751 5752 5753
4 5660 5731 5751 5754
4 5651 5749 5752 5754
4 4006 5755 5756 5757
4 4010 5755 5758 5759
4 4003 5742 5756 5758
4 5760 5761 5762 5763
4 4007 5757 5760 5764
4 3085 5728 5761 5764
4 5765 5766 5767 5768
4 5769 5770 5771 5772
4 5769 5773 5774 5775
4 5773 5776 5777 5778
4 5779 5780 5781 5782
4 5779 5783 5784 5785
4 2672 5780 5783 5786
4 1577 5787 5788 5789
4 5790 5791 5792 5793
4 5790 5794 5795 5796
4 1578 5787 5791 5794
4 447 5797 5798 5799
4 5797 5800 5801 5802
4 3486 5803 5804 5805
4 3487 5803 5806 5807
4 3482 5806 5808 5809
4 3490 5807 5808 5810
4 5811 5812 5813 5814
4 3483 5809 5811 5815
4 1428 5812 5815 5816
4 1429 5816 5817 5818
4 5819 5820 5821 5822
4 3577 5823 5824 5825
4 3156 5823 5826 5827
4 5828 5829 5830 5831
4 5828 5832 5833 5834
4 3578 5824 5829 5832
4 1583 5835 5836 5837
4 5838 5839 5840 5841
4 1376 5838 5842 5843
4 3180 5839 5842 5844
4 5830 5845 5846 5847
4 1377 5843 5845 5848
4 3185 5849 5850 5851
4 3206 5849 5852 5853
4 3181 5844 5850 5852
4 5854 5855 5856 5857
4 3186 5851 5854 5858
4 1584 5835 5855 5858
4 5161 5859 5860 5861
4 3170 5862 5863 5864
4 5140 5865 5866 5867
4 5144 5865 5868 5869
4 5162 5859 5866 5868
4 5870 5871 5872 5873
4 3171 5862 5870 5874
4 5145 5869 5871 5874
4 3241 5875 5876 5877
4 5878 5879 5880 5881
4 4301 5882 5883 5884
4 4302 5882 5885 5886
4 3242 5875 5887 5888
4 5889 5890 5891 5892
4 5706 5893 5894 5895
4 1388 5896 5897 5898
4 5899 5900 5901 5902
4 5707 5893 5899 5903
4 5904 5905 5906 5907
4 1519 5904 5908 5909
4 5900 5910 5911 5912
4 1520 5908 5910 5913
4 5911 5913 5914 5915
4 5916 5917 5918 5919
4 5894 5920 5921 5922
4 5923 5924 5925 5926
4 1540 5923 5927 5928
4 5929 5930 5931 5932
4 5878 5929 5933 5934
4 5935 5936 5937 5938
4 5879 5933 5935 5939
4 5889 5936 5939 5940
4 1384 5941 5942 5943
4 5890 5940 5941 5944
4 5896 5942 5944 5945
4 5946 5947 5948 5949
4 5895 5920 5946 5950
4 5897 5945 5947 5950
4 1474 5951 5952 5953
4 5951 5954 5955 5956
4 5952 5954 5957 5958
4 1569 5959 5960 5961
4 1570 5959 5962 5963
4 5955 5964 5965 5966
4 5967 5968 5969 5970
4 1502 5967 5971 5972
4 674 5968 5971 5973
4 1503 5972 5974 5975
4 5976 5977 5978 5979
4 675 5973 5976 5980
4 5956 5964 5981 5982
4 5977 5983 5984 5985
4 3267 5986 5987 5988
4 3453 5989 5990 5991
4 5992 5993 5994 5995
4 626 5992 5996 5997
4 5993 5996 5998 5999
4 3449 6000 6001 6002
4 3450 6000 6003 6004
4 3454 5989 6003 6005
4 6004 6005 6006 6007
4 5962 6001 6008 6009
4 478 6010 6011 6012
4 470 6010 6013 6014
4 627 5997 6011 6013
4 6015 6016 6017 6018
4 479 6012 6015 6019
4 3268 5986 6016 6019
4 3299 6020 6021 6022
4 64 6023 6024 6025
4 6026 6027 6028 6029
4 65 6023 6026 6030
4 3300 6020 6027 6030
4 5388 6031 6032 6033
4 6034 6035 6036 6037
4 5073 6038 6039 6040
4 2612 6041 6042 6043
4 5092 6041 6044 6045
4 6046 6047 6048 6049
4 5093 6044 6046 6050
4 5074 6038 6047 6050
4 6051 6052 6053 6054
4 6051 6055 6056 6057
4 6021 6052 6055 6058
4 6048 6059 6060 6061
4 6022 6058 6059 6062
4 3308 6063 6064 6065
4 6066 6067 6068 6069
4 6066 6070 6071 6072
4 3309 6063 6067 6070
4 1812 6073 6074 6075
4 6068 6076 6077 6078
4 6079 6080 6081 6082
4 1813 6073 6079 6083
4 6080 6083 6084 6085
4 3322 6086 6087 6088
4 3323 6086 6089 6090
4 6091 6092 6093 6094
4 6095 6096 6097 6098
4 2884 6099 6100 6101
4 3389 6102 6103 6104
4 5181 6099 6105 6106
4 6107 6108 6109 6110
4 6107 6111 6112 6113
4 5182 6105 6108 6111
4 6114 6115 6116 6117
4 1442 6114 6118 6119
4 6115 6118 6120 6121
4 6109 6122 6123 6124
4 1443 6119 6122 6125
4 3390 6102 6126 6127
4 6128 6129 6130 6131
4 3395 6128 6132 6133
4 3391 6129 6132 6134
4 5819 6135 6136 6137
4 6138 6139 6140 6141
4 3396 6133 6138 6142
4 3392 6134 6143 6144
4 4222 6145 6146 6147
4 5820 6135 6148 6149
4 6139 6150 6151 6152
4 4216 6150 6153 6154
4 4223 6145 6151 6153
4 4217 6154 6155 6156
4 6155 6157 6158 6159
4 5540 6160 6161 6162
4 3399 6163 6164 6165
4 6166 6167 6168 6169
4 5571 6166 6170 6171
4 5541 6160 6172 6173
4 6174 6175 6176 6177
4 3400 6163 6174 6178
4 5572 6170 6175 6178
4 5579 6179 6180 6181
4 1179 6182 6183 6184
4 1109 6182 6185 6186
4 6167 6187 6188 6189
4 1110 6185 6187 6190
4 5580 6179 6188 6190
4 6164 6191 6192 6193
4 6161 6194 6195 6196
4 6197 6198 6199 6200
4 6162 6194 6197 6201
4 6165 6191 6198 6201
4 6074 6202 6203 6204
4 6199 6205 6206 6207
4 6075 6202 6205 6208
4 6209 6210 6211 6212
4 6076 6213 6214 6215
4 6216 6217 6218 6219
4 1129 6216 6220 6221
4 3407 6217 6220 6222
4 6223 6224 6225 6226
4 3405 6223 6227 6228
4 3408 6222 6224 6227
4 3406 6228 6229 6230
4 378 6231 6232 6233
4 379 6231 6234 6235
4 26 6234 6236 6237
4 6238 6239 6240 6241
4 3445 6238 6242 6243
4 6239 6242 6244 6245
4 3446 6243 6246 6247
4 2455 6248 6249 6250
4 6251 6252 6253 6254
4 3113 6251 6255 6256
4 6252 6255 6257 6258
4 3124 6259 6260 6261
4 3118 6259 6262 6263
4 3114 6256 6260 6262
4 6264 6265 6266 6267
4 3119 6263 6264 6268
4 2456 6248 6265 6268
4 6269 6270 6271 6272
4 1124 6269 6273 6274
4 6270 6273 6275 6276
4 2462 6277 6278 6279
4 1125 6274 6280 6281
4 4819 6280 6282 6283
4 4834 6281 6282 6284
4 6285 6286 6287 6288
4 2463 6277 6285 6289
4 4820 6283 6286 6289
4 3455 6290 6291 6292
4 2477 6293 6294 6295
4 2464 6293 6296 6297
4 2465 6296 6298 6299
4 3456 6290 6298 6300
4 6299 6300 6301 6302
4 3451 6303 6304 6305
4 1478 6306 6307 6308
4 6301 6309 6310 6311
4 6312 6313 6314 6315
4 6312 6316 6317 6318
4 5957 6313 6316 6319
4 6320 6321 6322 6323
4 5958 6319 6320 6324
4 6275 6309 6325 6326
4 6321 6327 6328 6329
4 1479 6306 6327 6330
4 6276 6325 6328 6330
4 6331 6332 6333 6334
4 6331 6335 6336 6337
4 3452 6303 6332 6335
4 6338 6339 6340 6341
4 3509 6338 6342 6343
4 3511 6339 6342 6344
4 2899 6345 6346 6347
4 3514 6345 6348 6349
4 3512 6344 6346 6348
4 3510 6343 6350 6351
4 6352 6353 6354 6355
4 3515 6349 6352 6356
4 6353 6356 6357 6358
4 6359 6360 6361 6362
4 3548 6363 6364 6365
4 4536 6366 6367 6368
4 4537 6366 6369 6370
4 6371 6372 6373 6374
4 6375 6376 6377 6378
4 3549 6363 6375 6379
4 6380 6381 6382 6383
4 3695 6384 6385 6386
4 6371 6387 6388 6389
4 6372 6387 6390 6391
4 6392 6393 6394 6395
4 3550 6392 6396 6397
4 6393 6396 6398 6399
4 6400 6401 6402 6403
4 3551 6397 6404 6405
4 190 6406 6407 6408
4 191 6406 6409 6410
4 3564 6411 6412 6413
4 6359 6414 6415 6416
4 6417 6418 6419 6420
4 3565 6411 6417 6421
4 6360 6414 6418 6421
4 6422 6423 6424 6425
4 6426 6427 6428 6429
4 6426 6430 6431 6432
4 6433 6434 6435 6436
4 6433 6437 6438 6439
4 6440 6441 6442 6443
4 6444 6445 6446 6447
4 5183 6444 6448 6449
4 6445 6448 6450 6451
4 6452 6453 6454 6455
4 6452 6456 6457 6458
4 5184 6449 6453 6456
4 3145 6459 6460 6461
4 2686 6462 6463 6464
4 2607 6465 6466 6467
4 1340 6465 6468 6469
4 3146 6459 6466 6468
4 6470 6471 6472 6473
4 1341 6469 6470 6474
4 2687 6462 6471 6474
4 6475 6476 6477 6478
4 5023 6475 6479 6480
4 3590 6476 6479 6481
4 6482 6483 6484 6485
4 5024 6480 6482 6486
4 5020 6483 6486 6487
4 3591 6481 6488 6489
4 5021 6487 6490 6491
4 6492 6493 6494 6495
4 6492 6496 6497 6498
4 6071 6493 6496 6499
4 6072 6499 6500 6501
4 6502 6503 6504 6505
4 6506 6507 6508 6509
4 1690 6510 6511 6512
4 3896 6513 6514 6515
4 3897 6513 6516 6517
4 1620 6518 6519 6520
4 3607 6521 6522 6523
4 1621 6518 6521 6524
4 6522 6524 6525 6526
4 6527 6528 6529 6530
4 4734 6531 6532 6533
4 6534 6535 6536 6537
4 6538 6539 6540 6541
4 1834 6538 6542 6543
4 3628 6539 6542 6544
4 3629 6544 6545 6546
4 6534 6545 6547 6548
4 6546 6547 6549 6550
4 1835 6543 6551 6552
4 6553 6554 6555 6556
4 6535 6548 6553 6557
4 6554 6557 6558 6559
4 6560 6561 6562 6563
4 3353 6564 6565 6566
4 6549 6567 6568 6569
4 6570 6571 6572 6573
4 3631 6574 6575 6576
4 6400 6577 6578 6579
4 6398 6580 6581 6582
4 6583 6584 6585 6586
4 6399 6580 6583 6587
4 6401 6577 6584 6587
4 6585 6588 6589 6590
4 5340 6588 6591 6592
4 6593 6594 6595 6596
4 5349 6593 6597 6598
4 5341 6591 6594 6597
4 6599 6600 6601 6602
4 2776 6599 6603 6604
4 3632 6574 6600 6603
4 2777 6604 6605 6606
4 5336 6605 6607 6608
4 5350 6598 6606 6607
4 6609 6610 6611 6612
4 6613 6614 6615 6616
4 6617 6618 6619 6620
4 6621 6622 6623 6624
4 3644 6625 6626 6627
4 6609 6628 6629 6630
4 6610 6628 6631 6632
4 6631 6633 6634 6635
4 6632 6633 6636 6637
4 3645 6625 6638 6639
4 6640 6641 6642 6643
4 3588 6644 6645 6646
4 3659 6647 6648 6649
4 6361 6650 6651 6652
4 6653 6654 6655 6656
4 6653 6657 6658 6659
4 6354 6650 6660 6661
4 6654 6662 6663 6664
4 6355 6660 6662 6665
4 3660 6647 6663 6665
4 6666 6667 6668 6669
4 3589 6644 6666 6670
4 6427 6667 6670 6671
4 6672 6673 6674 6675
4 6428 6671 6672 6676
4 6434 6673 6676 6677
4 6678 6679 6680 6681
4 3672 6678 6682 6683
4 3673 6682 6684 6685
4 777 6686 6687 6688
4 4442 6689 6690 6691
4 6692 6693 6694 6695
4 6679 6696 6697 6698
4 4443 6689 6696 6699
4 4444 6697 6699 6700
4 4445 6700 6701 6702
4 3728 6701 6703 6704
4 3716 6705 6706 6707
4 3721 6705 6708 6709
4 3735 6710 6711 6712
4 1605 6713 6714 6715
4 6716 6717 6718 6719
4 1606 6713 6716 6720
4 3722 6708 6717 6720
4 6721 6722 6723 6724
4 6415 6721 6725 6726
4 6722 6725 6727 6728
4 6718 6729 6730 6731
4 6416 6726 6729 6732
4 3736 6710 6733 6734
4 1635 6735 6736 6737
4 6738 6739 6740 6741
4 3752 6742 6743 6744
4 6745 6746 6747 6748
4 1636 6735 6745 6749
4 3753 6742 6746 6749
4 4060 6750 6751 6752
4 6747 6753 6754 6755
4 6753 6756 6757 6758
4 4592 6743 6759 6760
4 3771 6761 6762 6763
4 1658 6764 6765 6766
4 107 6767 6768 6769
4 6770 6771 6772 6773
4 1659 6764 6770 6774
4 3772 6761 6771 6774
4 1451 6765 6775 6776
4 6777 6778 6779 6780
4 481 6777 6781 6782
4 3784 6778 6781 6783
4 6772 6784 6785 6786
4 3785 6783 6784 6787
4 6788 6789 6790 6791
4 108 6767 6788 6792
4 1579 6789 6792 6793
4 482 6782 6794 6795
4 1580 6793 6794 6796
4 3479 6795 6796 6797
4 6798 6799 6800 6801
4 1979 6798 6802 6803
4 6804 6805 6806 6807
4 1980 6802 6804 6808
4 3828 6805 6808 6809
4 1941 6810 6811 6812
4 3829 6809 6810 6813
4 3832 6811 6813 6814
4 6815 6816 6817 6818
4 6815 6819 6820 6821
4 3833 6814 6816 6819
4 1024 6822 6823 6824
4 6799 6825 6826 6827
4 739 6828 6829 6830
4 2530 6831 6832 6833
4 740 6828 6834 6835
4 6836 6837 6838 6839
4 5031 6836 6840 6841
4 5016 6837 6840 6842
4 5032 6841 6843 6844
4 2531 6831 6845 6846
4 5017 6842 6845 6847
4 2533 6846 6847 6848
4 3924 6849 6850 6851
4 585 6852 6853 6854
4 6855 6856 6857 6858
4 586 6852 6855 6859
4 6856 6859 6860 6861
4 6857 6862 6863 6864
4 6862 6865 6866 6867
4 6868 6869 6870 6871
4 5519 6868 6872 6873
4 1760 6869 6872 6874
4 6875 6876 6877 6878
4 1761 6874 6875 6879
4 3925 6849 6876 6879
4 6880 6881 6882 6883
4 6860 6884 6885 6886
4 3990 6887 6888 6889
4 6890 6891 6892 6893
4 6890 6894 6895 6896
4 6861 6884 6891 6894
4 3991 6887 6897 6898
4 6899 6900 6901 6902
4 594 6899 6903 6904
4 6905 6906 6907 6908
4 595 6903 6905 6909
4 4352 6906 6909 6910
4 4348 6911 6912 6913
4 4353 6910 6911 6914
4 6912 6914 6915 6916
4 1739 6917 6918 6919
4 2308 6917 6920 6921
4 3973 6922 6923 6924
4 2309 6920 6925 6926
4 3928 6927 6928 6929
4 6930 6931 6932 6933
4 3952 6930 6934 6935
4 3974 6922 6931 6934
4 3953 6935 6936 6937
4 2534 6936 6938 6939
4 3929 6927 6937 6938
4 6940 6941 6942 6943
4 6944 6945 6946 6947
4 6948 6949 6950 6951
4 6948 6952 6953 6954
4 1786 6949 6952 6955
4 6956 6957 6958 6959
4 1787 6955 6956 6960
4 4845 6957 6960 6961
4 4862 6962 6963 6964
4 6965 6966 6967 6968
4 6965 6969 6970 6971
4 4863 6962 6966 6969
4 2522 6972 6973 6974
4 2512 6975 6976 6977
4 2527 6972 6978 6979
4 6980 6981 6982 6983
4 2528 6978 6980 6984
4 6981 6984 6985 6986
4 6987 6988 6989 6990
4 3932 6987 6991 6992
4 6988 6991 6993 6994
4 6995 6996 6997 6998
4 1013 6995 6999 7000
4 2513 6975 6996 6999
4 1014 7000 7001 7002
4 3936 7001 7003 7004
4 3933 6992 7002 7003
4 7005 7006 7007 7008
4 7005 7009 7010 7011
4 7006 7009 7012 7013
4 6750 7014 7015 7016
4 6738 7017 7018 7019
4 4056 7020 7021 7022
4 6739 7017 7020 7023
4 6751 7014 7021 7023
4 7024 7025 7026 7027
4 7024 7028 7029 7030
4 4103 7031 7032 7033
4 7031 7034 7035 7036
4 7037 7038 7039 7040
4 7041 7042 7043 7044
4 4121 7041 7045 7046
4 7042 7045 7047 7048
4 7049 7050 7051 7052
4 4122 7046 7049 7053
4 7028 7050 7053 7054
4 7055 7056 7057 7058
4 7055 7059 7060 7061
4 4130 7062 7063 7064
4 7065 7066 7067 7068
4 7065 7069 7070 7071
4 4131 7062 7066 7069
4 6203 7072 7073 7074
4 7067 7075 7076 7077
4 3397 7075 7078 7079
4 7080 7081 7082 7083
4 3398 7078 7080 7084
4 6209 7081 7084 7085
4 3304 7086 7087 7088
4 6210 7085 7086 7089
4 6213 7087 7089 7090
4 7091 7092 7093 7094
4 6204 7072 7091 7095
4 6214 7090 7092 7095
4 4228 7096 7097 7098
4 1435 7099 7100 7101
4 7102 7103 7104 7105
4 1436 7099 7102 7106
4 4241 7103 7106 7107
4 4242 7107 7108 7109
4 4225 7108 7110 7111
4 7112 7113 7114 7115
4 115 7112 7116 7117
4 931 7113 7116 7118
4 7104 7119 7120 7121
4 116 7117 7119 7122
4 944 7123 7124 7125
4 932 7118 7123 7126
4 928 7124 7126 7127
4 7128 7129 7130 7131
4 929 7127 7128 7132
4 4229 7096 7129 7132
4 4279 7133 7134 7135
4 4280 7133 7136 7137
4 5983 7138 7139 7140
4 5984 7138 7141 7142
4 4285 7143 7144 7145
4 7143 7146 7147 7148
4 7149 7150 7151 7152
4 6218 7153 7154 7155
4 2842 7156 7157 7158
4 7159 7160 7161 7162
4 2843 7156 7159 7163
4 3469 7160 7163 7164
4 7165 7166 7167 7168
4 3470 7164 7165 7169
4 6219 7153 7170 7171
4 3201 7172 7173 7174
4 3202 7172 7175 7176
4 7177 7178 7179 7180
4 7181 7182 7183 7184
4 4318 7181 7185 7186
4 4321 7182 7185 7187
4 4322 7187 7188 7189
4 4319 7186 7190 7191
4 1873 7190 7192 7193
4 7194 7195 7196 7197
4 7198 7199 7200 7201
4 7202 7203 7204 7205
4 7202 7206 7207 7208
4 1779 7209 7210 7211
4 7209 7212 7213 7214
4 7210 7212 7215 7216
4 7203 7217 7218 7219
4 7217 7220 7221 7222
4 7218 7220 7223 7224
4 7225 7226 7227 7228
4 7213 7225 7229 7230
4 7231 7232 7233 7234
4 7214 7229 7231 7235
4 7232 7235 7236 7237
4 6895 7238 7239 7240
4 6880 7241 7242 7243
4 7226 7244 7245 7246
4 6896 7238 7244 7247
4 6881 7241 7245 7247
4 4554 7242 7248 7249
4 4345 7250 7251 7252
4 7253 7254 7255 7256
4 7253 7257 7258 7259
4 1981 7257 7260 7261
4 7262 7263 7264 7265
4 1982 7260 7262 7266
4 7263 7266 7267 7268
4 7269 7270 7271 7272
4 4346 7250 7269 7273
4 7270 7273 7274 7275
4 7276 7277 7278 7279
4 5315 7280 7281 7282
4 5331 7283 7284 7285
4 7286 7287 7288 7289
4 5332 7283 7286 7290
4 4024 7291 7292 7293
4 4025 7291 7294 7295
4 7296 7297 7298 7299
4 7300 7301 7302 7303
4 4366 7300 7304 7305
4 130 7306 7307 7308
4 7309 7310 7311 7312
4 4367 7304 7309 7313
4 4361 7310 7313 7314
4 4362 7314 7315 7316
4 131 7306 7317 7318
4 6409 7319 7320 7321
4 7315 7322 7323 7324
4 1962 7325 7326 7327
4 7317 7328 7329 7330
4 7331 7332 7333 7334
4 7318 7328 7331 7335
4 7316 7322 7332 7335
4 7336 7337 7338 7339
4 4249 7336 7340 7341
4 4253 7337 7340 7342
4 7333 7343 7344 7345
4 4250 7341 7343 7346
4 4254 7342 7347 7348
4 1963 7325 7349 7350
4 7351 7352 7353 7354
4 4251 7351 7355 7356
4 4370 7352 7355 7357
4 7358 7359 7360 7361
4 4252 7356 7358 7362
4 7363 7364 7365 7366
4 7367 7368 7369 7370
4 7367 7371 7372 7373
4 4540 7368 7371 7374
4 4246 7375 7376 7377
4 4541 7374 7375 7378
4 4371 7357 7376 7378
4 7379 7380 7381 7382
4 4645 7379 7383 7384
4 2293 7385 7386 7387
4 7388 7389 7390 7391
4 7388 7392 7393 7394
4 4646 7383 7389 7392
4 7395 7396 7397 7398
4 2294 7385 7395 7399
4 7396 7399 7400 7401
4 7372 7402 7403 7404
4 7380 7405 7406 7407
4 7194 7405 7408 7409
4 7373 7402 7406 7408
4 7195 7409 7410 7411
4 7183 7410 7412 7413
4 1983 7414 7415 7416
4 1984 7414 7417 7418
4 7417 7419 7420 7421
4 4026 7422 7423 7424
4 4027 7422 7425 7426
4 7419 7425 7427 7428
4 4374 7426 7427 7429
4 4375 7429 7430 7431
4 7432 7433 7434 7435
4 4114 7432 7436 7437
4 4115 7436 7438 7439
4 7440 7441 7442 7443
4 7440 7444 7445 7446
4 6915 7441 7444 7447
4 7448 7449 7450 7451
4 7452 7453 7454 7455
4 6916 7447 7452 7456
4 7453 7457 7458 7459
4 7448 7460 7461 7462
4 7463 7464 7465 7466
4 7463 7467 7468 7469
4 7449 7460 7464 7467
4 7470 7471 7472 7473
4 7474 7475 7476 7477
4 7474 7478 7479 7480
4 7475 7478 7481 7482
4 7470 7483 7484 7485
4 7479 7486 7487 7488
4 7489 7490 7491 7492
4 7480 7486 7489 7493
4 7471 7483 7490 7493
4 7494 7495 7496 7497
4 1681 7487 7498 7499
4 7500 7501 7502 7503
4 7500 7504 7505 7506
4 7501 7504 7507 7508
4 4453 7509 7510 7511
4 4507 7512 7513 7514
4 4463 7509 7515 7516
4 2813 7517 7518 7519
4 7520 7521 7522 7523
4 2814 7517 7520 7524
4 4464 7515 7521 7524
4 7522 7525 7526 7527
4 1160 7525 7528 7529
4 7530 7531 7532 7533
4 1161 7528 7530 7534
4 4509 7531 7534 7535
4 2896 7536 7537 7538
4 4517 7536 7539 7540
4 4510 7535 7537 7539
4 7541 7542 7543 7544
4 4518 7540 7541 7545
4 4508 7512 7542 7545
4 7546 7547 7548 7549
4 4474 7546 7550 7551
4 3447 7552 7553 7554
4 7555 7556 7557 7558
4 4475 7550 7555 7559
4 4476 7556 7559 7560
4 1656 7561 7562 7563
4 7564 7565 7566 7567
4 2100 7564 7568 7569
4 3448 7552 7565 7568
4 2101 7569 7570 7571
4 4481 7570 7572 7573
4 4477 7560 7571 7572
4 6244 7574 7575 7576
4 7547 7577 7578 7579
4 1657 7561 7577 7580
4 6257 7578 7580 7581
4 6258 7574 7581 7582
4 4504 7583 7584 7585
4 3372 7583 7586 7587
4 3373 7586 7588 7589
4 7590 7591 7592 7593
4 7594 7595 7596 7597
4 3367 7598 7599 7600
4 7601 7602 7603 7604
4 3368 7598 7601 7605
4 7602 7605 7606 7607
4 7608 7609 7610 7611
4 3343 7608 7612 7613
4 3345 7609 7612 7614
4 7603 7615 7616 7617
4 3344 7613 7615 7618
4 3346 7614 7619 7620
4 4524 7621 7622 7623
4 4521 7624 7625 7626
4 6373 7627 7628 7629
4 6367 7624 7630 7631
4 7632 7633 7634 7635
4 6374 7627 7632 7636
4 6368 7630 7633 7636
4 7637 7638 7639 7640
4 1378 7637 7641 7642
4 3227 7638 7641 7643
4 7634 7644 7645 7646
4 1379 7642 7644 7647
4 2030 7648 7649 7650
4 3228 7643 7648 7651
4 3218 7649 7651 7652
4 7653 7654 7655 7656
4 3219 7652 7653 7657
4 4525 7621 7654 7657
4 7658 7659 7660 7661
4 2546 7658 7662 7663
4 7664 7665 7666 7667
4 4336 7664 7668 7669
4 2547 7662 7665 7668
4 4550 7670 7671 7672
4 4629 7673 7674 7675
4 4340 7676 7677 7678
4 4337 7669 7676 7679
4 4326 7677 7679 7680
4 7681 7682 7683 7684
4 4341 7678 7681 7685
4 4551 7670 7682 7685
4 7659 7686 7687 7688
4 4630 7673 7686 7689
4 4659 7687 7689 7690
4 4660 7690 7691 7692
4 6825 7693 7694 7695
4 7696 7697 7698 7699
4 7700 7701 7702 7703
4 6822 7700 7704 7705
4 6826 7693 7701 7704
4 4557 7706 7707 7708
4 7390 7709 7710 7711
4 7712 7713 7714 7715
4 7712 7716 7717 7718
4 7713 7716 7719 7720
4 7721 7722 7723 7724
4 7400 7721 7725 7726
4 7391 7709 7722 7725
4 7401 7726 7727 7728
4 4342 7727 7729 7730
4 7731 7732 7733 7734
4 4558 7706 7731 7735
4 7732 7735 7736 7737
4 4547 7738 7739 7740
4 4542 7738 7741 7742
4 7743 7744 7745 7746
4 7743 7747 7748 7749
4 4548 7739 7744 7747
4 7196 7750 7751 7752
4 7745 7753 7754 7755
4 710 7753 7756 7757
4 7758 7759 7760 7761
4 711 7756 7758 7762
4 7198 7759 7762 7763
4 7199 7763 7764 7765
4 7197 7750 7766 7767
4 4676 7768 7769 7770
4 4668 7768 7771 7772
4 4962 7773 7774 7775
4 7776 7777 7778 7779
4 4669 7771 7776 7780
4 4963 7773 7777 7780
4 4977 7781 7782 7783
4 7778 7784 7785 7786
4 4978 7781 7784 7787
4 1701 7788 7789 7790
4 7791 7792 7793 7794
4 4679 7791 7795 7796
4 4715 7797 7798 7799
4 4716 7797 7800 7801
4 7802 7803 7804 7805
4 4680 7795 7802 7806
4 7803 7806 7807 7808
4 2480 7809 7810 7811
4 7792 7812 7813 7814
4 4681 7815 7816 7817
4 7818 7819 7820 7821
4 7822 7823 7824 7825
4 4682 7815 7826 7827
4 4731 7828 7829 7830
4 4686 7831 7832 7833
4 541 7834 7835 7836
4 2315 7831 7837 7838
4 7839 7840 7841 7842
4 542 7834 7839 7843
4 2316 7837 7840 7843
4 7844 7845 7846 7847
4 6527 7844 7848 7849
4 6525 7845 7848 7850
4 6528 7849 7851 7852
4 7841 7853 7854 7855
4 6526 7850 7853 7856
4 4732 7828 7857 7858
4 7012 7859 7860 7861
4 7862 7863 7864 7865
4 3949 7862 7866 7867
4 3960 7863 7866 7868
4 7869 7870 7871 7872
4 3961 7868 7869 7873
4 7013 7859 7870 7873
4 7874 7875 7876 7877
4 7874 7878 7879 7880
4 7881 7882 7883 7884
4 3440 7885 7886 7887
4 4925 7888 7889 7890
4 4996 7885 7891 7892
4 4997 7891 7893 7894
4 7895 7896 7897 7898
4 7899 7900 7901 7902
4 6958 7903 7904 7905
4 7906 7907 7908 7909
4 6959 7903 7906 7910
4 7907 7910 7911 7912
4 7899 7913 7914 7915
4 6967 7916 7917 7918
4 6968 7916 7919 7920
4 6944 7921 7922 7923
4 7911 7924 7925 7926
4 7912 7921 7924 7927
4 2666 7928 7929 7930
4 2667 7928 7931 7932
4 7933 7934 7935 7936
4 7937 7938 7939 7940
4 7941 7942 7943 7944
4 7748 7945 7946 7947
4 7948 7949 7950 7951
4 698 7948 7952 7953
4 2201 7949 7952 7954
4 7941 7955 7956 7957
4 2202 7954 7955 7958
4 699 7953 7959 7960
4 2615 7959 7961 7962
4 2618 7960 7961 7963
4 7964 7965 7966 7967
4 7749 7945 7964 7968
4 2616 7962 7965 7968
4 7969 7970 7971 7972
4 7969 7973 7974 7975
4 7976 7977 7978 7979
4 7933 7976 7980 7981
4 7937 7977 7980 7982
4 7983 7984 7985 7986
4 7934 7981 7983 7987
4 7938 7982 7988 7989
4 7990 7991 7992 7993
4 2751 7994 7995 7996
4 5274 7994 7997 7998
4 5270 7995 7997 7999
4 8000 8001 8002 8003
4 2783 8000 8004 8005
4 5271 7999 8001 8004
4 8006 8007 8008 8009
4 5413 8006 8010 8011
4 2752 7996 8012 8013
4 5414 8010 8012 8014
4 8013 8014 8015 8016
4 2784 8005 8017 8018
4 7990 8019 8020 8021
4 8007 8022 8023 8024
4 8022 8025 8026 8027
4 7991 8019 8023 8025
4 2709 8028 8029 8030
4 5286 8028 8031 8032
4 8033 8034 8035 8036
4 2710 8029 8033 8037
4 8034 8037 8038 8039
4 5238 8040 8041 8042
4 8035 8043 8044 8045
4 8046 8047 8048 8049
4 8046 8050 8051 8052
4 5239 8040 8047 8050
4 5325 8053 8054 8055
4 5130 8056 8057 8058
4 7221 8059 8060 8061
4 8062 8063 8064 8065
4 5131 8056 8062 8066
4 5326 8053 8063 8066
4 8057 8067 8068 8069
4 5368 8070 8071 8072
4 8073 8074 8075 8076
4 5369 8070 8073 8077
4 8074 8077 8078 8079
4 7222 8059 8080 8081
4 5153 8082 8083 8084
4 5154 8082 8085 8086
4 5765 8087 8088 8089
4 5784 8090 8091 8092
4 8093 8094 8095 8096
4 5766 8087 8093 8097
4 5785 8090 8094 8097
4 8088 8098 8099 8100
4 8089 8098 8101 8102
4 5275 8103 8104 8105
4 8106 8107 8108 8109
4 8064 8110 8111 8112
4 5362 8113 8114 8115
4 8078 8110 8116 8117
4 5333 8118 8119 8120
4 8121 8122 8123 8124
4 2769 8121 8125 8126
4 8122 8125 8127 8128
4 8129 8130 8131 8132
4 8079 8116 8129 8133
4 5334 8118 8130 8133
4 2770 8126 8134 8135
4 4257 8134 8136 8137
4 4260 8135 8136 8138
4 8139 8140 8141 8142
4 4261 8138 8139 8143
4 5363 8113 8140 8143
4 5712 8144 8145 8146
4 8101 8144 8147 8148
4 8149 8150 8151 8152
4 5713 8145 8149 8153
4 8150 8153 8154 8155
4 5781 8156 8157 8158
4 8159 8160 8161 8162
4 8159 8163 8164 8165
4 2642 8160 8163 8166
4 2643 8166 8167 8168
4 2668 8167 8169 8170
4 5776 8168 8169 8171
4 8172 8173 8174 8175
4 5782 8156 8172 8176
4 5777 8171 8173 8176
4 6636 8177 8178 8179
4 6621 8180 8181 8182
4 6637 8177 8180 8183
4 6120 8184 8185 8186
4 6121 8184 8187 8188
4 2871 8189 8190 8191
4 1142 8192 8193 8194
4 400 8195 8196 8197
4 2872 8189 8195 8198
4 2874 8196 8198 8199
4 8200 8201 8202 8203
4 1143 8192 8200 8204
4 2875 8199 8201 8204
4 5457 8205 8206 8207
4 5470 8208 8209 8210
4 5795 8208 8211 8212
4 5796 8211 8213 8214
4 5462 8215 8216 8217
4 6157 8218 8219 8220
4 5463 8215 8218 8221
4 5459 8219 8221 8222
4 8223 8224 8225 8226
4 5458 8205 8223 8227
4 5460 8222 8224 8227
4 5480 8228 8229 8230
4 5445 8231 8232 8233
4 8234 8235 8236 8237
4 3233 8234 8238 8239
4 8240 8241 8242 8243
4 3234 8238 8240 8244
4 5916 8241 8244 8245
4 8235 8246 8247 8248
4 5446 8231 8246 8249
4 1399 8247 8249 8250
4 1400 8250 8251 8252
4 2866 8251 8253 8254
4 8255 8256 8257 8258
4 5924 8255 8259 8260
4 5481 8228 8256 8259
4 5930 8261 8262 8263
4 5925 8260 8261 8264
4 5917 8245 8262 8264
4 5050 8265 8266 8267
4 3004 8268 8269 8270
4 5630 8268 8271 8272
4 3005 8269 8273 8274
4 5045 8275 8276 8277
4 2669 8278 8279 8280
4 5046 8275 8278 8281
4 5056 8279 8281 8282
4 8283 8284 8285 8286
4 5057 8282 8283 8287
4 5051 8265 8284 8287
4 8288 8289 8290 8291
4 8292 8293 8294 8295
4 8296 8297 8298 8299
4 2794 8296 8300 8301
4 2948 8297 8300 8302
4 8303 8304 8305 8306
4 2949 8302 8303 8307
4 8308 8309 8310 8311
4 8312 8313 8314 8315
4 2920 8312 8316 8317
4 2795 8301 8313 8316
4 8151 8318 8319 8320
4 8321 8322 8323 8324
4 8164 8318 8325 8326
4 3044 8327 8328 8329
4 8330 8331 8332 8333
4 5667 8330 8334 8335
4 8336 8337 8338 8339
4 5670 8336 8340 8341
4 5668 8334 8337 8340
4 8331 8342 8343 8344
4 8165 8325 8342 8345
4 3045 8327 8343 8345
4 5671 8341 8346 8347
4 5116 8346 8348 8349
4 8347 8348 8350 8351
4 5661 8352 8353 8354
4 8355 8356 8357 8358
4 8355 8359 8360 8361
4 5662 8352 8356 8359
4 3006 8362 8363 8364
4 8365 8366 8367 8368
4 8292 8365 8369 8370
4 5646 8366 8369 8371
4 8357 8372 8373 8374
4 5647 8371 8372 8375
4 8293 8370 8376 8377
4 8304 8376 8378 8379
4 8308 8377 8378 8380
4 8381 8382 8383 8384
4 3007 8362 8381 8385
4 8309 8380 8382 8385
4 8386 8387 8388 8389
4 8390 8391 8392 8393
4 5364 8394 8395 8396
4 5714 8397 8398 8399
4 8400 8401 8402 8403
4 5365 8394 8400 8404
4 5715 8397 8401 8404
4 8390 8405 8406 8407
4 5716 8408 8409 8410
4 5283 8411 8412 8413
4 8414 8415 8416 8417
4 1728 8414 8418 8419
4 5722 8415 8418 8420
4 8421 8422 8423 8424
4 5723 8420 8421 8425
4 2757 8426 8427 8428
4 1729 8419 8429 8430
4 5312 8429 8431 8432
4 5316 8430 8431 8433
4 8434 8435 8436 8437
4 5284 8411 8434 8438
4 5313 8432 8435 8438
4 2767 8426 8439 8440
4 8422 8441 8442 8443
4 2768 8439 8441 8444
4 8442 8444 8445 8446
4 8447 8448 8449 8450
4 5800 8451 8452 8453
4 8454 8455 8456 8457
4 8458 8459 8460 8461
4 5801 8451 8458 8462
4 2466 8459 8462 8463
4 2467 8463 8464 8465
4 624 8466 8467 8468
4 8447 8469 8470 8471
4 625 8466 8469 8472
4 5998 8470 8472 8473
4 5999 8473 8474 8475
4 6006 8474 8476 8477
4 5821 8478 8479 8480
4 8216 8481 8482 8483
4 5817 8478 8484 8485
4 8486 8487 8488 8489
4 5822 8479 8486 8490
4 8217 8481 8487 8490
4 5804 8491 8492 8493
4 8494 8495 8496 8497
4 8494 8498 8499 8500
4 8213 8495 8498 8501
4 8488 8502 8503 8504
4 8214 8501 8502 8505
4 8506 8507 8508 8509
4 8506 8510 8511 8512
4 5805 8491 8507 8510
4 8513 8514 8515 8516
4 8517 8518 8519 8520
4 3581 8517 8521 8522
4 8518 8521 8523 8524
4 3582 8522 8525 8526
4 5860 8527 8528 8529
4 5861 8527 8530 8531
4 5863 8532 8533 8534
4 7177 8532 8535 8536
4 8537 8538 8539 8540
4 8537 8541 8542 8543
4 7178 8535 8538 8541
4 8544 8545 8546 8547
4 5885 8544 8548 8549
4 5887 8545 8548 8550
4 5888 8550 8551 8552
4 5886 8549 8553 8554
4 4309 8553 8555 8556
4 3257 8557 8558 8559
4 8546 8560 8561 8562
4 3258 8557 8560 8563
4 8564 8565 8566 8567
4 1370 8568 8569 8570
4 5883 8571 8572 8573
4 3172 8574 8575 8576
4 4299 8574 8577 8578
4 8579 8580 8581 8582
4 4300 8577 8579 8583
4 5884 8571 8580 8583
4 8581 8584 8585 8586
4 5880 8584 8587 8588
4 8589 8590 8591 8592
4 1521 8589 8593 8594
4 5881 8587 8590 8593
4 8595 8596 8597 8598
4 1371 8568 8595 8599
4 1365 8596 8599 8600
4 1366 8600 8601 8602
4 1522 8594 8601 8603
4 5905 8602 8603 8604
4 5495 8605 8606 8607
4 8558 8608 8609 8610
4 6336 8605 8611 8612
4 6317 8613 8614 8615
4 8616 8617 8618 8619
4 6337 8611 8616 8620
4 6318 8613 8617 8620
4 8618 8621 8622 8623
4 7141 8621 8624 8625
4 8564 8626 8627 8628
4 8629 8630 8631 8632
4 7142 8624 8629 8633
4 8565 8626 8630 8633
4 8559 8608 8634 8635
4 5914 8636 8637 8638
4 5981 8639 8640 8641
4 1514 8642 8643 8644
4 8645 8646 8647 8648
4 5960 8645 8649 8650
4 8651 8652 8653 8654
4 5701 8651 8655 8656
4 5961 8649 8652 8655
4 5974 8642 8657 8658
4 8646 8659 8660 8661
4 5975 8657 8659 8662
4 5982 8639 8660 8662
4 8663 8664 8665 8666
4 5915 8636 8663 8667
4 5698 8664 8667 8668
4 3080 8669 8670 8671
4 5702 8656 8669 8672
4 5699 8668 8670 8672
4 6056 8673 8674 8675
4 8676 8677 8678 8679
4 8676 8680 8681 8682
4 6057 8673 8677 8680
4 6446 8683 8684 8685
4 8678 8686 8687 8688
4 8686 8689 8690 8691
4 8692 8693 8694 8695
4 7984 8692 8696 8697
4 7970 8693 8696 8698
4 8699 8700 8701 8702
4 6447 8683 8699 8703
4 7971 8698 8700 8703
4 3765 8704 8705 8706
4 6084 8707 8708 8709
4 8710 8711 8712 8713
4 93 8710 8714 8715
4 7070 8711 8714 8716
4 8717 8718 8719 8720
4 7071 8716 8717 8721
4 8718 8722 8723 8724
4 6085 8707 8722 8725
4 8723 8725 8726 8727
4 94 8715 8728 8729
4 4148 8728 8730 8731
4 1641 8729 8730 8732
4 8733 8734 8735 8736
4 1642 8732 8733 8737
4 3766 8704 8734 8737
4 3378 8738 8739 8740
4 8741 8742 8743 8744
4 3505 8741 8745 8746
4 3493 8742 8745 8747
4 3325 8748 8749 8750
4 3494 8747 8748 8751
4 3379 8738 8749 8751
4 3506 8746 8752 8753
4 7619 8754 8755 8756
4 3786 8757 8758 8759
4 7620 8754 8757 8760
4 6192 8761 8762 8763
4 6143 8761 8764 8765
4 6148 8766 8767 8768
4 2965 8769 8770 8771
4 8772 8773 8774 8775
4 6149 8766 8772 8776
4 6144 8764 8773 8776
4 8774 8777 8778 8779
4 8780 8781 8782 8783
4 5608 8784 8785 8786
4 8787 8788 8789 8790
4 2966 8769 8787 8791
4 5609 8784 8788 8791
4 1899 8792 8793 8794
4 7170 8795 8796 8797
4 2860 8798 8799 8800
4 7157 8798 8801 8802
4 8803 8804 8805 8806
4 7158 8801 8803 8807
4 7171 8795 8804 8807
4 8805 8808 8809 8810
4 6232 8808 8811 8812
4 8813 8814 8815 8816
4 1901 8813 8817 8818
4 6233 8811 8814 8817
4 8819 8820 8821 8822
4 1900 8792 8819 8823
4 1905 8820 8823 8824
4 3191 8825 8826 8827
4 1906 8824 8825 8828
4 1902 8818 8826 8828
4 6384 8829 8830 8831
4 6385 8829 8832 8833
4 6402 8834 8835 8836
4 8542 8837 8838 8839
4 8840 8841 8842 8843
4 7363 8840 8844 8845
4 6407 8841 8844 8846
4 8847 8848 8849 8850
4 6408 8846 8847 8851
4 8523 8837 8852 8853
4 8848 8854 8855 8856
4 8524 8852 8854 8857
4 6403 8834 8855 8857
4 8858 8859 8860 8861
4 7364 8845 8858 8862
4 7359 8859 8862 8863
4 6727 8864 8865 8866
4 6728 8864 8867 8868
4 8513 8869 8870 8871
4 8514 8869 8872 8873
4 6430 8874 8875 8876
4 8877 8878 8879 8880
4 8026 8877 8881 8882
4 6440 8878 8881 8883
4 8884 8885 8886 8887
4 8027 8882 8884 8888
4 6674 8889 8890 8891
4 8892 8893 8894 8895
4 6675 8889 8892 8896
4 6657 8893 8896 8897
4 7973 8898 8899 8900
4 6658 8897 8898 8901
4 6441 8883 8899 8901
4 3586 8902 8903 8904
4 8905 8906 8907 8908
4 8515 8909 8910 8911
4 8912 8913 8914 8915
4 8516 8909 8912 8916
4 8913 8916 8917 8918
4 5106 8919 8920 8921
4 5108 8922 8923 8924
4 6457 8925 8926 8927
4 5113 8922 8928 8929
4 8930 8931 8932 8933
4 6034 8930 8934 8935
4 8681 8931 8934 8936
4 8937 8938 8939 8940
4 8682 8936 8937 8941
4 8938 8942 8943 8944
4 6458 8925 8942 8945
4 5114 8928 8943 8945
4 401 8946 8947 8948
4 6035 8935 8946 8949
4 504 8947 8949 8950
4 8951 8952 8953 8954
4 505 8950 8951 8955
4 5107 8919 8952 8955
4 8956 8957 8958 8959
4 8960 8961 8962 8963
4 6490 8964 8965 8966
4 6488 8967 8968 8969
4 8970 8971 8972 8973
4 8974 8975 8976 8977
4 3843 8978 8979 8980
4 8981 8982 8983 8984
4 3844 8978 8981 8985
4 6491 8964 8982 8985
4 6497 8986 8987 8988
4 6498 8986 8989 8990
4 122 8991 8992 8993
4 8994 8995 8996 8997
4 123 8991 8994 8998
4 637 8995 8998 8999
4 638 8999 9000 9001
4 9002 9003 9004 9005
4 6380 9006 9007 9008
4 6381 9006 9009 9010
4 8832 9009 9011 9012
4 9010 9011 9013 9014
4 8833 9012 9015 9016
4 9017 9018 9019 9020
4 6510 9017 9021 9022
4 6506 9018 9021 9023
4 9024 9025 9026 9027
4 3835 9024 9028 9029
4 6511 9022 9025 9028
4 9030 9031 9032 9033
4 9030 9034 9035 9036
4 6507 9023 9037 9038
4 7481 9039 9040 9041
4 1988 9042 9043 9044
4 9031 9045 9046 9047
4 7482 9039 9045 9048
4 1989 9042 9046 9048
4 3889 9049 9050 9051
4 6514 9052 9053 9054
4 9026 9055 9056 9057
4 9058 9059 9060 9061
4 3890 9049 9058 9062
4 6515 9052 9059 9062
4 9063 9064 9065 9066
4 8970 9063 9067 9068
4 8979 9064 9067 9069
4 9060 9070 9071 9072
4 8980 9069 9070 9073
4 9074 9075 9076 9077
4 9034 9074 9078 9079
4 9027 9055 9075 9078
4 9035 9079 9080 9081
4 8974 9080 9082 9083
4 8971 9068 9081 9082
4 6617 9084 9085 9086
4 6618 9084 9087 9088
4 6095 9089 9090 9091
4 6560 9092 9093 9094
4 6613 9095 9096 9097
4 6558 9098 9099 9100
4 6559 9092 9098 9101
4 6614 9095 9102 9103
4 6091 9102 9104 9105
4 2733 9103 9104 9106
4 9107 9108 9109 9110
4 6092 9105 9107 9111
4 6096 9089 9108 9111
4 9112 9113 9114 9115
4 4435 9116 9117 9118
4 4446 9119 9120 9121
4 3723 9122 9123 9124
4 3724 9122 9125 9126
4 3648 9125 9127 9128
4 4431 9126 9127 9129
4 9130 9131 9132 9133
4 4432 9129 9130 9134
4 4447 9119 9131 9134
4 9135 9136 9137 9138
4 3626 9135 9139 9140
4 9141 9142 9143 9144
4 4448 9141 9145 9146
4 3627 9139 9142 9145
4 9147 9148 9149 9150
4 4449 9146 9151 9152
4 9151 9153 9154 9155
4 9116 9152 9153 9156
4 6570 9157 9158 9159
4 9136 9160 9161 9162
4 9160 9163 9164 9165
4 6571 9157 9161 9163
4 9166 9167 9168 9169
4 9166 9170 9171 9172
4 9112 9173 9174 9175
4 9167 9176 9177 9178
4 9113 9173 9176 9179
4 9177 9179 9180 9181
4 9182 9183 9184 9185
4 9186 9187 9188 9189
4 9190 9191 9192 9193
4 6638 9194 9195 9196
4 6629 9197 9198 9199
4 9200 9201 9202 9203
4 6639 9194 9200 9204
4 6630 9197 9201 9204
4 9202 9205 9206 9207
4 9205 9208 9209 9210
4 8043 9211 9212 9213
4 9190 9214 9215 9216
4 9214 9217 9218 9219
4 9215 9217 9220 9221
4 9222 9223 9224 9225
4 9226 9227 9228 9229
4 9226 9230 9231 9232
4 9191 9216 9227 9230
4 5179 9233 9234 9235
4 9236 9237 9238 9239
4 9240 9241 9242 9243
4 5180 9233 9240 9244
4 3655 9241 9244 9245
4 3656 9236 9245 9246
4 6093 9247 9248 9249
4 6089 9247 9250 9251
4 8739 9252 9253 9254
4 9255 9256 9257 9258
4 6090 9250 9255 9259
4 8740 9252 9256 9259
4 9260 9261 9262 9263
4 7594 9260 9264 9265
4 8755 9261 9264 9266
4 9257 9267 9268 9269
4 8756 9266 9267 9270
4 7595 9265 9271 9272
4 6564 9271 9273 9274
4 6561 9272 9273 9275
4 9276 9277 9278 9279
4 9276 9280 9281 9282
4 6562 9275 9277 9280
4 9283 9284 9285 9286
4 9287 9288 9289 9290
4 6686 9287 9291 9292
4 6684 9288 9291 9293
4 3696 9294 9295 9296
4 6687 9292 9294 9297
4 6692 9295 9297 9298
4 9299 9300 9301 9302
4 3705 9299 9303 9304
4 6685 9293 9305 9306
4 9307 9308 9309 9310
4 3706 9303 9307 9311
4 6693 9298 9308 9311
4 2027 9312 9313 9314
4 2015 9315 9316 9317
4 2039 9315 9318 9319
4 9300 9320 9321 9322
4 2040 9318 9320 9323
4 2028 9312 9321 9323
4 9324 9325 9326 9327
4 8726 9328 9329 9330
4 9331 9332 9333 9334
4 8727 9328 9331 9335
4 6832 9336 9337 9338
4 6820 9339 9340 9341
4 9342 9343 9344 9345
4 3846 9342 9346 9347
4 3878 9343 9346 9348
4 9349 9350 9351 9352
4 3879 9348 9349 9353
4 6843 9354 9355 9356
4 9350 9357 9358 9359
4 6821 9339 9357 9360
4 6834 9358 9360 9361
4 6835 9354 9361 9362
4 3847 9347 9363 9364
4 3840 9363 9365 9366
4 3836 9364 9365 9367
4 9368 9369 9370 9371
4 3841 9366 9368 9372
4 6833 9336 9369 9372
4 6885 9373 9374 9375
4 6888 9373 9376 9377
4 3988 9378 9379 9380
4 6882 9381 9382 9383
4 9384 9385 9386 9387
4 3989 9378 9384 9388
4 6889 9376 9385 9388
4 9389 9390 9391 9392
4 901 9389 9393 9394
4 9390 9393 9395 9396
4 6940 9397 9398 9399
4 902 9394 9397 9400
4 1716 9398 9400 9401
4 9402 9403 9404 9405
4 1717 9401 9402 9406
4 6883 9381 9403 9406
4 9186 9407 9408 9409
4 7461 9407 9410 9411
4 9412 9413 9414 9415
4 7462 9410 9416 9417
4 7445 9418 9419 9420
4 9421 9422 9423 9424
4 7468 9421 9425 9426
4 7446 9418 9422 9425
4 7469 9426 9427 9428
4 9427 9429 9430 9431
4 9423 9432 9433 9434
4 9435 9436 9437 9438
4 6925 9435 9439 9440
4 6926 9439 9441 9442
4 6928 9443 9444 9445
4 6982 9446 9447 9448
4 6993 9446 9449 9450
4 9436 9451 9452 9453
4 6994 9449 9451 9454
4 6929 9443 9452 9454
4 9386 9455 9456 9457
4 9441 9458 9459 9460
4 9395 9455 9461 9462
4 6953 9463 9464 9465
4 9466 9467 9468 9469
4 6954 9463 9466 9470
4 9396 9461 9467 9470
4 9468 9471 9472 9473
4 9474 9475 9476 9477
4 9478 9479 9480 9481
4 9442 9458 9478 9482
4 9479 9482 9483 9484
4 2501 9485 9486 9487
4 9488 9489 9490 9491
4 2502 9485 9488 9492
4 9489 9492 9493 9494
4 6963 9495 9496 9497
4 9498 9499 9500 9501
4 9498 9502 9503 9504
4 2147 9499 9502 9505
4 2148 9505 9506 9507
4 6941 9506 9508 9509
4 6945 9507 9508 9510
4 9511 9512 9513 9514
4 6946 9510 9511 9515
4 6964 9495 9512 9515
4 4039 9516 9517 9518
4 9490 9519 9520 9521
4 2161 9522 9523 9524
4 9503 9519 9525 9526
4 9527 9528 9529 9530
4 9504 9525 9527 9531
4 2162 9522 9528 9531
4 9529 9532 9533 9534
4 1799 9532 9535 9536
4 9537 9538 9539 9540
4 1800 9535 9537 9541
4 4046 9538 9541 9542
4 9543 9544 9545 9546
4 4040 9516 9543 9547
4 4050 9544 9547 9548
4 573 9549 9550 9551
4 4047 9542 9549 9552
4 4051 9548 9550 9552
4 9553 9554 9555 9556
4 3981 9553 9557 9558
4 9493 9554 9557 9559
4 3982 9558 9560 9561
4 7809 9560 9562 9563
4 7812 9561 9562 9564
4 9494 9559 9565 9566
4 7813 9564 9567 9568
4 7917 9569 9570 9571
4 7918 9569 9572 9573
4 22 9574 9575 9576
4 6985 9577 9578 9579
4 2300 9574 9580 9581
4 2301 9580 9582 9583
4 9474 9584 9585 9586
4 9587 9588 9589 9590
4 6986 9577 9587 9591
4 7913 9588 9591 9592
4 7914 9592 9593 9594
4 9475 9584 9593 9595
4 9471 9594 9595 9596
4 9597 9598 9599 9600
4 9601 9602 9603 9604
4 7007 9597 9605 9606
4 7864 9607 9608 9609
4 9610 9611 9612 9613
4 5027 9610 9614 9615
4 5033 9611 9614 9616
4 5028 9615 9617 9618
4 9619 9620 9621 9622
4 5034 9616 9619 9623
4 7865 9607 9624 9625
4 9626 9627 9628 9629
4 6756 9626 9630 9631
4 7015 9627 9630 9632
4 6757 9631 9633 9634
4 7875 9633 9635 9636
4 3994 9634 9635 9637
4 9638 9639 9640 9641
4 7010 9638 9642 9643
4 3995 9637 9639 9642
4 7016 9632 9644 9645
4 7011 9643 9646 9647
4 9646 9648 9649 9650
4 9651 9652 9653 9654
4 7025 9655 9656 9657
4 9658 9659 9660 9661
4 4376 9658 9662 9663
4 7026 9655 9659 9662
4 4377 9663 9664 9665
4 7051 9666 9667 9668
4 5532 9669 9670 9671
4 9672 9673 9674 9675
4 5533 9669 9672 9676
4 9673 9676 9677 9678
4 9674 9679 9680 9681
4 9682 9683 9684 9685
4 7059 9686 9687 9688
4 9689 9690 9691 9692
4 7060 9686 9689 9693
4 7052 9666 9690 9693
4 3926 9694 9695 9696
4 9697 9698 9699 9700
4 3992 9701 9702 9703
4 9704 9705 9706 9707
4 3927 9694 9704 9708
4 3993 9701 9705 9708
4 9706 9709 9710 9711
4 9712 9713 9714 9715
4 7139 9716 9717 9718
4 7134 9719 9720 9721
4 4272 9722 9723 9724
4 9725 9726 9727 9728
4 4273 9722 9725 9729
4 7135 9719 9726 9729
4 9730 9731 9732 9733
4 668 9730 9734 9735
4 1875 9731 9734 9736
4 9727 9737 9738 9739
4 1876 9736 9737 9740
4 669 9735 9741 9742
4 4310 9741 9743 9744
4 4305 9742 9743 9745
4 9746 9747 9748 9749
4 4311 9744 9746 9750
4 7140 9716 9747 9750
4 4640 9751 9752 9753
4 7236 9754 9755 9756
4 9757 9758 9759 9760
4 9757 9761 9762 9763
4 4641 9751 9758 9761
4 9764 9765 9766 9767
4 7237 9754 9764 9768
4 7719 9765 9768 9769
4 7720 9769 9770 9771
4 7723 9770 9772 9773
4 7215 9774 9775 9776
4 9766 9777 9778 9779
4 1782 9780 9781 9782
4 7287 9783 9784 9785
4 7206 9783 9786 9787
4 1783 9780 9784 9786
4 9788 9789 9790 9791
4 7207 9787 9788 9792
4 7216 9774 9789 9792
4 9793 9794 9795 9796
4 4357 9793 9797 9798
4 9794 9797 9799 9800
4 4358 9798 9801 9802
4 4123 9801 9803 9804
4 1970 9805 9806 9807
4 9808 9809 9810 9811
4 9697 9808 9812 9813
4 9809 9812 9814 9815
4 4104 9816 9817 9818
4 9698 9813 9816 9819
4 4108 9817 9819 9820
4 9821 9822 9823 9824
4 4105 9818 9821 9825
4 1971 9805 9822 9825
4 9826 9827 9828 9829
4 9432 9826 9830 9831
4 9827 9830 9832 9833
4 4368 9834 9835 9836
4 7323 9837 9838 9839
4 7267 9840 9841 9842
4 7274 9837 9843 9844
4 9845 9846 9847 9848
4 7268 9840 9845 9849
4 7275 9843 9846 9849
4 7494 9850 9851 9852
4 9850 9853 9854 9855
4 9851 9853 9856 9857
4 7495 9852 9858 9859
4 1684 9858 9860 9861
4 7433 9859 9860 9862
4 9863 9864 9865 9866
4 1685 9861 9863 9867
4 4369 9834 9864 9867
4 7034 9868 9869 9870
4 7056 9871 9872 9873
4 7037 9871 9874 9875
4 7035 9868 9872 9874
4 7038 9875 9876 9877
4 9878 9879 9880 9881
4 2702 9882 9883 9884
4 9885 9886 9887 9888
4 9682 9885 9889 9890
4 9687 9886 9889 9891
4 9892 9893 9894 9895
4 9688 9891 9892 9896
4 9897 9898 9899 9900
4 9897 9901 9902 9903
4 4085 9898 9901 9904
4 4086 9904 9905 9906
4 9683 9890 9905 9907
4 9679 9906 9907 9908
4 7430 9909 9910 9911
4 9878 9909 9912 9913
4 9914 9915 9916 9917
4 9918 9919 9920 9921
4 9879 9912 9918 9922
4 9919 9922 9923 9924
4 9925 9926 9927 9928
4 9880 9929 9930 9931
4 9881 9929 9932 9933
4 9934 9935 9936 9937
4 9938 9939 9940 9941
4 7507 9942 9943 9944
4 9945 9946 9947 9948
4 7508 9942 9945 9949
4 9946 9949 9950 9951
4 7491 9943 9952 9953
4 8956 9954 9955 9956
4 9957 9958 9959 9960
4 9947 9961 9962 9963
4 8957 9954 9961 9964
4 8967 9965 9966 9967
4 5121 9968 9969 9970
4 7691 9971 9972 9973
4 7717 9974 9975 9976
4 7736 9971 9977 9978
4 9979 9980 9981 9982
4 7223 9979 9983 9984
4 9985 9986 9987 9988
4 7224 9983 9985 9989
4 5126 9986 9989 9990
4 9980 9991 9992 9993
4 7718 9974 9991 9994
4 7737 9977 9992 9994
4 9995 9996 9997 9998
4 5122 9968 9995 9999
4 7942 9996 9999 10000
4 5127 9990 10001 10002
4 7943 10000 10001 10003
4 8067 10002 10003 10004
4 7764 10005 10006 10007
4 4313 10005 10008 10009
4 7766 10010 10011 10012
4 8539 10013 10014 10015
4 10016 10017 10018 10019
4 7767 10010 10016 10020
4 7765 10006 10017 10020
4 10021 10022 10023 10024
4 8860 10021 10025 10026
4 10022 10025 10027 10028
4 10018 10029 10030 10031
4 8861 10026 10029 10032
4 10033 10034 10035 10036
4 10033 10037 10038 10039
4 8540 10013 10034 10037
4 7800 10040 10041 10042
4 7801 10040 10043 10044
4 4736 10045 10046 10047
4 4737 10045 10048 10049
4 1638 10048 10050 10051
4 1647 10049 10050 10052
4 4723 10053 10054 10055
4 10056 10057 10058 10059
4 1648 10052 10056 10060
4 4724 10053 10057 10060
4 10061 10062 10063 10064
4 10065 10066 10067 10068
4 9624 10069 10070 10071
4 6484 10072 10073 10074
4 9617 10072 10075 10076
4 10065 10077 10078 10079
4 9618 10075 10077 10080
4 9625 10069 10078 10080
4 7782 10081 10082 10083
4 10084 10085 10086 10087
4 10084 10088 10089 10090
4 7818 10085 10088 10091
4 7857 10092 10093 10094
4 10095 10096 10097 10098
4 7783 10081 10095 10099
4 7788 10096 10099 10100
4 7789 10100 10101 10102
4 7822 10101 10103 10104
4 7819 10091 10102 10103
4 7851 10105 10106 10107
4 10108 10109 10110 10111
4 7852 10105 10108 10112
4 7858 10092 10109 10112
4 1618 10106 10113 10114
4 10115 10116 10117 10118
4 7826 10115 10119 10120
4 10089 10116 10119 10121
4 7827 10120 10122 10123
4 4727 10124 10125 10126
4 10090 10121 10127 10128
4 10110 10127 10129 10130
4 10131 10132 10133 10134
4 4690 10131 10135 10136
4 2394 10132 10135 10137
4 10117 10138 10139 10140
4 2395 10137 10138 10141
4 4687 10142 10143 10144
4 4691 10136 10142 10145
4 4701 10143 10145 10146
4 10147 10148 10149 10150
4 4688 10144 10147 10151
4 4728 10124 10148 10151
4 4738 10152 10153 10154
4 10155 10156 10157 10158
4 10159 10160 10161 10162
4 10159 10163 10164 10165
4 3592 10163 10166 10167
4 10168 10169 10170 10171
4 3593 10166 10168 10172
4 10061 10169 10172 10173
4 7823 10174 10175 10176
4 10062 10173 10174 10177
4 10175 10177 10178 10179
4 4896 10180 10181 10182
4 10183 10184 10185 10186
4 10183 10187 10188 10189
4 10184 10187 10190 10191
4 10192 10193 10194 10195
4 4987 10192 10196 10197
4 7893 10193 10196 10198
4 10185 10199 10200 10201
4 7894 10198 10199 10202
4 10203 10204 10205 10206
4 4902 10203 10207 10208
4 4897 10180 10204 10207
4 4903 10208 10209 10210
4 4984 10209 10211 10212
4 4988 10197 10210 10211
4 4931 10213 10214 10215
4 7925 10216 10217 10218
4 4932 10213 10219 10220
4 7895 10219 10221 10222
4 7900 10220 10221 10223
4 10224 10225 10226 10227
4 7896 10222 10224 10228
4 7926 10216 10225 10228
4 7929 10229 10230 10231
4 8276 10232 10233 10234
4 10235 10236 10237 10238
4 7930 10229 10235 10239
4 8277 10232 10236 10239
4 8273 10240 10241 10242
4 10243 10244 10245 10246
4 10237 10247 10248 10249
4 8274 10240 10247 10250
4 8694 10251 10252 10253
4 6450 10254 10255 10256
4 5390 10257 10258 10259
4 3571 10260 10261 10262
4 3572 10254 10260 10263
4 10264 10265 10266 10267
4 8695 10251 10264 10268
4 8689 10265 10268 10269
4 5391 10257 10270 10271
4 8690 10269 10270 10272
4 6031 10271 10272 10273
4 7992 10274 10275 10276
4 2662 10277 10278 10279
4 10280 10281 10282 10283
4 7988 10280 10284 10285
4 7993 10274 10281 10284
4 7989 10285 10286 10287
4 10230 10286 10288 10289
4 5770 10290 10291 10292
4 10293 10294 10295 10296
4 10282 10297 10298 10299
4 10300 10301 10302 10303
4 2663 10277 10300 10304
4 5771 10290 10301 10304
4 5212 10305 10306 10307
4 5403 10308 10309 10310
4 5305 10311 10312 10313
4 10314 10315 10316 10317
4 5306 10311 10314 10318
4 5213 10305 10315 10318
4 10316 10319 10320 10321
4 8314 10319 10322 10323
4 10324 10325 10326 10327
4 8315 10322 10324 10328
4 8288 10325 10328 10329
4 2802 10330 10331 10332
4 8289 10329 10330 10333
4 5407 10331 10333 10334
4 10335 10336 10337 10338
4 5408 10334 10335 10339
4 5404 10308 10336 10339
4 10340 10341 10342 10343
4 5347 10340 10344 10345
4 8083 10341 10344 10346
4 5348 10345 10347 10348
4 8084 10346 10349 10350
4 8091 10349 10351 10352
4 10342 10353 10354 10355
4 10353 10356 10357 10358
4 10359 10360 10361 10362
4 8395 10359 10363 10364
4 10365 10366 10367 10368
4 8396 10363 10365 10369
4 8386 10366 10369 10370
4 10371 10372 10373 10374
4 8103 10371 10375 10376
4 10372 10375 10377 10378
4 8104 10376 10379 10380
4 8391 10379 10381 10382
4 8387 10370 10380 10381
4 10383 10384 10385 10386
4 9828 10383 10387 10388
4 9829 10387 10389 10390
4 10391 10392 10393 10394
4 1870 10395 10396 10397
4 10398 10399 10400 10401
4 8127 10402 10403 10404
4 10384 10405 10406 10407
4 1871 10395 10405 10408
4 8128 10402 10406 10408
4 8131 10403 10409 10410
4 5366 10411 10412 10413
4 8154 10414 10415 10416
4 8071 10411 10417 10418
4 8080 10419 10420 10421
4 10422 10423 10424 10425
4 8321 10422 10426 10427
4 8350 10423 10426 10428
4 10429 10430 10431 10432
4 8351 10428 10429 10433
4 10430 10434 10435 10436
4 8081 10419 10434 10437
4 8072 10417 10435 10437
4 5717 10438 10439 10440
4 5695 10438 10441 10442
4 8322 10427 10439 10441
4 10443 10444 10445 10446
4 5718 10440 10443 10447
4 8155 10414 10444 10447
4 10448 10449 10450 10451
4 8885 10452 10453 10454
4 9198 10455 10456 10457
4 6640 10458 10459 10460
4 6641 10458 10461 10462
4 9174 10461 10463 10464
4 9429 10465 10466 10467
4 10465 10468 10469 10470
4 10466 10468 10471 10472
4 10241 10473 10474 10475
4 8310 10476 10477 10478
4 5401 10479 10480 10481
4 5405 10476 10482 10483
4 10484 10485 10486 10487
4 5402 10479 10484 10488
4 5406 10482 10485 10488
4 10486 10489 10490 10491
4 7935 10489 10492 10493
4 10494 10495 10496 10497
4 7936 10492 10494 10498
4 10243 10495 10498 10499
4 10244 10499 10500 10501
4 10242 10473 10502 10503
4 10504 10505 10506 10507
4 8445 10504 10508 10509
4 8405 10505 10508 10510
4 5724 10511 10512 10513
4 8408 10511 10514 10515
4 8406 10510 10512 10514
4 10516 10517 10518 10519
4 8360 10516 10520 10521
4 10522 10523 10524 10525
4 8361 10520 10522 10526
4 5725 10513 10523 10526
4 8446 10509 10527 10528
4 10502 10529 10530 10531
4 10517 10532 10533 10534
4 10500 10532 10535 10536
4 10503 10529 10533 10535
4 10501 10536 10537 10538
4 5411 10537 10539 10540
4 10541 10542 10543 10544
4 8452 10541 10545 10546
4 3105 10547 10548 10549
4 10550 10551 10552 10553
4 8454 10550 10554 10555
4 8453 10545 10551 10554
4 8499 10556 10557 10558
4 10559 10560 10561 10562
4 1402 10559 10563 10564
4 3106 10547 10560 10563
4 1403 10564 10565 10566
4 8455 10555 10565 10567
4 8448 10566 10567 10568
4 3107 10569 10570 10571
4 8511 10569 10572 10573
4 10542 10574 10575 10576
4 8512 10572 10574 10577
4 8500 10556 10575 10577
4 10578 10579 10580 10581
4 3177 10582 10583 10584
4 6460 10585 10586 10587
4 10588 10589 10590 10591
4 3178 10582 10588 10592
4 6461 10585 10589 10592
4 8917 10593 10594 10595
4 6463 10596 10597 10598
4 8905 10596 10599 10600
4 8906 10599 10601 10602
4 8918 10593 10601 10603
4 10602 10603 10604 10605
4 8530 10606 10607 10608
4 3579 10609 10610 10611
4 10612 10613 10614 10615
4 8531 10606 10612 10616
4 8525 10613 10616 10617
4 8526 10617 10618 10619
4 3573 10618 10620 10621
4 10622 10623 10624 10625
4 10578 10622 10626 10627
4 10583 10623 10626 10628
4 10579 10627 10629 10630
4 10614 10631 10632 10633
4 10584 10628 10631 10634
4 3580 10609 10635 10636
4 10637 10638 10639 10640
4 8785 10637 10641 10642
4 8190 10643 10644 10645
4 10646 10647 10648 10649
4 8780 10646 10650 10651
4 8786 10641 10647 10650
4 6126 10652 10653 10654
4 10655 10656 10657 10658
4 5466 10655 10659 10660
4 8191 10643 10656 10659
4 5467 10660 10661 10662
4 8781 10651 10661 10663
4 8777 10662 10663 10664
4 8193 10665 10666 10667
4 10638 10668 10669 10670
4 6127 10652 10668 10671
4 8187 10669 10671 10672
4 8188 10665 10672 10673
4 10038 10674 10675 10676
4 3225 10677 10678 10679
4 10027 10680 10681 10682
4 10683 10684 10685 10686
4 10028 10680 10683 10687
4 10039 10674 10684 10687
4 10688 10689 10690 10691
4 681 10688 10692 10693
4 687 10689 10692 10694
4 10685 10695 10696 10697
4 688 10694 10695 10698
4 682 10693 10699 10700
4 176 10699 10701 10702
4 180 10700 10701 10703
4 10704 10705 10706 10707
4 177 10702 10704 10708
4 3226 10677 10705 10708
4 6390 10709 10710 10711
4 6391 10709 10712 10713
4 6382 10712 10714 10715
4 10716 10717 10718 10719
4 8874 10716 10720 10721
4 8872 10717 10720 10722
4 10723 10724 10725 10726
4 8875 10721 10723 10727
4 10724 10727 10728 10729
4 8873 10722 10730 10731
4 10635 10732 10733 10734
4 10735 10736 10737 10738
4 10636 10732 10735 10739
4 10629 10736 10739 10740
4 10630 10740 10741 10742
4 10604 10741 10743 10744
4 8907 10745 10746 10747
4 10748 10749 10750 10751
4 10752 10753 10754 10755
4 10291 10752 10756 10757
4 10293 10753 10756 10758
4 10759 10760 10761 10762
4 10292 10757 10759 10763
4 10764 10765 10766 10767
4 8910 10764 10768 10769
4 10770 10771 10772 10773
4 6437 10770 10774 10775
4 8908 10745 10771 10774
4 6438 10775 10776 10777
4 10294 10758 10776 10778
4 10297 10777 10778 10779
4 10780 10781 10782 10783
4 10780 10784 10785 10786
4 10787 10788 10789 10790
4 10787 10791 10792 10793
4 9002 10788 10791 10794
4 10795 10796 10797 10798
4 5187 10795 10799 10800
4 9003 10794 10796 10799
4 9914 10801 10802 10803
4 10792 10801 10804 10805
4 10802 10804 10806 10807
4 10793 10805 10808 10809
4 9915 10803 10810 10811
4 9920 10810 10812 10813
4 10814 10815 10816 10817
4 10797 10818 10819 10820
4 10821 10822 10823 10824
4 10806 10825 10826 10827
4 10828 10829 10830 10831
4 2738 10828 10832 10833
4 5190 10829 10832 10834
4 10821 10835 10836 10837
4 2739 10833 10835 10838
4 2734 10839 10840 10841
4 10784 10839 10842 10843
4 5191 10834 10840 10842
4 10844 10845 10846 10847
4 10785 10843 10844 10848
4 10798 10818 10845 10848
4 6572 10849 10850 10851
4 10852 10853 10854 10855
4 6502 10856 10857 10858
4 10859 10860 10861 10862
4 10859 10863 10864 10865
4 10856 10866 10867 10868
4 10869 10870 10871 10872
4 6573 10849 10869 10873
4 10870 10873 10874 10875
4 3604 10876 10877 10878
4 9053 10879 10880 10881
4 1997 10882 10883 10884
4 6508 10879 10885 10886
4 10887 10888 10889 10890
4 1998 10882 10887 10891
4 6509 10885 10888 10891
4 10892 10893 10894 10895
4 10852 10892 10896 10897
4 9007 10893 10896 10898
4 10889 10899 10900 10901
4 9008 10898 10899 10902
4 10903 10904 10905 10906
4 3605 10876 10903 10907
4 10866 10904 10907 10908
4 10867 10908 10909 10910
4 10853 10897 10909 10911
4 10860 10910 10911 10912
4 10913 10914 10915 10916
4 3898 10913 10917 10918
4 10914 10917 10919 10920
4 9164 10921 10922 10923
4 3892 10924 10925 10926
4 3899 10918 10924 10927
4 6503 10925 10927 10928
4 10929 10930 10931 10932
4 6504 10928 10929 10933
4 9165 10921 10930 10933
4 10934 10935 10936 10937
4 10938 10939 10940 10941
4 6519 10942 10943 10944
4 10934 10945 10946 10947
4 10948 10949 10950 10951
4 10952 10953 10954 10955
4 10919 10945 10956 10957
4 10952 10958 10959 10960
4 6520 10942 10958 10961
4 10920 10956 10959 10961
4 10471 10962 10963 10964
4 10962 10965 10966 10967
4 10968 10969 10970 10971
4 10968 10972 10973 10974
4 10472 10963 10969 10972
4 9114 10975 10976 10977
4 10978 10979 10980 10981
4 10978 10982 10983 10984
4 9115 10975 10979 10982
4 10985 10986 10987 10988
4 9123 10989 10990 10991
4 9170 10992 10993 10994
4 9124 10989 10995 10996
4 9154 10997 10998 10999
4 6567 11000 11001 11002
4 9147 11000 11003 11004
4 9171 10992 11001 11003
4 11005 11006 11007 11008
4 9148 11004 11005 11009
4 9155 10997 11006 11009
4 9180 11010 11011 11012
4 9096 11013 11014 11015
4 11016 11017 11018 11019
4 11016 11020 11021 11022
4 9099 11017 11020 11023
4 11024 11025 11026 11027
4 9100 11023 11024 11028
4 9087 11029 11030 11031
4 11025 11032 11033 11034
4 9088 11029 11032 11035
4 9097 11013 11033 11035
4 11036 11037 11038 11039
4 11036 11040 11041 11042
4 9181 11010 11037 11040
4 6581 11043 11044 11045
4 1630 11043 11046 11047
4 11048 11049 11050 11051
4 1631 11046 11052 11053
4 7301 11054 11055 11056
4 11057 11058 11059 11060
4 11061 11062 11063 11064
4 11065 11066 11067 11068
4 6619 11065 11069 11070
4 11066 11069 11071 11072
4 6620 11070 11073 11074
4 11075 11076 11077 11078
4 9222 11079 11080 11081
4 11079 11082 11083 11084
4 9220 11080 11082 11085
4 11067 11086 11087 11088
4 9221 11085 11086 11089
4 9223 11081 11090 11091
4 11090 11092 11093 11094
4 10455 11091 11092 11095
4 11071 11096 11097 11098
4 11099 11100 11101 11102
4 11072 11096 11099 11103
4 10781 11104 11105 11106
4 11107 11108 11109 11110
4 11111 11112 11113 11114
4 8051 11111 11115 11116
4 11100 11117 11118 11119
4 8052 11115 11117 11120
4 11118 11120 11121 11122
4 9242 11123 11124 11125
4 6112 11126 11127 11128
4 9231 11123 11129 11130
4 11131 11132 11133 11134
4 9232 11129 11131 11135
4 11132 11135 11136 11137
4 11133 11138 11139 11140
4 7588 11138 11141 11142
4 11143 11144 11145 11146
4 2889 11143 11147 11148
4 7589 11141 11144 11147
4 11149 11150 11151 11152
4 6113 11126 11149 11153
4 5171 11150 11153 11154
4 5172 11154 11155 11156
4 2890 11148 11155 11157
4 2900 11156 11157 11158
4 6642 11159 11160 11161
4 6622 11162 11163 11164
4 11165 11166 11167 11168
4 6623 11162 11165 11169
4 6643 11159 11166 11169
4 9283 11170 11171 11172
4 1628 11173 11174 11175
4 3633 11176 11177 11178
4 11179 11180 11181 11182
4 1629 11173 11179 11183
4 3634 11176 11180 11183
4 11177 11184 11185 11186
4 11181 11187 11188 11189
4 11187 11190 11191 11192
4 11193 11194 11195 11196
4 9284 11170 11193 11197
4 11194 11197 11198 11199
4 11200 11201 11202 11203
4 11204 11205 11206 11207
4 11208 11209 11210 11211
4 11190 11212 11213 11214
4 11215 11216 11217 11218
4 11219 11220 11221 11222
4 11191 11212 11219 11223
4 11220 11223 11224 11225
4 11226 11227 11228 11229
4 2349 11230 11231 11232
4 11233 11234 11235 11236
4 9324 11233 11237 11238
4 3767 11234 11237 11239
4 11240 11241 11242 11243
4 3768 11239 11240 11244
4 11241 11245 11246 11247
4 2350 11230 11245 11248
4 11246 11248 11249 11250
4 9325 11238 11251 11252
4 11251 11253 11254 11255
4 9332 11252 11253 11256
4 11257 11258 11259 11260
4 10948 11261 11262 11263
4 10953 11264 11265 11266
4 11267 11268 11269 11270
4 10949 11261 11267 11271
4 620 11272 11273 11274
4 9000 11272 11275 11276
4 11268 11277 11278 11279
4 9001 11275 11277 11280
4 11278 11280 11281 11282
4 11283 11284 11285 11286
4 11287 11288 11289 11290
4 11291 11292 11293 11294
4 8960 11291 11295 11296
4 8958 11292 11295 11297
4 8961 11296 11298 11299
4 8959 11297 11300 11301
4 11302 11303 11304 11305
4 7018 11306 11307 11308
4 1192 11309 11310 11311
4 3755 11309 11312 11313
4 11314 11315 11316 11317
4 3756 11312 11314 11318
4 7019 11306 11315 11318
4 11319 11320 11321 11322
4 9893 11323 11324 11325
4 11316 11326 11327 11328
4 11326 11329 11330 11331
4 11332 11333 11334 11335
4 11332 11336 11337 11338
4 11339 11340 11341 11342
4 7472 11343 11344 11345
4 11333 11346 11347 11348
4 11346 11349 11350 11351
4 7473 11343 11347 11349
4 9832 11352 11353 11354
4 10391 11355 11356 11357
4 9833 11352 11358 11359
4 10950 11360 11361 11362
4 10938 11363 11364 11365
4 11366 11367 11368 11369
4 10939 11363 11366 11370
4 10951 11360 11367 11370
4 6970 11371 11372 11373
4 4832 11374 11375 11376
4 4842 11371 11377 11378
4 11379 11380 11381 11382
4 4833 11374 11379 11383
4 4843 11377 11380 11383
4 11381 11384 11385 11386
4 4894 11384 11387 11388
4 11389 11390 11391 11392
4 4895 11387 11389 11393
4 11390 11393 11394 11395
4 11396 11397 11398 11399
4 11396 11400 11401 11402
4 11397 11400 11403 11404
4 7694 11405 11406 11407
4 9585 11408 11409 11410
4 7696 11411 11412 11413
4 9483 11411 11414 11415
4 11416 11417 11418 11419
4 9484 11414 11416 11420
4 9586 11408 11417 11420
4 11421 11422 11423 11424
4 2302 11421 11425 11426
4 9582 11422 11425 11427
4 11418 11428 11429 11430
4 9583 11427 11428 11431
4 2303 11426 11432 11433
4 4634 11432 11434 11435
4 4631 11433 11434 11436
4 11437 11438 11439 11440
4 4635 11435 11437 11441
4 7695 11405 11438 11441
4 11442 11443 11444 11445
4 9656 11442 11446 11447
4 9916 11448 11449 11450
4 11451 11452 11453 11454
4 9657 11446 11451 11455
4 11452 11455 11456 11457
4 9902 11458 11459 11460
4 11461 11462 11463 11464
4 9917 11448 11461 11465
4 11462 11465 11466 11467
4 11443 11468 11469 11470
4 2719 11468 11471 11472
4 9903 11458 11469 11471
4 2720 11472 11473 11474
4 9004 11473 11475 11476
4 11477 11478 11479 11480
4 7294 11477 11481 11482
4 4359 11483 11484 11485
4 11486 11487 11488 11489
4 4360 11483 11486 11490
4 7295 11481 11487 11490
4 11491 11492 11493 11494
4 11491 11495 11496 11497
4 7276 11492 11495 11498
4 1775 11499 11500 11501
4 7277 11498 11499 11502
4 7280 11500 11502 11503
4 11504 11505 11506 11507
4 7281 11503 11504 11508
4 11505 11508 11509 11510
4 9695 11511 11512 11513
4 1972 11511 11514 11515
4 7047 11516 11517 11518
4 6870 11519 11520 11521
4 11522 11523 11524 11525
4 1973 11514 11522 11526
4 7048 11516 11523 11526
4 11527 11528 11529 11530
4 5515 11527 11531 11532
4 9677 11528 11531 11533
4 11524 11534 11535 11536
4 9678 11533 11534 11537
4 5516 11532 11538 11539
4 6865 11538 11540 11541
4 3999 11539 11540 11542
4 11543 11544 11545 11546
4 6866 11541 11543 11547
4 6871 11519 11544 11547
4 9712 11548 11549 11550
4 9762 11551 11552 11553
4 11554 11555 11556 11557
4 7697 11554 11558 11559
4 7702 11555 11558 11560
4 7698 11559 11561 11562
4 9709 11561 11563 11564
4 9713 11548 11562 11563
4 7703 11560 11565 11566
4 4636 11567 11568 11569
4 9763 11551 11567 11570
4 9720 11571 11572 11573
4 8627 11571 11574 11575
4 8634 11576 11577 11578
4 3436 11579 11580 11581
4 11582 11583 11584 11585
4 8635 11576 11582 11586
4 8628 11574 11583 11586
4 11587 11588 11589 11590
4 3458 11587 11591 11592
4 7149 11588 11591 11593
4 11584 11594 11595 11596
4 3459 11592 11594 11597
4 11598 11599 11600 11601
4 7146 11598 11602 11603
4 3437 11579 11599 11602
4 7147 11603 11604 11605
4 7166 11604 11606 11607
4 7150 11593 11605 11606
4 11608 11609 11610 11611
4 11612 11613 11614 11615
4 7349 11616 11617 11618
4 11612 11619 11620 11621
4 7350 11616 11619 11622
4 7347 11620 11622 11623
4 7348 11623 11624 11625
4 4643 11624 11626 11627
4 11628 11629 11630 11631
4 7284 11628 11632 11633
4 11634 11635 11636 11637
4 7285 11632 11634 11638
4 10398 11635 11638 11639
4 10389 11640 11641 11642
4 10360 11643 11644 11645
4 10399 11639 11643 11646
4 10392 11644 11646 11647
4 11648 11649 11650 11651
4 10393 11647 11648 11652
4 10390 11640 11649 11652
4 11509 11653 11654 11655
4 11629 11656 11657 11658
4 11510 11653 11656 11659
4 11657 11659 11660 11661
4 11662 11663 11664 11665
4 11666 11667 11668 11669
4 10469 11670 11671 11672
4 10470 11670 11673 11674
4 9847 11675 11676 11677
4 9856 11675 11678 11679
4 7415 11680 11681 11682
4 7505 11683 11684 11685
4 11686 11687 11688 11689
4 9857 11678 11686 11690
4 7506 11683 11687 11690
4 11691 11692 11693 11694
4 11691 11695 11696 11697
4 9934 11692 11695 11698
4 11699 11700 11701 11702
4 7416 11680 11699 11703
4 7457 11700 11703 11704
4 7458 11704 11705 11706
4 9935 11698 11705 11707
4 9925 11706 11707 11708
4 9869 11709 11710 11711
4 11712 11713 11714 11715
4 11716 11717 11718 11719
4 9601 11716 11720 11721
4 7438 11717 11720 11722
4 11712 11723 11724 11725
4 7439 11722 11723 11726
4 9602 11721 11727 11728
4 9598 11727 11729 11730
4 9620 11728 11729 11731
4 11732 11733 11734 11735
4 9599 11730 11732 11736
4 9870 11709 11733 11736
4 9955 11737 11738 11739
4 11364 11740 11741 11742
4 11743 11744 11745 11746
4 11743 11747 11748 11749
4 11365 11740 11744 11747
4 11745 11750 11751 11752
4 11350 11750 11753 11754
4 11755 11756 11757 11758
4 11351 11753 11755 11759
4 9957 11756 11759 11760
4 8975 11761 11762 11763
4 9958 11760 11761 11764
4 9965 11762 11764 11765
4 11766 11767 11768 11769
4 9966 11765 11766 11770
4 9956 11737 11767 11770
4 11466 11771 11772 11773
4 11771 11774 11775 11776
4 11456 11777 11778 11779
4 11780 11781 11782 11783
4 11467 11772 11780 11784
4 11457 11777 11781 11784
4 11782 11785 11786 11787
4 11785 11788 11789 11790
4 5319 11791 11792 11793
4 11794 11795 11796 11797
4 9923 11798 11799 11800
4 11801 11802 11803 11804
4 9924 11798 11805 11806
4 11807 11808 11809 11810
4 11807 11811 11812 11813
4 11283 11808 11811 11814
4 11801 11815 11816 11817
4 11284 11814 11815 11818
4 11688 11819 11820 11821
4 9950 11822 11823 11824
4 11696 11819 11825 11826
4 9930 11827 11828 11829
4 11713 11830 11831 11832
4 11833 11834 11835 11836
4 11837 11838 11839 11840
4 11833 11841 11842 11843
4 11697 11825 11841 11844
4 9931 11827 11842 11844
4 11845 11846 11847 11848
4 9951 11822 11845 11849
4 11714 11830 11846 11849
4 11850 11851 11852 11853
4 10178 11850 11854 11855
4 10046 11856 11857 11858
4 11859 11860 11861 11862
4 10179 11854 11859 11863
4 10155 11860 11863 11864
4 7807 11865 11866 11867
4 11868 11869 11870 11871
4 7878 11868 11872 11873
4 10047 11856 11869 11872
4 7879 11873 11874 11875
4 10066 11874 11876 11877
4 10156 11864 11875 11876
4 10054 11878 11879 11880
4 10043 11878 11881 11882
4 11851 11883 11884 11885
4 7808 11865 11883 11886
4 10044 11881 11884 11886
4 11226 11887 11888 11889
4 10152 11887 11890 11891
4 10160 11888 11890 11892
4 11893 11894 11895 11896
4 10161 11892 11893 11897
4 11894 11897 11898 11899
4 11900 11901 11902 11903
4 11254 11900 11904 11905
4 11227 11889 11901 11904
4 11255 11905 11906 11907
4 11906 11908 11909 11910
4 11287 11911 11912 11913
4 11288 11911 11914 11915
4 11908 11914 11916 11917
4 11302 11915 11916 11918
4 11303 11918 11919 11920
4 11300 11919 11921 11922
4 11923 11924 11925 11926
4 10190 11927 11928 11929
4 1466 11923 11930 11931
4 2459 11932 11933 11934
4 11935 11936 11937 11938
4 1467 11930 11935 11939
4 2460 11932 11936 11939
4 11937 11940 11941 11942
4 6240 11940 11943 11944
4 11945 11946 11947 11948
4 6241 11943 11945 11949
4 7881 11946 11949 11950
4 770 11951 11952 11953
4 7882 11950 11951 11954
4 7888 11952 11954 11955
4 11956 11957 11958 11959
4 7889 11955 11956 11960
4 10191 11927 11957 11960
4 11403 11961 11962 11963
4 11394 11964 11965 11966
4 10217 11961 11967 11968
4 11969 11970 11971 11972
4 11395 11964 11969 11973
4 11404 11962 11970 11973
4 10214 11974 11975 11976
4 11977 11978 11979 11980
4 10188 11977 11981 11982
4 4937 11978 11981 11983
4 11971 11984 11985 11986
4 10189 11982 11984 11987
4 11924 11988 11989 11990
4 4938 11983 11988 11991
4 4934 11989 11991 11992
4 11993 11994 11995 11996
4 4935 11992 11993 11997
4 10215 11974 11994 11997
4 8038 11998 11999 12000
4 10258 12001 12002 12003
4 10306 12004 12005 12006
4 12007 12008 12009 12010
4 10261 12007 12011 12012
4 12013 12014 12015 12016
4 2725 12013 12017 12018
4 10262 12011 12014 12017
4 5399 12004 12019 12020
4 12008 12021 12022 12023
4 5400 12019 12021 12024
4 10259 12001 12022 12024
4 12025 12026 12027 12028
4 2730 12025 12029 12030
4 8039 11998 12026 12029
4 2722 12031 12032 12033
4 2731 12030 12031 12034
4 2726 12018 12032 12034
4 10356 12035 12036 12037
4 6422 12038 12039 12040
4 10357 12035 12038 12041
4 11184 12039 12041 12042
4 6423 12040 12043 12044
4 12045 12046 12047 12048
4 8178 12045 12049 12050
4 12051 12052 12053 12054
4 8179 12049 12051 12055
4 10448 12052 12055 12056
4 12057 12058 12059 12060
4 12057 12061 12062 12063
4 10452 12058 12061 12064
4 8902 12065 12066 12067
4 10449 12056 12065 12068
4 10453 12064 12066 12068
4 5272 12069 12070 12071
4 12046 12072 12073 12074
4 12075 12076 12077 12078
4 11093 12075 12079 12080
4 11121 12081 12082 12083
4 12084 12085 12086 12087
4 11075 12084 12088 12089
4 11094 12079 12085 12088
4 12090 12091 12092 12093
4 9211 12090 12094 12095
4 11122 12081 12091 12094
4 9237 12096 12097 12098
4 9212 12095 12096 12099
4 11076 12089 12097 12099
4 12062 12100 12101 12102
4 5240 12103 12104 12105
4 12076 12106 12107 12108
4 2785 12106 12109 12110
4 12063 12100 12107 12109
4 2786 12103 12110 12111
4 7179 12112 12113 12114
4 10675 12115 12116 12117
4 3194 12118 12119 12120
4 7175 12115 12121 12122
4 12123 12124 12125 12126
4 1890 12123 12127 12128
4 1350 12124 12127 12129
4 12130 12131 12132 12133
4 1891 12128 12130 12134
4 12131 12135 12136 12137
4 3195 12118 12135 12138
4 7176 12121 12136 12138
4 4306 12139 12140 12141
4 1351 12129 12139 12142
4 4314 12140 12142 12143
4 12144 12145 12146 12147
4 4315 12143 12144 12148
4 7180 12112 12145 12148
4 12149 12150 12151 12152
4 10710 12149 12153 12154
4 12155 12156 12157 12158
4 3552 12155 12159 12160
4 10711 12153 12156 12159
4 5833 12161 12162 12163
4 3553 12160 12164 12165
4 3574 12164 12166 12167
4 6376 12165 12166 12168
4 12169 12170 12171 12172
4 3575 12167 12169 12173
4 5834 12161 12170 12173
4 10737 12174 12175 12176
4 12174 12177 12178 12179
4 12180 12181 12182 12183
4 12184 12185 12186 12187
4 12188 12189 12190 12191
4 12192 12193 12194 12195
4 11021 12196 12197 12198
4 12180 12199 12200 12201
4 11022 12196 12199 12202
4 11041 12200 12202 12203
4 11042 12203 12204 12205
4 10985 12204 12206 12207
4 12208 12209 12210 12211
4 10986 12212 12213 12214
4 12215 12216 12217 12218
4 10965 12215 12219 12220
4 10987 12212 12216 12219
4 11805 12221 12222 12223
4 11806 12221 12224 12225
4 12226 12227 12228 12229
4 12230 12231 12232 12233
4 12230 12234 12235 12236
4 9412 12231 12234 12237
4 10874 12226 12238 12239
4 12240 12241 12242 12243
4 9413 12237 12240 12244
4 11336 12241 12244 12245
4 12246 12247 12248 12249
4 12246 12250 12251 12252
4 11337 12245 12247 12250
4 12253 12254 12255 12256
4 12253 12257 12258 12259
4 10875 12238 12254 12257
4 11097 12260 12261 12262
4 11030 12263 12264 12265
4 10973 12266 12267 12268
4 10983 12263 12269 12270
4 12271 12272 12273 12274
4 10984 12269 12271 12275
4 10974 12266 12272 12275
4 12273 12276 12277 12278
4 11666 12276 12279 12280
4 11667 12279 12281 12282
4 11107 12281 12283 12284
4 12282 12283 12285 12286
4 11774 12287 12288 12289
4 11108 12284 12287 12290
4 11104 12288 12290 12291
4 12292 12293 12294 12295
4 11098 12260 12292 12296
4 11105 12291 12293 12296
4 12297 12298 12299 12300
4 11052 12297 12301 12302
4 12303 12304 12305 12306
4 9182 12303 12307 12308
4 11053 12301 12304 12307
4 6900 12309 12310 12311
4 9187 12309 12312 12313
4 9183 12308 12310 12312
4 12314 12315 12316 12317
4 9188 12313 12314 12318
4 12315 12318 12319 12320
4 12242 12321 12322 12323
4 3638 12321 12324 12325
4 12298 12326 12327 12328
4 3639 12324 12326 12329
4 12327 12329 12330 12331
4 12332 12333 12334 12335
4 12332 12336 12337 12338
4 10728 12339 12340 12341
4 11224 12342 12343 12344
4 12345 12346 12347 12348
4 12177 12345 12349 12350
4 10729 12339 12346 12349
4 12351 12352 12353 12354
4 12178 12350 12351 12355
4 12150 12352 12355 12356
4 8870 12357 12358 12359
4 12333 12360 12361 12362
4 11225 12342 12360 12363
4 11198 12361 12363 12364
4 11199 12357 12364 12365
4 11136 12366 12367 12368
4 9281 12369 12370 12371
4 12372 12373 12374 12375
4 7606 12372 12376 12377
4 12378 12379 12380 12381
4 7607 12376 12378 12382
4 7590 12379 12382 12383
4 12373 12384 12385 12386
4 6097 12384 12387 12388
4 9282 12369 12385 12387
4 6098 12388 12389 12390
4 9218 12389 12391 12392
4 3649 12393 12394 12395
4 7591 12383 12393 12396
4 9208 12394 12396 12397
4 12398 12399 12400 12401
4 9209 12397 12398 12402
4 11137 12366 12399 12402
4 12403 12404 12405 12406
4 11163 12403 12407 12408
4 12404 12407 12409 12410
4 10993 12411 12412 12413
4 12414 12415 12416 12417
4 11164 12408 12414 12418
4 3742 12419 12420 12421
4 12422 12423 12424 12425
4 12422 12426 12427 12428
4 10994 12411 12423 12426
4 12415 12429 12430 12431
4 3743 12419 12429 12432
4 10995 12430 12432 12433
4 10996 12433 12434 12435
4 10998 12434 12436 12437
4 12438 12439 12440 12441
4 11249 12438 12442 12443
4 12444 12445 12446 12447
4 11250 12442 12444 12448
4 11257 12445 12448 12449
4 11262 12450 12451 12452
4 6531 12453 12454 12455
4 11258 12449 12453 12456
4 11264 12454 12456 12457
4 12458 12459 12460 12461
4 11263 12450 12458 12462
4 11265 12457 12459 12462
4 11898 12463 12464 12465
4 12439 12466 12467 12468
4 11298 12466 12469 12470
4 11899 12463 12467 12469
4 11299 12470 12471 12472
4 11741 12471 12473 12474
4 8992 12475 12476 12477
4 11281 12478 12479 12480
4 8987 12475 12481 12482
4 12483 12484 12485 12486
4 8988 12481 12483 12487
4 12484 12487 12488 12489
4 12490 12491 12492 12493
4 12188 12490 12494 12495
4 12184 12491 12494 12496
4 12485 12497 12498 12499
4 12185 12496 12497 12500
4 12501 12502 12503 12504
4 3594 12501 12505 12506
4 11282 12478 12502 12505
4 3595 12506 12507 12508
4 12181 12507 12509 12510
4 12189 12495 12508 12509
4 11304 12511 12512 12513
4 9876 12514 12515 12516
4 12517 12518 12519 12520
4 12517 12521 12522 12523
4 9877 12514 12518 12521
4 12524 12525 12526 12527
4 11837 12524 12528 12529
4 11831 12525 12528 12530
4 12519 12531 12532 12533
4 11832 12530 12531 12534
4 12535 12536 12537 12538
4 11305 12511 12535 12539
4 11802 12536 12539 12540
4 11803 12540 12541 12542
4 11838 12529 12541 12543
4 11834 12542 12543 12544
4 11289 12545 12546 12547
4 11290 12545 12548 12549
4 11329 12550 12551 12552
4 12522 12553 12554 12555
4 12556 12557 12558 12559
4 12523 12553 12556 12560
4 9651 12557 12560 12561
4 9648 12562 12563 12564
4 9652 12561 12562 12565
4 11330 12550 12563 12565
4 11662 12566 12567 12568
4 11663 12566 12569 12570
4 12072 12571 12572 12573
4 12574 12575 12576 12577
4 12069 12574 12578 12579
4 12073 12571 12575 12578
4 12580 12581 12582 12583
4 9567 12584 12585 12586
4 9565 12587 12588 12589
4 11401 12590 12591 12592
4 9572 12587 12593 12594
4 12595 12596 12597 12598
4 4670 12595 12599 12600
4 4912 12596 12599 12601
4 12602 12603 12604 12605
4 4913 12601 12602 12606
4 12603 12607 12608 12609
4 11402 12590 12607 12610
4 9573 12593 12608 12610
4 4671 12600 12611 12612
4 3937 12611 12613 12614
4 3978 12612 12613 12615
4 12616 12617 12618 12619
4 3979 12615 12616 12620
4 9568 12584 12617 12620
4 12621 12622 12623 12624
4 11552 12621 12625 12626
4 12627 12628 12629 12630
4 12631 12632 12633 12634
4 11553 12625 12631 12635
4 11608 12632 12635 12636
4 9777 12637 12638 12639
4 11609 12636 12637 12640
4 12638 12640 12641 12642
4 11549 12643 12644 12645
4 9795 12646 12647 12648
4 9814 12646 12649 12650
4 12622 12651 12652 12653
4 9815 12649 12651 12654
4 11550 12643 12652 12654
4 12655 12656 12657 12658
4 12641 12655 12659 12660
4 9799 12661 12662 12663
4 12664 12665 12666 12667
4 12627 12664 12668 12669
4 12642 12659 12665 12668
4 9781 12670 12671 12672
4 12673 12674 12675 12676
4 9800 12661 12673 12677
4 7254 12674 12677 12678
4 7255 12678 12679 12680
4 12628 12669 12679 12681
4 11613 12680 12681 12682
4 11496 12683 12684 12685
4 12656 12686 12687 12688
4 11497 12683 12686 12689
4 9782 12670 12687 12689
4 11488 12684 12690 12691
4 11664 12692 12693 12694
4 11665 12692 12695 12696
4 11791 12697 12698 12699
4 11668 12700 12701 12702
4 11112 12703 12704 12705
4 11794 12703 12706 12707
4 11792 12697 12704 12706
4 12708 12709 12710 12711
4 11669 12700 12708 12712
4 11795 12707 12709 12712
4 12713 12714 12715 12716
4 8106 12713 12717 12718
4 12714 12717 12719 12720
4 12576 12721 12722 12723
4 8107 12718 12724 12725
4 12580 12724 12726 12727
4 11355 12725 12726 12728
4 12729 12730 12731 12732
4 12577 12721 12729 12733
4 12581 12727 12730 12733
4 12043 12734 12735 12736
4 11200 12737 12738 12739
4 9285 12737 12740 12741
4 12742 12743 12744 12745
4 9286 12740 12742 12746
4 12044 12734 12743 12746
4 12036 12747 12748 12749
4 10377 12750 12751 12752
4 12753 12754 12755 12756
4 10378 12750 12753 12757
4 12719 12754 12757 12758
4 12720 12758 12759 12760
4 12744 12759 12761 12762
4 12763 12764 12765 12766
4 8099 12763 12767 12768
4 10748 12764 12767 12769
4 12755 12770 12771 12772
4 8100 12768 12770 12773
4 10760 12774 12775 12776
4 10749 12769 12774 12777
4 10765 12775 12777 12778
4 12779 12780 12781 12782
4 10766 12778 12779 12783
4 12037 12747 12780 12783
4 10725 12784 12785 12786
4 12353 12787 12788 12789
4 8867 12784 12790 12791
4 6733 12792 12793 12794
4 12795 12796 12797 12798
4 6734 12792 12795 12799
4 8868 12790 12796 12799
4 12797 12800 12801 12802
4 8830 12800 12803 12804
4 12805 12806 12807 12808
4 8831 12803 12805 12809
4 11057 12806 12809 12810
4 11061 12811 12812 12813
4 12336 12811 12814 12815
4 11058 12810 12812 12814
4 12816 12817 12818 12819
4 12337 12815 12816 12820
4 12354 12787 12817 12820
4 11748 12821 12822 12823
4 12824 12825 12826 12827
4 12828 12829 12830 12831
4 11339 12828 12832 12833
4 12829 12832 12834 12835
4 11361 12836 12837 12838
4 11340 12833 12839 12840
4 10935 12839 12841 12842
4 12227 12840 12841 12843
4 12844 12845 12846 12847
4 10936 12842 12844 12848
4 11749 12821 12845 12848
4 12213 12849 12850 12851
4 11812 12852 12853 12854
4 12855 12856 12857 12858
4 12186 12855 12859 12860
4 12192 12856 12859 12861
4 12862 12863 12864 12865
4 12187 12860 12862 12866
4 12208 12867 12868 12869
4 12863 12870 12871 12872
4 11813 12852 12870 12873
4 12222 12871 12873 12874
4 12223 12867 12874 12875
4 12193 12861 12876 12877
4 12824 12876 12878 12879
4 12836 12877 12878 12880
4 12881 12882 12883 12884
4 12214 12849 12881 12885
4 12825 12879 12882 12885
4 12258 12886 12887 12888
4 12409 12889 12890 12891
4 12892 12893 12894 12895
4 12892 12896 12897 12898
4 12427 12899 12900 12901
4 12893 12902 12903 12904
4 12428 12899 12902 12905
4 12410 12889 12903 12905
4 9158 12900 12906 12907
4 12908 12909 12910 12911
4 12259 12886 12908 12912
4 10863 12909 12912 12913
4 12914 12915 12916 12917
4 10864 12913 12914 12918
4 11062 12915 12918 12919
4 12217 12920 12921 12922
4 12251 12923 12924 12925
4 12926 12927 12928 12929
4 9938 12926 12930 12931
4 9416 12927 12930 12932
4 12933 12934 12935 12936
4 9417 12932 12933 12937
4 12826 12938 12939 12940
4 12934 12941 12942 12943
4 12834 12941 12944 12945
4 12252 12923 12942 12944
4 12835 12938 12945 12946
4 12209 12947 12948 12949
4 9926 12947 12950 12951
4 9939 12931 12948 12950
4 12952 12953 12954 12955
4 12210 12949 12952 12956
4 12218 12920 12953 12956
4 12916 12957 12958 12959
4 12319 12960 12961 12962
4 12963 12964 12965 12966
4 11213 12963 12967 12968
4 12969 12970 12971 12972
4 11214 12967 12969 12973
4 11208 12970 12973 12974
4 12964 12975 12976 12977
4 12235 12975 12978 12979
4 12320 12960 12976 12978
4 12236 12979 12980 12981
4 12255 12980 12982 12983
4 12984 12985 12986 12987
4 12917 12957 12984 12988
4 12896 12985 12988 12989
4 12897 12989 12990 12991
4 11209 12974 12990 12992
4 11215 12991 12992 12993
4 12330 12994 12995 12996
4 6369 12997 12998 12999
4 1992 13000 13001 13002
4 13003 13004 13005 13006
4 1993 13000 13003 13007
4 6370 12997 13004 13007
4 13005 13008 13009 13010
4 6364 13008 13011 13012
4 13013 13014 13015 13016
4 6365 13011 13013 13017
4 11048 13014 13017 13018
4 9043 13001 13019 13020
4 13021 13022 13023 13024
4 12331 12994 13021 13025
4 11054 13022 13025 13026
4 7319 13027 13028 13029
4 11049 13018 13027 13030
4 11055 13026 13028 13030
4 6500 13031 13032 13033
4 12488 13034 13035 13036
4 13031 13037 13038 13039
4 13040 13041 13042 13043
4 13044 13045 13046 13047
4 11285 13044 13048 13049
4 13050 13051 13052 13053
4 10814 13050 13054 13055
4 11286 13048 13051 13054
4 13056 13057 13058 13059
4 12489 13034 13056 13060
4 10822 13057 13060 13061
4 10815 13055 13062 13063
4 10823 13061 13062 13064
4 10825 13063 13064 13065
4 9329 13066 13067 13068
4 13040 13069 13070 13071
4 1810 13072 13073 13074
4 1814 13075 13076 13077
4 13078 13079 13080 13081
4 9330 13066 13078 13082
4 13037 13079 13082 13083
4 13038 13083 13084 13085
4 13045 13084 13086 13087
4 13041 13069 13085 13086
4 1811 13072 13075 13088
4 12554 13089 13090 13091
4 12548 13089 13092 13093
4 13070 13094 13095 13096
4 12551 13097 13098 13099
4 13100 13101 13102 13103
4 12549 13092 13100 13104
4 13071 13094 13101 13104
4 13105 13106 13107 13108
4 11319 13105 13109 13110
4 13073 13106 13109 13111
4 13102 13112 13113 13114
4 13074 13111 13112 13115
4 9882 13116 13117 13118
4 11320 13110 13116 13119
4 11323 13117 13119 13120
4 13121 13122 13123 13124
4 11324 13120 13121 13125
4 12552 13097 13122 13125
4 12582 13126 13127 13128
4 12572 13129 13130 13131
4 12569 13126 13132 13133
4 11671 13134 13135 13136
4 13137 13138 13139 13140
4 11204 13137 13141 13142
4 10459 13138 13141 13143
4 13144 13145 13146 13147
4 10460 13143 13144 13148
4 13145 13149 13150 13151
4 11672 13134 13149 13152
4 12570 13132 13150 13152
4 11205 13142 13153 13154
4 11216 13153 13155 13156
4 11201 13154 13155 13157
4 13158 13159 13160 13161
4 11202 13157 13158 13162
4 12573 13129 13159 13162
4 12695 13163 13164 13165
4 11358 13166 13167 13168
4 12701 13163 13169 13170
4 12698 13171 13172 13173
4 13174 13175 13176 13177
4 11359 13166 13174 13178
4 12696 13164 13175 13178
4 13179 13180 13181 13182
4 7296 13179 13183 13184
4 11660 13180 13183 13185
4 13176 13186 13187 13188
4 11661 13185 13186 13189
4 7297 13184 13190 13191
4 11788 13190 13192 13193
4 11478 13191 13192 13194
4 13195 13196 13197 13198
4 11789 13193 13195 13199
4 12699 13171 13196 13199
7 6 15 118 232 239 913 13200
7 213 218 270 1065 1069 2516 13201
7 370 512 516 3520 3528 5102 13202
7 134 651 660 764 769 771 13203
7 67 258 260 2154 2164 4870 13204
7 609 789 792 1714 1724 2157 13205
7 145 174 653 808 821 822 13206
7 13204 13207 13208 13209 13210 13211 13212
7 225 574 846 888 977 1250 13207
7 259 867 872 887 889 2356 13208
7 616 923 930 933 1842 1844 13213
7 841 851 971 974 983 988 13214
7 233 236 1004 2386 2390 10133 13215
12 7 95 99 563 989 998 1005 4127 4172 4706 13216 13217
7 468 855 966 972 999 1007 13218
7 895 1022 4799 4846 4857 7666 13219
7 827 1033 1042 1044 4923 4929 13220
7 348 2789 2807 3759 4573 4589 13221
7 229 896 1122 2246 2257 4610 13222
7 385 1221 1225 1537 1544 3034 13223
12 68 82 199 796 873 1251 1323 1791 2169 2975 13209 13224
7 1073 1236 1268 1275 1278 1299 13225
7 359 363 1338 1587 3143 3153 13226
12 311 670 700 703 723 1352 1356 2626 4296 8597 13227 13228
7 530 1363 1367 1375 1523 3163 13229
7 175 178 683 3198 3211 3223 13230
7 366 392 394 1397 8236 8248 13231
7 937 995 1409 1411 1414 1418 13232
7 1166 1174 1438 1441 1445 6116 13233
7 415 418 432 437 1468 1471 13234
7 480 628 1549 1552 3265 3273 13235
12 295 452 1257 1263 1272 1550 1555 3057 3285 5703 13236 13237
7 859 876 883 1553 1556 1558 13238
7 559 633 635 3612 3630 6536 13239
7 96 119 1639 1643 1646 11235 13240
7 4164 4207 4219 5994 8449 8471 13241
7 1662 1669 1845 1848 1851 1862 13242
7 13243 13244 13245 13246 13247 13248 13249
7 1910 1920 1923 2120 2145 10690 13250
7 155 817 828 1949 1953 1959 13251
7 1932 1940 1942 4363 7334 7344 13252
7 281 774 1055 2009 2018 2019 13253
7 1058 1062 2020 2050 2053 2054 13254
7 34 787 1691 2055 3870 4533 13255
7 551 554 748 752 2062 3618 13256
7 760 2075 2096 2098 2102 4478 13257
12 55 162 209 684 805 809 812 2127 2130 2138 13258 13259
7 1792 2165 2166 9500 9530 9533 13210
7 716 719 2198 2203 5969 7950 13260
7 13235 13236 13238 13261 13262 13263 13264
7 1261 1264 2208 2223 3011 3030 13261
7 877 880 1258 2220 2224 2226 13262
7 100 842 2233 2236 4136 4155 13265
7 76 2182 2254 2278 4603 4616 13266
7 166 181 695 1957 2281 2284 13267
7 545 757 2334 2337 7842 7854 13268
7 907 920 924 926 2341 2347 13269
7 959 962 2352 2398 2426 2435 13270
7 471 475 2363 2365 2368 2375 13271
7 996 2411 2414 2418 2422 2429 13272
7 2319 2330 2442 4789 4950 4958 13273
7 2430 2440 4698 4752 4767 4829 13274
7 111 1336 1404 1410 2445 8456 13275
7 13232 13272 13274 13275 13276 13277 13278
7 1066 2505 2509 2567 4985 5006 13279
7 441 1960 2539 2542 4268 4331 13280
12 271 284 761 2001 2560 2563 2568 4412 4993 7883 13281 13282
7 13237 13283 13284 13285 13286 13287 13288
7 296 1389 1391 5041 5053 5070 13283
7 13289 13290 13291 13292 13293 13294 13295
7 309 1512 2619 2647 2656 2658 13289
7 315 1361 1364 2652 2673 5134 13296
7 2633 2771 4247 4262 5337 5360 13243
7 1200 2790 2793 2925 2946 8298 13297
7 483 1573 1581 2816 2825 2826 13298
7 493 1130 1134 2840 4396 4457 13299
7 488 502 2023 2834 2839 2841 13300
7 2873 2876 2956 5453 5468 8782 13301
7 355 2969 2976 2992 5624 5640 13302
7 13221 13297 13303 13304 13305 13306 13307
7 831 1247 2212 2229 2981 2988 13303
7 1203 2926 2928 2987 2989 5634 13304
7 2242 3019 3023 4142 6140 6152 13308
7 1290 1294 3015 3022 3024 4581 13309
7 83 353 356 2189 3037 3041 13310
7 2659 3048 3071 8161 8332 8344 13290
7 13224 13302 13310 13311 13312 13313 13314
7 797 1317 3053 5654 5682 5693 13311
12 303 1504 1513 2179 2276 2279 3067 3072 4626 8665 13291 13315
7 1305 1309 3058 3066 3077 3079 13284
7 13266 13315 13316 13317 13318 13319 13320
7 457 1563 2183 2185 3068 3081 13316
7 2443 3125 3128 3140 3805 4745 13321
7 1342 3144 3147 3175 3179 10624 13322
7 496 501 503 3182 3187 3192 13323
7 13299 13300 13323 13324 13325 13326 13327
7 2057 2128 3212 3215 3220 3229 13328
7 360 1903 1907 3244 3252 3253 13329
7 3237 3240 4303 8242 8547 8561 13330
7 3031 3274 3276 3286 3292 4211 13263
7 13223 13301 13331 13332 13333 13334 13335
7 1082 1222 1231 1240 3294 3297 13331
7 2952 2954 2957 3298 3301 6053 13332
7 3320 3334 3335 6069 6077 6494 13336
7 325 3401 5537 5557 6200 6206 13337
7 642 1459 1497 1501 3427 11589 13338
7 3115 3120 3121 3418 3422 3428 13339
7 416 1482 1487 6271 6322 6329 13340
7 3376 3380 3491 3495 3498 3507 13341
7 1602 2897 3513 3516 3521 3522 13342
7 2031 2033 2036 3546 9301 9322 13343
7 537 3608 3613 3615 3625 9143 13344
7 2099 2564 3682 3684 3687 3694 13345
12 567 832 1201 1204 3750 3760 4048 4073 4561 6740 13305 13346
7 1653 3778 3799 3813 6773 6785 13347
7 3 552 1829 3358 3789 3795 13348
7 1331 3131 3800 3802 3817 3824 13349
7 2105 3339 3792 3796 3810 7610 13350
7 1975 1978 2139 2142 3826 6806 13351
7 267 1015 3851 3860 3861 3934 13352
7 2131 3827 3864 3867 3877 9344 13353
12 546 1622 2068 2588 3662 3665 3676 3881 3885 3900 13354 13355
7 1313 1721 1801 1805 3903 3911 13356
7 3904 3906 3908 6858 6863 6892 13357
7 3930 3942 3950 3954 3971 3976 13358
7 1743 1754 1758 3955 3958 4067 13359
7 1769 1774 1776 4000 4004 4008 13360
7 2921 4011 4015 4023 5290 5529 13361
7 1209 1804 1806 2934 4029 9539 13362
7 2494 2498 4043 4045 4049 4052 13363
7 2909 2914 4054 4057 5507 5523 13364
7 604 4044 4061 4064 4074 4079 13365
12 1176 1183 2712 2796 2799 2915 4082 4096 9899 11321 13366 13367
7 943 945 952 955 4160 4184 13368
7 4181 4185 4187 7068 7076 8712 13369
12 629 852 856 860 2209 2221 2237 4194 4197 4212 13264 13370
7 13214 13216 13218 13265 13370 13371 13372
7 4128 4137 4139 4191 4195 4200 13371
7 1008 4173 4178 4198 4201 4203 13372
7 13368 13369 13373 13374 13375 13376 13377
7 1422 3305 4243 5813 7105 7120 13373
12 135 156 1045 1462 4264 4269 4282 4812 4939 11958 13378 13379
7 56 2046 2058 4380 4381 4384 13380
7 292 657 806 823 4382 4392 13381
7 13206 13230 13258 13328 13380 13381 13382
12 654 2024 3183 3189 3199 3230 4385 4393 4397 6225 13324 13382
7 2071 2076 4402 4404 4407 4413 13383
7 2061 2063 2087 2092 4426 4439 13384
7 13256 13348 13350 13384 13385 13386 13387
7 2106 2109 4416 4420 4427 7557 13385
12 497 517 1603 2835 2844 2856 4458 4465 7543 8821 13325 13388
7 13202 13342 13388 13389 13390 13391 13392
7 1145 4466 5421 5436 7523 7526 13389
7 3362 4424 4429 4468 4501 4514 13393
7 2830 4471 4511 4515 4516 4519 13394
7 701 2617 2640 4545 7746 7754 13395
7 893 899 2199 4656 7660 7688 13396
7 2213 2216 4562 4568 4574 4576 13306
7 793 803 4595 4599 4606 5676 13397
7 1475 2251 4617 4618 4621 4627 13317
7 3977 3980 3983 4672 7793 7814 13398
12 112 927 934 938 1670 1673 2415 4684 4692 4699 13276 13399
7 568 572 2488 2495 4717 4720 13400
7 13346 13363 13365 13400 13401 13402 13403
7 3751 4721 4725 6748 6754 10058 13401
7 1674 2446 4753 4754 4757 4764 13277
7 1126 2448 2452 4741 4821 4823 13404
7 1119 2264 2364 2378 4816 4835 13405
7 4785 4824 4826 4839 11382 11385 13406
7 13220 13251 13280 13378 13407 13408 13409
7 2540 4808 4813 4849 4853 4860 13407
7 2258 2268 4876 4878 4881 4888 13410
7 13201 13279 13281 13411 13412 13413 13414
7 214 215 285 4915 4919 4926 13411
7 4854 4930 4933 4936 4940 7897 13408
7 4892 4900 4904 4952 4989 11391 13415
7 4702 4775 4783 4942 4946 4953 13416
7 268 4663 4966 4974 7779 7785 13417
7 2338 2339 2576 3677 4999 5011 13418
7 2583 2589 4981 5002 5010 5012 13419
7 13352 13417 13420 13421 13422 13423 13424
7 2532 3842 3848 3862 5014 5018 13420
7 1702 3845 5015 5022 5025 9065 13421
7 1273 1306 5047 5054 5055 5058 13285
12 316 1310 1517 1524 2644 5048 5060 5063 5071 5891 13286 13425
7 13229 13296 13425 13426 13427 13428 13429
7 531 1088 2685 5061 5066 6472 13426
7 5036 5078 5080 5089 6049 6060 13430
7 5064 5067 5082 5772 5774 10754 13427
12 398 1146 1149 2887 2891 3517 5103 5111 5441 8953 13390 13431
7 2277 5117 5120 5128 7944 7956 13292
7 2627 2641 5141 5143 5150 5158 13432
7 3583 5146 5163 5165 10615 10632 13433
7 2892 5169 5173 5176 6110 6123 13434
7 13336 13337 13435 13436 13437 13438 13439
7 1100 3317 3336 5251 5263 10830 13435
7 4097 5199 5203 5209 10317 10320 13440
7 2727 2732 5205 5224 8036 8044 13441
7 5188 5196 5215 5223 5225 5259 13442
12 2716 5206 5216 5227 5301 8048 10789 11109 11463 11796 13443 13444
7 1730 5228 5281 5296 5314 5320 13445
7 4092 4100 5297 5298 5302 5310 13446
7 597 2774 6907 8123 10385 10407 13447
7 5370 7204 7219 9987 10431 10436 13448
7 1282 1298 1300 5378 5381 5383 13449
7 345 1140 2827 5416 5425 5426 13450
7 371 2857 5437 5438 5442 5450 13391
7 1527 1538 5454 5456 5461 5464 13333
12 2935 2939 2942 3909 3912 3922 5511 5517 5530 5762 13451 13452
7 4030 4033 4036 5512 5514 5520 13453
7 13356 13357 13362 13451 13453 13454 13455
7 4083 5524 5526 9675 9680 11529 13456
7 1096 2713 5200 5219 5544 5547 13457
7 5252 5558 5559 5562 5569 5604 13436
7 1106 1291 5587 5590 6168 6189 13458
7 5577 5581 5595 5610 6176 10648 13459
12 1432 3318 3321 3381 3393 3402 5600 5605 6211 8789 13437 13460
7 2723 5551 5596 5598 5613 5620 13461
7 1324 3054 5641 5642 5648 8367 13312
7 2170 3038 5669 5683 5684 8338 13313
7 1518 3078 5700 5704 5901 5912 13287
7 3923 5746 5753 8358 8373 10524 13462
7 13361 13452 13462 13463 13464 13465 13466
7 2765 5726 8392 8407 8423 8443 13467
12 1784 2781 5371 5727 5729 5732 5739 7278 8402 10445 13468 13469
7 13448 13468 13470 13471 13472 13473 13474
7 582 1780 3088 3916 5730 5735 13470
7 4012 5747 5748 5759 5763 8416 13463
7 5686 5690 5696 5733 5736 5750 13471
7 2645 2674 5775 5778 5786 8095 13428
7 448 450 1494 1498 5788 5798 13475
7 526 1596 3149 3157 5826 5836 13476
7 3207 5846 5848 5853 5856 7639 13477
7 453 1390 5892 5898 5902 5903 13288
7 1533 5478 5483 5918 5926 5927 13478
7 1385 5931 5934 5943 5948 8591 13479
7 1541 3270 5709 5710 5921 5928 13480
7 1476 1505 5953 6314 8647 8661 13318
12 1534 3271 3279 5501 5792 5987 5990 5995 8225 8460 13481 13482
7 3261 5711 5963 5988 6008 8653 13483
7 13459 13461 13484 13485 13486 13487 13488
7 2962 5389 5574 5582 6024 6032 13484
12 386 1398 1528 2877 3295 5949 6036 6039 6054 8257 13334 13489
7 395 506 1346 2613 6037 6042 13490
7 13231 13479 13489 13490 13491 13492 13493
7 1386 2593 2603 6040 6043 6045 13491
7 6028 6061 6062 8679 8687 8932 13494
7 2885 3384 5244 5268 6100 6103 13495
12 3101 4161 4165 4182 5814 6130 6136 6146 8508 10561 13374 13496
7 13241 13481 13496 13497 13498 13499 13500
7 3280 4220 4221 6147 6156 6158 13497
12 5210 5396 5548 5552 5575 6172 6177 6180 10337 12027 13485 13501
7 1177 1180 5543 5545 6173 6183 13502
7 13366 13440 13457 13501 13502 13503 13504
7 2800 2803 2810 6181 6184 6186 13503
7 6078 6081 6207 6208 6212 6215 13438
7 1131 2845 6221 6226 8806 8809 13326
7 27 151 4276 4289 6229 6236 13505
7 1463 3412 3425 6249 11938 11941 13506
7 13338 13339 13475 13507 13508 13509 13510
7 2471 2478 3111 3122 6278 6294 13507
7 5799 5802 6291 6295 6297 10552 13508
12 458 476 1566 2252 2255 2265 6017 6304 6307 6315 13319 13511
7 5965 6323 6324 6333 8619 8622 13512
7 4836 6284 6287 6308 6310 6326 13513
7 524 527 3719 6350 6719 6730 13514
7 6394 6586 6589 8519 8849 8856 13244
7 7939 8008 8024 8879 10283 10298 13515
7 1710 3893 3895 6516 9061 9071 13516
7 1825 1837 3350 3354 6551 6565 13517
7 5338 5344 6590 6592 6601 6608 13245
7 3558 3642 3739 6611 9203 9206 13518
7 13518 13519 13520 13521 13522 13523 13524
7 3559 3562 6362 6645 6651 6723 13519
7 6435 6442 6655 6659 6668 6677 13525
7 2901 6340 6347 6648 6652 6661 13520
7 778 3666 6680 6683 6688 6694 13526
7 3725 4430 4433 6690 6702 6703 13527
7 13393 13394 13527 13528 13529 13530 13531
7 3717 3729 6704 6706 6711 9309 13528
7 2831 3534 3543 6707 6709 6714 13529
12 3363 3370 3726 3740 4512 6341 6712 6715 6724 7592 13521 13530
7 3996 4062 6741 6752 6755 6758 13402
7 4149 4152 4577 6736 6744 6759 13532
7 6253 6762 6766 6775 7548 7579 13533
7 1452 2823 3466 3472 6768 6776 13534
7 3476 3480 6786 6787 6790 6797 13535
7 1916 1943 6800 6803 6812 6817 13536
7 1688 3830 3834 6829 9351 9359 13537
7 5518 5521 6864 6867 6873 6877 13454
7 1864 4349 6901 6904 6913 7442 13538
7 1740 1748 3965 3966 6918 6923 13539
7 2535 6932 6939 6989 9437 9453 13540
7 210 2523 3856 3865 6973 6976 13541
7 2717 4087 4093 9684 11444 11470 13542
7 13443 13445 13446 13542 13543 13544 13545
7 7029 7043 7054 7057 7061 9887 13546
12 1102 1107 4143 4578 4582 4585 6195 7063 7073 7082 13547 13548
7 3306 6131 7077 7079 7088 7093 13375
12 3347 3351 3477 3484 3779 3818 7097 7100 7114 8743 13549 13550
7 13517 13549 13551 13552 13553 13554 13555
7 1838 4226 4239 7098 7110 8996 13551
7 126 3326 3330 7101 7109 7111 13552
7 946 3102 7121 7122 7125 7130 13376
7 1885 4277 4278 7136 9728 9738 13556
7 3413 3416 4265 7144 7148 7151 13557
7 13203 13379 13506 13557 13558 13559 13560
7 652 3409 4283 4286 7145 7154 13558
12 765 2082 3467 6246 6250 6254 7152 7155 7161 7566 13559 13561
12 152 167 677 1886 1946 7173 7200 10035 10706 12146 13562 13563
7 13505 13556 13562 13564 13565 13566 13567
7 6235 6237 7174 8815 12132 12137 13564
7 708 717 1874 7192 7760 9732 13568
7 13260 13396 13568 13569 13570 13571 13572
7 1878 4325 4327 7188 7191 7193 13569
7 1781 1785 7205 7208 7211 7233 13472
7 903 1715 1718 7239 7243 7248 13573
7 1869 4255 4258 7251 11614 11621 13574
12 1695 1911 1986 1995 2134 3831 7307 7311 9019 13023 13575 13576
7 1921 1938 6410 7308 7320 8842 13577
12 185 1614 1865 2772 6395 6602 7326 7329 7338 11050 13246 13578
7 4248 7339 7360 7362 7369 7377 13247
12 1917 1926 1933 2285 2304 7353 7365 7386 7393 7403 13579 13580
7 1947 2282 2287 7184 7387 7412 13581
7 13267 13563 13579 13581 13582 13583 13584
7 7201 7404 7411 7413 10019 10030 13582
7 7264 7418 7420 7454 7459 9936 13585
7 741 4109 4112 7434 7437 11718 13586
7 4354 7455 7456 7465 9424 9433 13587
7 1987 7484 7488 7498 9032 9047 13588
7 1682 1686 1689 7312 7496 7499 13589
7 13537 13575 13588 13589 13590 13591 13592
7 13533 13534 13561 13593 13594 13595 13596
7 2083 4454 4482 4486 7510 7513 13593
12 1167 3774 4492 4496 6763 6769 6779 7514 7518 7532 13594 13597
7 3473 3474 7162 7511 7516 7519 13595
7 2888 2898 7527 7529 7538 7544 13392
12 745 749 2088 2320 3790 3793 3806 7553 7558 7562 13386 13598
7 4483 4493 7549 7551 7567 7573 13596
7 3126 6261 6266 7563 7575 7582 13599
7 1158 1439 7533 7584 7587 11145 13600
7 4497 4505 7585 7604 7616 12380 13601
12 1830 3619 4417 4440 4450 6540 7596 7599 7611 9132 13387 13602
7 13250 13576 13577 13603 13604 13605 13606
7 2121 2135 4522 4529 7622 7625 13603
7 1996 7626 7628 7631 13006 13009 13604
7 2032 5840 7645 7647 7650 7655 13607
12 904 2149 2158 2269 4596 4611 6950 7667 7671 7674 13608 13609
7 2550 4328 7661 7663 7680 7683 13570
7 1018 2312 4338 4343 7707 7729 13610
7 2291 4334 4632 7710 7728 7730 13611
7 4372 4543 7381 7407 7741 7751 13612
7 13415 13416 13613 13614 13615 13616 13617
7 4677 7769 7804 10086 10118 10139 13613
7 4901 4910 7770 7772 7774 12597 13614
7 1698 1703 7786 7787 7790 7820 13422
7 252 960 2481 2483 7798 7810 13618
12 3931 3935 4664 4673 5019 5026 5029 7816 7821 10063 13423 13619
7 13213 13242 13269 13399 13620 13621 13622
7 2342 2345 4689 4693 7829 7832 13620
12 538 560 617 639 1852 2348 7830 7835 7846 11259 13621 13623
7 1663 1666 4685 7833 7836 7838 13622
7 3951 5030 7867 7871 10067 10079 13624
7 13273 13321 13598 13599 13625 13626 13627
7 3441 6245 7554 7576 7886 11947 13625
7 4927 7884 7890 10186 10200 11979 13412
7 746 4959 4960 7887 7892 10194 13626
12 1034 1950 2297 4332 4335 4339 4850 7898 7904 9589 13409 13628
7 13610 13611 13628 13629 13630 13631 13632
7 1019 1788 7905 9391 9469 9472 13629
7 13219 13222 13410 13608 13633 13634 13635
7 2150 4864 4877 6947 7919 7922 13633
7 4847 6951 6961 7923 7927 10226 13634
12 4657 7189 7397 7684 7733 7752 7761 7946 7951 9997 13571 13636
7 304 2620 7957 7958 7963 7966 13293
7 1327 5276 7998 8002 8009 8011 13637
7 7740 7742 7947 8054 8058 8068 13638
7 5166 5329 6595 8085 10343 10354 13639
7 5124 5354 5357 8065 8111 8114 13640
7 3377 3387 5601 8185 10639 10670 13641
7 1574 1576 5473 8209 8212 8496 13642
7 6137 6159 8220 8226 8489 8503 13498
12 2817 2848 3462 5417 5430 5474 5489 8229 8232 8243 13643 13644
7 13298 13450 13642 13643 13645 13646 13647
7 2867 5471 8206 8210 8230 8253 13645
7 5876 5932 8237 8239 8258 8263 13492
7 1137 5427 8202 8233 8252 8254 13646
7 1276 3003 5628 5631 8266 8271 13648
7 2670 7931 8280 8285 10238 10248 13649
12 349 1279 1283 2217 2982 5629 5635 8290 8294 8299 13307 13650
7 2922 2943 8305 8307 8317 10326 13464
7 2671 8170 8174 8319 8326 8328 13651
7 2180 5118 8333 8335 8349 10424 13294
12 2993 3042 5655 8286 8323 8329 8339 8353 8363 8368 13314 13652
7 2940 8306 8374 8375 8379 8383 13465
12 1328 5767 7932 7940 8175 8388 8398 10245 10302 10506 13653 13654
7 13649 13651 13652 13653 13655 13656 13657
7 5719 8152 8320 8324 8399 8409 13655
7 2758 5287 8031 8041 8412 8427 13658
7 5317 5740 8424 8425 8433 8436 13659
12 1415 2369 2419 4758 4817 4830 6288 8457 8464 8467 13278 13660
7 13271 13405 13511 13513 13660 13661 13662
7 6007 6302 6305 6311 8465 8476 13661
7 472 6014 6018 8468 8475 8477 13662
7 3394 8480 8482 8484 8775 8778 13663
12 484 1141 3499 8186 8203 8207 8483 8492 8497 10657 13647 13664
7 13341 13460 13641 13663 13664 13665 13666
7 1433 3492 5810 5818 8485 8493 13665
7 5793 8504 8505 8509 10543 10576 13499
7 1357 5142 5864 5867 8528 8533 13667
7 671 4312 5978 5985 8555 8631 13668
7 4297 8551 8554 8556 8582 8585 13669
7 5490 8562 8563 8566 11585 11595 13670
12 367 1339 1343 1347 2594 3245 5877 8569 8572 8592 13493 13671
7 3160 3173 3176 5872 8570 8575 13672
7 13226 13322 13329 13671 13672 13673 13674
7 1896 3254 8573 8576 8578 12125 13673
7 5906 5937 8586 8588 8598 8604 13675
7 5484 5486 5496 5502 8606 8609 13676
7 13478 13480 13482 13483 13676 13677 13678
7 5991 6002 6009 8607 8612 8614 13677
12 5919 5922 5938 8552 8610 8615 8632 8637 8640 8654 13678 13679
7 13227 13668 13669 13675 13679 13680 13681
7 312 1515 5907 5909 8638 8643 13680
7 1567 3082 8648 8650 8666 8671 13320
7 724 5979 5980 8641 8644 8658 13681
7 5112 5170 5185 8684 8939 8944 13682
7 5392 7985 8688 8691 8697 8701 13683
12 612 956 4233 4244 6064 7094 7131 8705 8708 8713 13377 13684
7 4150 7064 8719 8721 8731 8735 13685
7 3327 6087 8744 8750 9258 9268 13553
7 1446 1449 3787 6780 8752 8758 13686
7 13233 13597 13600 13601 13686 13687 13688
7 3775 7617 7618 8759 8760 9262 13687
7 6141 6142 7083 8762 8765 8767 13689
7 13308 13309 13458 13547 13689 13690 13691
7 6169 6171 6193 6196 8763 8770 13690
12 1232 2955 3016 3020 3035 5465 5591 8768 8771 8783 13335 13691
12 4292 4304 6230 7137 8567 8793 8796 8816 9748 11600 13565 13692
7 2861 3238 3248 5431 8794 8799 13693
7 13330 13644 13670 13692 13693 13694 13695
7 2849 7167 7169 8797 8800 8802 13694
7 3190 3193 8810 8812 8822 8827 13327
7 186 7361 8850 8851 8863 10023 13248
7 3701 3733 3746 8865 12798 12801 13696
7 7974 8020 8886 8888 8894 8900 13697
7 3587 6412 6429 6431 8890 8903 13698
7 2608 3524 5099 5109 8920 8923 13699
7 6357 6656 6664 8924 8926 8929 13700
7 402 8674 8940 8941 8948 8954 13701
12 2557 6830 6838 7485 7497 7502 8965 8972 9370 9959 13590 13702
12 127 2742 6088 6552 6555 8989 8997 9109 9278 12503 13554 13703
7 3837 8973 9020 9029 9033 9036 13591
12 1056 1059 1699 3849 3852 3871 4967 9050 9056 9066 13424 13704
7 8976 8983 9072 9073 9076 9083 13705
7 13703 13706 13707 13708 13709 13710 13711
7 3609 6523 7847 10915 10954 10960 13712
7 6563 7597 9090 9093 12374 12386 13713
7 2735 9085 9106 9110 11026 11034 13706
7 6541 6550 6568 9094 9101 11018 13714
7 3663 4436 6681 6698 9117 9120 13715
7 2069 9118 9137 9140 9156 11007 13716
7 7593 9207 9210 9228 11134 11139 13522
12 6454 6612 6646 6649 8895 9224 9229 9234 10450 11151 13523 13717
7 5247 5267 5269 9248 9251 9253 13718
7 3348 6566 9269 9270 9274 9279 13555
7 3697 3712 9289 9296 9302 9304 13719
12 2072 3535 3688 4469 4472 4479 6691 9305 9310 9313 13531 13720
7 13257 13282 13345 13383 13720 13721 13722
7 2016 2561 3670 3683 9306 9316 13721
7 2002 4389 4403 9314 9317 9319 13722
7 2536 6844 6848 9337 9355 9612 13723
7 1696 3838 9352 9353 9367 9371 13592
7 1025 4119 6823 9340 9356 9362 13724
7 6850 9374 9377 9379 9707 9710 13725
7 6853 6886 7227 7246 9375 9382 13726
12 7708 7711 7714 9380 9383 9392 9480 9759 11439 11556 13630 13727
7 9184 9189 9408 12232 12965 12977 13728
7 9409 9411 9419 9428 9430 12928 13729
7 636 640 3596 11269 11279 12190 13730
7 13239 13344 13623 13712 13730 13731 13732
7 2525 6983 7901 7915 9447 9476 13733
7 3938 6997 7004 9444 9448 9450 13734
7 6897 6919 6921 9387 9456 9459 13735
7 6942 9399 9404 9457 9462 9464 13736
12 978 2353 2357 2484 4866 4871 9486 9496 9501 9545 13211 13737
7 13539 13735 13736 13738 13739 13740 13741
7 1735 3967 9491 9517 9520 9555 13738
12 1749 1802 4037 6878 6893 6898 9405 9518 9523 9540 13455 13739
7 6943 9509 9513 9521 9524 9526 13740
7 200 575 9534 9536 9546 9551 13212
12 6924 7908 9445 9460 9465 9477 9514 9556 9570 12618 13741 13742
7 13259 13351 13353 13541 13743 13744 13745
7 23 813 6974 6979 9575 9578 13743
7 163 731 1976 9576 9581 11423 13744
7 9473 9481 9590 9596 11419 11429 13631
7 7032 7036 7039 9600 9603 9605 13746
7 3959 3962 7008 9606 9608 9640 13747
7 7860 7876 9628 9636 9647 9649 13748
7 13364 13367 13456 13749 13750 13751 13752
7 1184 4058 7022 9644 11317 11327 13749
12 1731 4005 4101 7292 7298 9660 9667 9670 9685 11506 13543 13753
12 3956 3986 4120 6933 9604 9609 9613 9699 9702 9714 13754 13755
12 433 900 1488 1879 2551 5966 5970 9717 9723 9733 13572 13756
7 678 4307 9739 9740 9745 9749 13566
12 4256 4373 8055 8060 8075 8141 9752 9755 9790 11610 13757 13758
7 13612 13636 13638 13757 13759 13760 13761
7 7382 7384 7398 7724 9753 9772 13759
7 7734 9756 9771 9773 9981 9993 13760
7 13725 13726 13727 13762 13763 13764 13765
7 7228 7230 7715 9767 9775 9778 13762
7 7288 9785 9791 11493 12657 12688 13766
7 4124 9668 9803 9806 11525 11535 13767
7 13467 13469 13659 13768 13769 13770 13771
7 5318 7279 7282 11630 11658 13181 13768
7 13538 13578 13772 13773 13774 13775 13776
7 7302 7305 7324 7330 9835 9838 13772
12 3636 7443 7450 7476 9414 9836 9841 9854 11701 12316 13773 13777
7 4350 4351 7327 9839 9842 9844 13774
7 7503 9948 9962 11715 11724 12526 13778
7 9681 9691 9894 9896 9900 9908 13750
7 7027 7030 7423 7431 9910 11453 13779
7 7477 7492 9952 11334 11348 11757 13780
7 8968 9960 9963 9964 9967 11293 13781
7 13205 13397 13573 13609 13782 13783 13784
7 4607 4652 7675 7692 9969 9972 13782
12 583 790 5672 5677 5687 7234 7240 9970 9975 9988 13473 13783
7 4555 7249 7672 9973 9976 9978 13784
7 8061 8069 9982 9984 9998 10004 13761
7 704 7755 7757 10007 10008 10011 13785
7 13228 13395 13432 13667 13785 13786 13787
7 1353 4316 8534 8536 10009 10014 13786
12 2634 4546 5151 5345 7370 8520 8529 10012 10015 10024 13249 13787
7 7366 10031 10032 10036 10686 10696 13583
12 605 2499 3943 3984 3997 4718 7872 10041 10059 11870 13403 13788
7 13358 13398 13619 13624 13788 13789 13790
7 7794 7796 7817 10042 11852 11885 13789
7 13702 13778 13781 13791 13792 13793 13794
7 6485 6489 8966 8969 10073 10170 13791
7 6839 9621 9623 10070 10074 10076 13792
12 2335 4943 4990 5000 5003 7775 10082 10087 10093 10149 13615 13795
7 13268 13354 13418 13419 13795 13796 13797
7 1619 3886 4980 4982 10083 10113 13796
7 1623 7855 7856 10094 10107 10114 13797
7 4735 6529 6532 10111 10125 10129 13798
7 7824 10097 10104 10122 10128 10130 13799
7 2405 4703 10140 10141 10146 10150 13616
7 1649 4739 7877 7880 10153 10157 13800
7 6477 7825 10164 10167 10176 11861 13801
7 4986 4994 10201 10202 10205 10212 13413
12 1123 1127 4795 4800 4840 4882 7920 10227 11398 11995 13635 13802
7 8364 10246 10249 10250 10518 10534 13656
7 13697 13717 13803 13804 13805 13806 13807
7 6451 6455 7972 7975 10252 10255 13803
7 5397 6033 10266 10273 12009 12023 13486
7 9235 9238 9246 10256 10263 12015 13804
12 2604 5090 6443 8702 8921 8927 8933 10275 10278 10295 13808 13809
7 13430 13494 13683 13808 13810 13811 13812
7 5079 5085 10231 10233 10279 10288 13810
7 7986 7987 10276 10287 10289 10496 13811
7 2797 2804 10321 10323 10332 10338 13504
7 2677 2682 5355 10347 10350 10351 13813
7 8092 8102 8147 8157 10352 12765 13814
7 8393 8403 10361 10364 10373 10382 13769
7 13574 13758 13766 13815 13816 13817 13818
7 7289 7290 8076 8132 10409 11636 13815
7 4259 8137 8142 10396 10404 10410 13816
7 5367 8146 8148 10367 10412 10415 13819
7 13640 13813 13814 13819 13820 13821 13822
12 2648 2678 5125 5129 7967 8158 8162 10416 10420 10425 13295 13820
7 8112 8117 8119 10413 10418 10421 13821
7 5673 5697 10432 10433 10442 10446 13474
7 8181 8183 9195 9199 10456 12053 13823
7 8017 8887 10451 10454 12077 12108 13805
7 6624 8182 10462 10463 12405 13139 13824
7 13225 13449 13648 13650 13825 13826 13827
7 8270 8272 8295 8311 10474 10477 13825
12 1074 5037 5384 5393 6029 8267 10234 10475 10480 10497 13812 13826
7 5379 5409 8291 10478 10481 10483 13827
7 8354 8410 10507 10515 10519 10521 13657
12 5291 8384 8413 8417 10309 10312 10327 10525 10527 10530 13466 13828
7 5412 8015 8428 8440 10528 10539 13829
7 7978 10490 10493 10531 10538 10540 13830
12 643 1654 3112 3116 3132 5789 6791 10548 10553 10557 13509 13831
7 8450 8461 10544 10546 10562 10568 13500
7 13347 13349 13535 13550 13831 13832 13833
7 1332 3098 3108 7115 10549 10570 13832
7 3481 3485 3488 10558 10571 10573 13833
12 3150 3525 6351 6358 6419 6669 10580 10586 10594 10718 13834 13835
7 13525 13699 13700 13809 13834 13836 13837
7 2605 2609 6464 6467 10587 10597 13836
7 6436 6439 10296 10595 10598 10600 13837
7 3554 3576 5831 5847 10610 10620 13838
7 8835 8838 8853 10607 10619 10621 13839
12 3569 5177 5614 6025 8675 8685 10267 10644 10649 10653 13487 13840
7 8779 8790 10640 10642 10658 10664 13666
7 13431 13434 13682 13701 13840 13841 13842
7 399 403 8194 8197 10645 10666 13841
7 1150 6124 6125 10654 10667 10673 13842
12 3555 6404 7623 7629 7640 8836 8843 10678 10681 10691 13605 13843
7 182 1927 10697 10698 10703 10707 13584
7 13343 13607 13719 13844 13845 13846 13847
7 3698 6383 6386 10714 10894 12807 13844
7 4538 7635 7646 10713 10715 12157 13845
12 3584 6424 6575 6578 6596 10730 10733 11195 12171 12347 13848 13849
7 10590 10633 10634 10734 10742 10743 13850
12 3164 5135 5147 6473 8086 8096 10591 10746 10750 10755 13429 13851
7 13433 13639 13848 13850 13851 13852 13853
7 8911 10605 10731 10744 10747 10768 13852
7 10299 10303 10761 10763 10772 10779 13854
7 6425 10355 10358 10751 10767 10769 13853
7 8990 10816 10824 10836 12486 12498 13707
7 5189 5192 10782 10786 10790 10800 13855
12 326 1808 2694 5563 6082 6495 10819 10831 13058 13080 13439 13856
7 2736 2743 10837 10838 10841 10846 13708
7 13355 13526 13715 13716 13857 13858 13859
7 3901 6505 9138 9162 10850 10857 13857
7 779 1626 3882 10854 10858 10868 13858
7 775 3602 9051 9054 10877 10880 13860
7 13253 13254 13255 13704 13860 13861 13862
12 2010 2037 2051 4534 4539 7656 9290 10878 10883 10895 13846 13861
7 1692 6512 9057 10881 10884 10886 13862
7 9013 10861 10900 10902 10905 10912 13863
12 1711 6478 6530 8962 8984 10098 10940 10943 11768 12460 13864 13865
7 3894 10926 10931 10944 10946 10957 13866
12 3702 6695 9015 9121 10851 10855 10990 11008 12424 12910 13859 13867
7 13696 13867 13868 13869 13870 13871 13872
7 3747 3748 6626 10991 12416 12431 13868
7 6556 11027 11028 11038 12182 12201 13709
7 6377 6379 6579 6582 11044 13015 13873
7 6576 11045 11047 11182 11188 12305 13874
7 3637 7303 11051 11056 12299 12328 13775
7 13849 13873 13874 13875 13876 13877 13878
12 2728 3653 5193 5245 5248 5260 6615 11073 11077 11083 13879 13880
7 13441 13442 13444 13855 13879 13881 13882
7 8045 8049 9213 11078 11101 11119 13881
7 9192 10457 11087 11089 11095 12086 13883
7 10783 11074 11102 11103 11106 11110 13882
7 3654 6101 6106 9243 11124 11127 13884
7 2902 3371 11140 11142 11152 11158 13524
7 2775 2778 5351 11174 11178 11185 13885
7 11189 11192 11196 12334 12362 12971 13875
7 13798 13799 13801 13864 13886 13887 13888
7 8963 10162 10165 11228 12440 12468 13886
7 8706 9333 11242 11244 11256 11902 13889
7 613 621 11243 11247 11273 12446 13890
7 10955 11260 11266 11270 11271 11368 13731
7 4586 4593 6760 11307 11310 11313 13891
7 9653 9895 11322 11325 11328 11331 13751
12 6517 9037 9040 9077 10871 10906 10932 11341 11344 12248 13892 13893
7 9415 11335 11338 12830 12935 12943 13894
7 13516 13705 13865 13866 13892 13895 13896
7 10937 10941 10947 11342 11746 11751 13895
7 10386 10388 10394 10400 11353 11356 13897
7 2436 2437 4867 11372 11375 11378 13898
7 10181 11386 11388 11399 11972 11985 13899
12 6807 6977 6990 9338 9341 9345 9579 11406 11409 11424 13745 13900
7 13540 13723 13724 13754 13900 13901 13902
7 6824 7699 7705 9715 11407 11412 13901
7 3987 9438 9440 11410 11413 11415 13902
7 2298 4633 11430 11431 11436 11440 13632
7 9661 11445 11447 11464 11783 11786 13544
7 9005 10807 10820 10826 11449 11475 13903
7 2695 2703 9883 11459 11474 11476 13904
7 7421 7428 9664 11479 11482 11484 13905
7 4106 7033 9700 11512 11515 11517 13906
7 13359 13746 13747 13755 13906 13907 13908
7 1759 1762 9696 9703 11513 11520 13907
12 4055 4068 7040 9641 9645 9654 9692 11518 11521 11530 13752 13908
7 4001 9671 11536 11537 11542 11545 13909
7 9711 9810 11557 11564 12623 12653 13763
7 2305 4637 6801 6827 11565 11568 13910
7 8623 8625 9718 11572 11575 11577 13911
7 13234 13340 13512 13756 13911 13912 13913
7 1472 3434 9721 9724 11573 11580 13912
12 1469 1495 3419 6272 6279 6292 6334 11578 11581 11590 13510 13913
7 3463 7168 11596 11597 11601 11607 13695
7 13252 13536 13580 13910 13914 13915 13916
7 4644 7394 11569 11570 11626 12633 13914
7 7345 7346 7354 11617 11625 11627 13915
7 2782 10362 11631 11633 11645 11650 13770
12 4355 7252 7265 10397 11485 11494 11637 11641 11654 12675 13817 13917
7 10964 10966 10980 11673 12274 12277 13918
7 7258 7261 7271 9848 11676 11681 13919
7 7435 9862 9865 11677 11679 11684 13920
7 7058 9873 11710 12520 12532 12558 13921
12 1968 7044 7424 9823 11682 11685 11693 11711 11719 11847 13922 13923
7 2558 9622 11725 11726 11731 11734 13793
7 8977 11345 11752 11754 11763 11769 13896
7 10808 10811 10812 11773 11775 11778 13924
7 5321 7299 11787 11790 11793 11797 13545
7 13546 13779 13921 13922 13925 13926 13927
7 9911 9913 11694 11799 11835 11843 13925
7 13777 13780 13894 13928 13929 13930 13931
7 9855 9944 9953 11689 11820 11823 13928
7 9927 11702 11708 11821 11826 11828 13929
12 914 10123 10126 10134 11229 11231 11236 11857 11862 11866 13887 13932
7 10064 10068 11853 11855 11871 11877 13790
7 13200 13215 13217 13240 13932 13933 13934
7 564 1640 10051 10055 11858 11879 13933
7 2387 4707 4714 11867 11880 11882 13934
7 9326 10154 11891 11895 11907 11909 13935
7 11804 11816 11839 11912 11920 11921 13936
7 13404 13406 13802 13899 13937 13938 13939
12 4742 4746 4786 4790 6267 10182 10195 11928 11933 11948 13627 13937
7 425 2449 4796 11925 11931 11934 13938
7 772 6247 11942 11944 11953 11959 13560
7 9571 11963 11965 11967 12604 12609 13940
12 2506 2517 2526 4906 4916 6998 10206 11966 11975 11980 13414 13941
7 13733 13734 13742 13940 13941 13942 13943
7 7902 7909 10218 10223 11968 11976 13942
7 11926 11929 11986 11987 11990 11996 13939
12 7979 8016 8018 8021 8042 10253 11999 12002 12016 12092 13806 13944
7 13658 13828 13829 13830 13944 13945 13946
7 8030 8032 10307 10313 12000 12005 13945
7 2724 3570 12010 12012 12028 12033 13488
7 10310 10487 10491 12003 12006 12020 13946
7 13515 13637 13654 13854 13947 13948 13949
7 5277 8105 8389 12715 12756 12771 13947
7 6634 8904 12047 12050 12059 12067 13950
7 9225 9239 12078 12080 12093 12098 13807
7 5231 5241 11113 11116 12082 12104 13951
7 2753 5273 12070 12101 12105 12111 13952
7 13477 13838 13839 13843 13953 13954 13955
7 8543 8839 10676 10682 12113 12116 13953
12 1588 1904 5857 5873 10608 10611 10625 12114 12119 12126 13674 13954
7 3208 3217 10679 12117 12120 12122 13955
7 4293 4308 12133 12134 12141 12147 13567
7 6378 6388 12151 12154 12168 12172 13876
7 5825 5827 10581 10738 12162 12175 13956
12 6537 9144 9149 10916 10922 11369 12191 12194 12197 12846 13732 13957
7 9168 9178 10976 12198 12205 12206 13958
7 11817 11818 12224 12864 12872 13052 13959
7 13823 13824 13883 13960 13961 13962 13963
7 11014 11031 11068 11088 12261 12264 13960
7 9175 10464 11011 12265 12267 12270 13961
7 11776 12278 12280 12289 12294 12710 13964
7 1615 6902 12300 12302 12311 12317 13776
12 6413 6627 6635 8866 11167 11206 11210 12340 12343 12818 13869 13965
7 11059 12152 12335 12338 12348 12356 13877
7 6432 8871 8876 8914 12341 12358 13966
12 6104 6117 8753 9254 9263 11128 11146 12367 12370 12381 13688 13967
7 13495 13718 13880 13884 13967 13968 13969
7 9219 11084 11125 11130 12368 12391 13968
7 3650 7600 12375 12377 12395 12400 13970
7 6094 6616 9249 12371 12390 12392 13969
12 9091 9193 9196 11012 11015 11019 12401 12406 12412 12420 13962 13971
7 11168 12417 12418 12425 12894 12904 13870
7 13602 13713 13714 13970 13971 13972 13973
7 4451 6569 10999 11002 12413 12436 13972
7 3651 9128 9133 12421 12435 12437 13973
7 6533 11232 12441 12443 12455 12461 13888
7 11301 11738 11922 12464 12472 12473 13974
7 4234 8993 11274 11276 12476 12479 13975
7 12183 12499 12500 12504 12510 12857 13710
12 7861 10071 10158 10171 11294 11735 11896 12512 12515 12527 13794 13976
7 11836 11848 12533 12534 12537 12544 13926
12 9888 11450 11454 11460 11800 11809 12538 12546 12559 13123 13927 13977
7 13856 13903 13904 13977 13978 13979 13980
12 6908 9185 9420 11171 11175 11221 11354 12567 12731 13160 13981 13982
7 13728 13729 13981 13983 13984 13985 13986
7 9431 10467 10970 12568 13146 13151 13983
7 7811 9487 9563 9566 12585 12588 13987
7 13270 13618 13737 13898 13987 13988 13989
12 2399 2406 4776 7799 7805 11376 11392 12586 12591 12598 13617 13988
7 6971 9497 11373 12589 12592 12594 13989
7 3939 4907 12605 12606 12614 12619 13943
7 9760 9779 12624 12626 12639 12666 13764
12 742 4364 6818 7272 9866 11566 11618 12629 12634 12644 13916 13990
7 13586 13919 13920 13923 13990 13991 13992
7 1969 7256 7259 9796 12630 12647 13991
7 4110 9820 9824 12645 12648 12650 13992
12 1770 6851 6854 9776 9807 9811 11546 12662 12667 12671 13765 13993
7 11611 11615 12658 12660 12676 12682 13818
7 7293 9802 9804 11489 12663 12690 13994
7 13360 13753 13767 13909 13993 13994 13995
7 1777 11501 11507 12672 12685 12691 13995
7 13585 13587 13905 13917 13996 13997 13998
12 7466 9665 9932 9937 9940 11674 11779 12693 12711 13197 13996 13999
7 9434 9831 11642 12694 13177 13187 13997
12 8003 8880 8891 8915 10773 12060 12716 12722 12735 12781 13948 14000
7 13698 13950 13965 13966 14000 14001 14002
7 11203 11207 12048 12074 12723 12738 14001
7 12344 12359 12365 12736 12739 12741 14002
12 5352 8115 8120 8124 10348 10368 10401 12748 12751 12766 13822 14003
7 13447 13885 13897 13982 14003 14004 14005
7 11172 11186 12042 12745 12749 12761 14004
7 11357 12728 12732 12752 12760 12762 14005
7 5768 10762 12772 12773 12776 12782 13949
7 13476 13514 13835 13956 14006 14007 14008
7 10719 10726 12176 12179 12785 12788 14006
12 3547 3713 3720 5837 5841 12158 12163 12789 12793 12808 13847 14007
7 6420 6731 6732 12786 12791 12794 14008
7 9016 11063 12802 12804 12813 12819 13871
12 11739 11758 11824 11829 11840 12225 12822 12831 12883 12954 13930 14009
7 13936 13959 13974 14009 14010 14011 14012
7 11362 11742 12451 12474 12823 12837 14010
12 9086 10809 10817 10847 10981 11039 12295 12850 12853 12858 13711 14013
7 13918 13924 13964 13999 14013 14014 14015
7 9941 10967 12211 12220 12851 12868 14014
7 12492 12838 12865 12866 12880 12884 14011
7 9921 9933 10813 12854 12869 12875 14015
7 9159 10923 12228 12239 12887 12906 14016
7 11064 11211 12895 12898 12911 12919 13872
7 9150 9169 9172 12890 12901 12907 14017
12 10971 10977 11160 12233 12888 12891 12921 12924 12929 12986 13984 14018
7 10988 12195 12207 12827 12922 12939 14019
7 13957 13958 14016 14017 14018 14019 14020
7 7451 9928 12936 12937 12951 12955 13931
7 12229 12843 12847 12925 12940 12946 14020
7 10862 10865 10872 12256 12958 12982 14021
7 11217 11222 12966 12968 12987 12993 13985
7 12243 12249 12322 12961 12981 12983 14022
12 6389 9014 11060 12306 12959 12962 12972 12995 12998 13016 13878 14023
7 13863 13893 14021 14022 14023 14024 14025
7 9041 9044 12323 12325 12996 13019 14024
7 6405 7321 13010 13012 13024 13029 13606
7 9038 10890 10901 12999 13002 13020 14025
7 13684 13889 13890 13975 14026 14027 14028
7 6065 6501 12477 12482 13032 13035 14026
12 11903 11913 12447 12452 12465 12480 12493 13036 13042 13053 14012 14027
7 8709 9334 9335 13033 13039 13043 14028
7 10827 11810 13046 13049 13059 13065 13978
7 1815 7074 8720 8724 13067 13076 14029
7 13532 13548 13685 13891 14029 14030 14031
7 12547 13047 13081 13087 13103 13113 13979
7 1103 1193 11311 13077 13088 13107 14030
7 11910 11917 12513 13090 13093 13095 14032
7 13748 13800 13935 13976 14032 14033 14034
7 9650 12516 12555 12564 13091 13098 14033
12 1650 6737 8736 9327 9629 11308 13068 13096 13099 13108 14031 14034
7 1809 9884 13114 13115 13118 13124 13980
7 8108 12071 12579 12583 13127 13130 14035
12 12054 12083 12087 12102 12262 12268 12285 13131 13135 13140 13963 14036
7 11161 11218 13147 13148 13156 13161 13986
7 13128 13133 13136 13165 13167 13169 14037
12 2754 2766 5232 8109 8437 10374 11651 13168 13172 13182 13771 14038
7 13951 13952 14035 14036 14037 14038 14039
7 11114 12286 12702 12705 13170 13173 14039
7 11480 11655 13188 13189 13194 13198 13998
