4OFF
1200 7920 0 2520
-0.59885449680505676 -0.040329132872185092 -0.53451927837428703 0.59500923836892761
0.17451645846277403 0.4849428097197665 0.5961385800558312 -0.61562429321439671
-0.19944123331459501 -0.11483037637852664 -0.22840264712364636 0.9459753748917723
-0.19944123331459501 0.41968890199576042 -0.63646771292801629 0.61562429321439671
0.53451927837428703 -0.59500923836892761 -0.59885449680505676 -0.040329132872185092
0.31648093541602879 -0.74432481585426968 -0.43005320616114801 0.40109179235209769
-0.016769796409340565 0.63646771292801629 0.049576468654520013 -0.76952569683170102
-0.016769796409340565 0.040329132872185057 0.9149960158809145 -0.40109179235209769
-0.5961385800558312 0.61562429321439671 0.17451645846277403 0.4849428097197665
-0.34712087808671616 0.26873177999583142 0.41968890199575992 -0.79445047168352212
0.27615180254384375 -0.14547031904921401 0.16495603220777849 0.93561107072638372
0.27615180254384375 0.082932328074432349 -0.53451927837428659 0.79445047168352212
0.22840264712364636 -0.9459753748917723 -0.19944123331459501 -0.11483037637852664
0.27615180254384375 0.71940004100244859 -0.49530711388515408 0.40109179235209769
0.63646771292801629 -0.61562429321439671 -0.19944123331459501 0.41968890199576042
0.22840264712364636 -0.3471208780867156 -0.76952569683170169 -0.4849428097197665
0.59885449680505676 0.040329132872185092 0.53451927837428703 -0.59500923836892761
-0.68659336875726851 0.71940004100244825 0.099702124483772164 -0.033355859419912731
0.22657533388932388 -0.91499601588091406 0.14818623579843904 0.29914335779836748
0.22657533388932388 -0.48494280971976611 -0.84402694033804182 0.033355859419912731
0.43005320616114801 -0.40109179235209769 0.31648093541602879 -0.74432481585426968
0.59500923836892727 -0.53451927837428626 0.040329132872185591 0.59885449680505565
-0.2016505590375029 0.5448835825396745 -0.51592216873062346 -0.62949443947574268
-0.2016505590375029 0.49530711388515447 0.59613858005583065 -0.59885449680505565
-0.049576468654520013 0.76952569683170102 -0.016769796409340565 0.63646771292801629
-0.2016505590375029 -0.41968890199576003 0.88435607321022691 -0.033355859419912731
-0.9149960158809145 0.40109179235209769 -0.016769796409340565 0.040329132872185057
-0.049576468654520013 0.59500923836892705 0.29914335779836804 0.74432481585426968
-0.17451645846277403 -0.4849428097197665 -0.5961385800558312 0.61562429321439671
0.76109461226360997 -0.31998677751198751 -0.45066826100661661 0.33947249067055246
-0.59500923836892727 0.53451927837428648 -0.040329132872185251 -0.59885449680505543
-0.59500923836892727 0.11483037637852654 0.71940004100244814 -0.33947249067055246
-0.41968890199575992 0.79445047168352212 -0.34712087808671616 0.26873177999583142
-0.73616983741178887 -0.050125655829251992 0.082932328074432182 -0.66982357234792778
0.64626423588508353 -0.12054554419739291 0.49530711388515403 0.5678751377941984
0.64626423588508353 -0.28550157640517143 -0.22840264712364614 0.66982357234792778
-0.16495603220777849 -0.93561107072638372 0.27615180254384375 -0.14547031904921401
0.64626423588508353 0.2490177019691151 -0.63646771292801563 0.33947249067055246
0.53451927837428659 -0.79445047168352212 0.27615180254384375 0.082932328074432349
-0.16495603220777849 -0.73616983741178865 -0.5988544968050562 -0.26873177999583142
0.19944123331459501 0.11483037637852664 0.22840264712364636 -0.9459753748917723
0.64626423588508353 0.74432481585426935 -0.16495603220777824 0.033355859419912731
0.49530711388515408 -0.40109179235209769 0.27615180254384375 0.71940004100244859
0.19944123331459501 -0.41968890199576042 0.63646771292801629 -0.61562429321439671
-0.16495603220777849 0.033355859419912898 -0.64626423588508364 -0.74432481585426968
0.76952569683170169 0.4849428097197665 0.22840264712364636 -0.3471208780867156
-0.53451927837428703 0.59500923836892761 0.59885449680505676 0.040329132872185092
0.79445047168352156 -0.41968890199575959 0.26873177999583125 -0.34712087808671532
-0.34983679483594121 0.84402694033804115 -0.28934683484130064 0.28550157640517115
-0.34983679483594121 0.74432481585426902 0.450668261006617 0.34712087808671532
-0.099702124483772164 0.033355859419912731 -0.68659336875726851 0.71940004100244825
-0.61562429321439605 0.59613858005582987 -0.48494280971976644 -0.17451645846277342
0.050125655829253213 -0.73616983741178776 0.66982357234792822 0.082932328074431849
0.050125655829253213 -0.88435607321022691 -0.43005320616114762 0.17451645846277342
-0.14818623579843904 -0.29914335779836748 0.22657533388932388 -0.91499601588091406
0.050125655829253324 -0.04032913287218505 -0.93561107072638294 -0.34712087808671532
0.84402694033804182 -0.033355859419912731 0.22657533388932388 -0.48494280971976611
-0.14818623579843904 -0.61562429321439627 0.28550157640517076 -0.71940004100244825
-0.31648093541602879 0.74432481585426968 0.43005320616114801 -0.40109179235209769
-0.94597537489177119 0.22840264712364544 -0.11483037637852692 -0.19944123331459446
0.61562429321439627 -0.59613858005583009 0.48494280971976611 0.17451645846277308
0.61562429321439627 -0.63646771292801563 -0.4196889019957592 0.19944123331459446
-0.040329132872185591 -0.59885449680505565 0.59500923836892727 -0.53451927837428626
-0.30950766196375618 0.24517244353298606 -0.88435607321022658 -0.24901770196911449
-0.30950766196375618 0.76109461226360953 0.049576468654519985 -0.56787513779419752
0.51592216873062346 0.62949443947574268 -0.2016505590375029 0.5448835825396745
-0.30950766196375618 0.16495603220777891 0.91499601588091362 -0.19944123331459446
-0.59613858005583065 0.59885449680505565 -0.2016505590375029 0.49530711388515447
0.51592216873062346 0.6462642358850833 0.17451645846277392 0.53451927837428626
0.016769796409340565 -0.63646771292801629 -0.049576468654520013 0.76952569683170102
-0.30950766196375623 -0.71940004100244781 0.51592216873062302 0.34712087808671532
-0.88435607321022691 0.033355859419912731 -0.2016505590375029 -0.41968890199576003
0.016769796409340565 -0.040329132872185057 -0.9149960158809145 0.40109179235209769
0.51592216873062346 0.34712087808671532 0.30950766196375629 0.71940004100244825
-0.29914335779836804 -0.74432481585426968 -0.049576468654520013 0.59500923836892705
0.5961385800558312 -0.61562429321439671 -0.17451645846277403 -0.4849428097197665
-0.88435607321022691 0.24901770196911505 0.30950766196375473 0.24517244353298617
0.68659336875726829 -0.71940004100244781 -0.09970212448377197 0.033355859419911454
0.68659336875726829 -0.26873177999583114 -0.62949443947574235 -0.24517244353298617
0.45066826100661661 -0.33947249067055246 0.76109461226360997 -0.31998677751198751
0.94597537489177119 -0.22840264712364591 0.1148303763785269 0.19944123331459407
-0.61562429321439605 0.63646771292801574 0.41968890199575953 -0.19944123331459407
0.040329132872185251 0.59885449680505543 -0.59500923836892727 0.53451927837428648
-0.61562429321439605 -0.082932328074432238 0.7443248158542688 0.24517244353298617
-0.71940004100244814 0.33947249067055246 -0.59500923836892727 0.11483037637852654
0.040329132872185244 0.94597537489177141 0.033355859419912259 0.31998677751198751
0.34712087808671616 -0.26873177999583142 -0.41968890199575992 0.79445047168352212
0.91499601588091428 0.22657533388932283 -0.29914335779836665 0.14818623579843787
-0.94597537489177119 0.14547031904921387 0.24901770196911471 -0.14818623579843787
-0.082932328074432182 0.66982357234792778 -0.73616983741178887 -0.050125655829251992
-0.84402694033804193 -0.34983679483594016 -0.28550157640517121 -0.28934683484129947
0.76952569683170058 -0.049576468654520388 0.63646771292801541 -0.016769796409340343
0.76952569683170058 -0.54488358253967439 0.16495603220777838 0.28934683484129947
-0.49530711388515403 -0.5678751377941984 0.64626423588508353 -0.12054554419739291
0.76952569683170058 -0.31648093541602829 -0.53451927837428603 0.14818623579843787
0.22840264712364614 -0.66982357234792778 0.64626423588508353 -0.28550157640517143
-0.49530711388515403 -0.84402694033804204 -0.19944123331459485 0.050125655829251992
-0.27615180254384375 0.14547031904921401 -0.16495603220777849 -0.93561107072638372
0.76952569683170058 0.31998677751198751 -0.49530711388515369 -0.24517244353298617
0.63646771292801563 -0.33947249067055246 0.64626423588508353 0.2490177019691151
-0.27615180254384375 -0.082932328074432349 0.53451927837428659 -0.79445047168352212
-0.49530711388515403 -0.24517244353298595 -0.76952569683170102 -0.31998677751198751
0.5988544968050562 0.26873177999583142 -0.16495603220777849 -0.73616983741178865
-0.22840264712364636 0.9459753748917723 0.19944123331459501 0.11483037637852664
0.16495603220777824 -0.033355859419912731 0.64626423588508353 0.74432481585426935
-0.27615180254384375 -0.71940004100244859 0.49530711388515408 -0.40109179235209769
-0.63646771292801629 0.61562429321439671 0.19944123331459501 -0.41968890199576042
-0.49530711388515403 0.40109179235209769 -0.27615180254384342 -0.71940004100244825
-0.22840264712364636 0.3471208780867156 0.76952569683170169 0.4849428097197665
0.33947249067055252 -0.45066826100661628 0.31998677751198756 -0.76109461226360886
0.33947249067055252 -0.7194000410024477 0.11483037637852631 -0.59500923836892639
-0.26873177999583125 0.34712087808671532 0.79445047168352156 -0.41968890199575959
0.4010917923520968 -0.43005320616114695 0.74432481585426913 -0.31648093541602851
0.12054554419739159 0.64626423588508186 -0.56787513779419863 0.49530711388515436
0.12054554419739159 0.93561107072638261 0.099702124483772109 0.31648093541602851
0.28934683484130064 -0.28550157640517115 -0.34983679483594121 0.84402694033804115
0.12054554419739158 0.48494280971976567 0.62949443947574268 0.59500923836892639
-0.450668261006617 -0.34712087808671532 -0.34983679483594121 0.74432481585426902
0.28934683484130064 0.40109179235209741 -0.76109461226360886 0.41968890199575959
-0.40109179235209724 0.43005320616114673 -0.7443248158542688 0.31648093541602884
-0.40109179235209724 0.91499601588091317 -0.040329132872185834 0.016769796409340731
0.48494280971976644 0.17451645846277342 -0.61562429321439605 0.59613858005582987
-0.14547031904921268 -0.27615180254384275 0.93561107072638272 -0.16495603220777935
-0.14547031904921268 -0.94597537489177097 0.1481862357984389 0.24901770196911394
-0.66982357234792822 -0.082932328074431849 0.050125655829253213 -0.73616983741178776
-0.1454703190492127 -0.51592216873062346 -0.84402694033804093 -0.016769796409340731
0.43005320616114762 -0.17451645846277342 0.050125655829253213 -0.88435607321022691
-0.66982357234792822 -0.30950766196375579 0.3164809354160284 -0.59613858005582987
-0.22657533388932388 0.91499601588091406 -0.14818623579843904 -0.29914335779836748
-0.14547031904921262 0.41968890199575959 -0.66982357234792778 -0.59500923836892639
0.93561107072638294 0.34712087808671532 0.050125655829253324 -0.04032913287218505
-0.22657533388932388 0.48494280971976611 0.84402694033804182 -0.033355859419912731
-0.66982357234792822 -0.5950092383689265 0.14547031904921265 -0.41968890199575959
-0.28550157640517076 0.71940004100244825 -0.14818623579843904 -0.61562429321439627
-0.43005320616114801 0.40109179235209769 -0.31648093541602879 0.74432481585426968
0.93561107072638228 0.16495603220777907 0.14547031904921395 -0.27615180254384358
-0.79445047168352123 0.4196889019957587 -0.26873177999583098 0.34712087808671621
-0.79445047168352123 0.5345192783742857 0.082932328074431488 0.27615180254384358
0.11483037637852692 0.19944123331459446 -0.94597537489177119 0.22840264712364544
-0.76952569683169969 0.049576468654519541 -0.63646771292801563 0.01676979640934112
0.40109179235209713 -0.91499601588091317 0.040329132872185564 -0.01676979640934112
-0.48494280971976611 -0.17451645846277308 0.61562429321439627 -0.59613858005583009
0.40109179235209713 -0.49530711388515403 -0.71940004100244714 -0.27615180254384353
0.4196889019957592 -0.19944123331459446 0.61562429321439627 -0.63646771292801563
-0.48494280971976611 -0.76952569683170036 0.34712087808671566 -0.22840264712364547
0.45066826100661717 0.33947249067055252 0.76109461226360908 0.31998677751198601
-0.29914335779836754 -0.14818623579843843 -0.91499601588091317 0.2265753338893236
-0.29914335779836754 0.73616983741178821 -0.51592216873062302 -0.31998677751198601
0.88435607321022658 0.24901770196911449 -0.30950766196375618 0.24517244353298606
-0.29914335779836754 0.68659336875726817 0.59613858005583009 -0.28934683484129903
-0.049576468654519985 0.56787513779419752 -0.30950766196375618 0.76109461226360953
0.88435607321022658 0.45066826100661733 -0.016769796409340565 0.12054554419739213
0.2016505590375029 -0.5448835825396745 0.51592216873062346 0.62949443947574268
-0.29914335779836765 -0.22840264712364561 0.88435607321022602 0.27615180254384358
-0.91499601588091362 0.19944123331459446 -0.30950766196375618 0.16495603220777891
0.2016505590375029 -0.49530711388515447 -0.59613858005583065 0.59885449680505565
0.88435607321022658 0.27615180254384342 0.29914335779836781 0.22840264712364547
-0.17451645846277392 -0.53451927837428626 0.51592216873062346 0.6462642358850833
0.049576468654520013 -0.76952569683170102 0.016769796409340565 -0.63646771292801629
-0.51592216873062302 -0.34712087808671532 -0.30950766196375623 -0.71940004100244781
0.2016505590375029 0.41968890199576003 -0.88435607321022691 0.033355859419912731
0.9149960158809145 -0.40109179235209769 0.016769796409340565 -0.040329132872185057
0.88435607321022658 -0.033355859419912814 0.20165055903750273 0.41968890199575959
0.049576468654520013 -0.59500923836892705 -0.29914335779836804 -0.74432481585426968
0.66982357234792755 -0.082932328074432182 -0.050125655829251659 -0.73616983741178788
-0.51592216873062302 0.62949443947574202 0.20165055903750118 0.54488358253967473
-0.51592216873062302 0.31998677751198723 0.29914335779836676 0.73616983741178788
-0.30950766196375473 -0.24517244353298617 -0.88435607321022691 0.24901770196911505
0.34983679483594049 -0.84402694033804071 0.28934683484130019 -0.28550157640517204
0.34983679483594049 -0.74432481585426868 -0.45066826100661617 -0.3471208780867161
0.09970212448377197 -0.033355859419911454 0.68659336875726829 -0.71940004100244781
0.34983679483594049 -0.11483037637852637 -0.56787513779419796 -0.73616983741178799
0.62949443947574235 0.24517244353298617 0.68659336875726829 -0.26873177999583114
0.09970212448377197 -0.79445047168352134 0.5448835825396745 -0.24901770196911494
-0.76109461226360997 0.31998677751198751 0.45066826100661661 -0.33947249067055246
-0.93561107072638228 -0.16495603220777863 -0.14547031904921431 0.27615180254384386
0.79445047168352079 -0.53451927837428592 -0.082932328074431599 -0.27615180254384386
-0.1148303763785269 -0.19944123331459407 0.94597537489177119 -0.22840264712364591
-0.40109179235209669 0.4953071138851538 0.71940004100244748 0.27615180254384386
-0.41968890199575953 0.19944123331459407 -0.61562429321439605 0.63646771292801574
0.48494280971976594 0.76952569683170025 -0.34712087808671588 0.22840264712364591
-0.40109179235209674 -0.24901770196911488 0.48494280971976556 0.73616983741178788
-0.7443248158542688 -0.24517244353298617 -0.61562429321439605 -0.082932328074432238
0.59500923836892727 -0.11483037637852654 -0.71940004100244814 0.33947249067055246
0.48494280971976589 0.73616983741178799 0.40109179235209719 0.2490177019691151
-0.033355859419912259 -0.31998677751198751 0.040329132872185244 0.94597537489177141
0.41968890199575992 -0.79445047168352212 0.34712087808671616 -0.26873177999583142
-0.74432481585426891 -0.31648093541602806 0.40109179235209586 0.43005320616114839
0.88435607321022613 -0.24901770196911471 -0.30950766196375495 -0.24517244353298712
0.88435607321022613 0.050125655829252019 -0.17451645846277303 -0.43005320616114839
0.29914335779836665 -0.14818623579843787 0.91499601588091428 0.22657533388932283
-0.79445047168352079 0.28550157640517115 0.3199867775119869 0.43005320616114839
-0.24901770196911471 0.14818623579843787 -0.94597537489177119 0.14547031904921387
0.11483037637852636 0.93561107072638294 -0.24517244353298651 -0.22657533388932283
0.73616983741178887 0.050125655829251992 -0.082932328074432182 0.66982357234792778
0.71940004100244803 0.68659336875726718 -0.033355859419911704 -0.099702124483773386
-0.93561107072638239 0.12054554419739277 -0.3164809354160284 0.099702124483773386
0.28550157640517121 0.28934683484129947 -0.84402694033804193 -0.34983679483594016
-0.62949443947574257 -0.51592216873062258 -0.54488358253967395 0.20165055903750267
0.5988544968050552 -0.59613858005583042 0.49530711388515353 -0.20165055903750267
-0.63646771292801541 0.016769796409340343 0.76952569683170058 -0.049576468654520388
0.5988544968050552 -0.76109461226360864 -0.22840264712364597 -0.099702124483773386
-0.16495603220777838 -0.28934683484129947 0.76952569683170058 -0.54488358253967439
-0.63646771292801541 -0.62949443947574324 0.27615180254384347 0.34983679483594016
-0.64626423588508353 0.12054554419739291 -0.49530711388515403 -0.5678751377941984
0.5988544968050552 -0.22657533388932272 -0.63646771292801507 -0.43005320616114834
0.53451927837428603 -0.14818623579843787 0.76952569683170058 -0.31648093541602829
-0.64626423588508353 0.28550157640517143 0.22840264712364614 -0.66982357234792778
-0.63646771292801541 -0.43005320616114834 -0.59885449680505565 0.22657533388932288
0.19944123331459485 -0.050125655829251992 -0.49530711388515403 -0.84402694033804204
0.16495603220777849 0.93561107072638372 -0.27615180254384375 0.14547031904921401
0.49530711388515369 0.24517244353298617 0.76952569683170058 0.31998677751198751
-0.64626423588508353 -0.2490177019691151 0.63646771292801563 -0.33947249067055246
-0.53451927837428659 0.79445047168352212 -0.27615180254384375 -0.082932328074432349
-0.63646771292801541 0.33947249067055263 -0.64626423588508308 -0.24901770196911505
0.16495603220777849 0.73616983741178865 0.5988544968050562 0.26873177999583142
-0.64626423588508353 -0.74432481585426935 0.16495603220777824 -0.033355859419912731
-0.76952569683170169 -0.4849428097197665 -0.22840264712364636 0.3471208780867156
-0.033355859419911982 0.099702124483771665 -0.71940004100244737 0.68659336875726751
-0.2451724435329854 -0.30950766196375451 0.24901770196911505 -0.88435607321022613
-0.2451724435329854 -0.62949443947574191 0.26873177999583103 -0.68659336875726751
-0.31998677751198756 0.76109461226360886 0.33947249067055252 -0.45066826100661628
-0.24517244353298545 -0.74432481585426835 -0.082932328074432515 -0.61562429321439538
-0.11483037637852631 0.59500923836892639 0.33947249067055252 -0.7194000410024477
-0.31998677751198756 -0.033355859419912676 0.94597537489177075 0.040329132872185251
0.033355859419912454 -0.099702124483771304 0.71940004100244725 -0.68659336875726762
0.033355859419912454 -0.84402694033804027 0.48494280971976605 -0.22657533388932333
-0.74432481585426913 0.31648093541602851 0.4010917923520968 -0.43005320616114695
0.54488358253967295 0.20165055903750112 -0.62949443947574235 0.51592216873062346
0.54488358253967295 0.76952569683169969 -0.28934683484130053 0.16495603220777921
0.56787513779419863 -0.49530711388515436 0.12054554419739159 0.64626423588508186
0.54488358253967295 0.66982357234792778 0.45066826100661656 0.22657533388932327
-0.099702124483772109 -0.31648093541602851 0.12054554419739159 0.93561107072638261
0.56787513779419863 -0.14547031904921318 -0.68659336875726795 0.43005320616114695
0.54488358253967295 0.040329132872185022 0.56787513779419818 0.61562429321439538
-0.62949443947574268 -0.59500923836892639 0.12054554419739158 0.48494280971976567
0.56787513779419851 0.61562429321439571 -0.54488358253967317 -0.040329132872185251
0.76109461226360886 -0.41968890199575959 0.28934683484130064 0.40109179235209741
0.29914335779836654 0.14818623579843943 0.91499601588091284 -0.22657533388932405
-0.033355859419912648 0.84402694033804015 -0.48494280971976605 0.22657533388932405
0.7443248158542688 -0.31648093541602884 -0.40109179235209724 0.43005320616114673
-0.033355859419912648 0.88435607321022602 0.41968890199575865 0.20165055903750245
0.040329132872185834 -0.016769796409340731 -0.40109179235209724 0.91499601588091317
0.7443248158542688 0.29914335779836715 -0.59500923836892639 0.049576468654519271
0.11483037637852614 -0.19944123331459557 -0.9459753748917703 -0.22840264712364447
-0.28550157640517032 0.28934683484130008 0.84402694033804038 -0.34983679483594099
-0.28550157640517032 -0.64626423588508253 0.66982357234792766 0.22840264712364447
-0.93561107072638272 0.16495603220777935 -0.14547031904921268 -0.27615180254384275
-0.28550157640517043 -0.79445047168352145 -0.43005320616114717 0.31998677751198601
-0.1481862357984389 -0.24901770196911394 -0.14547031904921268 -0.94597537489177097
-0.93561107072638272 0.11483037637852613 0.2265753338893236 -0.24517244353298495
-0.050125655829253213 0.73616983741178776 -0.66982357234792822 -0.082932328074431849
-0.28550157640517054 0.049576468654519569 -0.93561107072638205 -0.20165055903750234
0.84402694033804093 0.016769796409340731 -0.1454703190492127 -0.51592216873062346
-0.050125655829253213 0.88435607321022691 0.43005320616114762 -0.17451645846277342
-0.93561107072638272 -0.20165055903750234 0.28550157640517049 -0.049576468654519264
-0.3164809354160284 0.59613858005582987 -0.66982357234792822 -0.30950766196375579
0.14818623579843904 0.29914335779836748 -0.22657533388932388 0.91499601588091406
0.66982357234792778 0.59500923836892639 -0.14547031904921262 0.41968890199575959
-0.050125655829253324 0.04032913287218505 0.93561107072638294 0.34712087808671532
-0.84402694033804182 0.033355859419912731 -0.22657533388932388 0.48494280971976611
-0.9356110707263825 -0.34712087808671499 -0.050125655829253241 0.040329132872185265
0.14818623579843904 0.61562429321439627 -0.28550157640517076 0.71940004100244825
-0.56787513779419729 -0.49530711388515403 -0.12054554419739255 0.64626423588508264
0.66982357234792689 -0.2284026471236453 0.2855015764051716 -0.64626423588508264
-0.14547031904921395 0.27615180254384358 0.93561107072638228 0.16495603220777907
-0.33947249067055218 0.45066826100661561 -0.31998677751198662 0.7610946122636093
-0.33947249067055218 0.71940004100244659 -0.11483037637852683 0.59500923836892694
0.26873177999583098 -0.34712087808671621 -0.79445047168352123 0.4196889019957587
-0.33947249067055218 0.63646771292801496 0.24901770196911405 0.64626423588508264
-0.082932328074431488 -0.27615180254384358 -0.79445047168352123 0.5345192783742857
0.26873177999583098 0.59885449680505498 -0.73616983741178788 -0.16495603220777905
0.62949443947574135 0.51592216873062324 0.54488358253967406 -0.20165055903750279
-0.59885449680505454 0.59613858005582954 -0.49530711388515447 0.20165055903750279
0.63646771292801563 -0.01676979640934112 -0.76952569683169969 0.049576468654519541
0.033355859419912343 -0.88435607321022591 -0.41968890199575881 -0.20165055903750284
-0.040329132872185564 0.01676979640934112 0.40109179235209713 -0.91499601588091317
-0.74432481585426846 -0.29914335779836704 0.59500923836892672 -0.049576468654519541
0.033355859419912398 -0.16495603220777874 -0.74432481585426802 -0.64626423588508253
0.71940004100244714 0.27615180254384353 0.40109179235209713 -0.49530711388515403
-0.74432481585426846 -0.64626423588508275 -0.033355859419912565 0.16495603220777907
-0.34712087808671566 0.22840264712364547 -0.48494280971976611 -0.76952569683170036
-0.41968890199575914 -0.79445047168352112 -0.34712087808671566 -0.26873177999582942
0.62949443947574191 -0.24517244353298578 0.68659336875726817 0.26873177999582942
-0.76109461226360908 -0.31998677751198601 0.45066826100661717 0.33947249067055252
0.082932328074432321 0.66982357234792733 0.73616983741178732 -0.050125655829253435
-0.17451645846277353 0.43005320616114773 -0.88435607321022558 0.050125655829253435
0.91499601588091317 -0.2265753338893236 -0.29914335779836754 -0.14818623579843843
-0.17451645846277364 0.94597537489177064 0.049576468654519978 -0.26873177999582942
0.51592216873062302 0.31998677751198601 -0.29914335779836754 0.73616983741178821
0.91499601588091317 0.082932328074432543 -0.20165055903750273 -0.33947249067055252
0.30950766196375618 -0.24517244353298606 0.88435607321022658 0.24901770196911449
-0.17451645846277358 0.34983679483594055 0.91499601588091284 0.099702124483773219
-0.59613858005583009 0.28934683484129903 -0.29914335779836754 0.68659336875726817
0.30950766196375618 -0.76109461226360953 -0.049576468654519985 0.56787513779419752
0.91499601588091317 0.099702124483773136 0.17451645846277364 -0.34983679483594099
0.016769796409340565 -0.12054554419739213 0.88435607321022658 0.45066826100661733
-0.51592216873062346 -0.62949443947574268 0.2016505590375029 -0.5448835825396745
-0.88435607321022602 -0.27615180254384358 -0.29914335779836765 -0.22840264712364561
0.30950766196375618 -0.16495603220777891 -0.91499601588091362 0.19944123331459446
0.59613858005583065 -0.59885449680505565 0.2016505590375029 -0.49530711388515447
0.91499601588091317 -0.19944123331459468 0.30950766196375595 -0.16495603220777899
-0.51592216873062346 -0.6462642358850833 -0.17451645846277392 -0.53451927837428626
0.30950766196375623 0.71940004100244781 -0.51592216873062302 -0.34712087808671532
0.29914335779836804 0.74432481585426968 0.049576468654520013 -0.59500923836892705
0.14818623579843823 -0.29914335779836643 -0.22657533388932222 -0.91499601588091339
0.14818623579843823 -0.24901770196911477 0.14547031904921376 -0.9459753748917703
0.050125655829251659 0.73616983741178788 0.66982357234792755 -0.082932328074432182
0.049576468654520138 0.76952569683169869 0.016769796409339732 0.63646771292801607
0.049576468654520138 0.56787513779419752 0.3095076619637544 0.76109461226360897
-0.20165055903750118 -0.54488358253967473 -0.51592216873062302 0.62949443947574202
0.049576468654520159 0.26873177999583087 0.17451645846277347 0.94597537489177019
-0.29914335779836676 -0.73616983741178788 -0.51592216873062302 0.31998677751198723
-0.20165055903750118 0.33947249067055218 -0.91499601588091373 0.082932328074432182
-0.12054554419739257 -0.64626423588508175 0.56787513779419763 -0.49530711388515469
-0.12054554419739257 -0.93561107072638183 -0.099702124483771831 -0.31648093541602906
-0.28934683484130019 0.28550157640517204 0.34983679483594049 -0.84402694033804071
-0.12054554419739258 -0.48494280971976556 -0.6294944394757418 -0.59500923836892639
0.45066826100661617 0.3471208780867161 0.34983679483594049 -0.74432481585426868
-0.28934683484130019 -0.40109179235209624 0.7610946122636093 -0.41968890199575926
-0.1205455441973925 0.082932328074432293 -0.28934683484129975 -0.9459753748917703
0.56787513779419796 0.73616983741178799 0.34983679483594049 -0.11483037637852637
-0.68659336875726829 0.26873177999583114 0.62949443947574235 0.24517244353298617
-0.28934683484130014 -0.94597537489177053 0.12054554419739236 -0.082932328074432127
-0.5448835825396745 0.24901770196911494 0.09970212448377197 -0.79445047168352134
-0.45066826100661661 0.33947249067055246 -0.76109461226360997 0.31998677751198751
0.56787513779419707 0.4953071138851538 0.12054554419739309 -0.64626423588508275
-0.66982357234792655 0.082932328074431433 0.050125655829251825 0.73616983741178832
-0.66982357234792655 0.22840264712364572 -0.28550157640517182 0.64626423588508275
0.14547031904921431 -0.27615180254384386 -0.93561107072638228 -0.16495603220777863
0.33947249067055157 -0.63646771292801518 -0.24901770196911421 -0.64626423588508275
0.082932328074431599 0.27615180254384386 0.79445047168352079 -0.53451927837428592
-0.26873177999583109 -0.59885449680505487 0.73616983741178821 0.16495603220777863
-0.033355859419911982 0.16495603220777835 0.74432481585426813 0.64626423588508264
-0.71940004100244748 -0.27615180254384386 -0.40109179235209669 0.4953071138851538
0.74432481585426857 0.64626423588508286 0.033355859419912037 -0.16495603220777866
0.34712087808671588 -0.22840264712364591 0.48494280971976594 0.76952569683170025
-0.48494280971976556 -0.73616983741178788 -0.40109179235209674 -0.24901770196911488
0.61562429321439605 0.082932328074432238 -0.7443248158542688 -0.24517244353298617
0.71940004100244814 -0.33947249067055246 0.59500923836892727 -0.11483037637852654
0.74432481585426857 0.24517244353298567 0.6156242932143956 0.082932328074432266
-0.040329132872185244 -0.94597537489177141 -0.033355859419912259 -0.31998677751198751
0.28934683484129975 0.28550157640517093 -0.34983679483593938 -0.84402694033804115
-0.48494280971976506 0.17451645846277325 0.61562429321439449 0.5961385800558312
-0.48494280971976506 -0.22657533388932255 0.033355859419911343 0.84402694033804115
-0.40109179235209586 -0.43005320616114839 -0.74432481585426891 -0.31648093541602806
0.51592216873062191 -0.62949443947574169 -0.2016505590375019 -0.54488358253967506
0.51592216873062191 -0.31998677751198679 -0.29914335779836637 -0.73616983741178843
0.30950766196375495 0.24517244353298712 0.88435607321022613 -0.24901770196911471
0.51592216873062202 -0.14547031904921368 0.016769796409340676 -0.84402694033804115
0.17451645846277303 0.43005320616114839 0.88435607321022613 0.050125655829252019
0.30950766196375495 -0.66982357234792722 0.59613858005583109 0.31648093541602806
-0.91499601588091428 -0.22657533388932283 0.29914335779836665 -0.14818623579843787
-0.33947249067055152 0.31648093541602795 0.26873177999583053 0.84402694033804104
-0.3199867775119869 -0.43005320616114839 -0.79445047168352079 0.28550157640517115
0.94597537489177119 -0.14547031904921387 -0.24901770196911471 0.14818623579843787
0.26873177999583076 0.84402694033804138 0.33947249067055191 -0.31648093541602806
0.24517244353298651 0.22657533388932283 0.11483037637852636 0.93561107072638294
0.082932328074432182 -0.66982357234792778 0.73616983741178887 0.050125655829251992
-0.31998677751198695 -0.76109461226360819 0.33947249067055141 0.4506682610066175
0.7443248158542678 0.31648093541602795 -0.40109179235209635 -0.43005320616114873
0.7443248158542678 0.34983679483593982 0.34712087808671588 -0.4506682610066175
0.033355859419911704 0.099702124483773386 0.71940004100244803 0.68659336875726718
-0.66982357234792655 0.54488358253967384 -0.22657533388932316 0.45066826100661761
0.3164809354160284 -0.099702124483773386 -0.93561107072638239 0.12054554419739277
0.14547031904921343 0.56787513779419796 -0.4300532061611485 -0.68659336875726729
0.84402694033804193 0.34983679483594016 0.28550157640517121 0.28934683484129947
0.24901770196911471 0.88435607321022547 0.24517244353298595 -0.30950766196375612
-0.56787513779419718 0.049576468654520402 -0.76109461226360853 0.30950766196375612
0.54488358253967395 -0.20165055903750267 -0.62949443947574257 -0.51592216873062258
0.19944123331459435 -0.91499601588091295 0.16495603220777816 -0.30950766196375612
-0.49530711388515353 0.20165055903750267 0.5988544968050552 -0.59613858005583042
-0.5345192783742857 -0.17451645846277403 0.64626423588508297 0.51592216873062258
0.1994412333145944 -0.68659336875726684 -0.53451927837428559 -0.4506682610066175
0.22840264712364597 0.099702124483773386 0.5988544968050552 -0.76109461226360864
-0.76952569683170058 0.54488358253967439 -0.16495603220777838 -0.28934683484129947
-0.5345192783742857 -0.4506682610066175 -0.19944123331459468 0.68659336875726729
-0.27615180254384347 -0.34983679483594016 -0.63646771292801541 -0.62949443947574324
0.49530711388515403 0.5678751377941984 -0.64626423588508353 0.12054554419739291
0.63646771292801507 0.43005320616114834 0.5988544968050552 -0.22657533388932272
-0.76952569683170058 0.31648093541602829 0.53451927837428603 -0.14818623579843787
-0.22840264712364614 0.66982357234792778 -0.64626423588508353 0.28550157640517143
-0.5345192783742857 0.14818623579843807 -0.76952569683170013 0.31648093541602818
0.49530711388515403 0.84402694033804204 0.19944123331459485 -0.050125655829251992
-0.76952569683170058 -0.31998677751198751 0.49530711388515369 0.24517244353298617
-0.5988544968050562 -0.26873177999583142 0.16495603220777849 0.73616983741178865
0.34712087808671527 0.45066826100661583 -0.74432481585426813 0.34983679483594038
0.71940004100244737 -0.68659336875726751 -0.033355859419911982 0.099702124483771665
-0.73616983741178688 -0.29914335779836665 0.31998677751198723 -0.5159221687306228
-0.24901770196911505 0.88435607321022613 -0.2451724435329854 -0.30950766196375451
-0.73616983741178676 -0.56787513779419774 0.11483037637852617 -0.34983679483594032
-0.26873177999583103 0.68659336875726751 -0.2451724435329854 -0.62949443947574191
-0.24901770196911505 0.54488358253967351 0.79445047168352079 -0.099702124483771692
-0.73616983741178688 -0.48494280971976522 -0.24901770196911505 -0.40109179235209669
0.082932328074432515 0.61562429321439538 -0.24517244353298545 -0.74432481585426835
-0.24901770196911527 -0.40109179235209702 0.7361698374117871 0.48494280971976561
-0.94597537489177075 -0.040329132872185251 -0.31998677751198756 -0.033355859419912676
0.28550157640517115 -0.28934683484130075 -0.8440269403380396 0.34983679483594066
-0.34712087808671477 -0.45066826100661583 0.74432481585426846 -0.34983679483594066
-0.71940004100244725 0.68659336875726762 0.033355859419912454 -0.099702124483771304
-0.34712087808671477 -0.93561107072638183 0.040329132872185522 -0.050125655829252769
-0.48494280971976605 0.22657533388932333 0.033355859419912454 -0.84402694033804027
-0.71940004100244737 0.28550157640517076 0.61562429321439505 0.14818623579843934
-0.63646771292801496 -0.0167697964093389 0.76952569683169925 0.049576468654519111
0.76109461226360775 0.30950766196375507 -0.56787513779419796 -0.049576468654519111
0.62949443947574235 -0.51592216873062346 0.54488358253967295 0.20165055903750112
0.76109461226360775 0.59885449680505565 0.099702124483771859 -0.22840264712364489
0.28934683484130053 -0.16495603220777921 0.54488358253967295 0.76952569683169969
0.62949443947574235 -0.63646771292801507 -0.34983679483594088 0.27615180254384175
0.76109461226360786 0.14818623579843898 0.62949443947574213 0.050125655829252713
-0.45066826100661656 -0.22657533388932327 0.54488358253967295 0.66982357234792778
0.62949443947574246 0.050125655829252769 -0.76109461226360819 -0.1481862357984394
0.68659336875726795 -0.43005320616114695 0.56787513779419863 -0.14547031904921318
-0.56787513779419818 -0.61562429321439538 0.54488358253967295 0.040329132872185022
0.62949443947574235 0.59500923836892605 -0.12054554419739126 -0.48494280971976556
-0.082932328074431017 -0.66982357234792755 -0.73616983741178665 0.050125655829253324
0.17451645846277292 -0.4300532061611464 0.88435607321022602 -0.050125655829253324
-0.91499601588091284 0.22657533388932405 0.29914335779836654 0.14818623579843943
0.34712087808671499 0.93561107072638161 -0.040329132872185841 0.050125655829253379
0.48494280971976605 -0.22657533388932405 -0.033355859419912648 0.84402694033804015
0.7194000410024467 -0.28550157640517082 -0.6156242932143956 -0.14818623579843943
0.34712087808671493 0.51592216873062302 0.71940004100244659 0.30950766196375545
-0.41968890199575865 -0.20165055903750245 -0.033355859419912648 0.88435607321022602
0.71940004100244692 0.30950766196375545 -0.34712087808671499 -0.51592216873062346
0.59500923836892639 -0.049576468654519271 0.7443248158542688 0.29914335779836715
-0.040329132872185793 0.59885449680505576 0.59500923836892572 0.53451927837428415
-0.08293232807443196 0.27615180254384253 -0.79445047168352123 -0.53451927837428415
0.9459753748917703 0.22840264712364447 0.11483037637852614 -0.19944123331459557
0.49530711388515342 -0.56787513779419807 -0.64626423588508164 -0.12054554419739116
-0.31648093541602795 -0.099702124483772331 0.93561107072638183 0.12054554419739116
-0.84402694033804038 0.34983679483594099 -0.28550157640517032 0.28934683484130008
-0.31648093541602795 -0.76952569683170002 0.14818623579843881 0.53451927837428415
-0.66982357234792766 -0.22840264712364447 -0.28550157640517032 -0.64626423588508253
-0.84402694033804049 0.49530711388515364 0.050125655829253074 0.19944123331459557
0.14547031904921268 0.27615180254384275 -0.93561107072638272 0.16495603220777935
-0.31648093541602806 -0.33947249067055291 -0.84402694033804027 0.26873177999582987
0.43005320616114717 -0.31998677751198601 -0.28550157640517043 -0.79445047168352145
0.14547031904921268 0.94597537489177097 -0.1481862357984389 -0.24901770196911394
-0.84402694033804049 0.26873177999583009 0.31648093541602812 0.3394724906705533
-0.2265753338893236 0.24517244353298495 -0.93561107072638272 0.11483037637852613
0.66982357234792822 0.082932328074431849 -0.050125655829253213 0.73616983741178776
0.93561107072638205 0.20165055903750234 -0.28550157640517054 0.049576468654519569
0.1454703190492127 0.51592216873062346 0.84402694033804093 0.016769796409340731
-0.43005320616114762 0.17451645846277342 -0.050125655829253213 0.88435607321022691
-0.84402694033804049 -0.016769796409340454 0.14547031904921245 0.51592216873062346
0.66982357234792822 0.30950766196375579 -0.3164809354160284 0.59613858005582987
0.14547031904921262 -0.41968890199575959 0.66982357234792778 0.59500923836892639
0.28550157640517076 -0.71940004100244825 0.14818623579843904 0.61562429321439627
-0.28934683484129881 -0.28550157640517138 0.34983679483594016 0.84402694033804049
-0.28934683484129881 -0.16495603220777891 -0.54488358253967384 0.76952569683169936
0.12054554419739255 -0.64626423588508264 -0.56787513779419729 -0.49530711388515403
0.14818623579843784 -0.53451927837428515 0.31648093541602867 -0.76952569683169936
-0.2855015764051716 0.64626423588508264 0.66982357234792689 -0.2284026471236453
0.050125655829252214 -0.19944123331459435 0.84402694033804082 0.49530711388515403
0.24517244353298573 0.30950766196375423 -0.24901770196911377 0.88435607321022602
0.24517244353298573 0.62949443947574091 -0.26873177999583081 0.68659336875726795
0.31998677751198662 -0.7610946122636093 -0.33947249067055218 0.45066826100661561
0.24517244353298573 0.74432481585426769 0.082932328074431461 0.61562429321439538
0.11483037637852683 -0.59500923836892694 -0.33947249067055218 0.71940004100244659
0.31998677751198662 0.033355859419911899 -0.94597537489177053 -0.040329132872185786
0.24517244353298573 0.49530711388515358 0.31998677751198645 0.76952569683169936
-0.24901770196911405 -0.64626423588508264 -0.33947249067055218 0.63646771292801496
0.31998677751198662 0.76952569683169969 -0.24517244353298567 -0.49530711388515392
0.73616983741178788 0.16495603220777905 0.26873177999583098 0.59885449680505498
-0.24901770196911333 -0.88435607321022569 -0.24517244353298573 0.30950766196375556
0.56787513779419618 -0.049576468654519472 0.76109461226360886 -0.30950766196375556
-0.54488358253967406 0.20165055903750279 0.62949443947574135 0.51592216873062324
-0.19944123331459396 0.91499601588091228 -0.16495603220777946 0.30950766196375556
0.49530711388515447 -0.20165055903750279 -0.59885449680505454 0.59613858005582954
0.53451927837428526 0.17451645846277292 -0.64626423588508242 -0.51592216873062324
-0.34712087808671538 -0.5159221687306228 -0.71940004100244648 -0.30950766196375568
0.41968890199575881 0.20165055903750284 0.033355859419912343 -0.88435607321022591
-0.7194000410024467 -0.30950766196375573 0.34712087808671538 0.51592216873062324
-0.59500923836892672 0.049576468654519541 -0.74432481585426846 -0.29914335779836704
0.2284026471236448 0.9459753748917703 -0.19944123331459418 0.11483037637852506
-0.71940004100244614 -0.68659336875726784 0.033355859419912731 0.099702124483773524
-0.71940004100244614 -0.33947249067055213 -0.59500923836892694 -0.11483037637852506
0.34712087808671566 0.26873177999582942 -0.41968890199575914 -0.79445047168352112
0.56787513779419685 -0.73616983741178754 0.34983679483594116 0.11483037637852506
-0.68659336875726817 -0.26873177999582942 0.62949443947574191 -0.24517244353298578
-0.54488358253967317 -0.24901770196911421 0.099702124483773163 0.79445047168352112
-0.45066826100661717 -0.33947249067055252 -0.76109461226360908 -0.31998677751198601
0.16495603220777874 -0.93561107072638183 -0.27615180254384286 -0.14547031904921212
0.24901770196911394 0.14818623579843829 0.94597537489177019 0.14547031904921212
-0.73616983741178732 0.050125655829253435 0.082932328074432321 0.66982357234792733
0.016769796409340676 0.84402694033804049 -0.51592216873062247 -0.14547031904921207
0.88435607321022558 -0.050125655829253435 -0.17451645846277353 0.43005320616114773
0.59613858005582965 -0.31648093541602795 -0.3095076619637559 -0.66982357234792733
0.016769796409340565 0.79445047168352056 0.59613858005582954 -0.11483037637852506
-0.049576468654519978 0.26873177999582942 -0.17451645846277364 0.94597537489177064
0.29914335779836754 -0.73616983741178821 0.51592216873062302 0.31998677751198601
0.59613858005582965 -0.11483037637852522 -0.016769796409340565 -0.79445047168352112
0.20165055903750273 0.33947249067055252 0.91499601588091317 0.082932328074432543
-0.88435607321022658 -0.24901770196911449 0.30950766196375618 -0.24517244353298606
-0.91499601588091284 -0.099702124483773219 -0.17451645846277358 0.34983679483594055
0.29914335779836754 -0.68659336875726817 -0.59613858005583009 0.28934683484129903
0.049576468654519985 -0.56787513779419752 0.30950766196375618 -0.76109461226360953
0.59613858005582965 -0.28934683484129897 0.29914335779836743 -0.68659336875726784
-0.88435607321022658 -0.45066826100661733 0.016769796409340565 -0.12054554419739213
0.29914335779836765 0.22840264712364561 -0.88435607321022602 -0.27615180254384358
0.17451645846277392 0.53451927837428626 -0.51592216873062346 -0.6462642358850833
-0.43005320616114762 -0.40109179235209541 -0.31648093541602751 -0.74432481585426857
-0.43005320616114762 -0.17451645846277319 -0.050125655829251603 -0.88435607321022536
0.22657533388932222 0.91499601588091339 0.14818623579843823 -0.29914335779836643
-0.43005320616114762 -0.31998677751198695 0.28550157640517065 -0.79445047168352023
-0.14547031904921376 0.9459753748917703 0.14818623579843823 -0.24901770196911477
0.22657533388932216 0.24517244353298584 0.93561107072638228 0.11483037637852642
0.59613858005582998 0.61562429321439383 -0.17451645846277342 0.48494280971976605
0.59613858005582998 0.59885449680505409 0.20165055903750112 0.49530711388515403
-0.016769796409339732 -0.63646771292801607 0.049576468654520138 0.76952569683169869
0.59613858005582998 0.28934683484129975 0.29914335779836643 0.68659336875726695
-0.3095076619637544 -0.76109461226360897 0.049576468654520138 0.56787513779419752
-0.016769796409339732 -0.12054554419739302 -0.88435607321022602 0.45066826100661606
0.59613858005582987 0.11483037637852628 -0.016769796409339899 0.79445047168352012
-0.17451645846277347 -0.94597537489177019 0.049576468654520159 0.26873177999583087
-0.016769796409339677 0.79445047168352068 -0.59613858005582998 -0.11483037637852647
0.91499601588091373 -0.082932328074432182 -0.20165055903750118 0.33947249067055218
-0.54488358253967384 -0.20165055903750112 0.62949443947574146 -0.51592216873062302
-0.54488358253967384 -0.7695256968316988 0.28934683484129992 -0.16495603220777924
-0.56787513779419763 0.49530711388515469 -0.12054554419739257 -0.64626423588508175
-0.54488358253967384 -0.669823572347927 -0.45066826100661583 -0.22657533388932338
0.099702124483771831 0.31648093541602906 -0.12054554419739257 -0.93561107072638183
-0.56787513779419774 0.14547031904921409 0.68659336875726762 -0.43005320616114695
-0.54488358253967384 -0.040329132872185161 -0.56787513779419729 -0.61562429321439471
-0.7610946122636093 0.41968890199575926 -0.28934683484130019 -0.40109179235209624
0.28934683484129975 0.9459753748917703 -0.1205455441973925 0.082932328074432293
-0.34983679483594049 0.11483037637852637 0.56787513779419796 0.73616983741178799
-0.62949443947574235 -0.24517244353298617 -0.68659336875726829 0.26873177999583114
-0.56787513779419763 -0.73616983741178732 -0.3498367948359406 0.1148303763785265
-0.09970212448377197 0.79445047168352134 -0.5448835825396745 0.24901770196911494
0.28934683484129858 0.16495603220777855 0.54488358253967417 -0.76952569683169925
-0.12054554419739309 0.64626423588508275 0.56787513779419707 0.4953071138851538
-0.1481862357984374 0.29914335779836554 0.22657533388932288 0.91499601588091328
-0.1481862357984374 0.24901770196911377 -0.14547031904921412 0.94597537489177008
-0.050125655829251825 -0.73616983741178832 -0.66982357234792655 0.082932328074431433
-0.1481862357984374 0.53451927837428559 -0.31648093541602862 0.76952569683169925
0.28550157640517182 -0.64626423588508275 -0.66982357234792655 0.22840264712364572
-0.05012565582925177 0.1994412333145939 -0.84402694033804093 -0.4953071138851538
-0.24517244353298634 -0.49530711388515347 -0.31998677751198668 -0.76952569683169914
0.24901770196911421 0.64626423588508275 0.33947249067055157 -0.63646771292801518
-0.31998677751198684 -0.76952569683169947 0.24517244353298617 0.4953071138851538
-0.73616983741178821 -0.16495603220777863 -0.26873177999583109 -0.59885449680505487
0.40109179235209674 0.24901770196911488 -0.48494280971976556 -0.73616983741178788
0.033355859419912259 0.31998677751198751 -0.040329132872185244 -0.94597537489177141
-0.099702124483772914 -0.033355859419911649 -0.68659336875726651 -0.7194000410024477
-0.099702124483772914 0.31648093541602773 0.12054554419739304 -0.93561107072638172
0.34983679483593938 0.84402694033804115 0.28934683484129975 0.28550157640517093
-0.04032913287218419 -0.016769796409340565 0.40109179235209547 0.91499601588091317
-0.61562429321439449 -0.5961385800558312 -0.48494280971976506 0.17451645846277325
-0.040329132872184127 -0.050125655829251825 -0.34712087808671555 0.93561107072638172
-0.033355859419911343 -0.84402694033804115 -0.48494280971976506 -0.22657533388932255
-0.61562429321439449 0.14818623579843779 -0.71940004100244803 -0.28550157640517088
-0.0495764686545212 -0.76952569683169858 -0.016769796409340565 -0.63646771292801563
-0.0495764686545212 -0.56787513779419663 -0.30950766196375468 -0.76109461226360897
0.2016505590375019 0.54488358253967506 0.51592216873062191 -0.62949443947574169
-0.049576468654521207 -0.26873177999583031 -0.17451645846277275 -0.94597537489177008
0.29914335779836637 0.73616983741178843 0.51592216873062191 -0.31998677751198679
0.20165055903750184 -0.33947249067055102 0.9149960158809135 -0.082932328074432293
-0.049576468654521109 -0.28550157640517088 0.20165055903750195 -0.93561107072638172
-0.016769796409340676 0.84402694033804115 0.51592216873062202 -0.14547031904921368
-0.88435607321022613 -0.050125655829252019 0.17451645846277303 0.43005320616114839
0.20165055903750179 -0.93561107072638205 0.04957646865452088 0.28550157640517093
-0.59613858005583109 -0.31648093541602806 0.30950766196375495 -0.66982357234792722
-0.29914335779836665 0.14818623579843787 -0.91499601588091428 -0.22657533388932283
-0.26873177999583053 -0.84402694033804104 -0.33947249067055152 0.31648093541602795
0.79445047168352079 -0.28550157640517115 -0.3199867775119869 -0.43005320616114839
0.24901770196911471 -0.14818623579843787 0.94597537489177119 -0.14547031904921387
0.31998677751198673 0.43005320616114795 0.79445047168352056 -0.28550157640517093
-0.11483037637852636 -0.93561107072638294 0.24517244353298651 0.22657533388932283
-0.26873177999582976 -0.34712087808671521 0.7944504716835199 0.41968890199576037
-0.26873177999582976 -0.68659336875726662 -0.24517244353298651 0.62949443947574246
-0.33947249067055141 -0.4506682610066175 -0.31998677751198695 -0.76109461226360819
0.48494280971976389 -0.17451645846277319 -0.61562429321439505 -0.59613858005583076
0.48494280971976389 0.22657533388932322 -0.033355859419911676 -0.84402694033804093
0.40109179235209635 0.43005320616114873 0.7443248158542678 0.31648093541602795
0.48494280971976389 -0.12054554419739272 0.59500923836892639 -0.62949443947574246
-0.34712087808671588 0.4506682610066175 0.7443248158542678 0.34983679483593982
0.40109179235209635 -0.28934683484129919 0.41968890199576048 0.76109461226360831
-0.14818623579843715 0.76109461226360797 -0.05012565582925238 0.62949443947574246
0.22657533388932316 -0.45066826100661761 -0.66982357234792655 0.54488358253967384
0.93561107072638239 -0.12054554419739277 0.3164809354160284 -0.099702124483773386
-0.050125655829252463 0.62949443947574257 0.14818623579843757 -0.76109461226360831
0.4300532061611485 0.68659336875726729 0.14547031904921343 0.56787513779419796
-0.28550157640517121 -0.28934683484129947 0.84402694033804193 0.34983679483594016
0.31998677751198595 0.76109461226360819 -0.33947249067055213 -0.45066826100661717
0.31998677751198595 0.51592216873062213 0.73616983741178754 -0.29914335779836776
-0.24517244353298595 0.30950766196375612 0.24901770196911471 0.88435607321022547
-0.28934683484129864 0.59613858005582987 -0.68659336875726718 0.29914335779836776
0.76109461226360853 -0.30950766196375612 -0.56787513779419718 0.049576468654520402
0.12054554419739225 -0.016769796409340343 -0.45066826100661728 -0.88435607321022547
-0.27615180254384331 -0.88435607321022514 -0.2284026471236458 -0.2991433577983677
-0.16495603220777816 0.30950766196375612 0.19944123331459435 -0.91499601588091295
-0.22840264712364566 -0.29914335779836793 0.27615180254384331 0.88435607321022547
-0.64626423588508297 -0.51592216873062258 -0.5345192783742857 -0.17451645846277403
0.53451927837428559 0.4506682610066175 0.1994412333145944 -0.68659336875726684
-0.5988544968050552 0.76109461226360864 0.22840264712364597 0.099702124483773386
0.16495603220777838 0.28934683484129947 -0.76952569683170058 0.54488358253967439
-0.22840264712364569 -0.099702124483773136 -0.59885449680505509 0.76109461226360831
0.63646771292801541 0.62949443947574324 -0.27615180254384347 -0.34983679483594016
-0.5988544968050552 0.22657533388932272 0.63646771292801507 0.43005320616114834
-0.19944123331459485 0.050125655829251992 0.49530711388515403 0.84402694033804204
0.5950092383689255 0.62949443947574146 -0.48494280971976522 -0.12054554419739198
0.74432481585426813 -0.34983679483594038 0.34712087808671527 0.45066826100661583
0.41968890199575898 -0.76109461226360808 -0.40109179235209624 -0.28934683484130042
-0.94597537489176919 -0.17451645846277375 0.26873177999583064 0.04957646865451986
-0.31998677751198723 0.5159221687306228 -0.73616983741178688 -0.29914335779836665
-0.082932328074432349 0.91499601588091284 0.3394724906705523 -0.20165055903750079
-0.94597537489176919 -0.28934683484130003 -0.08293232807443246 0.12054554419739205
-0.11483037637852617 0.34983679483594032 -0.73616983741178676 -0.56787513779419774
-0.082932328074432377 0.12054554419739191 0.94597537489176964 0.2893468348413003
-0.79445047168352079 0.099702124483771692 -0.24901770196911505 0.54488358253967351
0.24901770196911505 0.40109179235209669 -0.73616983741178688 -0.48494280971976522
-0.08293232807443246 -0.61562429321439516 0.24517244353298512 0.74432481585426813
-0.49530711388515414 0.56787513779419796 0.64626423588508053 0.12054554419739164
0.31648093541602829 0.099702124483771304 -0.93561107072638128 -0.12054554419739164
0.8440269403380396 -0.34983679483594066 0.28550157640517115 -0.28934683484130075
-0.59500923836892528 -0.62949443947574157 0.48494280971976561 0.12054554419739169
-0.74432481585426846 0.34983679483594066 -0.34712087808671477 -0.45066826100661583
-0.41968890199575865 0.76109461226360797 0.40109179235209652 0.28934683484130075
-0.59500923836892528 -0.66982357234792711 -0.41968890199575876 0.14547031904921293
-0.040329132872185522 0.050125655829252769 -0.34712087808671477 -0.93561107072638183
-0.41968890199575876 0.14547031904921293 0.59500923836892539 0.66982357234792778
-0.61562429321439505 -0.14818623579843934 -0.71940004100244737 0.28550157640517076
-0.49530711388515336 -0.20165055903750101 0.59885449680505531 0.59613858005582865
-0.76952569683169925 -0.049576468654519111 -0.63646771292801496 -0.0167697964093389
0.68659336875726673 0.29914335779836754 -0.28934683484130019 -0.59613858005582865
0.56787513779419796 0.049576468654519111 0.76109461226360775 0.30950766196375507
0.45066826100661611 -0.88435607321022558 0.12054554419739145 0.0167697964093389
0.68659336875726684 0.19944123331459573 0.45066826100661606 -0.5345192783742847
-0.099702124483771859 0.22840264712364489 0.76109461226360775 0.59885449680505565
0.45066826100661611 -0.53451927837428481 -0.68659336875726729 -0.19944123331459584
0.34983679483594088 -0.27615180254384175 0.62949443947574235 -0.63646771292801507
-0.62949443947574213 -0.050125655829252713 0.76109461226360786 0.14818623579843898
0.45066826100661622 0.22657533388932327 -0.54488358253967273 -0.66982357234792778
-0.16495603220777993 0.93561107072638117 0.27615180254384203 0.14547031904921262
-0.24901770196911294 -0.14818623579843926 -0.94597537489176964 -0.14547031904921262
0.73616983741178665 -0.050125655829253324 -0.082932328074431017 -0.66982357234792755
-0.016769796409340787 -0.84402694033803938 0.51592216873062335 0.14547031904921259
-0.88435607321022602 0.050125655829253324 0.17451645846277292 -0.4300532061611464
-0.59613858005582876 0.31648093541602862 0.30950766196375495 0.66982357234792755
0.59500923836892561 0.66982357234792711 0.41968890199575826 -0.14547031904921259
0.040329132872185841 -0.050125655829253379 0.34712087808671499 0.93561107072638161
0.41968890199575815 -0.14547031904921254 -0.59500923836892583 -0.66982357234792755
0.6156242932143956 0.14818623579843943 0.7194000410024467 -0.28550157640517082
0.41968890199575803 0.79445047168352101 0.34712087808671377 0.26873177999583003
0.41968890199575803 0.19944123331459535 0.61562429321439571 0.63646771292801363
-0.59500923836892572 -0.53451927837428415 -0.040329132872185793 0.59885449680505576
-0.24901770196911394 0.64626423588508197 -0.33947249067055318 -0.63646771292801363
0.79445047168352123 0.53451927837428415 -0.08293232807443196 0.27615180254384253
0.73616983741178621 -0.16495603220777919 0.26873177999583026 -0.59885449680505576
-0.11483037637852614 0.19944123331459557 0.9459753748917703 0.22840264712364447
0.16495603220777888 -0.2893468348412998 -0.76952569683169936 -0.54488358253967217
0.64626423588508164 0.12054554419739116 0.49530711388515342 -0.56787513779419807
-0.22657533388932322 -0.45066826100661661 0.669823572347927 0.54488358253967228
-0.93561107072638183 -0.12054554419739116 -0.31648093541602795 -0.099702124483772331
-0.43005320616114673 0.68659336875726718 -0.14547031904921245 0.56787513779419807
-0.22657533388932322 -0.59885449680505543 -0.43005320616114678 0.63646771292801363
-0.14818623579843881 -0.53451927837428415 -0.31648093541602795 -0.76952569683170002
0.28550157640517032 0.64626423588508253 -0.66982357234792766 -0.22840264712364447
-0.43005320616114662 0.63646771292801407 0.22657533388932338 0.59885449680505576
-0.050125655829253074 -0.19944123331459557 -0.84402694033804049 0.49530711388515364
0.93561107072638272 -0.16495603220777935 0.14547031904921268 0.27615180254384275
0.84402694033804027 -0.26873177999582987 -0.31648093541602806 -0.33947249067055291
0.28550157640517043 0.79445047168352145 0.43005320616114717 -0.31998677751198601
0.1481862357984389 0.24901770196911394 0.14547031904921268 0.94597537489177097
-0.43005320616114667 0.3199867775119859 0.2855015764051701 0.79445047168352123
0.93561107072638272 -0.11483037637852613 -0.2265753338893236 0.24517244353298495
0.28550157640517054 -0.049576468654519569 0.93561107072638205 0.20165055903750234
0.3164809354160284 -0.59613858005582987 0.66982357234792822 0.30950766196375579
0.09970212448377308 0.033355859419911371 0.68659336875726695 0.71940004100244659
0.09970212448377308 -0.31648093541602873 -0.12054554419739241 0.93561107072638106
-0.34983679483594016 -0.84402694033804049 -0.28934683484129881 -0.28550157640517138
0.09970212448377308 0.22840264712364514 -0.76109461226360819 0.5988544968050542
0.54488358253967384 -0.76952569683169936 -0.28934683484129881 -0.16495603220777891
-0.34983679483594021 -0.27615180254384319 -0.6294944394757418 -0.63646771292801485
-0.43005320616114762 -0.63646771292801452 0.22657533388932316 -0.59885449680505409
-0.31648093541602867 0.76952569683169936 0.14818623579843784 -0.53451927837428515
0.22657533388932322 -0.59885449680505454 0.43005320616114739 0.63646771292801496
-0.84402694033804082 -0.49530711388515403 0.050125655829252214 -0.19944123331459435
0.73616983741178699 0.29914335779836587 -0.31998677751198634 0.5159221687306228
0.24901770196911377 -0.88435607321022602 0.24517244353298573 0.30950766196375423
0.73616983741178699 0.56787513779419663 -0.11483037637852674 0.34983679483594055
0.26873177999583081 -0.68659336875726795 0.24517244353298573 0.62949443947574091
0.24901770196911377 -0.54488358253967384 -0.79445047168352056 0.099702124483771581
0.73616983741178688 0.48494280971976506 0.24901770196911382 0.40109179235209635
0.94597537489177053 0.040329132872185786 0.31998677751198662 0.033355859419911899
-0.31998677751198518 -0.5159221687306228 -0.73616983741178732 0.29914335779836659
0.24517244353298573 -0.30950766196375556 -0.24901770196911333 -0.88435607321022569
0.28934683484129836 -0.59613858005582898 0.68659336875726762 -0.29914335779836665
-0.76109461226360886 0.30950766196375556 0.56787513779419618 -0.049576468654519472
-0.12054554419739182 0.016769796409341065 0.45066826100661611 0.88435607321022569
0.27615180254384325 0.88435607321022491 0.22840264712364466 0.29914335779836659
0.16495603220777946 -0.30950766196375556 -0.19944123331459396 0.91499601588091228
0.22840264712364461 0.29914335779836682 -0.27615180254384331 -0.88435607321022558
0.64626423588508242 0.51592216873062324 0.53451927837428526 0.17451645846277292
0.53451927837428381 0.59500923836892616 -0.59885449680505487 0.040329132872184308
0.53451927837428381 0.79445047168352034 0.27615180254384386 -0.082932328074432571
0.19944123331459418 -0.11483037637852506 0.2284026471236448 0.9459753748917703
-0.74432481585426635 -0.34983679483594127 -0.34712087808671532 0.45066826100661705
-0.033355859419912731 -0.099702124483773524 -0.71940004100244614 -0.68659336875726784
-0.74432481585426635 0.24517244353298578 -0.61562429321439605 0.082932328074432571
0.59500923836892694 0.11483037637852506 -0.71940004100244614 -0.33947249067055213
-0.033355859419912731 0.31998677751198562 0.040329132872184537 -0.9459753748917703
0.28934683484129842 -0.94597537489176986 -0.1205455441973914 -0.082932328074432571
-0.34983679483594116 -0.11483037637852506 0.56787513779419685 -0.73616983741178754
-0.62949443947574191 0.24517244353298578 -0.68659336875726817 -0.26873177999582942
-0.12054554419739116 -0.082932328074432432 -0.28934683484129875 0.9459753748917703
-0.099702124483773163 -0.79445047168352112 -0.54488358253967317 -0.24901770196911421
0.76109461226360908 0.31998677751198601 -0.45066826100661717 -0.33947249067055252
-0.22840264712364439 -0.94597537489176964 0.19944123331459512 -0.11483037637852547
-0.22840264712364439 -0.66982357234792655 -0.64626423588508231 -0.28550157640516971
0.27615180254384286 0.14547031904921212 0.16495603220777874 -0.93561107072638183
0.31998677751198551 -0.43005320616114728 0.79445047168352056 0.28550157640516971
-0.94597537489177019 -0.14547031904921212 0.24901770196911394 0.14818623579843829
-0.24517244353298501 0.22657533388932338 -0.11483037637852536 0.93561107072638183
0.20165055903750251 0.93561107072638139 0.04957646865451993 -0.28550157640516965
0.51592216873062247 0.14547031904921207 0.016769796409340676 0.84402694033804049
0.049576468654519666 -0.28550157640516982 -0.20165055903750251 -0.93561107072638172
0.3095076619637559 0.66982357234792733 0.59613858005582965 -0.31648093541602795
-0.59613858005582954 0.11483037637852506 0.016769796409340565 0.79445047168352056
0.17451645846277364 -0.94597537489177064 -0.049576468654519978 0.26873177999582942
-0.51592216873062302 -0.31998677751198601 0.29914335779836754 -0.73616983741178821
0.049576468654519715 -0.26873177999582942 0.17451645846277347 -0.94597537489177019
-0.91499601588091317 -0.082932328074432543 0.20165055903750273 0.33947249067055252
0.17451645846277358 -0.34983679483594055 -0.91499601588091284 -0.099702124483773219
-0.016769796409340565 0.12054554419739213 -0.88435607321022658 -0.45066826100661733
-0.84402694033804027 -0.033355859419911593 -0.22657533388932194 -0.484942809719765
0.31648093541602751 0.74432481585426857 -0.43005320616114762 -0.40109179235209541
-0.84402694033804027 0.016769796409339954 0.14547031904921362 -0.5159221687306218
0.050125655829251603 0.88435607321022536 -0.43005320616114762 -0.17451645846277319
0.31648093541602751 0.59613858005583031 0.66982357234792689 -0.30950766196375434
-0.84402694033804027 -0.26873177999583064 0.31648093541602729 -0.33947249067055146
-0.28550157640517065 0.79445047168352023 -0.43005320616114762 -0.31998677751198695
0.31648093541602734 -0.33947249067055174 0.8440269403380406 0.26873177999583087
-0.93561107072638228 -0.11483037637852642 0.22657533388932216 0.24517244353298584
-0.53451927837428626 -0.5950092383689245 0.59885449680505409 -0.040329132872185487
0.91499601588091251 0.40109179235209558 0.016769796409339677 0.040329132872185487
0.17451645846277342 -0.48494280971976605 0.59613858005582998 0.61562429321439383
0.91499601588091228 0.19944123331459435 0.30950766196375418 0.16495603220777832
-0.20165055903750112 -0.49530711388515403 0.59613858005582998 0.59885449680505409
0.17451645846277342 -0.53451927837428626 -0.51592216873062258 0.64626423588508108
0.91499601588091239 -0.09970212448377197 0.17451645846277325 0.34983679483593932
-0.29914335779836643 -0.68659336875726695 0.59613858005582998 0.28934683484129975
0.17451645846277342 0.34983679483593971 -0.91499601588091273 0.099702124483771776
0.88435607321022602 -0.45066826100661606 -0.016769796409339732 -0.12054554419739302
0.016769796409339899 -0.79445047168352012 0.59613858005582987 0.11483037637852628
0.17451645846277347 0.94597537489176986 -0.049576468654519902 -0.26873177999583098
0.63646771292801529 0.016769796409339732 -0.76952569683169825 -0.049576468654519694
-0.76109461226360819 -0.30950766196375429 0.56787513779419718 0.049576468654519694
-0.62949443947574146 0.51592216873062302 -0.54488358253967384 -0.20165055903750112
-0.76109461226360819 -0.59885449680505431 -0.099702124483771887 0.22840264712364511
-0.28934683484129992 0.16495603220777924 -0.54488358253967384 -0.7695256968316988
-0.62949443947574146 0.63646771292801541 0.34983679483594021 -0.2761518025438422
-0.76109461226360819 -0.14818623579843843 -0.62949443947574113 -0.050125655829252047
-0.68659336875726762 0.43005320616114695 -0.56787513779419774 0.14547031904921409
0.1205455441973925 -0.082932328074432293 0.28934683484129975 0.9459753748917703
0.5448835825396745 -0.24901770196911494 -0.09970212448377197 0.79445047168352134
-0.099702124483773358 -0.22840264712364541 0.76109461226360819 -0.59885449680505376
-0.54488358253967417 0.76952569683169925 0.28934683484129858 0.16495603220777855
0.34983679483593966 0.27615180254384364 0.62949443947574169 0.63646771292801496
0.43005320616114795 0.40109179235209486 0.31648093541602834 0.74432481585426791
0.43005320616114795 0.17451645846277197 0.050125655829251686 0.88435607321022514
-0.22657533388932288 -0.91499601588091328 -0.1481862357984374 0.29914335779836554
0.43005320616114795 0.31998677751198606 -0.28550157640517143 0.79445047168351957
0.14547031904921412 -0.94597537489177008 -0.1481862357984374 0.24901770196911377
-0.22657533388932294 -0.24517244353298667 -0.9356110707263815 -0.11483037637852669
0.43005320616114795 0.63646771292801474 -0.22657533388932277 0.59885449680505387
0.31648093541602862 -0.76952569683169925 -0.1481862357984374 0.53451927837428559
-0.22657533388932288 0.59885449680505431 -0.43005320616114784 -0.63646771292801496
0.84402694033804093 0.4953071138851538 -0.05012565582925177 0.1994412333145939
-0.45066826100661705 0.34712087808671538 -0.3498367948359391 -0.74432481585426757
0.68659336875726651 0.7194000410024477 -0.099702124483772914 -0.033355859419911649
-0.45066826100661705 0.22657533388932233 0.54488358253967351 -0.669823572347926
-0.12054554419739304 0.93561107072638172 -0.099702124483772914 0.31648093541602773
0.68659336875726651 0.43005320616114801 0.56787513779419785 0.1454703190492137
0.41968890199576003 -0.20165055903750206 0.033355859419911288 0.88435607321022458
-0.40109179235209547 -0.91499601588091317 -0.04032913287218419 -0.016769796409340565
-0.59500923836892561 -0.049576468654521449 -0.74432481585426824 0.2991433577983667
0.41968890199576014 0.14547031904921368 -0.59500923836892539 0.669823572347926
0.34712087808671555 -0.93561107072638172 -0.040329132872184127 -0.050125655829251825
-0.59500923836892561 0.66982357234792667 -0.41968890199576003 -0.14547031904921356
0.71940004100244803 0.28550157640517088 -0.61562429321439449 0.14818623579843779
-0.59613858005583054 -0.61562429321439383 0.17451645846277281 -0.48494280971976506
-0.59613858005583054 -0.59885449680505332 -0.20165055903750184 -0.49530711388515347
0.016769796409340565 0.63646771292801563 -0.0495764686545212 -0.76952569683169858
-0.59613858005583054 -0.28934683484129858 -0.29914335779836615 -0.68659336875726662
0.30950766196375468 0.76109461226360897 -0.0495764686545212 -0.56787513779419663
0.016769796409340565 0.1205455441973937 0.88435607321022536 -0.45066826100661644
-0.59613858005583054 -0.11483037637852583 0.016769796409340509 -0.79445047168351923
-0.9149960158809135 0.082932328074432293 0.20165055903750184 -0.33947249067055102
-0.20165055903750195 0.93561107072638172 -0.049576468654521109 -0.28550157640517088
-0.51592216873062202 0.14547031904921368 -0.016769796409340676 0.84402694033804115
-0.17451645846277303 -0.43005320616114839 -0.88435607321022613 -0.050125655829252019
0.016769796409340398 -0.8440269403380406 -0.51592216873062191 0.14547031904921365
-0.30950766196375495 0.66982357234792722 -0.59613858005583109 -0.31648093541602806
0.33947249067055152 -0.31648093541602795 -0.26873177999583053 -0.84402694033804104
-0.24517244353298651 -0.22657533388932283 -0.11483037637852636 -0.93561107072638294
-0.11483037637852467 -0.59500923836892594 0.33947249067055107 0.71940004100244692
-0.7944504716835199 -0.41968890199576037 -0.26873177999582976 -0.34712087808671521
-0.11483037637852467 -0.34983679483593938 -0.73616983741178732 0.56787513779419707
0.24517244353298651 -0.62949443947574246 -0.26873177999582976 -0.68659336875726662
-0.7944504716835199 -0.09970212448377333 -0.24901770196911549 -0.54488358253967351
0.040329132872183392 -0.59885449680505398 -0.59500923836892594 -0.53451927837428548
0.040329132872183392 0.016769796409341176 -0.40109179235209602 -0.91499601588091228
0.61562429321439505 0.59613858005583076 0.48494280971976389 -0.17451645846277319
0.040329132872183426 0.050125655829252852 0.34712087808671555 -0.93561107072638106
0.033355859419911676 0.84402694033804093 0.48494280971976389 0.22657533388932322
0.61562429321439494 -0.14818623579843704 0.71940004100244737 0.28550157640517027
0.040329132872183406 -0.54488358253967339 0.61562429321439471 -0.56787513779419707
-0.59500923836892639 0.62949443947574246 0.48494280971976389 -0.12054554419739272
0.61562429321439494 -0.56787513779419752 -0.040329132872183669 0.54488358253967351
-0.41968890199576048 -0.76109461226360831 0.40109179235209635 -0.28934683484129919
0.05012565582925238 -0.62949443947574246 -0.14818623579843715 0.76109461226360797
0.66982357234792655 -0.54488358253967384 0.22657533388932316 -0.45066826100661761
-0.3164809354160284 0.099702124483773386 0.93561107072638239 -0.12054554419739277
-0.22657533388932316 0.45066826100661717 0.66982357234792633 -0.54488358253967351
-0.14547031904921343 -0.56787513779419796 0.4300532061611485 0.68659336875726729
0.26873177999582898 0.34712087808671505 -0.79445047168352034 -0.41968890199575926
0.26873177999582898 0.68659336875726718 0.24517244353298567 -0.62949443947574169
0.33947249067055213 0.45066826100661717 0.31998677751198595 0.76109461226360819
0.26873177999582898 -0.049576468654520374 0.94597537489176975 -0.1745164584627738
-0.73616983741178754 0.29914335779836776 0.31998677751198595 0.51592216873062213
0.33947249067055218 0.20165055903750251 0.082932328074433043 0.91499601588091239
0.099702124483773608 0.91499601588091206 -0.34983679483593988 0.17451645846277386
0.68659336875726718 -0.29914335779836776 -0.28934683484129864 0.59613858005582987
-0.34983679483594032 0.17451645846277392 -0.099702124483773386 -0.91499601588091251
0.45066826100661728 0.88435607321022547 0.12054554419739225 -0.016769796409340343
-0.1994412333145944 0.68659336875726684 0.53451927837428559 0.4506682610066175
0.27615180254384347 0.34983679483594016 0.63646771292801541 0.62949443947574324
0.61562429321439427 0.56787513779419718 -0.040329132872185196 -0.54488358253967284
0.48494280971976522 0.12054554419739198 0.5950092383689255 0.62949443947574146
-0.040329132872185446 -0.54488358253967295 -0.61562429321439438 -0.56787513779419763
0.40109179235209624 0.28934683484130042 0.41968890199575898 -0.76109461226360808
-0.79445047168351957 0.016769796409339399 0.11483037637852606 0.5961385800558292
-0.26873177999583064 -0.04957646865451986 -0.94597537489176919 -0.17451645846277375
0.11483037637852625 0.59613858005582931 0.79445047168352012 -0.016769796409339177
-0.3394724906705523 0.20165055903750079 -0.082932328074432349 0.91499601588091284
0.08293232807443246 -0.12054554419739205 -0.94597537489176919 -0.28934683484130003
0.11483037637852625 -0.34983679483594032 0.73616983741178643 0.56787513779419752
-0.16495603220777927 0.28934683484130053 0.76952569683169825 0.54488358253967251
-0.64626423588508053 -0.12054554419739164 -0.49530711388515414 0.56787513779419796
0.22657533388932294 0.45066826100661533 -0.669823572347927 -0.54488358253967251
0.93561107072638128 0.12054554419739164 0.31648093541602829 0.099702124483771304
0.43005320616114584 -0.68659336875726695 0.14547031904921351 -0.56787513779419785
-0.61562429321439427 -0.56787513779419763 0.040329132872185487 0.54488358253967262
-0.48494280971976561 -0.12054554419739169 -0.59500923836892528 -0.62949443947574157
0.040329132872185793 0.54488358253967273 0.61562429321439449 0.56787513779419774
-0.40109179235209652 -0.28934683484130075 -0.41968890199575865 0.76109461226360797
-0.16495603220777832 -0.3095076619637549 0.19944123331459568 0.91499601588091151
-0.59885449680505531 -0.59613858005582865 -0.49530711388515336 -0.20165055903750101
-0.64626423588508075 0.51592216873062302 -0.53451927837428503 0.17451645846277475
0.3498367948359401 0.17451645846277453 0.099702124483771831 -0.9149960158809114
0.28934683484130019 0.59613858005582865 0.68659336875726673 0.29914335779836754
0.099702124483771554 -0.91499601588091173 -0.34983679483594049 -0.17451645846277475
-0.12054554419739145 -0.0167697964093389 0.45066826100661611 -0.88435607321022558
-0.45066826100661606 0.5345192783742847 0.68659336875726684 0.19944123331459573
0.099702124483771748 -0.22840264712364453 -0.76109461226360742 -0.59885449680505531
0.2284026471236435 0.669823572347927 0.64626423588508131 0.28550157640517043
-0.27615180254384203 -0.14547031904921262 -0.16495603220777993 0.93561107072638117
-0.31998677751198529 0.43005320616114595 -0.79445047168352056 -0.28550157640517038
0.94597537489176964 0.14547031904921262 -0.24901770196911294 -0.14818623579843926
0.24517244353298429 -0.22657533388932372 0.11483037637852656 -0.93561107072638117
-0.20165055903750201 -0.93561107072638083 -0.049576468654518813 0.28550157640517049
-0.51592216873062335 -0.14547031904921259 -0.016769796409340787 -0.84402694033803938
-0.049576468654518598 0.2855015764051706 0.20165055903750206 0.93561107072638117
-0.30950766196375495 -0.66982357234792755 -0.59613858005582876 0.31648093541602862
0.71940004100244559 0.33947249067055341 0.59500923836892505 0.11483037637852561
-0.34712087808671377 -0.26873177999583003 0.41968890199575803 0.79445047168352101
0.71940004100244559 -0.27615180254384231 0.40109179235209774 0.49530711388515292
-0.61562429321439571 -0.63646771292801363 0.41968890199575803 0.19944123331459535
-0.34712087808671377 -0.22840264712364428 -0.48494280971976533 0.76952569683169969
-0.31998677751198595 0.76952569683169925 0.24517244353298429 -0.49530711388515286
0.33947249067055318 0.63646771292801363 -0.24901770196911394 0.64626423588508197
0.08293232807443196 -0.27615180254384253 0.79445047168352123 0.53451927837428415
0.2451724435329839 -0.49530711388515325 0.31998677751198612 -0.76952569683169969
-0.26873177999583026 0.59885449680505576 0.73616983741178621 -0.16495603220777919
-0.9459753748917703 -0.22840264712364447 -0.11483037637852614 0.19944123331459557
-0.22840264712364453 0.099702124483772275 -0.5988544968050552 -0.76109461226360664
0.76952569683169936 0.54488358253967217 0.16495603220777888 -0.2893468348412998
0.27615180254384175 -0.34983679483594071 0.63646771292801396 -0.62949443947574213
-0.050125655829253019 -0.62949443947574191 0.14818623579843865 0.76109461226360686
-0.669823572347927 -0.54488358253967228 -0.22657533388932322 -0.45066826100661661
0.14818623579843898 0.7610946122636072 0.050125655829253157 0.62949443947574202
0.14547031904921245 -0.56787513779419807 -0.43005320616114673 0.68659336875726718
0.43005320616114678 -0.63646771292801363 -0.22657533388932322 -0.59885449680505543
0.31648093541602795 0.76952569683170002 -0.14818623579843881 -0.53451927837428415
0.66982357234792766 0.22840264712364447 0.28550157640517032 0.64626423588508253
0.14818623579843906 0.53451927837428381 0.31648093541602779 0.76952569683169969
0.84402694033804049 -0.49530711388515364 -0.050125655829253074 -0.19944123331459557
0.31648093541602806 0.33947249067055291 0.84402694033804027 -0.26873177999582987
0.2265753338893236 -0.24517244353298495 0.93561107072638272 -0.11483037637852613
0.4506682610066165 -0.34712087808671593 0.34983679483593982 0.74432481585426657
-0.68659336875726695 -0.71940004100244659 0.09970212448377308 0.033355859419911371
0.45066826100661644 -0.22657533388932349 -0.54488358253967339 0.66982357234792567
0.12054554419739241 -0.93561107072638106 0.09970212448377308 -0.31648093541602873
-0.68659336875726695 -0.43005320616114762 -0.56787513779419674 -0.1454703190492134
0.4506682610066165 0.53451927837428481 -0.68659336875726662 0.19944123331459385
0.76109461226360819 -0.5988544968050542 0.09970212448377308 0.22840264712364514
-0.68659336875726695 0.19944123331459418 -0.4506682610066165 -0.53451927837428481
0.6294944394757418 0.63646771292801485 -0.34983679483594021 -0.27615180254384319
0.94597537489176919 0.17451645846277269 -0.26873177999583053 -0.04957646865451968
0.31998677751198634 -0.5159221687306228 0.73616983741178699 0.29914335779836587
0.082932328074431294 -0.91499601588091251 -0.33947249067055185 0.20165055903750129
0.94597537489176919 0.28934683484129942 0.082932328074431266 -0.12054554419739216
0.79445047168352056 -0.099702124483771581 0.24901770196911377 -0.54488358253967384
-0.26873177999582898 0.049576468654519486 -0.94597537489176964 0.17451645846277253
0.73616983741178732 -0.29914335779836659 -0.31998677751198518 -0.5159221687306228
-0.33947249067055213 -0.20165055903750262 -0.082932328074431627 -0.91499601588091184
-0.099702124483772969 -0.9149960158809114 0.34983679483594049 -0.17451645846277269
-0.68659336875726762 0.29914335779836665 0.28934683484129836 -0.59613858005582898
0.34983679483594099 -0.17451645846277286 0.099702124483772719 0.91499601588091184
-0.45066826100661611 -0.88435607321022569 -0.12054554419739182 0.016769796409341065
0.63646771292801285 0.6156242932143956 -0.19944123331459401 -0.41968890199575881
0.59885449680505487 -0.040329132872184308 0.53451927837428381 0.59500923836892616
0.63646771292801285 0.33947249067055185 0.64626423588508275 -0.24901770196911394
-0.27615180254384386 0.082932328074432571 0.53451927837428381 0.79445047168352034
0.59885449680505498 -0.26873177999582915 -0.16495603220777827 0.73616983741178688
-0.48494280971976356 0.12054554419739084 -0.59500923836892627 0.62949443947574146
0.34712087808671532 -0.45066826100661705 -0.74432481585426635 -0.34983679483594127
-0.40109179235209746 0.28934683484129836 -0.41968890199575881 -0.76109461226360764
-0.48494280971976361 0.73616983741178688 -0.40109179235209708 0.24901770196911382
0.61562429321439605 -0.082932328074432571 -0.74432481585426635 0.24517244353298578
-0.40109179235209746 0.24901770196911399 0.48494280971976406 -0.73616983741178688
-0.040329132872184537 0.9459753748917703 -0.033355859419912731 0.31998677751198562
0.1205455441973914 0.082932328074432571 0.28934683484129842 -0.94597537489176986
-0.56787513779419685 0.73616983741178754 -0.34983679483594116 -0.11483037637852506
0.68659336875726817 0.26873177999582942 -0.62949443947574191 0.24517244353298578
0.34983679483594116 0.11483037637852511 -0.56787513779419652 0.73616983741178688
0.54488358253967317 0.24901770196911421 -0.099702124483773163 -0.79445047168352112
-0.53451927837428348 -0.79445047168352034 -0.27615180254384264 0.082932328074432349
-0.19944123331459512 0.11483037637852547 -0.22840264712364439 -0.94597537489176964
-0.53451927837428348 -0.14818623579843804 -0.76952569683169958 -0.31648093541602751
0.64626423588508231 0.28550157640516971 -0.22840264712364439 -0.66982357234792655
-0.19944123331459518 -0.050125655829253352 0.49530711388515269 -0.84402694033804004
0.26873177999582903 -0.84402694033803982 0.33947249067055235 0.31648093541602751
-0.79445047168352056 -0.28550157640516971 0.31998677751198551 -0.43005320616114728
0.3394724906705528 0.31648093541602762 -0.26873177999582931 0.84402694033804004
0.11483037637852536 -0.93561107072638183 -0.24517244353298501 0.22657533388932338
-0.016769796409340565 -0.79445047168352056 -0.59613858005582954 0.11483037637852506
-0.20165055903750273 -0.33947249067055252 -0.91499601588091317 -0.082932328074432543
-0.93561107072638083 0.34712087808671471 -0.050125655829251492 -0.040329132872184377
0.22657533388932194 0.484942809719765 -0.84402694033804027 -0.033355859419911593
0.28550157640517049 0.71940004100244748 0.14818623579843809 -0.6156242932143936
-0.93561107072638083 0.20165055903750101 0.28550157640517032 0.049576468654520846
-0.14547031904921362 0.5159221687306218 -0.84402694033804027 0.016769796409339954
0.28550157640517049 0.049576468654520651 0.93561107072638139 -0.20165055903750112
-0.66982357234792689 0.30950766196375434 0.31648093541602751 0.59613858005583031
-0.31648093541602729 0.33947249067055146 -0.84402694033804027 -0.26873177999583064
0.28550157640517049 -0.7944504716835199 0.43005320616114717 0.3199867775119869
-0.63646771292801496 -0.61562429321439327 0.19944123331459462 0.41968890199575887
-0.59885449680505409 0.040329132872185487 -0.53451927837428626 -0.5950092383689245
0.88435607321022458 0.033355859419912037 0.2016505590375009 -0.41968890199575892
-0.016769796409339677 -0.040329132872185487 0.91499601588091251 0.40109179235209558
0.29914335779836621 -0.74432481585426857 0.049576468654520124 0.5950092383689245
0.88435607321022447 -0.2761518025438422 0.29914335779836609 -0.228402647123646
-0.30950766196375418 -0.16495603220777832 0.91499601588091228 0.19944123331459435
0.29914335779836621 -0.22840264712364594 -0.88435607321022514 0.27615180254384208
0.51592216873062258 -0.64626423588508108 0.17451645846277342 -0.53451927837428626
-0.17451645846277325 -0.34983679483593932 0.91499601588091239 -0.09970212448377197
0.29914335779836621 0.68659336875726673 -0.59613858005582943 -0.28934683484129992
0.49530711388515369 0.20165055903750106 -0.59885449680505398 -0.59613858005582898
0.76952569683169825 0.049576468654519694 0.63646771292801529 0.016769796409339732
-0.68659336875726673 -0.29914335779836637 0.28934683484129964 0.59613858005582898
-0.56787513779419718 -0.049576468654519694 -0.76109461226360819 -0.30950766196375429
-0.4506682610066155 0.88435607321022536 -0.1205455441973924 -0.016769796409339677
-0.68659336875726651 -0.1994412333145944 -0.45066826100661544 0.53451927837428503
-0.34983679483594021 0.2761518025438422 -0.62949443947574146 0.63646771292801541
-0.45066826100661656 -0.53451927837428492 0.68659336875726629 -0.19944123331459335
-0.76109461226360819 0.59885449680505376 -0.099702124483773358 -0.22840264712364541
0.68659336875726684 -0.19944123331459379 0.45066826100661661 0.53451927837428515
-0.62949443947574169 -0.63646771292801496 0.34983679483593966 0.27615180254384364
0.84402694033804004 0.033355859419910511 0.22657533388932272 0.4849428097197645
-0.31648093541602834 -0.74432481585426791 0.43005320616114795 0.40109179235209486
0.84402694033804004 -0.016769796409341065 -0.1454703190492142 0.51592216873062124
-0.050125655829251686 -0.88435607321022514 0.43005320616114795 0.17451645846277197
-0.31648093541602834 -0.59613858005583042 -0.66982357234792589 0.30950766196375418
0.84402694033804004 0.2687317799958302 -0.31648093541602829 0.33947249067055069
0.9356110707263815 0.11483037637852669 -0.22657533388932294 -0.24517244353298667
-0.62949443947574202 0.59500923836892528 0.12054554419739291 -0.48494280971976383
0.3498367948359391 0.74432481585426757 -0.45066826100661705 0.34712087808671538
0.76109461226360753 0.41968890199576026 0.28934683484129942 -0.40109179235209569
-0.62949443947574202 0.050125655829251825 0.76109461226360708 -0.14818623579843726
-0.54488358253967351 0.669823572347926 -0.45066826100661705 0.22657533388932233
0.76109461226360753 -0.14818623579843765 0.62949443947574235 -0.050125655829251908
-0.56787513779419785 -0.1454703190492137 0.68659336875726651 0.43005320616114801
0.71940004100244703 -0.30950766196375479 -0.34712087808671532 0.5159221687306208
-0.033355859419911288 -0.88435607321022458 0.41968890199576003 -0.20165055903750206
-0.34712087808671521 0.51592216873062124 -0.71940004100244748 0.3095076619637549
0.74432481585426824 -0.2991433577983667 -0.59500923836892561 -0.049576468654521449
0.59500923836892539 -0.669823572347926 0.41968890199576014 0.14547031904921368
-0.34712087808671521 0.93561107072638128 0.040329132872184377 0.050125655829252019
-0.91499601588091228 -0.40109179235209491 -0.01676979640934062 -0.040329132872184564
-0.17451645846277281 0.48494280971976506 -0.59613858005583054 -0.61562429321439383
-0.91499601588091228 -0.19944123331459318 -0.30950766196375451 -0.16495603220777777
0.20165055903750184 0.49530711388515347 -0.59613858005583054 -0.59885449680505332
-0.17451645846277286 0.53451927837428626 0.51592216873062158 -0.64626423588508164
-0.91499601588091228 0.099702124483772914 -0.17451645846277275 -0.34983679483593866
-0.88435607321022536 0.45066826100661644 0.016769796409340565 0.1205455441973937
0.049576468654521109 0.28550157640517088 -0.20165055903750195 0.93561107072638172
0.59613858005583109 0.31648093541602806 -0.30950766196375495 0.66982357234792722
0.082932328074433626 -0.61562429321439471 -0.24517244353298628 0.74432481585426657
-0.33947249067055107 -0.71940004100244692 -0.11483037637852467 -0.59500923836892594
-0.94597537489176942 0.040329132872183468 -0.31998677751198679 0.03335585941991237
0.082932328074433626 0.12054554419739265 -0.94597537489176897 0.28934683484129853
0.73616983741178732 -0.56787513779419707 -0.11483037637852467 -0.34983679483593938
-0.94597537489176942 0.28934683484129886 -0.082932328074433542 -0.1205455441973924
0.24901770196911549 0.54488358253967351 -0.7944504716835199 -0.09970212448377333
-0.41968890199576014 -0.19944123331459307 -0.61562429321439449 -0.63646771292801363
0.59500923836892594 0.53451927837428548 0.040329132872183392 -0.59885449680505398
-0.41968890199576009 0.20165055903750301 -0.033355859419911621 -0.88435607321022369
0.40109179235209602 0.91499601588091228 0.040329132872183392 0.016769796409341176
0.59500923836892583 0.049576468654521533 0.74432481585426702 -0.29914335779836732
-0.41968890199576009 -0.14547031904921265 0.59500923836892572 -0.66982357234792533
-0.71940004100244737 -0.28550157640517027 0.61562429321439494 -0.14818623579843704
-0.61562429321439471 0.56787513779419707 0.040329132872183406 -0.54488358253967339
0.59500923836892594 -0.62949443947574213 -0.48494280971976383 0.12054554419739243
0.14818623579843715 -0.76109461226360797 0.05012565582925238 -0.62949443947574246
-0.4300532061611485 -0.68659336875726729 -0.14547031904921343 -0.56787513779419796
0.11483037637852463 0.59500923836892627 -0.33947249067055174 -0.7194000410024457
0.79445047168352034 0.41968890199575926 0.26873177999582898 0.34712087808671505
0.1148303763785246 0.34983679483594049 0.73616983741178688 -0.56787513779419652
-0.24517244353298567 0.62949443947574169 0.26873177999582898 0.68659336875726718
0.79445047168352034 0.099702124483773275 0.2490177019691146 0.54488358253967273
0.11483037637852458 -0.59613858005582931 0.79445047168351968 0.016769796409340343
-0.94597537489176975 0.1745164584627738 0.26873177999582898 -0.049576468654520374
0.79445047168352034 0.016769796409340287 -0.1148303763785247 0.5961385800558292
-0.082932328074433043 -0.91499601588091239 0.33947249067055218 0.20165055903750251
-0.11483037637852606 -0.5961385800558292 -0.79445047168351957 0.016769796409339399
0.26873177999583076 0.049576468654519638 0.94597537489176886 0.17451645846277386
0.22840264712364458 -0.099702124483771082 0.59885449680505454 0.76109461226360697
-0.76952569683169825 -0.54488358253967251 -0.16495603220777927 0.28934683484130053
-0.27615180254384097 0.34983679483594032 -0.63646771292801474 0.62949443947574113
0.050125655829252269 0.62949443947574091 -0.14818623579843918 -0.76109461226360697
0.669823572347927 0.54488358253967251 0.22657533388932294 0.45066826100661533
-0.14818623579843959 -0.76109461226360731 -0.050125655829252325 -0.62949443947574124
-0.14547031904921351 0.56787513779419785 0.43005320616114584 -0.68659336875726695
0.22840264712364527 -0.29914335779836732 -0.2761518025438412 0.88435607321022425
-0.19944123331459568 -0.91499601588091151 -0.16495603220777832 -0.3095076619637549
-0.27615180254384103 0.88435607321022491 -0.22840264712364508 0.29914335779836748
0.53451927837428503 -0.17451645846277475 -0.64626423588508075 0.51592216873062302
-0.099702124483771831 0.9149960158809114 0.3498367948359401 0.17451645846277453
-0.28934683484130025 -0.5961385800558282 -0.68659336875726651 -0.29914335779836743
0.53451927837428315 0.14818623579843912 0.76952569683169869 0.31648093541602818
-0.64626423588508131 -0.28550157640517043 0.2284026471236435 0.669823572347927
0.19944123331459535 0.050125655829253296 -0.49530711388515364 0.84402694033803871
-0.2687317799958297 0.84402694033803849 -0.33947249067055268 -0.31648093541602812
0.79445047168352056 0.28550157640517038 -0.31998677751198529 0.43005320616114595
-0.33947249067055324 -0.31648093541602818 0.26873177999582987 -0.84402694033803893
-0.11483037637852656 0.93561107072638117 0.24517244353298429 -0.22657533388932372
0.7443248158542668 -0.24517244353298351 0.61562429321439505 -0.082932328074432488
-0.59500923836892505 -0.11483037637852561 0.71940004100244559 0.33947249067055341
0.033355859419914036 -0.3199867775119864 -0.040329132872185751 0.94597537489176897
0.74432481585426646 -0.64626423588508142 0.033355859419913869 0.16495603220777877
-0.40109179235209774 -0.49530711388515292 0.71940004100244559 -0.27615180254384231
0.033355859419914119 0.16495603220777905 -0.74432481585426702 0.64626423588508153
0.48494280971976533 -0.76952569683169969 -0.34712087808671377 -0.22840264712364428
-0.24517244353298429 0.49530711388515286 -0.31998677751198595 0.76952569683169925
0.24901770196911394 -0.64626423588508197 0.33947249067055318 0.63646771292801363
-0.79445047168352123 -0.53451927837428415 0.08293232807443196 -0.27615180254384253
-0.33947249067055335 -0.63646771292801341 0.24901770196911388 -0.64626423588508131
-0.73616983741178621 0.16495603220777919 -0.26873177999583026 0.59885449680505576
-0.53451927837428392 0.45066826100661611 -0.19944123331459546 -0.68659336875726595
0.5988544968050552 0.76109461226360664 -0.22840264712364453 0.099702124483772275
-0.19944123331459573 -0.68659336875726651 0.53451927837428392 -0.45066826100661628
-0.63646771292801396 0.62949443947574213 0.27615180254384175 -0.34983679483594071
0.22657533388932322 0.59885449680505543 0.43005320616114678 -0.63646771292801363
0.050125655829253074 0.19944123331459557 0.84402694033804049 -0.49530711388515364
0.62949443947574102 -0.59500923836892594 -0.12054554419739238 0.48494280971976356
-0.34983679483593982 -0.74432481585426657 0.4506682610066165 -0.34712087808671593
-0.76109461226360775 -0.41968890199575914 -0.28934683484129864 0.40109179235209591
0.62949443947574102 -0.050125655829252602 -0.76109461226360753 0.1481862357984372
0.54488358253967339 -0.66982357234792567 0.45066826100661644 -0.22657533388932349
-0.76109461226360775 0.14818623579843759 -0.62949443947574124 0.050125655829252685
0.56787513779419674 0.1454703190492134 -0.68659336875726695 -0.43005320616114762
0.79445047168351923 -0.016769796409340287 -0.11483037637852649 -0.59613858005582898
0.33947249067055185 -0.20165055903750129 0.082932328074431294 -0.91499601588091251
-0.11483037637852546 0.59613858005582854 -0.79445047168351968 -0.016769796409341287
0.94597537489176964 -0.17451645846277253 -0.26873177999582898 0.049576468654519486
-0.79445047168352012 -0.016769796409341176 0.11483037637852564 -0.59613858005582854
0.082932328074431627 0.91499601588091184 -0.33947249067055213 -0.20165055903750262
0.4953071138851517 0.40109179235209735 0.27615180254384353 -0.71940004100244537
0.19944123331459401 0.41968890199575881 0.63646771292801285 0.6156242932143956
0.76952569683169947 -0.48494280971976372 0.22840264712364469 0.34712087808671444
0.49530711388515181 -0.24517244353298545 0.76952569683169925 -0.31998677751198534
-0.64626423588508275 0.24901770196911394 0.63646771292801285 0.33947249067055185
0.76952569683169969 -0.31998677751198545 -0.49530711388515214 0.24517244353298523
0.16495603220777827 -0.73616983741178688 0.59885449680505498 -0.26873177999582915
-0.040329132872184176 0.54488358253967173 -0.61562429321439538 0.56787513779419607
0.41968890199575881 0.76109461226360764 -0.40109179235209746 0.28934683484129836
0.40109179235209708 -0.24901770196911382 -0.48494280971976361 0.73616983741178688
-0.61562429321439582 0.082932328074432488 0.74432481585426613 -0.24517244353298528
-0.28934683484129842 0.94597537489176986 0.1205455441973914 0.082932328074432571
0.099702124483773163 0.79445047168352112 0.54488358253967317 0.24901770196911421
-0.63646771292801263 -0.33947249067055257 -0.64626423588508164 0.24901770196911405
0.27615180254384264 -0.082932328074432349 -0.53451927837428348 -0.79445047168352034
-0.5988544968050552 0.26873177999582953 0.16495603220777863 -0.73616983741178577
-0.63646771292801263 0.43005320616114689 -0.59885449680505487 -0.22657533388932288
0.76952569683169958 0.31648093541602751 -0.53451927837428348 -0.14818623579843804
-0.59885449680505531 -0.22657533388932322 0.63646771292801296 -0.43005320616114684
-0.49530711388515269 0.84402694033804004 -0.19944123331459518 -0.050125655829253352
-0.66982357234792589 0.59500923836892439 0.14547031904921359 0.41968890199575964
0.050125655829251492 0.040329132872184377 -0.93561107072638083 0.34712087808671471
0.14547031904921351 0.41968890199575964 0.66982357234792644 -0.5950092383689245
-0.14818623579843809 0.6156242932143936 0.28550157640517049 0.71940004100244748
-0.28550157640517032 -0.049576468654520846 -0.93561107072638083 0.20165055903750101
0.14547031904921348 -0.51592216873062169 0.84402694033803971 -0.016769796409339899
-0.49530711388515264 -0.40109179235209502 -0.27615180254384186 0.71940004100244659
-0.19944123331459462 -0.41968890199575887 -0.63646771292801496 -0.61562429321439327
-0.76952569683169791 0.48494280971976567 -0.2284026471236465 -0.34712087808671421
0.51592216873062158 -0.34712087808671421 0.30950766196375384 -0.71940004100244648
-0.2016505590375009 0.41968890199575892 0.88435607321022458 0.033355859419912037
0.3095076619637539 -0.71940004100244692 -0.51592216873062213 0.34712087808671421
-0.049576468654520124 -0.5950092383689245 0.29914335779836621 -0.74432481585426857
-0.29914335779836609 0.228402647123646 0.88435607321022447 -0.2761518025438422
0.30950766196375396 0.16495603220777838 -0.91499601588091195 -0.1994412333145944
0.16495603220777846 0.30950766196375407 -0.19944123331459457 -0.91499601588091162
0.59885449680505398 0.59613858005582898 0.49530711388515369 0.20165055903750106
0.64626423588508042 -0.51592216873062247 0.53451927837428548 -0.17451645846277347
-0.34983679483593955 -0.17451645846277342 -0.099702124483771692 0.91499601588091162
0.1205455441973924 0.016769796409339677 -0.4506682610066155 0.88435607321022536
0.93561107072638017 -0.34712087808671588 0.050125655829251631 0.040329132872184294
-0.22657533388932272 -0.4849428097197645 0.84402694033804004 0.033355859419910511
-0.28550157640517138 -0.71940004100244681 -0.14818623579843729 0.61562429321439371
0.93561107072638017 -0.20165055903750162 -0.28550157640517138 -0.049576468654521241
0.66982357234792589 -0.30950766196375418 -0.31648093541602834 -0.59613858005583042
-0.56787513779419707 0.6156242932143936 0.54488358253967306 -0.040329132872183496
-0.12054554419739291 0.48494280971976383 -0.62949443947574202 0.59500923836892528
0.54488358253967317 -0.040329132872183766 0.56787513779419729 -0.61562429321439405
-0.28934683484129942 0.40109179235209569 0.76109461226360753 0.41968890199576026
0.34712087808671532 -0.5159221687306208 0.71940004100244703 -0.30950766196375479
0.033355859419911593 0.88435607321022436 -0.41968890199575964 0.20165055903750179
-0.88435607321022414 -0.033355859419911038 -0.20165055903750156 0.41968890199575937
0.01676979640934062 0.040329132872184564 -0.91499601588091228 -0.40109179235209491
-0.29914335779836604 0.74432481585426769 -0.049576468654521116 -0.59500923836892528
-0.88435607321022403 0.27615180254384331 -0.29914335779836604 0.22840264712364636
-0.51592216873062158 0.64626423588508164 -0.17451645846277286 0.53451927837428626
0.24901770196911532 -0.40109179235209613 -0.73616983741178665 0.484942809719763
0.24517244353298628 -0.74432481585426657 0.082932328074433626 -0.61562429321439471
-0.73616983741178676 0.48494280971976345 -0.24901770196911516 0.40109179235209647
0.31998677751198679 -0.03335585941991237 -0.94597537489176942 0.040329132872183468
0.94597537489176897 -0.28934683484129853 0.082932328074433626 0.12054554419739265
-0.73616983741178688 0.56787513779419696 0.11483037637852475 0.34983679483593955
-0.71940004100244648 0.27615180254384414 -0.40109179235209563 -0.49530711388515136
0.61562429321439449 0.63646771292801363 -0.41968890199576014 -0.19944123331459307
0.34712087808671521 0.2284026471236465 0.48494280971976356 -0.76952569683169902
-0.71940004100244648 0.30950766196375579 0.34712087808671521 -0.51592216873062013
-0.74432481585426702 0.29914335779836732 0.59500923836892583 0.049576468654521533
-0.08293232807443307 0.61562429321439538 0.24517244353298545 -0.7443248158542658
0.33947249067055174 0.7194000410024457 0.11483037637852463 0.59500923836892627
0.94597537489176942 -0.04032913287218403 0.31998677751198568 -0.033355859419912842
-0.08293232807443307 -0.12054554419739141 0.94597537489176875 -0.28934683484129836
-0.2490177019691146 -0.54488358253967273 0.79445047168352034 0.099702124483773275
0.53451927837428437 -0.45066826100661478 0.19944123331459546 0.68659336875726584
-0.59885449680505454 -0.76109461226360697 0.22840264712364458 -0.099702124483771082
0.19944123331459579 0.68659336875726629 -0.53451927837428448 0.45066826100661483
0.63646771292801474 -0.62949443947574113 -0.27615180254384097 0.34983679483594032
0.2761518025438412 -0.88435607321022425 0.22840264712364527 -0.29914335779836732
0.19944123331459579 0.91499601588091084 0.16495603220777852 0.30950766196375473
0.63646771292801307 -0.43005320616114551 0.59885449680505431 0.22657533388932338
-0.76952569683169869 -0.31648093541602818 0.53451927837428315 0.14818623579843912
0.59885449680505476 0.22657533388932355 -0.63646771292801341 0.4300532061611454
0.49530711388515364 -0.84402694033803871 0.19944123331459535 0.050125655829253296
0.48494280971976439 -0.73616983741178466 0.40109179235209741 -0.24901770196911438
0.040329132872185751 -0.94597537489176897 0.033355859419914036 -0.3199867775119864
-0.033355859419913869 -0.16495603220777877 0.74432481585426646 -0.64626423588508142
0.4010917923520978 0.49530711388515269 -0.71940004100244515 0.27615180254384175
0.31998677751198595 -0.76952569683169925 -0.24517244353298429 0.49530711388515286
0.26873177999583026 -0.59885449680505576 -0.73616983741178621 0.16495603220777919
0.56787513779419574 -0.61562429321439427 -0.54488358253967295 0.040329132872183968
0.12054554419739238 -0.48494280971976356 0.62949443947574102 -0.59500923836892594
-0.54488358253967295 0.040329132872184308 -0.56787513779419618 0.61562429321439449
0.28934683484129864 -0.40109179235209591 -0.76109461226360775 -0.41968890199575914
0.16495603220777788 0.033355859419913175 0.64626423588508208 -0.74432481585426546
-0.27615180254384353 0.71940004100244537 0.4953071138851517 0.40109179235209735
0.64626423588508219 -0.74432481585426591 -0.1649560322077781 -0.033355859419913425
-0.22840264712364469 -0.34712087808671444 0.76952569683169947 -0.48494280971976372
-0.76952569683169925 0.31998677751198534 0.49530711388515181 -0.24517244353298545
0.64626423588508219 -0.24901770196911382 -0.63646771292801263 -0.33947249067055207
-0.4953071138851517 0.24517244353298423 -0.7695256968316988 0.31998677751198551
-0.16495603220777863 0.73616983741178577 -0.5988544968050552 0.26873177999582953
-0.14547031904921359 -0.41968890199575964 -0.66982357234792589 0.59500923836892439
-0.050125655829251548 -0.04032913287218455 0.9356110707263805 -0.34712087808671438
-0.1649560322077773 -0.033355859419911926 -0.64626423588507986 0.74432481585426757
0.27615180254384186 -0.71940004100244659 -0.49530711388515264 -0.40109179235209502
-0.6462642358850802 0.7443248158542678 0.16495603220777755 0.033355859419912093
0.2284026471236465 0.34712087808671421 -0.76952569683169791 0.48494280971976567
-0.30950766196375384 0.71940004100244648 0.51592216873062158 -0.34712087808671421
0.20165055903750062 -0.41968890199575842 -0.88435607321022447 -0.033355859419912093
-0.22840264712364544 0.29914335779836604 0.27615180254384175 -0.88435607321022403
-0.53451927837428548 0.17451645846277347 0.64626423588508042 -0.51592216873062247
0.66982357234792489 -0.59500923836892505 -0.14547031904921404 -0.41968890199575931
0.14818623579843729 -0.61562429321439371 -0.28550157640517138 -0.71940004100244681
-0.51592216873062058 0.3471208780867151 -0.30950766196375418 0.71940004100244637
0.049576468654521116 0.59500923836892528 -0.29914335779836604 0.74432481585426769
0.73616983741178665 -0.484942809719763 0.24901770196911532 -0.40109179235209613
-0.24517244353298584 0.74432481585426624 -0.082932328074433487 0.61562429321439449
-0.74432481585426602 0.64626423588508208 -0.033355859419911621 -0.16495603220777649
-0.48494280971976356 0.76952569683169902 0.34712087808671521 0.2284026471236465
-0.24901770196911405 0.4010917923520968 0.73616983741178621 -0.48494280971976295
-0.31998677751198568 0.033355859419912842 0.94597537489176942 -0.04032913287218403
3 449 2 870
3 449 870 706
3 870 706 2
3 449 2 706
3 239 13 1130
3 239 13 1154
3 1154 1130 239
3 13 1154 1130
3 587 987 982
3 987 982 273
3 587 273 987
3 587 273 982
3 430 1134 610
3 430 260 610
3 430 260 1134
3 1134 610 260
3 484 833 610
3 484 260 610
3 484 260 833
3 833 610 260
3 529 32 1179
3 1179 48 32
3 1179 48 529
3 48 32 529
3 682 230 1152
3 230 1152 447
3 682 447 1152
3 682 230 447
3 488 307 556
3 556 307 718
3 718 488 556
3 718 488 307
3 663 488 556
3 559 488 663
3 559 556 663
3 488 559 556
3 1040 559 254
3 241 1040 559
3 254 241 1040
3 254 241 559
3 1171 572 369
3 369 15 572
3 369 15 1171
3 15 1171 572
3 765 329 244
3 765 329 939
3 329 244 939
3 939 244 765
3 329 15 1171
3 15 1171 244
3 329 15 244
3 329 244 1171
3 587 3 987
3 3 1126 987
3 1126 987 587
3 587 3 1126
3 549 449 597
3 549 449 706
3 706 597 449
3 549 706 597
3 610 136 1060
3 1060 430 610
3 430 136 610
3 1060 430 136
3 807 733 291
3 283 807 733
3 291 283 807
3 291 283 733
3 379 272 585
3 585 272 730
3 730 379 272
3 730 379 585
3 422 117 1106
3 422 1118 1106
3 1118 1106 117
3 422 117 1118
3 1171 724 329
3 1171 724 918
3 918 329 1171
3 724 329 918
3 585 442 567
3 585 442 835
3 585 567 835
3 442 835 567
3 567 379 585
3 379 914 585
3 567 379 914
3 914 585 567
3 842 162 738
3 741 162 842
3 741 738 842
3 162 741 738
3 689 1146 1125
3 1146 1125 46
3 689 46 1146
3 689 46 1125
3 402 46 613
3 402 46 1146
3 1146 613 46
3 402 1146 613
3 549 706 692
3 706 692 670
3 670 549 706
3 670 549 692
3 556 321 663
3 556 321 640
3 556 663 640
3 663 640 321
3 821 484 833
3 821 484 946
3 946 833 484
3 821 946 833
3 920 363 982
3 982 67 920
3 363 67 982
3 920 363 67
3 714 706 2
3 533 714 706
3 533 2 706
3 533 2 714
3 637 490 745
3 637 490 948
3 948 745 637
3 490 948 745
3 1015 673 201
3 1015 673 1168
3 1168 201 1015
3 673 201 1168
3 986 745 637
3 637 226 745
3 637 226 986
3 226 986 745
3 767 294 1000
3 812 767 1000
3 1000 294 812
3 812 767 294
3 767 458 1000
3 767 1166 1000
3 1166 1000 458
3 767 458 1166
3 812 692 670
3 812 692 1000
3 1000 670 812
3 692 670 1000
3 953 812 69
3 294 953 812
3 294 69 812
3 294 69 953
3 953 230 447
3 953 230 21
3 230 21 447
3 447 21 953
3 294 21 810
3 294 21 953
3 294 953 810
3 953 810 21
3 397 268 683
3 683 268 1167
3 1167 397 683
3 1167 397 268
3 1139 244 459
3 329 244 1139
3 459 329 244
3 459 329 1139
3 1185 1003 138
3 596 138 1003
3 596 138 1185
3 596 1185 1003
3 458 115 1036
3 115 1036 883
3 458 115 883
3 1036 883 458
3 1036 1000 458
3 692 1036 1000
3 692 458 1036
3 692 458 1000
3 67 1135 920
3 1135 920 32
3 67 32 1135
3 67 32 920
3 655 32 1135
3 48 32 655
3 1135 48 655
3 1135 48 32
3 289 999 766
3 999 766 65
3 289 65 766
3 289 65 999
3 597 242 1182
3 549 242 597
3 1182 549 242
3 1182 549 597
3 242 115 1119
3 242 1119 1036
3 242 115 1036
3 1119 1036 115
3 692 242 1036
3 1036 549 242
3 1036 549 692
3 549 242 692
3 654 247 396
3 654 247 996
3 247 996 396
3 654 396 996
3 614 434 459
3 614 434 743
3 434 743 459
3 614 459 743
3 434 138 459
3 459 138 1139
3 1139 434 138
3 1139 434 459
3 587 286 987
3 587 286 944
3 587 987 944
3 987 944 286
3 978 375 1014
3 1014 968 978
3 968 375 978
3 1014 968 375
3 1014 909 978
3 1014 909 207
3 909 207 978
3 978 207 1014
3 180 1088 507
3 1088 507 65
3 180 65 507
3 180 65 1088
3 766 763 872
3 763 289 872
3 872 289 766
3 766 763 289
3 649 636 164
3 649 636 904
3 636 164 904
3 904 164 649
3 254 149 1186
3 254 149 559
3 1186 559 254
3 149 1186 559
3 474 229 180
3 474 229 525
3 229 180 525
3 525 180 474
3 1100 363 67
3 1100 363 1141
3 1141 67 1100
3 363 67 1141
3 595 137 1184
3 595 137 1141
3 595 1184 1141
3 1184 1141 137
3 940 88 1024
3 940 88 1005
3 88 1024 1005
3 1024 1005 940
3 940 375 1005
3 940 1005 968
3 1005 968 375
3 940 375 968
3 1196 940 26
3 1196 940 968
3 968 26 1196
3 940 26 968
3 399 26 1196
3 399 26 997
3 399 1196 997
3 1196 997 26
3 430 26 997
3 430 26 1134
3 1134 997 26
3 430 1134 997
3 997 136 433
3 430 136 997
3 433 430 136
3 433 430 997
3 1108 749 51
3 524 1108 749
3 524 51 1108
3 524 51 749
3 375 59 1108
3 375 1108 1005
3 1108 1005 59
3 375 59 1005
3 375 1108 1014
3 1108 1014 30
3 375 30 1014
3 375 30 1108
3 1108 247 59
3 1108 247 524
3 524 59 1108
3 247 59 524
3 524 30 1108
3 1108 519 30
3 1108 519 524
3 519 30 524
3 596 1185 1087
3 1185 1087 82
3 596 82 1185
3 596 82 1087
3 672 596 1126
3 1126 596 1087
3 1087 672 596
3 1087 672 1126
3 1087 535 1126
3 1087 535 150
3 535 150 1126
3 1126 150 1087
3 529 82 1179
3 1179 113 82
3 113 82 529
3 1179 113 529
3 239 113 529
3 1154 529 239
3 113 1154 529
3 239 113 1154
3 77 1174 888
3 1174 888 176
3 176 77 1174
3 176 77 888
3 201 176 1174
3 201 176 1004
3 1174 1004 176
3 201 1174 1004
3 1015 588 94
3 1015 588 1168
3 588 94 1168
3 1168 94 1015
3 495 1111 579
3 1111 579 155
3 495 155 1111
3 495 155 579
3 458 456 1166
3 1166 883 458
3 456 1166 883
3 458 456 883
3 1155 5 408
3 5 456 408
3 456 5 1155
3 456 408 1155
3 456 14 1155
3 456 14 1166
3 1166 1155 14
3 456 1166 1155
3 712 283 99
3 712 283 733
3 733 99 712
3 283 99 733
3 272 804 730
3 804 730 718
3 718 272 804
3 718 272 730
3 556 718 640
3 718 640 804
3 804 556 640
3 718 556 804
3 1141 821 191
3 1100 191 1141
3 1141 821 1100
3 821 191 1100
3 26 997 943
3 997 943 417
3 417 26 997
3 417 26 943
3 689 417 943
3 689 417 1146
3 1146 943 417
3 689 1146 943
3 940 26 1024
3 1024 26 943
3 943 940 26
3 943 940 1024
3 1180 597 799
3 799 449 1180
3 1180 597 449
3 597 449 799
3 799 155 1180
3 579 155 799
3 1180 579 155
3 1180 579 799
3 1180 354 799
3 799 686 354
3 686 354 1180
3 799 686 1180
3 910 692 775
3 692 670 775
3 775 670 910
3 910 692 670
3 445 65 999
3 445 65 507
3 445 999 507
3 999 507 65
3 670 69 812
3 670 69 1051
3 1051 812 69
3 670 1051 812
3 670 2 1051
3 670 2 706
3 1051 706 2
3 670 1051 706
3 918 369 205
3 918 369 1171
3 369 205 1171
3 1171 205 918
3 424 409 961
3 424 409 626
3 961 626 424
3 409 961 626
3 961 807 424
3 91 961 807
3 424 91 807
3 424 91 961
3 642 572 651
3 15 651 572
3 642 15 572
3 642 15 651
3 969 162 971
3 969 162 868
3 162 971 868
3 969 868 971
3 34 969 807
3 969 807 283
3 283 34 969
3 283 34 807
3 969 34 971
3 1022 969 971
3 971 34 1022
3 1022 969 34
3 868 283 969
3 868 283 99
3 969 99 868
3 283 99 969
3 741 685 842
3 741 661 842
3 661 741 685
3 842 661 685
3 409 961 842
3 961 842 685
3 685 409 842
3 685 409 961
3 689 1146 981
3 1146 981 200
3 689 200 1146
3 689 200 981
3 1125 149 809
3 809 452 1125
3 452 149 1125
3 809 452 149
3 559 452 149
3 559 452 488
3 488 149 559
3 452 149 488
3 758 1197 1125
3 758 46 1197
3 758 46 1125
3 1197 1125 46
3 809 758 1125
3 1125 595 809
3 758 595 1125
3 809 758 595
3 1141 758 1100
3 1141 758 595
3 758 595 1100
3 1100 595 1141
3 758 103 1197
3 1197 1091 103
3 758 1197 1091
3 758 103 1091
3 990 758 595
3 990 758 1091
3 758 595 1091
3 1091 595 990
3 640 231 321
3 640 231 1116
3 231 1116 321
3 640 321 1116
3 231 184 1033
3 1033 184 508
3 508 231 1033
3 508 231 184
3 684 231 1033
3 684 231 1116
3 231 1116 1033
3 1116 1033 684
3 8 1100 946
3 1100 946 821
3 821 8 1100
3 821 8 946
3 758 1197 1100
3 758 8 1100
3 1197 1100 8
3 758 8 1197
3 639 8 946
3 165 8 639
3 946 165 8
3 946 165 639
3 655 8 1135
3 1135 165 8
3 165 8 655
3 1135 165 655
3 1135 1100 8
3 67 8 1100
3 67 8 1135
3 67 1135 1100
3 152 737 351
3 668 152 351
3 668 152 737
3 668 351 737
3 60 405 351
3 405 351 668
3 668 60 351
3 405 60 668
3 422 232 1118
3 422 232 848
3 422 1118 848
3 1118 848 232
3 646 511 844
3 646 511 74
3 844 74 646
3 511 74 844
3 644 508 68
3 184 644 508
3 184 68 508
3 184 68 644
3 826 644 546
3 383 826 644
3 546 383 644
3 546 383 826
3 367 503 383
3 503 383 826
3 503 367 826
3 826 367 383
3 68 65 582
3 68 65 507
3 68 582 507
3 582 507 65
3 760 582 819
3 760 582 68
3 819 68 760
3 582 68 819
3 546 68 644
3 546 68 582
3 644 582 68
3 546 644 582
3 946 327 639
3 484 327 946
3 639 484 327
3 639 484 946
3 327 484 480
3 484 480 385
3 385 327 484
3 385 327 480
3 1060 484 610
3 610 327 1060
3 484 327 610
3 1060 484 327
3 422 1118 791
3 1118 791 443
3 443 422 791
3 443 422 1118
3 917 449 1170
3 1170 597 449
3 1170 597 917
3 597 449 917
3 449 0 870
3 0 1170 870
3 1170 870 449
3 449 0 1170
3 606 254 634
3 634 254 1040
3 1040 606 634
3 1040 606 254
3 1082 661 80
3 237 1082 661
3 237 80 661
3 237 80 1082
3 237 60 1082
3 237 60 405
3 1082 405 60
3 237 1082 405
3 1082 230 237
3 230 21 237
3 237 21 1082
3 1082 230 21
3 969 42 868
3 42 891 868
3 891 42 969
3 891 868 969
3 910 42 775
3 891 42 910
3 42 891 775
3 891 775 910
3 497 300 813
3 497 300 1109
3 1109 813 300
3 497 1109 813
3 1184 809 81
3 595 1184 809
3 595 81 809
3 595 81 1184
3 149 1186 809
3 1186 809 81
3 149 81 809
3 149 81 1186
3 1176 1024 88
3 380 1176 1024
3 380 88 1176
3 380 88 1024
3 943 380 1024
3 689 380 943
3 1024 689 943
3 1024 689 380
3 809 689 380
3 809 689 1125
3 689 380 1125
3 1125 380 809
3 380 81 1176
3 380 81 809
3 380 1176 809
3 1176 809 81
3 174 31 1176
3 174 31 522
3 1176 522 31
3 174 1176 522
3 174 1176 752
3 1176 752 81
3 174 81 1176
3 174 81 752
3 604 88 255
3 604 88 1024
3 604 255 1024
3 88 1024 255
3 475 280 498
3 991 475 280
3 498 280 991
3 991 475 498
3 991 352 255
3 991 352 498
3 352 255 498
3 498 255 991
3 498 493 352
3 498 493 678
3 493 352 678
3 678 352 498
3 678 90 498
3 678 90 798
3 678 498 798
3 90 798 498
3 909 638 1145
3 728 638 909
3 1145 728 638
3 1145 728 909
3 638 247 789
3 638 247 996
3 247 996 789
3 996 789 638
3 728 207 909
3 728 1078 909
3 1078 909 207
3 728 207 1078
3 1190 813 1004
3 813 300 1004
3 1004 300 1190
3 1190 813 300
3 1004 673 201
3 1004 673 1190
3 1190 201 1004
3 673 201 1190
3 1190 1055 673
3 75 1190 1055
3 673 75 1055
3 673 75 1190
3 487 369 1124
3 487 369 572
3 487 1124 572
3 1124 572 369
3 636 164 1124
3 636 487 1124
3 164 636 487
3 1124 164 487
3 703 201 779
3 673 201 703
3 779 673 703
3 779 673 201
3 673 12 703
3 673 12 1055
3 673 1055 703
3 1055 703 12
3 1163 703 894
3 1163 703 12
3 703 12 894
3 894 12 1163
3 637 974 948
3 974 948 934
3 934 637 948
3 934 637 974
3 1122 762 464
3 74 1122 762
3 464 74 1122
3 464 74 762
3 810 767 294
3 810 767 1067
3 767 294 1067
3 1067 294 810
3 767 1166 1067
3 1166 1067 14
3 767 14 1166
3 767 14 1067
3 1067 985 824
3 824 14 985
3 824 14 1067
3 14 1067 985
3 92 80 1082
3 92 80 1140
3 1140 1082 92
3 80 1140 1082
3 92 1082 810
3 1082 810 21
3 92 21 1082
3 92 21 810
3 1136 1039 468
3 468 268 1039
3 468 268 1136
3 268 1136 1039
3 1085 233 183
3 29 1085 233
3 183 29 233
3 183 29 1085
3 1039 397 268
3 233 1039 397
3 268 233 397
3 268 233 1039
3 468 121 778
3 468 121 1039
3 468 1039 778
3 1039 778 121
3 999 778 121
3 289 999 778
3 289 121 778
3 289 121 999
3 1185 778 121
3 596 1185 778
3 596 121 1185
3 596 121 778
3 548 198 865
3 865 198 975
3 975 548 865
3 975 548 198
3 1069 376 698
3 376 263 698
3 698 263 1069
3 1069 376 263
3 1122 646 263
3 263 74 646
3 263 74 1122
3 74 1122 646
3 385 263 480
3 385 263 646
3 646 480 385
3 263 646 480
3 422 344 1106
3 1106 344 376
3 422 376 1106
3 344 422 376
3 344 480 376
3 480 376 263
3 344 263 480
3 344 263 376
3 344 327 719
3 344 327 480
3 327 719 480
3 719 480 344
3 719 422 344
3 719 422 791
3 422 344 791
3 791 344 719
3 461 458 1000
3 1000 656 461
3 461 458 656
3 458 1000 656
3 1106 656 461
3 461 117 1106
3 461 117 656
3 117 1106 656
3 461 312 656
3 656 248 461
3 312 248 656
3 461 312 248
3 364 329 1139
3 364 329 724
3 1139 724 329
3 364 1139 724
3 364 138 1003
3 1139 1003 138
3 364 1139 1003
3 364 138 1139
3 614 459 837
3 244 837 459
3 614 244 837
3 614 244 459
3 651 15 837
3 837 15 244
3 15 651 244
3 651 244 837
3 635 244 837
3 837 765 635
3 635 244 765
3 244 837 765
3 55 837 834
3 837 834 635
3 635 55 834
3 635 55 837
3 856 837 55
3 651 55 856
3 651 55 837
3 651 856 837
3 544 699 674
3 699 674 377
3 544 377 674
3 544 377 699
3 1007 544 44
3 1007 544 674
3 674 44 1007
3 544 44 674
3 115 86 1119
3 1119 86 1044
3 1044 115 1119
3 1044 115 86
3 927 596 778
3 672 596 927
3 778 672 927
3 778 672 596
3 763 936 927
3 936 927 11
3 763 11 936
3 763 11 927
3 927 289 778
3 778 763 289
3 778 763 927
3 763 289 927
3 579 468 1136
3 579 468 893
3 1136 893 468
3 579 1136 893
3 985 893 468
3 824 985 893
3 824 468 893
3 824 468 985
3 468 893 778
3 893 778 927
3 927 468 778
3 893 468 927
3 1135 266 134
3 1135 266 655
3 655 134 1135
3 266 134 655
3 766 65 979
3 979 65 1088
3 1088 766 979
3 1088 766 65
3 1165 979 13
3 896 13 979
3 896 1165 979
3 896 13 1165
3 766 13 872
3 766 13 979
3 13 979 872
3 979 872 766
3 138 118 1185
3 1185 434 138
3 118 1185 434
3 138 118 434
3 118 82 1185
3 1185 113 118
3 1185 113 82
3 113 82 118
3 896 1165 941
3 1165 941 160
3 896 160 941
3 896 160 1165
3 286 944 743
3 286 160 944
3 944 743 160
3 286 160 743
3 125 1027 354
3 686 354 1027
3 686 125 1027
3 686 125 354
3 257 242 1119
3 1119 998 257
3 242 1119 998
3 257 242 998
3 607 396 654
3 607 396 876
3 876 654 396
3 607 876 654
3 325 192 1178
3 325 192 439
3 325 1178 439
3 1178 439 192
3 192 138 439
3 138 1003 439
3 192 138 1003
3 1003 439 192
3 622 435 527
3 435 167 527
3 622 435 167
3 527 167 622
3 256 51 749
3 256 51 794
3 794 749 51
3 256 794 749
3 611 537 817
3 611 537 426
3 537 426 817
3 817 426 611
3 537 44 544
3 537 44 426
3 537 426 544
3 44 544 426
3 620 320 877
3 877 320 751
3 751 620 320
3 751 620 877
3 996 993 654
3 71 996 993
3 654 71 993
3 654 71 996
3 996 728 638
3 638 71 996
3 638 71 728
3 71 996 728
3 728 726 71
3 728 726 1078
3 1078 71 728
3 726 71 1078
3 845 159 1007
3 785 159 845
3 1007 785 845
3 1007 785 159
3 845 44 1007
3 845 44 877
3 1007 877 44
3 845 1007 877
3 210 180 474
3 210 180 1088
3 1088 474 210
3 180 1088 474
3 1079 474 210
3 193 1079 474
3 210 193 474
3 210 193 1079
3 595 120 990
3 1184 990 120
3 595 120 1184
3 595 1184 990
3 399 213 1196
3 399 213 1099
3 1196 1099 213
3 399 1196 1099
3 1196 925 213
3 968 213 1196
3 1196 925 968
3 925 213 968
3 925 213 982
3 982 213 920
3 213 925 920
3 925 920 982
3 213 1099 920
3 213 32 920
3 1099 920 32
3 213 32 1099
3 64 1133 1014
3 64 30 1133
3 1133 1014 30
3 64 30 1014
3 133 1133 519
3 1133 519 30
3 133 30 1133
3 133 30 519
3 1119 454 257
3 1044 257 1119
3 454 257 1044
3 1119 454 1044
3 454 11 936
3 454 11 1044
3 1044 936 454
3 11 1044 936
3 1091 288 990
3 990 505 288
3 505 288 1091
3 990 505 1091
3 990 790 288
3 288 120 990
3 288 120 790
3 120 990 790
3 909 1145 978
3 1145 978 106
3 909 106 978
3 909 106 1145
3 968 1196 978
3 968 106 1196
3 968 106 978
3 1196 978 106
3 399 1196 1064
3 1196 1064 106
3 399 106 1196
3 399 106 1064
3 752 399 1064
3 752 399 17
3 1064 17 752
3 399 17 1064
3 81 17 752
3 81 17 1184
3 17 1184 752
3 1184 752 81
3 399 17 997
3 997 17 433
3 433 399 997
3 433 399 17
3 17 1184 433
3 137 17 433
3 1184 433 137
3 137 17 1184
3 636 1074 904
3 1074 904 56
3 636 56 1074
3 636 56 904
3 1115 573 693
3 693 471 1115
3 1115 573 471
3 573 471 693
3 928 594 326
3 573 928 594
3 573 326 928
3 573 326 594
3 1080 573 594
3 1080 573 471
3 573 471 594
3 594 471 1080
3 544 44 589
3 803 544 44
3 803 544 589
3 589 44 803
3 620 44 877
3 620 44 803
3 44 877 803
3 877 803 620
3 693 1115 803
3 693 620 1115
3 693 620 803
3 1115 803 620
3 813 1194 1071
3 1194 1071 199
3 813 199 1071
3 813 199 1194
3 813 1194 1004
3 1194 1004 176
3 813 176 1004
3 813 176 1194
3 437 193 525
3 525 193 474
3 474 437 193
3 474 437 525
3 437 418 525
3 437 418 746
3 437 746 525
3 746 525 418
3 437 288 790
3 437 288 746
3 288 790 746
3 790 746 437
3 1138 982 273
3 363 1138 982
3 363 273 982
3 363 273 1138
3 136 1138 433
3 1138 433 137
3 137 136 1138
3 137 136 433
3 363 137 1138
3 137 1141 1138
3 1141 1138 363
3 363 137 1141
3 375 51 1108
3 375 51 780
3 375 1108 780
3 1108 780 51
3 925 780 968
3 375 968 780
3 925 375 968
3 925 375 780
3 794 780 51
3 147 794 780
3 147 51 780
3 147 51 794
3 925 273 982
3 925 273 780
3 273 982 780
3 925 780 982
3 1061 1009 401
3 107 1061 1009
3 401 107 1009
3 401 107 1061
3 94 61 1015
3 94 1085 1015
3 1085 1015 61
3 94 61 1085
3 61 29 408
3 61 29 1085
3 1085 408 61
3 29 1085 408
3 1174 408 61
3 77 61 1174
3 77 1174 408
3 77 61 408
3 495 61 1111
3 1111 1015 61
3 495 1111 1015
3 495 61 1015
3 201 61 1174
3 201 61 1015
3 1174 1015 61
3 201 1174 1015
3 1111 408 61
3 5 1111 408
3 61 5 408
3 61 5 1111
3 155 5 1111
3 155 5 740
3 5 1111 740
3 1111 740 155
3 740 456 5
3 740 456 883
3 456 5 883
3 883 5 740
3 740 115 86
3 740 115 883
3 115 86 883
3 883 86 740
3 468 240 1039
3 468 240 985
3 468 1039 985
3 1039 985 240
3 408 240 29
3 408 240 1155
3 240 29 1155
3 1155 29 408
3 240 29 1039
3 240 233 1039
3 1039 29 233
3 29 240 233
3 1155 985 240
3 14 1155 985
3 240 14 985
3 240 14 1155
3 824 486 985
3 824 486 973
3 824 985 973
3 985 973 486
3 985 516 486
3 486 240 985
3 240 985 516
3 486 240 516
3 516 486 661
3 661 486 741
3 741 516 661
3 741 516 486
3 973 741 162
3 486 973 741
3 486 162 741
3 486 162 973
3 973 486 1046
3 976 973 1046
3 976 973 486
3 1046 486 976
3 486 148 516
3 486 148 976
3 976 516 486
3 148 976 516
3 1069 494 698
3 494 175 698
3 698 175 1069
3 1069 494 175
3 417 76 1146
3 1146 76 402
3 417 402 1146
3 76 417 402
3 433 417 997
3 433 417 76
3 417 76 997
3 997 76 433
3 821 191 833
3 833 191 444
3 191 821 444
3 821 444 833
3 971 162 1025
3 1025 162 973
3 973 971 1025
3 973 971 162
3 971 194 1025
3 971 194 1022
3 1025 1022 971
3 194 1025 1022
3 756 21 916
3 916 230 756
3 916 230 21
3 230 21 756
3 916 115 756
3 916 115 86
3 115 86 756
3 756 86 916
3 217 1030 646
3 844 646 1030
3 844 217 1030
3 844 217 646
3 1069 646 263
3 263 217 646
3 263 217 1069
3 217 1069 646
3 1069 876 175
3 217 1069 876
3 217 175 876
3 217 175 1069
3 1069 548 198
3 217 198 548
3 217 198 1069
3 217 1069 548
3 607 217 1030
3 607 217 876
3 1030 876 607
3 217 1030 876
3 607 261 654
3 654 261 993
3 993 607 261
3 993 607 654
3 261 255 604
3 261 255 991
3 261 991 604
3 991 604 255
3 511 431 844
3 235 844 431
3 511 235 844
3 511 235 431
3 840 117 965
3 840 965 847
3 840 117 847
3 965 847 117
3 870 840 0
3 870 840 847
3 840 0 847
3 847 0 870
3 610 1060 840
3 610 0 1060
3 1060 840 0
3 610 0 840
3 965 610 840
3 965 610 260
3 610 260 840
3 840 260 965
3 622 527 840
3 840 527 965
3 965 622 527
3 965 622 840
3 376 1106 698
3 376 334 1106
3 376 334 698
3 1106 698 334
3 117 1106 965
3 1106 965 334
3 334 117 1106
3 334 117 965
3 369 205 1124
3 1124 205 906
3 906 369 1124
3 906 369 205
3 1190 1124 906
3 906 75 1124
3 906 75 1190
3 75 1190 1124
3 906 636 1124
3 1124 1074 636
3 906 1124 1074
3 906 636 1074
3 1177 630 142
3 78 1177 630
3 142 78 1177
3 142 78 630
3 205 142 918
3 205 142 1177
3 205 1177 918
3 1177 918 142
3 1168 1055 673
3 673 4 1168
3 673 4 1055
3 4 1168 1055
3 441 130 736
3 441 130 900
3 900 736 130
3 441 900 736
3 694 272 774
3 694 272 804
3 804 774 694
3 272 804 774
3 694 1116 804
3 1116 804 640
3 694 640 1116
3 694 640 804
3 841 303 959
3 841 303 994
3 841 994 959
3 994 959 303
3 856 642 171
3 856 642 651
3 651 171 856
3 642 171 651
3 976 681 648
3 1046 648 976
3 976 681 1046
3 681 648 1046
3 1033 648 684
3 681 648 1033
3 684 681 1033
3 684 681 648
3 648 148 976
3 648 148 769
3 976 769 648
3 148 976 769
3 1149 661 685
3 661 80 685
3 685 80 1149
3 1149 661 80
3 685 91 961
3 685 91 1149
3 685 1149 961
3 1149 961 91
3 1110 814 66
3 292 1110 814
3 292 66 1110
3 292 66 814
3 981 66 1090
3 814 66 981
3 1090 814 981
3 1090 814 66
3 981 380 1090
3 1090 689 981
3 1090 689 380
3 689 380 981
3 1176 1090 31
3 380 1176 1090
3 380 31 1090
3 380 31 1176
3 402 1146 403
3 402 200 1146
3 402 200 403
3 1146 403 200
3 632 402 403
3 402 322 403
3 632 402 322
3 403 322 632
3 638 493 789
3 638 493 731
3 789 731 493
3 638 789 731
3 731 728 638
3 731 728 935
3 935 638 731
3 728 638 935
3 575 530 1127
3 1127 374 575
3 530 374 1127
3 575 530 374
3 1173 806 241
3 1173 806 827
3 806 241 827
3 827 241 1173
3 806 559 488
3 488 241 806
3 488 241 559
3 241 806 559
3 574 421 694
3 694 421 1116
3 1116 574 421
3 1116 574 694
3 738 409 842
3 738 409 340
3 409 340 842
3 842 340 738
3 405 1158 668
3 901 668 1158
3 901 405 668
3 901 405 1158
3 901 99 1158
3 901 99 712
3 99 1158 712
3 901 712 1158
3 848 755 641
3 641 232 848
3 641 232 755
3 232 848 755
3 739 410 653
3 739 410 181
3 653 181 739
3 410 181 653
3 181 157 867
3 181 157 739
3 867 739 157
3 181 867 739
3 653 623 410
3 395 653 623
3 410 395 623
3 410 395 653
3 157 152 737
3 157 152 816
3 816 737 152
3 157 816 737
3 762 464 937
3 937 464 902
3 902 762 937
3 902 762 464
3 764 456 937
3 1166 937 764
3 456 1166 937
3 764 456 1166
3 937 703 764
3 937 703 12
3 703 12 764
3 764 12 937
3 456 5 937
3 937 5 902
3 902 456 937
3 902 456 5
3 862 74 762
3 511 74 862
3 762 511 74
3 762 511 862
3 764 762 937
3 764 762 862
3 764 937 862
3 937 862 762
3 535 150 1195
3 578 535 1195
3 1195 150 578
3 578 535 150
3 1010 746 715
3 418 1010 746
3 715 418 746
3 715 418 1010
3 505 288 715
3 746 505 288
3 715 288 746
3 746 505 715
3 826 715 1010
3 826 715 503
3 715 503 1010
3 1010 503 826
3 41 1062 1010
3 418 41 1062
3 418 41 1010
3 1062 1010 418
3 1062 525 418
3 229 1062 525
3 418 229 1062
3 418 229 525
3 681 41 1062
3 681 648 1062
3 41 1062 648
3 681 41 648
3 258 68 508
3 508 507 258
3 68 508 507
3 258 68 507
3 258 681 508
3 681 508 1033
3 681 258 1033
3 1033 258 508
3 681 258 1062
3 681 229 1062
3 681 229 258
3 229 1062 258
3 229 180 258
3 258 180 507
3 507 229 258
3 507 229 180
3 383 184 696
3 383 184 644
3 696 644 184
3 383 696 644
3 696 231 184
3 321 184 696
3 231 184 321
3 696 231 321
3 766 582 1148
3 65 766 582
3 1148 65 582
3 766 65 1148
3 594 326 818
3 818 326 942
3 942 594 326
3 942 594 818
3 942 503 367
3 304 942 503
3 367 304 503
3 367 304 942
3 715 304 503
3 304 786 503
3 715 503 786
3 715 304 786
3 1008 786 829
3 786 304 829
3 829 304 1008
3 1008 786 304
3 1008 942 304
3 326 1008 942
3 326 304 1008
3 326 304 942
3 1084 821 191
3 599 1084 821
3 599 191 821
3 599 191 1084
3 322 83 632
3 322 1084 632
3 1084 632 83
3 322 83 1084
3 714 134 836
3 266 134 714
3 836 266 134
3 836 266 714
3 1170 382 368
3 1170 382 917
3 917 368 1170
3 382 368 917
3 724 329 792
3 939 724 329
3 939 724 792
3 792 329 939
3 939 435 167
3 939 435 792
3 435 167 792
3 792 167 939
3 435 125 354
3 435 354 792
3 435 125 792
3 125 792 354
3 651 317 831
3 651 317 856
3 651 856 831
3 856 831 317
3 831 15 802
3 651 15 831
3 802 651 831
3 802 651 15
3 553 317 657
3 553 317 831
3 831 657 553
3 317 831 657
3 606 103 634
3 606 103 1048
3 1048 634 103
3 606 1048 634
3 505 103 1091
3 103 1091 1048
3 1091 1048 505
3 505 103 1048
3 505 503 1048
3 505 503 715
3 505 1048 715
3 1048 715 503
3 503 367 1048
3 1048 367 606
3 606 503 1048
3 606 503 367
3 674 571 501
3 501 377 674
3 377 674 571
3 501 377 571
3 1007 501 674
3 1007 501 159
3 501 159 674
3 674 159 1007
3 854 219 54
3 854 219 933
3 219 54 933
3 933 54 854
3 237 602 405
3 602 405 1158
3 602 237 1158
3 1158 237 405
3 602 99 868
3 1158 868 602
3 602 99 1158
3 99 1158 868
3 1152 868 602
3 42 1152 868
3 602 42 1152
3 602 42 868
3 602 237 741
3 741 237 661
3 661 602 741
3 661 602 237
3 602 230 1152
3 230 1152 237
3 602 230 237
3 602 237 1152
3 868 741 162
3 602 162 868
3 602 162 741
3 602 868 741
3 1152 1057 682
3 682 42 1152
3 42 1152 1057
3 682 42 1057
3 948 682 1057
3 948 934 1057
3 682 1057 934
3 948 682 934
3 1117 989 60
3 199 1117 989
3 199 60 989
3 199 60 1117
3 490 60 989
3 490 60 351
3 490 351 989
3 60 989 351
3 1082 989 60
3 92 60 989
3 92 60 1082
3 92 1082 989
3 813 264 1194
3 497 264 813
3 1194 497 264
3 1194 497 813
3 1127 497 575
3 1127 497 264
3 575 264 1127
3 497 264 575
3 970 187 203
3 187 284 203
3 284 187 970
3 284 203 970
3 653 395 742
3 246 742 395
3 653 246 395
3 653 246 742
3 70 742 739
3 653 70 739
3 653 70 742
3 742 739 653
3 637 70 742
3 637 70 974
3 637 974 742
3 974 742 70
3 637 745 742
3 637 246 745
3 637 246 742
3 745 742 246
3 332 246 735
3 413 332 735
3 735 246 413
3 413 332 246
3 678 1058 798
3 1058 798 393
3 678 393 798
3 678 393 1058
3 493 731 678
3 731 678 1058
3 731 493 1058
3 1058 493 678
3 1034 657 553
3 222 1034 657
3 553 222 1034
3 553 222 657
3 245 31 1113
3 245 31 522
3 245 1113 522
3 1113 522 31
3 66 1113 1090
3 1113 1090 31
3 66 31 1090
3 66 31 1113
3 174 88 1176
3 174 88 250
3 174 1176 250
3 1176 250 88
3 250 789 352
3 493 352 789
3 493 250 789
3 493 250 352
3 88 59 250
3 1005 250 88
3 59 1005 250
3 88 59 1005
3 255 250 88
3 255 250 352
3 250 88 352
3 352 88 255
3 247 59 789
3 250 247 59
3 250 247 789
3 789 59 250
3 498 298 991
3 498 298 90
3 991 90 498
3 298 90 991
3 993 991 261
3 298 993 991
3 298 261 993
3 298 261 991
3 298 71 993
3 298 71 726
3 298 993 726
3 993 726 71
3 895 298 476
3 298 90 476
3 476 90 895
3 895 298 90
3 298 993 476
3 298 182 476
3 298 182 993
3 993 476 182
3 388 33 127
3 388 33 1078
3 388 127 1078
3 33 1078 127
3 728 1078 935
3 1078 935 388
3 728 388 935
3 728 388 1078
3 132 127 388
3 782 388 127
3 132 782 388
3 132 127 782
3 1078 801 726
3 33 1078 801
3 726 33 801
3 726 33 1078
3 124 33 541
3 541 33 801
3 801 124 541
3 801 124 33
3 801 798 90
3 541 90 801
3 541 90 798
3 541 801 798
3 950 801 541
3 204 950 801
3 541 204 950
3 541 204 801
3 298 90 726
3 726 90 801
3 801 298 90
3 801 298 726
3 1190 957 300
3 75 1190 957
3 300 75 1190
3 300 75 957
3 487 347 572
3 642 487 572
3 642 487 347
3 572 347 642
3 370 894 779
3 894 779 703
3 703 370 779
3 703 370 894
3 370 1156 986
3 1156 986 226
3 370 226 1156
3 370 226 986
3 15 1171 802
3 1171 802 450
3 450 15 1171
3 450 15 802
3 275 169 1183
3 1183 853 275
3 275 169 853
3 169 1183 853
3 169 142 1183
3 169 142 630
3 169 1183 630
3 1183 630 142
3 169 1183 884
3 1183 884 330
3 330 169 884
3 330 169 1183
3 908 637 986
3 908 986 974
3 986 974 637
3 908 637 974
3 908 811 1068
3 1068 36 811
3 908 36 1068
3 36 908 811
3 1026 908 36
3 1026 908 974
3 908 36 974
3 974 36 1026
3 1068 986 908
3 908 105 1068
3 105 1068 986
3 908 105 986
3 894 370 908
3 908 370 986
3 986 894 908
3 986 894 370
3 894 36 908
3 894 36 1163
3 1163 908 36
3 894 1163 908
3 568 540 359
3 123 568 540
3 359 123 568
3 359 123 540
3 387 14 1155
3 387 14 1052
3 14 1155 1052
3 1155 1052 387
3 387 77 1155
3 1155 77 408
3 408 387 77
3 408 387 1155
3 744 77 888
3 888 387 77
3 387 77 744
3 888 387 744
3 387 161 744
3 387 161 1052
3 387 1052 744
3 1052 744 161
3 294 953 561
3 294 18 561
3 953 561 18
3 294 18 953
3 568 561 18
3 123 18 561
3 123 568 561
3 123 18 568
3 201 1174 779
3 1174 779 140
3 201 140 1174
3 201 140 779
3 140 77 627
3 140 77 1174
3 77 1174 627
3 1174 627 140
3 370 140 779
3 370 1156 779
3 370 140 1156
3 1156 779 140
3 140 18 561
3 140 627 561
3 627 561 18
3 140 18 627
3 228 183 1160
3 228 1160 233
3 228 183 233
3 1160 233 183
3 1039 228 121
3 1039 228 233
3 228 121 233
3 233 121 1039
3 118 1185 228
3 121 118 1185
3 121 118 228
3 1185 228 121
3 445 121 999
3 228 121 445
3 999 228 121
3 999 228 445
3 94 1085 921
3 183 94 921
3 183 94 1085
3 1085 921 183
3 881 849 520
3 520 393 849
3 393 881 849
3 520 393 881
3 592 422 344
3 848 344 592
3 422 344 848
3 592 422 848
3 848 547 592
3 641 592 848
3 641 547 848
3 547 641 592
3 1000 570 812
3 1000 570 461
3 570 461 812
3 812 461 1000
3 570 1122 812
3 570 69 1122
3 1122 812 69
3 570 69 812
3 570 464 1122
3 564 464 570
3 1122 564 570
3 1122 564 464
3 461 376 1106
3 376 1106 570
3 1106 570 461
3 461 376 570
3 564 461 570
3 248 564 461
3 564 248 570
3 570 248 461
3 1122 376 570
3 570 263 1122
3 376 263 570
3 1122 376 263
3 243 236 695
3 243 236 404
3 236 695 404
3 695 404 243
3 695 229 236
3 229 180 236
3 695 229 180
3 236 180 695
3 252 55 834
3 1132 834 252
3 55 1132 834
3 252 55 1132
3 192 439 252
3 439 252 563
3 563 192 252
3 439 192 563
3 563 537 725
3 63 563 537
3 725 63 537
3 563 63 725
3 563 252 725
3 725 252 1132
3 1132 563 252
3 1132 563 725
3 537 725 544
3 699 544 725
3 699 537 725
3 699 537 544
3 817 725 537
3 197 817 725
3 537 197 725
3 537 197 817
3 1132 197 725
3 725 499 197
3 499 197 1132
3 725 499 1132
3 270 660 435
3 270 167 435
3 270 167 660
3 660 435 167
3 799 435 354
3 354 270 435
3 354 270 799
3 270 799 435
3 597 1182 799
3 597 270 799
3 597 270 1182
3 1182 799 270
3 270 268 660
3 270 268 1136
3 268 1136 660
3 1136 660 270
3 1136 799 270
3 579 270 799
3 579 270 1136
3 579 1136 799
3 765 167 939
3 939 146 765
3 765 167 146
3 167 146 939
3 1104 765 635
3 146 1104 765
3 635 146 765
3 635 146 1104
3 999 194 445
3 440 194 999
3 445 440 194
3 445 440 999
3 756 194 916
3 916 440 194
3 440 194 756
3 916 440 756
3 86 1089 1044
3 1089 1044 11
3 86 11 1044
3 86 11 1089
3 893 1089 927
3 893 11 927
3 893 11 1089
3 1089 927 11
3 579 155 893
3 893 155 1089
3 1089 579 155
3 1089 579 893
3 155 86 740
3 1089 740 155
3 86 1089 740
3 155 86 1089
3 3 1126 1056
3 1126 1056 535
3 535 3 1126
3 535 3 1056
3 533 266 1056
3 1056 714 533
3 533 266 714
3 266 1056 714
3 266 134 1031
3 1031 134 966
3 966 266 1031
3 966 266 134
3 266 3 1031
3 266 3 1056
3 266 1056 1031
3 1056 1031 3
3 3 1031 987
3 119 3 987
3 1031 987 119
3 119 3 1031
3 966 119 1031
3 1031 325 966
3 1031 325 119
3 325 119 966
3 1027 683 19
3 415 1027 683
3 415 19 1027
3 415 19 683
3 1167 415 683
3 683 534 1167
3 534 415 1167
3 683 534 415
3 686 415 1027
3 415 1027 975
3 686 415 975
3 1027 975 686
3 865 415 975
3 975 534 865
3 975 534 415
3 534 415 865
3 710 125 1041
3 710 125 1027
3 710 1041 1027
3 1041 1027 125
3 710 1041 831
3 1041 831 317
3 710 317 831
3 710 317 1041
3 549 533 489
3 549 533 706
3 533 489 706
3 706 489 549
3 489 242 549
3 489 242 998
3 489 998 549
3 998 549 242
3 998 535 150
3 489 998 535
3 489 150 535
3 489 150 998
3 533 489 1056
3 1056 489 535
3 535 533 1056
3 535 533 489
3 670 1051 910
3 1051 910 10
3 670 10 1051
3 670 10 910
3 723 472 187
3 472 187 560
3 723 472 560
3 560 187 723
3 723 494 560
3 723 494 175
3 560 175 723
3 494 175 560
3 713 604 943
3 1024 713 604
3 1024 713 943
3 943 604 1024
3 261 607 604
3 607 604 713
3 607 261 713
3 713 261 604
3 931 252 963
3 834 252 931
3 963 834 931
3 963 834 252
3 963 563 252
3 473 963 563
3 473 252 963
3 473 252 563
3 439 313 563
3 63 563 313
3 439 63 313
3 439 63 563
3 439 119 313
3 325 119 439
3 119 325 313
3 325 313 439
3 119 987 313
3 987 313 286
3 286 119 987
3 286 119 313
3 313 286 434
3 434 286 743
3 743 313 434
3 743 313 286
3 439 434 138
3 313 138 439
3 313 138 434
3 313 439 434
3 1178 754 84
3 325 1178 754
3 325 84 754
3 325 84 1178
3 382 84 700
3 382 84 1178
3 1178 700 84
3 382 1178 700
3 749 84 754
3 749 84 1096
3 749 1096 754
3 1096 754 84
3 430 84 1134
3 1134 754 84
3 430 1134 754
3 430 84 754
3 1178 905 192
3 382 1178 905
3 382 192 905
3 382 192 1178
3 1104 382 368
3 1104 382 905
3 905 368 1104
3 382 368 905
3 834 635 905
3 905 635 1104
3 1104 834 635
3 1104 834 905
3 834 192 252
3 834 192 905
3 834 252 905
3 192 905 252
3 1005 154 940
3 196 154 1005
3 940 196 154
3 940 196 1005
3 154 1134 940
3 1134 940 26
3 154 26 1134
3 154 26 940
3 1134 700 84
3 154 84 1134
3 154 84 700
3 154 1134 700
3 435 354 527
3 1093 435 527
3 527 354 1093
3 1093 435 354
3 527 1093 965
3 527 334 1093
3 1093 965 334
3 527 334 965
3 749 605 256
3 749 605 1096
3 605 256 1096
3 1096 256 749
3 147 22 794
3 147 22 768
3 147 794 768
3 794 768 22
3 381 82 1087
3 381 1179 1087
3 1179 1087 82
3 381 82 1179
3 1087 587 1126
3 1087 587 381
3 587 381 1126
3 1126 381 1087
3 920 587 982
3 920 587 381
3 587 381 982
3 982 381 920
3 381 32 920
3 1179 920 32
3 381 32 1179
3 381 1179 920
3 529 515 251
3 251 239 515
3 239 529 515
3 251 239 529
3 239 1130 515
3 1130 515 485
3 485 239 515
3 485 239 1130
3 251 147 515
3 794 515 251
3 147 794 515
3 251 147 794
3 44 877 426
3 608 44 426
3 608 426 877
3 608 44 877
3 841 129 994
3 994 608 841
3 994 608 129
3 608 129 841
3 751 608 877
3 608 129 877
3 877 129 751
3 751 608 129
3 841 426 611
3 608 426 841
3 611 608 841
3 611 608 426
3 519 401 1061
3 519 401 324
3 401 324 1061
3 1061 324 519
3 845 523 877
3 845 751 877
3 877 523 751
3 523 845 751
3 963 845 931
3 931 523 963
3 963 845 523
3 845 523 931
3 963 950 523
3 523 473 963
3 473 963 950
3 523 473 950
3 845 1007 931
3 1007 931 101
3 845 101 931
3 845 101 1007
3 674 101 1007
3 481 101 674
3 1007 481 101
3 1007 481 674
3 101 481 476
3 895 101 476
3 481 476 895
3 481 101 895
3 834 101 931
3 834 101 635
3 101 931 635
3 834 635 931
3 931 476 182
3 182 101 476
3 101 931 476
3 182 101 931
3 481 101 765
3 635 481 101
3 635 481 765
3 765 101 635
3 591 545 1009
3 825 591 545
3 825 591 1009
3 1009 545 825
3 545 591 581
3 591 581 1147
3 1147 545 581
3 591 545 1147
3 545 97 825
3 545 97 702
3 825 702 545
3 97 825 702
3 97 930 702
3 930 702 543
3 543 97 702
3 543 97 930
3 393 881 432
3 785 393 432
3 785 393 881
3 785 432 881
3 541 523 950
3 432 541 523
3 541 432 950
3 950 432 523
3 541 432 798
3 541 393 432
3 541 393 798
3 393 798 432
3 845 432 523
3 785 523 845
3 432 785 523
3 785 432 845
3 229 1062 236
3 601 229 236
3 601 229 1062
3 601 236 1062
3 601 303 959
3 601 303 1143
3 1143 959 303
3 601 1143 959
3 1143 1062 41
3 601 1143 1062
3 601 41 1062
3 601 41 1143
3 404 1097 441
3 900 441 1097
3 900 404 1097
3 900 404 441
3 236 601 404
3 601 404 1097
3 1097 236 404
3 601 236 1097
3 303 959 729
3 959 729 485
3 485 303 959
3 485 303 729
3 128 64 1133
3 128 64 790
3 64 1133 790
3 1133 790 128
3 389 128 1079
3 1079 128 193
3 389 193 1079
3 128 389 193
3 1133 389 128
3 133 1133 389
3 133 128 1133
3 133 128 389
3 437 193 790
3 128 790 193
3 437 128 790
3 437 128 193
3 732 147 925
3 925 147 780
3 780 732 925
3 780 732 147
3 147 732 515
3 732 515 485
3 485 147 515
3 485 147 732
3 647 147 732
3 768 732 147
3 647 768 732
3 647 147 768
3 1143 727 899
3 1143 727 303
3 899 303 1143
3 727 303 899
3 727 193 584
3 727 193 1079
3 193 1079 584
3 727 584 1079
3 1079 303 729
3 727 303 1079
3 729 727 303
3 729 727 1079
3 994 633 841
3 633 542 841
3 841 542 994
3 994 633 542
3 171 1094 633
3 1094 633 542
3 542 171 633
3 542 171 1094
3 394 1018 647
3 768 647 1018
3 768 394 647
3 768 394 1018
3 693 394 1018
3 693 394 1115
3 693 1115 1018
3 1115 1018 394
3 928 693 342
3 573 928 693
3 573 342 928
3 573 342 693
3 803 342 589
3 693 589 803
3 693 342 803
3 342 693 589
3 786 885 829
3 786 414 829
3 786 414 885
3 885 829 414
3 746 715 885
3 885 715 786
3 786 746 715
3 786 746 885
3 936 822 761
3 761 454 822
3 761 454 936
3 454 936 822
3 910 822 761
3 10 910 822
3 761 10 822
3 761 10 910
3 288 64 676
3 790 676 64
3 288 790 676
3 288 64 790
3 676 505 871
3 676 505 288
3 505 288 871
3 871 288 676
3 106 978 871
3 676 106 978
3 676 106 871
3 978 871 676
3 978 64 1014
3 676 64 978
3 1014 676 64
3 1014 676 978
3 676 581 1147
3 64 676 581
3 1147 64 581
3 676 64 1147
3 227 106 1064
3 227 106 1145
3 1145 1064 106
3 227 1145 1064
3 1064 174 752
3 227 174 1064
3 752 227 174
3 752 227 1064
3 250 227 174
3 250 227 789
3 789 174 250
3 227 174 789
3 1145 789 638
3 227 1145 789
3 638 227 789
3 638 227 1145
3 615 954 744
3 615 161 954
3 615 161 744
3 954 744 161
3 615 56 904
3 615 56 954
3 615 954 904
3 954 904 56
3 1168 988 588
3 4 1168 988
3 588 4 988
3 588 4 1168
3 287 1123 744
3 1123 744 161
3 287 161 1123
3 287 161 744
3 588 287 1123
3 588 287 988
3 287 1123 988
3 1123 988 588
3 273 136 1138
3 273 136 850
3 1138 850 273
3 136 1138 850
3 850 430 136
3 850 430 754
3 430 136 754
3 754 136 850
3 850 325 119
3 850 325 754
3 754 119 850
3 325 119 754
3 273 850 780
3 850 780 51
3 273 51 850
3 273 51 780
3 273 119 987
3 987 850 273
3 273 119 850
3 119 987 850
3 749 51 754
3 754 51 850
3 850 749 51
3 850 749 754
3 1180 870 449
3 449 28 1180
3 28 1180 870
3 449 28 870
3 1180 740 155
3 28 1180 740
3 155 28 740
3 155 28 1180
3 686 28 1180
3 686 28 975
3 28 1180 975
3 1180 975 686
3 154 1134 1131
3 1134 1131 260
3 260 154 1134
3 260 154 1131
3 494 1131 560
3 1131 560 444
3 494 444 1131
3 494 444 560
3 494 154 1131
3 196 154 494
3 1131 196 494
3 1131 196 154
3 260 1131 833
3 444 260 833
3 444 260 1131
3 1131 833 444
3 334 260 965
3 334 260 1131
3 1131 965 334
3 260 1131 965
3 1131 698 334
3 494 1131 698
3 494 334 698
3 494 334 1131
3 438 402 322
3 76 438 402
3 322 76 402
3 322 76 438
3 322 191 438
3 322 191 1084
3 1084 438 191
3 322 1084 438
3 191 137 1141
3 1141 438 191
3 137 1141 438
3 191 137 438
3 137 76 433
3 137 76 438
3 438 433 137
3 76 438 433
3 560 76 723
3 438 76 560
3 723 438 560
3 723 438 76
3 444 438 191
3 444 438 560
3 560 191 444
3 438 191 560
3 973 35 1025
3 824 35 973
3 1025 824 35
3 1025 824 973
3 194 1025 916
3 1025 916 35
3 194 35 1025
3 194 35 916
3 916 810 21
3 35 21 916
3 35 21 810
3 35 916 810
3 824 810 1067
3 35 824 810
3 1067 35 810
3 824 35 1067
3 1089 824 893
3 824 35 893
3 893 35 1089
3 1089 824 35
3 1089 916 35
3 86 35 916
3 86 35 1089
3 86 1089 916
3 973 679 1025
3 973 679 1046
3 1046 1025 973
3 679 1046 1025
3 194 1025 445
3 679 445 1025
3 679 194 445
3 679 194 1025
3 679 228 445
3 679 228 1160
3 228 1160 445
3 679 445 1160
3 681 258 1046
3 258 681 679
3 681 679 1046
3 1046 258 679
3 445 258 679
3 679 507 258
3 445 679 507
3 445 258 507
3 230 1152 756
3 419 230 1152
3 1152 756 419
3 419 230 756
3 1152 775 419
3 419 42 1152
3 42 1152 775
3 419 42 775
3 692 1036 775
3 692 419 775
3 692 419 1036
3 1036 775 419
3 115 1036 756
3 1036 756 419
3 419 115 1036
3 419 115 756
3 280 261 750
3 280 261 991
3 991 750 280
3 261 991 750
3 607 261 1030
3 750 607 1030
3 750 607 261
3 1030 261 750
3 1030 235 750
3 844 750 1030
3 235 844 750
3 844 235 1030
3 1051 509 69
3 185 69 509
3 185 69 1051
3 185 1051 509
3 447 69 953
3 447 69 509
3 953 509 69
3 447 953 509
3 1122 509 69
3 74 69 1122
3 74 69 509
3 74 1122 509
3 683 630 428
3 428 19 683
3 19 683 630
3 428 19 630
3 1167 428 683
3 428 4 683
3 683 4 1167
3 1167 428 4
3 420 4 988
3 420 4 428
3 988 428 4
3 420 988 428
3 630 603 169
3 428 169 630
3 428 630 603
3 428 169 603
3 420 78 428
3 428 78 630
3 630 420 78
3 630 420 428
3 1055 428 4
3 1055 428 603
3 428 4 603
3 603 4 1055
3 842 685 903
3 427 903 685
3 842 427 685
3 842 427 903
3 842 130 738
3 842 130 903
3 842 738 903
3 130 903 738
3 130 903 900
3 860 130 903
3 903 900 860
3 860 130 900
3 708 360 899
3 899 360 598
3 360 708 598
3 708 598 899
3 598 423 360
3 912 360 598
3 598 423 912
3 423 360 912
3 727 584 899
3 727 598 899
3 899 584 598
3 584 727 598
3 516 80 661
3 516 666 661
3 516 80 666
3 666 661 80
3 666 240 516
3 666 240 29
3 240 29 516
3 516 29 666
3 516 87 666
3 666 148 87
3 148 87 516
3 666 148 516
3 404 87 243
3 404 87 441
3 87 441 243
3 404 243 441
3 243 148 781
3 243 148 87
3 148 87 781
3 781 87 243
3 738 736 130
3 156 738 736
3 156 130 736
3 156 130 738
3 162 971 738
3 971 738 156
3 162 156 738
3 162 156 971
3 971 366 1022
3 1022 156 971
3 971 366 156
3 366 156 1022
3 1116 1019 684
3 694 1116 1019
3 694 684 1019
3 694 684 1116
3 694 366 1019
3 366 1019 774
3 694 366 774
3 1019 774 694
3 769 648 1019
3 648 769 684
3 1019 648 684
3 769 684 1019
3 283 91 807
3 283 91 983
3 91 983 807
3 983 807 283
3 960 841 611
3 633 960 841
3 633 611 960
3 633 611 841
3 611 469 960
3 960 817 611
3 469 960 817
3 611 469 817
3 960 360 469
3 423 360 960
3 469 423 960
3 469 423 360
3 960 171 633
3 642 171 960
3 642 633 960
3 171 642 633
3 642 469 960
3 642 572 960
3 469 960 572
3 642 469 572
3 251 515 271
3 515 251 658
3 515 271 658
3 658 251 271
3 841 611 959
3 841 658 959
3 611 841 658
3 959 611 658
3 959 515 658
3 658 485 959
3 515 485 658
3 959 515 485
3 611 271 658
3 611 271 817
3 817 658 271
3 611 817 658
3 236 695 658
3 695 658 271
3 271 236 695
3 271 236 658
3 601 236 959
3 959 236 658
3 658 601 236
3 658 601 959
3 278 171 1094
3 278 171 856
3 171 1094 856
3 1094 856 278
3 1107 856 278
3 317 278 1107
3 317 1107 856
3 317 278 856
3 1132 699 725
3 699 278 725
3 725 278 1132
3 1132 699 278
3 377 278 699
3 377 278 1107
3 1107 699 278
3 377 1107 699
3 1132 856 278
3 278 55 1132
3 278 55 856
3 55 1132 856
3 913 626 424
3 424 234 913
3 234 913 626
3 424 234 626
3 424 34 807
3 424 34 913
3 913 807 424
3 34 913 807
3 769 41 648
3 769 648 771
3 41 771 648
3 769 41 771
3 899 41 1143
3 771 41 899
3 1143 771 41
3 1143 771 899
3 195 771 383
3 771 383 826
3 771 195 826
3 826 195 383
3 195 771 598
3 771 598 899
3 899 195 598
3 771 195 899
3 826 41 1010
3 771 41 826
3 1010 771 826
3 1010 771 41
3 1149 427 685
3 1149 427 135
3 427 135 685
3 685 135 1149
3 292 1110 350
3 442 350 1110
3 442 292 1110
3 442 292 350
3 442 350 567
3 567 350 889
3 889 442 567
3 889 442 350
3 479 212 731
3 731 212 935
3 935 479 212
3 935 479 731
3 493 479 731
3 493 479 1013
3 479 1013 731
3 1013 731 493
3 1090 479 212
3 1090 479 981
3 981 212 1090
3 479 212 981
3 479 1013 981
3 1013 981 200
3 479 200 981
3 479 200 1013
3 1199 403 200
3 224 1199 403
3 224 200 1199
3 224 200 403
3 814 200 981
3 814 200 1199
3 814 1199 981
3 1199 981 200
3 632 224 403
3 429 224 632
3 429 403 632
3 224 429 403
3 955 632 83
3 429 83 632
3 429 955 632
3 429 83 955
3 429 955 609
3 955 609 259
3 429 259 609
3 429 259 955
3 212 1098 935
3 388 212 1098
3 1098 935 388
3 388 212 935
3 1098 522 31
3 517 1098 522
3 517 31 1098
3 517 31 522
3 388 127 1098
3 517 388 1098
3 517 388 127
3 1098 127 517
3 212 31 1090
3 212 31 1098
3 212 1098 1090
3 1098 1090 31
3 131 66 1113
3 131 66 1110
3 66 1113 1110
3 1113 1110 131
3 1113 392 131
3 245 1113 392
3 245 131 392
3 245 131 1113
3 442 131 835
3 131 1110 835
3 442 131 1110
3 1110 835 442
3 46 1125 875
3 1125 875 452
3 452 46 1125
3 452 46 875
3 875 245 392
3 875 245 111
3 392 111 875
3 245 111 392
3 392 46 613
3 392 46 875
3 392 875 613
3 875 613 46
3 875 488 307
3 452 875 488
3 452 307 488
3 452 307 875
3 704 202 757
3 704 202 1012
3 704 1012 757
3 1012 757 202
3 483 1028 609
3 483 259 1028
3 1028 609 259
3 483 259 609
3 567 331 1020
3 567 331 889
3 331 1020 889
3 1020 889 567
3 374 1172 1020
3 374 331 1172
3 1172 1020 331
3 374 331 1020
3 327 719 639
3 719 639 166
3 327 166 639
3 327 166 719
3 166 165 639
3 165 659 639
3 166 165 659
3 659 639 166
3 353 586 443
3 586 443 836
3 836 353 443
3 586 353 836
3 241 49 1173
3 241 49 1040
3 1173 1040 241
3 49 1173 1040
3 1092 488 307
3 1092 488 806
3 488 307 806
3 806 307 1092
3 215 1092 644
3 1092 644 546
3 546 215 1092
3 546 215 644
3 1116 852 421
3 231 1116 852
3 421 231 1116
3 421 231 852
3 350 442 421
3 442 421 852
3 852 350 421
3 442 350 852
3 409 340 626
3 626 340 1042
3 1042 409 340
3 1042 409 626
3 1028 626 667
3 1028 626 1042
3 1028 667 1042
3 626 1042 667
3 385 1043 867
3 385 181 1043
3 1043 867 181
3 385 181 867
3 385 1043 646
3 844 385 646
3 844 385 1043
3 844 646 1043
3 833 385 484
3 833 385 1043
3 385 1043 484
3 833 484 1043
3 472 187 623
3 187 472 372
3 623 187 372
3 472 372 623
3 720 294 767
3 720 561 767
3 720 294 561
3 294 767 561
3 767 764 1166
3 767 764 720
3 1166 720 767
3 764 720 1166
3 703 779 764
3 779 764 720
3 720 703 779
3 720 703 764
3 140 779 561
3 720 140 561
3 720 140 779
3 720 561 779
3 561 514 720
3 561 514 123
3 720 123 561
3 514 123 720
3 514 511 862
3 514 511 431
3 511 431 862
3 862 431 514
3 764 720 862
3 514 862 720
3 764 514 720
3 764 514 862
3 431 123 514
3 431 123 540
3 431 540 514
3 540 514 123
3 902 12 937
3 482 12 902
3 937 482 12
3 937 482 902
3 1055 482 12
3 603 12 1055
3 1055 482 603
3 482 12 603
3 853 603 169
3 482 853 603
3 482 169 603
3 482 169 853
3 1091 923 773
3 103 1091 923
3 773 103 1091
3 773 103 923
3 535 267 1056
3 535 267 1195
3 1195 1056 535
3 267 1195 1056
3 266 1056 655
3 1056 655 267
3 267 266 655
3 267 266 1056
3 267 165 659
3 267 165 655
3 165 659 655
3 659 655 267
3 48 1038 529
3 239 48 529
3 239 48 1038
3 1038 529 239
3 267 48 655
3 267 48 1038
3 48 1038 655
3 1038 655 267
3 455 113 1154
3 455 113 262
3 113 1154 262
3 455 262 1154
3 1154 872 455
3 13 1154 872
3 455 13 872
3 455 13 1154
3 763 936 872
3 763 455 872
3 763 455 936
3 936 872 455
3 455 262 936
3 936 262 454
3 262 455 454
3 455 454 936
3 113 82 262
3 262 82 1193
3 1193 113 82
3 1193 113 262
3 150 82 1087
3 1193 1087 82
3 150 1193 1087
3 150 82 1193
3 257 150 998
3 257 150 1193
3 1193 998 257
3 150 1193 998
3 262 1193 454
3 1193 454 257
3 262 257 1193
3 262 257 454
3 321 696 663
3 696 663 356
3 356 321 696
3 356 321 663
3 383 356 696
3 696 367 383
3 696 367 356
3 367 356 383
3 818 367 942
3 818 367 356
3 367 356 942
3 942 356 818
3 559 356 663
3 559 254 663
3 663 254 356
3 254 559 356
3 367 356 606
3 254 606 356
3 367 254 606
3 367 254 356
3 1080 818 539
3 594 539 818
3 594 539 1080
3 594 1080 818
3 539 318 1080
3 539 318 1065
3 1080 1065 539
3 318 1080 1065
3 556 539 663
3 1065 663 556
3 539 1065 663
3 556 539 1065
3 539 818 663
3 539 356 818
3 539 356 663
3 818 663 356
3 581 1147 818
3 581 539 818
3 581 539 1147
3 1147 818 539
3 64 6 581
3 1133 581 6
3 64 1133 581
3 64 6 1133
3 545 6 581
3 702 581 6
3 545 702 581
3 545 6 702
3 942 581 818
3 942 581 6
3 581 6 818
3 818 6 942
3 599 178 1084
3 576 178 599
3 1084 576 178
3 1084 576 599
3 827 178 1173
3 1173 576 178
3 1173 576 827
3 576 178 827
3 292 178 1110
3 292 178 576
3 1110 576 178
3 292 1110 576
3 836 2 858
3 836 2 714
3 836 714 858
3 2 858 714
3 858 443 1118
3 836 443 858
3 1118 836 443
3 1118 836 858
3 232 185 1118
3 1118 185 858
3 858 232 1118
3 858 232 185
3 185 1051 858
3 1051 858 2
3 185 2 1051
3 185 2 858
3 847 2 858
3 847 870 858
3 870 858 2
3 847 2 870
3 858 117 1118
3 847 117 858
3 1118 847 117
3 1118 847 858
3 791 328 719
3 328 293 719
3 791 328 293
3 719 293 791
3 1060 719 327
3 328 1060 719
3 328 327 719
3 328 327 1060
3 0 1170 1060
3 328 0 1060
3 328 0 1170
3 1170 1060 328
3 363 328 293
3 363 328 1138
3 1138 293 363
3 328 293 1138
3 328 293 1170
3 917 328 1170
3 1170 293 917
3 917 328 293
3 136 1138 1060
3 1138 1060 328
3 328 136 1060
3 328 136 1138
3 1192 836 443
3 134 1192 836
3 443 134 1192
3 443 134 836
3 443 293 791
3 443 293 1192
3 293 1192 791
3 1192 791 443
3 134 67 1135
3 1192 1135 67
3 134 67 1192
3 134 1192 1135
3 293 67 363
3 293 67 1192
3 1192 363 67
3 293 1192 363
3 368 0 1170
3 0 1170 777
3 1170 777 368
3 368 0 777
3 622 0 840
3 622 0 777
3 0 840 777
3 840 777 622
3 777 167 622
3 777 167 146
3 167 146 622
3 622 146 777
3 368 146 777
3 146 1104 777
3 368 146 1104
3 1104 777 368
3 724 125 792
3 724 125 1187
3 1187 792 125
3 724 1187 792
3 125 19 1027
3 1187 1027 125
3 125 19 1187
3 19 1187 1027
3 364 299 724
3 724 299 1187
3 1187 364 724
3 1187 364 299
3 724 1187 918
3 1187 918 142
3 724 142 918
3 724 142 1187
3 142 19 1187
3 142 19 630
3 1187 630 142
3 19 1187 630
3 481 377 674
3 345 481 377
3 674 345 377
3 481 345 674
3 939 481 765
3 481 345 765
3 939 481 345
3 765 345 939
3 620 249 320
3 555 249 620
3 249 555 320
3 555 320 620
3 249 796 320
3 796 320 930
3 796 249 930
3 930 249 320
3 276 54 558
3 276 54 854
3 854 558 54
3 276 854 558
3 796 558 54
3 249 796 558
3 249 54 558
3 249 54 796
3 711 318 851
3 711 318 832
3 711 851 832
3 851 832 318
3 318 1080 851
3 471 318 1080
3 1080 851 471
3 471 318 851
3 803 555 620
3 717 555 803
3 555 717 620
3 717 620 803
3 305 717 589
3 717 589 803
3 803 305 589
3 717 305 803
3 717 657 553
3 555 717 657
3 555 553 657
3 555 553 717
3 571 501 796
3 796 501 907
3 907 571 796
3 907 571 501
3 907 54 796
3 219 54 907
3 796 219 54
3 796 219 907
3 930 907 796
3 796 97 907
3 796 97 930
3 97 930 907
3 948 490 1057
3 1057 490 677
3 490 948 677
3 948 677 1057
3 490 152 351
3 490 351 677
3 152 677 351
3 490 152 677
3 677 42 1057
3 677 42 891
3 1057 891 42
3 677 1057 891
3 1120 1052 897
3 161 1120 1052
3 897 161 1120
3 897 161 1052
3 1140 897 92
3 1140 897 1120
3 897 92 1120
3 1120 92 1140
3 1067 92 810
3 897 92 1067
3 897 810 1067
3 92 897 810
3 897 14 1067
3 14 1067 1052
3 897 14 1052
3 1067 1052 897
3 332 93 735
3 1151 735 93
3 332 93 1151
3 332 1151 735
3 1151 52 332
3 358 52 1151
3 52 358 332
3 358 332 1151
3 745 332 246
3 52 745 332
3 246 52 332
3 246 52 745
3 226 173 745
3 226 52 745
3 226 52 173
3 52 745 173
3 52 358 351
3 358 52 668
3 668 52 351
3 358 351 668
3 490 351 745
3 490 52 745
3 490 52 351
3 52 745 351
3 748 604 1159
3 748 604 255
3 1159 255 748
3 604 255 1159
3 1159 632 748
3 632 83 748
3 1159 632 83
3 748 83 1159
3 246 742 413
3 616 246 742
3 616 246 413
3 616 413 742
3 1159 413 748
3 616 413 1159
3 748 616 413
3 748 616 1159
3 393 390 881
3 393 390 1058
3 1058 881 393
3 390 1058 881
3 132 390 388
3 390 388 935
3 935 132 388
3 390 132 935
3 1058 935 731
3 390 1058 935
3 731 390 935
3 731 390 1058
3 390 132 881
3 881 132 783
3 783 390 132
3 783 390 881
3 302 783 782
3 783 782 132
3 302 132 782
3 302 132 783
3 783 501 159
3 302 159 501
3 302 159 783
3 302 783 501
3 881 159 783
3 785 159 881
3 159 785 783
3 785 783 881
3 811 675 1068
3 1068 297 811
3 811 675 297
3 675 297 1068
3 1068 1059 675
3 105 1068 1059
3 675 105 1068
3 675 105 1059
3 1064 871 221
3 221 106 871
3 106 1064 871
3 221 106 1064
3 505 1048 871
3 505 221 871
3 505 221 1048
3 1048 871 221
3 922 909 207
3 772 922 909
3 772 207 909
3 772 207 922
3 922 704 100
3 922 704 772
3 772 100 922
3 704 100 772
3 933 316 9
3 933 316 854
3 316 9 854
3 854 9 933
3 100 9 933
3 100 9 922
3 100 933 922
3 933 922 9
3 346 75 843
3 843 75 957
3 957 346 843
3 957 346 75
3 346 75 603
3 603 75 1055
3 1055 346 75
3 1055 346 603
3 346 884 487
3 884 487 347
3 347 346 884
3 347 346 487
3 346 169 884
3 346 169 603
3 346 884 603
3 884 603 169
3 1124 346 487
3 1124 346 75
3 487 75 1124
3 346 75 487
3 347 330 884
3 347 330 436
3 330 884 436
3 884 436 347
3 347 171 642
3 642 436 347
3 171 642 436
3 347 171 436
3 795 171 1094
3 795 171 436
3 171 1094 436
3 795 436 1094
3 1183 550 275
3 373 275 550
3 373 275 1183
3 373 1183 550
3 1183 918 142
3 373 1183 918
3 373 142 918
3 373 142 1183
3 1171 373 918
3 918 450 1171
3 450 373 1171
3 918 450 373
3 972 359 1026
3 1026 359 568
3 972 568 1026
3 359 972 568
3 974 972 70
3 974 972 1026
3 972 70 1026
3 1026 70 974
3 970 203 972
3 972 203 359
3 970 359 972
3 203 970 359
3 972 816 157
3 359 972 816
3 359 157 816
3 359 157 972
3 157 70 739
3 157 70 972
3 70 972 739
3 972 739 157
3 627 387 77
3 627 387 1161
3 1161 77 627
3 387 77 1161
3 386 13 1154
3 386 13 1165
3 1165 1154 13
3 386 1165 1154
3 1160 118 228
3 118 386 228
3 386 228 1160
3 386 118 1160
3 113 1154 118
3 386 118 1154
3 386 113 118
3 386 113 1154
3 743 118 434
3 386 118 743
3 434 386 118
3 434 386 743
3 386 160 743
3 386 160 1165
3 386 1165 743
3 1165 743 160
3 495 53 1111
3 1111 793 53
3 495 1111 793
3 495 53 793
3 5 1111 902
3 1111 902 53
3 53 5 902
3 53 5 1111
3 482 53 902
3 482 53 853
3 902 853 482
3 53 902 853
3 275 853 793
3 853 793 53
3 275 53 793
3 275 53 853
3 248 53 564
3 248 53 793
3 53 793 564
3 793 564 248
3 902 564 464
3 53 902 564
3 464 53 564
3 464 53 902
3 938 865 312
3 534 938 865
3 534 312 865
3 534 312 938
3 550 275 938
3 938 275 793
3 793 550 275
3 793 550 938
3 793 312 248
3 793 312 938
3 312 248 938
3 938 248 793
3 148 976 781
3 926 781 976
3 926 148 781
3 926 148 976
3 448 344 592
3 448 592 480
3 592 480 344
3 448 344 480
3 448 385 480
3 448 385 867
3 867 480 385
3 448 867 480
3 600 448 690
3 448 867 690
3 867 690 600
3 600 448 867
3 448 867 816
3 867 816 157
3 448 157 816
3 448 157 867
3 690 592 448
3 547 690 592
3 547 448 592
3 547 448 690
3 612 592 797
3 612 592 848
3 592 848 797
3 848 797 612
3 592 448 797
3 797 448 816
3 816 592 797
3 816 592 448
3 816 677 152
3 816 677 797
3 797 152 816
3 677 152 797
3 677 1057 797
3 1057 797 612
3 677 612 1057
3 677 612 797
3 797 431 612
3 540 431 797
3 612 540 797
3 612 540 431
3 816 540 797
3 797 359 816
3 540 359 797
3 816 540 359
3 243 781 695
3 781 695 378
3 378 243 781
3 378 243 695
3 926 378 781
3 896 378 926
3 378 896 781
3 896 781 926
3 896 378 979
3 979 378 1088
3 1088 896 378
3 1088 896 979
3 378 180 695
3 180 1088 695
3 1088 695 378
3 378 180 1088
3 271 197 1006
3 1006 817 197
3 271 1006 817
3 271 197 817
3 499 197 941
3 1006 499 197
3 941 197 1006
3 1006 499 941
3 378 271 1006
3 378 271 695
3 271 1006 695
3 1006 695 378
3 1006 896 378
3 1006 896 941
3 896 378 941
3 941 378 1006
3 167 146 660
3 660 146 512
3 512 167 660
3 512 167 146
3 146 72 1104
3 146 1104 512
3 1104 512 72
3 146 72 512
3 660 397 268
3 397 268 512
3 512 268 660
3 660 397 512
3 218 3 1054
3 218 3 1031
3 218 1054 1031
3 1054 1031 3
3 672 3 1126
3 3 1126 1054
3 1126 1054 672
3 672 3 1054
3 1054 512 72
3 218 1054 512
3 218 72 1054
3 218 72 512
3 218 1054 1044
3 1054 1044 11
3 218 11 1054
3 218 11 1044
3 672 11 927
3 672 11 1054
3 672 1054 927
3 1054 927 11
3 1031 50 966
3 218 50 1031
3 966 218 1031
3 966 218 50
3 660 218 512
3 660 218 50
3 512 50 660
3 218 50 512
3 1182 1119 242
3 242 50 1182
3 242 50 1119
3 50 1182 1119
3 1182 660 270
3 270 50 1182
3 270 50 660
3 50 1182 660
3 1119 218 1044
3 1119 218 50
3 1044 50 1119
3 218 50 1044
3 802 710 831
3 802 710 39
3 831 39 802
3 710 39 831
3 710 39 1027
3 710 415 1027
3 1027 39 415
3 39 710 415
3 311 664 489
3 664 311 998
3 664 489 998
3 998 311 489
3 664 311 755
3 755 311 641
3 664 641 755
3 311 664 641
3 713 417 943
3 417 943 734
3 943 734 713
3 713 417 734
3 723 417 76
3 723 417 734
3 417 76 734
3 734 76 723
3 734 175 723
3 734 175 876
3 734 723 876
3 175 876 723
3 734 187 723
3 284 187 734
3 723 284 187
3 723 284 734
3 607 876 713
3 734 713 876
3 734 607 876
3 734 607 713
3 286 63 947
3 286 63 313
3 947 313 286
3 63 947 313
3 426 63 537
3 63 947 537
3 947 537 426
3 426 63 947
3 905 1104 1101
3 1104 1101 72
3 905 72 1101
3 905 72 1104
3 1003 905 192
3 1003 905 1101
3 905 192 1101
3 1101 192 1003
3 364 299 1003
3 1101 364 1003
3 1101 364 299
3 1003 299 1101
3 672 72 1054
3 72 1101 1054
3 1101 1054 672
3 672 72 1101
3 1003 672 596
3 1003 672 1101
3 1101 596 1003
3 672 596 1101
3 753 622 527
3 753 622 624
3 624 527 753
3 622 527 624
3 527 182 1093
3 527 182 753
3 527 1093 753
3 1093 753 182
3 963 182 931
3 931 753 182
3 931 753 963
3 753 182 963
3 753 624 963
3 753 473 963
3 473 963 624
3 753 473 624
3 753 396 624
3 654 396 753
3 654 624 753
3 396 654 624
3 993 753 182
3 654 182 753
3 654 182 993
3 654 993 753
3 247 59 396
3 396 59 1002
3 1002 247 59
3 1002 247 396
3 196 175 494
3 1002 494 175
3 196 175 1002
3 196 1002 494
3 196 59 1005
3 59 1005 1002
3 1005 1002 196
3 196 59 1002
3 396 175 1002
3 396 1002 876
3 1002 876 175
3 396 175 876
3 698 198 1069
3 1069 208 698
3 1069 208 198
3 208 198 698
3 1093 476 182
3 208 182 1093
3 208 182 476
3 208 1093 476
3 1093 698 334
3 208 1093 698
3 334 208 698
3 334 208 1093
3 476 198 895
3 208 198 476
3 895 208 476
3 895 208 198
3 975 208 198
3 975 208 686
3 686 198 975
3 208 198 686
3 1093 686 354
3 354 208 1093
3 208 1093 686
3 354 208 686
3 992 794 256
3 22 992 794
3 256 22 992
3 256 22 794
3 256 129 992
3 256 129 605
3 129 992 605
3 992 605 256
3 587 381 944
3 1076 587 944
3 944 381 1076
3 1076 587 381
3 944 941 160
3 1076 160 944
3 944 941 1076
3 941 160 1076
3 324 30 519
3 324 30 1095
3 1095 519 30
3 324 1095 519
3 207 30 1014
3 1095 1014 30
3 207 1095 1014
3 207 30 1095
3 207 33 1078
3 207 33 1095
3 207 1095 1078
3 1095 1078 33
3 316 9 324
3 324 9 1095
3 1095 316 324
3 1095 316 9
3 1095 124 324
3 1095 124 33
3 124 33 324
3 324 33 1095
3 207 9 922
3 1095 922 9
3 207 9 1095
3 207 1095 922
3 401 324 788
3 124 788 324
3 401 124 788
3 401 124 324
3 863 401 788
3 863 401 1009
3 863 788 1009
3 401 1009 788
3 432 124 541
3 788 541 432
3 432 124 788
3 124 788 541
3 863 432 788
3 785 432 863
3 788 785 863
3 788 785 432
3 1035 9 995
3 995 316 1035
3 316 9 1035
3 995 316 9
3 401 324 1188
3 401 316 324
3 401 316 1188
3 316 1188 324
3 591 401 1009
3 591 401 1188
3 591 1188 1009
3 1188 1009 401
3 316 276 1188
3 1188 854 276
3 316 1188 854
3 316 276 854
3 729 210 1079
3 729 210 823
3 729 1079 823
3 1079 823 210
3 729 485 823
3 823 485 1130
3 1130 729 485
3 1130 729 823
3 773 210 923
3 773 210 823
3 923 823 210
3 773 923 823
3 1088 823 210
3 1088 823 979
3 823 210 979
3 979 210 1088
3 1130 979 13
3 823 1130 979
3 823 13 979
3 823 13 1130
3 389 128 1099
3 1099 128 964
3 964 389 1099
3 964 389 128
3 964 790 128
3 120 964 790
3 128 120 964
3 128 120 790
3 120 48 1038
3 120 48 964
3 48 1038 964
3 1038 964 120
3 48 32 964
3 964 32 1099
3 1099 48 32
3 1099 48 964
3 399 17 1099
3 964 399 1099
3 964 399 17
3 1099 17 964
3 120 17 1184
3 120 17 964
3 1184 964 120
3 17 1184 964
3 732 213 925
3 1045 925 213
3 732 213 1045
3 732 1045 925
3 389 213 1099
3 389 213 1045
3 213 1099 1045
3 1099 1045 389
3 1045 485 732
3 729 485 1045
3 732 729 485
3 732 729 1045
3 729 389 1045
3 729 389 1079
3 1079 1045 389
3 729 1079 1045
3 625 932 633
3 932 633 542
3 625 542 633
3 625 542 932
3 633 423 960
3 960 625 633
3 960 625 423
3 625 423 633
3 912 625 423
3 423 414 625
3 423 414 912
3 414 912 625
3 932 625 1074
3 253 1074 625
3 932 253 1074
3 932 253 625
3 414 829 625
3 829 414 932
3 932 414 625
3 829 625 932
3 423 253 625
3 423 253 189
3 625 189 423
3 253 189 625
3 544 209 699
3 544 209 589
3 699 589 209
3 544 699 589
3 542 209 1094
3 542 209 477
3 542 477 1094
3 209 1094 477
3 1094 699 278
3 209 1094 699
3 278 209 699
3 278 209 1094
3 209 589 477
3 589 477 342
3 342 209 477
3 342 209 589
3 305 209 589
3 305 209 687
3 305 687 589
3 687 589 209
3 795 687 1094
3 209 1094 687
3 795 209 1094
3 795 209 687
3 342 102 928
3 102 928 477
3 342 102 477
3 928 477 342
3 542 102 932
3 542 102 477
3 102 932 477
3 542 477 932
3 829 102 1008
3 829 102 932
3 1008 932 102
3 829 1008 932
3 164 102 636
3 102 928 636
3 928 636 164
3 164 102 928
3 1008 928 102
3 326 102 928
3 326 1008 928
3 326 102 1008
3 932 636 1074
3 102 932 636
3 1074 102 636
3 932 102 1074
3 912 885 462
3 414 912 885
3 462 414 885
3 462 414 912
3 394 1018 885
3 462 394 1018
3 462 394 885
3 1018 885 462
3 598 462 912
3 584 462 598
3 912 584 598
3 912 584 462
3 584 437 193
3 584 437 462
3 462 193 584
3 437 193 462
3 746 462 885
3 437 746 462
3 746 437 885
3 885 437 462
3 888 615 47
3 888 615 744
3 744 47 888
3 615 47 744
3 176 47 1194
3 176 47 888
3 1194 888 176
3 47 1194 888
3 199 47 1194
3 199 47 1117
3 47 1194 1117
3 1194 1117 199
3 904 47 649
3 615 47 904
3 649 615 904
3 649 615 47
3 1194 649 264
3 47 1194 649
3 264 47 649
3 264 47 1194
3 921 364 299
3 1070 299 921
3 921 364 1070
3 364 299 1070
3 1070 94 921
3 921 588 1070
3 921 588 94
3 588 94 1070
3 666 441 87
3 355 87 666
3 355 666 441
3 355 87 441
3 1085 666 355
3 355 29 666
3 29 1085 666
3 355 29 1085
3 80 1140 666
3 1140 666 355
3 355 80 666
3 355 80 1140
3 883 28 740
3 740 310 883
3 310 28 883
3 740 310 28
3 458 883 656
3 883 656 310
3 458 310 883
3 458 310 656
3 312 865 656
3 312 310 656
3 312 310 865
3 865 656 310
3 847 28 870
3 870 310 28
3 870 310 847
3 310 28 847
3 310 28 865
3 975 310 865
3 975 310 28
3 865 28 975
3 117 847 656
3 847 656 310
3 310 117 656
3 310 117 847
3 775 761 910
3 775 761 716
3 910 716 775
3 761 716 910
3 763 761 936
3 761 716 936
3 763 761 716
3 936 716 763
3 619 528 1030
3 1030 528 750
3 750 619 528
3 750 619 1030
3 217 1030 548
3 619 217 1030
3 619 217 548
3 619 548 1030
3 619 520 849
3 520 849 528
3 619 528 849
3 619 520 528
3 619 248 528
3 312 248 619
3 528 312 619
3 528 312 248
3 548 312 865
3 548 312 619
3 865 619 548
3 312 865 619
3 187 472 203
3 472 187 949
3 949 187 203
3 472 203 949
3 235 949 750
3 949 750 280
3 280 235 750
3 280 235 949
3 280 203 949
3 280 203 475
3 949 475 280
3 203 949 475
3 540 359 949
3 203 949 359
3 540 203 949
3 540 203 359
3 540 235 431
3 540 235 949
3 235 949 431
3 540 431 949
3 447 682 509
3 682 509 880
3 880 447 509
3 682 447 880
3 682 1057 880
3 682 612 1057
3 682 612 880
3 1057 880 612
3 612 511 431
3 511 431 880
3 612 511 880
3 880 431 612
3 509 232 185
3 880 185 509
3 509 232 880
3 232 185 880
3 74 511 509
3 511 509 880
3 511 74 880
3 880 74 509
3 612 880 848
3 880 848 232
3 612 232 880
3 612 232 848
3 591 545 805
3 805 545 924
3 924 591 805
3 924 591 545
3 591 276 805
3 1188 805 276
3 591 276 1188
3 591 1188 805
3 805 530 374
3 805 530 924
3 924 374 805
3 530 374 924
3 374 276 805
3 374 276 1172
3 1172 805 276
3 374 1172 805
3 711 702 543
3 40 711 702
3 543 40 702
3 543 40 711
3 545 40 702
3 924 702 545
3 40 924 702
3 545 40 924
3 530 1144 924
3 1144 924 40
3 530 40 1144
3 530 40 924
3 711 40 832
3 832 40 1144
3 1144 711 40
3 1144 711 832
3 109 20 843
3 843 20 957
3 957 109 843
3 957 109 20
3 20 1109 957
3 1109 957 300
3 300 20 1109
3 300 20 957
3 188 176 888
3 188 176 662
3 176 888 662
3 888 662 188
3 888 287 744
3 888 287 188
3 744 188 888
3 287 188 744
3 287 188 988
3 988 188 420
3 420 287 188
3 420 287 988
3 188 662 420
3 662 420 78
3 188 78 662
3 188 78 420
3 176 1004 662
3 565 176 1004
3 1004 662 565
3 565 176 662
3 1004 906 1190
3 1004 906 565
3 1190 565 1004
3 906 565 1190
3 906 253 1074
3 906 565 1074
3 253 1074 565
3 906 253 565
3 565 78 662
3 565 78 1177
3 1177 662 565
3 78 1177 662
3 662 253 565
3 253 189 565
3 662 253 189
3 565 189 662
3 205 1177 906
3 1177 906 565
3 565 205 906
3 565 205 1177
3 148 87 769
3 151 148 87
3 151 148 769
3 769 87 151
3 156 151 736
3 156 151 366
3 151 736 366
3 736 366 156
3 441 87 736
3 736 87 151
3 87 441 151
3 441 151 736
3 769 366 1019
3 151 769 366
3 769 151 1019
3 1019 151 366
3 769 195 771
3 769 151 771
3 151 769 195
3 771 151 195
3 161 1120 954
3 1120 954 301
3 301 161 1120
3 301 161 954
3 424 291 807
3 807 190 424
3 424 291 190
3 291 190 807
3 190 667 424
3 626 190 424
3 626 424 667
3 626 190 667
3 16 1127 649
3 264 16 1127
3 264 16 649
3 1127 649 264
3 904 16 649
3 652 16 904
3 652 649 904
3 16 652 649
3 1144 652 832
3 832 16 1144
3 652 16 832
3 1144 652 16
3 530 1144 1127
3 1144 1127 16
3 530 16 1127
3 530 16 1144
3 338 205 701
3 205 1177 701
3 1177 701 338
3 338 205 1177
3 369 205 1073
3 701 369 1073
3 701 369 205
3 1073 205 701
3 469 369 572
3 469 369 1073
3 469 1073 572
3 1073 572 369
3 360 708 469
3 1073 360 469
3 708 360 1073
3 708 469 1073
3 499 197 701
3 1073 499 197
3 1073 499 701
3 701 197 1073
3 469 197 817
3 469 197 1073
3 1073 817 197
3 469 1073 817
3 614 55 837
3 1114 837 55
3 614 1114 837
3 614 55 1114
3 499 338 701
3 499 1114 701
3 1114 701 338
3 499 338 1114
3 499 55 1132
3 499 55 1114
3 55 1132 1114
3 1132 1114 499
3 499 160 941
3 499 160 1114
3 1114 941 160
3 499 1114 941
3 614 1114 743
3 1114 743 160
3 614 160 1114
3 614 160 743
3 1022 913 34
3 463 34 1022
3 463 1022 913
3 463 34 913
3 463 234 913
3 463 234 886
3 913 886 463
3 234 913 886
3 1022 440 194
3 440 194 463
3 463 194 1022
3 1022 440 463
3 1022 1019 366
3 463 1022 1019
3 463 366 1022
3 463 366 1019
3 684 463 886
3 684 463 1019
3 1019 886 463
3 684 1019 886
3 761 760 822
3 761 760 73
3 760 73 822
3 822 73 761
3 73 68 760
3 73 760 508
3 73 68 508
3 760 508 68
3 774 574 694
3 774 574 145
3 694 145 774
3 574 145 694
3 860 977 903
3 860 427 903
3 860 427 977
3 977 903 427
3 1123 977 860
3 287 1123 977
3 860 287 977
3 860 287 1123
3 52 358 173
3 1086 52 173
3 358 52 1086
3 358 173 1086
3 650 429 224
3 650 429 609
3 609 224 650
3 429 224 609
3 650 483 609
3 506 483 650
3 609 506 650
3 609 506 483
3 609 108 650
3 609 108 839
3 108 839 650
3 839 650 609
3 398 212 1098
3 212 1098 1053
3 1098 1053 398
3 398 212 1053
3 909 371 1145
3 1145 772 909
3 772 371 909
3 1145 772 371
3 1012 772 371
3 704 1012 772
3 704 371 772
3 704 371 1012
3 131 1110 855
3 1110 855 178
3 178 131 855
3 178 131 1110
3 392 131 613
3 613 131 855
3 855 392 613
3 855 392 131
3 402 322 613
3 855 402 613
3 855 402 322
3 613 322 855
3 322 178 855
3 322 1084 855
3 1084 855 178
3 322 178 1084
3 49 1173 855
3 1173 855 178
3 178 49 855
3 178 49 1173
3 285 131 392
3 285 835 392
3 835 392 131
3 285 131 835
3 392 307 875
3 392 307 285
3 875 285 392
3 307 285 875
3 307 215 1092
3 307 285 1092
3 307 215 285
3 215 1092 285
3 835 730 585
3 585 285 835
3 285 835 730
3 585 285 730
3 307 285 718
3 718 285 730
3 730 307 718
3 730 307 285
3 398 319 1098
3 517 398 1098
3 517 398 319
3 1098 319 517
3 854 225 933
3 225 170 933
3 933 170 854
3 854 225 170
3 1172 854 276
3 170 1172 854
3 276 170 854
3 276 170 1172
3 1164 933 100
3 225 1164 933
3 225 100 933
3 225 100 1164
3 704 100 757
3 757 100 1164
3 1164 704 100
3 1164 704 757
3 177 122 1199
3 224 177 1199
3 224 177 122
3 1199 122 224
3 1121 955 153
3 25 1121 955
3 153 25 1121
3 153 25 955
3 465 206 1127
3 575 465 1127
3 1127 206 575
3 575 465 206
3 1020 585 567
3 585 567 1102
3 1020 585 1102
3 1102 567 1020
3 585 1 730
3 585 1 1102
3 1 1102 730
3 1102 730 585
3 530 1 1102
3 530 1 1144
3 1144 1102 1
3 530 1144 1102
3 530 374 1102
3 1102 374 1020
3 1020 530 374
3 1020 530 1102
3 452 111 875
3 111 1198 875
3 452 111 1198
3 1198 875 452
3 1021 586 1103
3 1021 586 353
3 1103 353 1021
3 586 353 1103
3 291 190 453
3 296 291 453
3 453 190 296
3 296 291 190
3 733 291 873
3 873 291 453
3 733 453 873
3 291 733 453
3 690 586 600
3 690 586 532
3 600 532 690
3 586 532 600
3 586 532 836
3 714 586 532
3 714 586 836
3 836 532 714
3 1040 618 634
3 1040 618 49
3 618 49 634
3 634 49 1040
3 1197 634 103
3 618 1197 634
3 618 103 1197
3 618 103 634
3 1197 613 46
3 618 46 1197
3 613 46 618
3 1197 613 618
3 613 49 855
3 613 49 618
3 613 855 618
3 855 618 49
3 165 49 618
3 165 49 659
3 165 659 618
3 659 618 49
3 618 8 1197
3 165 8 618
3 1197 165 618
3 1197 165 8
3 215 184 644
3 215 184 857
3 857 644 184
3 215 857 644
3 857 231 184
3 857 231 852
3 231 184 852
3 852 184 857
3 215 857 285
3 835 285 857
3 835 215 285
3 835 215 857
3 852 835 442
3 852 835 857
3 835 442 857
3 857 442 852
3 984 187 372
3 372 284 187
3 284 187 984
3 372 284 984
3 576 466 599
3 576 1128 599
3 1128 599 466
3 576 466 1128
3 946 599 821
3 946 599 466
3 599 466 821
3 821 466 946
3 621 410 526
3 621 410 623
3 410 623 526
3 621 526 623
3 341 12 1163
3 341 12 482
3 1163 482 12
3 341 1163 482
3 341 1163 552
3 341 158 552
3 341 158 1163
3 1163 552 158
3 853 341 315
3 341 315 482
3 482 315 853
3 853 341 482
3 315 275 1037
3 315 275 853
3 315 1037 853
3 1037 853 275
3 315 222 1034
3 315 1037 1034
3 315 222 1037
3 1037 1034 222
3 1034 341 315
3 1034 341 552
3 552 315 1034
3 341 315 552
3 302 1017 501
3 571 501 1017
3 571 302 501
3 571 302 1017
3 302 297 1017
3 302 297 782
3 1017 782 297
3 302 1017 782
3 103 85 923
3 923 634 103
3 103 85 634
3 85 923 634
3 923 474 210
3 85 923 474
3 210 85 923
3 210 85 474
3 239 1130 1038
3 1130 1038 467
3 467 239 1038
3 467 239 1130
3 823 467 1130
3 773 467 823
3 1130 773 467
3 1130 773 823
3 578 467 1195
3 1195 773 467
3 578 1195 773
3 578 467 773
3 1038 990 120
3 467 120 1038
3 467 120 990
3 467 1038 990
3 267 1195 1038
3 1195 1038 467
3 467 267 1195
3 467 267 1038
3 990 773 1091
3 990 773 467
3 773 467 1091
3 1091 467 990
3 335 321 696
3 335 321 406
3 696 406 335
3 321 696 406
3 696 195 383
3 335 195 696
3 383 335 696
3 383 335 195
3 335 151 195
3 335 151 736
3 335 195 736
3 151 736 195
3 736 406 335
3 335 130 406
3 335 130 736
3 130 736 406
3 406 335 414
3 414 335 912
3 912 406 335
3 912 406 414
3 912 195 598
3 335 195 912
3 598 335 912
3 598 335 195
3 326 45 980
3 326 45 1008
3 326 1008 980
3 1008 980 45
3 980 427 135
3 45 980 427
3 135 45 427
3 135 45 980
3 45 980 804
3 980 804 272
3 272 45 980
3 272 45 804
3 133 6 1133
3 1133 784 6
3 133 6 784
3 133 1133 784
3 304 6 942
3 304 6 784
3 304 942 784
3 942 784 6
3 543 6 702
3 6 784 702
3 784 702 543
3 543 6 784
3 134 1192 966
3 179 134 1192
3 179 134 966
3 1192 966 179
3 293 1192 917
3 1192 917 179
3 293 179 1192
3 293 179 917
3 597 1182 917
3 597 179 917
3 597 179 1182
3 1182 917 179
3 50 1182 966
3 1182 966 179
3 179 50 1182
3 179 50 966
3 325 1178 966
3 325 179 966
3 325 179 1178
3 1178 966 179
3 382 1178 917
3 1178 917 179
3 382 179 917
3 382 179 1178
3 622 777 624
3 777 624 139
3 622 139 624
3 622 139 777
3 396 1002 624
3 1002 624 139
3 396 139 1002
3 396 139 624
3 19 1187 956
3 299 19 956
3 1187 956 299
3 299 19 1187
3 397 19 683
3 397 19 956
3 956 683 19
3 397 956 683
3 397 72 512
3 397 956 512
3 956 512 72
3 397 72 956
3 299 183 921
3 299 956 921
3 956 921 183
3 299 183 956
3 299 72 1101
3 299 72 956
3 1101 956 299
3 72 1101 956
3 397 183 956
3 956 233 183
3 956 233 397
3 233 183 397
3 1041 849 520
3 520 470 849
3 470 1041 849
3 520 470 1041
3 1107 345 377
3 345 470 377
3 470 345 1107
3 470 377 1107
3 1041 792 125
3 470 1041 792
3 470 125 1041
3 470 125 792
3 470 317 1041
3 470 317 1107
3 1107 1041 470
3 317 1107 1041
3 792 345 939
3 939 470 792
3 939 470 345
3 470 345 792
3 571 249 796
3 571 249 538
3 249 796 538
3 571 538 796
3 249 555 538
3 555 538 657
3 555 249 657
3 657 249 538
3 538 377 571
3 538 377 1107
3 377 1107 571
3 1107 571 538
3 317 1107 657
3 1107 657 538
3 538 317 657
3 538 317 1107
3 276 805 558
3 722 558 805
3 722 276 558
3 722 276 805
3 722 496 558
3 722 496 451
3 496 451 558
3 558 451 722
3 924 722 805
3 924 722 306
3 722 306 805
3 805 306 924
3 555 306 722
3 722 717 555
3 306 722 717
3 555 306 717
3 722 249 558
3 555 249 722
3 558 555 249
3 558 555 722
3 57 54 1112
3 57 54 219
3 57 1112 219
3 1112 219 54
3 1112 558 54
3 496 1112 558
3 496 54 1112
3 496 54 558
3 57 1112 552
3 1112 552 158
3 158 57 552
3 158 57 1112
3 1047 933 100
3 219 1047 933
3 219 100 1047
3 219 100 933
3 504 100 1047
3 504 100 704
3 1047 704 100
3 504 1047 704
3 1009 502 825
3 863 502 1009
3 863 825 1009
3 502 863 825
3 502 219 907
3 502 219 1047
3 219 1047 907
3 1047 907 502
3 907 825 97
3 502 907 825
3 502 97 907
3 502 97 825
3 504 1047 863
3 1047 863 502
3 504 502 863
3 504 502 1047
3 863 159 502
3 159 785 502
3 785 502 863
3 785 159 863
3 501 159 907
3 502 501 159
3 907 159 502
3 502 501 907
3 1161 1052 387
3 387 38 1161
3 38 1161 1052
3 387 38 1052
3 1151 153 1121
3 583 153 1151
3 1121 583 1151
3 1121 583 153
3 632 403 748
3 632 277 748
3 277 748 403
3 632 277 403
3 277 93 735
3 277 93 1013
3 1013 735 93
3 277 1013 735
3 277 200 403
3 277 200 1013
3 277 1013 403
3 1013 403 200
3 277 748 735
3 748 735 413
3 413 277 735
3 413 277 748
3 277 255 748
3 277 255 352
3 277 748 352
3 748 352 255
3 493 352 1013
3 277 1013 352
3 493 277 1013
3 493 277 352
3 869 742 70
3 616 869 742
3 616 70 869
3 616 70 742
3 970 70 972
3 970 70 869
3 70 972 869
3 970 869 972
3 341 315 709
3 341 323 709
3 315 341 323
3 709 315 323
3 568 36 1026
3 568 36 709
3 568 1026 709
3 1026 709 36
3 341 36 709
3 1163 709 36
3 341 1163 709
3 341 36 1163
3 568 123 709
3 709 123 323
3 568 323 709
3 123 568 323
3 675 504 721
3 675 504 1059
3 1059 721 504
3 675 1059 721
3 788 504 863
3 863 721 504
3 721 504 788
3 863 721 788
3 504 721 704
3 1012 504 704
3 721 704 1012
3 721 504 1012
3 1034 57 552
3 552 220 1034
3 220 57 1034
3 552 220 57
3 1059 1034 222
3 220 1059 1034
3 222 220 1034
3 222 220 1059
3 504 220 1047
3 220 1059 1047
3 1059 1047 504
3 504 220 1059
3 57 220 219
3 1047 57 219
3 220 57 1047
3 220 219 1047
3 553 552 1034
3 1034 163 552
3 163 553 552
3 553 163 1034
3 163 1191 552
3 163 158 552
3 1191 552 158
3 163 158 1191
3 450 163 1191
3 163 1191 802
3 1191 802 450
3 450 163 802
3 831 163 802
3 553 163 831
3 802 553 163
3 802 553 831
3 553 305 717
3 553 163 717
3 163 553 305
3 717 163 305
3 687 163 1191
3 687 163 305
3 163 1191 305
3 687 305 1191
3 370 110 1156
3 370 110 1137
3 1156 1137 110
3 370 1156 1137
3 346 110 843
3 346 110 884
3 884 843 110
3 346 884 843
3 110 1137 884
3 1137 884 330
3 330 110 884
3 330 110 1137
3 450 373 1191
3 800 450 373
3 800 450 1191
3 1191 373 800
3 373 330 1183
3 373 330 800
3 373 1183 800
3 1183 800 330
3 330 800 436
3 795 436 800
3 795 330 436
3 795 330 800
3 1191 795 687
3 1191 795 800
3 795 687 800
3 800 687 1191
3 1162 813 300
3 1162 813 1071
3 813 300 1071
3 1071 300 1162
3 186 1162 1161
3 1162 1161 38
3 186 38 1161
3 186 38 1162
3 300 186 1162
3 300 186 957
3 186 1162 957
3 1162 957 300
3 186 1162 1086
3 1162 1086 95
3 186 95 1086
3 186 95 1162
3 1161 18 627
3 18 680 627
3 680 18 1161
3 680 627 1161
3 680 38 1161
3 38 1161 934
3 1161 934 680
3 680 38 934
3 1026 934 974
3 974 680 1026
3 1026 934 680
3 934 680 974
3 1026 18 568
3 680 18 1026
3 680 568 1026
3 18 680 568
3 447 18 953
3 953 680 18
3 447 18 680
3 447 953 680
3 682 680 934
3 447 682 680
3 682 447 934
3 934 447 680
3 226 168 173
3 226 168 1156
3 168 1156 173
3 226 173 1156
3 627 186 1161
3 186 168 1161
3 1161 168 627
3 627 186 168
3 168 186 173
3 1086 168 173
3 186 173 1086
3 186 168 1086
3 1156 627 140
3 168 1156 627
3 168 140 627
3 168 140 1156
3 1156 843 110
3 168 1156 843
3 168 110 1156
3 168 110 843
3 186 168 957
3 957 168 843
3 843 186 168
3 843 186 957
3 938 495 793
3 793 536 938
3 793 536 495
3 536 495 938
3 1167 938 534
3 536 1167 938
3 536 534 938
3 536 534 1167
3 4 1168 1167
3 536 4 1167
3 536 4 1168
3 1168 1167 536
3 1168 495 1015
3 536 495 1168
3 1015 536 1168
3 1015 536 495
3 1136 495 579
3 579 536 495
3 579 536 1136
3 536 495 1136
3 1167 1136 268
3 536 1167 1136
3 536 268 1167
3 536 268 1136
3 1046 926 976
3 976 37 1046
3 1046 926 37
3 926 37 976
3 1160 1046 679
3 37 1160 1046
3 679 37 1046
3 679 37 1160
3 1160 921 183
3 183 37 1160
3 183 37 921
3 37 1160 921
3 896 37 926
3 896 37 1165
3 1165 926 37
3 896 1165 926
3 926 921 1070
3 37 926 921
3 1070 37 921
3 926 37 1070
3 386 1165 1160
3 1165 1160 37
3 386 37 1160
3 386 37 1165
3 248 564 528
3 564 528 929
3 929 248 528
3 564 248 929
3 564 464 929
3 96 929 464
3 564 96 464
3 564 96 929
3 528 929 750
3 929 750 280
3 528 280 929
3 528 280 750
3 280 96 929
3 929 475 280
3 280 96 475
3 96 929 475
3 450 39 802
3 450 39 707
3 450 802 707
3 802 707 39
3 550 450 373
3 450 373 707
3 707 373 550
3 550 450 707
3 550 534 938
3 550 534 707
3 534 938 707
3 938 707 550
3 39 707 415
3 534 415 707
3 534 39 415
3 534 39 707
3 185 10 1051
3 185 1051 697
3 1051 697 10
3 185 10 697
3 755 185 697
3 232 185 755
3 697 232 185
3 697 232 755
3 713 284 734
3 734 384 713
3 384 284 713
3 734 384 284
3 1159 713 604
3 384 1159 713
3 604 384 713
3 604 384 1159
3 616 384 869
3 616 384 1159
3 1159 869 616
3 384 1159 869
3 869 284 970
3 970 384 284
3 384 284 869
3 970 384 869
3 947 944 286
3 859 286 944
3 859 947 944
3 859 286 947
3 944 605 1076
3 859 605 944
3 1076 859 944
3 1076 859 605
3 129 608 605
3 608 605 859
3 608 129 859
3 859 129 605
3 859 426 947
3 947 608 426
3 608 426 859
3 947 608 859
3 473 204 950
3 950 551 473
3 204 950 551
3 473 204 551
3 473 139 624
3 473 139 551
3 624 551 473
3 139 624 551
3 473 63 563
3 473 63 551
3 563 551 473
3 63 563 551
3 994 727 303
3 500 303 994
3 500 994 727
3 500 303 727
3 994 992 129
3 500 994 992
3 500 129 994
3 500 129 992
3 542 477 994
3 994 477 500
3 542 500 994
3 477 542 500
3 919 768 770
3 919 768 22
3 770 22 919
3 768 22 770
3 107 770 647
3 768 647 770
3 768 107 647
3 768 107 770
3 770 919 825
3 919 825 97
3 770 97 825
3 770 97 919
3 1009 770 825
3 825 107 1009
3 770 107 825
3 1009 770 107
3 281 22 992
3 281 22 919
3 992 919 281
3 22 992 919
3 992 751 281
3 129 992 751
3 281 129 751
3 281 129 992
3 320 930 751
3 930 751 281
3 320 281 751
3 320 281 930
3 281 97 930
3 281 97 919
3 97 930 919
3 930 919 281
3 204 950 919
3 950 919 281
3 281 204 950
3 281 204 919
3 523 950 751
3 523 281 751
3 523 281 950
3 950 751 281
3 605 256 1076
3 605 89 256
3 89 1076 256
3 605 89 1076
3 256 251 794
3 256 251 89
3 794 89 256
3 251 89 794
3 1006 251 271
3 251 89 271
3 271 89 1006
3 1006 251 89
3 381 1179 1076
3 381 89 1076
3 381 89 1179
3 1179 1076 89
3 1076 1006 941
3 89 1076 1006
3 941 89 1006
3 941 89 1076
3 1179 251 529
3 1179 251 89
3 251 89 529
3 529 89 1179
3 1035 1 995
3 995 554 1035
3 554 1 1035
3 995 554 1
3 556 554 1065
3 1065 718 556
3 554 1065 718
3 556 554 718
3 1144 554 1
3 1144 554 832
3 554 1 832
3 832 1 1144
3 730 554 718
3 730 554 1
3 554 1 718
3 718 1 730
3 1065 832 318
3 554 1065 832
3 554 318 1065
3 554 318 832
3 1186 606 254
3 254 58 1186
3 58 1186 606
3 254 58 606
3 995 221 1035
3 1035 58 995
3 221 58 1035
3 995 221 58
3 1048 58 606
3 221 58 1048
3 606 221 1048
3 606 221 58
3 752 221 1064
3 752 221 58
3 221 58 1064
3 1064 58 752
3 81 58 1186
3 81 58 752
3 1186 752 81
3 58 1186 752
3 316 1188 1035
3 316 223 1188
3 316 223 1035
3 1188 1035 223
3 591 1188 1147
3 1188 1147 223
3 591 223 1188
3 591 223 1147
3 1147 871 676
3 676 223 1147
3 676 223 871
3 223 1147 871
3 1035 871 221
3 223 1035 871
3 223 221 871
3 223 221 1035
3 554 1065 1035
3 554 223 1035
3 554 223 1065
3 1065 1035 223
3 1147 1065 539
3 223 1147 1065
3 539 223 1147
3 539 223 1065
3 1045 133 389
3 391 389 1045
3 391 133 1045
3 133 391 389
3 1045 647 391
3 732 391 1045
3 647 391 732
3 1045 647 732
3 1061 133 519
3 519 391 133
3 519 391 1061
3 391 133 1061
3 1061 647 391
3 391 107 1061
3 391 107 647
3 107 1061 647
3 641 407 755
3 407 1029 755
3 641 407 1029
3 1029 755 641
3 234 913 407
3 913 407 336
3 336 234 407
3 336 234 913
3 407 336 755
3 697 407 755
3 755 336 697
3 697 407 336
3 838 733 873
3 838 733 712
3 733 712 873
3 873 712 838
3 653 395 838
3 838 395 873
3 873 653 838
3 873 653 395
3 588 94 1123
3 1123 94 1077
3 1077 588 94
3 1077 588 1123
3 355 94 1085
3 94 1085 1077
3 1085 1077 355
3 355 94 1077
3 900 355 441
3 900 355 1077
3 355 1077 441
3 900 441 1077
3 900 860 1077
3 1077 860 1123
3 1123 900 860
3 1123 900 1077
3 1077 161 1123
3 1077 161 1120
3 1077 1123 1120
3 1123 1120 161
3 1120 355 1140
3 1077 355 1120
3 1140 1077 355
3 1140 1077 1120
3 716 419 775
3 419 775 513
3 716 419 513
3 716 513 775
3 440 419 756
3 440 419 513
3 419 756 513
3 756 513 440
3 886 440 463
3 440 513 463
3 513 463 886
3 513 440 886
3 716 289 763
3 716 513 763
3 289 763 513
3 716 289 513
3 440 289 999
3 440 289 513
3 999 513 440
3 289 999 513
3 895 798 90
3 593 90 798
3 593 90 895
3 593 895 798
3 619 548 849
3 619 593 849
3 548 619 593
3 849 548 593
3 849 798 393
3 593 849 798
3 593 393 798
3 593 393 849
3 895 548 198
3 895 548 593
3 548 198 593
3 593 198 895
3 481 345 895
3 593 481 895
3 593 481 345
3 895 345 593
3 470 345 849
3 593 470 849
3 849 345 593
3 593 470 345
3 472 235 949
3 962 949 235
3 472 235 962
3 472 962 949
3 844 235 1043
3 1043 235 962
3 962 844 235
3 962 844 1043
3 1043 410 181
3 962 181 1043
3 410 181 962
3 1043 410 962
3 472 444 560
3 472 962 560
3 962 560 444
3 472 444 962
3 472 410 623
3 472 410 962
3 962 623 410
3 472 962 623
3 833 444 1043
3 1043 444 962
3 962 833 1043
3 962 833 444
3 954 951 56
3 301 56 954
3 301 954 951
3 301 56 951
3 253 56 1074
3 253 56 951
3 1074 951 56
3 253 1074 951
3 1149 1140 80
3 580 1149 1140
3 580 80 1149
3 580 80 1140
3 1149 983 91
3 580 1149 983
3 580 91 983
3 580 91 1149
3 1120 580 1140
3 1140 301 1120
3 580 301 1140
3 1120 580 301
3 977 188 290
3 290 287 977
3 290 287 188
3 287 188 977
3 427 135 977
3 135 427 290
3 427 290 977
3 977 135 290
3 189 188 662
3 662 290 189
3 188 662 290
3 189 188 290
3 360 189 423
3 290 189 360
3 423 290 189
3 423 290 360
3 708 360 977
3 708 290 360
3 708 290 977
3 290 977 360
3 465 16 1127
3 465 16 1011
3 1127 1011 465
3 16 1127 1011
3 465 91 983
3 465 1011 983
3 465 91 1011
3 1011 983 91
3 1080 361 594
3 361 279 594
3 1080 361 279
3 594 279 1080
3 980 594 326
3 361 980 594
3 361 326 594
3 361 326 980
3 361 272 980
3 361 272 379
3 361 980 379
3 980 379 272
3 361 279 379
3 914 361 379
3 379 279 914
3 914 361 279
3 318 279 1080
3 318 279 628
3 1080 628 279
3 318 1080 628
3 318 832 628
3 652 318 628
3 652 628 832
3 652 318 832
3 56 904 628
3 652 56 904
3 652 628 904
3 652 56 628
3 279 56 951
3 279 56 628
3 56 951 628
3 951 628 279
3 1097 701 338
3 338 98 701
3 98 1097 701
3 338 98 1097
3 708 701 1073
3 98 708 701
3 1073 98 701
3 708 98 1073
3 860 708 977
3 708 98 977
3 860 708 98
3 977 98 860
3 601 1143 1097
3 601 98 1097
3 601 98 1143
3 1143 1097 98
3 900 98 860
3 900 98 1097
3 98 1097 860
3 900 860 1097
3 1143 708 899
3 1143 708 98
3 708 98 899
3 899 98 1143
3 1042 234 626
3 830 234 1042
3 234 830 626
3 830 626 1042
3 1029 234 407
3 830 407 1029
3 234 830 407
3 830 234 1029
3 759 574 828
3 759 574 145
3 828 145 759
3 574 145 828
3 759 73 760
3 73 760 645
3 759 73 645
3 759 645 760
3 759 828 760
3 819 759 760
3 819 760 828
3 819 759 828
3 866 366 156
3 866 366 774
3 366 156 774
3 774 156 866
3 379 340 914
3 379 340 866
3 379 914 866
3 914 866 340
3 340 156 738
3 340 156 866
3 340 866 738
3 866 738 156
3 774 379 272
3 379 272 866
3 866 272 774
3 774 379 866
3 506 211 145
3 211 145 483
3 506 211 483
3 483 145 506
3 1028 211 483
3 211 1042 483
3 1028 483 1042
3 1028 211 1042
3 1042 866 340
3 211 1042 866
3 340 211 866
3 340 211 1042
3 211 145 645
3 645 145 759
3 759 211 145
3 759 211 645
3 774 211 866
3 866 145 774
3 211 145 866
3 774 211 145
3 830 211 1042
3 830 211 645
3 211 1042 645
3 830 645 1042
3 265 224 1199
3 265 224 650
3 224 1199 650
3 1199 650 265
3 1199 292 814
3 1199 292 265
3 814 265 1199
3 292 265 814
3 292 265 576
3 576 265 1128
3 1128 292 576
3 1128 292 265
3 1128 650 265
3 108 1128 650
3 265 108 650
3 265 108 1128
3 1013 967 93
3 479 93 967
3 479 1013 967
3 479 93 1013
3 967 212 1053
3 479 212 967
3 1053 479 212
3 1053 479 967
3 967 25 1121
3 1121 1053 967
3 25 1121 1053
3 967 25 1053
3 1121 93 1151
3 967 93 1121
3 1151 967 93
3 1151 967 1121
3 1068 93 811
3 967 811 1068
3 967 93 1068
3 93 967 811
3 1068 1053 967
3 967 105 1068
3 105 1068 1053
3 967 105 1053
3 1189 1145 227
3 371 1189 1145
3 371 227 1189
3 371 227 1145
3 522 227 174
3 522 227 1189
3 1189 174 522
3 227 174 1189
3 1189 517 522
3 1189 517 141
3 522 141 1189
3 517 141 522
3 371 141 1189
3 371 141 1012
3 371 1189 1012
3 1189 1012 141
3 111 1198 1189
3 1198 1189 371
3 371 111 1198
3 371 111 1189
3 245 111 522
3 522 111 1189
3 1189 245 111
3 1189 245 522
3 62 57 1112
3 62 57 314
3 1112 314 62
3 57 1112 314
3 1112 808 62
3 496 62 808
3 496 62 1112
3 496 1112 808
3 1086 808 62
3 95 1086 808
3 95 62 808
3 95 62 1086
3 173 62 1086
3 173 62 314
3 173 1086 314
3 1086 314 62
3 319 141 1175
3 319 141 517
3 319 1175 517
3 1175 517 141
3 202 1175 1012
3 1175 1012 141
3 202 141 1012
3 202 141 1175
3 319 177 122
3 319 177 1175
3 1175 122 319
3 177 122 1175
3 1175 314 62
3 1175 314 319
3 319 62 1175
3 314 62 319
3 202 62 808
3 202 62 1175
3 1175 808 62
3 202 1175 808
3 566 820 667
3 820 667 1028
3 820 566 1028
3 1028 566 667
3 412 1117 615
3 1117 615 47
3 412 47 615
3 412 47 1117
3 954 412 615
3 954 412 339
3 615 339 954
3 412 339 615
3 405 339 412
3 405 339 1158
3 1158 412 339
3 405 1158 412
3 412 60 1117
3 405 60 412
3 1117 405 60
3 1117 405 412
3 465 206 983
3 1049 465 206
3 1049 465 983
3 983 206 1049
3 339 301 954
3 339 1049 954
3 1049 954 301
3 339 301 1049
3 283 99 983
3 983 99 1049
3 1049 283 983
3 1049 283 99
3 983 301 1049
3 1049 580 983
3 1049 580 301
3 580 301 983
3 99 1158 1049
3 1158 1049 339
3 339 99 1158
3 339 99 1049
3 1 1102 995
3 23 1 995
3 1102 995 23
3 23 1 1102
3 58 1186 995
3 1186 995 23
3 58 23 995
3 58 23 1186
3 995 922 9
3 23 995 922
3 23 9 995
3 23 9 922
3 791 353 443
3 665 443 791
3 353 665 443
3 665 353 791
3 526 166 621
3 166 665 621
3 665 621 526
3 526 166 665
3 791 166 719
3 665 166 791
3 719 665 166
3 719 665 791
3 353 269 665
3 353 269 1021
3 269 1021 665
3 1021 665 353
3 267 1195 659
3 269 267 659
3 269 267 1195
3 1195 659 269
3 166 665 659
3 665 659 269
3 269 166 659
3 269 166 665
3 578 1195 1021
3 1195 1021 269
3 578 269 1195
3 578 269 1021
3 827 269 1173
3 827 269 1021
3 827 1173 1021
3 1173 1021 269
3 49 1173 659
3 269 49 659
3 1173 659 269
3 269 49 1173
3 547 532 690
3 547 532 864
3 532 864 690
3 864 690 547
3 864 641 547
3 311 864 641
3 547 311 864
3 547 311 641
3 311 309 887
3 311 309 864
3 309 887 864
3 887 864 311
3 533 532 714
3 532 864 714
3 864 714 533
3 533 532 864
3 533 311 489
3 533 311 864
3 533 489 864
3 311 864 489
3 586 532 1103
3 27 1103 532
3 586 27 532
3 586 27 1103
3 864 27 532
3 309 27 864
3 532 309 864
3 532 309 27
3 153 83 955
3 83 1050 955
3 153 83 1050
3 1050 955 153
3 1050 583 153
3 984 153 1050
3 1050 583 984
3 583 153 984
3 984 599 466
3 599 466 1050
3 984 599 1050
3 1050 466 984
3 599 83 1084
3 599 83 1050
3 599 1084 1050
3 1084 1050 83
3 384 83 1159
3 1159 1050 83
3 384 83 1050
3 384 1159 1050
3 1050 284 984
3 384 284 1050
3 984 384 284
3 984 384 1050
3 639 466 946
3 946 343 639
3 639 466 343
3 466 343 946
3 166 639 621
3 639 621 343
3 343 166 639
3 343 166 621
3 621 343 623
3 623 343 372
3 621 372 623
3 343 621 372
3 466 108 1128
3 466 343 1128
3 466 108 343
3 108 1128 343
3 466 372 984
3 343 466 372
3 466 343 984
3 984 343 372
3 108 839 343
3 621 108 343
3 621 108 839
3 621 343 839
3 1028 952 259
3 667 1028 952
3 667 259 1028
3 667 259 952
3 296 153 583
3 296 153 952
3 296 952 583
3 952 583 153
3 667 296 952
3 190 667 296
3 952 190 296
3 667 190 952
3 259 153 955
3 153 955 952
3 955 952 259
3 259 153 952
3 762 96 464
3 762 96 911
3 96 911 464
3 762 464 911
3 911 862 762
3 776 762 862
3 776 762 911
3 776 911 862
3 811 782 297
3 144 811 782
3 297 144 811
3 297 144 782
3 811 709 36
3 144 36 811
3 144 811 709
3 144 36 709
3 811 735 93
3 144 811 735
3 144 93 811
3 144 93 735
3 862 400 514
3 776 400 862
3 776 514 862
3 400 776 514
3 400 315 323
3 400 315 1037
3 315 1037 323
3 400 323 1037
3 123 514 323
3 400 323 514
3 400 123 323
3 400 123 514
3 538 222 657
3 538 222 1001
3 222 1001 657
3 1001 657 538
3 1001 571 538
3 1001 571 1017
3 1017 538 1001
3 571 538 1017
3 1017 675 297
3 675 297 1001
3 1017 675 1001
3 1001 297 1017
3 675 222 1059
3 1059 1001 222
3 675 222 1001
3 675 1059 1001
3 309 308 882
3 882 27 308
3 27 309 308
3 309 27 882
3 882 262 308
3 455 308 882
3 262 455 308
3 455 262 882
3 829 1008 878
3 1008 878 45
3 829 45 878
3 829 45 1008
3 829 406 414
3 829 406 878
3 829 414 878
3 406 878 414
3 321 640 406
3 878 321 406
3 640 321 878
3 640 406 878
3 640 45 804
3 640 45 878
3 878 804 640
3 45 878 804
3 903 45 427
3 45 878 427
3 878 427 903
3 878 45 903
3 130 903 406
3 878 406 903
3 878 130 406
3 878 130 903
3 304 786 784
3 786 304 1032
3 786 784 1032
3 1032 304 784
3 786 394 885
3 786 394 1032
3 1032 885 786
3 394 1032 885
3 784 391 133
3 1032 133 784
3 391 133 1032
3 784 391 1032
3 394 391 647
3 394 391 1032
3 1032 647 391
3 394 1032 647
3 368 139 777
3 1072 777 368
3 368 139 1072
3 139 1072 777
3 382 368 700
3 700 368 1072
3 1072 382 368
3 1072 382 700
3 700 196 154
3 1072 154 700
3 196 154 1072
3 700 196 1072
3 196 139 1002
3 196 139 1072
3 1072 1002 196
3 139 1072 1002
3 1137 894 370
3 1016 370 1137
3 1137 894 1016
3 894 370 1016
3 496 158 1112
3 496 1112 1016
3 496 158 1016
3 1112 1016 158
3 894 1163 1016
3 1163 1016 158
3 894 158 1163
3 894 158 1016
3 1137 496 451
3 1137 496 1016
3 496 451 1016
3 1016 451 1137
3 1016 330 1137
3 800 330 1016
3 1137 800 330
3 1137 800 1016
3 800 158 1191
3 1191 1016 158
3 800 158 1016
3 800 1191 1016
3 583 453 569
3 583 453 296
3 453 296 569
3 569 296 583
3 395 372 623
3 395 372 569
3 623 569 395
3 372 623 569
3 453 873 569
3 873 569 395
3 453 395 569
3 453 395 873
3 372 984 569
3 583 569 984
3 583 372 569
3 583 372 984
3 583 332 1151
3 583 332 569
3 583 569 1151
3 332 1151 569
3 569 246 395
3 332 246 569
3 395 332 246
3 395 332 569
3 675 297 721
3 297 675 562
3 721 297 562
3 675 562 721
3 297 127 782
3 297 127 562
3 297 782 562
3 782 562 127
3 141 127 517
3 127 562 517
3 141 127 562
3 562 517 141
3 141 1012 562
3 721 562 1012
3 721 141 1012
3 721 141 562
3 721 124 788
3 721 562 788
3 124 788 562
3 721 124 562
3 127 124 33
3 127 124 562
3 562 33 127
3 124 33 562
3 314 220 57
3 220 57 1063
3 1063 57 314
3 314 220 1063
3 220 105 1059
3 220 105 1063
3 1063 1059 220
3 105 1063 1059
3 226 105 986
3 105 1063 986
3 1063 986 226
3 226 105 1063
3 314 226 173
3 314 226 1063
3 226 173 1063
3 1063 173 314
3 314 1063 319
3 398 319 1063
3 398 314 1063
3 398 314 319
3 398 105 1053
3 398 105 1063
3 105 1063 1053
3 1063 1053 398
3 350 265 492
3 492 292 350
3 492 292 265
3 292 265 350
3 506 348 492
3 506 348 238
3 348 238 492
3 492 238 506
3 265 650 492
3 506 265 650
3 506 265 492
3 506 492 650
3 889 492 350
3 348 889 492
3 350 348 492
3 350 348 889
3 574 350 421
3 492 350 574
3 350 492 421
3 492 421 574
3 492 145 574
3 492 145 506
3 574 506 492
3 145 574 506
3 347 164 487
3 164 491 487
3 347 164 491
3 491 487 347
3 573 164 928
3 928 491 164
3 491 164 573
3 928 491 573
3 264 164 649
3 264 164 491
3 649 491 164
3 264 649 491
3 1109 1075 126
3 126 20 1075
3 126 20 1109
3 20 1109 1075
3 711 126 1075
3 126 1075 851
3 711 126 851
3 1075 851 711
3 687 126 1075
3 126 1075 795
3 687 126 795
3 1075 795 687
3 110 109 843
3 874 843 110
3 110 109 874
3 109 874 843
3 451 110 1137
3 451 110 874
3 110 1137 874
3 1137 874 451
3 451 306 722
3 451 306 874
3 451 874 722
3 874 722 306
3 989 948 490
3 490 478 948
3 490 478 989
3 478 989 948
3 1071 38 1162
3 1162 478 38
3 1162 478 1071
3 478 38 1071
3 948 38 934
3 478 38 948
3 934 478 948
3 934 478 38
3 1071 989 478
3 478 199 1071
3 478 199 989
3 199 1071 989
3 989 897 92
3 478 92 989
3 478 92 897
3 478 989 897
3 897 38 1052
3 1052 478 38
3 478 38 897
3 1052 478 897
3 929 520 528
3 520 337 528
3 528 337 929
3 929 520 337
3 710 520 1041
3 710 520 337
3 520 337 1041
3 1041 337 710
3 783 520 881
3 783 520 337
3 520 337 881
3 881 337 783
3 697 664 755
3 755 357 697
3 697 664 357
3 664 357 755
3 357 822 697
3 357 10 697
3 357 10 822
3 822 697 10
3 822 819 760
3 760 357 822
3 760 357 819
3 357 822 819
3 664 257 998
3 664 357 998
3 257 998 357
3 664 257 357
3 454 257 822
3 822 257 357
3 257 454 357
3 454 357 822
3 1096 859 605
3 214 1096 859
3 605 214 859
3 605 214 1096
3 1096 700 84
3 214 84 1096
3 214 84 700
3 214 1096 700
3 500 22 992
3 22 992 365
3 500 22 365
3 500 365 992
3 1018 22 365
3 22 768 365
3 768 365 1018
3 768 22 1018
3 693 342 1018
3 693 365 1018
3 342 693 365
3 1018 342 365
3 584 500 727
3 500 365 727
3 727 365 584
3 584 500 365
3 477 342 500
3 500 342 365
3 342 477 365
3 477 365 500
3 1018 584 462
3 365 1018 584
3 462 365 1018
3 462 365 584
3 34 913 577
3 336 34 577
3 336 34 913
3 913 577 336
3 891 34 969
3 891 34 577
3 891 577 969
3 34 969 577
3 891 10 910
3 891 577 910
3 891 10 577
3 10 910 577
3 336 152 737
3 152 737 577
3 336 152 577
3 737 577 336
3 10 697 577
3 697 577 336
3 336 10 697
3 336 10 577
3 677 152 891
3 891 152 577
3 677 577 891
3 152 677 577
3 712 446 901
3 712 446 838
3 901 838 446
3 712 901 838
3 668 901 737
3 901 737 446
3 668 446 901
3 668 446 737
3 737 407 336
3 446 336 737
3 407 336 446
3 737 407 446
3 838 407 1029
3 838 407 446
3 407 1029 446
3 838 446 1029
3 653 446 838
3 653 446 739
3 446 838 739
3 838 739 653
3 157 739 737
3 739 737 446
3 446 157 737
3 446 157 739
3 580 135 1149
3 295 135 580
3 1149 295 135
3 1149 295 580
3 951 361 279
3 295 951 361
3 295 279 361
3 295 279 951
3 301 295 580
3 301 295 951
3 951 580 301
3 295 951 580
3 361 135 980
3 980 295 361
3 980 295 135
3 295 135 361
3 189 135 290
3 135 295 290
3 295 290 189
3 189 135 295
3 253 189 951
3 295 253 951
3 951 189 295
3 295 253 189
3 914 889 567
3 567 172 914
3 172 914 889
3 567 172 889
3 914 409 340
3 340 172 914
3 172 914 409
3 340 172 409
3 914 628 279
3 172 914 628
3 279 172 914
3 279 172 628
3 459 411 614
3 411 747 614
3 459 411 747
3 747 614 459
3 614 338 1114
3 411 338 614
3 1114 411 614
3 1114 411 338
3 338 78 1177
3 1177 411 338
3 78 1177 411
3 338 78 411
3 411 243 747
3 404 243 411
3 747 404 411
3 747 404 243
3 747 78 411
3 78 420 411
3 420 411 747
3 420 78 747
3 404 338 1097
3 404 338 411
3 1097 411 338
3 404 1097 411
3 459 1139 747
3 459 274 1139
3 1139 747 274
3 459 274 747
3 364 1139 1070
3 1139 1070 274
3 364 274 1139
3 364 274 1070
3 926 781 1070
3 926 274 1070
3 926 274 781
3 274 1070 781
3 420 988 747
3 420 274 747
3 420 274 988
3 988 747 274
3 243 781 747
3 781 747 274
3 274 243 781
3 274 243 747
3 1070 988 588
3 274 1070 988
3 588 274 1070
3 588 274 988
3 830 73 645
3 645 510 830
3 645 510 73
3 510 73 830
3 886 830 234
3 510 886 830
3 510 234 830
3 510 234 886
3 684 1033 886
3 684 510 886
3 684 510 1033
3 1033 886 510
3 1033 73 508
3 510 73 1033
3 510 508 1033
3 73 510 508
3 716 73 761
3 761 510 73
3 761 510 716
3 510 73 716
3 886 716 513
3 510 886 716
3 513 510 886
3 513 510 716
3 830 645 1029
3 830 104 1029
3 104 1029 645
3 830 104 645
3 641 547 1029
3 641 104 1029
3 104 1029 547
3 641 104 547
3 1029 873 838
3 104 1029 873
3 838 104 1029
3 838 104 873
3 331 111 1198
3 331 111 1066
3 1198 1066 331
3 111 1198 1066
3 1172 1066 331
3 331 170 1066
3 331 170 1172
3 170 1172 1066
3 348 331 1066
3 331 1066 889
3 348 331 889
3 1066 889 348
3 820 465 206
3 820 465 945
3 945 206 820
3 465 206 945
3 465 238 1011
3 465 1011 945
3 1011 945 238
3 465 238 945
3 483 238 506
3 483 238 945
3 945 506 483
3 238 945 506
3 1028 945 820
3 820 483 1028
3 483 1028 945
3 820 483 945
3 1175 1150 177
3 202 1175 1150
3 202 177 1175
3 202 177 1150
3 814 177 1199
3 814 177 1150
3 1199 1150 177
3 814 1199 1150
3 1023 25 1121
3 1121 1105 1023
3 25 1121 1105
3 1023 25 1105
3 1121 358 1151
3 1023 358 1121
3 1151 1023 1121
3 1151 1023 358
3 358 95 1086
3 1086 1023 358
3 358 95 1023
3 95 1086 1023
3 1023 712 1105
3 901 712 1023
3 1105 901 1023
3 1105 901 712
3 901 358 668
3 901 358 1023
3 358 1023 668
3 901 668 1023
3 416 291 733
3 416 291 557
3 733 557 416
3 291 733 557
3 1105 733 712
3 416 1105 733
3 712 416 733
3 712 416 1105
3 1169 1164 757
3 43 1169 1164
3 757 43 1164
3 757 43 1169
3 808 757 202
3 808 757 1169
3 1169 202 808
3 757 202 1169
3 496 451 808
3 1169 496 808
3 1169 496 451
3 808 451 1169
3 451 43 1169
3 1169 874 451
3 43 1169 874
3 451 43 874
3 149 23 1186
3 149 1186 815
3 149 23 815
3 1186 815 23
3 452 149 1198
3 1198 149 815
3 815 452 149
3 815 452 1198
3 815 371 1198
3 772 371 815
3 1198 772 815
3 1198 772 371
3 1020 23 1102
3 1102 815 23
3 1102 815 1020
3 815 23 1020
3 772 23 922
3 772 23 815
3 772 922 815
3 922 815 23
3 1198 1020 331
3 815 1198 1020
3 815 331 1198
3 815 331 1020
3 806 1092 827
3 1092 827 531
3 806 531 827
3 806 531 1092
3 576 1128 827
3 576 531 827
3 1128 827 531
3 576 531 1128
3 827 531 1021
3 1103 827 531
3 1103 827 1021
3 1021 531 1103
3 952 362 333
3 296 952 362
3 333 296 362
3 333 296 952
3 852 846 116
3 852 846 857
3 857 116 852
3 846 116 857
3 309 116 887
3 309 116 846
3 309 887 846
3 887 846 116
3 1037 550 275
3 550 275 590
3 590 275 1037
3 1037 550 590
3 671 590 911
3 911 590 776
3 776 671 590
3 776 671 911
3 671 550 590
3 550 707 590
3 671 590 707
3 671 550 707
3 1037 776 400
3 590 1037 776
3 590 400 1037
3 590 400 776
3 1037 1001 222
3 590 222 1037
3 590 222 1001
3 590 1037 1001
3 1001 671 590
3 1001 671 1017
3 1017 590 1001
3 671 590 1017
3 418 114 525
3 418 114 1157
3 1157 525 418
3 114 1157 525
3 525 85 474
3 114 85 525
3 474 114 85
3 474 114 525
3 634 114 85
3 634 114 1040
3 114 85 1040
3 1040 85 634
3 114 1157 1040
3 241 114 1157
3 1157 1040 241
3 241 114 1040
3 882 85 308
3 308 114 882
3 308 114 85
3 114 85 882
3 1157 1010 418
3 691 418 1010
3 691 418 1157
3 691 1157 1010
3 1010 546 826
3 691 546 1010
3 826 691 1010
3 826 691 546
3 546 691 582
3 691 582 1148
3 691 546 1148
3 1148 546 582
3 1157 806 241
3 691 241 1157
3 691 241 806
3 691 1157 806
3 806 546 1092
3 691 546 806
3 1092 691 806
3 1092 691 546
3 27 1103 308
3 27 24 1103
3 1103 308 24
3 27 24 308
3 1103 578 1021
3 1103 578 24
3 1021 24 1103
3 578 24 1021
3 150 1193 578
3 150 24 578
3 150 24 1193
3 1193 578 24
3 85 923 308
3 85 24 308
3 85 24 923
3 923 308 24
3 262 1193 308
3 1193 308 24
3 262 24 1193
3 262 24 308
3 923 578 773
3 923 578 24
3 578 24 773
3 773 24 923
3 1115 1032 394
3 521 394 1032
3 521 394 1115
3 521 1115 1032
3 1032 543 784
3 1032 543 521
3 784 521 1032
3 543 521 784
3 543 320 930
3 543 521 930
3 320 930 521
3 543 320 521
3 620 320 1115
3 1115 320 521
3 320 620 521
3 620 521 1115
3 1115 851 471
3 521 471 1115
3 521 471 851
3 521 1115 851
3 851 543 711
3 851 543 521
3 543 521 711
3 711 521 851
3 491 436 347
3 349 347 436
3 349 347 491
3 349 491 436
3 436 126 795
3 349 126 436
3 795 349 436
3 795 349 126
3 497 126 1109
3 1109 349 126
3 1109 349 497
3 349 126 497
3 264 497 491
3 497 491 349
3 349 264 497
3 349 264 491
3 491 471 573
3 491 349 573
3 573 349 471
3 349 491 471
3 471 126 851
3 349 126 471
3 851 349 126
3 851 349 471
3 306 40 924
3 306 40 861
3 924 861 306
3 40 924 861
3 711 40 1075
3 861 711 40
3 861 711 1075
3 1075 40 861
3 1075 109 20
3 1075 109 861
3 109 20 861
3 861 20 1075
3 109 874 861
3 874 861 306
3 306 109 874
3 306 109 861
3 306 305 717
3 306 861 717
3 861 717 305
3 306 305 861
3 687 305 1075
3 1075 305 861
3 861 687 1075
3 861 687 305
3 337 39 710
3 39 710 282
3 337 282 710
3 337 39 282
3 671 39 707
3 671 39 282
3 39 707 282
3 671 282 707
3 671 282 1017
3 1017 282 302
3 671 302 1017
3 282 671 302
3 337 302 783
3 282 337 302
3 783 282 302
3 337 282 783
3 337 282 929
3 96 929 282
3 337 96 929
3 337 96 282
3 671 96 911
3 671 96 282
3 671 282 911
3 96 911 282
3 947 214 859
3 859 705 947
3 705 214 947
3 859 705 214
3 63 947 551
3 705 551 947
3 705 63 947
3 705 63 551
3 139 1072 551
3 705 551 1072
3 705 139 1072
3 705 139 551
3 214 705 700
3 705 700 1072
3 1072 214 700
3 705 214 1072
3 770 204 919
3 919 898 204
3 770 204 898
3 770 919 898
3 726 204 801
3 204 898 801
3 726 204 898
3 898 801 726
3 705 204 551
3 705 204 898
3 204 898 551
3 705 551 898
3 348 172 889
3 348 889 643
3 889 643 172
3 348 172 643
3 1011 348 238
3 1011 348 643
3 348 238 643
3 643 238 1011
3 1011 652 16
3 643 16 1011
3 643 16 652
3 643 1011 652
3 652 172 628
3 643 172 652
3 643 628 652
3 172 643 628
3 961 172 409
3 172 643 409
3 643 409 961
3 643 172 961
3 1011 961 91
3 643 1011 961
3 643 91 1011
3 643 91 961
3 759 104 645
3 669 645 759
3 104 669 645
3 669 104 759
3 759 362 828
3 669 362 759
3 828 669 362
3 828 669 759
3 669 296 362
3 453 296 669
3 296 453 362
3 453 362 669
3 453 104 873
3 453 104 669
3 873 669 104
3 453 873 669
3 690 104 547
3 669 104 690
3 669 547 690
3 104 669 547
3 669 600 690
3 362 669 600
3 690 362 600
3 669 362 690
3 1066 225 170
3 1066 225 787
3 225 170 787
3 787 170 1066
3 225 1164 787
3 1164 787 7
3 225 7 1164
3 225 7 787
3 238 7 787
3 238 7 945
3 945 787 7
3 238 945 787
3 1066 245 111
3 787 111 1066
3 245 111 787
3 1066 245 787
3 348 238 1066
3 787 348 238
3 787 348 1066
3 1066 238 787
3 245 7 787
3 1113 787 7
3 245 1113 787
3 245 7 1113
3 566 177 1150
3 566 177 890
3 1150 890 566
3 177 1150 890
3 177 122 890
3 890 122 557
3 557 177 122
3 557 177 890
3 566 190 667
3 566 890 667
3 890 667 190
3 566 190 890
3 291 190 557
3 557 190 890
3 890 291 190
3 890 291 557
3 757 7 1164
3 757 7 1181
3 7 1181 1164
3 1181 1164 757
3 1150 820 566
3 1150 820 1181
3 820 566 1181
3 1181 566 1150
3 757 202 1181
3 1181 202 1150
3 1150 757 1181
3 1150 757 202
3 1181 945 820
3 7 1181 945
3 820 7 1181
3 820 7 945
3 66 7 1113
3 7 1181 1113
3 1181 1113 66
3 66 7 1181
3 814 66 1150
3 1181 814 1150
3 1150 66 1181
3 1181 814 66
3 1023 688 95
3 688 95 1105
3 1105 95 1023
3 1023 688 1105
3 1071 95 1162
3 688 95 1071
3 1162 688 95
3 1162 688 1071
3 1169 95 808
3 688 95 1169
3 808 688 95
3 808 688 1169
3 416 25 1105
3 416 1105 958
3 1105 958 25
3 416 25 958
3 416 122 958
3 958 557 416
3 122 958 557
3 416 122 557
3 398 122 319
3 122 958 319
3 398 319 958
3 398 122 958
3 398 25 1053
3 398 25 958
3 398 1053 958
3 1053 958 25
3 429 25 955
3 25 958 955
3 958 955 429
3 429 25 958
3 429 122 224
3 429 122 958
3 122 958 224
3 429 224 958
3 531 215 1092
3 531 215 425
3 531 425 1092
3 215 1092 425
3 215 857 425
3 846 425 857
3 846 215 425
3 846 215 857
3 309 27 846
3 846 27 425
3 425 309 27
3 425 309 846
3 531 108 1128
3 531 425 1128
3 108 1128 425
3 531 108 425
3 531 27 1103
3 531 425 1103
3 27 1103 425
3 531 27 425
3 839 108 846
3 846 108 425
3 108 839 425
3 839 425 846
3 915 362 333
3 915 362 600
3 362 333 600
3 600 333 915
3 410 181 526
3 915 410 526
3 915 410 181
3 526 181 915
3 586 353 600
3 600 353 915
3 915 586 600
3 915 586 353
3 600 181 867
3 600 181 915
3 915 867 181
3 600 915 867
3 526 353 665
3 526 915 665
3 915 665 353
3 526 353 915
3 421 116 852
3 1081 852 421
3 421 116 1081
3 116 1081 852
3 574 421 828
3 828 421 1081
3 1081 574 421
3 1081 574 828
3 362 333 828
3 1081 362 333
3 828 333 1081
3 1081 362 828
3 839 116 846
3 116 846 629
3 839 629 846
3 839 116 629
3 333 116 1081
3 333 116 629
3 116 1081 629
3 1081 629 333
3 526 333 915
3 915 629 333
3 526 915 629
3 526 333 629
3 621 526 839
3 839 526 629
3 629 621 526
3 629 621 839
3 609 259 839
3 629 609 839
3 629 609 259
3 839 259 629
3 333 259 952
3 333 259 629
3 952 629 333
3 259 952 629
3 323 144 709
3 323 709 518
3 323 144 518
3 709 518 144
3 1153 323 518
3 518 400 323
3 518 400 1153
3 400 323 1153
3 616 518 1153
3 413 616 518
3 1153 413 518
3 616 413 1153
3 144 132 782
3 782 518 144
3 132 782 518
3 144 132 518
3 413 144 735
3 413 144 518
3 735 518 144
3 413 735 518
3 1153 132 518
3 518 390 132
3 518 390 1153
3 390 132 1153
3 1153 869 616
3 616 216 1153
3 216 1153 869
3 616 216 869
3 1153 1058 390
3 216 1153 1058
3 390 216 1153
3 390 216 1058
3 1153 776 400
3 216 1153 776
3 400 216 1153
3 400 216 776
3 1148 872 766
3 766 457 872
3 766 457 1148
3 457 1148 872
3 114 1157 882
3 457 114 882
3 457 114 1157
3 1157 882 457
3 882 872 455
3 457 882 872
3 457 455 882
3 457 455 872
3 691 1157 1148
3 1157 1148 457
3 691 457 1157
3 691 457 1148
3 309 887 882
3 457 309 882
3 457 309 887
3 887 882 457
3 1096 524 749
3 749 617 524
3 617 524 1096
3 749 617 1096
3 247 996 524
3 617 247 524
3 617 524 996
3 617 247 996
3 519 1061 524
3 617 524 1061
3 617 519 524
3 617 519 1061
3 112 79 557
3 557 79 890
3 890 112 79
3 890 112 557
3 412 112 79
3 412 112 1117
3 1117 79 412
3 112 79 1117
3 1083 890 566
3 79 1083 890
3 566 79 1083
3 566 79 890
3 566 206 820
3 566 206 1083
3 1083 820 566
3 206 1083 820
3 339 206 1049
3 206 1083 1049
3 1083 1049 339
3 339 206 1083
3 339 79 412
3 339 79 1083
3 1083 412 339
3 79 1083 412
3 225 170 879
3 631 225 879
3 879 170 631
3 631 225 170
3 225 43 1164
3 225 43 879
3 225 1164 879
3 1164 879 43
3 109 43 874
3 43 879 874
3 879 874 109
3 109 43 879
3 879 79 631
3 112 79 879
3 631 112 879
3 631 112 79
3 631 109 879
3 879 20 631
3 109 20 879
3 631 109 20
3 1081 819 828
3 828 460 1081
3 819 460 828
3 1081 819 460
3 116 1081 887
3 1081 887 460
3 460 116 1081
3 460 116 887
3 887 664 311
3 460 311 887
3 460 311 664
3 460 887 664
3 819 664 357
3 460 819 664
3 460 357 664
3 460 357 819
3 582 1148 819
3 582 460 819
3 582 460 1148
3 1148 819 460
3 457 1148 887
3 1148 887 460
3 460 457 887
3 460 457 1148
3 678 475 498
3 678 498 892
3 678 475 892
3 475 892 498
3 678 216 1058
3 678 216 892
3 678 1058 892
3 1058 892 216
3 970 216 869
3 216 892 869
3 892 869 970
3 892 216 970
3 96 911 475
3 892 96 475
3 892 96 911
3 892 475 911
3 203 970 475
3 892 475 970
3 892 203 475
3 892 203 970
3 911 216 776
3 892 216 911
3 892 776 911
3 216 892 776
3 617 214 1096
3 1142 1096 214
3 617 1142 1096
3 617 214 1142
3 705 214 898
3 898 214 1142
3 1142 705 214
3 1142 705 898
3 770 107 898
3 1142 770 898
3 1142 770 107
3 898 107 1142
3 617 107 1061
3 617 107 1142
3 1142 1061 107
3 617 1142 1061
3 617 71 996
3 617 1142 996
3 1142 996 71
3 617 71 1142
3 726 71 898
3 898 71 1142
3 1142 726 898
3 1142 726 71
3 1129 1117 199
3 199 112 1129
3 112 1129 1117
3 199 112 1117
3 688 199 1071
3 688 199 1129
3 1129 1071 199
3 688 1129 1071
3 688 416 1105
3 688 1129 1105
3 1129 1105 416
3 688 416 1129
3 112 43 879
3 112 1129 879
3 1129 879 43
3 112 43 1129
3 416 112 557
3 416 112 1129
3 1129 557 416
3 112 1129 557
3 688 43 1169
3 688 43 1129
3 1169 1129 688
3 43 1169 1129
3 206 1083 575
3 206 143 1083
3 206 143 575
3 1083 575 143
3 79 1083 631
3 1083 631 143
3 143 79 1083
3 143 79 631
3 170 1172 631
3 170 143 631
3 170 143 1172
3 1172 631 143
3 374 1172 575
3 1172 575 143
3 374 143 1172
3 374 143 575
3 497 1109 575
3 497 143 575
3 497 143 1109
3 1109 575 143
3 20 1109 631
3 1109 631 143
3 143 20 631
3 143 20 1109
5 842 162 969 807 961
5 34 424 409 738 971
5 283 91 685 741 868
5 634 254 149 1125 1197
5 103 758 809 1186 606
5 26 399 752 1176 1024
5 88 174 1064 1196 940
5 638 247 1108 1014 909
5 789 1145 978 375 59
5 207 30 524 996 728
5 198 698 1106 656 865
5 312 548 1069 376 461
5 380 81 17 997 943
5 433 1184 809 689 417
5 982 1138 433 399 213
5 136 273 925 1196 997
5 137 363 920 1099 17
5 191 833 610 136 137
5 821 1141 1138 1060 484
5 242 115 740 1180 597
5 155 86 1119 1182 799
5 408 1111 579 468 240
5 29 1039 1136 495 61
5 5 1155 985 893 155
5 486 824 810 1082 661
5 80 92 1067 985 516
5 137 76 1146 1125 595
5 115 458 767 810 916
5 21 756 1036 1000 294
5 610 327 344 1106 965
5 422 117 840 1060 719
5 354 1180 870 840 527
5 622 435 799 449 0
5 484 260 334 376 480
5 937 5 61 201 703
5 408 456 764 779 1174
5 12 673 1015 1111 902
5 41 826 644 508 681
5 1062 258 68 546 1010
5 1025 916 230 602 162
5 194 971 868 1152 756
5 60 490 1057 1152 237
5 1082 230 682 948 989
5 636 649 1194 1004 906
5 264 164 1124 1190 813
5 157 152 490 637 70
5 737 739 742 745 351
5 250 255 261 654 247
5 88 59 396 607 604
5 352 991 993 996 789
5 493 638 71 298 498
5 678 731 728 726 90
5 476 993 607 217 198
5 298 895 548 1030 261
5 798 801 1078 935 1058
5 568 36 894 779 561
5 140 370 908 1026 18
5 570 464 937 1166 1000
5 762 764 767 812 1122
5 458 456 902 564 461
5 228 183 299 1003 1185
5 364 138 118 1160 921
5 243 148 648 1062 236
5 229 681 976 781 695
5 138 459 837 834 192
5 55 614 434 439 252
5 268 683 1027 354 270
5 19 125 435 660 397
5 14 824 1089 740 456
5 266 3 587 920 1135
5 982 67 134 1031 987
5 799 686 415 1167 1136
5 710 125 724 1171 802
5 329 792 1041 831 15
5 563 537 44 845 963
5 252 931 1007 544 725
5 138 596 1126 987 313
5 439 119 3 672 1003
5 286 434 1185 1087 587
5 84 430 1060 1170 382
5 0 368 700 1134 610
5 244 1139 1003 905 635
5 84 154 1005 1108 749
5 375 51 754 1134 940
5 196 700 1096 524 59
5 743 118 82 381 944
5 655 32 381 1126 1056
5 476 90 541 523 931
5 298 182 963 950 801
5 877 523 473 63 426
5 674 101 834 1132 699
5 527 182 101 765 167
5 481 939 435 1093 476
5 101 895 798 432 845
5 229 474 1079 303 601
5 236 959 729 210 180
5 128 1099 1196 978 64
5 968 213 389 1133 1014
5 213 732 515 529 32
5 1179 920 925 147 251
5 525 1062 1143 727 193
5 41 899 584 437 418
5 582 766 763 761 760
5 1148 819 822 936 872
5 454 1119 1036 775 761
5 242 692 910 822 257
5 503 505 676 581 942
5 818 1147 871 1048 367
5 106 968 1005 250 227
5 588 287 888 1174 1015
5 94 61 77 744 1123
5 26 968 780 850 430
5 549 449 28 883 1036
5 686 28 847 965 1093
5 560 76 997 1134 1131
5 26 417 723 494 154
5 263 698 1131 833 385
5 758 46 402 438 1141
5 322 613 1197 1100 191
5 260 430 433 438 444
5 35 21 237 741 973
5 999 194 35 893 778
5 121 468 824 1025 445
5 440 289 927 1089 916
5 35 1067 1166 883 86
5 1039 228 679 973 985
5 1160 233 240 486 1046
5 419 230 953 812 692
5 69 447 1152 775 670
5 419 440 1022 969 42
5 682 42 910 1051 509
5 185 1118 1106 570 69
5 232 422 376 1122 509
5 666 661 842 130 441
5 87 516 741 738 736
5 41 601 404 87 769
5 769 976 973 971 366
5 648 1019 1022 1025 1046
5 602 661 1149 983 99
5 303 841 960 360 899
5 708 469 611 959 1143
5 598 423 633 994 727
5 171 960 817 725 278
5 537 699 1094 633 611
5 642 469 197 1132 856
5 278 377 481 635 55
5 340 156 1022 913 626
5 184 1033 648 771 383
5 769 195 696 231 684
5 272 694 421 442 585
5 567 350 574 774 379
5 493 250 1176 1090 479
5 31 212 731 789 174
5 352 88 380 981 1013
5 638 227 522 1098 935
5 689 46 392 1113 1090
5 131 66 981 1146 613
5 31 245 875 1125 380
5 452 809 1176 522 111
5 488 1092 644 696 663
5 184 215 307 556 321
5 835 730 804 1116 852
5 494 1069 646 1043 444
5 294 69 74 862 720
5 77 140 720 1166 1155
5 14 387 627 561 767
5 514 561 953 509 511
5 288 437 474 923 1091
5 210 773 990 790 193
5 267 535 1087 1179 48
5 529 82 150 1195 1038
5 120 595 1100 1135 48
5 8 655 1038 990 758
5 113 455 763 778 1185
5 118 121 289 872 1154
5 262 82 596 927 936
5 454 11 672 1087 1193
5 546 383 356 559 806
5 288 715 304 6 64
5 401 591 581 1133 519
5 545 1009 1061 133 6
5 858 1051 812 461 117
5 656 847 2 670 1000
5 0 328 791 1118 847
5 1100 363 328 327 946
5 8 67 293 719 639
5 293 443 858 870 1170
5 136 328 917 1178 754
5 836 2 449 917 1192
5 165 166 791 1192 1135
5 966 119 273 363 1192
5 597 270 167 777 1170
5 146 660 1182 917 368
5 765 837 856 1107 345
5 877 320 796 501 1007
5 44 620 249 571 674
5 711 318 539 581 702
5 543 851 1080 818 6
5 845 159 907 930 751
5 42 602 405 351 677
5 668 1158 868 891 152
5 14 897 1140 666 240
5 1068 986 745 332 93
5 735 246 637 908 811
5 403 748 604 943 1146
5 402 632 1159 713 417
5 33 541 393 390 388
5 124 127 132 881 432
5 17 1064 871 288 120
5 221 505 990 1184 752
5 169 346 1124 205 142
5 487 884 1183 918 369
5 906 75 603 630 1177
5 330 373 1171 572 347
5 677 948 974 972 816
5 70 653 623 187 970
5 472 203 972 739 410
5 294 1067 1052 1161 18
5 386 228 999 766 13
5 445 65 979 1165 1160
5 482 1055 1168 495 53
5 5 53 248 656 883
5 169 428 1167 938 275
5 550 1183 630 683 534
5 443 422 592 690 586
5 791 353 600 448 344
5 844 431 797 448 385
5 646 480 592 612 511
5 235 540 816 867 1043
5 797 359 1026 934 1057
5 378 180 258 1046 926
5 979 378 271 515 1130
5 1006 896 13 239 251
5 150 1126 1054 1044 257
5 3 218 1119 998 535
5 927 468 268 512 1054
5 72 397 1039 778 672
5 11 893 1136 660 218
5 50 242 489 1056 1031
5 966 1182 549 533 266
5 50 270 579 1089 1044
5 39 1027 1187 918 450
5 175 734 943 940 196
5 286 63 725 499 160
5 197 941 944 947 537
5 364 1101 1104 765 329
5 72 299 724 939 146
5 1031 325 192 1101 1054
5 218 72 905 1178 966
5 146 622 753 931 635
5 777 1104 834 963 624
5 473 204 726 993 753
5 396 175 698 1093 753
5 334 494 1002 624 527
5 713 876 1002 1005 1024
5 182 654 876 1069 208
5 895 345 792 354 208
5 992 994 959 515 794
5 251 256 129 841 658
5 605 944 987 850 749
5 51 273 587 1076 256
5 160 386 113 1179 1076
5 9 1035 871 978 207
5 106 221 995 922 909
5 30 324 1188 1147 64
5 485 823 1088 695 658
5 106 399 964 790 676
5 32 964 1184 1141 67
5 30 375 925 1045 133
5 48 1099 1045 485 239
5 389 964 1038 1130 729
5 960 572 1124 1074 625
5 932 633 642 487 636
5 906 369 469 423 253
5 841 426 544 209 542
5 44 608 994 477 589
5 717 657 1107 699 589
5 209 278 317 553 305
5 693 394 786 1008 928
5 102 342 1018 885 829
5 102 542 171 347 164
5 462 746 1010 771 598
5 195 912 885 715 826
5 148 666 1085 921 926
5 355 87 781 1070 94
5 29 1155 1052 1120 355
5 355 80 685 903 900
5 312 310 740 1111 793
5 310 870 706 692 458
5 28 865 938 495 155
5 117 310 975 208 334
5 115 1044 936 716 419
5 217 263 570 248 619
5 528 1030 646 1122 564
5 849 1041 1027 975 548
5 710 520 619 865 415
5 750 949 187 734 607
5 472 723 876 1030 235
5 280 203 284 713 261
5 10 891 1057 880 185
5 18 123 431 880 447
5 74 880 848 344 263
5 796 97 545 805 558
5 591 276 54 907 825
5 40 832 1065 1147 545
5 188 988 1168 201 176
5 673 4 420 662 1004
5 47 904 1074 565 176
5 78 428 1055 1190 565
5 56 253 662 888 615
5 156 151 148 486 162
5 441 151 771 1143 1097
5 197 701 1097 236 271
5 695 404 338 499 1006
5 189 360 1073 205 565
5 499 55 651 572 1073
5 15 369 701 1114 837
5 205 1171 244 614 338
5 563 313 743 1114 1132
5 194 679 681 684 463
5 440 445 258 1033 886
5 73 68 65 289 716
5 402 855 1110 814 200
5 1199 403 322 178 292
5 307 806 1173 855 392
5 49 613 875 488 241
5 827 178 131 285 1092
5 319 1098 1090 814 177
5 1199 981 212 398 122
5 530 805 1188 1035 1
5 995 1102 374 276 316
5 111 392 835 567 331
5 1020 1198 875 285 585
5 532 836 1118 848 547
5 1195 1021 586 714 1056
5 578 535 533 532 1103
5 452 46 618 1040 559
5 8 821 1084 855 618
5 49 165 946 599 178
5 231 857 285 718 640
5 466 639 659 1173 576
5 187 560 191 599 984
5 372 466 821 444 472
5 410 621 639 484 1043
5 385 327 166 526 181
5 85 525 746 505 103
5 128 120 467 823 1079
5 1193 113 239 467 578
5 165 1197 1091 467 267
5 103 773 1195 659 618
5 151 335 321 1116 1019
5 736 406 640 694 366
5 335 383 503 786 414
5 367 304 829 406 696
5 130 860 708 598 335
5 912 406 903 977 360
5 556 804 980 594 539
5 45 326 818 663 640
5 786 784 1133 790 746
5 179 134 714 706 597
5 179 325 850 1138 293
5 512 50 179 382 1104
5 473 252 905 368 139
5 622 139 196 1131 965
5 512 167 792 1187 956
5 921 956 683 4 588
5 299 1070 988 428 19
5 183 397 1167 1168 94
5 233 956 1101 596 121
5 849 881 159 674 345
5 470 377 501 783 520
5 651 244 939 470 317
5 538 377 544 803 555
5 249 722 924 702 930
5 306 555 320 543 40
5 54 57 1034 657 249
5 553 555 558 1112 552
5 316 933 1047 863 401
5 100 504 788 324 9
5 854 219 502 1009 1188
5 632 277 93 1121 955
5 83 153 1151 735 748
5 277 255 1024 689 200
5 284 372 395 742 869
5 1034 1059 1068 36 341
5 222 315 709 811 675
5 709 123 720 703 1163
5 12 341 323 514 764
5 502 504 675 1017 501
5 159 863 721 297 302
5 124 721 704 922 1095
5 220 105 908 1163 552
5 219 220 222 538 796
5 552 1191 373 275 315
5 163 1034 1037 550 450
5 717 722 496 158 163
5 163 831 856 1094 687
5 171 651 802 1191 795
5 110 370 703 1055 346
5 75 843 1156 779 673
5 12 894 1137 884 603
5 800 450 15 642 436
5 158 341 853 1183 800
5 77 176 813 1162 1161
5 186 300 1004 1174 627
5 1071 38 387 888 1194
5 627 680 974 986 1156
5 897 38 680 953 810
5 568 540 612 682 680
5 168 1161 934 637 226
5 186 173 745 948 38
5 168 140 201 1190 957
5 4 536 793 853 603
5 975 534 536 579 1180
5 1085 233 268 536 1015
5 976 37 183 29 516
5 679 507 1088 896 37
5 37 1070 1139 434 386
5 74 844 750 929 464
5 235 280 96 762 511
5 498 280 528 849 798
5 475 678 393 520 929
5 373 142 19 415 707
5 2 185 755 311 533
5 706 1051 697 664 489
5 734 76 322 83 384
5 475 991 604 384 970
5 859 286 119 754 1096
5 859 426 817 1006 1076
5 551 947 608 751 950
5 147 485 303 500 22
5 877 803 342 500 129
5 584 500 542 625 912
5 863 432 950 919 825
5 541 788 1009 770 204
5 281 523 785 502 97
5 605 89 271 611 608
5 381 89 794 780 982
5 529 1154 1165 941 89
5 58 254 663 1065 1035
5 556 554 995 1186 559
5 1091 1048 58 81 595
5 316 1095 1014 676 223
5 223 591 924 1144 554
5 223 221 606 356 539
5 193 462 394 391 389
5 1018 647 1045 1079 584
5 391 732 780 1108 519
5 51 147 647 1061 524
5 391 107 825 702 784
5 755 336 152 797 848
5 737 407 641 592 816
5 838 733 807 913 407
5 424 234 1029 873 291
5 1077 161 387 408 1085
5 860 1077 1140 1149 427
5 513 463 34 891 775
5 86 756 513 763 11
5 90 991 750 619 593
5 785 393 593 481 1007
5 686 198 593 470 125
5 359 949 962 181 157
5 560 175 217 844 962
5 744 188 189 951 954
5 580 1120 1123 977 135
5 662 290 708 701 1177
5 272 718 1065 1080 361
5 56 279 594 928 636
5 102 326 361 951 1074
5 279 379 730 554 318
5 340 842 427 980 379
5 135 361 914 409 685
5 585 1 832 628 914
5 164 904 628 1080 573
5 78 338 98 977 188
5 601 658 817 1073 98
5 195 736 900 98 899
5 73 1033 1116 574 759
5 231 421 828 760 508
5 234 463 366 866 1042
5 866 738 903 45 272
5 211 774 1019 886 830
5 224 265 576 1084 632
5 599 1128 650 429 83
5 429 403 1013 967 25
5 782 388 212 967 811
5 1098 1053 1068 297 127
5 226 52 1151 967 105
5 388 728 1145 1189 517
5 1078 127 141 371 909
5 81 149 1198 1189 174
5 57 1047 704 202 62
5 100 219 1112 808 757
5 173 62 496 1137 1156
5 168 1086 808 451 110
5 220 314 1175 1012 504
5 424 667 820 465 91
5 566 206 983 807 190
5 412 60 92 1120 954
5 161 897 989 1117 615
5 301 1140 1082 405 339
5 16 904 954 1049 465
5 206 1127 649 615 339
5 983 301 56 652 1011
5 80 580 1049 1158 237
5 1 718 488 149 23
5 772 23 58 1064 1145
5 9 854 1172 1020 23
5 134 655 659 665 443
5 836 353 269 267 266
5 269 578 923 634 49
5 864 641 232 858 714
5 108 466 1050 955 609
5 332 583 1050 1159 413
5 438 723 284 1050 1084
5 343 946 833 962 623
5 343 166 269 827 1128
5 839 259 153 984 343
5 862 911 475 949 431
5 36 974 742 413 144
5 93 479 935 132 144
5 862 400 315 482 937
5 762 902 853 1037 776
5 1001 1059 1047 907 571
5 144 297 1001 1037 323
5 309 311 998 1193 308
5 262 257 664 887 882
5 455 13 823 923 308
5 210 85 882 872 979
5 878 321 356 942 1008
5 290 423 414 878 427
5 45 829 625 189 135
5 156 130 878 804 774
5 304 1032 1115 573 326
5 133 128 437 885 1032
5 97 770 647 1032 543
5 260 840 777 1072 154
5 192 382 1072 551 563
5 226 314 1112 1016 370
5 330 169 482 1163 1016
5 451 306 305 1191 1016
5 246 616 384 984 569
5 398 517 562 675 105
5 788 785 783 782 562
5 207 772 1012 562 33
5 1063 57 158 894 986
5 721 141 319 1063 1059
5 358 1121 1053 1063 173
5 145 492 889 914 866
5 75 487 491 497 300
5 436 1094 477 928 491
5 471 491 649 652 318
5 126 711 1144 1127 497
5 530 40 1075 1109 575
5 471 693 589 687 126
5 803 1115 851 1075 305
5 436 126 20 843 884
5 109 1075 795 330 110
5 52 490 478 1162 1086
5 351 358 95 1071 989
5 92 478 934 447 21
5 47 199 478 1052 744
5 312 534 39 337 528
5 302 571 1107 1041 337
5 73 822 697 407 830
5 1029 645 760 357 755
5 357 10 670 549 998
5 84 325 313 947 214
5 693 365 992 751 620
5 320 281 22 1018 1115
5 729 727 365 768 732
5 462 414 932 477 365
5 910 577 913 886 716
5 969 99 901 737 577
5 612 677 577 697 232
5 283 34 336 446 712
5 52 668 446 653 246
5 332 395 838 901 358
5 157 448 547 1029 446
5 301 295 290 287 161
5 980 295 253 932 1008
5 172 652 1144 1102 567
5 211 340 172 348 506
5 279 295 1149 961 172
5 459 411 1177 918 329
5 243 378 941 1114 411
5 614 747 781 896 160
5 78 142 724 1139 747
5 287 420 411 1097 860
5 988 747 404 900 1123
5 274 459 743 1165 926
5 274 364 1187 630 420
5 588 274 243 441 1077
5 145 645 510 684 694
5 336 234 510 761 10
5 510 513 999 507 508
5 453 190 626 830 104
5 664 641 104 759 819
5 104 838 739 867 690
5 331 348 1011 1127 374
5 1066 238 465 575 1172
5 245 131 442 889 1066
5 626 961 1011 945 1028
5 31 66 1150 1175 517
5 224 609 1028 566 177
5 483 820 1150 1199 650
5 314 398 25 1023 1086
5 569 1151 1023 712 873
5 453 733 1105 1121 583
5 153 296 291 416 25
5 933 1164 1169 496 54
5 451 558 854 225 43
5 95 1169 874 843 186
5 371 227 752 1186 815
5 730 307 452 815 1102
5 331 170 933 922 815
5 100 772 1198 1066 225
5 215 835 1110 576 531
5 1021 531 108 621 665
5 759 211 1028 952 362
5 828 145 483 259 333
5 265 350 852 846 108
5 492 421 116 839 650
5 275 53 464 911 590
5 671 550 793 564 96
5 222 590 707 802 553
5 39 831 657 1001 671
5 418 114 634 1048 715
5 503 606 1040 1157 1010
5 241 114 308 1103 827
5 531 806 1157 882 27
5 229 507 582 691 418
5 180 65 1148 1157 525
5 254 367 826 691 241
5 24 150 489 864 27
5 85 1040 1173 1021 24
5 1130 773 24 262 1154
5 521 930 919 768 394
5 471 521 784 942 594
5 347 346 957 1109 349
5 795 209 342 573 349
5 16 832 851 349 264
5 717 620 521 711 861
5 1137 874 861 687 800
5 282 1017 538 317 710
5 282 929 248 938 707
5 129 281 204 705 859
5 439 63 705 700 1178
5 214 898 919 992 605
5 107 401 124 801 898
5 654 71 898 551 624
5 16 530 1020 889 643
5 483 238 643 409 1042
5 628 643 91 580 951
5 669 645 1042 667 296
5 181 600 669 873 653
5 704 371 111 787 1164
5 7 245 1189 1012 757
5 350 348 787 1113 1110
5 292 66 7 238 492
5 259 429 122 890 667
5 141 202 1181 1113 522
5 265 506 945 1181 814
5 199 688 1023 668 60
5 109 43 688 1162 957
5 319 62 95 1105 958
5 122 1175 808 688 416
5 557 958 955 952 190
5 200 224 958 1053 479
5 1128 425 857 442 292
5 526 839 425 1103 353
5 453 395 410 915 362
5 333 526 623 569 296
5 480 719 665 915 867
5 184 68 819 1081 852
5 309 532 600 333 116
5 362 690 864 887 1081
5 846 629 915 586 27
5 1081 574 506 609 629
5 583 372 621 629 952
5 1026 70 616 518 709
5 568 972 869 1153 323
5 1017 590 400 518 782
5 302 132 1153 776 671
5 390 731 1013 735 518
5 1058 1153 413 277 493
5 216 616 748 352 678
5 216 911 282 783 390
5 359 123 400 216 970
5 457 114 474 1088 766
5 309 425 1092 691 457
5 215 846 887 1148 546
5 749 617 107 768 794
5 617 247 1002 1072 214
5 617 71 1078 1095 519
5 79 557 733 99 339
5 416 112 412 1158 712
5 283 291 890 1083 1049
5 264 47 412 1083 575
5 722 276 170 879 874
5 566 79 879 1164 1181
5 225 631 1083 820 7
5 631 109 306 805 1172
5 43 112 890 1150 757
5 311 547 669 828 460
5 116 460 582 644 857
5 454 455 457 460 357
5 255 1159 869 892 498
5 337 881 1058 892 96
5 203 540 514 776 892
5 256 22 770 1142 1096
5 705 139 396 996 1142
5 33 726 1142 1061 324
5 405 901 1105 1129 1117
5 20 879 1129 1071 300
5 631 1109 813 199 112
5 202 177 557 1129 1169
5 143 170 787 945 206
5 143 79 1117 1194 497
5 20 861 924 374 143
4 0 1 2 3
4 4 5 6 7
4 8 9 10 11
4 12 13 14 15
4 16 17 18 19
4 20 21 22 23
4 24 25 26 27
4 28 29 30 31
4 32 33 34 35
4 36 37 38 39
4 40 41 42 43
4 44 45 46 47
4 48 49 50 51
4 52 53 54 55
4 56 57 58 59
4 60 61 62 63
4 64 65 66 67
4 68 69 70 71
4 72 73 74 75
4 76 77 78 79
4 80 81 82 83
4 84 85 86 87
4 88 89 90 91
4 92 93 94 95
4 96 97 98 99
4 100 101 102 103
4 104 105 106 107
4 108 109 110 111
4 112 113 114 115
4 116 117 118 119
4 120 121 122 123
4 124 125 126 127
4 128 129 130 131
4 132 133 134 135
4 136 137 138 139
4 140 141 142 143
4 144 145 146 147
4 148 149 150 151
4 152 153 154 155
4 156 157 158 159
4 160 161 162 163
4 164 165 166 167
4 168 169 170 171
4 172 173 174 175
4 176 177 178 179
4 180 181 182 183
4 184 185 186 187
4 188 189 190 191
4 192 193 194 195
4 196 197 198 199
4 200 201 202 203
4 204 205 206 207
4 208 209 210 211
4 212 213 214 215
4 216 217 218 219
4 220 221 222 223
4 224 225 226 227
4 228 229 230 231
4 232 233 234 235
4 236 237 238 239
4 240 241 242 243
4 244 245 246 247
4 248 249 250 251
4 252 253 254 255
4 256 257 258 259
4 260 261 262 263
4 264 265 266 267
4 268 269 270 271
4 272 273 274 275
4 276 277 278 279
4 280 281 282 283
4 284 285 286 287
4 288 289 290 291
4 292 293 294 295
4 296 297 298 299
4 300 301 302 303
4 304 305 306 307
4 308 309 310 311
4 312 313 314 315
4 316 317 318 319
4 320 321 322 323
4 324 325 326 327
4 328 329 330 331
4 332 333 334 335
4 336 337 338 339
4 340 341 342 343
4 344 345 346 347
4 348 349 350 351
4 352 353 354 355
4 356 357 358 359
4 360 361 362 363
4 364 365 366 367
4 368 369 370 371
4 372 373 374 375
4 376 377 378 379
4 380 381 382 383
4 384 385 386 387
4 388 389 390 391
4 392 393 394 395
4 396 397 398 399
4 400 401 402 403
4 404 405 406 407
4 408 409 410 411
4 412 413 414 415
4 416 417 418 419
4 420 421 422 423
4 424 425 426 427
4 428 429 430 431
4 432 433 434 435
4 436 437 438 439
4 440 441 442 443
4 444 445 446 447
4 448 449 450 451
4 452 453 454 455
4 456 457 458 459
4 460 461 462 463
4 464 465 466 467
4 468 469 470 471
4 472 473 474 475
4 476 477 478 479
4 480 481 482 483
4 484 485 486 487
4 488 489 490 491
4 492 493 494 495
4 496 497 498 499
4 500 501 502 503
4 504 505 506 507
4 508 509 510 511
4 512 513 514 515
4 516 517 518 519
4 520 521 522 523
4 524 525 526 527
4 528 529 530 531
4 532 533 534 535
4 536 537 538 539
4 540 541 542 543
4 544 545 546 547
4 548 549 550 551
4 552 553 554 555
4 556 557 558 559
4 560 561 562 563
4 564 565 566 567
4 568 569 570 571
4 572 573 574 575
4 576 577 578 579
4 580 581 582 583
4 584 585 586 587
4 588 589 590 591
4 592 593 594 595
4 596 597 598 599
4 600 601 602 603
4 604 605 606 607
4 608 609 610 611
4 612 613 614 615
4 616 617 618 619
4 620 621 622 623
4 624 625 626 627
4 628 629 630 631
4 632 633 634 635
4 636 637 638 639
4 640 641 642 643
4 644 645 646 647
4 648 649 650 651
4 652 653 654 655
4 656 657 658 659
4 660 661 662 663
4 664 665 666 667
4 668 669 670 671
4 672 673 674 675
4 676 677 678 679
4 680 681 682 683
4 684 685 686 687
4 688 689 690 691
4 692 693 694 695
4 696 697 698 699
4 700 701 702 703
4 704 705 706 707
4 708 709 710 711
4 712 713 714 715
4 716 717 718 719
4 720 721 722 723
4 724 725 726 727
4 728 729 730 731
4 732 733 734 735
4 736 737 738 739
4 740 741 742 743
4 744 745 746 747
4 748 749 750 751
4 752 753 754 755
4 756 757 758 759
4 760 761 762 763
4 764 765 766 767
4 768 769 770 771
4 772 773 774 775
4 776 777 778 779
4 780 781 782 783
4 784 785 786 787
4 788 789 790 791
4 792 793 794 795
4 796 797 798 799
4 800 801 802 803
4 804 805 806 807
4 808 809 810 811
4 812 813 814 815
4 816 817 818 819
4 820 821 822 823
4 824 825 826 827
4 828 829 830 831
4 832 833 834 835
4 836 837 838 839
4 840 841 842 843
4 844 845 846 847
4 848 849 850 851
4 852 853 854 855
4 856 857 858 859
4 860 861 862 863
4 864 865 866 867
4 868 869 870 871
4 872 873 874 875
4 876 877 878 879
4 880 881 882 883
4 884 885 886 887
4 888 889 890 891
4 892 893 894 895
4 896 897 898 899
4 900 901 902 903
4 904 905 906 907
4 908 909 910 911
4 912 913 914 915
4 916 917 918 919
4 920 921 922 923
4 924 925 926 927
4 928 929 930 931
4 932 933 934 935
4 936 937 938 939
4 940 941 942 943
4 944 945 946 947
4 948 949 950 951
4 952 953 954 955
4 956 957 958 959
4 960 961 962 963
4 964 965 966 967
4 968 969 970 971
4 972 973 974 975
4 976 977 978 979
4 980 981 982 983
4 984 985 986 987
4 988 989 990 991
4 992 993 994 995
4 996 997 998 999
4 1000 1001 1002 1003
4 1004 1005 1006 1007
4 1008 1009 1010 1011
4 1012 1013 1014 1015
4 1016 1017 1018 1019
4 1020 1021 1022 1023
4 1024 1025 1026 1027
4 1028 1029 1030 1031
4 1032 1033 1034 1035
4 1036 1037 1038 1039
4 1040 1041 1042 1043
4 1044 1045 1046 1047
4 1048 1049 1050 1051
4 1052 1053 1054 1055
4 1056 1057 1058 1059
4 1060 1061 1062 1063
4 1064 1065 1066 1067
4 1068 1069 1070 1071
4 1072 1073 1074 1075
4 1076 1077 1078 1079
4 1080 1081 1082 1083
4 1084 1085 1086 1087
4 1088 1089 1090 1091
4 1092 1093 1094 1095
4 1096 1097 1098 1099
4 1100 1101 1102 1103
4 1104 1105 1106 1107
4 1108 1109 1110 1111
4 1112 1113 1114 1115
4 1116 1117 1118 1119
4 1120 1121 1122 1123
4 1124 1125 1126 1127
4 1128 1129 1130 1131
4 1132 1133 1134 1135
4 1136 1137 1138 1139
4 1140 1141 1142 1143
4 1144 1145 1146 1147
4 1148 1149 1150 1151
4 1152 1153 1154 1155
4 1156 1157 1158 1159
4 1160 1161 1162 1163
4 1164 1165 1166 1167
4 1168 1169 1170 1171
4 1172 1173 1174 1175
4 1176 1177 1178 1179
4 1180 1181 1182 1183
4 1184 1185 1186 1187
4 1188 1189 1190 1191
4 1192 1193 1194 1195
4 1196 1197 1198 1199
4 1200 1201 1202 1203
4 1204 1205 1206 1207
4 1208 1209 1210 1211
4 1212 1213 1214 1215
4 1216 1217 1218 1219
4 1220 1221 1222 1223
4 1224 1225 1226 1227
4 1228 1229 1230 1231
4 1232 1233 1234 1235
4 1236 1237 1238 1239
4 1240 1241 1242 1243
4 1244 1245 1246 1247
4 1248 1249 1250 1251
4 1252 1253 1254 1255
4 1256 1257 1258 1259
4 1260 1261 1262 1263
4 1264 1265 1266 1267
4 1268 1269 1270 1271
4 1272 1273 1274 1275
4 1276 1277 1278 1279
4 1280 1281 1282 1283
4 1284 1285 1286 1287
4 1288 1289 1290 1291
4 1292 1293 1294 1295
4 1296 1297 1298 1299
4 1300 1301 1302 1303
4 1304 1305 1306 1307
4 1308 1309 1310 1311
4 1312 1313 1314 1315
4 1316 1317 1318 1319
4 1320 1321 1322 1323
4 1324 1325 1326 1327
4 1328 1329 1330 1331
4 1332 1333 1334 1335
4 1336 1337 1338 1339
4 1340 1341 1342 1343
4 1344 1345 1346 1347
4 1348 1349 1350 1351
4 1352 1353 1354 1355
4 1356 1357 1358 1359
4 1360 1361 1362 1363
4 1364 1365 1366 1367
4 1368 1369 1370 1371
4 1372 1373 1374 1375
4 1376 1377 1378 1379
4 1380 1381 1382 1383
4 1384 1385 1386 1387
4 1388 1389 1390 1391
4 1392 1393 1394 1395
4 1396 1397 1398 1399
4 1400 1401 1402 1403
4 1404 1405 1406 1407
4 1408 1409 1410 1411
4 1412 1413 1414 1415
4 1416 1417 1418 1419
4 1420 1421 1422 1423
4 1424 1425 1426 1427
4 1428 1429 1430 1431
4 1432 1433 1434 1435
4 1436 1437 1438 1439
4 1440 1441 1442 1443
4 1444 1445 1446 1447
4 1448 1449 1450 1451
4 1452 1453 1454 1455
4 1456 1457 1458 1459
4 1460 1461 1462 1463
4 1464 1465 1466 1467
4 1468 1469 1470 1471
4 1472 1473 1474 1475
4 1476 1477 1478 1479
4 1480 1481 1482 1483
4 1484 1485 1486 1487
4 1488 1489 1490 1491
4 1492 1493 1494 1495
4 1496 1497 1498 1499
4 1500 1501 1502 1503
4 1504 1505 1506 1507
4 1508 1509 1510 1511
4 1512 1513 1514 1515
4 1516 1517 1518 1519
4 1520 1521 1522 1523
4 1524 1525 1526 1527
4 1528 1529 1530 1531
4 1532 1533 1534 1535
4 1536 1537 1538 1539
4 1540 1541 1542 1543
4 1544 1545 1546 1547
4 1548 1549 1550 1551
4 1552 1553 1554 1555
4 1556 1557 1558 1559
4 1560 1561 1562 1563
4 1564 1565 1566 1567
4 1568 1569 1570 1571
4 1572 1573 1574 1575
4 1576 1577 1578 1579
4 1580 1581 1582 1583
4 1584 1585 1586 1587
4 1588 1589 1590 1591
4 1592 1593 1594 1595
4 1596 1597 1598 1599
4 1600 1601 1602 1603
4 1604 1605 1606 1607
4 1608 1609 1610 1611
4 1612 1613 1614 1615
4 1616 1617 1618 1619
4 1620 1621 1622 1623
4 1624 1625 1626 1627
4 1628 1629 1630 1631
4 1632 1633 1634 1635
4 1636 1637 1638 1639
4 1640 1641 1642 1643
4 1644 1645 1646 1647
4 1648 1649 1650 1651
4 1652 1653 1654 1655
4 1656 1657 1658 1659
4 1660 1661 1662 1663
4 1664 1665 1666 1667
4 1668 1669 1670 1671
4 1672 1673 1674 1675
4 1676 1677 1678 1679
4 1680 1681 1682 1683
4 1684 1685 1686 1687
4 1688 1689 1690 1691
4 1692 1693 1694 1695
4 1696 1697 1698 1699
4 1700 1701 1702 1703
4 1704 1705 1706 1707
4 1708 1709 1710 1711
4 1712 1713 1714 1715
4 1716 1717 1718 1719
4 1720 1721 1722 1723
4 1724 1725 1726 1727
4 1728 1729 1730 1731
4 1732 1733 1734 1735
4 1736 1737 1738 1739
4 1740 1741 1742 1743
4 1744 1745 1746 1747
4 1748 1749 1750 1751
4 1752 1753 1754 1755
4 1756 1757 1758 1759
4 1760 1761 1762 1763
4 1764 1765 1766 1767
4 1768 1769 1770 1771
4 1772 1773 1774 1775
4 1776 1777 1778 1779
4 1780 1781 1782 1783
4 1784 1785 1786 1787
4 1788 1789 1790 1791
4 1792 1793 1794 1795
4 1796 1797 1798 1799
4 1800 1801 1802 1803
4 1804 1805 1806 1807
4 1808 1809 1810 1811
4 1812 1813 1814 1815
4 1816 1817 1818 1819
4 1820 1821 1822 1823
4 1824 1825 1826 1827
4 1828 1829 1830 1831
4 1832 1833 1834 1835
4 1836 1837 1838 1839
4 1840 1841 1842 1843
4 1844 1845 1846 1847
4 1848 1849 1850 1851
4 1852 1853 1854 1855
4 1856 1857 1858 1859
4 1860 1861 1862 1863
4 1864 1865 1866 1867
4 1868 1869 1870 1871
4 1872 1873 1874 1875
4 1876 1877 1878 1879
4 1880 1881 1882 1883
4 1884 1885 1886 1887
4 1888 1889 1890 1891
4 1892 1893 1894 1895
4 1896 1897 1898 1899
4 1900 1901 1902 1903
4 1904 1905 1906 1907
4 1908 1909 1910 1911
4 1912 1913 1914 1915
4 1916 1917 1918 1919
4 1920 1921 1922 1923
4 1924 1925 1926 1927
4 1928 1929 1930 1931
4 1932 1933 1934 1935
4 1936 1937 1938 1939
4 1940 1941 1942 1943
4 1944 1945 1946 1947
4 1948 1949 1950 1951
4 1952 1953 1954 1955
4 1956 1957 1958 1959
4 1960 1961 1962 1963
4 1964 1965 1966 1967
4 1968 1969 1970 1971
4 1972 1973 1974 1975
4 1976 1977 1978 1979
4 1980 1981 1982 1983
4 1984 1985 1986 1987
4 1988 1989 1990 1991
4 1992 1993 1994 1995
4 1996 1997 1998 1999
4 2000 2001 2002 2003
4 2004 2005 2006 2007
4 2008 2009 2010 2011
4 2012 2013 2014 2015
4 2016 2017 2018 2019
4 2020 2021 2022 2023
4 2024 2025 2026 2027
4 2028 2029 2030 2031
4 2032 2033 2034 2035
4 2036 2037 2038 2039
4 2040 2041 2042 2043
4 2044 2045 2046 2047
4 2048 2049 2050 2051
4 2052 2053 2054 2055
4 2056 2057 2058 2059
4 2060 2061 2062 2063
4 2064 2065 2066 2067
4 2068 2069 2070 2071
4 2072 2073 2074 2075
4 2076 2077 2078 2079
4 2080 2081 2082 2083
4 2084 2085 2086 2087
4 2088 2089 2090 2091
4 2092 2093 2094 2095
4 2096 2097 2098 2099
4 2100 2101 2102 2103
4 2104 2105 2106 2107
4 2108 2109 2110 2111
4 2112 2113 2114 2115
4 2116 2117 2118 2119
4 2120 2121 2122 2123
4 2124 2125 2126 2127
4 2128 2129 2130 2131
4 2132 2133 2134 2135
4 2136 2137 2138 2139
4 2140 2141 2142 2143
4 2144 2145 2146 2147
4 2148 2149 2150 2151
4 2152 2153 2154 2155
4 2156 2157 2158 2159
4 2160 2161 2162 2163
4 2164 2165 2166 2167
4 2168 2169 2170 2171
4 2172 2173 2174 2175
4 2176 2177 2178 2179
4 2180 2181 2182 2183
4 2184 2185 2186 2187
4 2188 2189 2190 2191
4 2192 2193 2194 2195
4 2196 2197 2198 2199
4 2200 2201 2202 2203
4 2204 2205 2206 2207
4 2208 2209 2210 2211
4 2212 2213 2214 2215
4 2216 2217 2218 2219
4 2220 2221 2222 2223
4 2224 2225 2226 2227
4 2228 2229 2230 2231
4 2232 2233 2234 2235
4 2236 2237 2238 2239
4 2240 2241 2242 2243
4 2244 2245 2246 2247
4 2248 2249 2250 2251
4 2252 2253 2254 2255
4 2256 2257 2258 2259
4 2260 2261 2262 2263
4 2264 2265 2266 2267
4 2268 2269 2270 2271
4 2272 2273 2274 2275
4 2276 2277 2278 2279
4 2280 2281 2282 2283
4 2284 2285 2286 2287
4 2288 2289 2290 2291
4 2292 2293 2294 2295
4 2296 2297 2298 2299
4 2300 2301 2302 2303
4 2304 2305 2306 2307
4 2308 2309 2310 2311
4 2312 2313 2314 2315
4 2316 2317 2318 2319
4 2320 2321 2322 2323
4 2324 2325 2326 2327
4 2328 2329 2330 2331
4 2332 2333 2334 2335
4 2336 2337 2338 2339
4 2340 2341 2342 2343
4 2344 2345 2346 2347
4 2348 2349 2350 2351
4 2352 2353 2354 2355
4 2356 2357 2358 2359
4 2360 2361 2362 2363
4 2364 2365 2366 2367
4 2368 2369 2370 2371
4 2372 2373 2374 2375
4 2376 2377 2378 2379
4 2380 2381 2382 2383
4 2384 2385 2386 2387
4 2388 2389 2390 2391
4 2392 2393 2394 2395
4 2396 2397 2398 2399
4 2400 2401 2402 2403
4 2404 2405 2406 2407
4 2408 2409 2410 2411
4 2412 2413 2414 2415
4 2416 2417 2418 2419
4 2420 2421 2422 2423
4 2424 2425 2426 2427
4 2428 2429 2430 2431
4 2432 2433 2434 2435
4 2436 2437 2438 2439
4 2440 2441 2442 2443
4 2444 2445 2446 2447
4 2448 2449 2450 2451
4 2452 2453 2454 2455
4 2456 2457 2458 2459
4 2460 2461 2462 2463
4 2464 2465 2466 2467
4 2468 2469 2470 2471
4 2472 2473 2474 2475
4 2476 2477 2478 2479
4 2480 2481 2482 2483
4 2484 2485 2486 2487
4 2488 2489 2490 2491
4 2492 2493 2494 2495
4 2496 2497 2498 2499
4 2500 2501 2502 2503
4 2504 2505 2506 2507
4 2508 2509 2510 2511
4 2512 2513 2514 2515
4 2516 2517 2518 2519
4 2520 2521 2522 2523
4 2524 2525 2526 2527
4 2528 2529 2530 2531
4 2532 2533 2534 2535
4 2536 2537 2538 2539
4 2540 2541 2542 2543
4 2544 2545 2546 2547
4 2548 2549 2550 2551
4 2552 2553 2554 2555
4 2556 2557 2558 2559
4 2560 2561 2562 2563
4 2564 2565 2566 2567
4 2568 2569 2570 2571
4 2572 2573 2574 2575
4 2576 2577 2578 2579
4 2580 2581 2582 2583
4 2584 2585 2586 2587
4 2588 2589 2590 2591
4 2592 2593 2594 2595
4 2596 2597 2598 2599
4 2600 2601 2602 2603
4 2604 2605 2606 2607
4 2608 2609 2610 2611
4 2612 2613 2614 2615
4 2616 2617 2618 2619
4 2620 2621 2622 2623
4 2624 2625 2626 2627
4 2628 2629 2630 2631
4 2632 2633 2634 2635
4 2636 2637 2638 2639
4 2640 2641 2642 2643
4 2644 2645 2646 2647
4 2648 2649 2650 2651
4 2652 2653 2654 2655
4 2656 2657 2658 2659
4 2660 2661 2662 2663
4 2664 2665 2666 2667
4 2668 2669 2670 2671
4 2672 2673 2674 2675
4 2676 2677 2678 2679
4 2680 2681 2682 2683
4 2684 2685 2686 2687
4 2688 2689 2690 2691
4 2692 2693 2694 2695
4 2696 2697 2698 2699
4 2700 2701 2702 2703
4 2704 2705 2706 2707
4 2708 2709 2710 2711
4 2712 2713 2714 2715
4 2716 2717 2718 2719
4 2720 2721 2722 2723
4 2724 2725 2726 2727
4 2728 2729 2730 2731
4 2732 2733 2734 2735
4 2736 2737 2738 2739
4 2740 2741 2742 2743
4 2744 2745 2746 2747
4 2748 2749 2750 2751
4 2752 2753 2754 2755
4 2756 2757 2758 2759
4 2760 2761 2762 2763
4 2764 2765 2766 2767
4 2768 2769 2770 2771
4 2772 2773 2774 2775
4 2776 2777 2778 2779
4 2780 2781 2782 2783
4 2784 2785 2786 2787
4 2788 2789 2790 2791
4 2792 2793 2794 2795
4 2796 2797 2798 2799
4 2800 2801 2802 2803
4 2804 2805 2806 2807
4 2808 2809 2810 2811
4 2812 2813 2814 2815
4 2816 2817 2818 2819
4 2820 2821 2822 2823
4 2824 2825 2826 2827
4 2828 2829 2830 2831
4 2832 2833 2834 2835
4 2836 2837 2838 2839
4 2840 2841 2842 2843
4 2844 2845 2846 2847
4 2848 2849 2850 2851
4 2852 2853 2854 2855
4 2856 2857 2858 2859
4 2860 2861 2862 2863
4 2864 2865 2866 2867
4 2868 2869 2870 2871
4 2872 2873 2874 2875
4 2876 2877 2878 2879
4 2880 2881 2882 2883
4 2884 2885 2886 2887
4 2888 2889 2890 2891
4 2892 2893 2894 2895
4 2896 2897 2898 2899
4 2900 2901 2902 2903
4 2904 2905 2906 2907
4 2908 2909 2910 2911
4 2912 2913 2914 2915
4 2916 2917 2918 2919
4 2920 2921 2922 2923
4 2924 2925 2926 2927
4 2928 2929 2930 2931
4 2932 2933 2934 2935
4 2936 2937 2938 2939
4 2940 2941 2942 2943
4 2944 2945 2946 2947
4 2948 2949 2950 2951
4 2952 2953 2954 2955
4 2956 2957 2958 2959
4 2960 2961 2962 2963
4 2964 2965 2966 2967
4 2968 2969 2970 2971
4 2972 2973 2974 2975
4 2976 2977 2978 2979
4 2980 2981 2982 2983
4 2984 2985 2986 2987
4 2988 2989 2990 2991
4 2992 2993 2994 2995
4 2996 2997 2998 2999
4 3000 3001 3002 3003
4 3004 3005 3006 3007
4 3008 3009 3010 3011
4 3012 3013 3014 3015
4 3016 3017 3018 3019
4 3020 3021 3022 3023
4 3024 3025 3026 3027
4 3028 3029 3030 3031
4 3032 3033 3034 3035
4 3036 3037 3038 3039
4 3040 3041 3042 3043
4 3044 3045 3046 3047
4 3048 3049 3050 3051
4 3052 3053 3054 3055
4 3056 3057 3058 3059
4 3060 3061 3062 3063
4 3064 3065 3066 3067
4 3068 3069 3070 3071
4 3072 3073 3074 3075
4 3076 3077 3078 3079
4 3080 3081 3082 3083
4 3084 3085 3086 3087
4 3088 3089 3090 3091
4 3092 3093 3094 3095
4 3096 3097 3098 3099
4 3100 3101 3102 3103
4 3104 3105 3106 3107
4 3108 3109 3110 3111
4 3112 3113 3114 3115
4 3116 3117 3118 3119
4 3120 3121 3122 3123
4 3124 3125 3126 3127
4 3128 3129 3130 3131
4 3132 3133 3134 3135
4 3136 3137 3138 3139
4 3140 3141 3142 3143
4 3144 3145 3146 3147
4 3148 3149 3150 3151
4 3152 3153 3154 3155
4 3156 3157 3158 3159
4 3160 3161 3162 3163
4 3164 3165 3166 3167
4 3168 3169 3170 3171
4 3172 3173 3174 3175
4 3176 3177 3178 3179
4 3180 3181 3182 3183
4 3184 3185 3186 3187
4 3188 3189 3190 3191
4 3192 3193 3194 3195
4 3196 3197 3198 3199
4 3200 3201 3202 3203
4 3204 3205 3206 3207
4 3208 3209 3210 3211
4 3212 3213 3214 3215
4 3216 3217 3218 3219
4 3220 3221 3222 3223
4 3224 3225 3226 3227
4 3228 3229 3230 3231
4 3232 3233 3234 3235
4 3236 3237 3238 3239
4 3240 3241 3242 3243
4 3244 3245 3246 3247
4 3248 3249 3250 3251
4 3252 3253 3254 3255
4 3256 3257 3258 3259
4 3260 3261 3262 3263
4 3264 3265 3266 3267
4 3268 3269 3270 3271
4 3272 3273 3274 3275
4 3276 3277 3278 3279
4 3280 3281 3282 3283
4 3284 3285 3286 3287
4 3288 3289 3290 3291
4 3292 3293 3294 3295
4 3296 3297 3298 3299
4 3300 3301 3302 3303
4 3304 3305 3306 3307
4 3308 3309 3310 3311
4 3312 3313 3314 3315
4 3316 3317 3318 3319
4 3320 3321 3322 3323
4 3324 3325 3326 3327
4 3328 3329 3330 3331
4 3332 3333 3334 3335
4 3336 3337 3338 3339
4 3340 3341 3342 3343
4 3344 3345 3346 3347
4 3348 3349 3350 3351
4 3352 3353 3354 3355
4 3356 3357 3358 3359
4 3360 3361 3362 3363
4 3364 3365 3366 3367
4 3368 3369 3370 3371
4 3372 3373 3374 3375
4 3376 3377 3378 3379
4 3380 3381 3382 3383
4 3384 3385 3386 3387
4 3388 3389 3390 3391
4 3392 3393 3394 3395
4 3396 3397 3398 3399
4 3400 3401 3402 3403
4 3404 3405 3406 3407
4 3408 3409 3410 3411
4 3412 3413 3414 3415
4 3416 3417 3418 3419
4 3420 3421 3422 3423
4 3424 3425 3426 3427
4 3428 3429 3430 3431
4 3432 3433 3434 3435
4 3436 3437 3438 3439
4 3440 3441 3442 3443
4 3444 3445 3446 3447
4 3448 3449 3450 3451
4 3452 3453 3454 3455
4 3456 3457 3458 3459
4 3460 3461 3462 3463
4 3464 3465 3466 3467
4 3468 3469 3470 3471
4 3472 3473 3474 3475
4 3476 3477 3478 3479
4 3480 3481 3482 3483
4 3484 3485 3486 3487
4 3488 3489 3490 3491
4 3492 3493 3494 3495
4 3496 3497 3498 3499
4 3500 3501 3502 3503
4 3504 3505 3506 3507
4 3508 3509 3510 3511
4 3512 3513 3514 3515
4 3516 3517 3518 3519
4 3520 3521 3522 3523
4 3524 3525 3526 3527
4 3528 3529 3530 3531
4 3532 3533 3534 3535
4 3536 3537 3538 3539
4 3540 3541 3542 3543
4 3544 3545 3546 3547
4 3548 3549 3550 3551
4 3552 3553 3554 3555
4 3556 3557 3558 3559
4 3560 3561 3562 3563
4 3564 3565 3566 3567
4 3568 3569 3570 3571
4 3572 3573 3574 3575
4 3576 3577 3578 3579
4 3580 3581 3582 3583
4 3584 3585 3586 3587
4 3588 3589 3590 3591
4 3592 3593 3594 3595
4 3596 3597 3598 3599
4 3600 3601 3602 3603
4 3604 3605 3606 3607
4 3608 3609 3610 3611
4 3612 3613 3614 3615
4 3616 3617 3618 3619
4 3620 3621 3622 3623
4 3624 3625 3626 3627
4 3628 3629 3630 3631
4 3632 3633 3634 3635
4 3636 3637 3638 3639
4 3640 3641 3642 3643
4 3644 3645 3646 3647
4 3648 3649 3650 3651
4 3652 3653 3654 3655
4 3656 3657 3658 3659
4 3660 3661 3662 3663
4 3664 3665 3666 3667
4 3668 3669 3670 3671
4 3672 3673 3674 3675
4 3676 3677 3678 3679
4 3680 3681 3682 3683
4 3684 3685 3686 3687
4 3688 3689 3690 3691
4 3692 3693 3694 3695
4 3696 3697 3698 3699
4 3700 3701 3702 3703
4 3704 3705 3706 3707
4 3708 3709 3710 3711
4 3712 3713 3714 3715
4 3716 3717 3718 3719
4 3720 3721 3722 3723
4 3724 3725 3726 3727
4 3728 3729 3730 3731
4 3732 3733 3734 3735
4 3736 3737 3738 3739
4 3740 3741 3742 3743
4 3744 3745 3746 3747
4 3748 3749 3750 3751
4 3752 3753 3754 3755
4 3756 3757 3758 3759
4 3760 3761 3762 3763
4 3764 3765 3766 3767
4 3768 3769 3770 3771
4 3772 3773 3774 3775
4 3776 3777 3778 3779
4 3780 3781 3782 3783
4 3784 3785 3786 3787
4 3788 3789 3790 3791
4 3792 3793 3794 3795
4 3796 3797 3798 3799
4 3800 3801 3802 3803
4 3804 3805 3806 3807
4 3808 3809 3810 3811
4 3812 3813 3814 3815
4 3816 3817 3818 3819
4 3820 3821 3822 3823
4 3824 3825 3826 3827
4 3828 3829 3830 3831
4 3832 3833 3834 3835
4 3836 3837 3838 3839
4 3840 3841 3842 3843
4 3844 3845 3846 3847
4 3848 3849 3850 3851
4 3852 3853 3854 3855
4 3856 3857 3858 3859
4 3860 3861 3862 3863
4 3864 3865 3866 3867
4 3868 3869 3870 3871
4 3872 3873 3874 3875
4 3876 3877 3878 3879
4 3880 3881 3882 3883
4 3884 3885 3886 3887
4 3888 3889 3890 3891
4 3892 3893 3894 3895
4 3896 3897 3898 3899
4 3900 3901 3902 3903
4 3904 3905 3906 3907
4 3908 3909 3910 3911
4 3912 3913 3914 3915
4 3916 3917 3918 3919
4 3920 3921 3922 3923
4 3924 3925 3926 3927
4 3928 3929 3930 3931
4 3932 3933 3934 3935
4 3936 3937 3938 3939
4 3940 3941 3942 3943
4 3944 3945 3946 3947
4 3948 3949 3950 3951
4 3952 3953 3954 3955
4 3956 3957 3958 3959
4 3960 3961 3962 3963
4 3964 3965 3966 3967
4 3968 3969 3970 3971
4 3972 3973 3974 3975
4 3976 3977 3978 3979
4 3980 3981 3982 3983
4 3984 3985 3986 3987
4 3988 3989 3990 3991
4 3992 3993 3994 3995
4 3996 3997 3998 3999
4 4000 4001 4002 4003
4 4004 4005 4006 4007
4 4008 4009 4010 4011
4 4012 4013 4014 4015
4 4016 4017 4018 4019
4 4020 4021 4022 4023
4 4024 4025 4026 4027
4 4028 4029 4030 4031
4 4032 4033 4034 4035
4 4036 4037 4038 4039
4 4040 4041 4042 4043
4 4044 4045 4046 4047
4 4048 4049 4050 4051
4 4052 4053 4054 4055
4 4056 4057 4058 4059
4 4060 4061 4062 4063
4 4064 4065 4066 4067
4 4068 4069 4070 4071
4 4072 4073 4074 4075
4 4076 4077 4078 4079
4 4080 4081 4082 4083
4 4084 4085 4086 4087
4 4088 4089 4090 4091
4 4092 4093 4094 4095
4 4096 4097 4098 4099
4 4100 4101 4102 4103
4 4104 4105 4106 4107
4 4108 4109 4110 4111
4 4112 4113 4114 4115
4 4116 4117 4118 4119
4 4120 4121 4122 4123
4 4124 4125 4126 4127
4 4128 4129 4130 4131
4 4132 4133 4134 4135
4 4136 4137 4138 4139
4 4140 4141 4142 4143
4 4144 4145 4146 4147
4 4148 4149 4150 4151
4 4152 4153 4154 4155
4 4156 4157 4158 4159
4 4160 4161 4162 4163
4 4164 4165 4166 4167
4 4168 4169 4170 4171
4 4172 4173 4174 4175
4 4176 4177 4178 4179
4 4180 4181 4182 4183
4 4184 4185 4186 4187
4 4188 4189 4190 4191
4 4192 4193 4194 4195
4 4196 4197 4198 4199
4 4200 4201 4202 4203
4 4204 4205 4206 4207
4 4208 4209 4210 4211
4 4212 4213 4214 4215
4 4216 4217 4218 4219
4 4220 4221 4222 4223
4 4224 4225 4226 4227
4 4228 4229 4230 4231
4 4232 4233 4234 4235
4 4236 4237 4238 4239
4 4240 4241 4242 4243
4 4244 4245 4246 4247
4 4248 4249 4250 4251
4 4252 4253 4254 4255
4 4256 4257 4258 4259
4 4260 4261 4262 4263
4 4264 4265 4266 4267
4 4268 4269 4270 4271
4 4272 4273 4274 4275
4 4276 4277 4278 4279
4 4280 4281 4282 4283
4 4284 4285 4286 4287
4 4288 4289 4290 4291
4 4292 4293 4294 4295
4 4296 4297 4298 4299
4 4300 4301 4302 4303
4 4304 4305 4306 4307
4 4308 4309 4310 4311
4 4312 4313 4314 4315
4 4316 4317 4318 4319
4 4320 4321 4322 4323
4 4324 4325 4326 4327
4 4328 4329 4330 4331
4 4332 4333 4334 4335
4 4336 4337 4338 4339
4 4340 4341 4342 4343
4 4344 4345 4346 4347
4 4348 4349 4350 4351
4 4352 4353 4354 4355
4 4356 4357 4358 4359
4 4360 4361 4362 4363
4 4364 4365 4366 4367
4 4368 4369 4370 4371
4 4372 4373 4374 4375
4 4376 4377 4378 4379
4 4380 4381 4382 4383
4 4384 4385 4386 4387
4 4388 4389 4390 4391
4 4392 4393 4394 4395
4 4396 4397 4398 4399
4 4400 4401 4402 4403
4 4404 4405 4406 4407
4 4408 4409 4410 4411
4 4412 4413 4414 4415
4 4416 4417 4418 4419
4 4420 4421 4422 4423
4 4424 4425 4426 4427
4 4428 4429 4430 4431
4 4432 4433 4434 4435
4 4436 4437 4438 4439
4 4440 4441 4442 4443
4 4444 4445 4446 4447
4 4448 4449 4450 4451
4 4452 4453 4454 4455
4 4456 4457 4458 4459
4 4460 4461 4462 4463
4 4464 4465 4466 4467
4 4468 4469 4470 4471
4 4472 4473 4474 4475
4 4476 4477 4478 4479
4 4480 4481 4482 4483
4 4484 4485 4486 4487
4 4488 4489 4490 4491
4 4492 4493 4494 4495
4 4496 4497 4498 4499
4 4500 4501 4502 4503
4 4504 4505 4506 4507
4 4508 4509 4510 4511
4 4512 4513 4514 4515
4 4516 4517 4518 4519
4 4520 4521 4522 4523
4 4524 4525 4526 4527
4 4528 4529 4530 4531
4 4532 4533 4534 4535
4 4536 4537 4538 4539
4 4540 4541 4542 4543
4 4544 4545 4546 4547
4 4548 4549 4550 4551
4 4552 4553 4554 4555
4 4556 4557 4558 4559
4 4560 4561 4562 4563
4 4564 4565 4566 4567
4 4568 4569 4570 4571
4 4572 4573 4574 4575
4 4576 4577 4578 4579
4 4580 4581 4582 4583
4 4584 4585 4586 4587
4 4588 4589 4590 4591
4 4592 4593 4594 4595
4 4596 4597 4598 4599
4 4600 4601 4602 4603
4 4604 4605 4606 4607
4 4608 4609 4610 4611
4 4612 4613 4614 4615
4 4616 4617 4618 4619
4 4620 4621 4622 4623
4 4624 4625 4626 4627
4 4628 4629 4630 4631
4 4632 4633 4634 4635
4 4636 4637 4638 4639
4 4640 4641 4642 4643
4 4644 4645 4646 4647
4 4648 4649 4650 4651
4 4652 4653 4654 4655
4 4656 4657 4658 4659
4 4660 4661 4662 4663
4 4664 4665 4666 4667
4 4668 4669 4670 4671
4 4672 4673 4674 4675
4 4676 4677 4678 4679
4 4680 4681 4682 4683
4 4684 4685 4686 4687
4 4688 4689 4690 4691
4 4692 4693 4694 4695
4 4696 4697 4698 4699
4 4700 4701 4702 4703
4 4704 4705 4706 4707
4 4708 4709 4710 4711
4 4712 4713 4714 4715
4 4716 4717 4718 4719
4 4720 4721 4722 4723
4 4724 4725 4726 4727
4 4728 4729 4730 4731
4 4732 4733 4734 4735
4 4736 4737 4738 4739
4 4740 4741 4742 4743
4 4744 4745 4746 4747
4 4748 4749 4750 4751
4 4752 4753 4754 4755
4 4756 4757 4758 4759
4 4760 4761 4762 4763
4 4764 4765 4766 4767
4 4768 4769 4770 4771
4 4772 4773 4774 4775
4 4776 4777 4778 4779
4 4780 4781 4782 4783
4 4784 4785 4786 4787
4 4788 4789 4790 4791
4 4792 4793 4794 4795
4 4796 4797 4798 4799
4 4800 4801 4802 4803
4 4804 4805 4806 4807
4 4808 4809 4810 4811
4 4812 4813 4814 4815
4 4816 4817 4818 4819
4 4820 4821 4822 4823
4 4824 4825 4826 4827
4 4828 4829 4830 4831
4 4832 4833 4834 4835
4 4836 4837 4838 4839
4 4840 4841 4842 4843
4 4844 4845 4846 4847
4 4848 4849 4850 4851
4 4852 4853 4854 4855
4 4856 4857 4858 4859
4 4860 4861 4862 4863
4 4864 4865 4866 4867
4 4868 4869 4870 4871
4 4872 4873 4874 4875
4 4876 4877 4878 4879
4 4880 4881 4882 4883
4 4884 4885 4886 4887
4 4888 4889 4890 4891
4 4892 4893 4894 4895
4 4896 4897 4898 4899
4 4900 4901 4902 4903
4 4904 4905 4906 4907
4 4908 4909 4910 4911
4 4912 4913 4914 4915
4 4916 4917 4918 4919
4 4920 4921 4922 4923
4 4924 4925 4926 4927
4 4928 4929 4930 4931
4 4932 4933 4934 4935
4 4936 4937 4938 4939
4 4940 4941 4942 4943
4 4944 4945 4946 4947
4 4948 4949 4950 4951
4 4952 4953 4954 4955
4 4956 4957 4958 4959
4 4960 4961 4962 4963
4 4964 4965 4966 4967
4 4968 4969 4970 4971
4 4972 4973 4974 4975
4 4976 4977 4978 4979
4 4980 4981 4982 4983
4 4984 4985 4986 4987
4 4988 4989 4990 4991
4 4992 4993 4994 4995
4 4996 4997 4998 4999
4 5000 5001 5002 5003
4 5004 5005 5006 5007
4 5008 5009 5010 5011
4 5012 5013 5014 5015
4 5016 5017 5018 5019
4 5020 5021 5022 5023
4 5024 5025 5026 5027
4 5028 5029 5030 5031
4 5032 5033 5034 5035
4 5036 5037 5038 5039
4 5040 5041 5042 5043
4 5044 5045 5046 5047
4 5048 5049 5050 5051
4 5052 5053 5054 5055
4 5056 5057 5058 5059
4 5060 5061 5062 5063
4 5064 5065 5066 5067
4 5068 5069 5070 5071
4 5072 5073 5074 5075
4 5076 5077 5078 5079
4 5080 5081 5082 5083
4 5084 5085 5086 5087
4 5088 5089 5090 5091
4 5092 5093 5094 5095
4 5096 5097 5098 5099
4 5100 5101 5102 5103
4 5104 5105 5106 5107
4 5108 5109 5110 5111
4 5112 5113 5114 5115
4 5116 5117 5118 5119
4 5120 5121 5122 5123
4 5124 5125 5126 5127
4 5128 5129 5130 5131
4 5132 5133 5134 5135
4 5136 5137 5138 5139
4 5140 5141 5142 5143
4 5144 5145 5146 5147
4 5148 5149 5150 5151
4 5152 5153 5154 5155
4 5156 5157 5158 5159
4 5160 5161 5162 5163
4 5164 5165 5166 5167
4 5168 5169 5170 5171
4 5172 5173 5174 5175
4 5176 5177 5178 5179
4 5180 5181 5182 5183
4 5184 5185 5186 5187
4 5188 5189 5190 5191
4 5192 5193 5194 5195
4 5196 5197 5198 5199
4 5200 5201 5202 5203
4 5204 5205 5206 5207
4 5208 5209 5210 5211
4 5212 5213 5214 5215
4 5216 5217 5218 5219
4 5220 5221 5222 5223
4 5224 5225 5226 5227
4 5228 5229 5230 5231
4 5232 5233 5234 5235
4 5236 5237 5238 5239
4 5240 5241 5242 5243
4 5244 5245 5246 5247
4 5248 5249 5250 5251
4 5252 5253 5254 5255
4 5256 5257 5258 5259
4 5260 5261 5262 5263
4 5264 5265 5266 5267
4 5268 5269 5270 5271
4 5272 5273 5274 5275
4 5276 5277 5278 5279
4 5280 5281 5282 5283
4 5284 5285 5286 5287
4 5288 5289 5290 5291
4 5292 5293 5294 5295
4 5296 5297 5298 5299
4 5300 5301 5302 5303
4 5304 5305 5306 5307
4 5308 5309 5310 5311
4 5312 5313 5314 5315
4 5316 5317 5318 5319
4 5320 5321 5322 5323
4 5324 5325 5326 5327
4 5328 5329 5330 5331
4 5332 5333 5334 5335
4 5336 5337 5338 5339
4 5340 5341 5342 5343
4 5344 5345 5346 5347
4 5348 5349 5350 5351
4 5352 5353 5354 5355
4 5356 5357 5358 5359
4 5360 5361 5362 5363
4 5364 5365 5366 5367
4 5368 5369 5370 5371
4 5372 5373 5374 5375
4 5376 5377 5378 5379
4 5380 5381 5382 5383
4 5384 5385 5386 5387
4 5388 5389 5390 5391
4 5392 5393 5394 5395
4 5396 5397 5398 5399
4 5400 5401 5402 5403
4 5404 5405 5406 5407
4 5408 5409 5410 5411
4 5412 5413 5414 5415
4 5416 5417 5418 5419
4 5420 5421 5422 5423
4 5424 5425 5426 5427
4 5428 5429 5430 5431
4 5432 5433 5434 5435
4 5436 5437 5438 5439
4 5440 5441 5442 5443
4 5444 5445 5446 5447
4 5448 5449 5450 5451
4 5452 5453 5454 5455
4 5456 5457 5458 5459
4 5460 5461 5462 5463
4 5464 5465 5466 5467
4 5468 5469 5470 5471
4 5472 5473 5474 5475
4 5476 5477 5478 5479
4 5480 5481 5482 5483
4 5484 5485 5486 5487
4 5488 5489 5490 5491
4 5492 5493 5494 5495
4 5496 5497 5498 5499
4 5500 5501 5502 5503
4 5504 5505 5506 5507
4 5508 5509 5510 5511
4 5512 5513 5514 5515
4 5516 5517 5518 5519
4 5520 5521 5522 5523
4 5524 5525 5526 5527
4 5528 5529 5530 5531
4 5532 5533 5534 5535
4 5536 5537 5538 5539
4 5540 5541 5542 5543
4 5544 5545 5546 5547
4 5548 5549 5550 5551
4 5552 5553 5554 5555
4 5556 5557 5558 5559
4 5560 5561 5562 5563
4 5564 5565 5566 5567
4 5568 5569 5570 5571
4 5572 5573 5574 5575
4 5576 5577 5578 5579
4 5580 5581 5582 5583
4 5584 5585 5586 5587
4 5588 5589 5590 5591
4 5592 5593 5594 5595
4 5596 5597 5598 5599
4 5600 5601 5602 5603
4 5604 5605 5606 5607
4 5608 5609 5610 5611
4 5612 5613 5614 5615
4 5616 5617 5618 5619
4 5620 5621 5622 5623
4 5624 5625 5626 5627
4 5628 5629 5630 5631
4 5632 5633 5634 5635
4 5636 5637 5638 5639
4 5640 5641 5642 5643
4 5644 5645 5646 5647
4 5648 5649 5650 5651
4 5652 5653 5654 5655
4 5656 5657 5658 5659
4 5660 5661 5662 5663
4 5664 5665 5666 5667
4 5668 5669 5670 5671
4 5672 5673 5674 5675
4 5676 5677 5678 5679
4 5680 5681 5682 5683
4 5684 5685 5686 5687
4 5688 5689 5690 5691
4 5692 5693 5694 5695
4 5696 5697 5698 5699
4 5700 5701 5702 5703
4 5704 5705 5706 5707
4 5708 5709 5710 5711
4 5712 5713 5714 5715
4 5716 5717 5718 5719
4 5720 5721 5722 5723
4 5724 5725 5726 5727
4 5728 5729 5730 5731
4 5732 5733 5734 5735
4 5736 5737 5738 5739
4 5740 5741 5742 5743
4 5744 5745 5746 5747
4 5748 5749 5750 5751
4 5752 5753 5754 5755
4 5756 5757 5758 5759
4 5760 5761 5762 5763
4 5764 5765 5766 5767
4 5768 5769 5770 5771
4 5772 5773 5774 5775
4 5776 5777 5778 5779
4 5780 5781 5782 5783
4 5784 5785 5786 5787
4 5788 5789 5790 5791
4 5792 5793 5794 5795
4 5796 5797 5798 5799
4 5800 5801 5802 5803
4 5804 5805 5806 5807
4 5808 5809 5810 5811
4 5812 5813 5814 5815
4 5816 5817 5818 5819
4 5820 5821 5822 5823
4 5824 5825 5826 5827
4 5828 5829 5830 5831
4 5832 5833 5834 5835
4 5836 5837 5838 5839
4 5840 5841 5842 5843
4 5844 5845 5846 5847
4 5848 5849 5850 5851
4 5852 5853 5854 5855
4 5856 5857 5858 5859
4 5860 5861 5862 5863
4 5864 5865 5866 5867
4 5868 5869 5870 5871
4 5872 5873 5874 5875
4 5876 5877 5878 5879
4 5880 5881 5882 5883
4 5884 5885 5886 5887
4 5888 5889 5890 5891
4 5892 5893 5894 5895
4 5896 5897 5898 5899
4 5900 5901 5902 5903
4 5904 5905 5906 5907
4 5908 5909 5910 5911
4 5912 5913 5914 5915
4 5916 5917 5918 5919
4 5920 5921 5922 5923
4 5924 5925 5926 5927
4 5928 5929 5930 5931
4 5932 5933 5934 5935
4 5936 5937 5938 5939
4 5940 5941 5942 5943
4 5944 5945 5946 5947
4 5948 5949 5950 5951
4 5952 5953 5954 5955
4 5956 5957 5958 5959
4 5960 5961 5962 5963
4 5964 5965 5966 5967
4 5968 5969 5970 5971
4 5972 5973 5974 5975
4 5976 5977 5978 5979
4 5980 5981 5982 5983
4 5984 5985 5986 5987
4 5988 5989 5990 5991
4 5992 5993 5994 5995
4 5996 5997 5998 5999
4 6000 6001 6002 6003
4 6004 6005 6006 6007
4 6008 6009 6010 6011
4 6012 6013 6014 6015
4 6016 6017 6018 6019
4 6020 6021 6022 6023
4 6024 6025 6026 6027
4 6028 6029 6030 6031
4 6032 6033 6034 6035
4 6036 6037 6038 6039
4 6040 6041 6042 6043
4 6044 6045 6046 6047
4 6048 6049 6050 6051
4 6052 6053 6054 6055
4 6056 6057 6058 6059
4 6060 6061 6062 6063
4 6064 6065 6066 6067
4 6068 6069 6070 6071
4 6072 6073 6074 6075
4 6076 6077 6078 6079
4 6080 6081 6082 6083
4 6084 6085 6086 6087
4 6088 6089 6090 6091
4 6092 6093 6094 6095
4 6096 6097 6098 6099
4 6100 6101 6102 6103
4 6104 6105 6106 6107
4 6108 6109 6110 6111
4 6112 6113 6114 6115
4 6116 6117 6118 6119
4 6120 6121 6122 6123
4 6124 6125 6126 6127
4 6128 6129 6130 6131
4 6132 6133 6134 6135
4 6136 6137 6138 6139
4 6140 6141 6142 6143
4 6144 6145 6146 6147
4 6148 6149 6150 6151
4 6152 6153 6154 6155
4 6156 6157 6158 6159
4 6160 6161 6162 6163
4 6164 6165 6166 6167
4 6168 6169 6170 6171
4 6172 6173 6174 6175
4 6176 6177 6178 6179
4 6180 6181 6182 6183
4 6184 6185 6186 6187
4 6188 6189 6190 6191
4 6192 6193 6194 6195
4 6196 6197 6198 6199
4 6200 6201 6202 6203
4 6204 6205 6206 6207
4 6208 6209 6210 6211
4 6212 6213 6214 6215
4 6216 6217 6218 6219
4 6220 6221 6222 6223
4 6224 6225 6226 6227
4 6228 6229 6230 6231
4 6232 6233 6234 6235
4 6236 6237 6238 6239
4 6240 6241 6242 6243
4 6244 6245 6246 6247
4 6248 6249 6250 6251
4 6252 6253 6254 6255
4 6256 6257 6258 6259
4 6260 6261 6262 6263
4 6264 6265 6266 6267
4 6268 6269 6270 6271
4 6272 6273 6274 6275
4 6276 6277 6278 6279
4 6280 6281 6282 6283
4 6284 6285 6286 6287
4 6288 6289 6290 6291
4 6292 6293 6294 6295
4 6296 6297 6298 6299
4 6300 6301 6302 6303
4 6304 6305 6306 6307
4 6308 6309 6310 6311
4 6312 6313 6314 6315
4 6316 6317 6318 6319
4 6320 6321 6322 6323
4 6324 6325 6326 6327
4 6328 6329 6330 6331
4 6332 6333 6334 6335
4 6336 6337 6338 6339
4 6340 6341 6342 6343
4 6344 6345 6346 6347
4 6348 6349 6350 6351
4 6352 6353 6354 6355
4 6356 6357 6358 6359
4 6360 6361 6362 6363
4 6364 6365 6366 6367
4 6368 6369 6370 6371
4 6372 6373 6374 6375
4 6376 6377 6378 6379
4 6380 6381 6382 6383
4 6384 6385 6386 6387
4 6388 6389 6390 6391
4 6392 6393 6394 6395
4 6396 6397 6398 6399
4 6400 6401 6402 6403
4 6404 6405 6406 6407
4 6408 6409 6410 6411
4 6412 6413 6414 6415
4 6416 6417 6418 6419
4 6420 6421 6422 6423
4 6424 6425 6426 6427
4 6428 6429 6430 6431
4 6432 6433 6434 6435
4 6436 6437 6438 6439
4 6440 6441 6442 6443
4 6444 6445 6446 6447
4 6448 6449 6450 6451
4 6452 6453 6454 6455
4 6456 6457 6458 6459
4 6460 6461 6462 6463
4 6464 6465 6466 6467
4 6468 6469 6470 6471
4 6472 6473 6474 6475
4 6476 6477 6478 6479
4 6480 6481 6482 6483
4 6484 6485 6486 6487
4 6488 6489 6490 6491
4 6492 6493 6494 6495
4 6496 6497 6498 6499
4 6500 6501 6502 6503
4 6504 6505 6506 6507
4 6508 6509 6510 6511
4 6512 6513 6514 6515
4 6516 6517 6518 6519
4 6520 6521 6522 6523
4 6524 6525 6526 6527
4 6528 6529 6530 6531
4 6532 6533 6534 6535
4 6536 6537 6538 6539
4 6540 6541 6542 6543
4 6544 6545 6546 6547
4 6548 6549 6550 6551
4 6552 6553 6554 6555
4 6556 6557 6558 6559
4 6560 6561 6562 6563
4 6564 6565 6566 6567
4 6568 6569 6570 6571
4 6572 6573 6574 6575
4 6576 6577 6578 6579
4 6580 6581 6582 6583
4 6584 6585 6586 6587
4 6588 6589 6590 6591
4 6592 6593 6594 6595
4 6596 6597 6598 6599
4 6600 6601 6602 6603
4 6604 6605 6606 6607
4 6608 6609 6610 6611
4 6612 6613 6614 6615
4 6616 6617 6618 6619
4 6620 6621 6622 6623
4 6624 6625 6626 6627
4 6628 6629 6630 6631
4 6632 6633 6634 6635
4 6636 6637 6638 6639
4 6640 6641 6642 6643
4 6644 6645 6646 6647
4 6648 6649 6650 6651
4 6652 6653 6654 6655
4 6656 6657 6658 6659
4 6660 6661 6662 6663
4 6664 6665 6666 6667
4 6668 6669 6670 6671
4 6672 6673 6674 6675
4 6676 6677 6678 6679
4 6680 6681 6682 6683
4 6684 6685 6686 6687
4 6688 6689 6690 6691
4 6692 6693 6694 6695
4 6696 6697 6698 6699
4 6700 6701 6702 6703
4 6704 6705 6706 6707
4 6708 6709 6710 6711
4 6712 6713 6714 6715
4 6716 6717 6718 6719
4 6720 6721 6722 6723
4 6724 6725 6726 6727
4 6728 6729 6730 6731
4 6732 6733 6734 6735
4 6736 6737 6738 6739
4 6740 6741 6742 6743
4 6744 6745 6746 6747
4 6748 6749 6750 6751
4 6752 6753 6754 6755
4 6756 6757 6758 6759
4 6760 6761 6762 6763
4 6764 6765 6766 6767
4 6768 6769 6770 6771
4 6772 6773 6774 6775
4 6776 6777 6778 6779
4 6780 6781 6782 6783
4 6784 6785 6786 6787
4 6788 6789 6790 6791
4 6792 6793 6794 6795
4 6796 6797 6798 6799
4 6800 6801 6802 6803
4 6804 6805 6806 6807
4 6808 6809 6810 6811
4 6812 6813 6814 6815
4 6816 6817 6818 6819
4 6820 6821 6822 6823
4 6824 6825 6826 6827
4 6828 6829 6830 6831
4 6832 6833 6834 6835
4 6836 6837 6838 6839
4 6840 6841 6842 6843
4 6844 6845 6846 6847
4 6848 6849 6850 6851
4 6852 6853 6854 6855
4 6856 6857 6858 6859
4 6860 6861 6862 6863
4 6864 6865 6866 6867
4 6868 6869 6870 6871
4 6872 6873 6874 6875
4 6876 6877 6878 6879
4 6880 6881 6882 6883
4 6884 6885 6886 6887
4 6888 6889 6890 6891
4 6892 6893 6894 6895
4 6896 6897 6898 6899
4 6900 6901 6902 6903
4 6904 6905 6906 6907
4 6908 6909 6910 6911
4 6912 6913 6914 6915
4 6916 6917 6918 6919
4 6920 6921 6922 6923
4 6924 6925 6926 6927
4 6928 6929 6930 6931
4 6932 6933 6934 6935
4 6936 6937 6938 6939
4 6940 6941 6942 6943
4 6944 6945 6946 6947
4 6948 6949 6950 6951
4 6952 6953 6954 6955
4 6956 6957 6958 6959
4 6960 6961 6962 6963
4 6964 6965 6966 6967
4 6968 6969 6970 6971
4 6972 6973 6974 6975
4 6976 6977 6978 6979
4 6980 6981 6982 6983
4 6984 6985 6986 6987
4 6988 6989 6990 6991
4 6992 6993 6994 6995
4 6996 6997 6998 6999
4 7000 7001 7002 7003
4 7004 7005 7006 7007
4 7008 7009 7010 7011
4 7012 7013 7014 7015
4 7016 7017 7018 7019
4 7020 7021 7022 7023
4 7024 7025 7026 7027
4 7028 7029 7030 7031
4 7032 7033 7034 7035
4 7036 7037 7038 7039
4 7040 7041 7042 7043
4 7044 7045 7046 7047
4 7048 7049 7050 7051
4 7052 7053 7054 7055
4 7056 7057 7058 7059
4 7060 7061 7062 7063
4 7064 7065 7066 7067
4 7068 7069 7070 7071
4 7072 7073 7074 7075
4 7076 7077 7078 7079
4 7080 7081 7082 7083
4 7084 7085 7086 7087
4 7088 7089 7090 7091
4 7092 7093 7094 7095
4 7096 7097 7098 7099
4 7100 7101 7102 7103
4 7104 7105 7106 7107
4 7108 7109 7110 7111
4 7112 7113 7114 7115
4 7116 7117 7118 7119
4 7120 7121 7122 7123
4 7124 7125 7126 7127
4 7128 7129 7130 7131
4 7132 7133 7134 7135
4 7136 7137 7138 7139
4 7140 7141 7142 7143
4 7144 7145 7146 7147
4 7148 7149 7150 7151
4 7152 7153 7154 7155
4 7156 7157 7158 7159
4 7160 7161 7162 7163
4 7164 7165 7166 7167
4 7168 7169 7170 7171
4 7172 7173 7174 7175
4 7176 7177 7178 7179
4 7180 7181 7182 7183
4 7184 7185 7186 7187
4 7188 7189 7190 7191
4 7192 7193 7194 7195
4 7196 7197 7198 7199
12 88 404 408 416 420 424 436 1384 2684 2776 7200 7201
12 89 409 417 421 428 432 437 1332 1604 2704 7200 7202
12 236 444 452 456 464 568 600 1556 4512 5260 7203 7204
12 252 260 264 368 604 624 1004 1008 1680 2412 7205 7206
12 216 220 280 284 288 648 652 996 1696 2420 7207 7208
12 221 285 289 292 649 653 656 928 3816 7028 7207 7209
12 744 748 780 784 1224 1264 1896 3772 4068 4108 7210 7211
12 265 360 369 605 608 616 625 1009 1012 1016 7205 7212
12 361 364 596 609 612 617 1013 1017 1020 1188 7212 7213
12 266 272 956 960 964 1018 1072 1076 1096 2444 7214 7215
12 112 957 965 968 1019 1021 1073 1077 1080 3904 7214 7216
12 16 60 108 356 552 1078 1081 1192 2512 3172 7217 7218
12 188 192 372 376 824 1136 1952 1992 2472 3656 7219 7220
12 328 720 840 1108 1116 1124 1140 1144 1148 5048 7221 7222
12 329 336 841 844 1125 1128 1141 1145 1152 1988 7221 7223
12 572 708 712 716 1156 1160 1164 2540 2660 3304 7224 7225
12 92 248 365 457 597 613 1022 1184 1189 2516 7213 7226
12 132 136 152 168 172 700 1204 1208 2536 2584 7227 7228
12 72 553 760 768 772 1244 1252 1256 1268 3156 7229 7230
12 373 380 564 904 1248 1260 1948 2152 2468 3196 7231 7232
12 17 548 554 761 764 769 1257 1265 1269 2496 7229 7233
12 337 680 1112 1120 1126 1420 1424 1428 1836 2972 7234 7235
12 124 681 684 1117 1121 1127 1425 1429 2996 3504 7234 7236
12 520 524 540 1456 1464 1468 1472 1476 2796 6576 7237 7238
12 418 1196 1200 1205 1592 1600 1605 1976 2532 2572 7239 7240
12 24 576 580 1601 1608 1612 1620 1624 3284 6144 7241 7242
12 232 660 676 1056 1276 1280 1628 4036 4216 6116 7243 7244
12 120 504 1412 1644 1648 1652 3288 3332 3472 6276 7245 7246
12 200 628 892 1232 1236 1688 1692 1697 2076 3756 7247 7248
12 201 636 654 924 1233 1237 1684 1693 1698 1704 7247 7249
12 637 640 655 925 929 1360 1685 1700 1705 1708 7249 7250
12 641 644 930 932 1361 1364 1664 1701 1709 1748 7250 7251
12 1225 1228 1234 1706 1712 1716 2592 3784 4096 5396 7252 7253
12 645 933 1365 1660 1665 1724 1732 1740 1749 3360 7251 7254
12 1760 1792 1800 1804 1832 1844 1848 2976 4876 4996 7255 7256
12 133 137 696 1416 1421 1436 1884 1888 1892 2968 7257 7258
12 138 332 776 1417 1422 1430 1885 1893 1900 3520 7257 7259
12 164 792 868 1852 1860 3484 3720 4040 4720 5064 7260 7261
12 1316 1324 1465 1477 1908 1912 2284 2676 3536 3584 7262 7263
12 204 208 796 808 900 1916 1920 2104 2136 4308 7264 7265
12 156 884 1540 1944 1949 1956 2020 3212 3624 4712 7266 7267
12 338 340 709 845 1129 1132 1153 1989 1993 2544 7223 7268
12 8 52 113 176 852 2004 2008 2012 2176 3184 7269 7270
12 157 381 885 1950 1957 1960 2021 2024 2028 5052 7266 7271
12 48 76 1532 1548 1768 2036 2040 3208 3668 4740 7272 7273
12 820 916 940 1924 1928 1932 2080 2084 2220 2228 7274 7275
12 53 165 300 901 2013 2092 2096 2105 3632 3728 7276 7277
12 54 166 212 296 301 869 2097 2100 2106 2172 7276 7278
12 12 61 1253 1528 2112 2120 2148 3160 3192 5976 7279 7280
12 160 209 793 797 804 809 902 2132 2137 3716 7264 7281
12 256 276 281 1084 2116 2121 2140 2144 2149 2464 7282 7283
12 277 282 290 2117 2141 2150 3764 5980 6204 7024 7282 7284
12 213 297 870 872 880 2101 2168 2173 3492 3804 7278 7285
12 55 177 180 853 1996 2009 2174 2177 2180 3016 7269 7286
12 1713 1717 1741 1744 1750 2221 2224 2244 2272 3740 7287 7288
12 917 941 1925 2085 2196 2216 2222 2225 3708 5160 7274 7289
12 816 821 1917 1929 1933 2081 2229 2232 2240 2760 7275 7290
12 905 1536 1964 2153 2236 2245 2248 3232 3736 3776 7291 7292
12 1714 1742 2223 2230 2237 2246 2273 2276 2280 5384 7287 7293
12 240 944 948 1913 2285 2288 2304 2344 2748 3868 7294 7295
12 217 958 961 972 1000 2308 2316 2400 3888 3916 7296 7297
12 20 966 969 2181 2184 2192 2324 2328 3912 5236 7298 7299
12 1060 1064 1457 1460 2292 2336 2340 2656 2784 4012 7300 7301
12 241 949 1061 1461 2286 2289 2293 2337 2341 2345 7294 7300
12 228 536 1492 2380 3040 4088 4348 6188 7004 7096 7302 7303
12 193 196 384 888 980 2381 2384 2580 4084 6196 7304 7305
12 1500 1564 1568 2392 2404 3072 3100 3112 3392 5288 7306 7307
12 253 257 261 1001 1005 1681 1689 2408 2413 2416 7206 7308
12 218 258 283 997 1002 1690 1699 2409 2417 2421 7208 7308
12 316 324 1104 1113 1122 1820 2436 2440 4200 5340 7309 7310
12 262 267 268 273 962 1088 1097 2445 2448 2456 7215 7311
12 259 263 269 1085 1089 2122 2145 2449 2457 2465 7283 7311
12 56 169 189 194 197 374 1137 2469 2473 4060 7219 7312
12 382 1245 1249 1261 2154 2156 2470 2476 3792 4072 7231 7313
12 270 362 1190 2068 2146 2480 2484 2488 2520 3688 7314 7315
12 18 549 749 756 765 1266 2492 2497 2500 2956 7233 7316
12 96 357 453 460 488 2504 2508 2513 4404 4516 7317 7318
12 93 97 249 454 458 461 1185 2505 2514 2517 7226 7317
12 13 19 62 274 1079 1193 2493 2515 2518 2524 7217 7319
12 14 271 275 1191 2481 2485 2494 2519 2521 2525 7314 7319
12 581 1168 1197 1206 1596 1602 1606 2528 2533 2537 7239 7320
12 573 582 717 1157 1165 1169 1597 2529 2538 2541 7224 7320
12 732 736 846 848 1864 1972 2530 2534 2545 2556 7321 7322
12 737 836 849 1973 1977 1984 2535 2546 2548 5380 7321 7323
12 139 170 333 701 704 1138 1209 2539 2542 2549 7227 7324
12 334 341 705 710 1133 1139 1994 2543 2547 2550 7268 7324
12 733 847 1142 1158 1856 1865 2531 2552 2557 2560 7322 7325
12 1143 1149 1159 1161 1172 1853 1857 2553 2561 5060 7325 7326
12 25 140 144 148 385 392 2573 2576 2581 2604 7327 7328
12 419 425 584 1201 1593 1978 2574 2577 4336 5368 7240 7329
12 134 141 145 149 153 173 1207 2575 2582 2585 7228 7327
12 26 386 393 588 1609 2060 2578 2600 2605 4132 7328 7330
12 73 512 762 1889 1897 1904 2601 2608 3136 4144 7331 7332
12 90 433 1166 1296 2640 2661 2668 2680 4048 4244 7333 7334
12 1325 1466 1909 2287 2294 2300 2672 2677 2780 4236 7262 7335
12 1173 1198 1202 1317 1326 2554 2688 2700 4248 4340 7336 7337
12 429 434 1328 1333 1588 1598 1607 2705 5444 5724 7202 7338
12 1308 2290 2338 2648 2708 2712 2716 2732 4296 5532 7339 7340
12 1309 2339 2348 2649 2652 2657 2709 2717 3932 5164 7339 7341
12 912 1934 1936 2352 2710 2713 2720 2752 2761 3960 7342 7343
12 1312 1937 1940 2714 2721 2724 2753 2762 2768 4304 7342 7344
12 810 817 1918 2233 2241 2249 2763 2764 2769 3228 7290 7345
12 405 426 1385 2685 2689 2772 2777 2940 4328 5564 7201 7346
12 476 480 1320 1484 1488 2701 2781 2788 4252 4632 7347 7348
12 477 521 525 1321 1467 1473 1485 2782 2789 2797 7237 7347
12 68 80 84 1300 1380 2808 2936 4356 5568 6100 7349 7350
12 620 1348 1362 1682 1686 2418 2812 2816 2820 2860 7351 7352
12 606 1344 1349 1683 1687 1694 2817 2821 2824 4860 7351 7353
12 621 1363 1366 2419 2422 2813 2848 2852 2861 5640 7352 7354
12 94 98 440 1340 1345 1676 2864 2868 2884 4400 7355 7356
12 95 614 1346 1350 1672 1677 2869 2876 2880 2885 7355 7357
12 445 615 618 622 1351 1673 2877 2881 4484 5656 7357 7358
12 28 32 104 1486 1489 2924 2928 3064 4424 4532 7359 7360
12 69 81 348 1301 1304 1381 2932 2937 4428 4544 7349 7361
12 750 757 1180 1216 2486 2495 2501 2952 2957 5428 7316 7362
12 135 146 697 1432 1437 1890 2609 2964 2969 2988 7258 7363
12 342 706 1812 1816 1840 1849 2965 2970 2977 3476 7364 7365
12 339 343 1114 1423 1817 1837 1841 2971 2973 2978 7235 7364
12 147 1433 1828 2606 2610 2966 2980 2984 2989 4148 7363 7366
12 950 988 992 1062 1068 2320 3008 3876 4600 4624 7367 7368
12 21 181 304 1997 2169 2175 2182 3012 3017 3028 7286 7369
12 22 305 308 1440 2170 3013 3024 3029 3052 4620 7369 7370
12 182 462 468 489 496 500 952 3030 3896 4616 7371 7372
12 229 738 740 837 873 1861 3032 3036 3041 3488 7373 7374
12 298 741 828 832 838 874 3033 3042 3044 3048 7373 7375
12 299 302 829 833 984 3045 3049 3053 3060 3644 7375 7376
12 33 526 1376 1487 2925 2929 3065 3068 3076 6588 7359 7377
12 1448 1501 1504 1565 2388 2393 2405 3104 3113 4668 7306 7378
12 976 1100 2212 2252 2256 3105 3108 3860 4664 5312 7379 7380
12 74 394 781 1886 1891 1898 2602 3137 3140 3148 7331 7381
12 142 395 396 777 782 1887 3141 3144 3149 4080 7381 7382
12 75 556 773 1246 1250 1254 3150 3152 3157 3161 7230 7383
12 244 484 492 501 544 2908 3153 3158 3164 3188 7384 7385
12 557 565 1251 3132 3145 3151 3154 3162 3168 3180 7383 7386
12 109 245 358 485 545 555 1082 3159 3165 3173 7218 7384
12 63 1529 2108 2113 2123 2450 3163 3169 3174 4696 7279 7387
12 0 560 566 3128 3133 3146 3170 3176 3181 4680 7386 7388
12 493 497 502 2909 2912 3155 3182 3185 3189 5756 7385 7389
12 9 114 1074 2005 2014 2016 2460 3186 3190 4676 7270 7390
12 375 561 567 906 1945 1951 1953 3193 3197 3200 7232 7391
12 562 1530 1946 1954 3194 3201 3204 3616 3660 4684 7391 7392
12 805 811 812 2250 2756 2765 2770 3229 3233 4736 7345 7393
12 822 920 942 1044 1572 1576 3236 3240 3272 4752 7394 7395
12 3084 3088 3101 3109 3114 3252 3256 4172 4672 6636 7396 7397
12 921 936 943 1577 2217 3241 3273 3280 4828 5200 7394 7398
12 508 577 1584 1594 1603 1610 1621 3285 3289 3292 7241 7399
12 505 509 585 1388 1585 1589 1595 3290 3293 6252 7399 7400
12 711 713 1154 1162 2662 2664 3300 3305 3308 4056 7225 7401
12 128 1653 1656 1784 1788 1796 3312 3320 5628 5892 7402 7403
12 366 1186 1352 1356 2072 3336 3340 3684 4840 5124 7404 7405
12 1720 1728 1736 2268 2277 3352 3356 3364 3844 6056 7406 7407
12 1661 1721 1725 1733 1737 1743 2278 3353 3357 3361 7254 7406
12 953 989 993 1010 1014 2394 3388 3393 3908 5272 7408 7409
12 400 672 1272 1288 1776 1780 3420 3424 3428 3448 7410 7411
12 1273 1277 1284 1289 1777 2624 3416 3425 3429 4232 7410 7412
12 40 401 673 1756 1781 3421 3432 3449 3452 4956 7411 7413
12 121 692 1413 1649 3286 3291 3460 3468 3473 3568 7245 7414
12 1400 1408 1636 1645 2960 3464 3474 4112 4868 5424 7415 7416
12 702 707 1813 1829 1850 2967 3309 3477 4832 4984 7365 7417
12 184 230 739 864 1862 1866 3037 3480 3485 3489 7374 7418
12 185 388 856 860 865 1867 2562 3481 3486 5076 7418 7419
12 125 685 1118 1292 2997 3000 3500 3505 3508 5044 7236 7420
12 335 778 785 1134 1431 1901 3506 3516 3521 4064 7259 7421
12 1772 1778 2025 2612 2616 2625 3444 3528 5036 5104 7422 7423
12 558 774 1876 2916 3540 3548 3556 4500 5748 6920 7424 7425
12 516 758 1240 2953 3541 3544 3560 3564 3576 4140 7426 7427
12 1241 2948 2954 3545 3552 3565 3577 3580 4128 5412 7426 7428
12 693 1613 3287 3456 3461 3469 3569 3572 3581 4992 7414 7429
12 1318 1478 1480 1914 2564 3537 3585 3588 3596 5056 7263 7430
12 4 861 2185 2188 2728 3592 3608 3612 3884 5224 7431 7432
12 306 889 981 1998 2052 3056 3628 3633 3640 3664 7433 7434
12 303 307 982 985 3054 3057 3061 3634 3641 3645 7376 7433
12 721 728 734 830 850 3625 3636 3646 3724 4716 7435 7436
12 722 842 851 1958 1985 3626 3637 3642 3647 3652 7435 7437
12 190 2000 2006 2010 2044 2048 2056 3648 3657 4688 7438 7439
12 890 1999 2011 2049 2053 2057 3629 3649 3658 3665 7434 7438
12 377 825 1955 1961 1980 1990 1995 3659 3661 3666 7220 7440
12 843 1959 1962 1981 1986 1991 3643 3653 3662 3667 7437 7440
12 77 1769 2037 3209 3213 3220 3453 3669 3672 5096 7272 7441
12 363 370 2069 2142 2147 2489 3685 3689 3692 3760 7315 7442
12 881 1926 1938 1941 3604 3704 3709 3808 4320 5136 7443 7444
12 44 161 788 794 806 1968 2133 3712 3717 3721 7281 7445
12 45 789 1533 1965 1969 3216 3620 3713 3722 4724 7445 7446
12 896 2017 2124 3630 3638 3650 3714 3718 3725 4692 7447 7448
12 897 903 2015 2018 2093 3631 3635 3719 3726 3729 7277 7447
12 907 1966 1970 2242 2247 2251 3202 3732 3737 3741 7291 7449
12 1971 2082 2134 2243 3203 3205 3733 3742 3744 4700 7449 7450
12 1710 1718 1745 1751 2226 3743 3745 3752 5152 6732 7288 7451
12 1181 2157 2502 3734 3738 3748 3761 3768 3780 4704 7452 7453
12 254 629 893 1691 2073 2077 3700 3757 3765 3769 7248 7454
12 255 371 2074 2143 3686 3693 3701 3762 3766 3770 7442 7454
12 894 1182 1220 3739 3749 3753 3771 3773 3777 3781 7452 7455
12 895 1221 1226 1229 1235 1719 3754 3774 3778 3785 7252 7455
12 1537 1541 2155 2238 3234 3779 3786 3793 4748 5400 7292 7456
12 1310 2193 2200 2729 2733 2736 3796 3800 5168 5220 7457 7458
12 10 214 908 2160 2458 2461 2466 3805 5140 5216 7459 7460
12 309 875 882 2171 3490 3493 3496 3806 3809 5228 7285 7461
12 222 998 2396 3389 3396 3832 3852 5264 5292 5744 7462 7463
12 973 977 2213 2257 2406 3106 3812 3856 3861 5284 7379 7464
12 945 1915 2305 2737 2744 2749 3597 3869 3872 3880 7295 7465
12 2189 2730 2738 2745 3593 3598 3609 3873 3881 3885 7431 7465
12 959 1003 1006 2309 2389 2397 2401 3889 3892 3905 7296 7466
12 994 1007 1011 2390 2395 2398 3390 3893 3906 3909 7408 7466
12 178 183 246 250 463 503 954 3897 3900 3910 7371 7467
12 115 179 247 251 970 1023 1083 3901 3907 3911 7216 7467
12 219 286 963 974 978 1090 2317 3913 3917 5304 7297 7468
12 23 971 2186 2190 2329 3025 3902 3914 3918 3920 7298 7469
12 2191 3026 3874 3890 3898 3903 3919 3921 3924 4604 7469 7470
12 674 677 1281 1757 2722 2725 3928 3933 3940 3996 7471 7472
12 675 1274 1282 2718 2726 3934 3941 3948 4220 4292 7471 7473
12 913 918 1935 2208 2349 2353 2711 3952 3956 3961 7343 7474
12 919 1040 2197 2201 2209 2350 3953 3957 3964 5172 7474 7475
12 1552 2757 2766 3264 3268 3954 3962 3968 4764 4932 7476 7477
12 1508 2360 2364 2372 3976 3984 3992 4004 5960 6216 7478 7479
12 678 1758 2354 2723 3436 3929 3980 3988 3997 6108 7472 7480
12 1444 1452 2376 2790 2792 2798 4000 4008 4016 4648 7481 7482
12 1065 1445 1458 2658 2785 2793 2799 4009 4013 4017 7301 7481
12 1868 2669 2678 3538 4044 4049 4052 5072 5344 6348 7483 7484
12 1146 1155 1814 2665 3296 3301 3310 4053 4057 5360 7401 7485
12 435 1297 1329 2636 2641 2644 2663 4050 4058 5348 7333 7486
12 786 1130 1135 3501 3507 3517 3532 4061 4065 4069 7421 7487
12 1 57 100 171 174 198 2471 4062 4066 4073 7312 7488
12 330 1131 2474 3502 3524 3533 4063 4070 4076 5032 7487 7489
12 2 101 143 175 397 779 3147 4067 4074 4081 7382 7488
12 745 783 1267 1270 3775 3782 3788 4071 4077 4082 7210 7490
12 1247 1271 2158 2477 3783 3789 3794 4075 4078 4083 7313 7490
12 195 826 983 986 2382 2583 2586 4085 4089 5364 7304 7491
12 752 1212 1217 1894 1902 1905 4092 4097 4104 5080 7492 7493
12 751 787 1218 1227 1899 1903 1906 4098 4105 4109 7211 7492
12 746 2029 2032 2038 3673 4100 4110 4732 5388 6172 7494 7495
12 1230 2064 2593 2596 3694 3696 3702 4113 4116 5408 7496 7497
12 1637 2078 2588 2594 3697 3703 4114 4117 4120 5120 7496 7498
12 589 1611 2061 2603 3294 4133 4136 4145 5112 6240 7330 7499
12 1830 1833 2607 2981 2985 2992 4134 4141 4149 5000 7366 7500
12 517 753 759 766 1877 3542 3561 4142 4150 4152 7427 7501
12 513 754 763 767 1878 1907 2611 4146 4151 4153 7332 7501
12 2253 2260 3244 3248 3276 3281 4156 4160 4768 4816 7502 7503
12 2258 3089 3102 3110 3253 4173 4176 4184 5256 5300 7396 7504
12 126 317 320 325 1123 2432 2441 4196 4201 4204 7309 7505
12 127 321 664 1293 2433 2620 4197 4205 4208 4212 7505 7506
12 233 1024 1057 1283 4024 4032 4037 4213 4217 4221 7243 7507
12 665 668 1294 2621 2628 2632 4209 4214 4218 4224 7506 7508
12 1025 2428 4020 4025 4033 4198 4215 4222 4228 5436 7507 7509
12 669 1278 1285 2626 2629 2633 3417 4219 4225 4233 7412 7508
12 91 1167 1170 1176 2670 2681 2686 4237 4240 4245 7334 7510
12 1171 1174 1177 1199 1327 2687 2690 4238 4241 4249 7336 7510
12 2295 2296 2301 2673 2783 2786 4239 4246 4253 5524 7335 7511
12 1910 2302 2746 3600 3605 3610 4300 4312 5512 6336 7512 7513
12 1275 2719 3949 4223 4229 4234 4288 4293 4297 5464 7473 7514
12 412 813 1313 1942 2727 2771 4294 4301 4305 4316 7344 7515
12 41 413 800 814 4289 4295 4302 4309 4313 4317 7515 7516
12 42 49 402 798 801 4284 4290 4310 4314 6320 7516 7517
12 205 1919 1921 1930 2088 2102 2107 4311 4318 4324 7265 7518
12 883 1927 1931 1943 2089 2103 3705 4319 4321 4325 7443 7518
12 1322 1474 1974 2558 2565 2568 4337 4344 5372 6372 7519 7520
12 1203 1319 1323 2555 2559 2566 2702 4338 4341 4345 7337 7519
12 186 231 532 537 1493 4090 4349 4352 5376 6380 7302 7521
12 99 441 1336 1341 1353 2832 2865 4396 4401 4405 7356 7522
12 1337 1354 1357 2828 2833 3124 4397 4406 4408 5600 7522 7523
12 1372 1377 2886 2888 2920 2926 4402 4412 4420 4520 7524 7525
12 1373 2927 3120 4398 4403 4413 4416 4421 4425 6504 7524 7526
12 1342 2822 2834 2862 4384 4436 4456 5684 6432 6872 7527 7528
12 3853 3864 4161 4164 4168 4476 4480 5240 5280 5736 7529 7530
12 82 2882 2900 4417 4422 4429 4468 4485 6400 6500 7531 7532
12 514 559 1879 1880 2917 3134 3557 4501 4504 5784 7424 7533
12 1441 2001 2058 3014 4488 4505 5772 5796 5804 6596 7534 7535
12 36 237 446 448 455 569 2878 4508 4513 4517 7203 7536
12 37 449 1378 2879 2887 2889 2921 4509 4518 4521 7525 7536
12 359 486 490 1516 2509 4407 4409 4519 4522 4528 7318 7537
12 487 494 1517 3116 4410 4414 4523 4524 4529 4556 7537 7538
12 29 105 352 472 1490 4426 4432 4533 4536 4540 7360 7539
12 349 353 473 1305 2933 4430 4433 4537 4541 4545 7361 7539
12 495 2913 3117 3121 4415 4525 4552 4557 5780 5836 7538 7540
12 1194 1518 2065 2526 2961 4548 4558 5420 5820 5852 7541 7542
12 546 550 2910 2949 2958 4560 5416 5752 5840 6916 7543 7544
12 990 1063 1066 1069 1449 1560 3009 4596 4601 6556 7367 7545
12 2312 3870 3875 3891 3894 3899 3925 4605 4608 4617 7470 7546
12 310 312 1442 3027 3050 3055 4606 4612 4621 6600 7370 7547
12 951 995 2313 2321 3871 3877 3895 4609 4618 4625 7368 7546
12 465 3010 3020 4514 4526 4530 4613 4622 4626 5764 7548 7549
12 466 469 491 498 3021 3031 4531 4619 4623 4627 7372 7548
12 474 481 1491 2692 2703 4250 4254 4628 4633 4636 7348 7550
12 475 1306 2693 2696 4242 4251 4629 4637 4640 5940 7550 7551
12 528 1502 1505 1509 2373 3069 4630 4634 4644 5936 7552 7553
12 529 1453 1506 2374 2377 2791 4001 4635 4645 4649 7482 7552
12 2645 2650 2653 4360 4641 4646 4650 5468 5520 5952 7554 7555
12 106 354 1496 3085 3092 3096 4652 4660 5484 5944 7556 7557
12 1070 1450 1507 2310 2378 2391 3107 4665 4669 5956 7378 7558
12 3 58 116 563 1524 3129 3177 4677 4681 4685 7388 7559
12 59 117 191 1525 2002 2007 2045 4678 4686 4689 7439 7559
12 1075 2019 2446 2452 2462 3166 3191 4679 4682 4693 7390 7560
12 2109 2447 2451 2453 3167 3171 3175 4683 4694 4697 7387 7560
12 1531 2128 3206 3617 3621 3654 3663 4687 4690 4698 7392 7561
12 2125 2129 3622 3639 3651 3655 3715 4691 4695 4699 7448 7561
12 2083 2086 2130 2135 2138 3207 3746 4701 5156 5972 7450 7562
12 1262 2159 2490 2498 2503 3735 3763 4702 4705 5984 7453 7563
12 1538 1542 1947 3210 3214 3618 3627 4708 4713 4717 7267 7564
12 2434 2613 2617 2622 4041 4045 4709 4714 4721 6360 7565 7566
12 1534 1539 1967 3211 3217 3619 3623 4710 4718 4725 7446 7564
12 158 326 1869 2435 2618 4046 4715 4722 4728 5040 7565 7567
12 167 742 1854 1858 1863 3723 3730 4723 4726 4729 7260 7568
12 729 735 743 831 1859 3727 3731 4719 4727 4730 7436 7568
12 1573 1578 1872 3230 3372 3376 4733 4737 5404 6176 7569 7570
12 46 50 802 1535 1544 1549 2041 4741 4744 4749 7273 7571
12 47 803 807 815 1545 2758 3235 4738 4745 4750 7393 7571
12 818 823 1041 1045 1574 3237 3260 4753 4756 4760 7395 7572
12 819 1042 2767 3261 3265 3269 3955 4757 4761 4765 7476 7572
12 2261 2264 3242 3249 3282 4157 4177 4769 4776 4784 7502 7573
12 2265 3238 3243 4174 4178 4777 4780 4785 6624 6664 7573 7574
12 1668 3250 3270 4758 4786 4788 4792 4796 4900 4916 7575 7576
12 3404 3408 3824 3836 3840 3857 4800 4804 4820 4892 7577 7578
12 1580 2254 3245 3277 3862 3865 4162 4808 4812 4817 7503 7579
12 1581 3405 3841 3858 3863 3866 4801 4809 4813 4821 7577 7579
12 2840 3313 3341 4460 4836 4841 4844 4852 5624 5812 7580 7581
12 367 442 610 630 1355 2075 3337 4842 4848 4856 7404 7582
12 443 607 611 631 1347 1695 2825 4849 4857 4861 7353 7582
12 1409 1638 1640 1646 2962 4549 4864 4869 5132 6016 7415 7583
12 1789 3380 3384 4580 4584 4872 4880 4904 5888 5920 7584 7585
12 688 1761 1805 1834 2974 2979 2982 4877 4881 4884 7255 7586
12 689 1426 2975 2983 2990 4564 4873 4882 4885 5904 7586 7587
12 3373 4588 4592 4822 4824 4829 4888 4893 5916 6036 7588 7589
12 3400 3409 3825 3828 3833 3837 4805 4894 4896 6052 7578 7590
12 1790 1797 1806 3385 4568 4585 4883 4901 4905 6064 7584 7591
12 1669 3251 3278 4754 4759 4789 4902 4906 4912 5908 7575 7592
12 3445 4576 4581 4586 4917 4920 4924 4952 5100 6528 7593 7594
12 3271 4772 4781 4787 4793 4797 4918 4921 4933 5992 7576 7595
12 1314 1546 1550 2754 3440 3972 4925 4928 4936 4964 7596 7597
12 1547 1553 2755 2759 3963 3969 3973 4929 4934 4937 7477 7596
12 670 682 686 1762 1845 3412 3418 4940 4944 5024 7598 7599
12 687 690 1763 3001 3419 3426 4941 4945 4948 5988 7598 7600
12 43 414 1759 1770 3433 3437 3454 4953 4957 4960 7413 7601
12 415 1315 1551 1771 3438 3441 4926 4954 4961 4965 7597 7601
12 1773 3446 4569 4572 4577 4587 4922 4955 4958 6008 7593 7602
12 318 322 661 1058 1842 3478 4968 4972 4976 5012 7603 7604
12 319 1052 1059 1821 3479 4026 4833 4969 4973 6148 7603 7605
12 1764 1785 1793 1801 1846 1851 4985 4993 4997 5020 7256 7606
12 154 703 1831 3306 3311 4834 4986 4988 5001 6164 7417 7607
12 1614 1808 3457 3573 3578 3582 4137 4994 4998 5004 7429 7608
12 1809 1835 2993 3579 4135 4138 4143 4999 5002 5005 7500 7608
12 122 129 694 3324 4974 4989 5008 5013 5016 6152 7609 7610
12 130 695 1765 1786 4987 4990 4995 5009 5014 5021 7606 7609
12 323 662 666 1752 1838 1843 4977 5015 5022 5028 7604 7611
12 667 671 683 1753 1839 1847 3413 5023 5025 5029 7599 7611
12 1774 2619 2627 2634 3004 3512 3529 5033 5037 5041 7422 7612
12 1295 2635 3002 3005 3503 3509 3513 5034 5042 5045 7420 7612
12 331 378 2033 2475 2478 3525 4079 5035 5038 5049 7489 7613
12 379 383 1963 2026 2030 2034 2479 5039 5050 5053 7271 7613
12 159 327 724 730 1105 1870 4731 5043 5046 5054 7567 7614
12 723 725 731 1106 1109 1119 1150 5047 5051 5055 7222 7614
12 726 1151 1163 1175 1178 1855 2666 5057 5061 5065 7326 7615
12 224 1481 2567 2569 3589 3594 3599 5058 5062 5068 7430 7616
12 727 1179 1871 2667 2671 3539 4054 5059 5066 5073 7483 7615
12 225 389 857 862 2563 2570 3595 5063 5069 5077 7419 7616
12 210 795 871 3487 3494 4042 5067 5074 5078 6344 7261 7617
12 518 698 755 1213 1895 2597 4093 5081 5084 5088 7493 7618
12 519 699 1242 1434 2598 4118 5085 5089 5092 5876 7618 7619
12 632 646 1662 1873 4101 5090 5093 5392 6168 7104 7620 7621
12 2022 3215 3221 3224 3450 3455 3674 5097 5101 5108 7441 7622
12 1779 2023 2027 2614 3225 3447 3451 5102 5105 5109 7423 7622
12 118 398 2046 3142 3676 3680 5113 5116 5800 6180 7623 7624
12 1187 1358 1520 2506 3342 3687 3690 5121 5125 5828 7405 7625
12 633 1238 1639 2079 2589 4121 5122 5126 5133 7120 7498 7626
12 215 2098 2118 2161 2454 2463 2467 5137 5141 6200 7459 7627
12 914 1939 3601 3606 3710 3810 5138 5142 5148 5232 7444 7628
12 2198 2204 2218 2227 3711 5149 5153 5161 5212 6716 7289 7629
12 1311 2164 2194 2306 2330 2739 3797 5165 5169 6208 7457 7630
12 1043 1046 2199 2202 2205 2368 3965 5170 5173 6224 7475 7631
12 2351 2654 2659 3930 3935 3936 4010 5166 5174 6220 7341 7632
12 1746 2274 3842 3845 3848 4810 5184 5188 5208 6728 7633 7634
12 937 2219 2281 3283 4818 4825 4830 5201 5204 5213 7398 7635
12 2275 2282 3849 4811 4819 4826 5185 5205 5209 5214 7633 7635
12 2203 2210 2731 2734 2740 3801 5144 5217 5221 5225 7458 7636
12 11 909 1092 1098 2178 2459 3807 5218 5222 5229 7460 7637
12 915 2211 2741 3602 5143 5145 5150 5219 5226 5233 7628 7636
12 967 1093 1099 2179 2183 2195 2325 5223 5230 5237 7299 7637
12 5 313 863 876 2187 3482 3613 5227 5234 5238 7432 7638
12 311 314 877 3483 3491 3497 3811 5231 5235 5239 7461 7638
12 34 238 3077 3093 5241 5244 5261 5265 5296 5740 7639 7640
12 459 467 470 598 601 1557 1561 5262 5268 5276 7204 7641
12 471 599 955 991 1015 1562 3394 5269 5273 5277 7409 7641
12 975 2402 2407 3813 3817 3826 3859 5281 5285 5289 7464 7642
12 223 2399 2403 3818 3827 3834 3854 5282 5290 5293 7462 7642
12 4158 4163 4165 4180 4477 5242 5248 5283 5286 5297 7529 7643
12 2259 4159 4179 4181 4185 5249 5257 5287 5298 5301 7504 7643
12 1569 3073 3080 3097 3103 3395 5270 5291 5294 5302 7307 7644
12 3078 3081 3094 3098 5263 5266 5271 5295 5299 5303 7639 7644
12 2314 2342 2356 3926 4005 4014 5305 5308 5968 6228 7645 7646
12 287 293 979 1086 1091 2326 3915 5306 5309 5313 7468 7647
12 278 294 1087 1094 2327 2332 5310 5314 5316 7032 7647 7648
12 1101 2255 2262 3111 4666 4673 5189 5315 5317 5964 7380 7649
12 1396 1414 1881 3562 3566 3570 5320 5328 6244 6264 7650 7651
12 64 2773 2778 4260 4496 5324 5332 5540 6268 6396 7652 7653
12 1107 1110 1115 1818 1822 1824 2437 5341 5345 5356 7310 7654
12 1111 1147 1815 1819 1825 3297 4055 5346 5357 5361 7485 7654
12 1330 2637 2646 2800 4059 4361 5349 5352 5362 5440 7486 7655
12 427 586 590 2579 4329 4339 5365 5369 5373 6236 7329 7656
12 827 834 987 1210 1982 2587 4091 5366 5370 5377 7491 7657
12 835 839 1211 1979 1983 1987 2551 5371 5378 5381 7323 7657
12 634 647 1702 2590 4094 4102 5091 5385 5389 5393 7620 7658
12 1703 1707 1715 2591 2595 4095 4099 5386 5390 5397 7253 7658
12 938 2231 2234 2239 2269 2279 2283 5387 5394 5401 7293 7659
12 747 886 2031 2039 3790 4734 4742 5391 5398 5405 7494 7660
12 939 1579 1874 2235 2270 3231 3377 5395 5402 5406 7569 7659
12 887 1543 3787 3791 3795 4743 4751 5399 5403 5407 7456 7660
12 1404 2950 3470 3553 3583 4124 4129 5409 5413 5417 7428 7661
12 1214 1222 1231 2066 2070 2599 3695 5410 5414 5421 7497 7662
12 1401 1405 3465 3471 3475 4115 4125 5411 5418 5425 7416 7661
12 1183 1215 1219 1223 2071 2487 2955 5415 5422 5429 7362 7662
12 2424 2429 4021 4199 4202 4230 5432 5437 5460 6300 7509 7663
12 2801 4362 4364 5353 5358 5363 5441 5448 5456 6280 7655 7664
12 4226 4231 4235 4285 4291 4298 5461 5465 5469 5516 7514 7665
12 350 355 3086 3090 3095 4661 5245 5480 5485 5488 7556 7666
12 1026 1032 3989 3993 3998 5438 5481 5486 5508 6284 7667 7668
12 70 351 3091 5246 5252 5258 5482 5489 5492 5496 7666 7669
12 438 1386 2638 2802 4656 5490 5493 5560 6292 6308 7670 7671
12 71 85 4472 5250 5253 5259 5494 5497 5500 6312 7669 7672
12 234 1027 1033 1036 3990 5483 5498 5504 5509 6112 7667 7673
12 4210 4227 4286 5452 5462 5470 5513 5517 5521 6324 7665 7674
12 2303 2742 2747 2750 3603 4303 4306 5514 5518 5525 7512 7675
12 2291 2715 2735 2743 2751 4299 4307 5519 5526 5533 7340 7675
12 1298 2647 2651 2794 4638 4642 4651 5522 5528 5534 7554 7676
12 1299 2297 2787 2795 4247 4255 4639 5527 5529 5535 7511 7676
12 478 482 1382 2934 4353 5544 5548 5552 6376 6936 7677 7678
12 2691 2774 2941 4330 4332 4342 5536 5556 5565 5580 7346 7679
12 1387 2639 2642 4657 4662 5491 5561 5566 5569 5948 7670 7680
12 2697 4333 4343 4346 5537 5557 5581 5588 5592 6368 7679 7681
12 1359 1521 2829 2836 3118 3125 4411 5596 5601 5604 7523 7682
12 1522 2837 2841 3119 4372 4553 5597 5605 5608 5824 7682 7683
12 2838 2842 4461 4843 4845 4850 5612 5620 5625 6880 7580 7684
12 1729 2849 2856 3381 4385 5616 5629 5632 5884 6040 7685 7686
12 131 1798 3314 3316 3321 3325 5626 5630 5633 6068 7402 7687
12 650 1367 1726 2423 2850 2853 2857 5636 5641 5644 7354 7688
12 651 657 1722 1727 2858 4388 5637 5645 5648 6044 7688 7689
12 447 602 619 623 626 4486 5642 5652 5657 6484 7358 7690
12 2892 4452 4790 4802 4806 4913 5660 5664 5692 6468 7691 7692
12 4942 5010 5017 5026 5665 5668 5672 6000 6136 6472 7693 7694
12 2893 4807 4897 4908 4914 5661 5680 5688 5693 6060 7691 7695
12 410 2706 4261 4264 5476 5696 5716 6412 6820 7048 7696 7697
12 1616 1625 2425 3298 3302 4256 5700 5704 5712 6160 7698 7699
12 578 714 1626 3303 4257 5449 5705 5708 5713 5720 7698 7700
12 2430 4034 4268 4272 4464 5472 5706 5717 5721 7052 7701 7702
12 2431 4273 5433 5473 5477 5505 5718 5722 5728 6748 7701 7703
12 574 1331 1586 1590 1599 5442 5445 5725 5729 5732 7338 7704
12 575 579 715 1587 5443 5450 5709 5723 5730 5733 7700 7704
12 30 35 239 450 5243 5247 5254 5737 5741 6480 7640 7705
12 999 2410 3391 3397 4389 5267 5274 5742 5745 6496 7463 7706
12 2904 3406 3855 3867 4169 4444 4481 5738 5746 6492 7530 7707
12 499 854 2914 3022 3178 3183 3187 5749 5757 5768 7389 7708
12 855 1526 2918 3018 3023 3179 5750 5760 5765 5769 7708 7709
12 1527 2003 2919 3015 3019 4489 4506 5761 5766 5773 7534 7709
12 3011 4510 4515 4527 4597 4614 5767 5774 5781 6612 7549 7710
12 515 1397 1882 3130 3135 3138 4507 5785 5788 5797 7533 7711
12 119 1398 3131 3139 3143 3681 5117 5789 5798 5801 7623 7711
12 2843 2844 4373 4380 4554 5609 5813 5821 5825 5848 7683 7712
12 1657 3315 3343 3348 4837 4853 5814 5816 5829 6028 7581 7713
12 1519 2067 2510 2522 2527 3698 4550 5822 5826 5832 7541 7714
12 1523 2507 2511 2523 3691 3699 5123 5827 5830 5833 7625 7714
12 110 547 2959 4561 5419 5426 5430 5837 5841 5844 7543 7715
12 2915 3122 4555 5770 5776 5782 5838 5842 5849 6508 7540 7716
12 111 1195 2963 4559 5423 5427 5431 5839 5845 5853 7542 7715
12 2845 4381 5815 5817 5823 5850 5854 5856 5872 6960 7712 7717
12 1243 1435 2986 4119 4122 4130 5094 5877 5880 7116 7619 7718
12 1650 1654 1658 1787 1791 1794 3344 5889 5893 6984 7403 7719
12 1730 2814 2851 3358 5613 5617 5631 5885 5894 6980 7685 7720
12 1427 1438 2991 2998 4565 4573 4874 5896 5900 5905 7587 7721
12 1418 1439 2999 3510 4574 4578 5881 5897 5901 6540 7721 7722
12 3274 3279 4755 4814 4907 4909 4915 5909 5912 5921 7592 7723
12 3382 4582 4875 5886 5890 5902 5917 5922 6544 6968 7585 7724
12 3275 4589 4815 4823 4831 4889 4910 5913 5918 5923 7588 7723
12 3058 3062 3677 5792 5924 5928 6192 6608 7020 7088 7725 7726
12 866 3038 3878 3882 3886 4602 5929 6568 6604 7012 7727 7728
12 1503 1510 1512 3066 3070 3074 4631 5932 5937 5941 7553 7729
12 107 1497 1513 3067 3075 3099 4653 5933 5942 5945 7557 7729
12 3937 3944 3950 4658 5457 5466 5934 5938 5949 6296 7730 7731
12 2655 3938 4363 4647 5458 5467 5471 5939 5950 5953 7555 7730
12 1302 1307 2682 2698 4243 4643 5558 5943 5946 5954 7551 7732
12 1303 2643 2683 4663 5559 5567 5570 5947 5951 5955 7680 7732
12 1028 1034 1511 1514 2361 2365 3994 5957 5961 6616 7478 7733
12 1071 2311 2318 2322 2379 4018 4667 5958 5962 5965 7558 7734
12 2315 2319 2323 4006 4015 4019 5307 5963 5966 5969 7645 7734
12 2263 2266 4674 5180 5186 5190 5318 5967 5970 6620 7649 7735
12 15 1255 1258 2151 2482 3195 3198 5973 5977 5981 7280 7736
12 1922 2087 2126 2131 2139 5157 5162 5974 5978 6720 7562 7737
12 1259 1263 2483 2491 2499 3199 4703 5975 5982 5985 7563 7736
12 1766 4943 5011 5662 5666 5673 5989 5993 6001 6072 7693 7738
12 691 1782 3003 3006 3427 4566 4949 5990 5996 6004 7600 7739
12 4773 4782 4923 4935 4938 5994 6002 6009 6140 6680 7595 7740
12 1775 1783 3007 4567 4570 4575 4959 5997 6005 6010 7602 7739
12 1641 3345 4551 4865 5128 5134 5834 6017 6024 6032 7583 7741
12 1659 3346 3349 5129 5818 5831 5835 6025 6029 6033 7713 7741
12 2859 3383 3386 4386 4437 5634 6037 6041 6045 6080 7686 7742
12 3368 3374 3378 3850 4593 4827 4895 6038 6042 6053 7589 7743
12 1731 2271 3365 3369 3379 3846 3851 6043 6054 6057 7407 7743
12 658 1723 3398 3820 4390 4392 5649 6046 6048 6058 7689 7744
12 3399 3401 3821 3829 3835 4393 4898 6049 6055 6059 7590 7744
12 1799 1802 1807 4571 4798 4903 5998 6061 6065 6069 7591 7745
12 1767 1803 4799 5663 5991 5995 5999 6062 6070 6073 7738 7745
12 4890 4899 4911 5676 5681 5689 6050 6063 6066 6076 7695 7746
12 3387 4438 4891 5677 6039 6047 6051 6067 6077 6081 7742 7746
12 3317 3326 4368 5621 5627 5635 6071 6074 6082 6440 7687 7747
12 86 2809 4357 5562 5571 5589 6096 6101 6104 6304 7350 7748
12 592 663 679 1279 1629 1754 3430 6109 6117 6652 7244 7749
12 2355 3439 3442 3958 3977 3981 3991 6110 6113 6640 7480 7750
12 235 1037 3257 4274 5499 5501 5506 6114 6118 6656 7673 7751
12 1368 1632 4182 4186 4280 6120 6124 6648 6668 7192 7752 7753
12 1029 1048 2369 3266 3970 6125 6128 6632 6660 6684 7754 7755
12 3434 4188 4946 4950 4962 6121 6129 6132 6644 6672 7756 7757
12 123 3327 3333 4369 4975 4980 5018 6145 6149 6153 7610 7758
12 1622 3328 3334 4370 4981 6146 6150 6156 6444 6856 7758 7759
12 27 150 583 718 1615 1627 5006 6147 6154 6161 7242 7760
12 1053 1823 1826 4022 4027 4028 4835 6151 6157 6165 7605 7761
12 151 155 719 3307 4991 5003 5007 6155 6162 6166 7607 7760
12 1617 1827 2426 3299 4023 4029 5701 6158 6163 6167 7699 7761
12 2035 3526 3675 4103 4106 4111 5110 6169 6173 6688 7495 7762
12 1575 3375 4590 4735 4739 4746 4762 6174 6177 6700 7570 7763
12 4350 5321 5329 5541 5549 6181 6184 6189 6364 6388 7764 7765
12 102 399 2047 2050 2062 3678 5114 6182 6185 6193 7624 7766
12 103 199 387 891 2051 2063 2385 6186 6194 6197 7305 7766
12 2094 2099 2110 2119 2455 3706 5139 6201 6205 6712 7627 7767
12 922 1049 2362 5192 5196 5202 6209 6212 6217 6628 7768 7769
12 2165 2307 2331 2333 2346 3922 5167 6210 6213 6221 7630 7770
12 923 1047 1050 2206 2370 5171 5197 6211 6218 6225 7631 7768
12 2334 2343 2347 2357 3923 3927 5311 6214 6222 6229 7646 7770
12 2375 3945 3978 3982 3985 4002 4007 6219 6226 6230 7479 7771
12 3931 3939 3946 3983 4003 4011 5175 6223 6227 6231 7632 7771
12 591 4086 4331 4334 5367 5374 6232 6237 6241 6384 7656 7772
12 430 506 587 1389 1392 1591 6238 6245 6253 6260 7400 7773
12 3295 3574 4139 4147 4154 5115 5118 6242 6248 6254 7499 7774
12 1399 3563 3571 3575 4155 5119 5330 6246 6249 6255 7650 7774
12 344 422 431 1393 6233 6239 6247 6256 6261 6265 7773 7775
12 65 345 423 2779 5325 5333 6234 6257 6266 6269 7652 7775
12 1642 3318 3322 3329 5336 6034 6258 6262 6272 6452 7776 7777
12 507 1643 1647 1655 3323 3330 3335 6263 6273 6277 7246 7776
12 1415 1883 3554 3558 3567 5322 6267 6270 6278 6392 7651 7778
12 2438 4258 4365 5359 5451 5453 5459 6281 6288 6297 7664 7779
12 3942 3986 3995 3999 4654 5439 5487 6285 6293 6301 7668 7780
12 2427 2439 4203 4259 5434 5454 5463 6289 6298 6302 7663 7779
12 3943 3947 3951 3987 4655 4659 5935 6294 6299 6303 7731 7780
12 87 4276 4469 4473 4478 5251 5502 6305 6313 6752 7672 7781
12 5563 5572 5582 5590 6088 6097 6105 6306 6309 6740 7748 7782
12 439 1334 2803 5495 6282 6286 6295 6310 6314 6756 7671 7783
12 51 78 162 403 799 1290 4287 6316 6321 6325 7517 7784
12 878 3586 3590 3614 4322 4326 6317 6322 6328 6356 7785 7786
12 79 163 790 1286 1291 3222 6318 6326 6332 6340 7784 7787
12 1911 3587 3607 3611 3615 4315 4323 6323 6329 6337 7513 7785
12 4206 4211 4366 5455 5515 5523 5530 6327 6333 6338 7674 7788
12 2298 2442 4207 4367 5354 5531 6330 6334 6339 6352 7788 7789
12 206 211 3495 3498 5070 5075 5079 6341 6345 6349 7617 7790
12 791 1287 2630 3218 3223 3226 6335 6342 6346 6353 7787 7791
12 207 879 3499 3591 4327 5071 6319 6343 6350 6357 7786 7790
12 2615 2623 2631 3219 3227 4043 4711 6347 6354 6361 7566 7791
12 2674 2679 4047 4051 5342 5347 5350 6351 6358 6362 7484 7792
12 2299 2443 2675 5343 5351 5355 6331 6355 6359 6363 7789 7792
12 2694 2699 4347 4358 5584 5591 5593 6365 6369 6373 7681 7793
12 483 1383 2695 4359 5545 5550 5585 6366 6374 6377 7677 7793
12 2386 4351 5326 5331 5542 6187 6250 6367 6370 6381 7764 7794
12 2387 4087 4335 5327 6235 6243 6251 6371 6382 6385 7772 7794
12 390 1469 1475 1975 2571 5375 5382 6375 6378 6386 7520 7795
12 187 391 533 1470 4354 5379 5383 6379 6383 6387 7521 7795
12 2775 4262 4265 4492 4497 5538 5543 6389 6397 6776 7653 7796
12 3682 5323 5551 5553 6183 6190 6390 6393 6764 7092 7765 7797
12 1406 3549 3555 3559 6271 6274 6279 6394 6398 6780 7778 7798
12 1369 2905 4465 5474 6404 6408 6416 6744 6804 7188 7799 7800
12 83 2810 2870 2872 2883 2901 4418 6401 6409 6800 7531 7801
12 406 411 2944 4266 5478 5697 6413 6417 6424 6760 7696 7802
12 1343 1678 2854 2863 4439 5678 5685 6428 6433 6848 7527 7803
12 2896 4374 4376 4457 5598 5698 6425 6434 6812 6832 7804 7805
12 4371 5622 5674 6075 6078 6083 6436 6441 6445 6876 7747 7806
12 4498 4838 5334 6012 6020 6030 6437 6442 6448 6460 7807 7808
12 3319 5335 5337 6021 6031 6035 6259 6443 6449 6453 7777 7807
12 4462 4493 4499 4839 5864 6013 6438 6456 6461 6864 7808 7809
12 1582 4448 4453 4791 4794 4803 5667 6464 6469 6473 7692 7810
12 1583 3246 4440 4449 4774 4795 6465 6474 6476 7064 7810 7811
12 4982 5019 5027 5030 5669 6133 6137 6475 6477 6860 7694 7812
12 603 627 2414 5278 5638 5643 5653 6481 6485 6488 7690 7813
12 31 451 2890 4434 4474 5255 5739 6482 6486 6493 7705 7814
12 2411 2415 4391 5275 5279 5639 5743 6483 6489 6497 7706 7813
12 2891 4423 4431 4435 4470 4475 4487 6487 6494 6501 7532 7814
12 3402 3410 4441 4450 6402 6405 6490 6498 6502 6788 7815 7816
12 2906 3407 3411 4442 4445 5747 6406 6495 6499 6503 7707 7815
12 2873 3123 3126 4399 4419 4427 4542 6505 6509 6888 7526 7817
12 5753 5762 5771 5777 5843 5851 5857 6510 6512 6900 7716 7818
12 2897 5546 5573 5576 5586 5860 6516 6768 6940 6964 7819 7820
12 2938 4382 5610 6084 6092 6102 6520 6908 6932 6944 7821 7822
12 3514 3518 3522 3530 5086 5878 6529 6532 6536 6708 7823 7824
12 1419 3511 3515 3523 4579 5879 5882 6530 6533 6541 7722 7823
12 1670 4583 4919 4927 4930 5098 5103 6531 6537 6545 7594 7825
12 1554 1671 3670 4931 5099 5910 6538 6546 6548 6692 7825 7826
12 1067 1446 1451 1558 1563 1566 4598 6552 6557 6560 7545 7827
12 570 1447 1454 1559 1567 1570 6553 6561 6564 6572 7827 7828
12 1374 5925 6506 6513 6565 6569 6584 6592 6904 7008 7829 7830
12 534 541 1459 1462 1471 1479 1482 6573 6577 6580 7238 7831
12 226 242 535 1463 1483 1494 6554 6574 6581 7016 7831 7832
12 38 530 571 1455 1571 3082 6566 6575 6578 6585 7828 7833
12 39 527 531 1379 3071 3079 3083 6579 6586 6589 7377 7833
12 1443 2054 2059 5799 5802 5805 5808 6593 6597 6601 7535 7834
12 1375 2922 5778 6514 6562 6567 6570 6594 6598 6605 7829 7835
12 2055 3059 3679 5793 5803 5809 5926 6595 6602 6609 7725 7834
12 2923 4511 4599 5775 5779 5783 6563 6599 6606 6613 7710 7835
12 6 315 3034 3051 4607 4610 4615 6603 6610 6614 7547 7836
12 7 3035 3039 3879 3887 4611 5930 6607 6611 6615 7727 7836
12 2267 2358 5176 5181 5187 5206 5971 6617 6621 6625 7735 7837
12 2359 2363 5177 5193 5203 5207 6215 6618 6626 6629 7769 7837
12 1030 1035 1038 1498 1515 4670 5959 6619 6622 6633 7733 7838
12 1039 1499 3087 3115 3258 4671 4675 6623 6634 6637 7397 7838
12 3414 3422 3435 4189 4192 4947 6122 6641 6645 6649 7756 7839
12 593 1755 3415 3423 3431 4193 6111 6642 6650 6653 7749 7839
12 2366 3443 3959 3966 3974 3979 6115 6643 6646 6657 7750 7840
12 1031 2367 2371 3967 3971 3975 6130 6647 6658 6661 7754 7840
12 1633 3254 4187 4269 4277 4281 6126 6651 6654 6662 7752 7841
12 3255 3259 4270 4275 4278 5503 6119 6655 6659 6663 7751 7841
12 3239 3262 4175 4783 6627 6630 6638 6665 6669 6681 7574 7842
12 1051 3263 3267 6127 6631 6635 6639 6670 6682 6685 7755 7842
12 4951 4963 4966 6006 6131 6134 6138 6673 6676 6686 7757 7843
12 4939 4967 6003 6007 6011 6139 6141 6677 6683 6687 7740 7843
12 1555 2042 3671 4766 5911 5914 6549 6689 6693 6696 7826 7844
12 2043 4591 4747 4763 4767 5915 6175 6690 6697 6701 7763 7844
12 3527 3534 4107 5082 5106 5111 6170 6691 6694 6704 7762 7845
12 3519 3531 3535 5083 5087 5107 6539 6695 6705 6709 7824 7845
12 2207 5146 5151 5154 5198 5210 5215 6713 6717 6736 7629 7846
12 898 2090 2095 2111 2114 3707 6206 6714 6718 6724 7767 7847
12 899 1923 2091 2115 2127 5163 5979 6719 6721 6725 7737 7847
12 3802 5147 5194 5199 5211 6202 6715 6729 6737 7132 7846 7848
12 1102 1738 1747 3838 3843 3847 5191 6730 6733 7136 7634 7849
12 926 1711 3747 3750 3755 5155 5158 6734 6738 7148 7451 7850
12 1370 2902 2907 4282 4482 5475 6410 6741 6745 6749 7799 7851
12 2903 4279 4283 4471 4479 4483 6307 6742 6750 6753 7781 7851
12 2942 5574 5577 5583 6089 6311 6420 6743 6746 6757 7782 7852
12 407 2943 2945 5578 6418 6421 6426 6747 6758 6761 7802 7852
12 5435 5446 5479 5507 5510 5731 6290 6751 6754 6762 7703 7853
12 1335 5447 5511 6283 6287 6291 6315 6755 6759 6763 7783 7853
12 2946 5579 5587 5594 5861 5868 6517 6765 6769 6772 7819 7854
12 2947 4267 4494 5539 5595 5869 6391 6766 6773 6777 7796 7854
12 1402 1407 3550 5338 6275 6399 6778 6781 6784 6924 7798 7855
12 3403 4394 4451 4454 5654 6403 6491 6789 6792 6801 7816 7856
12 2894 4395 4455 5650 5655 5658 6793 6802 6808 6828 7856 7857
12 1338 2804 2866 6085 6090 6098 6796 6805 6809 6844 7858 7859
12 2805 2811 2867 2871 2874 6099 6411 6803 6806 6810 7801 7858
12 2846 2898 4375 4458 5699 5862 6813 6816 6821 6884 7804 7860
12 1674 2895 5646 5651 5659 5682 6811 6829 6836 6845 7857 7861
12 4377 5599 5602 6093 6422 6427 6435 6833 6840 6849 7805 7862
12 1675 1679 2855 5647 5679 5683 6429 6837 6846 6850 7803 7861
12 1339 5603 6086 6091 6094 6423 6797 6841 6847 6851 7859 7862
12 510 1618 1623 3331 6159 6446 6454 6852 6857 7156 7759 7863
12 4190 4978 4983 5031 6135 6478 6858 6861 7068 7172 7812 7864
12 5670 5686 5690 5694 6853 6862 6865 6868 6873 7160 7865 7866
12 5671 5675 5691 6079 6439 6447 6854 6866 6874 6877 7806 7865
12 4463 4495 5865 5870 5873 6457 6824 6867 6869 6881 7809 7867
12 2847 5863 5871 5874 6817 6822 6825 6870 6882 6885 7860 7867
12 2823 2826 2830 2835 4387 4459 5618 6875 6878 6886 7528 7868
12 2827 2831 2839 4851 5614 5619 5623 6879 6883 6887 7684 7868
12 2806 2875 3127 4543 4546 5606 6511 6889 6892 6901 7817 7869
12 2807 2939 4547 5607 5611 6087 6521 6893 6902 6909 7821 7869
12 4490 5754 5763 5858 6515 6903 6905 6910 6928 6956 7818 7870
12 1410 4562 6014 6018 6022 6518 6774 6912 6917 6952 7871 7872
12 1403 1411 5339 6023 6775 6779 6785 6913 6918 6925 7855 7871
12 551 770 2911 2951 3546 5755 5758 6919 6926 6929 7544 7873
12 771 775 3543 3547 3551 5751 5759 6921 6927 6930 7425 7873
12 479 522 538 2935 4355 4538 5554 6933 6937 7080 7678 7874
12 4502 5786 5794 5810 6524 6786 6914 6941 6948 7084 7875 7876
12 4503 5806 5811 6525 6896 6915 6922 6945 6949 6953 7875 7877
12 4491 5807 6897 6906 6911 6923 6931 6946 6954 6957 7870 7877
12 4378 4383 6095 6103 6106 6934 6938 6947 6950 6961 7822 7878
12 2899 4379 5547 5575 6107 6939 6942 6951 6962 6965 7820 7878
12 4563 5846 5866 6015 6019 6026 6519 6955 6958 6966 7872 7879
12 5819 5847 5855 5859 5867 5875 6027 6959 6963 6967 7717 7879
12 3458 3462 4866 4870 4878 4886 6969 6972 6976 6992 7880 7881
12 4594 5887 5903 5919 6542 6547 6550 6970 6973 6981 7724 7882
12 1651 1795 3347 3463 4867 4879 5891 6971 6977 6985 7719 7880
12 3370 4595 6534 6543 6551 6698 6974 6982 6988 7000 7882 7883
12 2815 2818 3359 3362 4846 5615 5895 6983 6986 6989 7720 7884
12 1666 2819 3363 4847 4854 4862 6978 6987 6990 6996 7884 7885
12 642 1667 3350 4855 4858 4863 6979 6993 6997 7108 7885 7886
12 3366 3371 6535 6699 6702 6710 6991 6998 7001 7124 7883 7887
12 1810 3459 3466 4871 4887 5906 6975 6994 7002 7112 7881 7888
12 858 867 946 3883 4603 6558 6571 7005 7009 7013 7728 7889
12 227 243 859 947 1495 6555 6559 7006 7010 7017 7832 7889
12 5927 6507 6587 6590 6890 6898 6907 7011 7018 7021 7830 7890
12 2930 6526 6582 6591 6891 6894 6899 7019 7022 7100 7890 7891
12 279 910 1095 2166 2335 5182 5319 7025 7033 7140 7648 7892
12 291 3758 3767 5983 5986 6207 6726 7026 7029 7128 7284 7893
12 295 659 931 934 3814 3819 3822 7030 7034 7144 7209 7894
12 346 1394 5710 5734 6458 6462 7036 7040 7056 7168 7895 7896
12 66 2707 4263 5719 5726 6823 6826 7044 7049 7053 7697 7897
12 67 347 5727 5735 6459 6827 7037 7045 7054 7057 7895 7897
12 1634 4035 4038 4271 4466 5702 5707 7055 7058 7176 7702 7898
12 3247 4443 4446 4770 4775 6142 6479 7060 7065 7069 7811 7899
12 6794 6830 6834 6842 7046 7050 7061 7066 7072 7180 7900 7901
12 4170 4447 4771 4778 6143 6678 7062 7070 7076 7184 7899 7902
12 6466 6814 6831 6835 6838 7038 7047 7067 7073 7164 7900 7903
12 5787 5790 5795 6770 6782 6787 6943 7081 7085 7089 7876 7904
12 3683 5555 5791 6395 6767 6771 6783 7082 7090 7093 7797 7904
12 523 539 542 4534 4539 6522 6935 7083 7086 7097 7874 7905
12 543 2931 4535 6523 6527 6583 6895 7087 7098 7101 7891 7905
12 3046 3063 5931 6195 6198 7014 7023 7091 7094 7102 7726 7906
12 2383 3043 3047 6191 6199 7007 7015 7095 7099 7103 7303 7906
12 638 643 3338 3351 4859 5130 6995 7105 7109 7113 7886 7907
12 1663 1875 3354 5095 6171 6178 6706 7106 7110 7117 7621 7908
12 635 639 1239 3339 5127 5131 5135 7107 7114 7121 7626 7907
12 3355 3367 6179 6703 6707 6711 6999 7111 7118 7125 7887 7908
12 2987 2994 4123 4126 4131 5883 5898 7119 7122 7126 7718 7909
12 1811 2995 3467 4127 5899 5907 7003 7115 7123 7127 7888 7909
12 2162 3798 3803 5178 5195 6203 6731 7129 7133 7137 7848 7910
12 911 2163 2167 3799 5179 5183 7027 7130 7138 7141 7892 7910
12 202 3759 4706 5987 6722 6727 7031 7131 7134 7145 7893 7911
12 203 927 3751 4707 5159 6723 6739 7135 7146 7149 7850 7911
12 1103 1734 1739 2214 3830 3839 6735 7139 7142 7150 7849 7912
12 935 1735 2215 3815 3823 3831 7035 7143 7147 7151 7894 7912
12 511 1390 1619 5714 6450 6455 6855 7152 7157 7161 7863 7913
12 594 1054 4194 4970 7074 7077 7153 7158 7165 7196 7914 7915
12 1391 1395 5711 5715 6451 6463 7041 7154 7162 7169 7896 7913
12 4191 4195 4971 4979 6859 7071 7078 7159 7166 7173 7864 7914
12 5687 5695 6430 6470 6818 6863 6871 7163 7170 7174 7866 7916
12 6431 6467 6471 6815 6819 6839 7039 7167 7171 7175 7903 7916
12 6414 6790 6795 6798 6843 7051 7063 7177 7181 7185 7901 7917
12 4467 6407 6415 6419 6791 6799 6807 7178 7186 7189 7800 7917
12 1630 1635 4030 4039 5703 7042 7059 7179 7182 7193 7898 7918
12 595 1055 1631 4031 7043 7075 7155 7183 7194 7197 7915 7918
12 4166 4171 4779 6666 6674 6679 7079 7187 7190 7198 7902 7919
12 1371 4167 4183 6123 6667 6671 6675 7191 7195 7199 7753 7919
