4OFF
1200 8760 0 3360
-0.51816496016536029 -0.1223221541574957 -0.51816496016536029 0.66936345785823337
0.046722905311058993 0.51816496016536007 0.56488786547641889 -0.64048711432285577
-0.12232215415749553 -0.19792140300393246 -0.1511984976928733 0.96073067148428337
-0.12232215415749553 0.32024355716142783 -0.68721001963391459 0.64048711432285577
0.51816496016536029 -0.66936345785823337 -0.51816496016536029 -0.1223221541574957
0.44256571131892342 -0.71608636316929186 -0.3958428060078637 0.3669664624724871
-0.12232215415749592 0.68721001963391448 0 -0.71608636316929175
-0.12232215415749592 0.12232215415749559 0.91400776617322377 -0.3669664624724871
-0.56488786547641889 0.64048711432285577 0.046722905311058993 0.51816496016536007
-0.44256571131892353 0.27352065185036889 0.32024355716142738 -0.79168561201572829
0.32024355716142794 -0.19792140300393254 0.27352065185036845 0.88513142263784639
0.32024355716142794 -0.046722905311059215 -0.51816496016535984 0.79168561201572829
0.1511984976928733 -0.96073067148428337 -0.12232215415749553 -0.19792140300393246
0.32024355716142794 0.64048711432285532 -0.59376420901179594 0.3669664624724871
0.68721001963391459 -0.64048711432285577 -0.12232215415749553 0.32024355716142783
0.1511984976928733 -0.44256571131892308 -0.71608636316929242 -0.51816496016536007
0.51816496016536029 0.1223221541574957 0.51816496016536029 -0.66936345785823337
-0.7628092684803508 0.64048711432285488 0.075599248846435929 0.046722905311058716
0.32024355716142811 -0.91400776617322332 0.15119849769287352 0.1979214030039318
0.32024355716142811 -0.51816496016535951 -0.79168561201572785 -0.046722905311058716
0.3958428060078637 -0.3669664624724871 0.44256571131892342 -0.71608636316929186
0.66936345785823281 -0.5181649601653594 0.1223221541574961 0.51816496016535918
-0.24464430831499179 0.59376420901179605 -0.56488786547641867 -0.51816496016535907
-0.24464430831499179 0.59376420901179627 0.56488786547641834 -0.51816496016535918
0 0.71608636316929175 -0.12232215415749592 0.68721001963391448
-0.24464430831499179 -0.32024355716142755 0.91400776617322332 0.046722905311058716
-0.91400776617322377 0.3669664624724871 -0.12232215415749592 0.12232215415749559
0 0.66936345785823281 0.19792140300393246 0.71608636316929186
-0.046722905311058993 -0.51816496016536007 -0.56488786547641889 0.64048711432285577
0.83840851732678745 -0.24464430831499118 -0.36696646247248582 0.32024355716142727
-0.66936345785823281 0.51816496016535962 -0.12232215415749571 -0.51816496016535896
-0.66936345785823281 0.19792140300393229 0.64048711432285466 -0.32024355716142727
-0.32024355716142738 0.79168561201572829 -0.44256571131892353 0.27352065185036889
-0.76280926848035113 -0.075599248846436151 -0.046722905311059326 -0.64048711432285454
0.64048711432285543 -0.12232215415749587 0.59376420901179583 0.4714420548543003
0.64048711432285543 -0.39584280600786431 -0.15119849769287319 0.64048711432285454
-0.27352065185036845 -0.88513142263784639 0.32024355716142794 -0.19792140300393254
0.64048711432285543 0.12232215415749559 -0.68721001963391393 0.32024355716142727
0.51816496016535984 -0.79168561201572829 0.32024355716142794 -0.046722905311059215
-0.27352065185036845 -0.7628092684803508 -0.51816496016535984 -0.27352065185036889
0.12232215415749553 0.19792140300393246 0.1511984976928733 -0.96073067148428337
0.64048711432285543 0.71608636316929142 -0.27352065185036806 -0.046722905311058716
0.59376420901179594 -0.3669664624724871 0.32024355716142794 0.64048711432285532
0.12232215415749553 -0.32024355716142783 0.68721001963391459 -0.64048711432285577
-0.27352065185036845 -0.046722905311058466 -0.64048711432285543 -0.71608636316929186
0.71608636316929242 0.51816496016536007 0.1511984976928733 -0.44256571131892308
-0.51816496016536029 0.66936345785823337 0.51816496016536029 0.1223221541574957
0.79168561201572774 -0.32024355716142716 0.27352065185036878 -0.44256571131892264
-0.39584280600786431 0.79168561201572707 -0.24464430831499151 0.39584280600786392
-0.39584280600786431 0.71608636316929108 0.36696646247248621 0.44256571131892264
-0.075599248846435929 -0.046722905311058716 -0.7628092684803508 0.64048711432285488
-0.64048711432285488 0.56488786547641767 -0.51816496016535996 -0.046722905311058549
0.075599248846437206 -0.7628092684803498 0.64048711432285521 -0.046722905311059604
0.075599248846437206 -0.91400776617322332 -0.39584280600786337 0.046722905311058549
-0.15119849769287352 -0.1979214030039318 0.32024355716142811 -0.91400776617322332
0.075599248846437261 -0.12232215415749549 -0.88513142263784572 -0.44256571131892264
0.79168561201572785 0.046722905311058716 0.32024355716142811 -0.51816496016535951
-0.15119849769287352 -0.64048711432285521 0.3958428060078637 -0.64048711432285488
-0.44256571131892342 0.71608636316929186 0.3958428060078637 -0.3669664624724871
-0.96073067148428226 0.15119849769287247 -0.19792140300393263 -0.12232215415749503
0.64048711432285521 -0.56488786547641778 0.51816496016535951 0.046722905311058271
0.64048711432285521 -0.68721001963391382 -0.32024355716142672 0.12232215415749503
-0.1223221541574961 -0.51816496016535918 0.66936345785823281 -0.5181649601653594
-0.27352065185036889 0.27352065185036828 -0.91400776617322299 -0.12232215415749481
-0.27352065185036889 0.83840851732678701 0 -0.47144205485429941
0.56488786547641867 0.51816496016535907 -0.24464430831499179 0.59376420901179605
-0.27352065185036889 0.27352065185036856 0.91400776617322288 -0.12232215415749503
-0.56488786547641834 0.51816496016535918 -0.24464430831499179 0.59376420901179627
0.56488786547641867 0.6404871143228551 0.046722905311058938 0.5181649601653594
0.12232215415749592 -0.68721001963391448 0 0.71608636316929175
-0.27352065185036895 -0.64048711432285466 0.56488786547641823 0.44256571131892264
-0.91400776617322332 -0.046722905311058716 -0.24464430831499179 -0.32024355716142755
0.12232215415749592 -0.12232215415749559 -0.91400776617322377 0.3669664624724871
0.56488786547641867 0.44256571131892269 0.27352065185036911 0.64048711432285488
-0.19792140300393246 -0.71608636316929186 0 0.66936345785823281
0.56488786547641889 -0.64048711432285577 -0.046722905311058993 -0.51816496016536007
-0.91400776617322332 0.12232215415749537 0.2735206518503675 0.27352065185036861
0.76280926848035047 -0.64048711432285443 -0.075599248846435901 -0.046722905311059881
0.76280926848035047 -0.27352065185036867 -0.51816496016535862 -0.27352065185036861
0.36696646247248582 -0.32024355716142727 0.83840851732678745 -0.24464430831499118
0.96073067148428226 -0.15119849769287291 0.19792140300393257 0.12232215415749459
-0.64048711432285499 0.68721001963391382 0.32024355716142711 -0.12232215415749459
0.12232215415749571 0.51816496016535896 -0.66936345785823281 0.51816496016535962
-0.64048711432285499 0.046722905311059215 0.71608636316929097 0.27352065185036867
-0.64048711432285466 0.32024355716142727 -0.66936345785823281 0.19792140300393229
0.1223221541574957 0.96073067148428248 -0.046722905311059132 0.24464430831499118
0.44256571131892353 -0.27352065185036889 -0.32024355716142738 0.79168561201572829
0.91400776617322355 0.32024355716142711 -0.19792140300393116 0.15119849769287219
-0.96073067148428237 0.19792140300393229 0.12232215415749509 -0.15119849769287219
0.046722905311059326 0.64048711432285454 -0.76280926848035113 -0.075599248846436151
-0.79168561201572796 -0.39584280600786342 -0.39584280600786398 -0.24464430831499023
0.71608636316929142 0 0.68721001963391359 -0.1223221541574957
0.71608636316929142 -0.59376420901179605 0.27352065185036811 0.24464430831499023
-0.59376420901179583 -0.4714420548543003 0.64048711432285543 -0.12232215415749587
0.71608636316929131 -0.44256571131892281 -0.51816496016535929 0.15119849769287222
0.15119849769287319 -0.64048711432285454 0.64048711432285543 -0.39584280600786431
-0.59376420901179583 -0.79168561201572829 -0.12232215415749531 0.075599248846436151
-0.32024355716142794 0.19792140300393254 -0.27352065185036845 -0.88513142263784639
0.71608636316929131 0.24464430831499112 -0.59376420901179539 -0.27352065185036867
0.68721001963391393 -0.32024355716142727 0.64048711432285543 0.12232215415749559
-0.32024355716142794 0.046722905311059215 0.51816496016535984 -0.79168561201572829
-0.59376420901179583 -0.27352065185036845 -0.71608636316929175 -0.24464430831499118
0.51816496016535984 0.27352065185036889 -0.27352065185036845 -0.7628092684803508
-0.1511984976928733 0.96073067148428337 0.12232215415749553 0.19792140300393246
0.27352065185036806 0.046722905311058716 0.64048711432285543 0.71608636316929142
-0.32024355716142794 -0.64048711432285532 0.59376420901179594 -0.3669664624724871
-0.68721001963391459 0.64048711432285577 0.12232215415749553 -0.32024355716142783
-0.59376420901179583 0.36696646247248699 -0.32024355716142766 -0.64048711432285488
-0.1511984976928733 0.44256571131892308 0.71608636316929242 0.51816496016536007
0.32024355716142738 -0.36696646247248554 0.24464430831499129 -0.83840851732678634
0.32024355716142738 -0.64048711432285432 0.19792140300393207 -0.66936345785823204
-0.27352065185036878 0.44256571131892264 0.79168561201572774 -0.32024355716142716
0.3669664624724861 -0.39584280600786281 0.71608636316929131 -0.44256571131892286
0.12232215415749478 0.64048711432285355 -0.47144205485430063 0.59376420901179605
0.12232215415749478 0.88513142263784528 0.075599248846435874 0.44256571131892286
0.24464430831499151 -0.39584280600786392 -0.39584280600786431 0.79168561201572707
0.12232215415749477 0.51816496016535907 0.51816496016535929 0.66936345785823204
-0.36696646247248621 -0.44256571131892264 -0.39584280600786431 0.71608636316929108
0.24464430831499151 0.36696646247248677 -0.83840851732678634 0.32024355716142716
-0.36696646247248649 0.39584280600786254 -0.71608636316929097 0.4425657113189233
-0.36696646247248649 0.91400776617322244 -0.12232215415749624 0.12232215415749592
0.51816496016535996 0.046722905311058549 -0.64048711432285488 0.56488786547641767
-0.19792140300393124 -0.32024355716142661 0.88513142263784528 -0.27352065185036906
-0.19792140300393124 -0.96073067148428182 0.15119849769287338 0.12232215415749448
-0.64048711432285521 0.046722905311059604 0.075599248846437206 -0.7628092684803498
-0.1979214030039313 -0.56488786547641856 -0.79168561201572707 -0.12232215415749592
0.39584280600786337 -0.046722905311058549 0.075599248846437206 -0.91400776617322332
-0.64048711432285521 -0.27352065185036845 0.44256571131892297 -0.56488786547641767
-0.32024355716142811 0.91400776617322332 -0.15119849769287352 -0.1979214030039318
-0.19792140300393118 0.32024355716142727 -0.64048711432285466 -0.66936345785823204
0.88513142263784572 0.44256571131892264 0.075599248846437261 -0.12232215415749549
-0.32024355716142811 0.51816496016535951 0.79168561201572785 0.046722905311058716
-0.6404871143228551 -0.66936345785823215 0.19792140300393124 -0.32024355716142716
-0.3958428060078637 0.64048711432285488 -0.15119849769287352 -0.64048711432285521
-0.3958428060078637 0.3669664624724871 -0.44256571131892342 0.71608636316929186
0.88513142263784494 0.27352065185036867 0.19792140300393241 -0.32024355716142761
-0.79168561201572718 0.32024355716142616 -0.27352065185036845 0.44256571131892342
-0.79168561201572718 0.51816496016535885 -0.046722905311059937 0.32024355716142761
0.19792140300393263 0.12232215415749503 -0.96073067148428226 0.15119849769287247
-0.71608636316929042 0 -0.6872100196339137 0.12232215415749637
0.36696646247248643 -0.91400776617322244 0.12232215415749599 -0.12232215415749637
-0.51816496016535951 -0.046722905311058271 0.64048711432285521 -0.56488786547641778
0.36696646247248649 -0.59376420901179572 -0.64048711432285388 -0.32024355716142761
0.32024355716142672 -0.12232215415749503 0.64048711432285521 -0.68721001963391382
-0.51816496016535951 -0.71608636316929108 0.44256571131892297 -0.15119849769287252
0.36696646247248632 0.32024355716142761 0.83840851732678656 0.24464430831498968
-0.19792140300393204 -0.15119849769287294 -0.91400776617322244 0.32024355716142777
-0.19792140300393204 0.76280926848035002 -0.56488786547641812 -0.24464430831498968
0.91400776617322299 0.12232215415749481 -0.27352065185036889 0.27352065185036828
-0.19792140300393202 0.76280926848035024 0.56488786547641778 -0.24464430831498984
0 0.47144205485429941 -0.27352065185036889 0.83840851732678701
0.91400776617322299 0.36696646247248654 -0.12232215415749592 0.12232215415749513
0.24464430831499179 -0.59376420901179605 0.56488786547641867 0.51816496016535907
-0.19792140300393216 -0.15119849769287269 0.91400776617322255 0.32024355716142761
-0.91400776617322288 0.12232215415749503 -0.27352065185036889 0.27352065185036856
0.24464430831499179 -0.59376420901179627 -0.56488786547641834 0.51816496016535918
0.91400776617322299 0.32024355716142761 0.19792140300393221 0.15119849769287252
-0.046722905311058938 -0.5181649601653594 0.56488786547641867 0.6404871143228551
0 -0.71608636316929175 0.12232215415749592 -0.68721001963391448
-0.56488786547641823 -0.44256571131892264 -0.27352065185036895 -0.64048711432285466
0.24464430831499179 0.32024355716142755 -0.91400776617322332 -0.046722905311058716
0.91400776617322377 -0.3669664624724871 0.12232215415749592 -0.12232215415749559
0.91400776617322299 0.046722905311058549 0.24464430831499151 0.32024355716142716
0 -0.66936345785823281 -0.19792140300393246 -0.71608636316929186
0.64048711432285443 0.046722905311059215 -0.075599248846435707 -0.76280926848035002
-0.56488786547641801 0.5181649601653584 0.24464430831499007 0.59376420901179627
-0.56488786547641801 0.24464430831499084 0.19792140300393118 0.76280926848035002
-0.2735206518503675 -0.27352065185036861 -0.91400776617322332 0.12232215415749537
0.39584280600786359 -0.79168561201572663 0.24464430831499101 -0.39584280600786487
0.39584280600786359 -0.71608636316929075 -0.36696646247248554 -0.44256571131892347
0.075599248846435901 0.046722905311059881 0.76280926848035047 -0.64048711432285443
0.39584280600786365 -0.1979214030039321 -0.4714420548542998 -0.76280926848035002
0.51816496016535862 0.27352065185036861 0.76280926848035047 -0.27352065185036867
0.075599248846435874 -0.7916856120157274 0.59376420901179605 -0.12232215415749537
-0.83840851732678745 0.24464430831499118 0.36696646247248582 -0.32024355716142727
-0.88513142263784472 -0.27352065185036833 -0.19792140300393268 0.32024355716142794
0.79168561201572696 -0.51816496016535918 0.04672290531105977 -0.32024355716142794
-0.19792140300393257 -0.12232215415749459 0.96073067148428226 -0.15119849769287291
-0.3669664624724861 0.5937642090117955 0.6404871143228541 0.32024355716142794
-0.32024355716142711 0.12232215415749459 -0.64048711432285499 0.68721001963391382
0.51816496016535929 0.71608636316929097 -0.44256571131892319 0.15119849769287291
-0.3669664624724861 -0.12232215415749537 0.51816496016535885 0.76280926848035002
-0.71608636316929097 -0.27352065185036867 -0.64048711432285499 0.046722905311059215
0.66936345785823281 -0.19792140300393229 -0.64048711432285466 0.32024355716142727
0.51816496016535929 0.76280926848035024 0.36696646247248649 0.12232215415749548
0.046722905311059132 -0.24464430831499118 0.1223221541574957 0.96073067148428248
0.32024355716142738 -0.79168561201572829 0.44256571131892353 -0.27352065185036889
-0.71608636316929097 -0.44256571131892258 0.36696646247248532 0.39584280600786437
0.91400776617322255 -0.12232215415749503 -0.27352065185036789 -0.27352065185036956
0.91400776617322255 0.075599248846436096 -0.04672290531105816 -0.39584280600786437
0.19792140300393116 -0.15119849769287219 0.91400776617322355 0.32024355716142711
-0.79168561201572696 0.39584280600786398 0.24464430831499046 0.39584280600786437
-0.12232215415749509 0.15119849769287219 -0.96073067148428237 0.19792140300393229
0.19792140300393202 0.8851314226378455 -0.27352065185036895 -0.32024355716142711
0.76280926848035113 0.075599248846436151 0.046722905311059326 0.64048711432285454
0.64048711432285477 0.76280926848034958 0.046722905311059493 -0.075599248846437345
-0.88513142263784506 0.12232215415749581 -0.44256571131892297 0.075599248846437345
0.39584280600786398 0.24464430831499023 -0.79168561201572796 -0.39584280600786342
-0.51816496016535918 -0.56488786547641778 -0.59376420901179539 0.24464430831499151
0.51816496016535896 -0.56488786547641823 0.59376420901179527 -0.24464430831499151
-0.68721001963391359 0.1223221541574957 0.71608636316929142 0
0.51816496016535896 -0.83840851732678634 -0.15119849769287308 -0.075599248846437372
-0.27352065185036811 -0.24464430831499023 0.71608636316929142 -0.59376420901179605
-0.68721001963391359 -0.51816496016535973 0.32024355716142766 0.39584280600786342
-0.64048711432285543 0.12232215415749587 -0.59376420901179583 -0.4714420548543003
0.51816496016535896 -0.32024355716142694 -0.68721001963391326 -0.39584280600786431
0.51816496016535929 -0.15119849769287222 0.71608636316929131 -0.44256571131892281
-0.64048711432285543 0.39584280600786431 0.15119849769287319 -0.64048711432285454
-0.68721001963391359 -0.39584280600786431 -0.51816496016535929 0.32024355716142722
0.12232215415749531 -0.075599248846436151 -0.59376420901179583 -0.79168561201572829
0.27352065185036845 0.88513142263784639 -0.32024355716142794 0.19792140300393254
0.59376420901179539 0.27352065185036867 0.71608636316929131 0.24464430831499112
-0.64048711432285543 -0.12232215415749559 0.68721001963391393 -0.32024355716142727
-0.51816496016535984 0.79168561201572829 -0.32024355716142794 0.046722905311059215
-0.68721001963391359 0.32024355716142744 -0.64048711432285499 -0.12232215415749548
0.27352065185036845 0.7628092684803508 0.51816496016535984 0.27352065185036889
-0.64048711432285543 -0.71608636316929142 0.27352065185036806 0.046722905311058716
-0.71608636316929242 -0.51816496016536007 -0.1511984976928733 0.44256571131892308
0.046722905311059326 0.075599248846435596 -0.64048711432285421 0.76280926848034958
-0.27352065185036795 -0.27352065185036728 0.12232215415749564 -0.91400776617322266
-0.27352065185036795 -0.51816496016535851 0.27352065185036856 -0.76280926848034958
-0.24464430831499129 0.83840851732678634 0.32024355716142738 -0.36696646247248554
-0.27352065185036795 -0.71608636316929053 0.046722905311058882 -0.64048711432285432
-0.19792140300393207 0.66936345785823204 0.32024355716142738 -0.64048711432285432
-0.24464430831499129 0.046722905311058632 0.96073067148428171 0.12232215415749564
-0.04672290531105891 -0.075599248846435235 0.6404871143228541 -0.76280926848034969
-0.04672290531105891 -0.7916856120157264 0.5181649601653594 -0.32024355716142727
-0.71608636316929131 0.44256571131892286 0.3669664624724861 -0.39584280600786281
0.59376420901179472 0.24464430831498984 -0.51816496016535896 0.56488786547641867
0.59376420901179472 0.71608636316929053 -0.24464430831499145 0.27352065185036883
0.47144205485430063 -0.59376420901179605 0.12232215415749478 0.64048711432285355
0.59376420901179472 0.64048711432285477 0.36696646247248577 0.32024355716142727
-0.075599248846435874 -0.44256571131892286 0.12232215415749478 0.88513142263784528
0.47144205485430063 -0.19792140300393174 -0.76280926848035013 0.39584280600786281
0.59376420901179472 0.12232215415749541 0.4714420548543003 0.64048711432285432
-0.51816496016535929 -0.66936345785823204 0.12232215415749477 0.51816496016535907
0.47144205485430052 0.64048711432285466 -0.59376420901179472 -0.12232215415749564
0.83840851732678634 -0.32024355716142716 0.24464430831499151 0.36696646247248677
0.19792140300393102 0.15119849769287386 0.91400776617322199 -0.32024355716142799
0.046722905311058688 0.79168561201572629 -0.5181649601653594 0.32024355716142799
0.71608636316929097 -0.4425657113189233 -0.36696646247248649 0.39584280600786254
0.046722905311058688 0.91400776617322244 0.32024355716142633 0.24464430831499118
0.12232215415749624 -0.12232215415749592 -0.36696646247248649 0.91400776617322244
0.71608636316929097 0.19792140300393157 -0.66936345785823193 0
0.19792140300393202 -0.12232215415749631 -0.96073067148428126 -0.15119849769287164
-0.39584280600786315 0.24464430831499107 0.79168561201572651 -0.3958428060078642
-0.39584280600786315 -0.64048711432285421 0.64048711432285454 0.15119849769287164
-0.88513142263784528 0.27352065185036906 -0.19792140300393124 -0.32024355716142661
-0.39584280600786315 -0.79168561201572762 -0.39584280600786298 0.24464430831498984
-0.15119849769287338 -0.12232215415749448 -0.19792140300393124 -0.96073067148428182
-0.88513142263784528 0.19792140300393193 0.32024355716142777 -0.27352065185036717
-0.075599248846437206 0.7628092684803498 -0.64048711432285521 0.046722905311059604
-0.39584280600786326 0 -0.88513142263784483 -0.24464430831499112
0.79168561201572707 0.12232215415749592 -0.1979214030039313 -0.56488786547641856
-0.075599248846437206 0.91400776617322332 0.39584280600786337 -0.046722905311058549
-0.88513142263784528 -0.24464430831499107 0.39584280600786331 0
-0.44256571131892297 0.56488786547641767 -0.64048711432285521 -0.27352065185036845
0.15119849769287352 0.1979214030039318 -0.32024355716142811 0.91400776617322332
0.64048711432285466 0.66936345785823204 -0.19792140300393118 0.32024355716142727
-0.075599248846437261 0.12232215415749549 0.88513142263784572 0.44256571131892264
-0.79168561201572785 -0.046722905311058716 -0.32024355716142811 0.51816496016535951
-0.88513142263784528 -0.44256571131892231 -0.075599248846437206 0.12232215415749567
0.15119849769287352 0.64048711432285521 -0.3958428060078637 0.64048711432285488
-0.47144205485429924 -0.59376420901179561 -0.12232215415749556 0.64048711432285443
0.64048711432285366 -0.15119849769287236 0.39584280600786431 -0.64048711432285443
-0.19792140300393241 0.32024355716142761 0.88513142263784494 0.27352065185036867
-0.32024355716142694 0.36696646247248482 -0.24464430831499029 0.83840851732678667
-0.32024355716142694 0.64048711432285321 -0.19792140300393249 0.66936345785823237
0.27352065185036845 -0.44256571131892342 -0.79168561201572718 0.32024355716142616
-0.32024355716142694 0.68721001963391315 0.12232215415749464 0.64048711432285443
0.046722905311059937 -0.32024355716142761 -0.79168561201572718 0.51816496016535885
0.27352065185036845 0.51816496016535873 -0.76280926848034991 -0.27352065185036867
0.51816496016535774 0.56488786547641823 0.59376420901179539 -0.24464430831499145
-0.51816496016535807 0.56488786547641712 -0.59376420901179605 0.24464430831499145
0.6872100196339137 -0.12232215415749637 -0.71608636316929042 0
-0.046722905311058938 -0.91400776617322244 -0.32024355716142638 -0.24464430831499145
-0.12232215415749599 0.12232215415749637 0.36696646247248643 -0.91400776617322244
-0.71608636316929064 -0.19792140300393157 0.66936345785823226 0
-0.046722905311058854 -0.27352065185036845 -0.7160863631692902 -0.64048711432285432
0.64048711432285388 0.32024355716142761 0.36696646247248649 -0.59376420901179572
-0.71608636316929064 -0.64048711432285454 0.046722905311058799 0.27352065185036867
-0.44256571131892297 0.15119849769287252 -0.51816496016535951 -0.71608636316929108
-0.32024355716142661 -0.7916856120157274 -0.44256571131892286 -0.27352065185036689
0.51816496016535851 -0.27352065185036806 0.76280926848035024 0.27352065185036689
-0.83840851732678656 -0.24464430831498968 0.36696646247248632 0.32024355716142761
-0.046722905311059104 0.64048711432285432 0.76280926848034936 -0.075599248846437372
-0.046722905311058771 0.39584280600786348 -0.91400776617322221 0.075599248846437372
0.91400776617322244 -0.32024355716142777 -0.19792140300393204 -0.15119849769287294
-0.046722905311058882 0.96073067148428171 0 -0.27352065185036689
0.56488786547641812 0.24464430831498968 -0.19792140300393204 0.76280926848035002
0.91400776617322244 -0.046722905311058882 -0.24464430831499157 -0.32024355716142755
0.27352065185036889 -0.27352065185036828 0.91400776617322299 0.12232215415749481
-0.046722905311058827 0.39584280600786381 0.91400776617322221 0.075599248846437123
-0.56488786547641778 0.24464430831498984 -0.19792140300393202 0.76280926848035024
0.27352065185036889 -0.83840851732678701 0 0.47144205485429941
0.91400776617322244 0.075599248846437012 0.046722905311058882 -0.3958428060078642
0.12232215415749592 -0.12232215415749513 0.91400776617322299 0.36696646247248654
-0.56488786547641867 -0.51816496016535907 0.24464430831499179 -0.59376420901179605
-0.91400776617322255 -0.32024355716142761 -0.19792140300393216 -0.15119849769287269
0.27352065185036889 -0.27352065185036856 -0.91400776617322288 0.12232215415749503
0.56488786547641834 -0.51816496016535918 0.24464430831499179 -0.59376420901179627
0.91400776617322244 -0.12232215415749526 0.27352065185036883 -0.27352065185036867
-0.56488786547641867 -0.6404871143228551 -0.046722905311058938 -0.5181649601653594
0.27352065185036895 0.64048711432285466 -0.56488786547641823 -0.44256571131892264
0.19792140300393246 0.71608636316929186 0 -0.66936345785823281
0.15119849769287252 -0.19792140300393099 -0.32024355716142644 -0.91400776617322266
0.15119849769287252 -0.12232215415749526 0.19792140300393227 -0.96073067148428115
0.075599248846435707 0.76280926848035002 0.64048711432285443 0.046722905311059215
0 0.71608636316928953 0.12232215415749503 0.68721001963391415
0 0.47144205485429946 0.27352065185036722 0.83840851732678634
-0.24464430831499007 -0.59376420901179627 -0.56488786547641801 0.5181649601653584
0 0.27352065185036833 0.04672290531105866 0.96073067148428115
-0.19792140300393118 -0.76280926848035002 -0.56488786547641801 0.24464430831499084
-0.24464430831499007 0.32024355716142699 -0.9140077661732231 -0.046722905311059215
-0.1223221541574957 -0.64048711432285343 0.47144205485429969 -0.59376420901179627
-0.1223221541574957 -0.8851314226378445 -0.075599248846435818 -0.44256571131892347
-0.24464430831499101 0.39584280600786487 0.39584280600786359 -0.79168561201572663
-0.1223221541574957 -0.51816496016535885 -0.51816496016535818 -0.66936345785823193
0.36696646247248554 0.44256571131892347 0.39584280600786359 -0.71608636316929075
-0.24464430831499101 -0.36696646247248554 0.83840851732678667 -0.32024355716142688
-0.12232215415749567 -0.046722905311059104 -0.24464430831499073 -0.96073067148428126
0.4714420548542998 0.76280926848035002 0.39584280600786365 -0.1979214030039321
-0.76280926848035047 0.27352065185036867 0.51816496016535862 0.27352065185036861
-0.24464430831499107 -0.9607306714842816 0.12232215415749549 0.046722905311059271
-0.59376420901179605 0.12232215415749537 0.075599248846435874 -0.7916856120157274
-0.36696646247248582 0.32024355716142727 -0.83840851732678745 0.24464430831499118
0.47144205485429902 0.59376420901179539 0.12232215415749606 -0.64048711432285454
-0.64048711432285332 -0.046722905311059937 0.075599248846435985 0.76280926848035036
-0.64048711432285332 0.15119849769287275 -0.39584280600786448 0.64048711432285454
0.19792140300393268 -0.32024355716142794 -0.88513142263784472 -0.27352065185036833
0.32024355716142638 -0.68721001963391326 -0.12232215415749481 -0.64048711432285454
-0.04672290531105977 0.32024355716142794 0.79168561201572696 -0.51816496016535918
-0.2735206518503685 -0.51816496016535851 0.76280926848035024 0.27352065185036833
0.046722905311059298 0.273520651850368 0.71608636316929031 0.64048711432285443
-0.6404871143228541 -0.32024355716142794 -0.3669664624724861 0.5937642090117955
0.71608636316929075 0.64048711432285477 -0.046722905311059215 -0.27352065185036833
0.44256571131892319 -0.15119849769287291 0.51816496016535929 0.71608636316929097
-0.51816496016535885 -0.76280926848035002 -0.3669664624724861 -0.12232215415749537
0.64048711432285499 -0.046722905311059215 -0.71608636316929097 -0.27352065185036867
0.64048711432285466 -0.32024355716142727 0.66936345785823281 -0.19792140300393229
0.71608636316929075 0.27352065185036806 0.64048711432285466 -0.04672290531105916
-0.1223221541574957 -0.96073067148428248 0.046722905311059132 -0.24464430831499118
0.24464430831499046 0.39584280600786376 -0.39584280600786265 -0.79168561201572729
-0.51816496016535829 0.046722905311058438 0.64048711432285355 0.56488786547641889
-0.51816496016535829 -0.32024355716142677 -0.046722905311059909 0.79168561201572729
-0.36696646247248532 -0.39584280600786437 -0.71608636316929097 -0.44256571131892258
0.56488786547641701 -0.51816496016535818 -0.24464430831499095 -0.5937642090117965
0.56488786547641701 -0.24464430831499029 -0.19792140300393096 -0.76280926848035058
0.27352065185036789 0.27352065185036956 0.91400776617322255 -0.12232215415749503
0.56488786547641701 -0.19792140300393213 0.12232215415749609 -0.79168561201572729
0.04672290531105816 0.39584280600786437 0.91400776617322255 0.075599248846436096
0.27352065185036789 -0.64048711432285399 0.56488786547641889 0.44256571131892258
-0.91400776617322355 -0.32024355716142711 0.19792140300393116 -0.15119849769287219
-0.32024355716142633 0.44256571131892253 0.27352065185036795 0.7916856120157274
-0.24464430831499046 -0.39584280600786437 -0.79168561201572696 0.39584280600786398
0.96073067148428237 -0.19792140300393229 -0.12232215415749509 0.15119849769287219
0.27352065185036811 0.79168561201572762 0.32024355716142677 -0.44256571131892264
0.27352065185036895 0.32024355716142711 0.19792140300393202 0.8851314226378455
-0.046722905311059326 -0.64048711432285454 0.76280926848035113 0.075599248846436151
-0.24464430831499068 -0.83840851732678578 0.32024355716142644 0.36696646247248699
0.71608636316928997 0.44256571131892242 -0.36696646247248599 -0.39584280600786459
0.71608636316928997 0.39584280600786304 0.44256571131892314 -0.36696646247248699
-0.046722905311059493 0.075599248846437345 0.64048711432285477 0.76280926848034958
-0.64048711432285343 0.59376420901179539 -0.32024355716142738 0.36696646247248699
0.44256571131892297 -0.075599248846437345 -0.88513142263784506 0.12232215415749581
0.19792140300393177 0.47144205485429985 -0.39584280600786437 -0.76280926848034958
0.79168561201572796 0.39584280600786342 0.39584280600786398 0.24464430831499023
0.12232215415749514 0.9140077661732221 0.27352065185036817 -0.273520651850369
-0.4714420548542993 0 -0.83840851732678612 0.273520651850369
0.59376420901179539 -0.24464430831499151 -0.51816496016535918 -0.56488786547641778
0.12232215415749498 -0.91400776617322221 0.27352065185036789 -0.27352065185036895
-0.59376420901179527 0.24464430831499151 0.51816496016535896 -0.56488786547641823
-0.51816496016535896 -0.046722905311059271 0.64048711432285488 0.56488786547641778
0.12232215415749503 -0.76280926848034913 -0.51816496016535885 -0.36696646247248693
0.15119849769287308 0.075599248846437372 0.51816496016535896 -0.83840851732678634
-0.71608636316929142 0.59376420901179605 -0.27352065185036811 -0.24464430831499023
-0.51816496016535896 -0.36696646247248693 -0.12232215415749526 0.76280926848034958
-0.32024355716142766 -0.39584280600786342 -0.68721001963391359 -0.51816496016535973
0.59376420901179583 0.4714420548543003 -0.64048711432285543 0.12232215415749587
0.68721001963391326 0.39584280600786431 0.51816496016535896 -0.32024355716142694
-0.71608636316929131 0.44256571131892281 0.51816496016535929 -0.15119849769287222
-0.15119849769287319 0.64048711432285454 -0.64048711432285543 0.39584280600786431
-0.51816496016535896 0.15119849769287241 -0.71608636316929108 0.44256571131892275
0.59376420901179583 0.79168561201572829 0.12232215415749531 -0.075599248846436151
-0.71608636316929131 -0.24464430831499112 0.59376420901179539 0.27352065185036867
-0.51816496016535984 -0.27352065185036889 0.27352065185036845 0.7628092684803508
0.44256571131892253 0.36696646247248521 -0.71608636316929042 0.39584280600786337
0.64048711432285421 -0.76280926848034958 0.046722905311059326 0.075599248846435596
-0.76280926848034902 -0.19792140300393127 0.24464430831499101 -0.56488786547641778
-0.12232215415749564 0.91400776617322266 -0.27352065185036795 -0.27352065185036728
-0.76280926848034891 -0.47144205485429985 0.1979214030039318 -0.39584280600786337
-0.27352065185036856 0.76280926848034958 -0.27352065185036795 -0.51816496016535851
-0.12232215415749564 0.59376420901179527 0.79168561201572707 -0.075599248846435624
-0.76280926848034913 -0.51816496016535873 -0.12232215415749575 -0.36696646247248599
-0.046722905311058882 0.64048711432285432 -0.27352065185036795 -0.71608636316929053
-0.12232215415749564 -0.36696646247248638 0.76280926848034936 0.51816496016535907
-0.96073067148428171 -0.12232215415749564 -0.24464430831499129 0.046722905311058632
0.39584280600786392 -0.24464430831499173 -0.79168561201572574 0.39584280600786359
-0.44256571131892208 -0.3669664624724851 0.71608636316929064 -0.39584280600786359
-0.6404871143228541 0.76280926848034969 -0.04672290531105891 -0.075599248846435235
-0.44256571131892203 -0.88513142263784461 0.12232215415749581 -0.075599248846436595
-0.5181649601653594 0.32024355716142727 -0.04672290531105891 -0.7916856120157264
-0.64048711432285421 0.39584280600786348 0.64048711432285399 0.15119849769287375
-0.68721001963391326 -0.12232215415749415 0.71608636316928997 0
0.83840851732678534 0.27352065185036784 -0.47144205485430013 0
0.51816496016535896 -0.56488786547641867 0.59376420901179472 0.24464430831498984
0.83840851732678534 0.51816496016535918 0.075599248846435707 -0.15119849769287214
0.24464430831499145 -0.27352065185036883 0.59376420901179472 0.71608636316929053
0.51816496016535896 -0.68721001963391326 -0.39584280600786398 0.32024355716142577
0.83840851732678545 0.15119849769287341 0.51816496016535873 0.07559924884643654
-0.36696646247248577 -0.32024355716142727 0.59376420901179472 0.64048711432285477
0.51816496016535896 0.075599248846436706 -0.83840851732678567 -0.15119849769287375
0.76280926848035013 -0.39584280600786281 0.47144205485430063 -0.19792140300393174
-0.4714420548543003 -0.64048711432285432 0.59376420901179472 0.12232215415749541
0.51816496016535896 0.66936345785823159 -0.12232215415749448 -0.51816496016535907
0.046722905311060325 -0.64048711432285454 -0.76280926848034847 0.07559924884643715
0.046722905311058216 -0.39584280600786215 0.91400776617322244 -0.07559924884643715
-0.91400776617322199 0.32024355716142799 0.19792140300393102 0.15119849769287386
0.44256571131892208 0.88513142263784439 -0.1223221541574962 0.07559924884643715
0.5181649601653594 -0.32024355716142799 0.046722905311058688 0.79168561201572629
0.64048711432285355 -0.39584280600786359 -0.64048711432285432 -0.15119849769287391
0.44256571131892208 0.56488786547641801 0.64048711432285355 0.27352065185036817
-0.32024355716142633 -0.24464430831499118 0.046722905311058688 0.91400776617322244
0.64048711432285377 0.27352065185036828 -0.44256571131892231 -0.56488786547641845
0.66936345785823193 0 0.71608636316929097 0.19792140300393157
-0.12232215415749627 0.51816496016535951 0.66936345785823115 0.51816496016535751
0.046722905311059382 0.32024355716142638 -0.7916856120157274 -0.51816496016535751
0.96073067148428126 0.15119849769287164 0.19792140300393202 -0.12232215415749631
0.59376420901179516 -0.47144205485430024 -0.64048711432285332 -0.12232215415749434
-0.44256571131892242 -0.075599248846436151 0.88513142263784461 0.12232215415749434
-0.79168561201572651 0.3958428060078642 -0.39584280600786315 0.24464430831499107
-0.44256571131892242 -0.71608636316929086 0.1511984976928733 0.51816496016535751
-0.64048711432285454 -0.15119849769287164 -0.39584280600786315 -0.64048711432285421
-0.79168561201572651 0.59376420901179539 0.075599248846436984 0.12232215415749631
0.19792140300393124 0.32024355716142661 -0.88513142263784528 0.27352065185036906
-0.44256571131892242 -0.32024355716142783 -0.7916856120157264 0.27352065185036745
0.39584280600786298 -0.24464430831498984 -0.39584280600786315 -0.79168561201572762
0.19792140300393124 0.96073067148428182 -0.15119849769287338 -0.12232215415749448
-0.79168561201572651 0.27352065185036767 0.44256571131892253 0.32024355716142822
-0.32024355716142777 0.27352065185036717 -0.88513142263784528 0.19792140300393193
0.64048711432285521 -0.046722905311059604 -0.075599248846437206 0.7628092684803498
0.88513142263784483 0.24464430831499112 -0.39584280600786326 0
0.1979214030039313 0.56488786547641856 0.79168561201572707 0.12232215415749592
-0.39584280600786337 0.046722905311058549 -0.075599248846437206 0.91400776617322332
-0.79168561201572651 -0.1223221541574957 0.19792140300393093 0.56488786547641845
0.64048711432285521 0.27352065185036845 -0.44256571131892297 0.56488786547641767
0.19792140300393118 -0.32024355716142727 0.64048711432285466 0.66936345785823204
0.3958428060078637 -0.64048711432285488 0.15119849769287352 0.64048711432285521
-0.24464430831498973 -0.39584280600786398 0.39584280600786331 0.79168561201572651
-0.24464430831498973 -0.27352065185036856 -0.59376420901179527 0.7160863631692902
0.12232215415749556 -0.64048711432285443 -0.47144205485429924 -0.59376420901179561
0.15119849769287214 -0.5181649601653584 0.44256571131892303 -0.7160863631692902
-0.39584280600786431 0.64048711432285443 0.64048711432285366 -0.15119849769287236
0.075599248846436262 -0.12232215415749492 0.79168561201572685 0.59376420901179561
0.27352065185036822 0.273520651850367 -0.12232215415749437 0.91400776617322221
0.27352065185036822 0.51816496016535729 -0.27352065185036833 0.76280926848034991
0.24464430831499029 -0.83840851732678667 -0.32024355716142694 0.36696646247248482
0.27352065185036817 0.71608636316928986 -0.046722905311059881 0.64048711432285432
0.19792140300393249 -0.66936345785823237 -0.32024355716142694 0.64048711432285321
0.24464430831499029 -0.046722905311059437 -0.96073067148428137 -0.12232215415749616
0.27352065185036822 0.59376420901179516 0.24464430831499018 0.7160863631692902
-0.12232215415749464 -0.64048711432285443 -0.32024355716142694 0.68721001963391315
0.24464430831499029 0.71608636316929042 -0.27352065185036806 -0.59376420901179561
0.76280926848034991 0.27352065185036867 0.27352065185036845 0.51816496016535873
-0.12232215415749381 -0.91400776617322199 -0.27352065185036795 0.27352065185036828
0.47144205485429819 0 0.83840851732678612 -0.27352065185036828
-0.59376420901179539 0.24464430831499145 0.51816496016535774 0.56488786547641823
-0.12232215415749459 0.91400776617322155 -0.27352065185036906 0.27352065185036828
0.59376420901179605 -0.24464430831499145 -0.51816496016535807 0.56488786547641712
0.51816496016535851 0.04672290531105816 -0.6404871143228541 -0.56488786547641845
-0.44256571131892247 -0.56488786547641778 -0.64048711432285332 -0.27352065185036833
0.32024355716142638 0.24464430831499145 -0.046722905311058938 -0.91400776617322244
-0.64048711432285355 -0.2735206518503685 0.44256571131892253 0.56488786547641834
-0.66936345785823226 0 -0.71608636316929064 -0.19792140300393157
0.15119849769287191 0.96073067148428115 -0.12232215415749503 0.19792140300393074
-0.64048711432285288 -0.76280926848034991 -0.046722905311058327 0.075599248846437289
-0.64048711432285288 -0.32024355716142716 -0.66936345785823248 -0.19792140300393074
0.44256571131892286 0.27352065185036689 -0.32024355716142661 -0.7916856120157274
0.47144205485429891 -0.76280926848034936 0.39584280600786437 0.19792140300393074
-0.76280926848035024 -0.27352065185036689 0.51816496016535851 -0.27352065185036806
-0.59376420901179472 -0.1223221541574947 0.075599248846436984 0.7916856120157274
-0.36696646247248632 -0.32024355716142761 -0.83840851732678656 -0.24464430831498968
0.2735206518503685 -0.88513142263784461 -0.32024355716142672 -0.19792140300393063
0.12232215415749453 0.15119849769287283 0.96073067148428115 0.19792140300393063
-0.76280926848034936 0.075599248846437372 -0.046722905311059104 0.64048711432285432
0.12232215415749592 0.79168561201572674 -0.56488786547641756 -0.19792140300393057
0.91400776617322221 -0.075599248846437372 -0.046722905311058771 0.39584280600786348
0.56488786547641734 -0.44256571131892236 -0.27352065185036872 -0.64048711432285432
0.12232215415749581 0.79168561201572685 0.56488786547641734 -0.19792140300393074
0 0.27352065185036689 -0.046722905311058882 0.96073067148428171
0.19792140300393204 -0.76280926848035002 0.56488786547641812 0.24464430831498968
0.56488786547641734 -0.19792140300393091 -0.12232215415749581 -0.7916856120157274
0.24464430831499157 0.32024355716142755 0.91400776617322244 -0.046722905311058882
-0.91400776617322299 -0.12232215415749481 0.27352065185036889 -0.27352065185036828
-0.91400776617322221 -0.075599248846437123 -0.046722905311058827 0.39584280600786381
0.19792140300393202 -0.76280926848035024 -0.56488786547641778 0.24464430831498984
0 -0.47144205485429941 0.27352065185036889 -0.83840851732678701
0.56488786547641734 -0.24464430831498984 0.19792140300393204 -0.76280926848035002
-0.91400776617322299 -0.36696646247248654 0.12232215415749592 -0.12232215415749513
0.19792140300393216 0.15119849769287269 -0.91400776617322255 -0.32024355716142761
0.046722905311058938 0.5181649601653594 -0.56488786547641867 -0.6404871143228551
-0.39584280600786365 -0.36696646247248488 -0.44256571131892181 -0.71608636316929075
-0.39584280600786365 -0.046722905311058494 -0.075599248846435652 -0.91400776617322177
0.32024355716142644 0.91400776617322266 0.15119849769287252 -0.19792140300393099
-0.3958428060078637 -0.24464430831499073 0.39584280600786337 -0.79168561201572629
-0.19792140300393227 0.96073067148428115 0.15119849769287252 -0.12232215415749526
0.32024355716142638 0.27352065185036839 0.88513142263784494 0.19792140300393207
0.56488786547641789 0.64048711432285277 -0.046722905311058716 0.5181649601653594
0.56488786547641789 0.51816496016535774 0.24464430831499001 0.5937642090117955
-0.12232215415749503 -0.68721001963391415 0 0.71608636316928953
0.56488786547641789 0.24464430831499062 0.19792140300393096 0.76280926848034902
-0.27352065185036722 -0.83840851732678634 0 0.47144205485429946
-0.12232215415749503 -0.12232215415749617 -0.91400776617322244 0.36696646247248538
0.56488786547641778 0.19792140300393185 -0.12232215415749514 0.79168561201572629
-0.04672290531105866 -0.96073067148428115 0 0.27352065185036833
-0.12232215415749492 0.79168561201572685 -0.56488786547641801 -0.19792140300393204
0.9140077661732231 0.046722905311059215 -0.24464430831499007 0.32024355716142699
-0.5937642090117955 -0.24464430831498984 0.51816496016535807 -0.56488786547641801
-0.5937642090117955 -0.71608636316928953 0.24464430831499073 -0.27352065185036872
-0.47144205485429969 0.59376420901179627 -0.1223221541574957 -0.64048711432285343
-0.5937642090117955 -0.64048711432285366 -0.36696646247248521 -0.32024355716142727
0.075599248846435818 0.44256571131892347 -0.1223221541574957 -0.8851314226378445
-0.47144205485429957 0.19792140300393257 0.7628092684803498 -0.39584280600786287
-0.5937642090117955 -0.12232215415749541 -0.47144205485429935 -0.64048711432285366
-0.83840851732678667 0.32024355716142688 -0.24464430831499101 -0.36696646247248554
0.24464430831499073 0.96073067148428126 -0.12232215415749567 -0.046722905311059104
-0.39584280600786365 0.1979214030039321 0.4714420548542998 0.76280926848035002
-0.51816496016535862 -0.27352065185036861 -0.76280926848035047 0.27352065185036867
-0.47144205485429969 -0.76280926848034936 -0.39584280600786359 0.19792140300393213
-0.075599248846435874 0.7916856120157274 -0.59376420901179605 0.12232215415749537
0.24464430831498946 0.27352065185036822 0.59376420901179561 -0.71608636316928997
-0.12232215415749606 0.64048711432285454 0.47144205485429902 0.59376420901179539
-0.15119849769287169 0.19792140300393021 0.32024355716142705 0.91400776617322244
-0.15119849769287169 0.12232215415749437 -0.19792140300393249 0.96073067148428104
-0.075599248846435985 -0.76280926848035036 -0.64048711432285332 -0.046722905311059937
-0.15119849769287164 0.51816496016535873 -0.44256571131892308 0.71608636316928997
0.39584280600786448 -0.64048711432285454 -0.64048711432285332 0.15119849769287275
-0.075599248846435874 0.12232215415749448 -0.79168561201572696 -0.59376420901179539
-0.27352065185036883 -0.59376420901179494 -0.24464430831499034 -0.71608636316928997
0.12232215415749481 0.64048711432285454 0.32024355716142638 -0.68721001963391326
-0.24464430831499051 -0.71608636316929042 0.27352065185036856 0.59376420901179539
-0.76280926848035024 -0.27352065185036833 -0.2735206518503685 -0.51816496016535851
0.3669664624724861 0.12232215415749537 -0.51816496016535885 -0.76280926848035002
-0.046722905311059132 0.24464430831499118 -0.1223221541574957 -0.96073067148428248
-0.075599248846436901 0.046722905311059493 -0.76280926848034858 -0.64048711432285454
-0.075599248846436901 0.44256571131892214 0.12232215415749612 -0.88513142263784439
0.39584280600786265 0.79168561201572729 0.24464430831499046 0.39584280600786376
-0.12232215415749438 -0.12232215415749592 0.36696646247248499 0.91400776617322244
-0.64048711432285355 -0.56488786547641889 -0.51816496016535829 0.046722905311058438
-0.12232215415749431 -0.075599248846435874 -0.44256571131892292 0.88513142263784439
0.046722905311059909 -0.79168561201572729 -0.51816496016535829 -0.32024355716142677
-0.64048711432285355 0.15119849769287211 -0.64048711432285477 -0.39584280600786365
0 -0.71608636316928953 -0.12232215415749592 -0.6872100196339137
0 -0.47144205485429869 -0.27352065185036772 -0.83840851732678634
0.24464430831499095 0.5937642090117965 0.56488786547641701 -0.51816496016535818
0 -0.27352065185036767 -0.04672290531105816 -0.96073067148428093
0.19792140300393096 0.76280926848035058 0.56488786547641701 -0.24464430831499029
0.24464430831499079 -0.320243557161426 0.91400776617322266 0.046722905311058993
0 -0.39584280600786365 0.2446443083149909 -0.88513142263784428
-0.12232215415749609 0.79168561201572729 0.56488786547641701 -0.19792140300393213
-0.91400776617322255 -0.075599248846436096 0.04672290531105816 0.39584280600786437
0.24464430831499079 -0.88513142263784461 0 0.39584280600786365
-0.56488786547641889 -0.44256571131892258 0.27352065185036789 -0.64048711432285399
-0.19792140300393116 0.15119849769287219 -0.91400776617322355 -0.32024355716142711
-0.27352065185036795 -0.7916856120157274 -0.32024355716142633 0.44256571131892253
0.79168561201572696 -0.39584280600786398 -0.24464430831499046 -0.39584280600786437
0.12232215415749509 -0.15119849769287219 0.96073067148428237 -0.19792140300393229
0.2446443083149904 0.39584280600786392 0.79168561201572674 -0.3958428060078637
-0.19792140300393202 -0.8851314226378455 0.27352065185036895 0.32024355716142711
-0.27352065185036722 -0.44256571131892242 0.79168561201572629 0.32024355716142799
-0.27352065185036722 -0.76280926848034891 -0.27352065185036883 0.51816496016535907
-0.32024355716142644 -0.36696646247248699 -0.24464430831499068 -0.83840851732678578
0.51816496016535729 -0.046722905311058605 -0.64048711432285421 -0.56488786547641845
0.51816496016535729 0.32024355716142733 0.046722905311059382 -0.79168561201572729
0.36696646247248599 0.39584280600786459 0.71608636316928997 0.44256571131892242
0.51816496016535729 -0.12232215415749573 0.66936345785823193 -0.51816496016535918
-0.44256571131892314 0.36696646247248699 0.71608636316928997 0.39584280600786304
0.36696646247248593 -0.24464430831499001 0.32024355716142811 0.8384085173267859
-0.15119849769287153 0.83840851732678545 -0.075599248846436429 0.51816496016535907
0.32024355716142738 -0.36696646247248699 -0.64048711432285343 0.59376420901179539
0.88513142263784506 -0.12232215415749581 0.44256571131892297 -0.075599248846437345
-0.075599248846436651 0.51816496016535929 0.15119849769287197 -0.8384085173267859
0.39584280600786437 0.76280926848034958 0.19792140300393177 0.47144205485429985
-0.39584280600786398 -0.24464430831499023 0.79168561201572796 0.39584280600786342
0.24464430831498973 0.83840851732678545 -0.32024355716142722 -0.36696646247248649
0.24464430831498973 0.56488786547641734 0.76280926848034958 -0.19792140300393235
-0.27352065185036817 0.273520651850369 0.12232215415749514 0.9140077661732221
-0.24464430831498951 0.56488786547641767 -0.76280926848034925 0.19792140300393238
0.83840851732678612 -0.273520651850369 -0.4714420548542993 0
0.12232215415749521 -0.12232215415749548 -0.36696646247248665 -0.9140077661732221
-0.32024355716142744 -0.91400776617322166 -0.15119849769287297 -0.19792140300393229
-0.27352065185036789 0.27352065185036895 0.12232215415749498 -0.91400776617322221
-0.15119849769287275 -0.19792140300393252 0.32024355716142738 0.9140077661732221
-0.64048711432285488 -0.56488786547641778 -0.51816496016535896 -0.046722905311059271
0.51816496016535885 0.36696646247248693 0.12232215415749503 -0.76280926848034913
-0.51816496016535896 0.83840851732678634 0.15119849769287308 0.075599248846437372
0.27352065185036811 0.24464430831499023 -0.71608636316929142 0.59376420901179605
-0.1511984976928728 -0.075599248846437206 -0.51816496016535885 0.83840851732678578
0.68721001963391359 0.51816496016535973 -0.32024355716142766 -0.39584280600786342
-0.51816496016535896 0.32024355716142694 0.68721001963391326 0.39584280600786431
-0.12232215415749531 0.075599248846436151 0.59376420901179583 0.79168561201572829
0.66936345785823115 0.51816496016535807 -0.51816496016535862 -0.12232215415749526
0.71608636316929042 -0.39584280600786337 0.44256571131892253 0.36696646247248521
0.32024355716142672 -0.83840851732678567 -0.36696646247248554 -0.24464430831499123
-0.96073067148428026 -0.04672290531105916 0.27352065185036822 0
-0.24464430831499101 0.56488786547641778 -0.76280926848034902 -0.19792140300393127
0.046722905311058938 0.91400776617322221 0.32024355716142716 -0.24464430831498951
-0.96073067148428015 -0.24464430831499095 0.046722905311058716 0.12232215415749528
-0.1979214030039318 0.39584280600786337 -0.76280926848034891 -0.47144205485429985
0.046722905311058882 0.12232215415749514 0.96073067148428071 0.24464430831499123
-0.79168561201572707 0.075599248846435624 -0.12232215415749564 0.59376420901179527
0.12232215415749575 0.36696646247248599 -0.76280926848034913 -0.51816496016535873
0.046722905311058827 -0.6404871143228541 0.27352065185036756 0.71608636316929042
-0.59376420901179572 0.47144205485430013 0.64048711432285221 0.12232215415749494
0.44256571131892253 0.075599248846435152 -0.88513142263784406 -0.12232215415749494
0.79168561201572574 -0.39584280600786359 0.39584280600786392 -0.24464430831499173
-0.66936345785823081 -0.51816496016535829 0.51816496016535896 0.12232215415749499
-0.71608636316929064 0.39584280600786359 -0.44256571131892208 -0.3669664624724851
-0.3202435571614265 0.83840851732678545 0.36696646247248582 0.24464430831499162
-0.66936345785823081 -0.64048711432285399 -0.32024355716142655 0.19792140300393152
-0.12232215415749581 0.075599248846436595 -0.44256571131892203 -0.88513142263784461
-0.32024355716142644 0.19792140300393146 0.66936345785823093 0.64048711432285454
-0.64048711432285399 -0.15119849769287375 -0.64048711432285421 0.39584280600786348
-0.59376420901179494 -0.24464430831498962 0.51816496016535896 0.56488786547641667
-0.71608636316928997 0 -0.68721001963391326 -0.12232215415749415
0.76280926848034869 0.19792140300393207 -0.24464430831499112 -0.56488786547641667
0.47144205485430013 0 0.83840851732678534 0.27352065185036784
0.36696646247248543 -0.91400776617322221 0.12232215415749467 0.12232215415749415
0.76280926848034891 0.12232215415749648 0.36696646247248543 -0.51816496016535807
-0.075599248846435707 0.15119849769287214 0.83840851732678534 0.51816496016535918
0.36696646247248543 -0.51816496016535818 -0.76280926848034936 -0.12232215415749653
0.39584280600786398 -0.32024355716142577 0.51816496016535896 -0.68721001963391326
-0.51816496016535873 -0.07559924884643654 0.83840851732678545 0.15119849769287341
0.36696646247248554 0.32024355716142733 -0.59376420901179428 -0.64048711432285454
-0.27352065185036939 0.88513142263784383 0.32024355716142594 0.19792140300393121
-0.12232215415749381 -0.15119849769287372 -0.96073067148428037 -0.19792140300393121
0.76280926848034847 -0.07559924884643715 0.046722905311060325 -0.64048711432285454
-0.12232215415749581 -0.79168561201572552 0.56488786547641823 0.19792140300393118
-0.91400776617322244 0.07559924884643715 0.046722905311058216 -0.39584280600786215
-0.56488786547641645 0.44256571131892286 0.27352065185036767 0.64048711432285454
0.66936345785823104 0.64048711432285399 0.32024355716142594 -0.19792140300393118
0.1223221541574962 -0.07559924884643715 0.44256571131892208 0.88513142263784439
0.32024355716142583 -0.19792140300393118 -0.66936345785823126 -0.64048711432285454
0.64048711432285432 0.15119849769287391 0.64048711432285355 -0.39584280600786359
0.32024355716142577 0.7916856120157274 0.44256571131892081 0.27352065185036778
0.32024355716142577 0.12232215415749614 0.64048711432285454 0.68721001963391193
-0.66936345785823115 -0.51816496016535751 -0.12232215415749627 0.51816496016535951
-0.12232215415749481 0.64048711432285366 -0.32024355716142805 -0.68721001963391193
0.7916856120157274 0.51816496016535751 0.046722905311059382 0.32024355716142638
0.76280926848034802 -0.27352065185036889 0.27352065185036789 -0.51816496016535951
-0.19792140300393202 0.12232215415749631 0.96073067148428126 0.15119849769287164
0.27352065185036833 -0.2446443083149909 -0.7160863631692902 -0.59376420901179383
0.64048711432285332 0.12232215415749434 0.59376420901179516 -0.47144205485430024
-0.32024355716142722 -0.36696646247248593 0.6404871143228541 0.59376420901179383
-0.88513142263784461 -0.12232215415749434 -0.44256571131892242 -0.075599248846436151
-0.39584280600786259 0.76280926848034947 -0.19792140300393102 0.47144205485430024
-0.32024355716142722 -0.51816496016535918 -0.3958428060078627 0.68721001963391193
-0.1511984976928733 -0.51816496016535751 -0.44256571131892242 -0.71608636316929086
0.39584280600786315 0.64048711432285421 -0.64048711432285454 -0.15119849769287164
-0.39584280600786248 0.68721001963391226 0.32024355716142738 0.51816496016535951
-0.075599248846436984 -0.12232215415749631 -0.79168561201572651 0.59376420901179539
0.88513142263784528 -0.27352065185036906 0.19792140300393124 0.32024355716142661
0.7916856120157264 -0.27352065185036745 -0.44256571131892242 -0.32024355716142783
0.39584280600786315 0.79168561201572762 0.39584280600786298 -0.24464430831498984
0.15119849769287338 0.12232215415749448 0.19792140300393124 0.96073067148428182
-0.39584280600786248 0.24464430831498973 0.39584280600786287 0.7916856120157274
0.88513142263784528 -0.19792140300393193 -0.32024355716142777 0.27352065185036717
0.39584280600786326 0 0.88513142263784483 0.24464430831499112
0.44256571131892297 -0.56488786547641767 0.64048711432285521 0.27352065185036845
0.075599248846437039 -0.046722905311059659 0.76280926848034913 0.64048711432285332
0.075599248846437039 -0.44256571131892308 -0.12232215415749545 0.88513142263784361
-0.39584280600786331 -0.79168561201572651 -0.24464430831498973 -0.39584280600786398
0.075599248846437039 0.1511984976928723 -0.83840851732678545 0.51816496016535785
0.59376420901179527 -0.7160863631692902 -0.24464430831498973 -0.27352065185036856
-0.39584280600786331 -0.32024355716142738 -0.5181649601653584 -0.68721001963391282
-0.39584280600786348 -0.68721001963391259 0.32024355716142722 -0.51816496016535785
-0.44256571131892303 0.7160863631692902 0.15119849769287214 -0.5181649601653584
0.32024355716142749 -0.51816496016535829 0.39584280600786337 0.68721001963391293
-0.79168561201572685 -0.59376420901179561 0.075599248846436262 -0.12232215415749492
0.76280926848034891 0.19792140300393038 -0.24464430831499012 0.56488786547641778
0.12232215415749437 -0.91400776617322221 0.27352065185036822 0.273520651850367
0.76280926848034902 0.47144205485429858 -0.19792140300393235 0.39584280600786348
0.27352065185036833 -0.76280926848034991 0.27352065185036822 0.51816496016535729
0.12232215415749437 -0.59376420901179539 -0.79168561201572651 0.075599248846435541
0.76280926848034891 0.5181649601653584 0.12232215415749442 0.36696646247248571
0.96073067148428137 0.12232215415749616 0.24464430831499029 -0.046722905311059437
-0.2446443083149889 -0.56488786547641778 -0.76280926848034913 0.19792140300393121
0.27352065185036795 -0.27352065185036828 -0.12232215415749381 -0.91400776617322199
0.24464430831498923 -0.56488786547641667 0.76280926848034969 -0.19792140300393124
-0.83840851732678612 0.27352065185036828 0.47144205485429819 0
-0.12232215415749483 0.12232215415749625 0.36696646247248538 0.91400776617322199
0.32024355716142716 0.91400776617322144 0.15119849769287186 0.19792140300393121
0.27352065185036906 -0.27352065185036828 -0.12232215415749459 0.91400776617322155
0.15119849769287175 0.19792140300393135 -0.32024355716142727 -0.9140077661732221
0.6404871143228541 0.56488786547641845 0.51816496016535851 0.04672290531105816
0.51816496016535718 0.66936345785823159 -0.51816496016535885 0.12232215415749477
0.51816496016535718 0.79168561201572674 0.32024355716142783 0.046722905311058716
0.12232215415749503 -0.19792140300393074 0.15119849769287191 0.96073067148428115
-0.71608636316928853 -0.39584280600786448 -0.44256571131892236 0.36696646247248627
0.046722905311058327 -0.075599248846437289 -0.64048711432285288 -0.76280926848034991
-0.71608636316928864 0.27352065185036795 -0.64048711432285499 -0.046722905311058716
0.66936345785823248 0.19792140300393074 -0.64048711432285288 -0.32024355716142716
0.046722905311058327 0.2446443083149894 0.12232215415749503 -0.96073067148428115
0.24464430831498962 -0.96073067148428071 -0.12232215415749442 0.046722905311058716
-0.39584280600786437 -0.19792140300393074 0.47144205485429891 -0.76280926848034936
-0.51816496016535851 0.27352065185036806 -0.76280926848035024 -0.27352065185036689
-0.12232215415749415 0.046722905311058882 -0.24464430831498968 0.96073067148428115
-0.075599248846436984 -0.7916856120157274 -0.59376420901179472 -0.1223221541574947
0.83840851732678656 0.24464430831498968 -0.36696646247248632 -0.32024355716142761
-0.15119849769287164 -0.96073067148428049 0.12232215415749598 -0.19792140300393118
-0.15119849769287164 -0.64048711432285366 -0.64048711432285399 -0.39584280600786248
0.32024355716142672 0.19792140300393063 0.2735206518503685 -0.88513142263784461
0.24464430831498946 -0.39584280600786315 0.79168561201572696 0.39584280600786242
-0.96073067148428115 -0.19792140300393063 0.12232215415749453 0.15119849769287283
-0.27352065185036722 0.32024355716142755 -0.19792140300393107 0.88513142263784461
0.24464430831499118 0.88513142263784417 0 -0.39584280600786242
0.56488786547641756 0.19792140300393057 0.12232215415749592 0.79168561201572674
0 -0.39584280600786248 -0.24464430831499129 -0.8851314226378445
0.27352065185036872 0.64048711432285432 0.56488786547641734 -0.44256571131892236
-0.56488786547641734 0.19792140300393074 0.12232215415749581 0.79168561201572685
0.046722905311058882 -0.96073067148428171 0 0.27352065185036689
-0.56488786547641812 -0.24464430831498968 0.19792140300393204 -0.76280926848035002
0 -0.27352065185036678 0.046722905311058827 -0.96073067148428115
-0.91400776617322244 0.046722905311058882 0.24464430831499157 0.32024355716142755
0.046722905311058827 -0.39584280600786381 -0.91400776617322221 -0.075599248846437123
-0.12232215415749592 0.12232215415749513 -0.91400776617322299 -0.36696646247248654
-0.79168561201572651 0.046722905311059604 -0.32024355716142611 -0.51816496016535818
0.44256571131892181 0.71608636316929075 -0.39584280600786365 -0.36696646247248488
-0.79168561201572651 0.12232215415749526 0.19792140300393213 -0.56488786547641667
0.075599248846435652 0.91400776617322177 -0.39584280600786365 -0.046722905311058494
0.44256571131892181 0.56488786547641823 0.64048711432285377 -0.27352065185036728
-0.79168561201572663 -0.27352065185036811 0.44256571131892175 -0.32024355716142633
-0.39584280600786337 0.79168561201572629 -0.3958428060078637 -0.24464430831499073
0.44256571131892175 -0.32024355716142661 0.79168561201572674 0.27352065185036833
-0.88513142263784494 -0.19792140300393207 0.32024355716142638 0.27352065185036839
-0.51816496016535962 -0.66936345785823015 0.51816496016535785 -0.12232215415749563
0.91400776617322177 0.36696646247248477 0.12232215415749487 0.12232215415749563
0.046722905311058716 -0.5181649601653594 0.56488786547641789 0.64048711432285277
0.91400776617322177 0.12232215415749487 0.273520651850367 0.27352065185036767
-0.24464430831499001 -0.5937642090117955 0.56488786547641789 0.51816496016535774
0.046722905311058716 -0.51816496016535962 -0.56488786547641745 0.64048711432285299
0.91400776617322188 -0.07559924884643604 0.04672290531105866 0.39584280600786231
-0.19792140300393096 -0.76280926848034902 0.56488786547641789 0.24464430831499062
0.046722905311058716 0.39584280600786276 -0.91400776617322221 0.075599248846435846
0.91400776617322244 -0.36696646247248538 -0.12232215415749503 -0.12232215415749617
0.12232215415749514 -0.79168561201572629 0.56488786547641778 0.19792140300393185
0.046722905311058771 0.96073067148428071 0 -0.27352065185036833
0.68721001963391348 0.12232215415749481 -0.71608636316928909 0
-0.83840851732678545 -0.27352065185036706 0.47144205485429919 0
-0.51816496016535807 0.56488786547641801 -0.5937642090117955 -0.24464430831498984
-0.83840851732678556 -0.51816496016535774 -0.075599248846435874 0.15119849769287241
-0.24464430831499073 0.27352065185036872 -0.5937642090117955 -0.71608636316928953
-0.51816496016535807 0.68721001963391359 0.39584280600786326 -0.32024355716142633
-0.83840851732678567 -0.15119849769287269 -0.51816496016535785 -0.075599248846435929
-0.7628092684803498 0.39584280600786287 -0.47144205485429957 0.19792140300393257
0.12232215415749567 0.046722905311059104 0.24464430831499073 0.96073067148428126
0.59376420901179605 -0.12232215415749537 -0.075599248846435874 0.7916856120157274
-0.075599248846437372 -0.15119849769287258 0.83840851732678567 -0.51816496016535762
-0.59376420901179561 0.71608636316928997 0.24464430831498946 0.27352065185036822
0.39584280600786292 0.32024355716142772 0.51816496016535829 0.68721001963391304
0.39584280600786392 0.36696646247248438 0.44256571131892269 0.71608636316928986
0.39584280600786392 0.046722905311057272 0.075599248846435763 0.91400776617322133
-0.32024355716142705 -0.91400776617322244 -0.15119849769287169 0.19792140300393021
0.39584280600786392 0.24464430831498979 -0.39584280600786403 0.79168561201572563
0.19792140300393249 -0.96073067148428104 -0.15119849769287169 0.12232215415749437
-0.32024355716142711 -0.27352065185036906 -0.88513142263784406 -0.19792140300393218
0.39584280600786392 0.68721001963391282 -0.32024355716142699 0.51816496016535751
0.44256571131892308 -0.71608636316928997 -0.15119849769287164 0.51816496016535873
-0.32024355716142705 0.51816496016535796 -0.39584280600786381 -0.68721001963391304
0.79168561201572696 0.59376420901179539 -0.075599248846435874 0.12232215415749448
-0.36696646247248654 0.44256571131892253 -0.39584280600786231 -0.71608636316928986
0.76280926848034858 0.64048711432285454 -0.075599248846436901 0.046722905311059493
-0.36696646247248654 0.3202435571614265 0.59376420901179505 -0.64048711432285288
-0.12232215415749612 0.88513142263784439 -0.075599248846436901 0.44256571131892214
0.76280926848034858 0.39584280600786403 0.47144205485429991 0.19792140300393207
0.32024355716142783 -0.24464430831499095 -0.046722905311059881 0.91400776617322099
-0.36696646247248499 -0.91400776617322244 -0.12232215415749438 -0.12232215415749592
-0.66936345785823126 0 -0.71608636316929042 0.19792140300393141
0.32024355716142788 0.19792140300393204 -0.66936345785823093 0.64048711432285299
0.44256571131892292 -0.88513142263784439 -0.12232215415749431 -0.075599248846435874
-0.66936345785823126 0.64048711432285355 -0.32024355716142783 -0.19792140300393191
0.64048711432285477 0.39584280600786365 -0.64048711432285355 0.15119849769287211
-0.56488786547641845 -0.64048711432285288 0.046722905311058105 -0.51816496016535818
-0.56488786547641845 -0.51816496016535696 -0.24464430831499073 -0.59376420901179483
0.12232215415749592 0.6872100196339137 0 -0.71608636316928953
-0.56488786547641845 -0.24464430831498934 -0.19792140300393085 -0.76280926848034869
0.27352065185036772 0.83840851732678634 0 -0.47144205485429869
0.12232215415749592 0.12232215415749667 0.91400776617322177 -0.36696646247248599
-0.56488786547641845 -0.19792140300393124 0.12232215415749575 -0.7916856120157254
-0.91400776617322266 -0.046722905311058993 0.24464430831499079 -0.320243557161426
-0.2446443083149909 0.88513142263784428 0 -0.39584280600786365
-0.56488786547641701 0.19792140300393213 -0.12232215415749609 0.79168561201572729
-0.04672290531105816 -0.39584280600786437 -0.91400776617322255 -0.075599248846436096
0.12232215415749581 -0.79168561201572674 -0.56488786547641689 0.19792140300393199
-0.27352065185036789 0.64048711432285399 -0.56488786547641889 -0.44256571131892258
0.32024355716142633 -0.44256571131892253 -0.27352065185036795 -0.7916856120157274
-0.27352065185036895 -0.32024355716142711 -0.19792140300393202 -0.8851314226378455
-0.19792140300393019 -0.66936345785823148 0.32024355716142622 0.64048711432285388
-0.79168561201572629 -0.32024355716142799 -0.27352065185036722 -0.44256571131892242
-0.19792140300393019 -0.39584280600786259 -0.76280926848034947 0.47144205485429919
0.27352065185036883 -0.51816496016535907 -0.27352065185036722 -0.76280926848034891
-0.79168561201572629 -0.075599248846437317 -0.12232215415749598 -0.59376420901179505
0.12232215415749369 -0.51816496016535785 -0.66936345785823159 -0.51816496016535862
0.12232215415749369 0.12232215415749637 -0.36696646247248565 -0.91400776617322155
0.64048711432285421 0.56488786547641845 0.51816496016535729 -0.046722905311058605
0.12232215415749371 0.075599248846436984 0.44256571131892269 -0.88513142263784383
-0.046722905311059382 0.79168561201572729 0.51816496016535729 0.32024355716142733
0.6404871143228541 -0.15119849769287153 0.64048711432285421 0.39584280600786287
0.12232215415749369 -0.59376420901179494 0.64048711432285388 -0.4714420548542993
-0.66936345785823193 0.51816496016535918 0.51816496016535729 -0.12232215415749573
0.6404871143228541 -0.47144205485429957 -0.12232215415749396 0.59376420901179505
-0.32024355716142811 -0.8384085173267859 0.36696646247248593 -0.24464430831499001
0.075599248846436429 -0.51816496016535907 -0.15119849769287153 0.83840851732678545
0.64048711432285343 -0.59376420901179539 0.32024355716142738 -0.36696646247248699
-0.44256571131892297 0.075599248846437345 0.88513142263784506 -0.12232215415749581
-0.32024355716142744 0.36696646247248665 0.64048711432285321 -0.59376420901179516
-0.19792140300393177 -0.47144205485429985 0.39584280600786437 0.76280926848034958
0.27352065185036656 0.44256571131892219 -0.79168561201572674 -0.32024355716142683
0.27352065185036656 0.76280926848034925 0.27352065185036789 -0.51816496016535851
0.32024355716142722 0.36696646247248649 0.24464430831498973 0.83840851732678545
0.27352065185036656 0 0.96073067148428082 -0.046722905311059215
-0.76280926848034958 0.19792140300393235 0.24464430831498973 0.56488786547641734
0.32024355716142722 0.24464430831499123 -0.046722905311058271 0.91400776617322177
0.075599248846437483 0.91400776617322133 -0.39584280600786315 0.046722905311059215
0.76280926848034925 -0.19792140300393238 -0.24464430831498951 0.56488786547641767
-0.39584280600786365 0.046722905311059271 -0.075599248846437289 -0.91400776617322177
0.36696646247248665 0.9140077661732221 0.12232215415749521 -0.12232215415749548
-0.12232215415749503 0.76280926848034913 0.51816496016535885 0.36696646247248693
0.32024355716142766 0.39584280600786342 0.68721001963391359 0.51816496016535973
0.6404871143228531 0.47144205485429935 -0.12232215415749539 -0.5937642090117945
0.51816496016535862 0.12232215415749526 0.66936345785823115 0.51816496016535807
-0.12232215415749567 -0.59376420901179461 -0.64048711432285332 -0.47144205485429974
0.36696646247248554 0.24464430831499123 0.32024355716142672 -0.83840851732678567
-0.79168561201572574 0.12232215415749448 0.19792140300393163 0.56488786547641723
-0.27352065185036822 0 -0.96073067148428026 -0.04672290531105916
0.1979214030039318 0.56488786547641734 0.79168561201572629 -0.12232215415749437
-0.32024355716142716 0.24464430831498951 0.046722905311058938 0.91400776617322221
-0.046722905311058716 -0.12232215415749528 -0.96073067148428015 -0.24464430831499095
0.1979214030039318 -0.39584280600786337 0.76280926848034847 0.47144205485429974
-0.27352065185036867 0.24464430831499162 0.71608636316928909 0.59376420901179428
-0.64048711432285221 -0.12232215415749494 -0.59376420901179572 0.47144205485430013
0.32024355716142677 0.36696646247248477 -0.64048711432285388 -0.59376420901179428
0.88513142263784406 0.12232215415749494 0.44256571131892253 0.075599248846435152
0.39584280600786181 -0.76280926848034902 0.1979214030039321 -0.47144205485430002
-0.64048711432285321 -0.47144205485429974 0.12232215415749571 0.59376420901179428
-0.51816496016535896 -0.12232215415749499 -0.66936345785823081 -0.51816496016535829
0.12232215415749603 0.59376420901179428 0.64048711432285343 0.47144205485430002
-0.36696646247248582 -0.24464430831499162 -0.3202435571614265 0.83840851732678545
-0.27352065185036778 -0.27352065185036761 0.12232215415749637 0.91400776617322088
-0.51816496016535896 -0.56488786547641667 -0.59376420901179494 -0.24464430831498962
-0.64048711432285255 0.56488786547641801 -0.51816496016535862 0.046722905311060048
0.39584280600786309 0.046722905311059992 0.075599248846435679 -0.91400776617322088
0.24464430831499112 0.56488786547641667 0.76280926848034869 0.19792140300393207
0.075599248846435457 -0.91400776617322133 -0.39584280600786359 -0.046722905311060103
-0.12232215415749467 -0.12232215415749415 0.36696646247248543 -0.91400776617322221
-0.36696646247248543 0.51816496016535807 0.76280926848034891 0.12232215415749648
0.075599248846435624 -0.15119849769287186 -0.8384085173267849 -0.51816496016535896
0.15119849769287086 0.64048711432285388 0.64048711432285288 0.39584280600786315
-0.32024355716142594 -0.19792140300393121 -0.27352065185036939 0.88513142263784383
-0.24464430831498929 0.39584280600786176 -0.79168561201572663 -0.39584280600786309
0.96073067148428037 0.19792140300393121 -0.12232215415749381 -0.15119849769287372
0.2735206518503665 -0.32024355716142766 0.19792140300393227 -0.88513142263784395
-0.24464430831499051 -0.8851314226378435 0 0.39584280600786315
-0.56488786547641823 -0.19792140300393118 -0.12232215415749581 -0.79168561201572552
0 0.39584280600786331 0.24464430831499062 0.88513142263784395
-0.27352065185036767 -0.64048711432285454 -0.56488786547641645 0.44256571131892286
0.64048711432285255 0.32024355716142838 0.66936345785823048 0.19792140300393138
-0.44256571131892081 -0.27352065185036778 0.32024355716142577 0.7916856120157274
0.64048711432285255 -0.32024355716142616 0.3669664624724871 0.5937642090117945
-0.64048711432285454 -0.68721001963391193 0.32024355716142577 0.12232215415749614
-0.44256571131892075 -0.15119849769287158 -0.51816496016535896 0.71608636316929042
-0.24464430831498984 0.71608636316929009 0.27352065185036656 -0.5937642090117945
0.32024355716142805 0.68721001963391193 -0.12232215415749481 0.64048711432285366
-0.046722905311059382 -0.32024355716142638 0.7916856120157274 0.51816496016535751
0.27352065185036617 -0.59376420901179483 0.24464430831499012 -0.71608636316929042
-0.27352065185036789 0.51816496016535951 0.76280926848034802 -0.27352065185036889
-0.96073067148428126 -0.15119849769287164 -0.19792140300393202 0.12232215415749631
-0.15119849769287191 0.075599248846436068 -0.51816496016535907 -0.83840851732678412
0.7160863631692902 0.59376420901179383 0.27352065185036833 -0.2446443083149909
0.32024355716142572 -0.39584280600786387 0.68721001963391215 -0.51816496016535885
-0.075599248846436873 -0.51816496016535862 0.15119849769287308 0.83840851732678434
-0.6404871143228541 -0.59376420901179383 -0.32024355716142722 -0.36696646247248593
0.15119849769287347 0.83840851732678456 0.075599248846437039 0.51816496016535885
0.19792140300393102 -0.47144205485430024 -0.39584280600786259 0.76280926848034947
0.3958428060078627 -0.68721001963391193 -0.32024355716142722 -0.51816496016535918
0.44256571131892242 0.71608636316929086 -0.1511984976928733 -0.51816496016535751
0.64048711432285454 0.15119849769287164 0.39584280600786315 0.64048711432285421
0.15119849769287352 0.51816496016535718 0.44256571131892197 0.71608636316929042
0.79168561201572651 -0.59376420901179539 -0.075599248846436984 -0.12232215415749631
0.44256571131892242 0.32024355716142783 0.7916856120157264 -0.27352065185036745
0.32024355716142777 -0.27352065185036717 0.88513142263784528 -0.19792140300393193
0.36696646247248599 -0.44256571131892286 0.39584280600786292 0.71608636316928875
-0.76280926848034913 -0.64048711432285332 0.075599248846437039 -0.046722905311059659
0.36696646247248593 -0.32024355716142755 -0.59376420901179472 0.64048711432285255
0.12232215415749545 -0.88513142263784361 0.075599248846437039 -0.44256571131892308
-0.76280926848034913 -0.39584280600786353 -0.4714420548542988 -0.19792140300393174
0.36696646247248593 0.51816496016535796 -0.76280926848034869 0.12232215415749453
0.83840851732678545 -0.51816496016535785 0.075599248846437039 0.1511984976928723
-0.76280926848034913 0.12232215415749492 -0.36696646247248593 -0.51816496016535807
0.5181649601653584 0.68721001963391282 -0.39584280600786331 -0.32024355716142738
0.96073067148427993 0.046722905311057994 -0.273520651850368 0
0.24464430831499012 -0.56488786547641778 0.76280926848034891 0.19792140300393038
-0.046722905311059881 -0.91400776617322166 -0.32024355716142672 0.24464430831499007
0.96073067148428004 0.24464430831499029 -0.046722905311059881 -0.12232215415749528
0.79168561201572651 -0.075599248846435541 0.12232215415749437 -0.59376420901179539
-0.27352065185036656 0 -0.96073067148428037 0.046722905311057883
0.76280926848034913 -0.19792140300393121 -0.2446443083149889 -0.56488786547641778
-0.32024355716142716 -0.24464430831499123 0.046722905311059659 -0.9140077661732211
-0.075599248846436817 -0.91400776617322066 0.39584280600786359 -0.046722905311058049
-0.76280926848034969 0.19792140300393124 0.24464430831498923 -0.56488786547641667
0.39584280600786415 -0.046722905311058216 0.075599248846436623 0.9140077661732211
-0.36696646247248538 -0.91400776617322199 -0.12232215415749483 0.12232215415749625
0.68721001963391093 0.64048711432285454 -0.12232215415749498 -0.32024355716142655
0.51816496016535885 -0.12232215415749477 0.51816496016535718 0.66936345785823159
0.68721001963391104 0.32024355716142694 0.64048711432285454 -0.1223221541574947
-0.32024355716142783 -0.046722905311058716 0.51816496016535718 0.79168561201572674
0.51816496016535896 -0.27352065185036667 -0.273520651850368 0.76280926848034891
-0.51816496016535696 0.12232215415749373 -0.66936345785823181 0.51816496016535807
0.44256571131892236 -0.36696646247248627 -0.71608636316928853 -0.39584280600786448
-0.36696646247248699 0.24464430831498951 -0.32024355716142638 -0.83840851732678501
-0.51816496016535707 0.7628092684803488 -0.36696646247248665 0.12232215415749459
0.64048711432285499 0.046722905311058716 -0.71608636316928864 0.27352065185036795
-0.3669664624724871 0.12232215415749464 0.51816496016535751 -0.76280926848034902
-0.12232215415749503 0.96073067148428115 0.046722905311058327 0.2446443083149894
0.12232215415749442 -0.046722905311058716 0.24464430831498962 -0.96073067148428071
-0.47144205485429891 0.76280926848034936 -0.39584280600786437 -0.19792140300393074
0.76280926848035024 0.27352065185036689 -0.51816496016535851 0.27352065185036806
0.39584280600786437 0.19792140300393071 -0.47144205485429869 0.76280926848034891
0.59376420901179472 0.1223221541574947 -0.075599248846436984 -0.7916856120157274
-0.51816496016535674 -0.79168561201572651 -0.3202435571614265 -0.046722905311058827
-0.12232215415749598 0.19792140300393118 -0.15119849769287164 -0.96073067148428049
-0.51816496016535685 -0.15119849769287258 -0.71608636316929042 -0.4425657113189217
0.64048711432285399 0.39584280600786248 -0.15119849769287164 -0.64048711432285366
-0.12232215415749609 -0.075599248846437317 0.59376420901179439 -0.79168561201572607
0.27352065185036667 -0.79168561201572607 0.32024355716142738 0.4425657113189217
-0.79168561201572696 -0.39584280600786242 0.24464430831498946 -0.39584280600786315
0.32024355716142783 0.44256571131892197 -0.27352065185036689 0.79168561201572618
0.19792140300393107 -0.88513142263784461 -0.27352065185036722 0.32024355716142755
-0.12232215415749581 -0.79168561201572685 -0.56488786547641734 0.19792140300393074
-0.24464430831499157 -0.32024355716142755 -0.91400776617322244 0.046722905311058882
-0.88513142263784372 0.44256571131892197 -0.075599248846435485 -0.12232215415749448
0.32024355716142611 0.51816496016535818 -0.79168561201572651 0.046722905311059604
0.39584280600786315 0.64048711432285443 0.15119849769287236 -0.64048711432285277
-0.88513142263784372 0.24464430831498984 0.39584280600786304 0
-0.19792140300393213 0.56488786547641667 -0.79168561201572651 0.12232215415749526
0.39584280600786315 0 0.88513142263784417 -0.24464430831498996
-0.64048711432285377 0.27352065185036728 0.44256571131892181 0.56488786547641823
-0.44256571131892175 0.32024355716142633 -0.79168561201572663 -0.27352065185036811
0.39584280600786315 -0.79168561201572607 0.39584280600786326 0.24464430831499062
-0.68721001963391304 -0.64048711432285221 0.1223221541574952 0.32024355716142683
-0.51816496016535785 0.12232215415749563 -0.51816496016535962 -0.66936345785823015
0.9140077661732211 -0.046722905311059298 0.24464430831498962 -0.32024355716142688
-0.12232215415749487 -0.12232215415749563 0.91400776617322177 0.36696646247248477
0.19792140300393091 -0.71608636316929075 0 0.66936345785823015
0.9140077661732211 -0.32024355716142644 0.19792140300393074 -0.15119849769287336
-0.273520651850367 -0.27352065185036767 0.91400776617322177 0.12232215415749487
0.19792140300393088 -0.1511984976928733 -0.91400776617322155 0.32024355716142633
0.56488786547641745 -0.64048711432285299 0.046722905311058716 -0.51816496016535962
-0.04672290531105866 -0.39584280600786231 0.91400776617322188 -0.07559924884643604
0.19792140300393091 0.76280926848034891 -0.56488786547641734 -0.24464430831499062
0.59376420901179516 0.24464430831498979 -0.51816496016535762 -0.56488786547641701
0.71608636316928909 0 0.68721001963391348 0.12232215415749481
-0.76280926848034858 -0.19792140300393102 0.24464430831499057 0.56488786547641689
-0.47144205485429919 0 -0.83840851732678545 -0.27352065185036706
-0.36696646247248493 0.91400776617322188 -0.12232215415749562 -0.12232215415749481
-0.76280926848034847 -0.12232215415749509 -0.36696646247248488 0.51816496016535851
-0.39584280600786326 0.32024355716142633 -0.51816496016535807 0.68721001963391359
-0.36696646247248604 -0.51816496016535818 0.76280926848034836 -0.12232215415749403
-0.83840851732678567 0.51816496016535762 -0.075599248846437372 -0.15119849769287258
0.76280926848034891 -0.12232215415749442 0.3669664624724861 0.5181649601653584
-0.51816496016535829 -0.68721001963391304 0.39584280600786292 0.32024355716142772
0.79168561201572607 -0.046722905311060631 0.32024355716142683 0.51816496016535762
-0.44256571131892269 -0.71608636316928986 0.39584280600786392 0.36696646247248438
0.79168561201572607 -0.12232215415749631 -0.19792140300393243 0.56488786547641623
-0.075599248846435763 -0.91400776617322133 0.39584280600786392 0.046722905311057272
-0.44256571131892258 -0.56488786547641823 -0.64048711432285277 0.27352065185036711
0.79168561201572607 0.27352065185036756 -0.44256571131892247 0.3202435571614255
0.88513142263784406 0.19792140300393218 -0.32024355716142711 -0.27352065185036906
-0.51816496016535873 0.66936345785823093 0.12232215415749599 -0.51816496016535718
0.39584280600786231 0.71608636316928986 -0.36696646247248654 0.44256571131892253
0.83840851732678501 0.32024355716142799 0.24464430831499029 -0.36696646247248532
-0.51816496016535873 0.075599248846435818 0.83840851732678456 -0.15119849769287158
-0.59376420901179505 0.64048711432285288 -0.36696646247248654 0.3202435571614265
0.83840851732678479 -0.15119849769287191 0.51816496016535907 -0.075599248846435985
-0.47144205485429991 -0.19792140300393207 0.76280926848034858 0.39584280600786403
0.64048711432285399 -0.27352065185036778 -0.44256571131892253 0.56488786547641567
0.046722905311059881 -0.91400776617322099 0.32024355716142783 -0.24464430831499095
-0.44256571131892253 0.56488786547641623 -0.64048711432285421 0.27352065185036795
0.71608636316929042 -0.19792140300393141 -0.66936345785823126 0
0.66936345785823093 -0.64048711432285299 0.32024355716142788 0.19792140300393204
-0.44256571131892253 0.88513142263784406 0.12232215415749452 0.07559924884643604
-0.91400776617322177 -0.36696646247248443 -0.12232215415749592 -0.12232215415749463
-0.046722905311058105 0.51816496016535818 -0.56488786547641845 -0.64048711432285288
-0.91400776617322166 -0.12232215415749381 -0.2735206518503675 -0.27352065185036717
0.24464430831499073 0.59376420901179483 -0.56488786547641845 -0.51816496016535696
-0.046722905311058216 0.51816496016535951 0.56488786547641645 -0.64048711432285377
-0.91400776617322177 0.075599248846437039 -0.046722905311058049 -0.39584280600786181
-0.91400776617322177 0.36696646247248599 0.12232215415749592 0.12232215415749667
0 0.39584280600786365 -0.2446443083149909 0.88513142263784428
0.56488786547641889 0.44256571131892258 -0.27352065185036789 0.64048711432285399
-0.046722905311057494 -0.64048711432285388 -0.27352065185036856 0.71608636316928886
-0.32024355716142622 -0.64048711432285388 -0.19792140300393019 -0.66936345785823148
-0.9607306714842806 0.1223221541574938 -0.24464430831499046 -0.046722905311058632
-0.046722905311057494 0.12232215415749567 -0.96073067148428015 0.24464430831498951
0.76280926848034947 -0.47144205485429919 -0.19792140300393019 -0.39584280600786259
-0.96073067148428071 0.24464430831498979 0.046722905311057716 -0.12232215415749542
0.12232215415749598 0.59376420901179505 -0.79168561201572629 -0.075599248846437317
-0.32024355716142794 -0.12232215415749387 -0.64048711432285355 -0.68721001963391171
0.66936345785823159 0.51816496016535862 0.12232215415749369 -0.51816496016535785
-0.32024355716142783 0.2446443083149919 0.046722905311059409 -0.9140077661732201
0.36696646247248565 0.91400776617322155 0.12232215415749369 0.12232215415749637
0.66936345785823148 0 0.71608636316928931 -0.19792140300393216
-0.32024355716142783 -0.19792140300393096 0.66936345785823126 -0.64048711432285221
-0.64048711432285421 -0.39584280600786287 0.6404871143228541 -0.15119849769287153
-0.64048711432285388 0.4714420548542993 0.12232215415749369 -0.59376420901179494
0.66936345785823148 -0.51816496016535885 -0.51816496016535718 0.12232215415749546
0.15119849769287153 -0.83840851732678545 0.075599248846436429 -0.51816496016535907
-0.39584280600786437 -0.76280926848034958 -0.19792140300393177 -0.47144205485429985
0.19792140300393019 0.6693634578582317 -0.32024355716142688 -0.64048711432285266
0.79168561201572674 0.32024355716142683 0.27352065185036656 0.44256571131892219
0.19792140300393013 0.3958428060078637 0.76280926848034869 -0.47144205485429874
-0.27352065185036789 0.51816496016535851 0.27352065185036656 0.76280926848034925
0.79168561201572674 0.075599248846437095 0.12232215415749509 0.59376420901179405
0.19792140300393019 -0.56488786547641723 0.79168561201572607 0.12232215415749548
-0.96073067148428082 0.046722905311059215 0.27352065185036656 0
0.79168561201572674 0.12232215415749548 -0.1979214030039303 0.56488786547641712
0.046722905311058271 -0.91400776617322177 0.32024355716142722 0.24464430831499123
-0.19792140300393163 -0.56488786547641723 -0.79168561201572574 0.12232215415749448
0.27352065185036822 0 0.96073067148427982 0.046722905311059271
0.15119849769287219 -0.075599248846435013 0.51816496016535818 0.83840851732678434
-0.71608636316928909 -0.59376420901179428 -0.27352065185036867 0.24464430831499162
-0.32024355716142494 0.39584280600786326 -0.68721001963391293 0.51816496016535785
0.075599248846435985 0.51816496016535774 -0.1511984976928735 -0.83840851732678434
0.64048711432285388 0.59376420901179428 0.32024355716142677 0.36696646247248477
-0.15119849769287391 -0.83840851732678456 -0.07559924884643604 -0.51816496016535785
-0.1979214030039321 0.47144205485430002 0.39584280600786181 -0.76280926848034902
0.15119849769287275 -0.19792140300393193 -0.32024355716142522 0.91400776617322077
-0.12232215415749637 -0.91400776617322088 -0.27352065185036778 -0.27352065185036761
-0.32024355716142505 0.91400776617322133 -0.15119849769287258 0.19792140300393213
0.51816496016535862 -0.046722905311060048 -0.64048711432285255 0.56488786547641801
-0.075599248846435679 0.91400776617322088 0.39584280600786309 0.046722905311059992
-0.24464430831499134 -0.56488786547641623 -0.76280926848034847 -0.19792140300393202
0.51816496016535674 0.15119849769287358 0.71608636316928931 0.44256571131892225
-0.64048711432285288 -0.39584280600786315 0.15119849769287086 0.64048711432285388
0.12232215415749625 0.075599248846437095 -0.59376420901179527 0.79168561201572496
-0.27352065185036739 0.79168561201572474 -0.32024355716142755 -0.44256571131892225
0.79168561201572663 0.39584280600786309 -0.24464430831498929 0.39584280600786176
-0.32024355716142811 -0.44256571131892242 0.2735206518503675 -0.79168561201572496
-0.19792140300393227 0.88513142263784395 0.2735206518503665 -0.32024355716142766
0.71608636316928909 -0.27352065185036584 0.64048711432285377 0.046722905311058771
-0.66936345785823048 -0.19792140300393138 0.64048711432285255 0.32024355716142838
-0.046722905311057161 -0.24464430831499029 -0.12232215415749616 0.96073067148427993
0.71608636316928898 -0.6404871143228531 -0.046722905311057272 0.27352065185036822
-0.3669664624724871 -0.5937642090117945 0.64048711432285255 -0.32024355716142616
-0.046722905311057022 0.27352065185036856 -0.71608636316928942 0.64048711432285321
0.51816496016535896 -0.71608636316929042 -0.44256571131892075 -0.15119849769287158
-0.27352065185036656 0.5937642090117945 -0.24464430831498984 0.71608636316929009
0.12232215415749481 -0.64048711432285366 0.32024355716142805 0.68721001963391193
-0.7916856120157274 -0.51816496016535751 -0.046722905311059382 -0.32024355716142638
-0.32024355716142833 -0.6872100196339116 0.12232215415749453 -0.64048711432285299
-0.76280926848034802 0.27352065185036889 -0.27352065185036789 0.51816496016535951
-0.51816496016535729 0.36696646247248554 -0.12232215415749631 -0.76280926848034802
0.51816496016535907 0.83840851732678412 -0.15119849769287191 0.075599248846436068
-0.12232215415749653 -0.76280926848034869 0.5181649601653574 -0.36696646247248565
-0.68721001963391215 0.51816496016535885 0.32024355716142572 -0.39584280600786387
0.32024355716142722 0.51816496016535918 0.3958428060078627 -0.68721001963391193
0.075599248846436984 0.12232215415749631 0.79168561201572651 -0.59376420901179539
0.51816496016535774 -0.66936345785823137 -0.12232215415749532 0.51816496016535674
-0.39584280600786292 -0.71608636316928875 0.36696646247248599 -0.44256571131892286
-0.83840851732678512 -0.32024355716142683 -0.24464430831498957 0.36696646247248554
0.51816496016535762 -0.075599248846436706 -0.83840851732678479 0.15119849769287158
0.59376420901179472 -0.64048711432285255 0.36696646247248593 -0.32024355716142755
-0.83840851732678512 0.15119849769287197 -0.51816496016535785 0.075599248846436817
0.4714420548542988 0.19792140300393174 -0.76280926848034913 -0.39584280600786353
0.7916856120157254 -0.12232215415749537 -0.19792140300393202 -0.56488786547641689
0.32024355716142672 -0.24464430831499007 -0.046722905311059881 -0.91400776617322166
-0.19792140300393099 0.56488786547641623 -0.79168561201572585 -0.12232215415749637
0.96073067148428037 -0.046722905311057883 -0.27352065185036656 0
-0.79168561201572629 -0.12232215415749625 0.19792140300393124 -0.56488786547641623
-0.046722905311059659 0.9140077661732211 -0.32024355716142716 -0.24464430831499123
0.59376420901179339 0.36696646247248699 0.32024355716142738 -0.64048711432285244
0.12232215415749498 0.32024355716142655 0.68721001963391093 0.64048711432285454
0.71608636316929053 -0.51816496016535729 0.15119849769287186 0.44256571131892153
0.59376420901179339 -0.27352065185036761 0.71608636316929031 -0.24464430831498912
-0.64048711432285454 0.1223221541574947 0.68721001963391104 0.32024355716142694
0.71608636316929064 -0.24464430831498929 -0.59376420901179383 0.27352065185036739
0.273520651850368 -0.76280926848034891 0.51816496016535896 -0.27352065185036667
-0.12232215415749455 0.59376420901179316 -0.64048711432285432 0.47144205485429846
0.32024355716142638 0.83840851732678501 -0.36696646247248699 0.24464430831498951
0.36696646247248665 -0.12232215415749459 -0.51816496016535707 0.7628092684803488
-0.64048711432285477 -0.046722905311058716 0.71608636316928831 -0.27352065185036745
-0.24464430831498962 0.96073067148428071 0.12232215415749442 -0.046722905311058716
0.075599248846436984 0.7916856120157274 0.59376420901179472 0.1223221541574947
-0.68721001963391082 -0.32024355716142761 -0.64048711432285343 0.12232215415749487
0.3202435571614265 0.046722905311058827 -0.51816496016535674 -0.79168561201572651
-0.51816496016535918 0.27352065185036717 0.27352065185036822 -0.7628092684803478
-0.68721001963391082 0.39584280600786281 -0.51816496016535862 -0.32024355716142683
0.71608636316929042 0.4425657113189217 -0.51816496016535685 -0.15119849769287258
-0.51816496016535929 -0.32024355716142733 0.68721001963391126 -0.3958428060078627
-0.59376420901179439 0.79168561201572607 -0.12232215415749609 -0.075599248846437317
-0.64048711432285277 0.66936345785823004 0.19792140300393199 0.32024355716142755
0.075599248846435485 0.12232215415749448 -0.88513142263784372 0.44256571131892197
0.19792140300393191 0.32024355716142755 0.64048711432285321 -0.66936345785823015
-0.15119849769287236 0.64048711432285277 0.39584280600786315 0.64048711432285443
-0.39584280600786304 0 -0.88513142263784372 0.24464430831498984
0.19792140300393185 -0.56488786547641656 0.79168561201572607 -0.12232215415749514
-0.59376420901179416 -0.36696646247248443 -0.32024355716142605 0.64048711432285366
-0.1223221541574952 -0.32024355716142683 -0.68721001963391304 -0.64048711432285221
-0.71608636316928886 0.51816496016535896 -0.15119849769287386 -0.44256571131892153
0.56488786547641645 -0.44256571131892131 0.27352065185036673 -0.64048711432285366
-0.24464430831498962 0.32024355716142688 0.9140077661732211 -0.046722905311059298
0.27352065185036684 -0.64048711432285377 -0.56488786547641712 0.44256571131892153
0 -0.66936345785823015 0.19792140300393091 -0.71608636316929075
-0.19792140300393074 0.15119849769287336 0.9140077661732211 -0.32024355716142644
0.27352065185036684 0.27352065185036778 -0.91400776617322121 -0.12232215415749503
0.27352065185036778 0.27352065185036689 -0.1223221541574952 -0.91400776617322088
0.51816496016535762 0.56488786547641701 0.59376420901179516 0.24464430831498979
0.64048711432285232 -0.56488786547641734 0.51816496016535896 -0.046722905311058771
-0.39584280600786248 -0.046722905311058827 -0.075599248846435735 0.91400776617322088
0.12232215415749562 0.12232215415749481 -0.36696646247248493 0.91400776617322188
0.88513142263784284 -0.44256571131892308 0.075599248846435596 0.12232215415749434
-0.32024355716142683 -0.51816496016535762 0.79168561201572607 -0.046722905311060631
-0.39584280600786387 -0.64048711432285366 -0.15119849769287153 0.64048711432285277
0.88513142263784284 -0.24464430831499051 -0.39584280600786381 0
0.64048711432285277 -0.27352065185036711 -0.44256571131892258 -0.56488786547641823
-0.47144205485429924 0.64048711432285277 0.59376420901179461 -0.12232215415749365
-0.12232215415749599 0.51816496016535718 -0.51816496016535873 0.66936345785823093
0.59376420901179472 -0.12232215415749395 0.47144205485429946 -0.64048711432285321
-0.24464430831499029 0.36696646247248532 0.83840851732678501 0.32024355716142799
0.44256571131892253 -0.56488786547641567 0.64048711432285399 -0.27352065185036778
-0.046722905311059548 0.91400776617322066 -0.32024355716142755 0.24464430831499068
-0.91400776617322044 0.046722905311060131 -0.24464430831499046 0.32024355716142727
0.12232215415749592 0.12232215415749463 -0.91400776617322177 -0.36696646247248443
-0.19792140300393082 0.71608636316928986 0 -0.6693634578582307
-0.91400776617322044 0.32024355716142744 -0.19792140300393074 0.15119849769287369
-0.56488786547641645 0.64048711432285377 -0.046722905311058216 0.51816496016535951
0.12232215415749603 -0.36696646247248577 -0.7628092684803488 0.5181649601653564
0.27352065185036856 -0.71608636316928886 -0.046722905311057494 -0.64048711432285388
-0.76280926848034891 0.51816496016535674 -0.12232215415749592 0.36696646247248621
0.24464430831499046 0.046722905311058632 -0.9607306714842806 0.1223221541574938
0.96073067148428015 -0.24464430831498951 -0.046722905311057494 0.12232215415749567
-0.76280926848034902 0.47144205485429913 0.19792140300393016 0.39584280600786281
-0.64048711432285343 0.32024355716142822 -0.36696646247248527 -0.59376420901179283
0.64048711432285355 0.68721001963391171 -0.32024355716142794 -0.12232215415749387
0.44256571131892225 0.15119849769287358 0.51816496016535685 -0.71608636316928997
-0.64048711432285321 0.27352065185036883 0.44256571131892225 -0.56488786547641523
-0.71608636316928931 0.19792140300393216 0.66936345785823148 0
0.046722905311058049 0.64048711432285443 0.27352065185036767 -0.71608636316928809
0.32024355716142688 0.64048711432285266 0.19792140300393019 0.6693634578582317
0.96073067148428037 -0.12232215415749444 0.24464430831498946 0.046722905311058105
0.046722905311058049 -0.12232215415749434 0.96073067148427982 -0.24464430831498934
-0.12232215415749509 -0.59376420901179405 0.79168561201572674 0.075599248846437095
0.51816496016535785 -0.36696646247248427 0.12232215415749614 0.7628092684803478
-0.51816496016535818 -0.83840851732678434 0.15119849769287219 -0.075599248846435013
0.12232215415749648 0.76280926848034836 -0.51816496016535796 0.36696646247248432
0.68721001963391293 -0.51816496016535785 -0.32024355716142494 0.39584280600786326
0.32024355716142522 -0.91400776617322077 0.15119849769287275 -0.19792140300393193
0.12232215415749653 0.91400776617322022 0.27352065185036789 0.27352065185036745
0.68721001963391126 -0.39584280600786137 0.51816496016535818 0.32024355716142722
-0.71608636316928931 -0.44256571131892225 0.51816496016535674 0.15119849769287358
0.51816496016535862 0.32024355716142744 -0.6872100196339116 0.39584280600786126
0.59376420901179527 -0.79168561201572496 0.12232215415749625 0.075599248846437095
0.51816496016535796 -0.76280926848034669 0.36696646247248677 -0.12232215415749526
0.12232215415749616 -0.96073067148427993 -0.046722905311057161 -0.24464430831499029
0.046722905311057272 -0.27352065185036822 0.71608636316928898 -0.6404871143228531
0.36696646247248721 0.59376420901179428 -0.64048711432285232 0.32024355716142561
0.24464430831498984 -0.71608636316929009 -0.27352065185036656 0.5937642090117945
0.27352065185036789 -0.51816496016535951 -0.76280926848034802 0.27352065185036889
0.47144205485429808 -0.64048711432285332 -0.59376420901179428 0.12232215415749412
0.12232215415749532 -0.51816496016535674 0.51816496016535774 -0.66936345785823137
-0.59376420901179428 0.12232215415749448 -0.47144205485429841 0.64048711432285366
0.24464430831498957 -0.36696646247248554 -0.83840851732678512 -0.32024355716142683
0.27352065185036734 -0.046722905311057744 0.64048711432285388 -0.71608636316928787
-0.32024355716142738 0.64048711432285244 0.59376420901179339 0.36696646247248699
0.64048711432285388 -0.71608636316928831 -0.27352065185036767 0.04672290531105755
-0.15119849769287186 -0.44256571131892153 0.71608636316929053 -0.51816496016535729
-0.71608636316929031 0.24464430831498912 0.59376420901179339 -0.27352065185036761
0.64048711432285388 -0.12232215415749459 -0.68721001963391071 -0.32024355716142705
-0.59376420901179339 0.2735206518503665 -0.71608636316928964 0.24464430831498951
-0.27352065185036822 0.7628092684803478 -0.51816496016535918 0.27352065185036717
-0.19792140300393199 -0.32024355716142755 -0.64048711432285277 0.66936345785823004
-0.075599248846435541 -0.1223221541574946 0.8851314226378435 -0.44256571131892158
-0.27352065185036656 0.046722905311059298 -0.64048711432285188 0.71608636316928975
0.32024355716142605 -0.64048711432285366 -0.59376420901179416 -0.36696646247248443
-0.6404871143228521 0.71608636316929009 0.27352065185036689 -0.046722905311059132
0.15119849769287386 0.44256571131892153 -0.71608636316928886 0.51816496016535896
-0.27352065185036673 0.64048711432285366 0.56488786547641645 -0.44256571131892131
0.2446443083149894 -0.32024355716142638 -0.91400776617322088 0.046722905311059132
-0.15119849769287286 0.19792140300393071 0.32024355716142583 -0.91400776617322044
-0.51816496016535896 0.046722905311058771 0.64048711432285232 -0.56488786547641734
0.64048711432285166 -0.66936345785823048 -0.19792140300393229 -0.32024355716142722
0.15119849769287153 -0.64048711432285277 -0.39584280600786387 -0.64048711432285366
-0.56488786547641534 0.44256571131892231 -0.27352065185036717 0.64048711432285343
0 0.6693634578582307 -0.19792140300393082 0.71608636316928986
0.7628092684803488 -0.5181649601653564 0.12232215415749603 -0.36696646247248577
-0.27352065185036811 0.71608636316928853 0.046722905311057605 0.64048711432285366
-0.71608636316928831 0.6404871143228541 0.046722905311059382 -0.27352065185036595
-0.51816496016535685 0.71608636316928997 0.44256571131892225 0.15119849769287358
-0.12232215415749492 0.36696646247248649 0.76280926848034813 -0.51816496016535629
-0.24464430831498946 -0.046722905311058105 0.96073067148428037 -0.12232215415749444
3 207 909 324
3 909 324 728
3 728 207 909
3 324 728 207
3 909 324 1095
3 324 207 1095
3 207 1095 909
3 932 360 829
3 598 360 932
3 932 598 829
3 598 360 829
3 932 360 625
3 829 625 360
3 829 625 932
3 388 1078 788
3 1078 788 721
3 788 388 721
3 388 1078 721
3 33 1078 788
3 388 33 1078
3 388 33 788
3 490 948 668
3 351 490 668
3 351 668 948
3 948 351 490
3 478 948 668
3 490 478 948
3 668 490 478
3 905 146 1104
3 192 146 1104
3 1104 192 905
3 192 146 905
3 932 360 423
3 932 423 625
3 625 360 423
3 598 932 423
3 360 598 423
3 674 317 1107
3 657 317 674
3 1107 674 657
3 1107 657 317
3 355 1140 741
3 1140 741 486
3 355 1140 486
3 741 355 486
3 486 194 973
3 486 194 741
3 973 741 486
3 973 194 741
3 666 486 516
3 516 355 666
3 355 666 486
3 516 355 486
3 486 516 973
3 486 973 666
3 516 666 973
3 926 228 976
3 445 228 926
3 926 445 976
3 445 228 976
3 33 124 1078
3 124 788 1078
3 788 33 124
3 728 33 1078
3 728 33 124
3 1078 124 728
3 502 124 788
3 324 124 502
3 788 324 124
3 788 502 324
3 721 124 788
3 1078 124 721
3 909 324 124
3 728 324 124
3 909 124 728
3 324 124 1095
3 909 1095 124
3 1025 486 973
3 1025 486 516
3 973 516 1025
3 486 194 1025
3 973 194 1025
3 901 351 668
3 712 351 901
3 712 668 901
3 712 351 668
3 668 490 901
3 901 351 490
3 712 351 838
3 901 838 712
3 901 838 351
3 712 733 901
3 712 668 733
3 668 901 733
3 680 490 745
3 680 490 948
3 948 745 490
3 948 680 745
3 721 219 788
3 721 219 907
3 788 721 907
3 788 219 907
3 146 167 1104
3 1104 167 905
3 905 146 167
3 167 435 1104
3 435 146 167
3 146 1104 435
3 527 435 1104
3 527 167 435
3 527 167 1104
3 849 282 337
3 849 282 39
3 282 39 337
3 849 39 337
3 767 447 953
3 767 447 230
3 953 767 230
3 447 230 953
3 336 42 868
3 336 42 891
3 891 868 42
3 891 336 868
3 1082 868 42
3 602 868 1082
3 602 42 1082
3 602 42 868
3 712 351 152
3 351 152 668
3 712 668 152
3 712 152 838
3 838 351 152
3 355 287 1140
3 355 287 744
3 744 355 1140
3 744 287 1140
3 354 167 435
3 146 167 354
3 435 146 354
3 354 435 686
3 686 167 354
3 686 167 435
3 975 354 686
3 975 354 435
3 686 435 975
3 681 151 87
3 681 151 1046
3 1046 151 87
3 681 87 1046
3 681 151 769
3 681 769 87
3 151 87 769
3 192 146 512
3 1104 512 146
3 1104 512 192
3 1180 656 117
3 449 1180 656
3 117 656 449
3 1180 117 449
3 402 380 1146
3 689 402 1146
3 402 380 689
3 1146 380 689
3 176 888 1004
3 1190 176 1004
3 1190 176 888
3 1004 888 1190
3 1004 744 888
3 176 1004 744
3 744 176 888
3 1004 744 287
3 744 287 888
3 888 287 1004
3 1088 1062 418
3 229 1062 1088
3 418 229 1062
3 1088 229 418
3 210 1088 1062
3 1062 210 418
3 210 1088 418
3 138 72 1101
3 138 72 956
3 1101 956 72
3 1101 138 956
3 313 439 944
3 944 439 325
3 325 313 439
3 325 313 944
3 192 439 905
3 905 313 439
3 192 905 313
3 313 192 439
3 1104 192 439
3 905 439 1104
3 905 313 63
3 313 63 439
3 439 905 63
3 263 117 1122
3 263 117 656
3 656 117 1122
3 656 263 1122
3 263 117 376
3 263 1122 376
3 1122 117 376
3 1096 51 749
3 749 214 1096
3 51 749 214
3 1096 51 214
3 51 749 780
3 925 51 780
3 925 51 749
3 780 749 925
3 51 780 1096
3 1096 780 375
3 375 1096 51
3 375 51 780
3 749 1096 780
3 617 1096 780
3 375 780 617
3 1096 375 617
3 749 617 1096
3 749 617 780
3 399 375 1099
3 399 375 780
3 780 375 1099
3 780 399 1099
3 252 834 563
3 252 63 563
3 252 63 834
3 63 563 834
3 905 313 834
3 834 192 905
3 313 192 834
3 905 63 834
3 834 313 63
3 389 147 1079
3 389 147 515
3 515 147 1079
3 515 389 1079
3 389 147 1045
3 1045 147 1079
3 389 1079 1045
3 256 147 794
3 256 605 794
3 256 147 605
3 147 794 605
3 369 78 1177
3 369 78 662
3 1177 369 662
3 1177 662 78
3 369 78 205
3 205 78 1177
3 205 1177 369
3 973 666 824
3 824 486 973
3 666 824 486
3 498 390 935
3 352 498 390
3 390 352 935
3 935 498 352
3 721 219 504
3 788 504 721
3 788 219 504
3 541 71 798
3 541 71 801
3 801 798 541
3 798 71 801
3 863 124 788
3 788 33 863
3 33 124 863
3 788 502 863
3 502 124 863
3 502 907 863
3 788 863 907
3 788 502 907
3 976 679 1046
3 1046 445 679
3 1046 445 976
3 445 679 976
3 1025 513 679
3 194 1025 513
3 679 194 1025
3 513 194 679
3 486 194 1022
3 741 486 1022
3 741 194 1022
3 1025 1022 194
3 1022 486 1025
3 498 390 1058
3 1058 935 390
3 1058 498 935
3 132 390 782
3 297 132 782
3 297 782 390
3 297 132 390
3 132 782 1058
3 1058 782 302
3 302 132 782
3 1058 302 132
3 390 1058 782
3 1058 132 390
3 297 782 675
3 675 132 782
3 675 132 297
3 1059 297 675
3 1059 297 782
3 782 675 1059
3 1001 552 163
3 538 1001 552
3 1001 163 538
3 163 552 538
3 565 1004 744
3 1004 287 565
3 287 744 565
3 565 176 1004
3 744 176 565
3 9 1095 1009
3 324 1095 1009
3 324 9 1095
3 324 9 1009
3 901 291 733
3 557 291 901
3 733 557 291
3 901 733 557
3 712 291 733
3 901 291 712
3 199 186 1129
3 199 186 1086
3 1086 186 1129
3 1086 199 1129
3 158 110 1016
3 158 110 1112
3 158 1112 1016
3 1016 110 1112
3 219 907 555
3 722 555 907
3 219 907 722
3 555 219 722
3 975 248 312
3 528 248 975
3 248 528 312
3 528 312 975
3 302 1017 881
3 671 1017 881
3 671 302 1017
3 881 671 302
3 891 230 677
3 42 891 230
3 230 677 42
3 677 42 891
3 447 230 891
3 447 230 677
3 891 447 677
3 677 446 891
3 152 677 446
3 891 152 677
3 446 891 152
3 677 446 407
3 677 407 891
3 891 446 407
3 21 1082 868
3 21 1082 42
3 868 21 42
3 291 733 667
3 283 733 667
3 291 283 733
3 667 291 283
3 686 167 1027
3 354 167 1027
3 1027 354 686
3 792 415 1027
3 683 415 792
3 1027 792 683
3 1027 683 415
3 415 125 1027
3 125 792 415
3 125 1027 792
3 415 534 1027
3 415 125 534
3 125 1027 534
3 310 656 1180
3 310 117 1180
3 310 117 656
3 242 2 1051
3 242 2 1036
3 1036 242 1051
3 1036 2 1051
3 812 458 1000
3 458 883 1000
3 812 458 883
3 812 1000 883
3 353 665 586
3 532 353 586
3 532 586 665
3 532 353 665
3 353 166 665
3 586 166 665
3 586 166 353
3 166 639 665
3 353 166 639
3 353 665 639
3 639 946 665
3 466 946 665
3 639 466 946
3 665 639 466
3 166 665 946
3 946 166 639
3 194 1022 510
3 463 1022 510
3 463 194 1022
3 463 194 510
3 325 1178 987
3 1178 119 325
3 119 987 1178
3 119 325 987
3 368 1104 435
3 368 146 1104
3 435 368 146
3 368 1104 527
3 435 368 527
3 368 325 439
3 368 325 1104
3 439 325 1104
3 439 368 1104
3 368 325 1178
3 1178 439 325
3 439 368 1178
3 535 262 113
3 535 262 1193
3 262 113 1193
3 1193 535 113
3 586 166 719
3 719 586 665
3 166 719 665
3 136 67 363
3 136 67 1192
3 363 136 1192
3 67 1192 363
3 655 363 982
3 67 363 655
3 655 982 67
3 982 67 363
3 84 1178 987
3 325 84 1178
3 325 84 987
3 48 655 363
3 363 48 982
3 982 655 48
3 1038 32 48
3 467 48 1038
3 32 48 467
3 1038 32 467
3 32 48 920
3 982 32 920
3 920 48 982
3 982 32 48
3 32 920 1038
3 48 1038 920
3 399 375 1196
3 1196 1099 399
3 1196 375 1099
3 1045 128 389
3 128 790 1045
3 128 389 790
3 389 1045 790
3 560 484 833
3 560 484 610
3 833 610 484
3 833 610 560
3 680 490 1026
3 745 680 1026
3 745 490 1026
3 637 745 974
3 1026 637 974
3 974 745 1026
3 1026 637 745
3 2 1051 848
3 185 1051 848
3 185 2 1051
3 848 2 185
3 237 1082 868
3 237 602 1082
3 868 237 602
3 237 21 1082
3 868 21 237
3 416 358 1105
3 416 358 958
3 1105 958 416
3 1105 358 958
3 264 497 904
3 904 497 349
3 349 264 497
3 904 264 349
3 904 497 649
3 264 649 497
3 904 264 649
3 1075 722 861
3 687 1075 722
3 861 687 1075
3 861 722 687
3 306 722 1075
3 1075 306 861
3 306 861 722
3 1075 722 555
3 555 722 687
3 1075 555 687
3 555 306 722
3 1075 306 555
3 1137 158 1016
3 158 110 1137
3 1016 110 1137
3 330 1137 957
3 110 1137 957
3 330 110 1137
3 330 957 110
3 158 552 1016
3 1137 158 552
3 1016 552 1137
3 330 163 552
3 330 163 1137
3 552 163 1137
3 552 330 1137
3 822 311 664
3 489 311 822
3 664 489 311
3 822 489 664
3 773 48 467
3 773 48 578
3 578 467 773
3 578 48 467
3 773 48 1038
3 467 1038 773
3 655 48 773
3 578 48 655
3 578 773 655
3 1038 655 48
3 1038 655 773
3 613 576 855
3 402 613 576
3 855 402 576
3 613 402 855
3 178 855 576
3 613 178 855
3 178 576 613
3 402 380 613
3 1146 613 402
3 1146 613 380
3 883 579 893
3 155 579 883
3 893 155 579
3 883 893 155
3 121 1039 921
3 233 1039 921
3 233 121 1039
3 233 921 121
3 792 415 724
3 415 724 125
3 724 125 792
3 792 683 724
3 683 415 724
3 32 1179 1130
3 1179 1130 467
3 32 1179 467
3 1130 32 467
3 529 1179 1130
3 529 32 1179
3 529 32 1130
3 467 85 1130
3 467 85 773
3 467 1130 773
3 1130 85 773
3 276 40 702
3 276 40 924
3 924 702 40
3 924 276 702
3 306 54 924
3 306 54 722
3 306 924 722
3 722 54 924
3 40 924 851
3 306 924 851
3 306 40 924
3 306 851 40
3 851 40 711
3 711 851 924
3 40 711 924
3 904 497 636
3 649 636 904
3 649 636 497
3 636 497 349
3 904 349 636
3 711 471 851
3 851 40 471
3 40 711 471
3 471 851 573
3 471 573 711
3 711 573 851
3 928 471 573
3 851 573 928
3 928 471 851
3 620 803 930
3 930 803 693
3 693 620 803
3 930 693 620
3 803 320 620
3 320 930 803
3 320 620 930
3 829 594 573
3 829 594 932
3 829 573 932
3 932 594 573
3 594 573 711
3 594 471 573
3 711 594 471
3 1163 1037 275
3 12 1163 1037
3 1037 12 275
3 12 1163 275
3 315 1037 1163
3 1163 315 275
3 315 275 1037
3 275 39 282
3 275 39 707
3 707 282 39
3 707 275 282
3 275 39 1037
3 282 275 1037
3 282 39 1037
3 683 495 793
3 415 683 495
3 793 683 415
3 495 415 793
3 989 38 478
3 38 1161 478
3 1161 478 989
3 989 38 1161
3 836 489 311
3 836 489 586
3 836 311 586
3 586 489 311
3 836 489 533
3 489 311 533
3 533 836 311
3 586 166 836
3 836 353 586
3 353 836 166
3 719 586 836
3 719 166 836
3 344 422 385
3 422 385 848
3 848 344 422
3 385 344 848
3 422 385 480
3 344 480 422
3 385 344 480
3 422 385 867
3 480 422 867
3 385 867 480
3 848 422 867
3 848 385 867
3 1051 848 422
3 848 2 422
3 2 1051 422
3 609 292 483
3 609 292 650
3 609 483 650
3 650 483 292
3 733 190 291
3 190 291 712
3 733 190 712
3 190 667 733
3 190 291 667
3 759 116 828
3 759 116 760
3 828 760 759
3 760 116 828
3 139 84 777
3 139 84 1178
3 777 139 1178
3 777 84 1178
3 139 84 1072
3 1072 84 777
3 1072 777 139
3 399 1099 990
3 1099 990 595
3 990 399 595
3 399 1099 595
3 642 205 918
3 642 205 369
3 205 918 369
3 642 369 918
3 620 589 803
3 320 620 589
3 803 320 589
3 749 705 1096
3 256 749 705
3 749 256 1096
3 705 1096 256
3 214 705 749
3 214 1096 705
3 635 252 834
3 635 765 834
3 252 834 765
3 635 252 765
3 635 563 834
3 252 563 635
3 732 256 749
3 732 256 794
3 794 749 256
3 794 749 732
3 732 256 925
3 749 256 925
3 749 732 925
3 147 732 256
3 925 147 732
3 256 925 147
3 147 794 732
3 1045 147 732
3 794 732 1045
3 1045 147 794
3 732 389 1045
3 389 147 732
3 1045 128 732
3 128 389 732
3 732 515 147
3 515 732 389
3 423 960 477
3 960 477 633
3 633 477 423
3 633 423 960
3 11 1089 1036
3 1089 1036 242
3 1036 11 242
3 11 1089 242
3 86 1089 1036
3 86 11 1089
3 1036 11 86
3 121 11 1089
3 121 11 1039
3 1039 11 1089
3 1039 121 1089
3 37 926 228
3 228 976 37
3 976 37 926
3 243 37 926
3 243 37 921
3 926 921 37
3 926 243 921
3 1039 921 37
3 1039 37 121
3 37 921 121
3 461 656 570
3 1122 461 570
3 1122 461 656
3 656 570 1122
3 570 310 461
3 570 310 564
3 461 310 564
3 564 461 570
3 570 310 656
3 461 310 656
3 458 69 812
3 458 69 953
3 812 458 953
3 69 953 812
3 458 69 1000
3 1000 69 812
3 338 1177 988
3 1177 988 274
3 274 988 338
3 1177 274 338
3 78 1177 988
3 338 78 1177
3 988 78 338
3 1128 178 576
3 1128 178 855
3 855 576 1128
3 416 557 1105
3 890 416 557
3 557 890 1105
3 416 1105 890
3 332 25 955
3 332 25 1121
3 1121 332 955
3 1121 955 25
3 1199 955 25
3 429 955 1199
3 429 25 955
3 1199 25 429
3 177 1199 955
3 25 955 177
3 1199 25 177
3 721 127 562
3 504 127 562
3 504 127 721
3 562 504 721
3 127 388 562
3 562 388 721
3 721 127 388
3 504 127 517
3 562 517 127
3 562 517 504
3 127 562 935
3 935 562 297
3 297 127 562
3 935 297 127
3 388 935 562
3 935 127 388
3 390 935 562
3 297 562 390
3 935 297 390
3 390 388 935
3 390 388 562
3 845 674 1007
3 1007 523 845
3 1007 523 674
3 523 845 674
3 538 159 1001
3 538 159 571
3 1001 159 571
3 538 1001 571
3 80 1140 741
3 355 80 1140
3 355 80 741
3 335 41 912
3 335 41 195
3 912 195 335
3 195 41 912
3 335 41 1143
3 912 41 1143
3 912 335 1143
3 1025 513 289
3 679 513 289
3 1025 289 679
3 413 616 735
3 413 93 735
3 413 93 616
3 93 735 616
3 393 1058 782
3 302 782 393
3 1058 302 393
3 393 390 1058
3 393 390 782
3 393 298 798
3 393 298 1058
3 393 1058 798
3 798 298 1058
3 678 390 1058
3 498 390 678
3 1058 498 678
3 1058 132 678
3 132 390 678
3 498 352 678
3 390 352 678
3 616 203 970
3 616 203 187
3 616 187 970
3 203 187 970
3 330 163 1191
3 1191 330 552
3 1191 552 163
3 545 316 1188
3 545 316 1035
3 1188 1035 316
3 1188 1035 545
3 276 40 1188
3 702 276 1188
3 702 40 1188
3 478 60 989
3 60 38 478
3 60 38 989
3 332 25 569
3 569 332 955
3 569 25 955
3 504 127 704
3 721 704 504
3 721 127 704
3 517 504 704
3 517 127 704
3 109 861 349
3 497 349 861
3 109 861 497
3 349 109 497
3 861 349 1075
3 861 109 1075
3 1075 349 109
3 158 1112 1059
3 57 1112 1059
3 158 57 1112
3 1059 158 57
3 518 132 675
3 782 518 132
3 782 675 518
3 765 481 963
3 101 481 963
3 765 101 481
3 963 765 101
3 252 963 481
3 252 963 765
3 481 252 765
3 351 152 682
3 682 152 677
3 682 677 351
3 677 351 152
3 677 446 737
3 446 407 737
3 737 677 407
3 446 152 737
3 152 737 677
3 446 838 737
3 446 152 838
3 152 737 838
3 716 510 1022
3 510 194 716
3 194 1022 716
3 822 716 761
3 761 513 716
3 761 513 822
3 513 716 822
3 873 737 838
3 395 873 737
3 838 395 873
3 838 395 737
3 446 737 873
3 873 446 838
3 395 153 569
3 395 153 873
3 395 873 569
3 569 153 873
3 939 125 792
3 1027 792 939
3 939 125 1027
3 765 125 939
3 792 765 939
3 765 125 792
3 765 125 481
3 765 481 939
3 939 125 481
3 939 635 765
3 635 765 792
3 939 635 792
3 765 939 834
3 167 939 834
3 765 167 939
3 765 834 167
3 635 834 939
3 686 167 939
3 167 939 435
3 686 435 939
3 939 167 1027
3 939 686 1027
3 905 834 939
3 834 167 905
3 167 939 905
3 905 635 834
3 939 905 635
3 865 686 975
3 975 312 865
3 312 865 686
3 975 312 686
3 865 354 975
3 310 865 354
3 975 354 310
3 865 310 975
3 865 354 686
3 865 248 312
3 975 248 865
3 248 564 312
3 564 312 865
3 865 248 564
3 570 310 865
3 564 310 865
3 865 570 564
3 310 865 656
3 656 865 570
3 458 1166 1111
3 1166 1111 155
3 155 1111 458
3 1166 155 458
3 456 1166 1111
3 1111 456 458
3 458 456 1166
3 458 69 1166
3 953 458 1166
3 953 69 1166
3 458 1166 1000
3 1000 69 1166
3 691 184 644
3 691 184 696
3 184 696 644
3 691 696 644
3 350 292 609
3 609 350 483
3 350 292 483
3 946 665 526
3 466 946 526
3 665 466 526
3 526 166 665
3 526 166 946
3 766 258 507
3 766 258 229
3 258 229 507
3 507 766 229
3 648 258 681
3 648 769 681
3 648 258 769
3 258 681 769
3 258 681 507
3 648 507 681
3 258 507 648
3 681 151 648
3 648 151 769
3 1046 648 681
3 648 151 1046
3 656 28 310
3 28 1180 656
3 28 310 1180
3 28 310 461
3 656 28 461
3 449 28 1180
3 656 449 28
3 382 325 1178
3 119 325 382
3 1178 119 382
3 1178 368 382
3 368 325 382
3 368 777 382
3 1178 368 777
3 777 382 1178
3 368 1104 382
3 382 325 1104
3 1031 917 382
3 119 1031 917
3 119 1031 382
3 917 119 382
3 578 267 1195
3 267 655 1195
3 578 267 655
3 578 1195 655
3 267 24 578
3 267 24 1193
3 24 1193 578
3 578 267 1193
3 267 24 1195
3 1195 24 578
3 535 262 1126
3 535 113 1126
3 1126 262 113
3 719 443 791
3 443 836 791
3 719 443 836
3 719 791 836
3 850 700 214
3 84 700 850
3 214 84 700
3 214 850 84
3 51 850 700
3 51 850 214
3 700 51 214
3 139 84 700
3 700 139 1072
3 1072 84 700
3 84 1178 700
3 700 139 1178
3 920 273 982
3 273 850 982
3 920 273 850
3 982 850 920
3 273 32 982
3 273 32 987
3 987 32 982
3 273 987 982
3 273 32 920
3 273 32 1179
3 987 273 1179
3 987 32 1179
3 32 1179 920
3 920 273 1179
3 1178 987 273
3 1178 273 119
3 273 119 987
3 987 84 273
3 84 1178 273
3 780 213 925
3 213 1099 925
3 780 925 1099
3 780 213 1099
3 213 51 925
3 213 51 920
3 925 920 213
3 925 51 920
3 213 51 780
3 213 51 850
3 850 51 920
3 850 213 920
3 51 850 780
3 780 850 213
3 1038 920 213
3 213 32 920
3 213 1038 32
3 970 616 869
3 869 203 970
3 616 203 869
3 869 413 616
3 869 413 970
3 413 616 970
3 616 869 735
3 216 869 735
3 616 216 869
3 616 216 735
3 413 735 869
3 593 476 895
3 593 849 895
3 593 476 849
3 476 895 849
3 449 50 660
3 449 50 1180
3 660 50 1180
3 660 449 1180
3 660 72 512
3 512 270 660
3 72 512 270
3 660 72 270
3 512 660 1101
3 1101 660 50
3 512 50 660
3 512 50 1101
3 72 512 1101
3 72 1101 660
3 676 978 752
3 106 978 752
3 676 106 978
3 752 676 106
3 978 752 58
3 978 58 676
3 58 752 676
3 855 46 613
3 855 46 178
3 46 613 178
3 327 719 833
3 327 484 719
3 833 327 484
3 484 833 719
3 833 719 166
3 327 166 719
3 327 833 166
3 791 327 719
3 719 484 791
3 791 327 484
3 443 327 719
3 443 327 480
3 719 443 480
3 719 480 327
3 443 327 791
3 242 2 706
3 2 1051 706
3 706 242 1051
3 242 2 549
3 242 1036 549
3 549 2 1036
3 706 242 549
3 549 2 706
3 848 448 592
3 448 867 592
3 867 592 848
3 848 448 867
3 185 697 547
3 592 547 697
3 547 185 592
3 185 697 592
3 888 161 744
3 888 161 176
3 161 744 176
3 671 315 1034
3 671 315 1037
3 1037 1034 315
3 1037 1034 671
3 671 315 1017
3 1017 671 1034
3 1017 315 1034
3 1001 552 1034
3 552 163 1034
3 1034 163 1001
3 552 1034 1016
3 315 1034 1016
3 552 1016 315
3 552 315 1034
3 158 1016 1034
3 1034 158 552
3 1034 1016 894
3 894 158 1016
3 1034 894 158
3 1016 315 894
3 315 1034 894
3 671 315 590
3 1017 590 671
3 590 315 1017
3 590 1037 671
3 590 315 1037
3 590 282 671
3 590 282 1037
3 282 671 1037
3 590 337 671
3 590 337 776
3 590 776 671
3 776 337 671
3 282 337 590
3 282 671 337
3 590 337 929
3 776 590 929
3 776 337 929
3 929 282 337
3 590 282 929
3 370 1156 894
3 1163 370 894
3 1156 894 1163
3 1163 370 1156
3 464 248 564
3 464 762 564
3 464 248 762
3 248 564 762
3 248 312 464
3 464 312 564
3 1023 416 1105
3 1023 416 557
3 1105 557 1023
3 416 358 1023
3 1105 358 1023
3 901 291 1023
3 557 291 1023
3 901 557 1023
3 1023 712 901
3 1023 291 712
3 1023 745 901
3 358 1023 745
3 901 358 1023
3 745 358 901
3 1023 745 490
3 1023 490 901
3 901 745 490
3 112 95 879
3 112 95 1129
3 1129 879 112
3 1129 95 879
3 112 95 808
3 808 95 879
3 808 112 879
3 1063 808 95
3 62 808 1063
3 95 62 808
3 95 1063 62
3 226 1063 808
3 95 808 226
3 1063 95 226
3 173 226 1086
3 173 95 1086
3 95 1086 226
3 173 95 226
3 1190 884 169
3 673 1190 884
3 169 884 673
3 1190 169 673
3 346 884 1190
3 346 169 884
3 346 1190 169
3 126 349 861
3 861 126 1075
3 126 1075 349
3 497 126 349
3 861 497 126
3 164 126 851
3 164 126 349
3 126 851 349
3 349 851 164
3 861 126 306
3 126 1075 306
3 164 126 928
3 851 164 928
3 851 126 928
3 924 851 126
3 924 126 306
3 126 851 306
3 711 126 851
3 924 711 126
3 23 995 815
3 1198 23 815
3 995 815 1198
3 1198 23 995
3 1035 815 995
3 316 1035 815
3 995 815 316
3 995 316 1035
3 1035 23 995
3 23 815 1035
3 357 664 822
3 822 311 357
3 357 311 664
3 761 357 822
3 822 664 761
3 761 357 664
3 716 357 761
3 716 357 510
3 716 510 761
3 761 357 510
3 716 357 822
3 600 915 690
3 600 547 690
3 547 690 915
3 600 547 915
3 690 526 600
3 690 526 532
3 600 532 690
3 532 526 600
3 690 526 915
3 600 526 915
3 665 526 690
3 532 690 665
3 532 526 665
3 690 915 665
3 915 665 526
3 467 85 474
3 474 85 1130
3 474 467 1130
3 1021 27 1103
3 27 309 1103
3 1021 27 309
3 1103 309 1021
3 269 27 1021
3 269 27 1195
3 269 1195 1021
3 1195 27 1021
3 1103 269 1021
3 269 27 1103
3 618 595 1197
3 618 595 634
3 1197 634 618
3 1197 595 634
3 618 595 758
3 1197 595 758
3 758 618 1197
3 806 634 618
3 806 634 827
3 806 618 827
3 827 634 618
3 618 595 990
3 595 990 758
3 990 618 758
3 634 595 990
3 634 618 990
3 269 659 1021
3 1021 659 1103
3 1103 269 659
3 136 67 1138
3 1138 67 363
3 363 136 1138
3 990 103 1091
3 103 634 1091
3 1091 634 990
3 990 103 634
3 86 115 1089
3 893 86 1089
3 1089 115 893
3 893 86 115
3 115 1036 1089
3 1036 86 115
3 242 115 1036
3 1089 115 242
3 115 883 579
3 579 115 893
3 893 883 115
3 21 14 1082
3 21 14 810
3 21 1082 810
3 810 14 1082
3 468 1039 893
3 893 233 468
3 893 233 1039
3 468 233 1039
3 1089 468 893
3 1039 893 1089
3 1089 468 1039
3 893 233 579
3 579 468 893
3 579 233 468
3 468 86 1089
3 468 86 916
3 1089 916 86
3 1089 468 916
3 468 86 893
3 683 495 536
3 683 536 793
3 495 793 536
3 397 233 893
3 1039 397 233
3 1039 397 893
3 893 397 579
3 397 233 579
3 439 286 313
3 192 439 286
3 313 192 286
3 286 313 944
3 286 944 439
3 841 500 994
3 994 611 841
3 500 994 611
3 841 500 611
3 313 63 605
3 605 63 1076
3 605 313 1076
3 313 63 1076
3 1076 286 944
3 944 313 1076
3 1076 286 313
3 1076 515 147
3 1076 515 605
3 1076 147 605
3 605 515 147
3 306 54 854
3 854 54 924
3 854 306 924
3 854 100 933
3 933 276 854
3 100 933 276
3 854 100 276
3 854 704 933
3 54 854 704
3 704 933 54
3 854 54 933
3 100 704 854
3 100 933 704
3 854 704 504
3 54 854 504
3 704 54 504
3 504 100 704
3 854 504 100
3 164 126 491
3 164 928 491
3 491 126 928
3 491 126 349
3 349 164 491
3 1075 349 491
3 491 126 1075
3 164 636 491
3 349 491 636
3 349 164 636
3 885 304 786
3 786 462 885
3 885 304 462
3 304 786 462
3 304 942 885
3 786 885 942
3 304 786 942
3 543 930 803
3 543 320 930
3 543 320 803
3 803 543 693
3 543 930 693
3 751 877 919
3 919 877 620
3 751 620 877
3 751 919 620
3 877 281 751
3 281 919 877
3 281 751 919
3 711 573 832
3 851 832 711
3 832 851 573
3 594 573 832
3 711 594 832
3 113 13 1154
3 1154 82 113
3 113 13 82
3 13 1154 82
3 381 119 987
3 381 119 1031
3 987 1031 381
3 119 1031 987
3 1101 138 1003
3 138 434 1003
3 1003 434 1101
3 1101 138 434
3 1003 72 1101
3 138 72 1003
3 1101 512 1003
3 1003 72 512
3 192 146 1003
3 192 1003 905
3 1003 146 905
3 512 192 1003
3 512 146 1003
3 469 338 1177
3 469 338 701
3 701 469 1177
3 338 1177 701
3 534 53 938
3 793 534 938
3 534 53 793
3 938 53 793
3 534 53 707
3 938 707 534
3 938 53 707
3 938 415 534
3 415 534 793
3 938 415 793
3 464 312 938
3 938 248 312
3 464 938 248
3 534 938 1027
3 1027 938 312
3 534 312 938
3 534 1027 312
3 415 1027 938
3 686 1027 938
3 686 415 1027
3 938 415 686
3 312 938 686
3 1027 312 686
3 534 53 853
3 707 53 853
3 707 534 853
3 793 853 534
3 53 853 793
3 482 275 853
3 853 12 482
3 853 12 275
3 12 482 275
3 603 201 779
3 603 201 673
3 779 603 673
3 201 779 673
3 603 201 482
3 779 603 482
3 482 201 779
3 447 294 953
3 294 953 767
3 294 767 447
3 447 682 953
3 447 294 682
3 294 953 682
3 1166 294 767
3 953 767 1166
3 1166 294 953
3 456 294 767
3 456 294 561
3 767 561 294
3 767 456 561
3 456 294 1166
3 767 456 1166
3 21 14 1052
3 1052 21 1082
3 1052 14 1082
3 387 1161 779
3 1161 779 201
3 1161 201 387
3 201 779 387
3 387 1052 1174
3 1174 1052 14
3 387 14 1052
3 387 14 1174
3 200 1146 1084
3 402 1146 1084
3 402 200 1084
3 402 200 1146
3 1146 1084 83
3 1146 83 200
3 83 1084 200
3 1118 344 422
3 480 422 1118
3 1118 344 480
3 443 327 1118
3 480 443 1118
3 480 327 1118
3 443 1118 791
3 791 327 1118
3 1118 706 533
3 443 1118 706
3 443 1118 533
3 706 443 533
3 2 706 1118
3 533 2 706
3 1118 533 2
3 232 848 1051
3 422 232 848
3 1051 422 232
3 848 185 232
3 185 232 1051
3 592 232 848
3 848 185 592
3 185 232 592
3 448 232 848
3 448 232 880
3 232 880 848
3 848 880 448
3 448 232 592
3 448 232 816
3 816 232 880
3 816 448 880
3 448 816 592
3 816 232 592
3 734 284 748
3 255 748 284
3 255 748 734
3 284 255 734
3 748 284 384
3 284 734 384
3 734 384 748
3 284 384 472
3 384 187 284
3 187 472 384
3 187 284 472
3 184 644 1116
3 1116 644 215
3 215 184 644
3 215 184 1116
3 184 231 644
3 231 1116 644
3 1116 184 231
3 996 59 247
3 247 71 996
3 59 247 71
3 996 59 71
3 524 617 1108
3 524 375 1108
3 375 1108 617
3 524 375 617
3 751 44 877
3 44 877 281
3 751 44 281
3 595 1184 758
3 1197 595 1184
3 1184 758 1197
3 106 1196 1184
3 399 1196 1184
3 399 106 1196
3 399 106 1184
3 1196 1184 81
3 81 1184 106
3 1196 81 106
3 81 46 1197
3 81 46 1184
3 1184 81 1197
3 1184 46 1197
3 841 365 500
3 841 365 342
3 365 342 500
3 841 342 500
3 841 365 994
3 994 365 500
3 841 365 633
3 633 365 342
3 841 342 633
3 994 633 365
3 841 633 994
3 786 584 885
3 786 584 715
3 786 715 885
3 715 584 885
3 462 885 584
3 462 584 786
3 642 205 651
3 651 642 918
3 651 205 918
3 620 209 803
3 620 209 877
3 620 877 803
3 803 209 877
3 620 209 589
3 803 209 589
3 749 705 947
3 947 214 705
3 947 749 214
3 947 749 256
3 705 256 947
3 605 63 947
3 947 313 63
3 605 313 947
3 63 947 252
3 947 252 705
3 705 63 947
3 252 63 705
3 947 252 563
3 63 563 947
3 947 252 963
3 947 563 963
3 252 963 563
3 705 252 963
3 963 947 705
3 635 563 837
3 635 837 834
3 834 837 563
3 792 724 837
3 635 837 724
3 635 837 792
3 724 635 792
3 355 1077 516
3 1077 516 900
3 900 355 1077
3 516 355 900
3 1077 516 666
3 355 666 1077
3 355 287 1077
3 355 1140 1077
3 1140 287 1077
3 1077 516 148
3 516 148 666
3 666 1077 148
3 900 516 148
3 1077 148 900
3 1046 148 976
3 976 87 148
3 87 148 1046
3 976 87 1046
3 679 148 976
3 516 148 679
3 976 679 516
3 976 516 148
3 679 148 1046
3 679 148 1025
3 516 148 1025
3 679 516 1025
3 1046 1025 679
3 1025 1046 148
3 960 477 102
3 102 477 423
3 960 102 423
3 625 102 932
3 102 932 423
3 625 102 423
3 102 928 625
3 164 928 625
3 164 625 102
3 164 102 928
3 102 932 928
3 928 625 932
3 573 102 928
3 573 102 932
3 573 928 932
3 471 102 928
3 471 102 477
3 928 477 102
3 928 471 477
3 471 102 573
3 1115 342 693
3 342 477 693
3 1115 342 477
3 693 477 1115
3 471 102 1115
3 573 102 1115
3 471 1115 573
3 477 102 1115
3 477 471 1115
3 1115 702 40
3 471 1115 702
3 1115 40 471
3 40 702 471
3 543 702 1115
3 543 40 702
3 543 40 1115
3 1044 242 1119
3 1119 11 1044
3 1119 11 242
3 11 1044 242
3 242 1119 549
3 1044 549 1119
3 242 549 1044
3 706 242 1119
3 1119 549 706
3 121 11 927
3 11 1089 927
3 927 121 1089
3 763 445 927
3 763 445 228
3 763 228 927
3 927 445 228
3 289 763 445
3 927 289 763
3 445 927 289
3 11 927 1119
3 1119 927 763
3 763 11 927
3 1119 763 11
3 11 1044 927
3 1119 927 1044
3 778 11 927
3 778 11 1044
3 778 927 1044
3 121 11 778
3 121 1039 778
3 778 1039 11
3 927 121 778
3 121 228 778
3 778 228 927
3 927 121 228
3 1160 121 228
3 228 37 1160
3 228 37 121
3 37 1160 121
3 228 1160 778
3 386 1160 778
3 386 228 1160
3 386 228 778
3 121 778 1160
3 926 228 1160
3 37 1160 926
3 1160 778 596
3 596 121 778
3 1160 596 121
3 778 386 596
3 386 1160 596
3 1160 445 228
3 1160 445 926
3 891 230 1152
3 230 42 1152
3 42 1152 891
3 1152 447 230
3 1152 447 891
3 1152 21 230
3 21 230 42
3 1152 21 42
3 230 1152 810
3 419 1152 810
3 419 230 810
3 419 230 1152
3 21 810 1152
3 21 230 810
3 880 69 509
3 612 509 880
3 69 509 612
3 880 69 612
3 69 509 812
3 1000 69 509
3 812 509 1000
3 509 880 812
3 69 812 880
3 232 880 812
3 509 232 880
3 509 812 232
3 1123 355 1077
3 355 287 1123
3 1077 287 1123
3 1123 355 666
3 1077 666 1123
3 1123 744 355
3 1123 744 287
3 1109 264 497
3 1109 264 649
3 649 497 1109
3 1194 300 813
3 300 957 813
3 957 813 1194
3 1194 300 957
3 176 1194 954
3 1194 954 161
3 1194 161 176
3 161 954 176
3 199 186 1071
3 199 1129 1071
3 1129 186 1071
3 326 594 829
3 829 573 326
3 573 326 594
3 326 942 885
3 885 326 304
3 326 304 942
3 566 557 890
3 416 557 566
3 890 416 566
3 567 1020 787
3 1020 787 238
3 1020 238 567
3 238 787 567
3 1175 1053 105
3 62 1175 1053
3 1053 62 105
3 62 1175 105
3 907 555 796
3 796 555 219
3 796 219 907
3 863 796 907
3 863 796 571
3 863 907 571
3 796 571 907
3 502 863 796
3 796 502 907
3 161 80 1149
3 161 80 954
3 954 80 1149
3 954 161 1149
3 161 80 1140
3 80 1149 1140
3 1140 161 1149
3 80 1149 738
3 685 1149 738
3 685 80 1149
3 685 80 738
3 1149 738 162
3 80 1149 162
3 738 80 162
3 897 237 1082
3 661 237 897
3 1082 661 237
3 1082 897 661
3 661 741 1140
3 741 80 661
3 80 661 1140
3 661 486 741
3 661 486 1140
3 661 162 741
3 80 661 162
3 741 80 162
3 195 41 771
3 41 1062 771
3 195 771 1062
3 195 41 1062
3 335 41 771
3 195 771 335
3 41 771 229
3 771 229 769
3 229 769 41
3 769 41 771
3 771 229 1062
3 229 41 1062
3 41 1143 771
3 1143 335 771
3 258 229 771
3 1062 258 229
3 1062 258 771
3 771 258 769
3 258 229 769
3 1062 180 229
3 180 1088 1062
3 180 229 1088
3 41 1062 180
3 229 41 180
3 210 1062 180
3 210 180 1088
3 601 598 1097
3 601 598 1143
3 1143 1097 601
3 1143 598 1097
3 601 598 360
3 1097 598 360
3 601 360 1097
3 440 513 1025
3 440 289 513
3 1025 289 440
3 513 194 440
3 194 440 1025
3 716 440 513
3 513 194 716
3 194 440 716
3 973 194 440
3 1025 440 973
3 761 440 513
3 756 440 761
3 440 756 513
3 756 513 761
3 761 440 716
3 824 756 440
3 824 756 916
3 756 440 916
3 824 916 440
3 824 756 973
3 973 756 440
3 824 440 973
3 258 65 507
3 65 507 681
3 258 65 681
3 65 766 258
3 65 507 766
3 454 289 513
3 454 289 763
3 763 513 289
3 763 454 513
3 454 289 822
3 513 454 822
3 513 289 822
3 822 311 454
3 454 822 489
3 454 311 489
3 454 357 822
3 357 311 454
3 475 216 892
3 216 1153 892
3 475 216 1153
3 475 892 1153
3 280 216 892
3 280 216 475
3 892 280 475
3 216 892 518
3 892 518 678
3 678 216 892
3 518 216 678
3 892 518 1153
3 518 216 1153
3 280 216 869
3 892 869 216
3 892 280 869
3 892 518 132
3 518 132 1153
3 1153 132 892
3 892 132 678
3 678 518 132
3 678 261 498
3 678 261 892
3 892 498 678
3 892 261 498
3 393 90 798
3 90 298 393
3 90 798 298
3 393 881 798
3 393 90 881
3 90 798 881
3 431 359 540
3 511 359 540
3 431 540 511
3 511 359 431
3 1122 431 235
3 1122 431 511
3 431 235 511
3 511 1122 235
3 263 1122 431
3 235 431 263
3 1122 235 263
3 413 246 972
3 972 246 970
3 972 413 970
3 413 246 970
3 359 972 540
3 431 359 972
3 431 540 972
3 970 235 972
3 203 970 235
3 235 972 203
3 972 203 970
3 431 235 970
3 970 431 972
3 431 235 972
3 553 657 1191
3 1191 657 317
3 553 317 657
3 553 1191 317
3 657 163 553
3 163 1191 657
3 163 553 1191
3 553 538 657
3 657 163 538
3 163 553 538
3 571 553 657
3 571 553 717
3 717 657 571
3 553 717 657
3 538 571 553
3 538 657 571
3 571 553 796
3 553 538 796
3 796 538 571
3 717 553 796
3 717 571 796
3 591 316 1188
3 1188 9 316
3 1188 9 591
3 9 316 591
3 1188 545 591
3 545 316 591
3 1095 1009 591
3 1009 9 591
3 9 1095 591
3 545 702 591
3 702 591 1188
3 1188 545 702
3 591 543 545
3 591 543 1009
3 1009 545 591
3 1009 543 545
3 591 543 702
3 545 543 702
3 591 543 930
3 543 930 702
3 702 591 930
3 930 591 1009
3 930 543 1009
3 133 1133 647
3 6 1133 647
3 133 6 1133
3 647 6 133
3 405 283 733
3 405 283 668
3 668 283 733
3 668 405 733
3 60 405 989
3 989 405 478
3 478 60 405
3 948 668 405
3 405 351 948
3 405 351 668
3 948 405 478
3 405 668 478
3 237 92 1082
3 92 1082 897
3 92 897 237
3 92 1082 602
3 237 92 602
3 1052 92 897
3 1052 92 1082
3 1082 897 1052
3 387 92 897
3 387 92 989
3 92 989 897
3 989 387 897
3 387 92 1052
3 897 387 1052
3 387 92 1161
3 1052 1161 92
3 387 1161 1052
3 989 92 1161
3 989 387 1161
3 60 38 1162
3 38 1162 478
3 478 60 1162
3 199 186 1162
3 1162 1086 186
3 1086 199 1162
3 1071 186 1162
3 1162 199 1071
3 186 1162 1156
3 38 1162 1156
3 186 38 1162
3 1156 38 186
3 908 323 974
3 908 323 123
3 908 123 974
3 974 323 123
3 153 955 583
3 569 153 583
3 569 583 955
3 569 153 955
3 583 429 955
3 583 429 632
3 955 632 583
3 955 632 429
3 429 153 955
3 153 583 429
3 395 153 583
3 583 395 569
3 332 25 1151
3 1151 569 332
3 569 25 1151
3 1121 332 1151
3 1151 25 1121
3 1151 246 332
3 246 332 1121
3 1151 246 1121
3 25 958 1121
3 1121 958 1151
3 1151 25 958
3 416 358 1151
3 958 358 1151
3 958 416 1151
3 358 1151 1023
3 1023 416 1151
3 723 604 734
3 76 723 604
3 723 76 734
3 734 76 604
3 723 713 734
3 734 560 723
3 734 560 713
3 560 723 713
3 734 604 713
3 723 604 713
3 713 255 604
3 255 604 734
3 713 255 734
3 255 352 713
3 498 352 713
3 498 255 352
3 713 498 255
3 713 352 604
3 255 604 352
3 723 604 1024
3 604 76 1024
3 1024 723 76
3 604 1024 713
3 723 1024 713
3 451 57 496
3 1112 451 496
3 451 57 1112
3 496 57 1112
3 497 20 1109
3 20 109 1109
3 497 20 109
3 1109 109 497
3 264 20 497
3 264 20 1127
3 264 1127 497
3 1127 20 497
3 264 20 1109
3 451 57 1169
3 1169 57 496
3 451 1169 496
3 765 125 1041
3 125 1041 792
3 792 765 1041
3 1041 765 481
3 481 125 1041
3 1041 707 710
3 125 1041 707
3 707 710 125
3 710 125 1041
3 39 707 1041
3 39 710 707
3 1041 39 710
3 1041 707 534
3 707 125 534
3 125 1041 534
3 534 39 707
3 1041 534 39
3 550 39 707
3 275 39 550
3 707 275 550
3 550 39 710
3 550 707 710
3 275 1037 550
3 550 39 1037
3 275 853 550
3 707 275 853
3 853 550 707
3 550 482 853
3 550 482 603
3 603 853 550
3 853 603 482
3 275 550 482
3 450 1191 657
3 317 657 450
3 1191 317 450
3 450 163 1191
3 657 450 163
3 450 169 884
3 450 169 1191
3 884 169 1191
3 884 450 1191
3 450 169 1183
3 1183 884 169
3 1183 884 450
3 377 1107 674
3 377 317 1107
3 674 317 377
3 1007 377 674
3 1107 674 1007
3 1007 377 1107
3 845 377 674
3 845 377 345
3 377 345 674
3 845 345 674
3 845 377 1007
3 682 152 934
3 682 351 934
3 351 152 934
3 934 490 948
3 948 351 934
3 351 490 934
3 680 490 934
3 680 1026 934
3 1026 490 934
3 948 680 934
3 934 561 682
3 934 561 680
3 682 680 934
3 680 561 682
3 934 561 294
3 934 294 682
3 682 561 294
3 1057 152 677
3 737 677 1057
3 1057 152 737
3 682 152 1057
3 682 677 1057
3 1057 934 682
3 1057 152 934
3 1057 447 682
3 447 682 677
3 1057 447 677
3 682 1057 953
3 612 1057 953
3 682 612 1057
3 682 953 612
3 447 953 1057
3 1057 953 69
3 447 69 953
3 1057 69 447
3 69 953 612
3 1057 69 612
3 612 157 737
3 612 157 816
3 816 737 157
3 737 612 816
3 612 157 1057
3 737 612 1057
3 737 157 1057
3 873 737 157
3 446 157 737
3 873 446 157
3 873 157 395
3 157 737 395
3 336 42 913
3 868 336 913
3 868 42 913
3 761 440 910
3 761 756 910
3 756 440 910
3 910 716 761
3 716 440 910
3 969 602 868
3 868 34 969
3 602 34 868
3 602 34 969
3 237 602 969
3 868 237 969
3 34 913 969
3 868 34 913
3 868 969 913
3 234 34 913
3 969 234 913
3 34 969 234
3 733 667 626
3 667 283 626
3 283 733 626
3 626 190 667
3 626 190 733
3 446 407 669
3 669 407 1029
3 1029 446 407
3 1029 446 669
3 697 547 755
3 697 185 755
3 755 185 547
3 697 755 910
3 910 755 664
3 697 664 755
3 910 697 664
3 10 910 755
3 755 10 697
3 10 697 910
3 910 755 761
3 761 10 910
3 755 761 10
3 910 664 761
3 761 755 664
3 664 532 755
3 311 664 532
3 755 311 664
3 755 311 532
3 664 532 690
3 690 532 755
3 690 664 755
3 914 272 379
3 272 804 379
3 804 379 914
3 914 272 804
3 878 195 335
3 383 195 878
3 195 383 335
3 878 383 335
3 418 383 195
3 418 383 826
3 383 195 826
3 418 826 195
3 418 383 1062
3 1062 383 195
3 418 195 1062
3 215 857 1092
3 806 215 1092
3 806 215 857
3 806 1092 857
3 546 184 644
3 691 184 546
3 546 644 691
3 546 184 231
3 644 231 546
3 576 108 1128
3 108 839 1128
3 576 1128 839
3 576 108 839
3 178 108 1128
3 178 108 425
3 1128 425 108
3 1128 178 425
3 178 108 576
3 609 265 650
3 650 259 609
3 650 259 265
3 259 609 265
3 265 292 609
3 609 350 265
3 350 265 292
3 265 650 292
3 265 131 1128
3 265 131 292
3 265 1128 292
3 1128 131 292
3 265 131 855
3 855 131 1128
3 855 265 1128
3 231 1033 582
3 508 1033 582
3 508 231 1033
3 508 582 231
3 1033 582 546
3 231 1033 546
3 582 231 546
3 648 507 684
3 648 684 681
3 681 684 507
3 883 155 740
3 883 579 740
3 155 740 579
3 740 458 883
3 155 740 458
3 883 155 458
3 740 115 883
3 740 579 115
3 1000 740 883
3 1000 740 28
3 740 28 883
3 883 28 1000
3 458 1000 740
3 270 28 1180
3 270 28 740
3 1180 740 28
3 1180 270 740
3 461 1000 740
3 740 458 461
3 461 458 1000
3 28 740 461
3 1000 28 461
3 1192 1056 267
3 67 1192 1056
3 67 1192 267
3 1056 67 267
3 266 1056 1192
3 267 266 1056
3 267 266 1192
3 267 24 1056
3 1056 24 1193
3 1056 267 1193
3 1195 1056 267
3 1195 24 1056
3 836 489 714
3 714 586 836
3 586 489 714
3 714 489 533
3 489 998 533
3 714 489 998
3 998 533 714
3 836 533 714
3 714 443 836
3 443 836 533
3 714 443 533
3 791 714 836
3 791 714 266
3 714 266 836
3 836 791 266
3 443 791 714
3 82 3 1126
3 82 3 1054
3 1126 1054 3
3 1126 82 1054
3 610 293 791
3 610 293 328
3 293 791 328
3 610 791 328
3 610 293 484
3 484 293 791
3 791 610 484
3 293 791 714
3 791 266 293
3 266 714 293
3 443 293 791
3 714 443 293
3 964 925 1099
3 128 964 925
3 964 128 1099
3 925 1099 128
3 213 925 964
3 964 213 1099
3 964 925 732
3 925 128 732
3 128 964 732
3 732 213 925
3 964 213 732
3 964 1099 990
3 964 399 1099
3 964 399 990
3 120 990 1099
3 595 120 990
3 595 1099 120
3 1099 120 964
3 1099 120 213
3 120 964 213
3 120 964 990
3 120 1038 920
3 120 48 1038
3 920 48 120
3 920 120 213
3 120 1038 213
3 1091 120 990
3 990 964 1091
3 1091 120 964
3 120 103 990
3 120 103 1038
3 120 1038 990
3 990 1038 103
3 120 103 1091
3 182 1093 777
3 527 1093 777
3 527 182 1093
3 527 777 182
3 1093 777 139
3 139 777 182
3 1093 139 182
3 593 182 476
3 593 182 1093
3 182 1093 476
3 593 476 1093
3 895 182 476
3 593 182 895
3 654 90 298
3 654 90 895
3 90 895 298
3 654 895 298
3 1180 270 799
3 270 660 799
3 1180 270 660
3 799 660 1180
3 799 28 1180
3 270 28 799
3 270 799 512
3 354 799 512
3 354 270 512
3 354 270 799
3 799 512 660
3 799 28 310
3 1180 310 799
3 799 512 146
3 146 512 354
3 799 146 354
3 512 146 660
3 660 146 799
3 799 354 865
3 354 799 686
3 865 799 686
3 310 865 799
3 354 310 799
3 449 50 1182
3 1182 660 50
3 1182 660 449
3 978 752 1064
3 1064 58 978
3 752 58 1064
3 106 1064 978
3 1014 106 978
3 1064 978 1014
3 1014 106 1064
3 752 106 1064
3 1064 81 752
3 81 752 106
3 1064 81 106
3 613 855 1125
3 1125 855 131
3 613 131 855
3 613 131 1125
3 46 613 1125
3 46 1125 855
3 81 46 1125
3 46 1197 1125
3 1197 81 1125
3 64 1133 676
3 871 64 676
3 1133 676 871
3 871 64 1133
3 64 676 133
3 133 64 1133
3 676 133 1133
3 676 133 978
3 978 64 676
3 133 978 64
3 1045 790 64
3 128 64 790
3 1045 128 64
3 995 223 1035
3 1035 23 223
3 23 995 223
3 223 6 1133
3 223 6 871
3 871 223 1133
3 871 6 1133
3 383 696 826
3 383 321 696
3 826 321 696
3 826 321 383
3 321 696 804
3 804 696 184
3 321 184 696
3 321 184 804
3 943 438 322
3 943 438 689
3 943 322 689
3 689 438 322
3 76 438 943
3 322 76 438
3 322 76 943
3 1146 322 402
3 1146 322 689
3 322 402 689
3 322 1084 1146
3 322 83 1084
3 322 1146 83
3 322 402 1084
3 438 322 466
3 466 322 1084
3 1084 438 322
3 466 1084 438
3 466 322 946
3 466 438 946
3 438 322 946
3 943 76 417
3 417 943 438
3 76 417 438
3 1024 417 943
3 943 76 1024
3 76 417 1024
3 689 417 943
3 438 689 417
3 417 88 943
3 417 88 997
3 417 997 943
3 997 88 943
3 417 88 1024
3 943 88 1024
3 191 76 438
3 191 438 417
3 191 76 417
3 59 26 1134
3 59 26 1002
3 1002 59 1134
3 1002 26 1134
3 59 26 940
3 1134 59 940
3 26 1134 940
3 59 26 1005
3 1005 1002 59
3 1002 26 1005
3 1005 26 940
3 26 997 940
3 1005 26 997
3 997 940 1005
3 417 88 1005
3 997 417 1005
3 997 88 1005
3 1024 1005 88
3 1005 417 1024
3 940 59 1005
3 59 247 1005
3 940 59 247
3 1005 247 940
3 59 1005 996
3 88 1005 996
3 88 59 1005
3 88 59 996
3 247 996 1005
3 433 26 997
3 940 433 997
3 26 940 433
3 970 235 949
3 203 949 970
3 235 203 949
3 949 431 235
3 949 970 431
3 869 970 949
3 869 203 949
3 280 216 949
3 280 949 475
3 949 216 475
3 869 216 949
3 869 280 949
3 235 844 949
3 235 203 844
3 203 949 844
3 844 376 344
3 263 376 844
3 344 263 376
3 844 344 263
3 2 858 706
3 549 2 858
3 549 706 858
3 1118 2 858
3 1118 706 858
3 858 422 1118
3 1118 2 422
3 2 858 422
3 858 443 1118
3 858 706 443
3 858 344 1118
3 858 344 847
3 858 847 1118
3 1118 847 344
3 858 344 422
3 376 344 858
3 858 376 847
3 376 344 847
3 422 376 344
3 858 422 376
3 592 181 547
3 592 181 915
3 915 592 547
3 547 181 915
3 592 181 448
3 547 448 592
3 547 181 448
3 592 181 867
3 915 592 867
3 181 915 867
3 448 181 867
3 181 410 867
3 448 181 410
3 867 410 448
3 697 547 641
3 641 592 547
3 641 592 697
3 755 547 641
3 697 641 755
3 547 690 641
3 755 547 690
3 690 641 755
3 10 697 641
3 755 10 641
3 547 641 600
3 641 600 1029
3 1029 547 641
3 600 547 1029
3 641 600 690
3 1140 161 1120
3 161 744 1120
3 1120 744 1140
3 1140 161 744
3 1120 80 1140
3 161 80 1120
3 161 1120 888
3 1120 888 897
3 897 161 1120
3 888 897 161
3 744 888 1120
3 1120 80 661
3 1140 661 1120
3 1120 80 954
3 1120 954 161
3 897 237 1120
3 661 237 1120
3 897 661 1120
3 237 1120 92
3 1120 92 897
3 1071 412 813
3 199 1071 412
3 813 199 1071
3 412 813 199
3 1017 222 1001
3 222 1034 1001
3 1034 1001 1017
3 1017 222 1034
3 302 222 1001
3 302 222 1059
3 1001 302 1059
3 222 1059 1001
3 302 222 1017
3 1001 302 1017
3 222 1001 552
3 552 222 1034
3 302 222 782
3 782 302 1059
3 782 222 1059
3 1017 782 302
3 782 222 1017
3 552 538 222
3 538 222 1001
3 1034 158 222
3 158 552 222
3 1112 1059 222
3 1059 158 222
3 158 1112 222
3 12 482 703
3 779 12 703
3 779 12 482
3 703 482 779
3 12 703 853
3 764 703 853
3 853 764 12
3 764 12 703
3 482 853 703
3 53 853 703
3 482 53 853
3 703 482 53
3 53 853 764
3 703 53 764
3 894 168 370
3 894 168 1016
3 1016 370 894
3 1016 168 370
3 370 168 1156
3 894 168 1156
3 168 186 1156
3 370 168 186
3 1156 186 370
3 1162 168 186
3 168 1156 1162
3 168 186 1071
3 1162 168 1071
3 1137 957 75
3 1137 75 330
3 75 957 330
3 75 1190 884
3 884 673 75
3 673 75 1190
3 884 75 346
3 346 330 884
3 884 75 330
3 75 346 330
3 75 346 1190
3 1004 75 1190
3 1004 75 346
3 1190 346 1004
3 176 75 1190
3 176 75 957
3 1190 957 75
3 1190 176 957
3 176 75 1004
3 176 75 1194
3 957 176 1194
3 957 75 1194
3 176 1194 1004
3 1194 75 1004
3 38 478 627
3 627 478 948
3 948 38 478
3 627 948 38
3 627 38 1161
3 627 478 1161
3 627 1161 779
3 627 387 1161
3 627 387 779
3 937 793 495
3 456 937 793
3 793 456 495
3 456 937 495
3 53 793 937
3 495 53 793
3 937 495 53
3 937 720 764
3 764 561 720
3 561 720 937
3 764 561 937
3 456 294 937
3 561 294 937
3 561 456 937
3 1166 937 456
3 1166 294 937
3 986 173 226
3 908 226 986
3 986 173 908
3 173 226 908
3 226 986 1086
3 1086 986 370
3 370 226 986
3 370 1086 226
3 173 1086 986
3 186 1086 986
3 186 1086 370
3 986 186 370
3 186 173 1086
3 186 173 986
3 52 745 1023
3 490 52 745
3 490 52 1023
3 1023 52 358
3 52 358 1105
3 1023 52 1105
3 52 358 745
3 637 52 745
3 637 52 358
3 745 358 637
3 974 52 745
3 173 52 974
3 745 173 52
3 745 974 173
3 974 52 637
3 974 52 908
3 637 52 908
3 908 637 974
3 974 173 908
3 173 52 908
3 1124 565 906
3 565 662 906
3 906 662 1124
3 1124 565 662
3 369 78 1124
3 1124 205 369
3 205 78 1124
3 662 369 1124
3 662 78 1124
3 928 625 253
3 625 253 932
3 928 932 253
3 625 164 253
3 164 928 253
3 331 1020 787
3 567 331 1020
3 567 331 787
3 1035 815 772
3 815 316 772
3 316 1035 772
3 1035 772 23
3 772 23 815
3 772 522 815
3 371 772 522
3 815 371 772
3 522 815 371
3 828 116 1081
3 759 116 1081
3 1081 759 828
3 664 532 864
3 864 690 532
3 864 664 690
3 311 864 664
3 532 311 864
3 357 311 864
3 357 664 864
3 532 586 864
3 532 311 586
3 311 864 586
3 864 353 532
3 309 864 353
3 532 309 864
3 532 353 309
3 864 353 586
3 864 353 1021
3 353 1021 586
3 864 1021 586
3 1021 864 309
3 353 309 1021
3 389 1079 746
3 1079 746 288
3 288 746 389
3 1079 288 389
3 288 128 790
3 288 790 389
3 288 128 389
3 269 27 308
3 308 27 1195
3 308 269 1195
3 1103 269 308
3 1103 308 27
3 24 308 578
3 1195 24 308
3 578 308 1195
3 460 73 508
3 460 73 760
3 760 508 73
3 760 460 508
3 269 165 659
3 659 8 165
3 8 165 269
3 659 8 269
3 1021 165 659
3 639 165 1021
3 659 639 165
3 659 1021 639
3 1021 165 269
3 1021 165 353
3 353 165 639
3 353 1021 639
3 353 269 1021
3 269 165 353
3 639 191 946
3 165 639 191
3 639 165 946
3 946 191 165
3 46 1197 1173
3 1197 1173 178
3 1173 46 178
3 46 1197 178
3 618 1197 1173
3 618 46 1173
3 618 46 1197
3 827 425 531
3 1173 531 827
3 827 425 1173
3 425 531 1173
3 178 108 1173
3 178 1173 576
3 576 108 1173
3 425 178 1173
3 425 108 1173
3 136 67 1060
3 1060 136 1192
3 1060 67 1192
3 1138 1060 136
3 1138 67 1060
3 1060 293 328
3 293 1192 328
3 1192 328 1060
3 1060 293 1192
3 610 293 1060
3 610 484 1060
3 484 1060 293
3 610 328 1060
3 67 1135 363
3 1135 363 1138
3 1138 67 1135
3 655 67 1135
3 655 363 1135
3 1135 267 655
3 67 1135 267
3 655 67 267
3 655 48 1135
3 1135 363 48
3 655 1135 1195
3 1195 1135 8
3 655 8 1135
3 655 8 1195
3 267 1195 1135
3 269 1195 1135
3 8 1135 269
3 1195 8 269
3 269 267 1195
3 269 267 1135
3 756 35 916
3 35 824 756
3 35 916 824
3 916 419 756
3 35 916 419
3 756 35 419
3 973 35 824
3 756 973 35
3 1152 810 35
3 35 21 810
3 35 1152 21
3 35 810 419
3 1152 35 419
3 397 299 956
3 956 268 397
3 956 268 299
3 268 397 299
3 268 155 1111
3 268 155 579
3 155 1111 579
3 579 268 1111
3 434 743 1003
3 1003 743 286
3 434 286 1003
3 434 286 743
3 138 1003 743
3 743 138 434
3 192 1003 743
3 192 1003 286
3 743 192 286
3 192 138 1003
3 192 138 743
3 944 439 587
3 944 325 587
3 587 439 325
3 439 587 286
3 587 286 944
3 587 119 987
3 987 325 587
3 587 119 325
3 987 381 587
3 381 119 587
3 381 1179 587
3 1179 587 987
3 987 381 1179
3 381 587 529
3 587 529 944
3 944 381 587
3 529 944 381
3 587 529 1179
3 529 381 1179
3 605 63 859
3 605 1076 859
3 859 63 1076
3 859 63 947
3 947 605 859
3 947 563 859
3 859 63 563
3 859 256 605
3 256 605 947
3 859 256 947
3 605 859 794
3 608 859 794
3 608 605 859
3 608 605 794
3 256 794 859
3 251 515 1076
3 251 147 515
3 251 1076 147
3 587 529 251
3 529 251 1179
3 1179 251 587
3 587 251 944
3 944 529 251
3 1144 374 530
3 374 1172 530
3 1144 374 1172
3 1172 530 1144
3 832 374 1144
3 832 374 711
3 832 711 1144
3 1144 374 711
3 832 530 1144
3 832 374 530
3 374 170 1172
3 530 170 374
3 530 170 1172
3 170 225 1172
3 374 170 225
3 1172 225 374
3 530 170 1102
3 374 170 1102
3 1102 374 530
3 521 1115 702
3 521 471 1115
3 521 702 471
3 702 521 543
3 521 543 545
3 702 521 545
3 521 543 1115
3 693 521 1115
3 1115 543 693
3 693 521 543
3 521 342 693
3 365 342 521
3 693 365 342
3 693 521 365
3 521 342 1115
3 97 919 877
3 877 97 620
3 97 919 620
3 281 97 919
3 877 97 281
3 320 97 930
3 320 97 620
3 97 930 620
3 1179 239 529
3 1179 239 381
3 239 529 381
3 239 1130 1179
3 239 529 1130
3 467 239 1130
3 1179 467 239
3 239 210 1154
3 239 210 1130
3 239 1154 1130
3 1130 210 1154
3 239 210 1088
3 1088 210 1154
3 1088 239 1154
3 404 98 1097
3 1097 243 404
3 404 98 243
3 98 1097 243
3 423 98 960
3 423 98 360
3 960 360 423
3 360 98 960
3 423 98 701
3 701 423 960
3 701 98 960
3 464 312 902
3 564 312 902
3 464 902 564
3 902 312 938
3 902 464 938
3 937 793 902
3 902 793 456
3 902 456 937
3 53 902 793
3 902 793 938
3 938 53 902
3 937 53 902
3 902 764 937
3 53 902 764
3 937 53 764
3 902 720 937
3 464 902 720
3 902 464 937
3 720 937 464
3 902 720 764
3 1055 201 673
3 201 1174 673
3 1055 201 1174
3 1174 673 1055
3 673 603 1055
3 603 201 1055
3 1055 169 603
3 169 603 673
3 1055 169 673
3 603 482 1055
3 482 1055 201
3 603 1055 1183
3 1183 1055 4
3 603 4 1183
3 603 4 1055
3 169 1183 1055
3 169 603 1183
3 142 1183 1055
3 169 142 1183
3 1055 169 142
3 1183 4 142
3 4 1055 142
3 21 14 1067
3 1067 21 1052
3 1067 1052 14
3 810 14 1067
3 1067 21 810
3 14 1155 1067
3 810 14 1155
3 810 1067 1155
3 1067 21 230
3 810 230 1067
3 767 447 1067
3 1067 447 230
3 767 230 1067
3 447 1067 294
3 1067 294 767
3 201 77 1174
3 77 387 1174
3 201 77 387
3 201 1174 387
3 673 77 1174
3 673 77 888
3 1174 888 77
3 1174 673 888
3 673 77 201
3 1052 77 387
3 77 1174 1052
3 673 77 1190
3 888 77 1190
3 888 673 1190
3 1190 201 673
3 1190 77 201
3 77 387 897
3 1052 77 897
3 1120 888 77
3 744 1120 77
3 744 77 888
3 897 888 77
3 1120 77 897
3 372 83 1084
3 372 83 1050
3 83 1084 1050
3 1084 372 1050
3 472 384 1050
3 1050 284 384
3 472 284 1050
3 181 915 343
3 372 343 915
3 343 181 372
3 181 915 372
3 915 343 526
3 526 181 915
3 526 181 343
3 372 83 343
3 343 83 1084
3 1084 372 343
3 484 444 833
3 444 833 560
3 444 560 484
3 833 327 444
3 327 484 444
3 723 444 560
3 723 444 833
3 833 560 723
3 734 444 723
3 284 734 444
3 723 284 734
3 444 723 284
3 734 444 560
3 955 224 429
3 224 1199 955
3 224 429 1199
3 429 153 224
3 153 955 224
3 224 177 1199
3 224 177 955
3 517 479 1098
3 127 517 479
3 517 127 1098
3 479 1098 127
3 748 284 1159
3 748 255 1159
3 284 255 1159
3 748 384 1159
3 1159 284 384
3 1159 277 748
3 1159 277 384
3 277 748 384
3 384 187 1159
3 187 284 1159
3 616 203 1159
3 616 187 1159
3 1159 203 187
3 616 1159 869
3 869 1159 203
3 638 33 728
3 638 33 996
3 638 996 728
3 996 33 728
3 638 33 1078
3 1078 638 728
3 638 33 801
3 1078 801 33
3 801 638 1078
3 801 33 996
3 801 638 996
3 1005 996 638
3 88 1005 638
3 996 88 638
3 638 247 996
3 638 247 1005
3 281 107 950
3 281 107 919
3 281 950 919
3 950 107 919
3 898 523 950
3 523 204 950
3 204 950 898
3 204 898 523
3 898 523 432
3 523 432 950
3 950 898 432
3 523 845 950
3 204 950 845
3 523 204 845
3 523 950 1007
3 1007 950 281
3 523 281 950
3 523 1007 281
3 845 1007 950
3 44 1007 950
3 44 1007 281
3 950 44 281
3 845 44 950
3 845 44 1007
3 551 204 617
3 617 204 1096
3 617 551 1096
3 551 204 1096
3 617 204 898
3 617 551 898
3 898 551 204
3 551 214 705
3 551 214 1096
3 551 705 1096
3 898 617 1142
3 1142 524 617
3 524 617 898
3 1142 524 898
3 617 204 1142
3 1142 204 898
3 617 1142 1108
3 107 1142 1108
3 617 107 1142
3 617 107 1108
3 524 1108 1142
3 1142 1096 617
3 1142 204 1096
3 950 898 1142
3 1142 204 950
3 281 107 1142
3 950 107 1142
3 950 281 1142
3 1142 1108 30
3 1142 30 107
3 30 1108 107
3 524 30 1108
3 524 30 1142
3 1061 1014 207
3 30 1014 1061
3 207 30 1014
3 207 1061 30
3 106 30 1014
3 106 30 1108
3 30 1108 1014
3 1108 106 1014
3 106 30 978
3 978 30 1014
3 106 30 1196
3 106 1196 978
3 1196 30 978
3 1108 30 1196
3 1108 106 1196
3 647 133 391
3 768 391 647
3 133 391 768
3 647 133 768
3 133 391 1133
3 391 647 1133
3 133 64 391
3 64 1133 391
3 391 1045 790
3 391 389 1045
3 391 389 790
3 1045 64 391
3 64 790 391
3 919 107 770
3 107 1061 770
3 919 107 1061
3 1061 770 919
3 281 107 770
3 770 281 919
3 107 1142 770
3 1142 281 770
3 770 281 751
3 919 751 770
3 365 1018 500
3 994 365 1018
3 1018 500 994
3 462 303 1018
3 462 303 994
3 994 462 1018
3 994 303 1018
3 462 303 584
3 1018 303 584
3 462 1018 584
3 727 462 584
3 462 303 727
3 584 303 727
3 727 462 885
3 885 584 727
3 994 462 727
3 303 994 727
3 786 584 193
3 462 193 584
3 462 786 193
3 715 584 193
3 786 193 715
3 193 1079 746
3 389 193 1079
3 389 193 746
3 620 209 699
3 699 620 877
3 699 209 877
3 620 699 589
3 209 699 589
3 699 651 642
3 209 699 651
3 651 209 642
3 209 699 642
3 699 651 856
3 856 699 642
3 651 642 856
3 209 1094 589
3 803 209 1094
3 1094 589 803
3 257 1119 927
3 1044 257 1119
3 1044 257 927
3 257 1119 763
3 927 257 763
3 489 257 998
3 257 454 998
3 489 257 454
3 998 454 489
3 533 257 998
3 533 257 1119
3 257 1119 998
3 998 1119 533
3 533 257 489
3 533 257 706
3 706 489 533
3 489 257 706
3 706 257 1119
3 706 533 1119
3 511 359 568
3 359 568 540
3 540 568 511
3 974 568 1026
3 1026 123 568
3 1026 123 974
3 123 568 974
3 637 568 1026
3 637 568 359
3 568 359 1026
3 637 1026 359
3 637 568 974
3 419 10 775
3 419 10 1152
3 419 1152 775
3 775 10 1152
3 775 10 910
3 910 697 775
3 775 10 697
3 910 419 775
3 419 10 910
3 419 756 775
3 775 756 910
3 910 419 756
3 756 916 775
3 86 916 775
3 756 86 916
3 756 86 775
3 419 775 916
3 78 420 1177
3 205 78 420
3 205 1177 420
3 420 988 1177
3 988 78 420
3 420 274 988
3 1177 274 420
3 122 25 958
3 122 177 958
3 25 958 177
3 122 25 177
3 1121 122 958
3 25 1121 122
3 626 145 667
3 626 145 1042
3 667 145 1042
3 1042 667 626
3 652 361 643
3 379 361 652
3 379 361 643
3 652 379 643
3 652 361 628
3 628 643 361
3 643 628 652
3 598 414 912
3 414 829 912
3 598 414 829
3 598 912 829
3 942 885 414
3 786 414 885
3 786 942 414
3 885 326 414
3 326 942 414
3 951 135 295
3 135 427 295
3 951 135 427
3 427 295 951
3 295 189 636
3 636 189 904
3 636 295 904
3 295 189 904
3 636 189 253
3 189 295 253
3 636 295 253
3 878 335 406
3 406 45 878
3 406 45 335
3 45 878 335
3 406 195 335
3 878 195 406
3 406 195 771
3 771 335 406
3 16 1127 628
3 264 1127 628
3 264 16 1127
3 628 264 16
3 16 652 1127
3 1127 628 652
3 628 16 652
3 575 16 1127
3 575 16 652
3 575 1127 652
3 143 16 1127
3 143 16 1144
3 16 1144 1127
3 1144 143 1127
3 143 16 575
3 1127 143 575
3 143 16 1172
3 1144 143 1172
3 1144 16 1172
3 143 1172 575
3 575 16 1172
3 45 878 980
3 361 45 980
3 361 980 878
3 361 45 878
3 45 980 406
3 135 980 406
3 406 135 45
3 135 45 980
3 980 406 878
3 99 283 405
3 733 99 283
3 405 733 99
3 1105 890 79
3 557 79 890
3 557 1105 79
3 738 685 842
3 842 156 738
3 842 156 685
3 156 738 685
3 1149 738 842
3 685 842 1149
3 842 162 1149
3 738 162 842
3 340 409 866
3 774 340 866
3 774 340 409
3 866 409 774
3 774 231 1033
3 774 231 1116
3 1116 1033 231
3 1116 1033 774
3 1150 122 177
3 1181 177 1150
3 1150 122 1181
3 122 177 1181
3 566 238 1150
3 566 238 787
3 787 566 1150
3 787 238 1150
3 177 1150 958
3 566 1150 958
3 566 177 1150
3 566 177 958
3 122 958 1150
3 1150 958 416
3 416 958 566
3 1150 416 566
3 416 122 958
3 1150 122 416
3 820 557 890
3 820 557 291
3 557 291 890
3 820 291 890
3 566 890 820
3 820 557 566
3 566 238 820
3 566 1150 820
3 820 238 1150
3 961 340 409
3 409 91 961
3 409 91 340
3 91 961 340
3 409 961 866
3 424 961 866
3 424 409 961
3 866 424 409
3 340 866 961
3 983 409 961
3 91 983 409
3 91 961 983
3 842 409 983
3 961 842 983
3 961 842 409
3 465 79 890
3 465 79 1083
3 1083 890 79
3 1083 465 890
3 79 1083 1129
3 1129 1083 339
3 339 79 1083
3 339 79 1129
3 112 1129 1083
3 1129 79 112
3 79 112 1083
3 199 1129 1083
3 199 112 1129
3 199 1083 112
3 1083 199 339
3 199 1129 339
3 398 93 1098
3 398 93 1053
3 398 1098 1053
3 1098 1053 93
3 398 1053 1175
3 398 105 1053
3 398 105 1175
3 105 1063 1068
3 811 105 1068
3 811 105 1063
3 811 1068 1063
3 675 132 1068
3 1068 297 675
3 1068 132 297
3 675 518 1068
3 518 132 1068
3 432 541 785
3 432 159 785
3 159 785 541
3 432 159 541
3 432 785 801
3 801 785 863
3 863 432 785
3 863 432 801
3 541 801 785
3 801 432 541
3 785 863 796
3 785 502 863
3 796 785 502
3 863 571 785
3 571 796 785
3 33 801 785
3 541 33 801
3 541 785 33
3 785 33 863
3 863 801 33
3 249 796 555
3 717 249 555
3 796 555 717
3 717 249 796
3 249 555 907
3 907 249 796
3 722 249 555
3 907 249 722
3 907 249 502
3 249 796 502
3 951 649 904
3 951 649 47
3 649 47 904
3 904 47 951
3 47 1194 954
3 176 47 1194
3 176 47 954
3 300 47 1194
3 300 47 649
3 1194 649 47
3 1194 300 649
3 300 47 813
3 813 47 1194
3 300 47 1109
3 649 47 1109
3 649 300 1109
3 300 1109 813
3 1109 47 813
3 685 580 1149
3 685 580 842
3 580 1149 842
3 983 409 580
3 409 580 91
3 580 91 983
3 580 409 842
3 580 983 842
3 979 180 1088
3 979 180 229
3 1088 229 979
3 180 13 979
3 1088 13 979
3 180 13 1088
3 180 13 1165
3 13 1165 979
3 979 180 1165
3 13 1154 979
3 1154 979 1088
3 1088 13 1154
3 766 258 979
3 979 258 229
3 766 229 979
3 979 65 766
3 258 979 65
3 13 979 113
3 979 113 766
3 766 13 979
3 113 766 13
3 979 113 1154
3 262 113 979
3 1154 262 113
3 1154 262 979
3 262 113 766
3 979 262 766
3 386 378 1160
3 386 378 1165
3 1165 1160 386
3 1165 1160 378
3 445 679 999
3 445 289 999
3 289 999 679
3 445 289 679
3 445 999 1046
3 1046 999 65
3 445 65 999
3 1046 445 65
3 679 1046 999
3 763 445 999
3 289 999 763
3 681 1046 999
3 681 679 1046
3 999 679 681
3 65 999 681
3 1046 65 681
3 445 228 999
3 999 763 228
3 872 65 766
3 872 65 507
3 766 507 872
3 24 1193 872
3 262 1193 872
3 262 24 1193
3 872 24 262
3 1193 872 457
3 24 1193 457
3 872 24 457
3 498 991 678
3 498 261 991
3 678 261 991
3 991 678 1058
3 1058 498 991
3 393 298 991
3 991 393 1058
3 991 298 1058
3 991 90 298
3 393 991 90
3 993 90 298
3 993 90 798
3 798 298 993
3 654 90 993
3 654 298 993
3 541 71 993
3 798 541 993
3 798 71 993
3 1002 993 71
3 654 993 1002
3 654 71 1002
3 654 71 993
3 59 1002 993
3 59 1002 71
3 993 59 71
3 74 511 1122
3 74 1122 431
3 431 74 511
3 570 74 1122
3 570 74 511
3 1122 511 570
3 263 74 1122
3 431 263 74
3 431 74 540
3 74 511 540
3 461 74 1122
3 461 74 509
3 1122 509 74
3 1122 461 509
3 461 74 570
3 461 74 1000
3 461 1000 570
3 1000 74 570
3 509 74 1000
3 509 461 1000
3 1191 330 800
3 330 884 800
3 1191 330 884
3 884 800 1191
3 330 163 800
3 800 163 1191
3 330 800 346
3 800 346 795
3 795 330 800
3 346 330 795
3 800 346 884
3 330 1137 800
3 1137 163 800
3 800 163 553
3 1191 553 800
3 795 717 800
3 687 795 717
3 800 687 795
3 800 717 687
3 795 717 553
3 800 717 553
3 795 553 800
3 487 346 800
3 884 487 346
3 884 487 800
3 487 346 795
3 800 487 795
3 565 487 1124
3 565 487 346
3 487 346 1124
3 565 1124 346
3 565 487 906
3 906 487 1124
3 565 487 1004
3 1004 487 346
3 565 346 1004
3 565 1004 906
3 1004 487 906
3 545 316 581
3 581 316 1035
3 581 545 1035
3 591 581 545
3 591 316 581
3 223 6 581
3 6 1133 581
3 581 223 1133
3 401 1009 1095
3 591 401 1009
3 591 1095 401
3 324 401 1095
3 1009 324 401
3 324 207 401
3 207 1095 401
3 401 97 1061
3 401 97 1009
3 401 1061 1009
3 1009 97 1061
3 401 1061 1014
3 1061 207 401
3 207 1014 401
3 401 97 919
3 919 401 1061
3 919 97 1061
3 405 283 1158
3 1158 668 405
3 668 1158 283
3 602 34 1158
3 602 1158 868
3 868 1158 34
3 405 99 1158
3 99 1158 283
3 1158 60 405
3 1158 60 99
3 60 405 99
3 405 1158 989
3 602 1158 989
3 602 405 989
3 602 405 1158
3 60 989 1158
3 1158 989 92
3 1158 92 60
3 92 60 989
3 92 989 602
3 1158 92 602
3 323 123 762
3 762 123 514
3 514 762 323
3 514 323 123
3 123 514 1026
3 720 514 1026
3 720 1026 123
3 720 123 514
3 1026 514 568
3 123 568 514
3 902 720 514
3 764 902 514
3 720 514 764
3 464 902 514
3 720 464 514
3 1026 514 680
3 680 514 720
3 680 1026 720
3 680 568 1026
3 568 514 680
3 315 341 1037
3 341 1163 1037
3 1163 315 341
3 1037 341 590
3 590 315 341
3 1037 12 341
3 341 12 1163
3 894 341 1163
3 1163 315 894
3 315 341 894
3 370 341 894
3 370 341 986
3 370 986 894
3 986 341 894
3 370 341 1163
3 36 908 323
3 974 36 908
3 323 974 36
3 226 36 908
3 226 36 811
3 811 226 908
3 908 811 36
3 226 36 986
3 986 36 908
3 226 36 1063
3 811 226 1063
3 811 36 1063
3 226 1063 986
3 986 36 1063
3 96 929 911
3 776 96 911
3 776 911 929
3 776 96 929
3 762 123 911
3 762 323 911
3 323 123 911
3 96 911 528
3 911 528 762
3 762 96 911
3 528 762 96
3 911 528 929
3 528 96 929
3 911 528 248
3 911 248 762
3 762 528 248
3 528 248 929
3 911 929 248
3 583 429 984
3 429 984 153
3 984 153 583
3 632 583 984
3 632 429 984
3 984 83 1050
3 83 632 1050
3 1050 632 984
3 984 83 632
3 372 83 984
3 343 83 984
3 372 343 984
3 1050 372 984
3 984 410 583
3 372 984 410
3 410 583 372
3 583 372 984
3 395 153 952
3 873 153 952
3 873 395 952
3 583 395 952
3 153 952 583
3 259 952 650
3 153 952 650
3 650 259 153
3 259 153 952
3 609 650 952
3 259 609 952
3 952 650 224
3 650 153 224
3 153 952 224
3 609 224 650
3 609 224 952
3 653 410 984
3 583 984 653
3 583 410 653
3 395 653 569
3 653 569 583
3 583 395 653
3 448 816 653
3 816 653 410
3 410 653 448
3 816 410 448
3 157 816 653
3 448 157 816
3 653 448 157
3 496 109 558
3 496 109 861
3 558 496 861
3 558 109 861
3 496 109 451
3 451 109 558
3 558 451 496
3 558 306 722
3 558 722 861
3 558 306 861
3 306 54 558
3 558 854 306
3 54 854 558
3 722 54 558
3 54 219 558
3 722 54 219
3 558 219 722
3 1047 54 219
3 504 219 1047
3 54 219 504
3 1047 54 504
3 54 558 1047
3 1047 558 496
3 1047 496 54
3 496 54 558
3 219 1047 558
3 504 1047 721
3 721 219 1047
3 562 721 1047
3 562 504 1047
3 1047 721 907
3 1047 907 219
3 300 1109 874
3 1109 874 110
3 110 874 300
3 1109 110 300
3 20 1109 874
3 300 20 1109
3 874 300 20
3 109 874 1109
3 110 109 874
3 110 109 1109
3 874 20 109
3 451 109 874
3 874 20 451
3 20 109 451
3 451 874 496
3 496 109 874
3 874 496 1112
3 1112 451 874
3 874 861 109
3 874 861 496
3 158 110 874
3 874 158 1112
3 874 110 1112
3 1137 874 110
3 1137 158 874
3 62 314 808
3 1169 62 808
3 808 314 1169
3 1169 62 314
3 1063 62 314
3 314 1063 808
3 314 105 1063
3 1063 62 105
3 62 314 105
3 314 226 1063
3 314 226 808
3 1068 314 1063
3 1068 314 57
3 314 57 1063
3 1063 57 1068
3 105 1068 314
3 314 57 451
3 1112 314 57
3 1112 451 314
3 451 314 1169
3 314 57 1169
3 1068 314 675
3 675 105 1068
3 314 675 105
3 1068 57 675
3 675 314 57
3 1169 631 20
3 451 1169 631
3 1169 20 451
3 20 631 451
3 1169 631 879
3 631 20 879
3 879 20 1169
3 143 631 575
3 879 575 631
3 143 575 879
3 879 143 631
3 1127 143 631
3 631 575 1127
3 112 879 575
3 631 112 879
3 631 112 575
3 264 20 631
3 631 20 1127
3 631 264 1127
3 1109 631 20
3 1109 631 264
3 373 550 482
3 482 373 603
3 603 550 373
3 482 373 275
3 373 275 550
3 373 169 1183
3 373 169 603
3 373 1183 603
3 450 169 373
3 373 169 1191
3 1191 373 450
3 373 1183 450
3 802 373 450
3 802 373 1183
3 1183 450 802
3 881 302 783
3 302 783 1017
3 783 881 1017
3 783 393 881
3 302 783 393
3 881 302 393
3 1001 302 783
3 1017 783 1001
3 538 159 783
3 783 159 1001
3 783 538 1001
3 798 783 881
3 798 783 159
3 783 159 881
3 881 159 798
3 393 798 783
3 541 798 783
3 159 783 541
3 798 159 541
3 541 393 798
3 541 393 783
3 317 831 1107
3 377 1107 831
3 377 317 831
3 802 317 831
3 1107 802 831
3 317 1107 802
3 831 450 802
3 317 831 450
3 802 317 450
3 710 345 831
3 710 345 1041
3 1041 831 710
3 831 1041 345
3 377 345 710
3 377 345 831
3 710 377 831
3 831 373 802
3 831 373 710
3 802 373 710
3 802 710 831
3 831 373 450
3 550 373 831
3 831 550 710
3 550 373 710
3 373 550 450
3 831 550 450
3 612 157 797
3 612 1057 797
3 797 157 1057
3 816 612 797
3 797 157 816
3 612 880 797
3 816 612 880
3 880 797 816
3 797 509 612
3 797 509 540
3 612 540 797
3 540 509 612
3 797 509 880
3 797 509 74
3 509 74 880
3 880 74 797
3 797 74 540
3 540 509 74
3 246 742 1151
3 1151 742 637
3 1151 246 637
3 637 246 742
3 332 1151 742
3 246 332 742
3 972 246 742
3 742 413 246
3 742 972 413
3 358 1151 742
3 358 332 1151
3 742 332 358
3 358 1151 637
3 742 358 637
3 637 568 742
3 742 568 359
3 637 359 742
3 974 742 637
3 974 568 742
3 234 830 913
3 234 34 830
3 34 913 830
3 830 828 574
3 830 828 1042
3 1042 828 574
3 830 574 1042
3 759 828 830
3 759 574 828
3 830 759 574
3 419 10 577
3 577 419 1152
3 577 10 1152
3 910 577 10
3 577 419 910
3 577 42 891
3 577 42 1152
3 577 891 1152
3 336 42 577
3 336 913 577
3 577 42 913
3 891 336 577
3 336 407 577
3 577 407 891
3 891 336 407
3 336 577 1029
3 1029 577 10
3 336 10 577
3 1029 10 336
3 407 1029 577
3 1029 336 407
3 1029 577 641
3 641 407 1029
3 641 407 577
3 641 577 10
3 1029 10 641
3 1022 510 886
3 510 463 886
3 463 886 1022
3 886 234 969
3 913 886 234
3 913 969 886
3 886 716 510
3 1022 716 886
3 886 73 510
3 73 510 463
3 886 73 463
3 510 886 760
3 234 886 760
3 510 234 886
3 510 760 234
3 73 760 886
3 73 510 760
3 886 760 759
3 234 886 759
3 760 234 759
3 759 73 760
3 886 759 73
3 669 407 453
3 669 446 453
3 446 407 453
3 838 453 873
3 873 446 453
3 446 838 453
3 379 172 914
3 172 643 914
3 379 914 643
3 379 172 643
3 272 172 379
3 272 172 730
3 379 172 730
3 272 730 379
3 272 172 914
3 418 383 1010
3 1010 383 826
3 826 418 1010
3 1010 474 691
3 418 1010 474
3 691 418 1010
3 474 691 418
3 418 1062 1010
3 1010 383 1062
3 1010 383 696
3 826 696 1010
3 1010 474 85
3 1010 85 691
3 691 474 85
3 691 184 1010
3 696 184 1010
3 696 691 1010
3 1010 546 691
3 1010 184 546
3 806 634 1040
3 1040 618 806
3 634 618 1040
3 103 1091 1040
3 634 1040 1091
3 1040 103 634
3 1019 508 684
3 463 1019 508
3 684 463 1019
3 684 508 463
3 1019 508 1033
3 684 508 1033
3 684 1033 1019
3 1019 508 73
3 73 508 463
3 1019 73 463
3 508 73 1033
3 1033 73 1019
3 684 156 648
3 684 156 1019
3 684 648 1019
3 1019 156 648
3 463 162 1019
3 463 162 738
3 738 162 1019
3 738 463 1019
3 463 162 1022
3 1022 1019 463
3 1019 162 1022
3 1033 68 508
3 68 508 684
3 1033 68 684
3 68 582 1033
3 68 508 582
3 457 68 507
3 457 68 582
3 582 507 68
3 582 457 507
3 546 68 582
3 1033 546 68
3 457 68 872
3 507 68 872
3 507 457 872
3 648 507 68
3 258 68 507
3 648 258 68
3 684 507 68
3 648 68 684
3 150 1193 535
3 1056 150 535
3 1056 150 1193
3 1193 535 1056
3 150 535 262
3 262 150 1193
3 266 150 535
3 266 150 998
3 150 998 535
3 535 266 998
3 266 150 1056
3 535 266 1056
3 1126 150 535
3 262 1126 150
3 266 150 714
3 1056 714 266
3 1056 150 714
3 714 150 998
3 714 266 998
3 672 118 1101
3 672 118 596
3 1101 596 672
3 1101 118 596
3 434 118 672
3 672 434 1101
3 434 118 1101
3 1101 660 672
3 672 72 1101
3 660 672 72
3 1101 50 672
3 672 660 50
3 1060 260 610
3 1060 260 328
3 260 610 328
3 528 619 929
3 528 96 619
3 96 929 619
3 182 753 476
3 753 476 895
3 895 182 753
3 654 90 753
3 753 90 895
3 753 654 895
3 993 753 654
3 993 90 753
3 196 1072 753
3 1072 753 654
3 196 1072 654
3 753 196 654
3 139 1072 753
3 196 139 1072
3 753 139 196
3 261 607 991
3 498 261 607
3 498 991 607
3 713 352 607
3 713 498 607
3 498 352 607
3 607 604 713
3 604 607 352
3 179 917 1031
3 382 179 917
3 1031 382 179
3 179 0 917
3 179 0 1182
3 179 1182 917
3 1182 0 917
3 179 0 1170
3 1170 179 917
3 917 0 1170
3 179 1182 1054
3 50 1182 1054
3 179 50 1182
3 1054 179 50
3 1182 1054 3
3 3 1054 179
3 1182 3 179
3 847 449 870
3 870 117 847
3 117 847 449
3 870 117 449
3 179 0 870
3 1170 870 0
3 1170 179 870
3 870 0 1182
3 870 179 1182
3 227 207 1014
3 227 207 909
3 207 1014 909
3 1014 227 909
3 227 207 1064
3 1014 207 1064
3 1014 227 1064
3 676 221 871
3 871 58 221
3 871 58 676
3 58 221 676
3 221 64 871
3 221 64 1048
3 871 64 1048
3 221 1048 871
3 221 64 676
3 221 64 790
3 790 221 1048
3 790 64 1048
3 64 790 676
3 676 221 790
3 81 46 809
3 1125 81 809
3 809 46 1125
3 81 1184 809
3 809 46 1184
3 81 752 809
3 1125 81 752
3 809 752 1125
3 809 46 613
3 1125 613 809
3 81 809 1064
3 1064 809 380
3 380 81 809
3 1064 380 81
3 752 1064 809
3 227 1064 809
3 227 1064 380
3 809 227 380
3 752 227 1064
3 752 227 809
3 402 380 809
3 380 809 689
3 809 402 689
3 613 402 809
3 613 380 809
3 452 392 875
3 875 131 392
3 131 392 452
3 875 131 452
3 452 58 1125
3 452 58 752
3 752 58 1125
3 752 452 1125
3 452 1125 855
3 131 855 452
3 1125 131 452
3 855 452 46
3 452 46 1125
3 1150 7 1181
3 7 787 1181
3 1181 787 1150
3 1150 7 787
3 177 7 1150
3 177 7 1199
3 177 1199 1150
3 1199 7 1150
3 177 7 1181
3 221 1048 559
3 1048 559 606
3 606 221 1048
3 606 221 559
3 350 285 392
3 350 285 835
3 835 392 285
3 835 392 350
3 350 285 292
3 292 285 392
3 392 350 292
3 1084 466 599
3 466 322 599
3 599 322 1084
3 599 343 466
3 599 343 1084
3 343 466 1084
3 466 946 599
3 599 322 946
3 599 322 402
3 1084 402 599
3 599 576 613
3 402 613 599
3 576 402 599
3 599 178 576
3 613 599 178
3 946 191 821
3 191 438 821
3 821 438 946
3 946 191 438
3 821 639 946
3 639 191 821
3 821 76 191
3 821 76 833
3 833 191 821
3 191 833 76
3 821 76 438
3 946 166 821
3 166 639 821
3 723 76 821
3 821 723 833
3 723 76 833
3 76 723 438
3 723 821 438
3 833 719 821
3 833 166 821
3 821 719 166
3 821 484 833
3 719 821 484
3 430 1134 1138
3 1138 1134 26
3 430 26 1134
3 430 26 1138
3 136 430 1138
3 363 136 430
3 363 1138 430
3 136 1138 1134
3 1134 136 430
3 997 137 433
3 433 26 137
3 26 997 137
3 137 1138 1134
3 137 136 1138
3 137 136 1134
3 1138 26 137
3 26 1134 137
3 137 8 1135
3 137 8 1138
3 1135 137 1138
3 1135 8 1138
3 17 399 1184
3 17 1184 1196
3 1196 17 399
3 940 433 17
3 433 17 997
3 997 940 17
3 595 17 1184
3 1184 399 595
3 595 17 399
3 81 17 1184
3 81 17 1196
3 758 17 1184
3 433 17 758
3 1184 433 17
3 1184 758 433
3 758 17 595
3 410 623 867
3 867 623 472
3 867 472 410
3 472 410 623
3 181 867 623
3 623 181 410
3 385 867 623
3 623 385 472
3 385 867 472
3 385 181 867
3 385 623 181
3 410 372 623
3 623 181 372
3 181 410 372
3 372 623 984
3 984 410 623
3 1050 372 623
3 984 623 1050
3 653 623 984
3 410 653 623
3 472 384 623
3 384 187 623
3 623 187 472
3 623 472 1050
3 623 384 1050
3 615 412 1071
3 615 412 813
3 1071 615 813
3 47 615 1194
3 813 47 615
3 1194 615 813
3 615 954 1194
3 615 161 954
3 615 161 1194
3 954 47 615
3 412 615 580
3 615 580 954
3 954 580 412
3 615 412 954
3 615 580 983
3 580 412 983
3 983 615 412
3 843 168 894
3 894 843 1016
3 843 168 1016
3 1156 894 843
3 1156 843 168
3 110 843 1137
3 1137 843 1016
3 1016 110 843
3 843 957 1137
3 843 75 1137
3 843 75 957
3 957 110 843
3 843 300 957
3 110 843 300
3 957 110 300
3 843 813 957
3 168 843 813
3 843 168 957
3 957 813 168
3 300 813 843
3 843 813 1071
3 1071 300 813
3 843 1071 300
3 1071 843 168
3 813 168 1071
3 1161 140 627
3 38 1161 140
3 627 38 140
3 140 779 1161
3 140 627 779
3 201 140 779
3 1161 201 140
3 703 140 779
3 703 140 627
3 779 627 703
3 1162 1156 140
3 38 1162 140
3 1156 38 140
3 168 140 1156
3 1162 168 140
3 140 12 779
3 140 12 1156
3 779 12 1156
3 140 1156 779
3 140 12 703
3 140 12 1163
3 1156 12 1163
3 1156 140 1163
3 703 140 1163
3 12 1163 703
3 18 627 478
3 478 18 948
3 948 627 18
3 1161 18 478
3 627 18 1161
3 934 18 680
3 934 18 948
3 18 680 948
3 18 561 934
3 934 294 18
3 294 18 561
3 18 680 561
3 720 18 561
3 680 561 720
3 720 18 680
3 764 18 561
3 627 18 764
3 18 627 561
3 627 561 764
3 764 18 720
3 764 18 703
3 720 18 703
3 720 703 764
3 627 18 703
3 764 627 703
3 1074 164 636
3 636 253 1074
3 1074 164 253
3 164 636 253
3 1074 491 636
3 1074 491 906
3 906 636 1074
3 636 491 906
3 164 491 1074
3 636 189 1074
3 1074 189 253
3 1074 904 636
3 1074 904 189
3 331 1066 1020
3 1102 331 1020
3 1102 331 1066
3 1066 1020 1102
3 1020 787 1066
3 787 331 1066
3 787 238 1066
3 1066 1020 238
3 1066 7 787
3 1066 7 331
3 7 787 331
3 530 170 1066
3 1066 170 1102
3 1066 530 1102
3 1172 1066 170
3 1172 530 1066
3 787 1066 1181
3 1181 1066 170
3 787 170 1066
3 787 1181 170
3 7 1181 1066
3 331 1 1102
3 331 1 995
3 995 331 1102
3 1102 995 1
3 331 1 1020
3 1020 1 1102
3 331 1 1198
3 995 331 1198
3 995 1 1198
3 1198 1 1020
3 331 1198 1020
3 530 1102 1065
3 1 1102 1065
3 530 1 1102
3 1065 530 1
3 1102 1065 318
3 1102 318 530
3 318 1065 530
3 1144 318 832
3 1144 318 530
3 318 832 530
3 326 318 942
3 326 318 594
3 326 942 594
3 594 318 942
3 326 318 1065
3 942 326 1065
3 942 318 1065
3 9 316 922
3 772 9 922
3 922 316 772
3 772 9 316
3 9 922 1188
3 1188 922 100
3 100 9 922
3 100 9 1188
3 316 1188 922
3 371 9 922
3 371 9 772
3 922 371 772
3 276 1188 922
3 100 922 276
3 1188 100 276
3 316 922 276
3 316 276 1188
3 371 9 1095
3 9 1095 922
3 922 371 1095
3 141 100 704
3 141 100 922
3 100 922 704
3 704 141 922
3 371 9 1145
3 1095 9 1145
3 1095 371 1145
3 1145 9 772
3 371 1145 772
3 1145 207 909
3 1145 207 1095
3 1095 909 1145
3 227 207 1145
3 1145 207 1064
3 1145 1064 227
3 909 227 1145
3 333 1081 425
3 116 1081 425
3 333 116 1081
3 425 333 116
3 1081 425 108
3 1081 108 333
3 108 425 333
3 116 846 1081
3 828 1081 846
3 828 116 846
3 425 116 846
3 1081 425 846
3 425 531 846
3 116 846 531
3 425 116 531
3 846 108 1081
3 425 108 846
3 857 574 846
3 828 574 857
3 828 574 846
3 857 828 846
3 425 846 827
3 846 827 857
3 857 425 846
3 857 425 827
3 531 827 846
3 846 827 806
3 846 806 531
3 806 531 827
3 846 806 857
3 857 827 806
3 887 27 309
3 460 309 887
3 887 27 460
3 27 309 460
3 759 116 887
3 760 116 887
3 760 759 887
3 1081 887 116
3 1081 759 887
3 309 887 1103
3 1103 887 116
3 309 116 887
3 309 116 1103
3 27 1103 887
3 531 1103 887
3 116 887 531
3 1103 116 531
3 887 531 27
3 531 27 1103
3 288 790 505
3 1048 288 505
3 790 505 1048
3 1048 288 790
3 505 128 288
3 505 128 1091
3 1091 288 505
3 288 128 1091
3 505 128 790
3 606 288 505
3 606 505 1048
3 606 288 1048
3 505 128 964
3 964 505 1091
3 964 128 1091
3 128 964 790
3 790 964 505
3 606 288 746
3 288 746 505
3 746 505 606
3 505 1091 1040
3 505 103 1091
3 505 1040 103
3 1157 546 691
3 1157 546 644
3 691 644 1157
3 8 1100 659
3 1100 659 758
3 758 8 1100
3 659 758 8
3 165 659 1100
3 8 165 1100
3 137 8 1100
3 8 1135 1100
3 1135 137 1100
3 758 17 1100
3 1100 595 758
3 1100 17 595
3 433 17 1100
3 758 433 1100
3 1100 659 49
3 758 659 49
3 1100 49 758
3 165 49 659
3 165 49 1100
3 1197 49 618
3 49 618 758
3 1197 49 758
3 49 1173 1197
3 178 49 1173
3 178 49 1197
3 49 618 1173
3 827 49 1173
3 1173 618 827
3 827 49 618
3 531 49 1173
3 531 49 659
3 1173 659 49
3 1173 531 659
3 531 49 827
3 531 49 1103
3 1103 49 827
3 531 1103 827
3 659 531 1103
3 659 49 1103
3 240 35 810
3 240 35 824
3 824 810 35
3 810 240 824
3 240 35 1155
3 810 240 1155
3 810 35 1155
3 14 1067 408
3 1067 408 767
3 767 14 1067
3 408 767 14
3 1067 408 1155
3 408 14 1155
3 683 495 1167
3 1167 495 536
3 683 536 1167
3 683 415 1167
3 1167 495 415
3 1187 1167 268
3 683 1167 1187
3 683 1187 268
3 683 268 1167
3 495 1111 536
3 1167 495 1111
3 1111 536 1167
3 299 1187 1167
3 1187 268 299
3 268 1167 299
3 268 155 1167
3 1111 155 1167
3 1111 268 1167
3 329 724 837
3 792 329 724
3 837 792 329
3 299 364 397
3 397 364 1070
3 1070 299 364
3 397 1070 299
3 397 364 956
3 299 956 364
3 233 397 364
3 397 233 956
3 956 364 233
3 1070 397 233
3 364 233 1070
3 180 13 695
3 695 180 1165
3 695 13 1165
3 1088 695 180
3 695 13 1088
3 236 601 695
3 378 236 695
3 378 695 601
3 378 236 601
3 236 695 1143
3 1143 695 180
3 236 180 1143
3 236 180 695
3 601 1143 695
3 1143 236 601
3 41 1143 695
3 41 1143 180
3 695 41 180
3 695 41 601
3 601 41 1143
3 303 959 727
3 584 303 959
3 584 727 959
3 658 303 959
3 727 658 959
3 303 727 658
3 959 271 658
3 959 271 303
3 271 658 303
3 271 1006 959
3 271 658 1006
3 658 959 1006
3 727 658 236
3 959 236 727
3 658 236 959
3 381 119 1087
3 1031 119 1087
3 1031 381 1087
3 587 119 1087
3 381 1087 587
3 1087 3 1126
3 3 1031 1126
3 1087 3 1031
3 1126 1031 1087
3 1126 82 1087
3 82 3 1087
3 82 113 1087
3 1087 113 1126
3 1126 82 113
3 82 1087 1154
3 1154 1087 381
3 381 82 1087
3 1154 381 82
3 113 1154 1087
3 239 1154 1087
3 1087 239 381
3 239 1154 381
3 239 113 1154
3 239 113 1087
3 611 817 994
3 994 817 271
3 611 271 817
3 611 994 271
3 994 817 841
3 611 841 817
3 303 994 817
3 841 303 994
3 841 303 817
3 994 271 303
3 271 817 303
3 611 426 992
3 992 426 608
3 426 611 608
3 611 608 992
3 992 426 500
3 500 992 611
3 500 426 611
3 89 1076 515
3 89 251 1076
3 515 89 251
3 605 89 1076
3 515 89 605
3 944 89 1076
3 1076 251 944
3 944 89 251
3 89 1006 959
3 271 89 1006
3 271 89 959
3 286 89 1076
3 286 89 1006
3 1076 1006 89
3 1006 286 1076
3 286 89 944
3 286 89 743
3 944 743 286
3 944 743 89
3 743 89 1006
3 743 286 1006
3 225 202 933
3 225 202 1164
3 933 1164 202
3 1164 933 225
3 170 1172 1164
3 143 1172 1164
3 170 143 1172
3 1164 170 143
3 225 1164 1172
3 1164 170 225
3 805 374 832
3 711 374 805
3 711 832 805
3 374 805 530
3 832 805 530
3 805 40 924
3 924 711 805
3 805 40 711
3 276 40 805
3 276 1188 805
3 805 40 1188
3 924 276 805
3 276 854 805
3 924 276 854
3 854 805 924
3 276 805 933
3 933 805 374
3 933 374 276
3 374 276 805
3 933 805 854
3 225 933 805
3 854 225 805
3 854 225 933
3 225 933 374
3 805 225 374
3 521 342 1032
3 365 342 1032
3 521 365 1032
3 1115 1032 342
3 1115 1032 521
3 1032 581 545
3 6 581 1032
3 545 6 581
3 1032 545 6
3 521 1032 581
3 521 1032 545
3 581 521 545
3 98 1097 708
3 360 98 708
3 360 708 1097
3 360 98 1097
3 98 708 404
3 708 404 1097
3 360 708 423
3 625 360 708
3 708 423 625
3 423 98 708
3 708 423 701
3 708 701 98
3 844 376 1043
3 844 344 1043
3 1043 376 344
3 385 1043 480
3 385 344 1043
3 344 480 1043
3 203 187 1043
3 1043 187 472
3 1043 472 203
3 472 203 187
3 1043 187 844
3 1043 203 844
3 203 187 844
3 734 444 962
3 444 962 560
3 734 560 962
3 444 284 962
3 962 734 284
3 962 187 472
3 472 284 962
3 962 187 284
3 1043 187 962
3 962 844 1043
3 962 844 187
3 1043 472 962
3 962 385 1043
3 962 385 472
3 385 1043 472
3 962 480 1043
3 444 962 480
3 1043 480 444
3 962 444 1043
3 385 480 962
3 962 480 327
3 385 327 480
3 962 385 327
3 962 327 444
3 327 480 444
3 981 632 814
3 981 632 429
3 814 632 429
3 981 429 814
3 200 981 632
3 632 814 200
3 814 200 981
3 814 224 1199
3 814 224 429
3 1199 429 814
3 277 748 1013
3 479 277 1013
3 479 277 748
3 479 1013 748
3 277 1013 1159
3 1159 1013 93
3 1159 277 93
3 277 93 1013
3 748 1159 1013
3 616 1159 1013
3 748 616 1159
3 748 1013 616
3 1159 93 616
3 93 1013 616
3 398 93 1013
3 1013 398 1098
3 1013 93 1098
3 403 632 981
3 632 200 403
3 200 403 981
3 429 403 632
3 429 403 981
3 403 83 632
3 403 83 200
3 83 632 200
3 1050 403 632
3 1050 403 277
3 1050 277 632
3 403 277 632
3 83 1050 403
3 384 1050 403
3 384 83 1050
3 384 403 83
3 1050 277 384
3 277 403 384
3 88 250 1024
3 1024 250 943
3 943 88 250
3 728 250 909
3 728 250 638
3 909 638 728
3 638 250 909
3 139 624 1072
3 1072 624 700
3 700 139 624
3 753 139 624
3 624 753 1072
3 624 182 753
3 139 624 182
3 753 139 182
3 654 624 1072
3 654 624 753
3 182 476 624
3 624 476 101
3 182 101 476
3 182 101 624
3 624 476 753
3 647 22 768
3 22 992 768
3 647 22 992
3 647 768 992
3 859 794 22
3 22 794 608
3 859 22 608
3 256 22 794
3 859 256 22
3 391 22 768
3 391 22 794
3 22 794 768
3 794 391 768
3 391 22 647
3 391 22 1045
3 794 391 1045
3 794 22 1045
3 647 22 1045
3 391 1045 647
3 1143 598 899
3 598 912 899
3 912 899 1143
3 1143 598 912
3 601 598 899
3 899 601 1143
3 899 414 598
3 899 414 727
3 727 414 598
3 727 598 899
3 899 414 912
3 598 360 899
3 601 899 360
3 1143 236 899
3 236 601 899
3 885 414 899
3 912 885 414
3 899 912 885
3 727 414 885
3 727 899 885
3 727 658 899
3 899 303 727
3 658 899 303
3 727 236 899
3 899 658 236
3 746 193 437
3 715 437 746
3 193 437 715
3 746 193 715
3 437 746 1079
3 193 437 1079
3 437 288 746
3 1079 437 288
3 44 877 544
3 699 44 544
3 699 44 877
3 877 544 699
3 537 55 544
3 537 55 856
3 544 55 856
3 544 537 856
3 44 544 751
3 751 544 537
3 751 537 44
3 537 44 544
3 751 544 877
3 209 171 1094
3 171 642 1094
3 209 171 642
3 209 1094 642
3 589 171 209
3 589 171 1094
3 916 775 692
3 86 916 692
3 775 86 692
3 916 692 419
3 692 419 775
3 692 115 1036
3 86 115 692
3 1036 86 692
3 692 185 697
3 692 185 1051
3 1051 697 185
3 697 692 1051
3 692 185 775
3 697 692 775
3 697 185 775
3 319 398 1175
3 319 202 1175
3 202 1175 398
3 319 202 398
3 319 1175 1053
3 1053 319 398
3 319 62 1175
3 1053 319 62
3 319 122 1121
3 958 319 122
3 958 1121 319
3 857 574 852
3 852 846 574
3 852 846 857
3 215 1092 852
3 307 1092 852
3 307 215 1092
3 307 852 215
3 852 215 857
3 1092 852 857
3 421 852 574
3 421 145 574
3 145 574 852
3 421 145 852
3 421 574 857
3 857 421 852
3 828 421 574
3 857 828 421
3 215 857 421
3 852 215 421
3 421 1116 644
3 421 231 1116
3 644 421 231
3 215 644 421
3 1116 215 421
3 1127 628 56
3 1127 56 264
3 56 628 264
3 628 56 652
3 652 56 1127
3 649 56 904
3 649 56 264
3 56 904 264
3 56 904 951
3 56 951 649
3 295 56 951
3 295 56 904
3 295 951 904
3 135 56 951
3 135 56 628
3 951 628 135
3 951 628 56
3 135 56 295
3 135 56 980
3 628 135 980
3 628 56 980
3 135 980 295
3 980 56 295
3 804 321 640
3 321 640 696
3 640 804 696
3 640 272 804
3 272 804 321
3 640 272 321
3 383 696 640
3 383 321 640
3 878 195 640
3 383 195 640
3 878 383 640
3 640 406 878
3 406 640 195
3 640 379 804
3 640 379 878
3 804 379 878
3 640 878 804
3 272 379 640
3 640 379 361
3 878 379 361
3 640 361 878
3 361 272 379
3 640 361 272
3 769 130 771
3 769 130 151
3 771 151 769
3 771 130 151
3 406 130 769
3 769 406 771
3 406 130 771
3 980 406 130
3 878 130 980
3 406 130 878
3 980 130 135
3 130 406 135
3 652 279 628
3 279 361 652
3 279 628 361
3 16 652 279
3 628 16 279
3 652 379 279
3 379 279 361
3 980 279 361
3 628 361 980
3 980 279 628
3 279 45 361
3 279 45 980
3 983 339 1049
3 339 412 1049
3 1049 412 983
3 983 339 412
3 1049 91 983
3 339 91 1049
3 339 91 983
3 983 961 1049
3 1049 91 961
3 339 91 1083
3 339 1083 1049
3 1083 91 1049
3 424 99 1049
3 424 99 283
3 99 1049 283
3 424 283 1049
3 424 99 961
3 961 99 1049
3 961 424 1049
3 688 112 1129
3 1129 79 688
3 79 112 688
3 112 95 688
3 1129 95 688
3 95 808 688
3 808 112 688
3 95 1086 688
3 1129 95 1086
3 1086 688 1129
3 95 688 173
3 688 173 1105
3 1105 95 688
3 173 95 1105
3 688 173 1086
3 688 1105 890
3 688 416 1105
3 890 688 416
3 1105 79 688
3 79 890 688
3 688 173 52
3 173 52 1086
3 688 1086 52
3 1105 173 52
3 688 52 1105
3 684 156 736
3 648 156 736
3 736 684 648
3 151 736 769
3 648 151 736
3 648 769 736
3 769 130 736
3 736 406 130
3 736 769 406
3 151 130 736
3 156 736 427
3 130 736 427
3 427 156 130
3 156 130 736
3 685 427 736
3 427 156 685
3 156 736 685
3 945 566 820
3 890 820 945
3 945 566 890
3 566 238 945
3 820 238 945
3 465 79 945
3 890 465 945
3 890 79 945
3 945 787 238
3 787 566 945
3 238 348 945
3 945 348 820
3 820 238 348
3 506 350 492
3 492 483 506
3 506 350 483
3 350 492 483
3 506 145 626
3 506 145 667
3 626 506 667
3 465 79 206
3 206 79 1083
3 206 1083 465
3 945 206 465
3 206 79 945
3 575 206 643
3 643 206 465
3 206 575 465
3 643 575 465
3 1083 112 206
3 206 79 112
3 643 206 652
3 643 575 652
3 575 206 652
3 879 575 206
3 575 112 206
3 112 879 206
3 206 143 575
3 879 206 143
3 1053 93 967
3 398 93 967
3 967 398 1053
3 93 735 967
3 967 735 1053
3 1053 93 735
3 93 1013 967
3 1013 398 967
3 1053 319 967
3 319 398 967
3 93 967 413
3 967 413 1121
3 413 1121 93
3 1121 93 967
3 967 413 735
3 967 413 246
3 1121 413 246
3 967 246 1121
3 735 967 246
3 413 246 735
3 1121 122 967
3 967 25 1121
3 122 967 25
3 1121 319 967
3 319 122 967
3 144 105 1053
3 144 105 735
3 735 105 1053
3 735 144 1053
3 144 105 1068
3 1068 1053 105
3 1068 144 1053
3 144 105 811
3 735 105 811
3 811 735 144
3 1068 144 811
3 144 518 811
3 811 518 1068
3 1068 144 518
3 144 811 1153
3 1153 144 518
3 518 1153 811
3 1153 811 36
3 144 36 811
3 1153 36 144
3 1153 144 216
3 144 518 216
3 869 735 144
3 869 144 216
3 144 735 216
3 413 144 735
3 869 413 144
3 941 271 1006
3 1006 658 941
3 941 271 658
3 941 434 743
3 941 434 118
3 434 118 743
3 743 118 941
3 936 289 763
3 454 289 936
3 763 454 936
3 936 289 999
3 999 763 936
3 822 289 936
3 936 822 454
3 936 257 454
3 257 454 763
3 936 257 763
3 257 998 936
3 150 998 936
3 257 150 998
3 936 257 150
3 454 936 998
3 541 71 726
3 71 993 726
3 993 541 726
3 801 71 726
3 726 541 801
3 71 996 726
3 996 726 801
3 801 71 996
3 801 432 726
3 432 541 726
3 71 726 247
3 726 247 898
3 247 898 71
3 898 71 726
3 726 247 996
3 898 523 726
3 726 204 898
3 523 204 726
3 898 432 726
3 726 523 432
3 524 247 726
3 524 247 898
3 726 524 898
3 996 524 247
3 996 726 524
3 1032 581 784
3 784 521 1032
3 784 581 521
3 1032 6 784
3 6 784 581
3 1018 784 304
3 1018 784 1032
3 1032 304 1018
3 784 304 1032
3 462 1018 784
3 1018 304 462
3 304 784 462
3 1009 97 825
3 825 401 1009
3 401 97 825
3 97 930 825
3 930 825 1009
3 1009 97 930
3 1009 324 825
3 324 401 825
3 97 919 825
3 825 401 919
3 97 825 320
3 825 320 502
3 502 97 825
3 320 97 502
3 825 320 930
3 825 320 249
3 320 249 930
3 825 249 930
3 825 249 502
3 502 320 249
3 502 124 825
3 502 324 825
3 324 124 825
3 863 825 502
3 825 124 863
3 519 1061 1014
3 519 401 1061
3 519 401 1014
3 30 519 1014
3 1061 30 519
3 978 30 519
3 1014 519 978
3 519 107 1061
3 1061 30 107
3 30 519 107
3 770 519 1061
3 770 519 133
3 519 133 1061
3 1061 133 770
3 107 770 519
3 519 133 676
3 519 133 978
3 676 519 978
3 1133 519 133
3 1133 676 519
3 770 519 768
3 768 519 133
3 770 133 768
3 768 107 770
3 519 768 107
3 424 99 807
3 807 99 961
3 424 961 807
3 807 99 283
3 1158 283 807
3 807 99 1158
3 424 283 807
3 602 34 807
3 969 602 807
3 969 807 34
3 807 34 1158
3 807 602 1158
3 424 626 807
3 424 283 626
3 283 807 626
3 424 807 1042
3 1042 807 34
3 424 34 807
3 1042 424 34
3 626 1042 807
3 1042 424 626
3 1042 807 830
3 1042 34 830
3 830 807 34
3 830 626 1042
3 830 626 807
3 762 123 862
3 762 514 862
3 862 123 514
3 762 911 862
3 862 123 911
3 862 464 762
3 464 762 514
3 862 464 514
3 568 514 862
3 862 123 568
3 862 564 762
3 511 862 564
3 762 511 862
3 762 564 511
3 464 564 862
3 570 564 862
3 570 464 564
3 570 862 464
3 511 862 570
3 564 511 570
3 511 359 862
3 862 431 511
3 862 431 359
3 568 511 862
3 568 359 862
3 370 341 709
3 709 1163 370
3 1163 709 341
3 709 370 986
3 709 341 986
3 908 323 709
3 709 908 123
3 323 123 709
3 36 709 908
3 908 709 986
3 986 36 709
3 323 36 709
3 776 709 341
3 323 709 776
3 341 323 776
3 341 323 709
3 590 776 709
3 776 341 590
3 341 709 590
3 776 323 400
3 911 400 776
3 776 323 911
3 323 400 911
3 400 776 709
3 323 400 709
3 400 96 776
3 400 96 1153
3 400 1153 776
3 776 96 1153
3 400 96 911
3 590 400 776
3 590 709 400
3 323 36 400
3 36 709 400
3 400 96 475
3 475 400 1153
3 475 96 1153
3 911 475 96
3 911 400 475
3 400 1153 811
3 518 400 1153
3 518 811 400
3 1153 36 400
3 36 811 400
3 453 259 629
3 453 259 669
3 629 259 669
3 629 453 669
3 453 259 952
3 952 629 453
3 952 629 259
3 629 108 839
3 839 333 629
3 629 108 333
3 108 839 333
3 1128 629 839
3 1128 629 259
3 839 259 1128
3 629 259 839
3 108 1128 629
3 265 1128 629
3 1128 259 265
3 259 629 265
3 629 265 108
3 265 108 1128
3 220 1047 558
3 220 219 558
3 220 219 1047
3 558 220 496
3 220 1047 496
3 57 220 1112
3 1112 220 496
3 496 57 220
3 220 1059 1112
3 222 220 1112
3 222 220 1059
3 1059 57 220
3 675 220 1059
3 1059 57 675
3 57 220 675
3 297 220 1059
3 297 220 1047
3 1059 297 1047
3 1059 1047 220
3 297 220 675
3 297 220 562
3 675 562 297
3 562 220 675
3 562 297 1047
3 562 220 1047
3 1017 881 520
3 520 881 671
3 1017 520 671
3 783 1017 520
3 783 520 881
3 520 282 337
3 671 337 520
3 520 282 671
3 849 337 520
3 849 282 520
3 593 520 849
3 849 337 593
3 337 520 593
3 895 520 849
3 881 520 895
3 520 881 849
3 881 849 895
3 895 520 593
3 90 895 520
3 593 90 895
3 520 593 90
3 520 90 881
3 90 895 881
3 538 159 501
3 538 783 501
3 159 783 501
3 538 501 571
3 571 159 501
3 501 571 657
3 538 501 657
3 159 785 501
3 571 159 785
3 785 501 571
3 159 501 432
3 501 432 674
3 674 159 501
3 432 674 159
3 501 432 785
3 674 317 501
3 501 674 657
3 501 317 657
3 377 501 317
3 501 377 674
3 501 432 523
3 523 501 674
3 523 432 674
3 785 523 432
3 785 501 523
3 70 742 972
3 359 70 972
3 359 972 742
3 359 70 742
3 246 70 742
3 246 70 332
3 70 742 332
3 70 972 246
3 540 70 359
3 540 70 797
3 797 359 540
3 797 70 359
3 540 70 972
3 246 970 70
3 970 70 972
3 645 234 830
3 645 759 830
3 234 830 759
3 645 234 759
3 234 913 645
3 336 913 645
3 336 234 913
3 645 336 234
3 913 645 830
3 828 645 759
3 828 645 1081
3 645 759 1081
3 645 830 828
3 1042 645 828
3 1042 645 830
3 969 234 971
3 971 34 969
3 234 971 34
3 969 886 971
3 886 234 971
3 463 162 971
3 971 738 162
3 971 463 738
3 971 463 1022
3 1022 886 971
3 971 463 886
3 1022 162 971
3 162 741 971
3 1022 162 741
3 971 741 1022
3 162 971 661
3 971 661 969
3 661 969 162
3 969 162 971
3 971 661 741
3 971 661 237
3 661 237 741
3 741 971 237
3 969 661 237
3 971 237 969
3 453 259 296
3 669 259 296
3 669 296 453
3 296 259 952
3 296 952 453
3 296 259 609
3 296 952 609
3 873 296 453
3 873 296 952
3 952 453 873
3 296 190 483
3 483 190 667
3 483 667 296
3 667 296 190
3 483 190 609
3 483 296 609
3 296 190 609
3 838 296 453
3 838 296 190
3 296 190 453
3 838 190 453
3 838 296 873
3 838 296 712
3 712 296 190
3 838 190 712
3 838 712 873
3 873 296 712
3 272 172 889
3 730 172 889
3 730 272 889
3 914 889 172
3 914 272 889
3 889 238 348
3 567 348 889
3 889 238 567
3 238 348 567
3 348 889 945
3 945 889 172
3 348 172 889
3 348 945 172
3 238 945 889
3 465 945 889
3 465 238 945
3 889 465 238
3 172 889 465
3 945 172 465
3 1011 914 340
3 91 1011 914
3 914 91 340
3 91 1011 340
3 172 914 1011
3 340 172 914
3 1011 172 340
3 643 1011 914
3 643 91 914
3 643 91 1011
3 1011 172 643
3 643 465 1011
3 172 643 465
3 1011 172 465
3 643 206 1011
3 1011 206 465
3 1011 652 643
3 1011 652 206
3 1011 206 1083
3 1083 465 1011
3 339 91 1011
3 91 1011 983
3 983 339 1011
3 1011 339 1083
3 1011 91 1083
3 684 366 1019
3 366 1019 1033
3 684 366 1033
3 684 156 366
3 1019 156 366
3 774 231 366
3 1033 774 366
3 366 231 1033
3 156 736 366
3 684 366 736
3 156 738 366
3 1019 156 738
3 738 366 1019
3 156 366 842
3 774 366 842
3 842 774 156
3 774 156 366
3 842 366 738
3 842 366 409
3 738 409 842
3 738 409 366
3 409 842 774
3 409 366 774
3 460 73 1148
3 508 460 1148
3 508 73 1148
3 1148 68 582
3 582 508 1148
3 1148 68 508
3 457 68 1148
3 1148 68 872
3 1148 872 457
3 582 457 1148
3 1148 308 460
3 1148 308 457
3 460 457 1148
3 457 308 460
3 1148 308 27
3 1148 27 460
3 460 308 27
3 596 218 1054
3 596 218 1044
3 1054 1044 218
3 1054 1044 596
3 596 218 672
3 672 218 1054
3 1054 596 672
3 596 218 778
3 778 218 1044
3 778 596 1044
3 596 778 672
3 778 218 672
3 1054 50 218
3 1054 50 672
3 50 218 672
3 218 1054 1182
3 50 218 1182
3 218 3 1054
3 218 3 1182
3 218 1044 549
3 1044 218 1119
3 1119 218 549
3 527 622 1093
3 777 527 622
3 622 777 1093
3 527 208 1093
3 527 208 622
3 208 1093 622
3 622 368 777
3 368 777 527
3 622 368 527
3 622 139 777
3 1093 139 622
3 368 382 622
3 622 382 917
3 917 368 382
3 622 917 368
3 622 382 777
3 527 198 208
3 527 198 975
3 527 975 208
3 198 975 208
3 527 198 1093
3 1093 198 208
3 527 198 435
3 975 527 435
3 435 198 975
3 527 435 1093
3 435 198 1093
3 619 208 698
3 198 208 619
3 698 198 208
3 619 698 198
3 198 975 248
3 248 198 528
3 198 975 528
3 865 198 975
3 248 198 865
3 610 1060 1131
3 1131 1060 136
3 610 136 1060
3 610 1131 136
3 260 1131 1060
3 260 610 1131
3 619 208 1030
3 698 619 1030
3 698 208 1030
3 1030 475 96
3 280 475 1030
3 280 96 475
3 1030 96 280
3 1030 475 619
3 1030 96 619
3 619 475 96
3 966 3 1031
3 1031 179 966
3 3 1031 179
3 966 3 179
3 3 1126 966
3 535 1126 966
3 535 3 1126
3 966 535 3
3 1126 966 1031
3 179 966 917
3 1031 917 966
3 966 917 1170
3 1170 179 966
3 966 917 119
3 966 119 1031
3 1182 449 597
3 449 870 597
3 1182 449 870
3 870 597 1182
3 449 50 597
3 597 50 1182
3 449 597 847
3 847 597 549
3 549 449 597
3 847 549 449
3 847 597 870
3 449 1180 597
3 1180 50 597
3 597 50 218
3 1182 218 597
3 847 597 858
3 847 549 858
3 858 597 549
3 870 858 847
3 870 858 597
3 597 549 1044
3 597 242 549
3 1044 597 242
3 218 1044 597
3 549 218 597
3 392 149 452
3 392 149 559
3 559 392 452
3 149 559 452
3 392 149 875
3 875 149 452
3 392 149 285
3 285 875 149
3 392 285 875
3 559 392 285
3 285 149 559
3 452 58 149
3 1125 149 452
3 1125 58 149
3 1048 559 149
3 1048 149 221
3 149 559 221
3 452 58 1186
3 1186 752 58
3 1186 752 452
3 149 1186 452
3 875 149 1186
3 1186 452 875
3 149 58 1186
3 58 221 1186
3 149 58 221
3 149 1186 221
3 58 1186 871
3 23 1186 871
3 871 58 23
3 58 23 1186
3 221 871 1186
3 1186 871 223
3 871 23 223
3 23 1186 223
3 223 221 871
3 223 221 1186
3 772 522 245
3 772 245 815
3 815 522 245
3 814 245 981
3 522 245 814
3 814 522 981
3 522 245 981
3 225 202 1012
3 933 202 1012
3 933 225 1012
3 1012 100 704
3 933 704 1012
3 1012 100 933
3 704 141 1012
3 141 100 1012
3 141 517 1012
3 1012 517 704
3 704 141 517
3 141 1012 1098
3 1098 1012 202
3 202 141 1012
3 1098 202 141
3 517 1098 1012
3 1098 141 517
3 398 1098 1012
3 517 398 1098
3 517 398 1012
3 202 1012 398
3 1098 202 398
3 663 321 826
3 696 663 321
3 826 696 663
3 730 663 321
3 556 663 730
3 556 321 663
3 556 730 321
3 272 730 663
3 272 730 321
3 663 272 321
3 715 356 786
3 715 356 503
3 786 503 715
3 503 356 786
3 826 321 503
3 503 383 826
3 383 321 503
3 503 826 663
3 503 321 663
3 503 437 715
3 503 437 826
3 503 826 715
3 826 437 715
3 503 437 746
3 746 503 715
3 715 356 818
3 786 715 818
3 786 356 818
3 818 304 942
3 818 304 786
3 942 786 818
3 1 554 1102
3 1102 554 1020
3 1020 1 554
3 554 1065 1102
3 1065 1 554
3 554 1102 318
3 554 318 1065
3 307 488 835
3 556 488 835
3 556 307 488
3 556 835 307
3 488 285 307
3 285 835 488
3 285 307 835
3 559 307 488
3 285 307 559
3 488 285 559
3 835 488 585
3 835 556 585
3 556 488 585
3 488 585 285
3 585 285 835
3 567 889 585
3 730 567 585
3 730 567 889
3 889 585 730
3 585 348 567
3 585 348 835
3 835 567 585
3 567 835 348
3 585 348 889
3 492 348 585
3 585 492 835
3 492 348 835
3 889 492 348
3 585 492 889
3 850 84 754
3 754 273 850
3 850 84 273
3 84 754 273
3 850 700 754
3 84 754 700
3 982 754 850
3 982 754 430
3 754 430 850
3 850 430 982
3 273 982 754
3 754 700 51
3 754 51 850
3 754 700 1072
3 1072 84 754
3 363 982 754
3 754 273 363
3 363 273 982
3 754 363 430
3 363 982 430
3 430 196 754
3 430 196 1072
3 754 196 1072
3 754 430 1072
3 430 196 1134
3 1134 196 754
3 1134 754 430
3 968 399 1196
3 17 399 968
3 1196 17 968
3 399 375 968
3 1196 375 968
3 968 780 375
3 780 399 968
3 375 1108 968
3 1196 375 1108
3 1108 968 1196
3 375 968 524
3 968 524 940
3 524 375 940
3 940 375 968
3 968 524 1108
3 940 433 968
3 968 26 940
3 433 968 26
3 968 433 17
3 940 17 968
3 968 524 247
3 524 247 1108
3 1108 968 247
3 940 524 247
3 968 247 940
3 1071 412 1117
3 1117 615 412
3 1117 1071 615
3 199 1117 1071
3 412 199 1117
3 1162 199 1117
3 1117 1071 1162
3 1117 339 412
3 412 199 339
3 199 1117 339
3 412 1117 1049
3 60 1117 1049
3 1049 60 412
3 412 60 1117
3 339 1049 1117
3 60 38 1117
3 60 1117 989
3 989 38 1117
3 1117 60 1162
3 1117 38 1162
3 1117 1049 99
3 1049 60 99
3 60 1117 99
3 339 99 1049
3 339 99 1117
3 301 954 580
3 615 301 954
3 301 580 615
3 1149 301 580
3 954 580 1149
3 1149 301 954
3 47 615 301
3 954 47 301
3 983 301 580
3 615 983 301
3 685 301 580
3 685 301 951
3 685 580 951
3 301 951 580
3 685 301 1149
3 685 301 427
3 951 685 427
3 427 301 951
3 685 427 1149
3 1149 301 427
3 301 951 649
3 47 649 301
3 951 47 301
3 301 56 951
3 649 301 56
3 760 460 819
3 460 887 819
3 760 460 887
3 760 819 887
3 819 73 760
3 460 73 819
3 819 309 460
3 819 309 357
3 460 357 819
3 460 357 309
3 819 309 887
3 819 73 510
3 760 510 819
3 1148 73 819
3 460 1148 819
3 819 309 864
3 357 309 864
3 864 819 357
3 887 864 309
3 864 819 887
3 716 357 819
3 819 716 510
3 510 357 819
3 819 716 822
3 822 819 357
3 1048 254 606
3 1048 254 505
3 254 606 505
3 254 559 1048
3 254 606 559
3 254 149 559
3 1048 254 149
3 488 254 559
3 488 254 606
3 488 559 606
3 307 254 559
3 307 254 1040
3 559 1040 307
3 254 1040 559
3 307 254 488
3 1091 1040 254
3 634 254 1040
3 634 254 1091
3 1091 254 505
3 254 1040 505
3 307 254 1092
3 1040 307 1092
3 1040 254 1092
3 307 1092 488
3 488 254 1092
3 1157 923 103
3 85 923 1157
3 103 85 923
3 103 1157 85
3 467 85 923
3 923 467 773
3 773 85 923
3 923 474 85
3 923 467 474
3 1038 773 923
3 923 467 1038
3 120 103 923
3 923 103 1038
3 923 120 1038
3 1091 923 103
3 1091 120 923
3 241 806 634
3 634 827 241
3 827 241 806
3 241 1157 923
3 1157 103 241
3 103 923 241
3 634 241 1040
3 1040 103 241
3 103 634 241
3 241 1040 806
3 1092 241 806
3 1040 806 1092
3 1092 241 1040
3 241 215 806
3 241 215 1157
3 806 215 1157
3 241 1157 806
3 241 215 1092
3 241 215 644
3 1092 644 215
3 1092 241 644
3 644 215 1157
3 644 241 1157
3 882 24 308
3 457 308 882
3 24 308 457
3 882 24 457
3 24 578 882
3 773 578 882
3 773 24 578
3 882 773 24
3 308 882 578
3 457 882 1148
3 582 1148 882
3 582 457 882
3 1148 308 882
3 1148 27 882
3 308 27 882
3 1141 8 1100
3 1100 165 1141
3 1141 8 165
3 137 8 1141
3 1100 137 1141
3 1141 1138 137
3 1138 8 1141
3 137 433 1141
3 1100 137 433
3 1141 433 1100
3 639 191 1141
3 191 165 1141
3 1141 639 165
3 191 1141 821
3 1141 639 821
3 137 1141 997
3 191 1141 997
3 191 137 1141
3 191 137 997
3 433 997 1141
3 1141 997 417
3 191 1141 417
3 997 191 417
3 433 417 997
3 433 417 1141
3 973 666 29
3 516 973 29
3 516 29 666
3 824 666 29
3 973 29 824
3 5 456 1111
3 495 5 1111
3 1111 456 495
3 495 5 456
3 1166 5 456
3 5 1111 1166
3 536 5 1111
3 408 5 536
3 1111 408 5
3 1111 536 408
3 536 5 495
3 5 456 767
3 1166 5 767
3 155 5 1111
3 1166 155 5
3 1067 408 5
3 767 408 5
3 1067 5 767
3 408 5 1155
3 1155 5 1067
3 1155 61 408
3 408 14 61
3 14 1155 61
3 61 1174 1052
3 1174 14 61
3 14 1052 61
3 1052 77 61
3 77 61 1174
3 61 4 1055
3 61 4 1174
3 1055 61 1174
3 1055 4 1174
3 19 683 1187
3 1167 19 683
3 19 1187 1167
3 724 19 1187
3 1187 683 724
3 724 19 683
3 19 683 536
3 1167 19 536
3 299 19 1187
3 1167 299 19
3 329 19 1187
3 329 19 630
3 1187 630 19
3 1187 630 329
3 329 19 724
3 1187 329 724
3 268 155 1136
3 268 1167 1136
3 1136 155 1167
3 1136 155 579
3 579 268 1136
3 740 579 1136
3 1136 155 740
3 268 397 1136
3 1136 397 579
3 579 268 397
3 268 1136 956
3 270 1136 956
3 956 268 270
3 270 268 1136
3 397 956 1136
3 270 28 1136
3 740 270 1136
3 740 28 1136
3 270 1136 799
3 1136 28 799
3 1136 956 72
3 72 956 270
3 1136 72 270
3 397 72 956
3 397 72 1136
3 329 19 1171
3 630 19 1171
3 630 329 1171
3 1171 19 724
3 329 1171 724
3 1171 142 918
3 142 630 918
3 1171 142 630
3 918 630 1171
3 1171 856 55
3 651 856 1171
3 651 55 1171
3 651 55 856
3 329 1171 856
3 55 856 329
3 1171 55 329
3 724 244 329
3 244 837 724
3 244 329 837
3 724 244 1187
3 244 329 1187
3 635 244 837
3 724 244 635
3 244 55 837
3 55 837 329
3 244 55 329
3 1107 802 15
3 802 15 831
3 831 15 1107
3 15 1171 856
3 329 15 1171
3 856 329 15
3 15 651 1171
3 856 15 651
3 918 15 1171
3 918 15 651
3 1171 651 918
3 142 15 1171
3 142 15 802
3 802 142 1171
3 1171 802 15
3 142 15 918
3 142 15 1183
3 142 1183 918
3 1183 15 918
3 802 142 1183
3 802 15 1183
3 1006 959 485
3 658 485 959
3 658 485 1006
3 959 89 485
3 89 1006 485
3 485 251 515
3 515 89 485
3 89 251 485
3 485 193 584
3 485 193 1079
3 1079 485 584
3 1079 584 193
3 485 193 959
3 584 485 959
3 584 193 959
3 82 3 1185
3 1054 3 1185
3 1054 82 1185
3 1185 3 1087
3 82 1185 1087
3 672 118 1185
3 1185 672 434
3 1185 434 118
3 596 1185 672
3 1185 672 1054
3 1054 596 1185
3 596 118 1185
3 118 386 1185
3 1185 386 596
3 596 118 386
3 118 1185 1165
3 82 1185 1165
3 118 82 1185
3 1165 82 118
3 386 1165 1185
3 1165 118 386
3 1185 1165 13
3 1185 13 82
3 13 1165 82
3 386 13 1165
3 386 13 1185
3 725 608 859
3 563 725 608
3 608 563 859
3 859 725 563
3 426 608 725
3 859 426 608
3 725 426 859
3 537 725 608
3 608 563 537
3 563 537 725
3 426 537 608
3 725 426 537
3 537 55 725
3 725 544 537
3 544 55 725
3 635 563 725
3 725 252 563
3 635 725 252
3 725 635 837
3 725 563 837
3 1172 1164 43
3 1172 43 143
3 43 1164 143
3 225 43 1172
3 225 43 1164
3 631 43 879
3 631 43 143
3 43 879 143
3 43 1169 631
3 631 451 43
3 451 43 1169
3 43 879 1169
3 808 43 1169
3 808 1169 879
3 808 43 879
3 62 43 1169
3 62 43 1164
3 1169 62 1164
3 1169 1164 43
3 62 43 808
3 62 43 1175
3 62 1175 808
3 808 43 1175
3 1164 62 1175
3 1164 43 1175
3 708 404 977
3 977 98 708
3 404 977 98
3 625 253 977
3 189 253 977
3 977 189 625
3 625 189 253
3 977 253 708
3 977 625 708
3 625 253 708
3 588 420 988
3 988 94 588
3 420 94 588
3 420 94 988
3 588 1123 662
3 287 1123 662
3 588 287 1123
3 662 588 287
3 1123 662 78
3 78 662 588
3 1123 78 588
3 78 420 588
3 988 78 588
3 588 29 1123
3 588 29 94
3 94 29 1123
3 1123 94 588
3 588 29 666
3 666 29 1123
3 666 588 1123
3 536 1168 630
3 4 1168 630
3 630 536 4
3 536 4 1168
3 1168 630 19
3 19 630 536
3 1168 19 536
3 61 4 1168
3 1168 1055 4
3 1168 61 1055
3 536 5 1168
3 1168 495 536
3 1168 5 495
3 408 5 1168
3 536 408 1168
3 844 376 646
3 646 1043 376
3 1043 646 844
3 844 263 646
3 263 646 376
3 646 235 844
3 235 844 263
3 646 235 263
3 949 646 844
3 949 646 217
3 646 217 844
3 844 217 949
3 235 949 646
3 280 949 646
3 217 646 280
3 949 217 280
3 280 235 949
3 646 280 235
3 224 66 1199
3 224 66 650
3 1199 650 224
3 1199 66 650
3 224 66 814
3 1199 66 814
3 66 814 245
3 981 66 814
3 245 981 66
3 493 388 935
3 493 388 1078
3 388 1078 935
3 935 493 1078
3 493 255 352
3 493 255 604
3 604 352 493
3 380 1176 689
3 1176 689 1146
3 1146 380 1176
3 227 1145 1176
3 1176 1145 371
3 371 227 1145
3 371 1176 227
3 473 624 476
3 624 101 473
3 101 476 473
3 624 473 753
3 753 476 473
3 705 473 551
3 473 963 551
3 705 473 963
3 963 551 705
3 473 214 551
3 473 214 624
3 551 624 214
3 473 624 551
3 473 214 705
3 473 214 700
3 705 700 214
3 705 473 700
3 624 214 700
3 624 473 700
3 768 129 770
3 751 129 768
3 751 129 770
3 768 751 770
3 22 768 129
3 770 22 768
3 129 770 22
3 768 129 992
3 992 751 129
3 992 768 751
3 129 22 992
3 129 608 992
3 22 992 608
3 129 22 608
3 426 129 608
3 129 992 426
3 129 608 537
3 426 129 537
3 500 129 992
3 426 500 129
3 129 751 544
3 129 751 537
3 544 129 537
3 751 129 877
3 877 129 544
3 418 525 1010
3 826 418 525
3 1010 525 826
3 474 418 525
3 1010 474 525
3 525 210 474
3 525 210 418
3 210 474 418
3 474 85 525
3 525 85 1010
3 503 437 525
3 746 525 437
3 746 525 503
3 525 437 826
3 525 503 826
3 729 193 1079
3 729 193 437
3 1079 437 729
3 1079 485 729
3 485 193 729
3 485 515 729
3 1079 485 515
3 729 515 1079
3 729 959 193
3 485 959 729
3 729 251 515
3 529 251 729
3 251 529 515
3 529 515 729
3 729 251 485
3 278 856 699
3 544 278 699
3 544 278 856
3 544 699 856
3 651 278 856
3 278 699 651
3 278 44 699
3 278 44 1107
3 1107 44 699
3 278 1107 699
3 278 44 544
3 856 15 278
3 15 651 278
3 278 209 699
3 651 209 278
3 278 44 1007
3 1007 44 1107
3 1007 278 1107
3 44 1007 544
3 1007 278 544
3 278 1107 802
3 317 278 1107
3 317 802 278
3 1107 15 278
3 15 802 278
3 305 687 717
3 305 717 795
3 795 305 687
3 589 171 305
3 305 209 589
3 209 171 305
3 555 305 717
3 555 717 687
3 555 305 687
3 553 305 717
3 795 305 553
3 305 249 717
3 305 249 589
3 589 249 717
3 717 589 305
3 305 249 555
3 305 249 320
3 320 249 589
3 320 305 589
3 555 320 249
3 555 320 305
3 687 347 1075
3 491 347 687
3 491 347 1075
3 687 491 1075
3 687 347 795
3 687 1075 795
3 795 1075 347
3 1124 347 487
3 347 487 906
3 1124 347 906
3 1074 491 347
3 1074 347 164
3 347 164 491
3 906 491 347
3 1074 347 906
3 1094 572 642
3 1094 572 469
3 1094 642 469
3 572 469 642
3 572 171 642
3 171 1094 572
3 642 369 572
3 572 171 369
3 171 642 369
3 572 205 369
3 642 205 572
3 1177 369 572
3 572 205 1177
3 572 205 651
3 651 572 642
3 469 338 572
3 572 469 1177
3 572 338 1177
3 542 1094 572
3 469 572 542
3 1094 469 542
3 542 171 572
3 542 171 1094
3 960 542 633
3 633 469 960
3 469 960 542
3 633 469 542
3 960 477 542
3 542 960 102
3 477 102 542
3 633 477 542
3 542 342 477
3 342 477 633
3 542 342 633
3 477 542 693
3 693 542 1094
3 1094 477 542
3 693 477 1094
3 342 693 542
3 693 542 803
3 803 342 693
3 542 803 342
3 803 542 1094
3 803 693 1094
3 670 115 692
3 670 115 812
3 812 115 692
3 670 812 692
3 670 115 1036
3 1036 670 692
3 670 115 883
3 1036 883 115
3 1036 883 670
3 812 115 883
3 812 670 883
3 670 1051 692
3 1051 692 1036
3 1036 670 1051
3 670 185 1051
3 692 185 670
3 1051 232 670
3 670 185 232
3 775 670 692
3 775 185 670
3 880 812 670
3 670 69 812
3 880 670 69
3 812 232 670
3 232 880 670
3 350 492 442
3 835 350 442
3 492 442 835
3 835 350 492
3 350 442 506
3 506 442 852
3 506 350 852
3 852 350 442
3 506 442 492
3 350 285 442
3 442 285 835
3 145 506 442
3 492 145 506
3 442 492 145
3 852 506 145
3 442 145 852
3 350 292 442
3 292 285 442
3 442 285 307
3 835 307 442
3 1092 852 442
3 852 442 857
3 857 1092 442
3 307 1092 442
3 852 307 442
3 594 318 1080
3 318 832 1080
3 594 1080 832
3 594 318 832
3 326 318 1080
3 1080 326 594
3 318 1080 1144
3 1144 1080 279
3 318 1144 279
3 318 279 1080
3 832 1144 1080
3 1080 1065 318
3 1080 326 1065
3 16 1144 1080
3 832 16 1144
3 832 16 1080
3 16 1144 279
3 1080 16 279
3 279 45 1080
3 279 1080 361
3 361 45 1080
3 427 130 903
3 736 427 903
3 130 903 736
3 903 135 427
3 427 130 135
3 130 903 135
3 903 685 427
3 903 736 685
3 151 736 903
3 151 130 903
3 903 295 427
3 903 295 860
3 860 427 903
3 427 295 860
3 135 295 903
3 903 295 189
3 903 189 860
3 860 295 189
3 903 135 189
3 189 135 295
3 860 87 903
3 151 87 860
3 151 87 903
3 860 151 903
3 860 87 900
3 860 903 900
3 900 903 87
3 483 1028 492
3 1028 492 820
3 820 483 1028
3 492 820 483
3 483 506 1028
3 1028 492 506
3 667 483 1028
3 667 483 506
3 1028 506 667
3 1028 492 348
3 1028 348 820
3 820 492 348
3 492 348 506
3 1028 348 506
3 483 190 1028
3 1028 190 667
3 1028 609 483
3 1028 609 190
3 667 291 1028
3 1028 190 291
3 820 557 1028
3 820 291 1028
3 1028 557 291
3 1028 566 820
3 566 1028 557
3 626 145 211
3 145 506 211
3 506 626 211
3 626 211 1042
3 1042 145 211
3 211 1042 424
3 626 211 424
3 145 574 211
3 1042 145 574
3 574 211 1042
3 145 211 421
3 421 211 866
3 866 145 211
3 421 145 866
3 421 211 574
3 961 866 211
3 340 211 866
3 340 211 961
3 211 866 424
3 961 211 424
3 421 211 1116
3 866 211 1116
3 866 421 1116
3 421 1116 574
3 574 211 1116
3 386 378 781
3 781 378 1160
3 781 386 1160
3 781 37 926
3 926 243 781
3 243 37 781
3 781 926 1160
3 781 37 1160
3 243 404 781
3 781 404 926
3 926 243 404
3 243 781 1097
3 1097 781 378
3 378 243 781
3 1097 378 243
3 404 1097 781
3 601 1097 781
3 601 404 781
3 601 404 1097
3 378 781 601
3 1097 378 601
3 872 262 455
3 766 455 872
3 262 455 766
3 872 262 766
3 262 455 1193
3 455 872 1193
3 455 65 872
3 455 65 936
3 872 65 936
3 455 936 872
3 455 65 766
3 262 150 455
3 150 1193 455
3 457 455 872
3 1193 455 457
3 455 65 999
3 65 999 766
3 766 455 999
3 936 65 999
3 936 455 999
3 998 936 455
3 455 454 936
3 998 454 455
3 936 150 455
3 150 998 455
3 394 1032 1018
3 394 1018 784
3 784 394 1032
3 394 365 1018
3 365 1018 1032
3 394 365 1032
3 462 394 1018
3 784 394 462
3 1032 6 394
3 6 784 394
3 500 394 1018
3 500 394 647
3 1018 500 647
3 1018 647 394
3 365 500 394
3 500 394 992
3 647 500 992
3 647 394 992
3 992 365 500
3 394 992 365
3 1133 647 394
3 647 6 394
3 6 1133 394
3 394 391 647
3 394 391 1133
3 333 629 362
3 669 333 362
3 669 333 629
3 629 362 669
3 333 362 839
3 600 362 839
3 600 333 362
3 839 600 333
3 839 362 629
3 641 600 362
3 1029 600 362
3 641 362 1029
3 600 362 690
3 641 690 362
3 839 362 621
3 600 362 621
3 839 600 621
3 629 621 362
3 629 621 839
3 526 621 915
3 600 915 621
3 600 526 621
3 915 343 621
3 621 372 915
3 621 372 343
3 526 343 621
3 343 466 621
3 526 343 466
3 621 466 526
3 343 621 599
3 621 599 839
3 599 343 839
3 839 343 621
3 466 599 621
3 621 599 576
3 839 599 576
3 621 576 839
3 576 466 599
3 621 576 466
3 849 282 470
3 470 282 39
3 849 39 470
3 520 282 470
3 520 470 849
3 710 470 1041
3 39 710 470
3 1041 39 470
3 710 345 470
3 710 377 470
3 470 377 345
3 1041 345 470
3 345 481 470
3 1041 345 481
3 481 470 1041
3 470 101 345
3 470 101 849
3 849 345 470
3 345 849 101
3 470 101 481
3 345 101 481
3 470 101 476
3 476 470 849
3 476 101 849
3 481 476 101
3 481 470 476
3 540 70 739
3 972 540 739
3 972 739 70
3 739 540 797
3 739 70 797
3 816 653 739
3 739 816 410
3 653 410 739
3 157 739 816
3 816 739 797
3 797 157 739
3 653 157 739
3 739 395 653
3 653 157 395
3 157 739 395
3 739 569 653
3 70 739 569
3 653 70 569
3 653 70 739
3 395 569 739
3 739 569 332
3 395 332 569
3 395 332 739
3 569 70 332
3 70 739 332
3 407 104 1029
3 104 1029 336
3 407 104 336
3 104 669 407
3 453 104 669
3 407 453 104
3 104 1029 669
3 913 645 104
3 104 645 336
3 913 104 336
3 645 104 830
3 913 104 830
3 362 104 669
3 362 669 1029
3 362 104 1029
3 333 104 669
3 333 104 645
3 669 333 645
3 669 645 104
3 333 104 362
3 333 104 1081
3 645 333 1081
3 645 104 1081
3 333 1081 362
3 362 104 1081
3 774 231 694
3 694 366 774
3 366 231 694
3 694 231 1116
3 694 1116 774
3 1116 184 694
3 184 231 694
3 866 694 774
3 1116 774 866
3 866 694 1116
3 694 340 774
3 694 340 804
3 804 340 774
3 694 804 774
3 694 340 866
3 694 804 696
3 804 184 694
3 184 696 694
3 694 640 804
3 696 640 694
3 694 340 914
3 804 340 914
3 804 694 914
3 340 914 866
3 914 694 866
3 622 382 840
3 840 622 917
3 840 382 917
3 777 840 382
3 622 840 777
3 0 840 1170
3 917 0 840
3 1170 840 917
3 840 698 208
3 622 840 698
3 840 208 622
3 208 698 622
3 334 698 840
3 840 334 208
3 334 208 698
3 1106 870 0
3 847 870 1106
3 847 0 870
3 847 0 1106
3 334 1106 870
3 0 870 334
3 1106 0 334
3 117 1106 870
3 870 334 117
3 334 117 1106
3 117 847 1106
3 376 117 1106
3 376 117 847
3 376 1106 847
3 263 117 1106
3 1106 263 376
3 1106 656 117
3 1106 656 263
3 1106 263 646
3 646 376 1106
3 334 217 1106
3 334 217 698
3 334 1106 698
3 1106 217 698
3 334 217 646
3 646 217 1106
3 646 334 1106
3 334 217 1069
3 698 217 1069
3 1069 334 698
3 1069 334 646
3 1069 646 217
3 217 1030 1069
3 698 217 1030
3 698 1069 1030
3 198 548 208
3 1093 198 548
3 548 208 1093
3 619 208 548
3 619 198 548
3 1030 548 619
3 548 1030 208
3 548 528 619
3 619 198 528
3 198 548 528
3 593 182 548
3 1093 593 548
3 548 182 1093
3 593 548 895
3 548 182 895
3 929 548 619
3 593 548 929
3 619 593 548
3 929 593 619
3 528 929 548
3 337 929 548
3 528 337 929
3 528 337 548
3 548 337 593
3 337 929 593
3 154 1131 1060
3 136 1060 154
3 1131 136 154
3 1060 260 154
3 260 154 1131
3 430 154 1134
3 136 430 154
3 1134 136 154
3 154 196 430
3 430 1072 154
3 1072 154 196
3 154 1134 196
3 1002 154 196
3 1134 196 1002
3 1002 154 1134
3 396 654 1002
3 396 196 1002
3 196 1002 654
3 396 196 654
3 993 396 654
3 396 1002 993
3 654 298 396
3 298 993 396
3 396 154 196
3 396 154 1131
3 154 1131 196
3 396 1131 196
3 396 154 1002
3 396 59 1002
3 396 59 993
3 1030 280 750
3 750 217 1030
3 217 1030 280
3 750 217 280
3 280 750 475
3 1030 475 750
3 1069 750 1030
3 1069 750 261
3 750 261 1030
3 1030 261 1069
3 217 1069 750
3 892 280 750
3 750 475 892
3 750 619 1030
3 750 475 619
3 678 261 750
3 750 261 892
3 750 678 892
3 991 750 261
3 991 678 750
3 1126 966 134
3 1031 134 1126
3 966 134 1031
3 1126 134 535
3 134 966 535
3 134 1192 1056
3 1056 134 67
3 134 67 1192
3 1056 134 266
3 1056 134 535
3 134 266 535
3 134 266 1192
3 293 134 1192
3 1192 266 293
3 293 134 266
3 328 134 1192
3 328 134 966
3 1192 328 966
3 1192 966 134
3 328 134 293
3 328 134 1170
3 1170 293 328
3 293 134 1170
3 966 328 1170
3 966 134 1170
3 225 202 757
3 1012 225 757
3 202 1012 757
3 1164 202 757
3 757 225 1164
3 202 1175 757
3 1164 202 1175
3 1175 757 1164
3 1164 170 757
3 170 225 757
3 202 757 319
3 757 319 1181
3 1181 202 757
3 319 202 1181
3 757 319 1175
3 757 1181 1066
3 1181 170 757
3 170 1066 757
3 1066 757 7
3 757 7 1181
3 757 319 122
3 757 122 1181
3 1181 319 122
3 319 122 1175
3 1175 757 122
3 141 100 1189
3 922 100 1189
3 922 141 1189
3 1012 100 1189
3 141 1189 1012
3 371 1189 772
3 1189 772 922
3 922 371 1189
3 772 522 1189
3 1189 245 772
3 522 245 1189
3 522 371 1189
3 715 356 367
3 715 367 503
3 503 356 367
3 715 818 367
3 356 818 367
3 367 503 746
3 715 367 746
3 356 663 367
3 663 367 503
3 503 356 663
3 356 367 556
3 556 367 606
3 606 356 367
3 606 356 556
3 556 367 663
3 556 356 663
3 556 367 488
3 488 367 606
3 606 556 488
3 556 488 663
3 488 367 663
3 606 288 367
3 746 606 367
3 367 288 746
3 367 1048 288
3 606 367 1048
3 223 6 1147
3 1147 6 871
3 1147 871 223
3 1147 6 581
3 581 223 1147
3 1147 6 784
3 784 581 1147
3 223 1035 1147
3 581 223 1035
3 581 1147 1035
3 1147 995 1035
3 1147 995 1
3 995 1 1035
3 1035 1 1147
3 223 1147 995
3 556 718 663
3 356 663 718
3 556 356 718
3 730 556 718
3 730 663 718
3 718 585 730
3 730 556 585
3 556 718 585
3 718 272 730
3 663 718 272
3 718 567 730
3 554 718 567
3 567 730 554
3 718 554 730
3 718 567 585
3 718 554 818
3 818 554 1065
3 1065 718 554
3 818 718 1065
3 356 818 554
3 356 818 718
3 554 356 718
3 718 567 1020
3 567 554 1020
3 1020 718 554
3 718 1020 585
3 567 1020 585
3 114 882 578
3 578 114 773
3 114 882 773
3 308 578 114
3 308 114 882
3 85 114 923
3 923 114 773
3 773 85 114
3 114 1157 923
3 923 114 241
3 241 114 1157
3 1157 85 114
3 691 114 1157
3 1157 85 691
3 85 114 691
3 546 114 1157
3 546 114 882
3 882 1157 546
3 1157 882 114
3 546 114 691
3 546 114 582
3 691 582 546
3 582 114 691
3 582 546 882
3 582 114 882
3 824 240 985
3 985 29 240
3 29 240 824
3 985 29 824
3 985 35 824
3 240 35 985
3 916 824 985
3 985 35 916
3 240 1155 985
3 985 35 1155
3 468 86 985
3 916 468 985
3 916 86 985
3 468 985 893
3 985 86 893
3 29 240 1085
3 94 29 1085
3 94 29 240
3 94 1085 240
3 240 985 1085
3 1085 985 468
3 468 240 985
3 1085 240 468
3 29 1085 985
3 94 1085 588
3 988 94 1085
3 1085 588 988
3 588 29 1085
3 1085 666 29
3 1085 588 666
3 61 4 1015
3 61 1174 1015
3 1015 4 1174
3 420 94 1015
3 94 1015 588
3 1015 420 588
3 1168 61 1015
3 1015 4 1168
3 61 408 1015
3 1168 61 408
3 1015 408 1168
3 61 1015 1155
3 1155 1015 94
3 1155 94 61
3 94 61 1015
3 408 1155 1015
3 240 1155 1015
3 408 240 1155
3 408 240 1015
3 1155 94 240
3 94 1015 240
3 459 299 1187
3 459 299 364
3 299 1187 364
3 459 364 1187
3 244 459 299
3 299 244 1187
3 1187 459 244
3 860 441 900
3 860 977 900
3 860 441 977
3 441 900 977
3 860 87 441
3 900 87 441
3 441 151 87
3 860 441 151
3 87 148 441
3 900 87 148
3 441 148 900
3 87 441 976
3 976 441 404
3 404 87 976
3 404 87 441
3 148 976 441
3 441 404 708
3 1097 441 404
3 708 1097 441
3 708 441 977
3 441 404 977
3 976 441 926
3 976 404 926
3 926 441 404
3 926 148 976
3 441 926 148
3 900 290 860
3 900 290 1077
3 1077 860 900
3 1077 290 860
3 860 290 977
3 900 290 977
3 977 189 290
3 977 189 860
3 189 290 860
3 189 290 253
3 290 253 1074
3 1074 189 290
3 977 253 290
3 290 253 708
3 708 290 977
3 224 66 1110
3 650 224 1110
3 650 66 1110
3 814 224 1110
3 66 1110 814
3 265 131 1110
3 1110 855 265
3 1110 855 131
3 1110 265 292
3 1110 265 650
3 650 292 1110
3 292 131 1110
3 131 392 1110
3 292 131 392
3 292 1110 392
3 131 1110 875
3 66 1110 875
3 131 66 1110
3 875 131 66
3 392 875 1110
3 815 111 1198
3 111 245 1198
3 1198 245 815
3 815 111 245
3 111 23 1198
3 111 23 875
3 1198 23 875
3 1198 875 111
3 111 23 815
3 1110 875 111
3 392 111 875
3 392 111 1110
3 66 1110 111
3 875 66 111
3 111 23 1186
3 23 1186 815
3 1186 111 815
3 875 23 1186
3 875 111 1186
3 931 551 204
3 931 551 845
3 845 551 204
3 931 204 845
3 473 551 931
3 473 204 551
3 931 204 473
3 931 551 963
3 963 845 551
3 931 845 963
3 931 473 963
3 963 101 931
3 963 101 473
3 101 931 473
3 101 931 481
3 963 481 931
3 345 101 931
3 345 481 931
3 931 252 963
3 481 931 252
3 845 377 931
3 1007 931 845
3 1007 377 931
3 845 345 931
3 931 377 345
3 1130 210 823
3 210 474 823
3 1130 210 474
3 823 474 1130
3 239 210 823
3 823 239 1130
3 210 823 525
3 823 525 729
3 525 210 729
3 729 210 823
3 474 525 823
3 210 1088 823
3 823 239 1088
3 1130 529 823
3 823 239 529
3 823 525 437
3 474 437 525
3 823 474 437
3 729 525 437
3 823 437 729
3 729 251 823
3 729 529 823
3 529 251 823
3 823 485 729
3 823 251 485
3 687 436 795
3 795 305 436
3 305 687 436
3 687 347 436
3 795 347 436
3 347 491 436
3 687 436 491
3 347 487 436
3 795 347 487
3 487 436 795
3 347 436 1124
3 1124 436 171
3 347 1124 171
3 347 171 436
3 1124 436 487
3 436 171 589
3 1094 436 171
3 589 436 1094
3 305 171 436
3 305 589 436
3 369 1124 436
3 487 369 1124
3 436 487 369
3 1124 171 369
3 171 436 369
3 326 1008 594
3 1080 326 1008
3 1008 594 1080
3 829 594 1008
3 829 326 1008
3 1008 932 829
3 1008 594 932
3 1008 414 829
3 829 326 414
3 326 1008 414
3 829 1008 912
3 45 1008 912
3 829 45 912
3 829 45 1008
3 414 912 1008
3 279 45 1008
3 45 1008 980
3 1008 279 980
3 1008 45 1080
3 1008 279 1080
3 1008 912 335
3 912 45 335
3 45 1008 335
3 414 335 912
3 414 335 1008
3 965 0 840
3 840 334 965
3 0 840 334
3 965 0 334
3 840 965 1170
3 1170 965 260
3 840 260 1170
3 840 260 965
3 0 1170 965
3 334 965 698
3 840 698 965
3 328 1170 965
3 328 0 1170
3 965 328 0
3 1170 260 328
3 260 965 328
3 1069 334 965
3 965 698 1069
3 840 622 965
3 965 698 622
3 494 260 1131
3 494 1131 610
3 494 260 610
3 560 494 607
3 607 494 713
3 607 560 713
3 560 494 713
3 560 484 494
3 610 560 494
3 494 484 610
3 484 494 444
3 494 444 560
3 175 494 607
3 560 175 494
3 607 560 175
3 175 1069 750
3 750 175 261
3 175 1069 261
3 217 175 1069
3 750 217 175
3 260 175 494
3 260 175 1069
3 494 260 1069
3 175 1069 494
3 260 175 1131
3 1131 175 494
3 260 175 965
3 965 260 1069
3 965 175 1069
3 1131 965 260
3 1131 175 965
3 141 1189 1090
3 522 1189 1090
3 522 141 1189
3 522 1090 141
3 1090 200 981
3 1090 200 403
3 981 403 1090
3 942 539 818
3 539 1065 818
3 1065 818 942
3 942 539 1065
3 539 304 818
3 539 304 1147
3 1147 304 818
3 539 1147 818
3 539 304 942
3 554 539 1065
3 539 818 554
3 539 304 784
3 942 784 304
3 942 539 784
3 784 304 1147
3 784 539 1147
3 1065 1 539
3 1 554 539
3 539 356 818
3 539 554 356
3 539 1147 995
3 539 223 1147
3 539 223 995
3 1147 1 539
3 1 995 539
3 183 1085 985
3 985 183 468
3 183 1085 468
3 183 29 985
3 183 29 1085
3 183 921 1039
3 1039 37 183
3 183 37 921
3 1039 183 233
3 1039 183 468
3 183 233 468
3 183 233 921
3 1070 183 921
3 1070 183 233
3 921 233 1070
3 274 183 921
3 274 183 1085
3 183 1085 921
3 921 274 1085
3 274 183 1070
3 921 274 1070
3 274 183 988
3 1070 988 274
3 1070 183 988
3 988 183 1085
3 988 274 1085
3 4 428 1168
3 1015 4 428
3 1168 428 1015
3 630 4 428
3 428 630 1168
3 428 142 630
3 630 4 142
3 4 428 142
3 428 19 630
3 428 19 1168
3 918 428 630
3 918 428 420
3 428 420 630
3 630 918 420
3 142 918 428
3 420 94 428
3 988 428 420
3 988 428 94
3 428 420 1015
3 428 94 1015
3 205 918 428
3 205 142 918
3 428 205 142
3 428 205 420
3 205 918 420
3 1139 299 364
3 459 299 1139
3 459 364 1139
3 956 364 1139
3 1139 299 956
3 459 244 1139
3 299 1139 244
3 459 614 1139
3 459 364 614
3 364 1139 614
3 459 1139 1114
3 138 1139 1114
3 459 138 1139
3 459 1114 138
3 614 1114 1139
3 1114 459 614
3 138 72 1139
3 956 138 1139
3 956 72 1139
3 138 1139 1003
3 1139 72 1003
3 900 290 188
3 1077 290 188
3 900 188 1077
3 290 188 977
3 900 977 188
3 188 662 1123
3 188 78 662
3 188 1123 78
3 1123 188 287
3 188 287 1077
3 1123 188 1077
3 188 287 662
3 565 188 662
3 662 287 565
3 565 188 287
3 906 188 662
3 290 188 906
3 906 662 290
3 662 290 188
3 906 188 565
3 906 188 1074
3 1074 565 906
3 565 188 1074
3 906 290 1074
3 290 188 1074
3 245 1113 1198
3 1198 1113 7
3 245 7 1198
3 245 7 1113
3 111 1198 1113
3 1113 111 245
3 331 1198 1113
3 1198 7 331
3 7 1113 331
3 331 111 1198
3 331 111 1113
3 245 66 1113
3 66 1113 111
3 245 66 111
3 814 245 1113
3 66 1113 814
3 1113 522 245
3 1113 814 522
3 1199 66 1113
3 1113 814 1199
3 177 7 1113
3 1181 1113 7
3 1181 177 1113
3 1113 7 1199
3 1113 177 1199
3 274 747 1070
3 921 274 747
3 1070 747 921
3 243 37 747
3 747 243 921
3 747 37 921
3 781 37 747
3 781 747 243
3 747 701 98
3 243 747 701
3 747 98 243
3 98 701 243
3 338 701 747
3 338 98 701
3 338 98 747
3 411 747 701
3 411 243 747
3 701 243 411
3 747 338 411
3 338 411 701
3 411 274 747
3 274 747 338
3 411 274 338
3 1070 411 747
3 614 411 1070
3 747 1070 614
3 747 614 411
3 274 1070 411
3 364 1070 411
3 364 274 1070
3 411 364 274
3 411 364 614
3 364 1070 614
3 434 160 743
3 138 434 160
3 743 138 160
3 1139 1114 160
3 138 1139 160
3 1114 138 160
3 614 160 1139
3 614 160 1114
3 160 743 941
3 160 941 434
3 1006 160 941
3 941 743 1006
3 1006 160 743
3 271 160 941
3 271 160 1114
3 160 1114 941
3 941 271 1114
3 271 160 1006
3 271 160 817
3 1006 817 271
3 1006 160 817
3 817 160 1114
3 817 271 1114
3 725 55 1132
3 55 837 1132
3 725 55 837
3 725 1132 837
3 1132 537 725
3 537 55 1132
3 426 537 1132
3 725 426 1132
3 1132 244 837
3 459 244 1132
3 837 459 244
3 837 1132 459
3 55 1132 244
3 1132 537 856
3 1132 856 55
3 876 261 607
3 607 175 876
3 607 175 261
3 175 876 261
3 607 876 991
3 991 876 396
3 607 396 876
3 607 396 991
3 261 991 876
3 607 494 876
3 175 876 494
3 298 991 876
3 298 261 991
3 876 298 261
3 876 298 396
3 298 991 396
3 876 713 607
3 876 713 494
3 1131 175 876
3 876 494 1131
3 396 154 876
3 1002 876 396
3 1002 154 876
3 876 396 1131
3 876 154 1131
3 728 250 174
3 909 250 174
3 728 174 909
3 1145 174 227
3 174 227 909
3 1145 174 909
3 174 227 1176
3 174 1176 1145
3 380 174 1176
3 380 174 227
3 1176 227 380
3 689 174 1176
3 250 174 689
3 689 1176 250
3 1176 250 174
3 689 174 380
3 689 174 943
3 943 380 689
3 380 174 943
3 689 250 943
3 250 174 943
3 614 197 1114
3 614 197 411
3 614 411 1114
3 1114 411 197
3 611 197 817
3 611 197 841
3 197 817 841
3 941 434 896
3 896 434 118
3 941 118 896
3 434 896 160
3 896 160 941
3 896 386 1165
3 118 386 896
3 1165 118 896
3 386 378 896
3 781 386 896
3 896 781 378
3 1165 378 896
3 378 695 896
3 1165 378 695
3 896 695 1165
3 896 236 378
3 896 236 941
3 941 378 896
3 941 236 378
3 896 236 695
3 658 236 896
3 695 658 236
3 896 695 658
3 896 658 941
3 658 236 941
3 517 212 1098
3 1098 141 212
3 141 517 212
3 1189 1090 212
3 1090 141 212
3 141 1189 212
3 212 1098 479
3 212 479 517
3 1013 212 479
3 1013 212 1098
3 1098 479 1013
3 277 212 479
3 277 212 1090
3 479 277 1090
3 212 1090 479
3 277 212 1013
3 277 212 403
3 1013 403 277
3 1013 212 403
3 403 277 1090
3 403 212 1090
3 197 817 499
3 1114 197 499
3 817 499 1114
3 1114 197 817
3 197 499 611
3 611 499 1132
3 611 1132 197
3 1132 197 499
3 611 499 817
3 614 499 1114
3 614 197 499
3 426 611 499
3 611 426 817
3 499 817 426
3 1132 611 426
3 499 426 1132
3 1114 459 499
3 459 614 499
3 1132 244 499
3 244 499 55
3 499 55 1132
3 1132 459 499
3 459 244 499
3 517 479 731
3 479 127 731
3 731 517 127
3 517 731 212
3 731 212 479
3 731 388 935
3 935 127 731
3 127 388 731
3 935 493 731
3 493 388 731
3 731 352 493
3 731 352 935
3 352 493 935
3 731 255 493
3 731 255 479
3 493 255 479
3 493 479 731
3 731 255 352
3 731 255 748
3 255 748 352
3 731 352 748
3 479 255 748
3 748 731 479
3 31 1090 1189
3 212 31 1189
3 212 31 1090
3 1189 31 522
3 31 522 1090
3 31 522 371
3 1189 31 371
3 981 31 1090
3 1090 522 981
3 981 31 522
3 200 31 1090
3 200 31 1176
3 1176 200 1090
3 31 1176 1090
3 200 31 981
3 31 1176 1145
3 31 1176 371
3 1145 31 371
3 174 31 1145
3 174 31 1176
3 200 31 1146
3 200 1146 981
3 981 31 1146
3 1146 200 1176
3 1146 31 1176
3 614 197 1073
3 1073 614 411
3 411 197 1073
3 614 1073 499
3 197 1073 499
3 469 338 1073
3 572 338 1073
3 1073 572 469
3 1073 338 701
3 1073 338 411
3 701 411 1073
3 701 469 1073
3 469 960 1073
3 701 469 960
3 701 1073 960
3 469 1073 633
3 197 1073 633
3 633 197 469
3 469 197 1073
3 1073 633 960
3 841 633 1073
3 960 841 633
3 960 1073 841
3 633 197 841
3 197 1073 841
3 493 388 789
3 789 388 1078
3 789 493 1078
3 789 388 731
3 493 789 731
3 638 789 728
3 789 728 1078
3 1078 638 789
3 728 250 789
3 789 728 174
3 250 174 789
3 638 250 789
3 789 88 250
3 88 250 638
3 789 88 638
3 250 789 1024
3 1024 789 493
3 493 1024 250
3 493 250 789
3 88 1024 789
3 604 1024 789
3 604 88 1024
3 604 88 789
3 1024 493 604
3 493 789 604
5 541 33 388 390 393
5 1078 801 798 1058 935
5 929 282 707 938 248
5 312 534 39 337 528
10 848 422 1118 443 836 586 532 690 547 592
5 480 719 665 915 867
5 84 325 313 947 214
5 439 63 705 700 1178
5 763 513 756 86 11
5 289 927 1089 916 440
5 873 569 1151 1023 712
5 358 332 395 838 901
5 42 602 405 351 677
10 1082 21 230 447 682 934 948 478 989 92
5 2 533 311 755 185
5 1051 697 664 489 706
5 836 266 267 269 353
5 1021 1195 1056 714 586
5 527 182 101 765 167
5 481 939 435 1093 476
5 106 399 964 790 676
5 128 64 978 1196 1099
5 385 327 166 526 181
5 407 737 816 592 641
5 157 448 547 1029 446
5 948 745 173 186 38
5 52 1086 1162 478 490
10 1135 8 165 639 166 719 791 293 1192 67
5 35 21 237 741 973
5 486 824 810 1082 661
5 270 268 683 1027 354
10 724 1187 299 956 72 512 146 167 939 792
10 987 273 850 51 749 256 605 1076 944 587
5 251 1179 920 925 147
5 732 515 529 32 213
5 239 113 1193 578 467
5 1130 773 24 262 1154
5 458 461 564 902 456
10 938 312 865 310 28 740 155 1111 495 793
5 1000 570 464 937 1166
5 438 723 284 1050 1084
5 734 76 322 83 384
5 255 1159 869 892 498
5 216 616 748 352 678
5 207 30 524 996 728
5 638 247 1108 1014 909
10 885 414 829 932 102 477 342 365 1018 462
5 598 423 633 994 727
5 126 711 1144 1127 497
5 264 16 832 851 349
5 105 398 517 562 675
5 297 1068 1053 1098 127
5 930 702 924 722 249
5 306 555 320 543 40
10 427 135 980 361 379 914 340 409 842 685
5 628 643 91 580 951
5 65 979 1165 1160 445
5 13 386 228 999 766
5 74 880 848 344 263
5 232 422 376 1122 509
5 369 918 1183 884 487
5 169 142 205 1124 346
5 668 152 891 868 1158
10 464 902 53 853 275 1037 590 776 911 762
5 12 341 323 514 764
5 93 277 632 955 1121
10 413 246 332 569 583 984 1050 384 1159 616
5 800 687 861 874 1137
5 109 1075 795 330 110
10 553 717 555 722 558 496 1112 158 552 163
5 226 314 1112 1016 370
5 57 1063 986 894 158
5 1129 879 20 300 1071
5 112 199 813 1109 631
5 275 373 1191 552 315
10 1016 894 1163 12 482 603 169 884 330 1137
5 450 163 1034 1037 550
10 302 782 297 562 721 788 863 785 159 783
5 571 907 1047 1059 1001
10 538 1001 1017 671 282 39 710 831 317 657
5 568 540 612 682 680
5 797 359 1026 934 1057
10 677 891 577 10 697 185 232 880 612 1057
5 910 577 913 886 716
5 10 336 234 510 761
5 194 679 681 684 463
5 648 1046 1025 1022 1019
10 999 65 507 68 508 73 510 716 513 289
5 1062 258 68 546 1010
5 229 507 582 691 418
10 184 231 1033 684 648 769 771 195 383 696
10 150 1193 24 308 27 309 864 311 489 998
5 72 397 1039 778 672
5 233 956 1101 596 121
5 50 512 1104 382 179
5 146 660 1182 917 368
10 192 1003 1101 672 1054 3 1031 119 325 439
5 293 1170 870 858 443
5 0 328 791 1118 847
5 452 559 1040 618 46
10 131 855 178 1173 827 806 1092 307 285 392
5 839 259 153 984 343
10 576 599 1084 83 632 429 224 650 265 1128
5 417 433 1184 809 689
5 380 81 17 997 943
5 75 843 1156 779 673
10 95 808 1169 451 874 110 843 168 186 1086
5 140 168 957 1190 201
10 813 1071 1162 38 1161 387 77 888 176 1194
5 294 1067 1052 1161 18
10 18 627 140 1156 370 986 908 974 1026 680
5 14 387 627 561 767
5 1194 649 636 906 1004
5 1074 904 47 176 565
5 276 374 1102 995 316
10 815 772 922 100 933 225 170 1066 331 1198
5 504 788 324 9 100
5 721 704 922 1095 124
10 207 1095 9 316 1035 223 871 676 978 1014
5 58 23 772 1145 1064
10 58 752 81 1184 595 990 1091 505 1048 221
5 120 595 1100 1135 48
5 8 655 1038 990 758
10 433 17 399 1099 213 920 982 363 1138 137
5 49 165 946 599 178
5 466 639 659 1173 576
10 1179 32 48 655 267 1056 535 1126 1087 381
5 611 608 605 89 271
5 1006 817 426 859 1076
10 1172 143 631 20 109 861 306 924 805 374
5 805 530 1 1035 1188
5 304 1032 1115 573 326
10 844 235 431 540 797 816 448 867 385 1043
10 343 466 946 821 833 444 962 472 623 372
10 200 1146 689 943 1024 604 255 748 277 403
10 59 247 524 617 1096 214 700 1072 196 1002
5 654 71 898 551 624
5 107 617 749 794 768
5 256 22 770 1142 1096
5 303 841 960 360 899
5 419 230 953 812 692
10 767 1067 810 35 916 86 115 883 458 1166
10 1036 242 1119 257 454 822 761 910 775 692
5 231 421 828 760 508
5 73 1033 1116 574 759
5 156 130 878 804 774
10 237 661 80 1149 580 983 1049 99 1158 602
5 412 60 92 1120 954
5 79 557 733 99 339
5 1049 283 291 890 1083
5 319 958 1105 95 62
5 122 1175 808 688 416
10 87 151 736 156 738 162 741 486 516 148
10 649 47 615 412 339 1083 206 575 1127 264
5 238 465 575 1172 1066
5 206 143 170 787 945
10 1151 358 52 173 226 1063 105 1053 967 1121
5 246 637 908 811 735
5 25 429 403 1013 967
5 36 974 742 413 144
10 33 801 726 898 1142 107 1061 401 324 124
5 471 594 942 784 521
10 1188 276 854 54 219 907 502 825 1009 591
5 863 432 950 919 825
5 97 281 523 785 502
10 780 375 1108 30 519 133 391 1045 732 925
5 401 591 581 1133 519
5 545 1009 1061 133 6
10 336 913 34 807 283 733 712 838 446 407
5 842 162 969 807 961
10 720 561 294 953 69 509 74 511 862 514
5 911 475 949 431 862
5 96 280 235 511 762
5 709 1163 703 720 123
10 36 811 1068 675 1059 222 1034 315 341 709
10 568 359 972 970 869 216 1153 400 323 123
5 1017 782 518 400 590
5 302 132 1153 776 671
10 828 574 145 506 483 609 259 629 333 1081
5 265 350 852 846 108
5 219 220 222 538 796
10 475 96 929 337 520 881 393 1058 678 892
10 44 1007 674 501 571 796 249 320 620 877
5 589 717 657 1107 699
5 70 970 187 623 653
5 34 971 738 409 424
10 868 42 1152 419 756 440 194 1022 971 969
5 669 296 667 1042 645
10 955 25 958 416 557 291 190 296 952 153
10 1144 16 652 643 172 889 567 1020 1102 530
10 116 887 460 1148 582 546 644 215 857 846
5 1126 150 257 1044 1054
5 3 218 1119 998 535
5 242 115 740 1180 597
5 549 449 28 883 1036
5 371 815 1186 752 227
10 57 314 62 1175 202 1012 704 504 1047 220
5 933 1164 1169 496 54
5 195 912 885 715 826
5 383 503 786 414 335
5 279 379 730 554 318
5 184 215 307 556 321
5 488 1092 644 696 663
10 382 1178 84 754 430 136 1060 328 1170 917
5 966 119 273 363 1192
5 754 51 375 940 1134
5 968 780 850 430 26
10 1117 199 1129 688 1105 1023 901 668 405 60
5 897 989 1117 615 161
5 983 301 56 652 1011
5 1148 872 936 822 819
5 254 634 1197 1125 149
10 659 269 1195 578 773 923 103 634 618 49
5 806 531 27 882 1157
10 46 613 402 322 438 191 1141 1100 758 1197
5 1141 1138 1060 484 821
5 136 137 191 833 610
10 14 1052 897 1120 1140 355 666 29 240 1155
10 61 408 5 456 937 764 703 779 201 1174
5 77 61 94 1123 744
10 630 19 683 415 534 707 550 373 1183 142
5 536 793 853 603 4
10 579 893 1089 11 1044 218 50 660 270 1136
5 415 1167 1136 799 686
5 710 125 724 1171 802
5 329 792 1041 831 15
10 794 22 992 500 994 303 959 485 515 147
5 1018 647 1045 1079 584
5 587 286 434 1185 1087
5 743 118 82 381 944
5 451 558 854 225 43
5 53 482 1055 1168 495
10 646 217 1030 619 528 248 564 570 1122 263
5 473 204 726 993 753
10 624 473 963 252 834 905 1104 368 777 139
10 608 859 947 705 551 204 950 281 751 129
5 563 537 44 845 963
5 129 500 342 803 877
5 693 365 992 751 620
10 41 1062 418 525 437 193 584 727 899 1143
5 85 525 746 505 103
5 923 474 437 288 1091
5 236 959 729 210 180
10 55 837 635 765 481 345 377 1107 278 856
5 209 278 317 553 305
10 851 471 1115 693 803 589 305 687 1075 126
10 347 491 349 497 1109 300 957 75 346 487
10 253 625 423 960 469 572 369 1124 906 1074
5 102 164 347 171 542
10 209 699 544 537 426 611 841 633 542 1094
10 670 1051 2 858 847 117 656 461 1000 812
5 69 447 1152 775 670
5 425 857 442 292 1128
10 628 56 904 636 164 928 573 594 1080 279
10 708 977 860 903 130 406 335 912 598 360
5 45 829 625 189 135
5 355 80 685 903 900
5 860 1077 1140 1149 427
10 424 961 91 1011 465 945 820 1028 667 626
5 224 609 1028 566 177
5 483 650 1199 1150 820
10 866 211 1042 830 234 886 463 1019 366 774
5 211 340 172 348 506
5 145 492 889 914 866
10 695 378 781 926 976 1046 681 258 229 180
5 41 601 404 87 769
10 82 1185 596 778 927 763 936 455 262 113
5 454 455 457 460 357
10 97 919 770 768 647 394 1032 521 543 930
5 193 462 394 391 389
10 64 790 288 746 715 786 304 784 6 1133
10 653 410 181 915 600 362 669 453 873 395
5 116 309 532 600 333
5 362 690 864 887 1081
5 583 372 621 629 952
10 108 425 531 1103 1021 353 665 526 621 839
5 377 470 520 783 501
5 849 881 159 674 345
5 472 203 972 739 410
10 742 637 745 490 351 152 737 157 739 70
10 104 645 759 760 819 357 664 755 641 1029
5 190 626 830 104 453
10 694 1116 421 852 442 835 585 730 272 804
5 406 640 694 366 736
10 870 0 840 622 527 435 354 799 1180 449
5 117 334 208 975 310
5 198 698 1106 656 865
10 125 1041 470 849 593 548 198 975 686 1027
5 1072 777 840 260 154
10 949 280 750 261 607 713 734 284 187 203
5 991 90 593 619 750
5 298 895 548 1030 261
5 982 67 134 1031 987
10 134 266 714 533 706 549 597 1182 179 966
10 43 1164 757 1181 1150 566 890 79 112 879
5 7 245 1189 1012 757
10 127 517 141 1189 371 1145 909 728 1078 388
10 254 606 367 503 826 1010 691 1157 241 1040
5 818 1147 871 1048 367
5 361 272 718 1065 1080
5 875 285 585 1020 1198
10 488 556 718 554 1 995 23 1186 149 559
5 241 114 308 1103 827
10 474 85 114 882 457 872 766 979 1088 210
10 985 468 1039 121 228 445 679 1025 973 824
5 893 985 1155 5 155
5 240 408 1111 579 468
5 588 287 888 1174 1015
5 441 151 771 1143 1097
5 662 290 708 701 1177
5 402 855 1110 814 200
5 131 66 981 1146 613
5 331 111 392 835 567
10 798 541 432 523 845 931 101 476 895 90
5 252 931 1007 544 725
10 1038 120 964 128 389 1079 729 823 1130 467
5 485 823 1088 695 658
10 1191 450 802 15 651 642 171 436 795 800
5 436 491 928 477 1094
10 45 1008 326 942 818 356 663 321 640 878
5 980 295 253 932 1008
10 260 965 334 1106 376 344 480 327 484 610
5 139 196 1131 965 622
10 997 417 76 723 560 494 1131 154 1134 26
5 1069 646 1043 444 494
5 175 560 962 844 217
5 493 250 1176 1090 479
10 40 702 545 581 1147 539 1065 318 832 711
5 223 221 606 356 539
5 516 976 37 183 29
5 148 666 1085 921 926
10 94 1015 1168 536 1167 268 397 233 183 1085
10 1055 673 1190 1004 565 662 78 420 428 4
5 299 1070 988 428 19
5 274 364 1187 630 420
10 921 1070 364 1139 138 434 118 386 1160 37
5 244 1139 1003 905 635
5 138 459 837 834 192
5 98 338 78 188 977
10 161 954 301 951 295 189 290 188 287 744
10 7 1113 66 1110 292 350 492 348 238 787
5 141 522 1113 1181 202
10 404 441 900 1077 1123 588 988 274 747 243
10 1177 205 918 1171 329 244 459 614 411 338
10 876 175 1069 698 208 1093 182 753 654 396
5 713 876 1002 1005 1024
5 88 59 396 607 604
10 88 250 174 227 1064 106 1196 968 940 1005
5 642 469 197 1132 856
5 160 614 747 781 896
10 1165 13 1154 239 529 251 89 1006 941 896
5 378 941 1114 411 243
10 122 319 398 1098 212 1090 981 814 1199 177
10 725 563 63 313 286 743 160 1114 499 1132
10 1013 93 735 144 518 132 390 935 731 479
10 380 809 1125 452 875 111 245 522 31 1176
5 651 55 499 1073 572
10 1097 601 236 658 271 817 197 1073 701 98
5 31 212 731 789 174
10 352 498 991 298 993 71 996 638 789 493
4 0 1 2 3
4 0 4 5 6
4 7 8 9 10
4 7 11 12 13
4 14 15 16 17
4 14 18 19 20
4 21 22 23 24
4 21 25 26 27
4 28 29 30 31
4 11 32 33 34
4 8 32 35 36
4 37 38 39 40
4 41 42 43 44
4 45 46 47 48
4 49 50 51 52
4 49 53 54 55
4 56 57 58 59
4 18 60 61 62
4 60 63 64 65
4 66 67 68 69
4 15 61 70 71
4 1 72 73 74
4 4 72 75 76
4 53 77 78 79
4 45 77 80 81
4 82 83 84 85
4 22 82 86 87
4 83 88 89 90
4 84 91 92 93
4 94 95 96 97
4 98 99 100 101
4 28 102 103 104
4 102 105 106 107
4 105 108 109 110
4 111 112 113 114
4 115 116 117 118
4 119 120 121 122
4 123 124 125 126
4 85 127 128 129
4 88 127 130 131
4 132 133 134 135
4 106 136 137 138
4 136 139 140 141
4 139 142 143 144
4 145 146 147 148
4 145 149 150 151
4 29 152 153 154
4 155 156 157 158
4 159 160 161 162
4 163 164 165 166
4 163 167 168 169
4 167 170 171 172
4 173 174 175 176
4 173 177 178 179
4 180 181 182 183
4 184 185 186 187
4 188 189 190 191
4 30 188 192 193
4 189 194 195 196
4 197 198 199 200
4 197 201 202 203
4 204 205 206 207
4 208 209 210 211
4 212 213 214 215
4 204 208 212 216
4 213 217 218 219
4 216 217 220 221
4 222 223 224 225
4 226 227 228 229
4 190 230 231 232
4 194 230 233 234
4 235 236 237 238
4 235 239 240 241
4 242 243 244 245
4 246 247 248 249
4 246 250 251 252
4 54 253 254 255
4 256 257 258 259
4 98 260 261 262
4 263 264 265 266
4 62 267 268 269
4 66 267 270 271
4 270 272 273 274
4 275 276 277 278
4 279 280 281 282
4 46 283 284 285
4 80 283 286 287
4 256 288 289 290
4 291 292 293 294
4 295 296 297 298
4 291 295 299 300
4 292 301 302 303
4 301 304 305 306
4 307 308 309 310
4 170 311 312 313
4 168 311 314 315
4 316 317 318 319
4 320 321 322 323
4 91 320 324 325
4 326 327 328 329
4 330 331 332 333
4 334 335 336 337
4 338 339 340 341
4 342 343 344 345
4 346 347 348 349
4 346 350 351 352
4 353 354 355 356
4 353 357 358 359
4 123 360 361 362
4 363 364 365 366
4 140 367 368 369
4 370 371 372 373
4 370 374 375 376
4 374 377 378 379
4 155 380 381 382
4 383 384 385 386
4 387 388 389 390
4 391 392 393 394
4 391 395 396 397
4 395 398 399 400
4 401 402 403 404
4 398 401 405 406
4 407 408 409 410
4 411 412 413 414
4 107 415 416 417
4 108 415 418 419
4 420 421 422 423
4 420 424 425 426
4 427 428 429 430
4 396 431 432 433
4 434 435 436 437
4 438 439 440 441
4 411 442 443 444
4 438 445 446 447
4 448 449 450 451
4 452 453 454 455
4 448 452 456 457
4 222 458 459 460
4 461 462 463 464
4 465 466 467 468
4 94 469 470 471
4 472 473 474 475
4 476 477 478 479
4 124 480 481 482
4 360 480 483 484
4 485 486 487 488
4 489 490 491 492
4 489 493 494 495
4 496 497 498 499
4 496 500 501 502
4 497 503 504 505
4 500 503 506 507
4 330 508 509 510
4 511 512 513 514
4 508 515 516 517
4 518 519 520 521
4 522 523 524 525
4 526 527 528 529
4 449 526 530 531
4 527 532 533 534
4 530 532 535 536
4 537 538 539 540
4 537 541 542 543
4 159 544 545 546
4 547 548 549 550
4 551 552 553 554
4 375 555 556 557
4 371 555 558 559
4 560 561 562 563
4 560 564 565 566
4 567 568 569 570
4 571 572 573 574
4 575 576 577 578
4 579 580 581 582
4 579 583 584 585
4 493 586 587 588
4 490 586 589 590
4 583 591 592 593
4 591 594 595 596
4 594 597 598 599
4 600 601 602 603
4 600 604 605 606
4 607 608 609 610
4 595 611 612 613
4 614 615 616 617
4 614 618 619 620
4 621 622 623 624
4 621 625 626 627
4 628 629 630 631
4 632 633 634 635
4 636 637 638 639
4 636 640 641 642
4 397 643 644 645
4 431 643 646 647
4 648 649 650 651
4 648 652 653 654
4 652 655 656 657
4 649 655 658 659
4 476 660 661 662
4 663 664 665 666
4 324 667 668 669
4 363 667 670 671
4 672 673 674 675
4 676 677 678 679
4 676 680 681 682
4 683 684 685 686
4 687 688 689 690
4 604 691 692 693
4 694 695 696 697
4 205 694 698 699
4 700 701 702 703
4 226 700 704 705
4 706 707 708 709
4 706 710 711 712
4 710 713 714 715
4 242 707 713 716
4 716 717 718 719
4 239 717 720 721
4 461 720 722 723
4 236 721 724 725
4 726 727 728 729
4 730 731 732 733
4 730 734 735 736
4 737 738 739 740
4 56 741 742 743
4 744 745 746 747
4 551 748 749 750
4 751 752 753 754
4 755 756 757 758
4 751 755 759 760
4 761 762 763 764
4 387 761 765 766
4 767 768 769 770
4 767 771 772 773
4 541 774 775 776
4 777 778 779 780
4 781 782 783 784
4 785 786 787 788
4 785 789 790 791
4 792 793 794 795
4 792 796 797 798
4 793 799 800 801
4 802 803 804 805
4 796 802 806 807
4 803 808 809 810
4 806 808 811 812
4 813 814 815 816
4 817 818 819 820
4 41 821 822 823
4 824 825 826 827
4 824 828 829 830
4 279 831 832 833
4 834 835 836 837
4 296 838 839 840
4 299 838 841 842
4 843 844 845 846
4 288 847 848 849
4 300 847 850 851
4 257 848 852 853
4 854 855 856 857
4 518 858 859 860
4 861 862 863 864
4 571 865 866 867
4 632 868 869 870
4 781 871 872 873
4 794 874 875 876
4 799 874 877 878
4 879 880 881 882
4 879 883 884 885
4 886 887 888 889
4 302 890 891 892
4 893 894 895 896
4 893 897 898 899
4 900 901 902 903
4 357 904 905 906
4 354 904 907 908
4 907 909 910 911
4 407 912 913 914
4 915 916 917 918
4 919 920 921 922
4 909 919 923 924
4 925 926 927 928
4 376 929 930 931
4 929 932 933 934
4 932 935 936 937
4 933 938 939 940
4 941 942 943 944
4 701 938 941 945
4 141 946 947 948
4 367 946 949 950
4 942 951 952 953
4 945 951 954 955
4 956 957 958 959
4 960 961 962 963
4 142 956 960 964
4 338 957 965 966
4 965 967 968 969
4 756 970 971 972
4 759 970 973 974
4 975 976 977 978
4 975 979 980 981
4 762 982 983 984
4 765 982 985 986
4 987 988 989 990
4 663 991 992 993
4 402 994 995 996
4 405 994 997 998
4 999 1000 1001 1002
4 1003 1004 1005 1006
4 1003 1007 1008 1009
4 149 1004 1010 1011
4 146 1010 1012 1013
4 380 1014 1015 1016
4 760 1014 1017 1018
4 156 1015 1019 1020
4 412 1021 1022 1023
4 424 1021 1024 1025
4 1024 1026 1027 1028
4 421 1025 1029 1030
4 1031 1032 1033 1034
4 1035 1036 1037 1038
4 1039 1040 1041 1042
4 1035 1039 1043 1044
4 427 1045 1046 1047
4 1048 1049 1050 1051
4 1052 1053 1054 1055
4 1052 1056 1057 1058
4 680 1059 1060 1061
4 677 1059 1062 1063
4 1064 1065 1066 1067
4 1068 1069 1070 1071
4 453 1064 1068 1072
4 1069 1073 1074 1075
4 1072 1073 1076 1077
4 413 1078 1079 1080
4 442 1078 1081 1082
4 1083 1084 1085 1086
4 1087 1088 1089 1090
4 209 1083 1087 1091
4 1088 1092 1093 1094
4 1091 1092 1095 1096
4 456 1097 1098 1099
4 854 1100 1101 1102
4 1100 1103 1104 1105
4 1106 1107 1108 1109
4 834 1103 1106 1110
4 1111 1112 1113 1114
4 1115 1116 1117 1118
4 1119 1120 1121 1122
4 1123 1124 1125 1126
4 1119 1123 1127 1128
4 1129 1130 1131 1132
4 1129 1133 1134 1135
4 542 1136 1137 1138
4 1139 1140 1141 1142
4 1139 1143 1144 1145
4 1140 1146 1147 1148
4 1149 1150 1151 1152
4 1048 1146 1149 1153
4 383 1154 1155 1156
4 384 1157 1158 1159
4 1154 1157 1160 1161
4 1162 1163 1164 1165
4 1166 1167 1168 1169
4 169 1170 1171 1172
4 1173 1174 1175 1176
4 1173 1177 1178 1179
4 307 1180 1181 1182
4 1183 1184 1185 1186
4 515 1183 1187 1188
4 1187 1189 1190 1191
4 1184 1189 1192 1193
4 1177 1194 1195 1196
4 1174 1194 1197 1198
4 1197 1199 1200 1201
4 1202 1203 1204 1205
4 1199 1202 1206 1207
4 1203 1208 1209 1210
4 1206 1208 1211 1212
4 1213 1214 1215 1216
4 1217 1218 1219 1220
4 967 1217 1221 1222
4 777 1223 1224 1225
4 485 1223 1226 1227
4 321 1228 1229 1230
4 325 1228 1231 1232
4 1233 1234 1235 1236
4 1233 1237 1238 1239
4 1240 1241 1242 1243
4 1240 1244 1245 1246
4 1247 1248 1249 1250
4 1247 1251 1252 1253
4 1254 1255 1256 1257
4 1258 1259 1260 1261
4 1258 1262 1263 1264
4 883 1265 1266 1267
4 880 1265 1268 1269
4 1270 1271 1272 1273
4 501 1266 1274 1275
4 1270 1276 1277 1278
4 580 1279 1280 1281
4 584 1279 1282 1283
4 1284 1285 1286 1287
4 1288 1289 1290 1291
4 1284 1288 1292 1293
4 522 1294 1295 1296
4 1294 1297 1298 1299
4 1300 1301 1302 1303
4 915 1297 1300 1304
4 1305 1306 1307 1308
4 1309 1310 1311 1312
4 1305 1309 1313 1314
4 1310 1315 1316 1317
4 1313 1315 1318 1319
4 567 1320 1321 1322
4 1323 1324 1325 1326
4 1327 1328 1329 1330
4 1323 1327 1331 1332
4 1333 1334 1335 1336
4 1333 1337 1338 1339
4 1340 1341 1342 1343
4 1337 1344 1345 1346
4 1334 1344 1347 1348
4 1331 1349 1350 1351
4 434 1352 1353 1354
4 1355 1356 1357 1358
4 1359 1360 1361 1362
4 734 1359 1363 1364
4 731 1363 1365 1366
4 547 1367 1368 1369
4 1370 1371 1372 1373
4 1374 1375 1376 1377
4 1374 1378 1379 1380
4 1375 1381 1382 1383
4 1384 1385 1386 1387
4 1360 1378 1384 1388
4 628 1389 1390 1391
4 1376 1392 1393 1394
4 1381 1392 1395 1396
4 191 1397 1398 1399
4 184 1397 1400 1401
4 1402 1403 1404 1405
4 1406 1407 1408 1409
4 1400 1410 1411 1412
4 1413 1414 1415 1416
4 575 1417 1418 1419
4 1420 1421 1422 1423
4 1424 1425 1426 1427
4 1420 1424 1428 1429
4 1425 1430 1431 1432
4 1428 1430 1433 1434
4 1276 1435 1436 1437
4 1271 1435 1438 1439
4 1267 1438 1440 1441
4 1439 1442 1443 1444
4 1445 1446 1447 1448
4 1445 1449 1450 1451
4 605 1452 1453 1454
4 601 1452 1455 1456
4 1457 1458 1459 1460
4 1457 1461 1462 1463
4 596 1464 1465 1466
4 611 1464 1467 1468
4 1469 1470 1471 1472
4 1473 1474 1475 1476
4 1477 1478 1479 1480
4 180 1477 1481 1482
4 1127 1481 1483 1484
4 31 1485 1486 1487
4 152 1485 1488 1489
4 1490 1491 1492 1493
4 1494 1495 1496 1497
4 1494 1498 1499 1500
4 1495 1501 1502 1503
4 1221 1504 1505 1506
4 1507 1508 1509 1510
4 377 1501 1507 1511
4 1511 1512 1513 1514
4 1508 1512 1515 1516
4 1498 1517 1518 1519
4 1496 1517 1520 1521
4 1522 1523 1524 1525
4 1526 1527 1528 1529
4 1526 1530 1531 1532
4 115 1533 1534 1535
4 1533 1536 1537 1538
4 1534 1539 1540 1541
4 1542 1543 1544 1545
4 1539 1542 1546 1547
4 1370 1548 1549 1550
4 1551 1552 1553 1554
4 1555 1556 1557 1558
4 1559 1560 1561 1562
4 1559 1563 1564 1565
4 653 1566 1567 1568
4 1150 1569 1570 1571
4 1153 1569 1572 1573
4 1574 1575 1576 1577
4 1574 1578 1579 1580
4 660 1581 1582 1583
4 477 1581 1584 1585
4 1584 1586 1587 1588
4 1589 1590 1591 1592
4 1162 1586 1589 1593
4 1590 1594 1595 1596
4 1593 1594 1597 1598
4 1599 1600 1601 1602
4 1599 1603 1604 1605
4 1606 1607 1608 1609
4 1610 1611 1612 1613
4 1610 1614 1615 1616
4 1617 1618 1619 1620
4 1621 1622 1623 1624
4 1461 1625 1626 1627
4 1338 1628 1629 1630
4 1631 1632 1633 1634
4 1631 1635 1636 1637
4 1638 1639 1640 1641
4 1642 1643 1644 1645
4 1402 1642 1646 1647
4 1643 1648 1649 1650
4 1646 1648 1651 1652
4 1653 1654 1655 1656
4 1446 1653 1657 1658
4 687 1659 1660 1661
4 1662 1663 1664 1665
4 691 1662 1666 1667
4 698 1668 1669 1670
4 695 1668 1671 1672
4 1406 1673 1674 1675
4 1676 1677 1678 1679
4 227 1676 1680 1681
4 1680 1682 1683 1684
4 1677 1682 1685 1686
4 704 1687 1688 1689
4 1690 1691 1692 1693
4 1694 1695 1696 1697
4 50 1694 1698 1699
4 132 1700 1701 1702
4 1698 1703 1704 1705
4 1695 1703 1706 1707
4 1708 1709 1710 1711
4 1712 1713 1714 1715
4 275 1708 1712 1716
4 1713 1717 1718 1719
4 1716 1717 1720 1721
4 726 1722 1723 1724
4 33 1725 1726 1727
4 1728 1729 1730 1731
4 1725 1728 1732 1733
4 1732 1734 1735 1736
4 1737 1738 1739 1740
4 597 1734 1737 1741
4 1742 1743 1744 1745
4 1741 1746 1747 1748
4 1738 1746 1749 1750
4 1751 1752 1753 1754
4 1751 1755 1756 1757
4 1758 1759 1760 1761
4 1758 1762 1763 1764
4 1160 1762 1765 1766
4 737 1767 1768 1769
4 1770 1771 1772 1773
4 1770 1774 1775 1776
4 1777 1778 1779 1780
4 1759 1777 1781 1782
4 1781 1783 1784 1785
4 738 1786 1787 1788
4 1767 1783 1786 1789
4 1789 1790 1791 1792
4 1793 1794 1795 1796
4 1797 1798 1799 1800
4 1790 1793 1797 1801
4 741 1794 1802 1803
4 1801 1804 1805 1806
4 1798 1804 1807 1808
4 57 1802 1809 1810
4 347 1811 1812 1813
4 350 1811 1814 1815
4 1812 1816 1817 1818
4 1819 1820 1821 1822
4 1816 1819 1823 1824
4 1825 1826 1827 1828
4 766 1829 1830 1831
4 1825 1829 1832 1833
4 1832 1834 1835 1836
4 1700 1837 1838 1839
4 1699 1837 1840 1841
4 133 1838 1842 1843
4 494 1844 1845 1846
4 1847 1848 1849 1850
4 1851 1852 1853 1854
4 326 1855 1856 1857
4 607 1858 1859 1860
4 1449 1861 1862 1863
4 778 1864 1865 1866
4 1867 1868 1869 1870
4 1871 1872 1873 1874
4 334 1875 1876 1877
4 1878 1879 1880 1881
4 272 1878 1882 1883
4 1884 1885 1886 1887
4 1884 1888 1889 1890
4 1891 1892 1893 1894
4 1891 1895 1896 1897
4 1898 1899 1900 1901
4 821 1902 1903 1904
4 42 1902 1905 1906
4 1903 1907 1908 1909
4 1910 1911 1912 1913
4 825 1910 1914 1915
4 1916 1917 1918 1919
4 1911 1916 1920 1921
4 828 1914 1922 1923
4 1920 1924 1925 1926
4 1917 1924 1927 1928
4 174 1929 1930 1931
4 1921 1929 1932 1933
4 177 1930 1934 1935
4 1936 1937 1938 1939
4 1936 1940 1941 1942
4 831 1943 1944 1945
4 280 1943 1946 1947
4 1946 1948 1949 1950
4 81 1947 1951 1952
4 1953 1954 1955 1956
4 916 1948 1953 1957
4 1958 1959 1960 1961
4 1958 1962 1963 1964
4 1007 1965 1966 1967
4 999 1965 1968 1969
4 1970 1971 1972 1973
4 1970 1974 1975 1976
4 523 1977 1978 1979
4 1295 1977 1980 1981
4 1982 1983 1984 1985
4 1982 1986 1987 1988
4 1989 1990 1991 1992
4 1983 1989 1993 1994
4 1986 1995 1996 1997
4 1993 1998 1999 2000
4 1990 1998 2001 2002
4 2003 2004 2005 2006
4 843 2007 2008 2009
4 2007 2010 2011 2012
4 2013 2014 2015 2016
4 2017 2018 2019 2020
4 2017 2021 2022 2023
4 2024 2025 2026 2027
4 2013 2028 2029 2030
4 2031 2032 2033 2034
4 2031 2035 2036 2037
4 2038 2039 2040 2041
4 2038 2042 2043 2044
4 2042 2045 2046 2047
4 2048 2049 2050 2051
4 2045 2048 2052 2053
4 2052 2054 2055 2056
4 2049 2054 2057 2058
4 2059 2060 2061 2062
4 861 2059 2063 2064
4 316 2065 2066 2067
4 2063 2068 2069 2070
4 2071 2072 2073 2074
4 2068 2071 2075 2076
4 2075 2077 2078 2079
4 2072 2077 2080 2081
4 2082 2083 2084 2085
4 2086 2087 2088 2089
4 868 2090 2091 2092
4 23 2093 2094 2095
4 25 2093 2096 2097
4 1898 2098 2099 2100
4 481 2098 2101 2102
4 2099 2103 2104 2105
4 2106 2107 2108 2109
4 2103 2106 2110 2111
4 2110 2112 2113 2114
4 2107 2112 2115 2116
4 869 2117 2118 2119
4 327 2120 2121 2122
4 1855 2120 2123 2124
4 2125 2126 2127 2128
4 2129 2130 2131 2132
4 2133 2134 2135 2136
4 2137 2138 2139 2140
4 2133 2137 2141 2142
4 925 2134 2143 2144
4 871 2145 2146 2147
4 782 2145 2148 2149
4 2148 2150 2151 2152
4 2149 2153 2154 2155
4 486 2156 2157 2158
4 1226 2156 2159 2160
4 2161 2162 2163 2164
4 2165 2166 2167 2168
4 2161 2165 2169 2170
4 2169 2171 2172 2173
4 2174 2175 2176 2177
4 2171 2174 2178 2179
4 2162 2180 2181 2182
4 2170 2180 2183 2184
4 2185 2186 2187 2188
4 2189 2190 2191 2192
4 2193 2194 2195 2196
4 1844 2189 2193 2197
4 2185 2198 2199 2200
4 934 2201 2202 2203
4 935 2201 2204 2205
4 2206 2207 2208 2209
4 2206 2210 2211 2212
4 2207 2213 2214 2215
4 2210 2213 2216 2217
4 622 2218 2219 2220
4 2211 2218 2221 2222
4 625 2219 2223 2224
4 2220 2225 2226 2227
4 2228 2229 2230 2231
4 1522 2225 2228 2232
4 2039 2233 2234 2235
4 2043 2233 2236 2237
4 2238 2239 2240 2241
4 2238 2242 2243 2244
4 37 2245 2246 2247
4 2245 2248 2249 2250
4 2251 2252 2253 2254
4 813 2248 2251 2255
4 900 2256 2257 2258
4 24 2259 2260 2261
4 469 2262 2263 2264
4 95 2259 2262 2265
4 2266 2267 2268 2269
4 2266 2270 2271 2272
4 908 2273 2274 2275
4 901 2273 2276 2277
4 2256 2276 2278 2279
4 2277 2280 2281 2282
4 2283 2284 2285 2286
4 1536 2280 2283 2287
4 2287 2288 2289 2290
4 2284 2288 2291 2292
4 2293 2294 2295 2296
4 2293 2297 2298 2299
4 923 2300 2301 2302
4 920 2300 2303 2304
4 119 2305 2306 2307
4 1954 2308 2309 2310
4 1957 2308 2311 2312
4 2313 2314 2315 2316
4 482 2313 2317 2318
4 2314 2319 2320 2321
4 2319 2322 2323 2324
4 364 2325 2326 2327
4 670 2325 2328 2329
4 2330 2331 2332 2333
4 1166 2334 2335 2336
4 2337 2338 2339 2340
4 2337 2341 2342 2343
4 2341 2344 2345 2346
4 2338 2344 2347 2348
4 2349 2350 2351 2352
4 2349 2353 2354 2355
4 2356 2357 2358 2359
4 2360 2361 2362 2363
4 2364 2365 2366 2367
4 2364 2368 2369 2370
4 2371 2372 2373 2374
4 987 2375 2376 2377
4 1614 2375 2378 2379
4 2380 2381 2382 2383
4 2384 2385 2386 2387
4 774 2380 2384 2388
4 2389 2390 2391 2392
4 991 2393 2394 2395
4 664 2389 2393 2396
4 2397 2398 2399 2400
4 2397 2401 2402 2403
4 2404 2405 2406 2407
4 2404 2408 2409 2410
4 1008 2411 2412 2413
4 548 2414 2415 2416
4 2414 2417 2418 2419
4 1367 2415 2420 2421
4 2422 2423 2424 2425
4 388 2417 2422 2426
4 2427 2428 2429 2430
4 2426 2431 2432 2433
4 2423 2431 2434 2435
4 2436 2437 2438 2439
4 2436 2440 2441 2442
4 1040 2443 2444 2445
4 1043 2443 2446 2447
4 637 2448 2449 2450
4 2451 2452 2453 2454
4 640 2448 2451 2455
4 2455 2456 2457 2458
4 2459 2460 2461 2462
4 1049 2456 2459 2463
4 2464 2465 2466 2467
4 2468 2469 2470 2471
4 2468 2472 2473 2474
4 2460 2475 2476 2477
4 2463 2475 2478 2479
4 2480 2481 2482 2483
4 1084 2480 2484 2485
4 2481 2486 2487 2488
4 2484 2486 2489 2490
4 683 2491 2492 2493
4 684 2494 2495 2496
4 2485 2497 2498 2499
4 2491 2494 2497 2500
4 457 2501 2502 2503
4 1097 2501 2504 2505
4 2500 2506 2507 2508
4 2509 2510 2511 2512
4 1355 2506 2509 2513
4 2514 2515 2516 2517
4 2514 2518 2519 2520
4 2521 2522 2523 2524
4 1111 2521 2525 2526
4 2527 2528 2529 2530
4 2531 2532 2533 2534
4 2427 2531 2535 2536
4 2537 2538 2539 2540
4 1120 2532 2537 2541
4 1016 2535 2542 2543
4 2538 2544 2545 2546
4 2541 2544 2547 2548
4 964 2549 2550 2551
4 961 2549 2552 2553
4 1115 2554 2555 2556
4 1133 2557 2558 2559
4 2560 2561 2562 2563
4 1130 2557 2560 2564
4 2564 2565 2566 2567
4 2568 2569 2570 2571
4 1136 2568 2572 2573
4 1638 2574 2575 2576
4 2577 2578 2579 2580
4 2577 2581 2582 2583
4 2581 2584 2585 2586
4 462 2587 2588 2589
4 1292 2590 2591 2592
4 2593 2594 2595 2596
4 2597 2598 2599 2600
4 2601 2602 2603 2604
4 2605 2606 2607 2608
4 2605 2609 2610 2611
4 160 2612 2613 2614
4 1563 2615 2616 2617
4 1560 2612 2615 2618
4 2619 2620 2621 2622
4 2619 2623 2624 2625
4 2609 2626 2627 2628
4 2626 2629 2630 2631
4 2606 2627 2632 2633
4 2634 2635 2636 2637
4 2629 2634 2638 2639
4 2628 2640 2641 2642
4 2643 2644 2645 2646
4 2643 2647 2648 2649
4 2644 2650 2651 2652
4 2653 2654 2655 2656
4 2635 2657 2658 2659
4 2638 2657 2660 2661
4 2647 2650 2653 2662
4 2662 2663 2664 2665
4 2666 2667 2668 2669
4 1617 2663 2666 2670
4 2654 2671 2672 2673
4 2032 2674 2675 2676
4 2035 2674 2677 2678
4 1101 2675 2679 2680
4 1987 2681 2682 2683
4 1995 2681 2684 2685
4 2676 2686 2687 2688
4 2689 2690 2691 2692
4 1161 2693 2694 2695
4 1578 2693 2696 2697
4 2696 2698 2699 2700
4 1575 2697 2701 2702
4 2703 2704 2705 2706
4 1566 2698 2703 2707
4 2704 2708 2709 2710
4 2707 2708 2711 2712
4 2713 2714 2715 2716
4 2713 2717 2718 2719
4 2714 2720 2721 2722
4 1163 2717 2720 2723
4 2723 2724 2725 2726
4 1167 2727 2728 2729
4 2334 2727 2730 2731
4 2730 2732 2733 2734
4 2342 2731 2735 2736
4 2737 2738 2739 2740
4 1306 2732 2737 2741
4 2742 2743 2744 2745
4 1888 2742 2746 2747
4 2748 2749 2750 2751
4 1170 2743 2748 2752
4 1904 2746 2753 2754
4 1885 2747 2755 2756
4 1899 2757 2758 2759
4 2100 2757 2760 2761
4 2762 2763 2764 2765
4 2766 2767 2768 2769
4 2770 2771 2772 2773
4 2766 2770 2774 2775
4 1180 2767 2776 2777
4 2771 2778 2779 2780
4 2774 2778 2781 2782
4 308 2776 2783 2784
4 1188 2777 2785 2786
4 886 2787 2788 2789
4 2790 2791 2792 2793
4 2794 2795 2796 2797
4 1523 2790 2794 2798
4 2798 2799 2800 2801
4 2795 2799 2802 2803
4 2804 2805 2806 2807
4 1213 2804 2808 2809
4 2808 2810 2811 2812
4 2125 2810 2813 2814
4 2123 2813 2815 2816
4 511 2817 2818 2819
4 1259 2820 2821 2822
4 2823 2824 2825 2826
4 1262 2820 2823 2827
4 2827 2828 2829 2830
4 2831 2832 2833 2834
4 164 2828 2831 2835
4 2832 2836 2837 2838
4 2835 2836 2839 2840
4 2841 2842 2843 2844
4 633 2841 2845 2846
4 1551 2847 2848 2849
4 2850 2851 2852 2853
4 2850 2854 2855 2856
4 2857 2858 2859 2860
4 1543 2861 2862 2863
4 1546 2861 2864 2865
4 2866 2867 2868 2869
4 2870 2871 2872 2873
4 1254 2866 2870 2874
4 2871 2875 2876 2877
4 2874 2875 2878 2879
4 1237 2880 2881 2882
4 1227 2883 2884 2885
4 1234 2880 2883 2886
4 2886 2887 2888 2889
4 2890 2891 2892 2893
4 472 2887 2890 2894
4 2894 2895 2896 2897
4 2891 2895 2898 2899
4 2900 2901 2902 2903
4 250 2904 2905 2906
4 247 2904 2907 2908
4 1733 2909 2910 2911
4 1729 2909 2912 2913
4 1867 2914 2915 2916
4 1289 2917 2918 2919
4 1293 2917 2920 2921
4 2922 2923 2924 2925
4 672 2926 2927 2928
4 2353 2929 2930 2931
4 2350 2929 2932 2933
4 1296 2932 2934 2935
4 2933 2936 2937 2938
4 2939 2940 2941 2942
4 392 2936 2939 2943
4 2943 2944 2945 2946
4 2940 2944 2947 2948
4 2949 2950 2951 2952
4 463 2953 2954 2955
4 1328 2956 2957 2958
4 1332 2956 2959 2960
4 1044 2961 2962 2963
4 2964 2965 2966 2967
4 2968 2969 2970 2971
4 2972 2973 2974 2975
4 1349 2968 2972 2976
4 2973 2977 2978 2979
4 2976 2977 2980 2981
4 2982 2983 2984 2985
4 2986 2987 2988 2989
4 2986 2990 2991 2992
4 2993 2994 2995 2996
4 2388 2997 2998 2999
4 2385 2997 3000 3001
4 435 3002 3003 3004
4 1352 3002 3005 3006
4 3007 3008 3009 3010
4 2472 3011 3012 3013
4 2469 3007 3011 3014
4 1353 3015 3016 3017
4 439 3015 3018 3019
4 3018 3020 3021 3022
4 445 3019 3023 3024
4 3025 3026 3027 3028
4 1036 3020 3025 3029
4 3026 3030 3031 3032
4 3029 3030 3033 3034
4 1959 3035 3036 3037
4 3035 3038 3039 3040
4 1962 3036 3041 3042
4 1823 3043 3044 3045
4 1820 3043 3046 3047
4 3048 3049 3050 3051
4 3052 3053 3054 3055
4 3056 3057 3058 3059
4 1478 3056 3060 3061
4 3057 3062 3063 3064
4 3060 3062 3065 3066
4 185 3067 3068 3069
4 1401 3067 3070 3071
4 414 3072 3073 3074
4 1473 3072 3075 3076
4 3075 3077 3078 3079
4 3080 3081 3082 3083
4 3077 3080 3084 3085
4 1407 3086 3087 3088
4 1673 3086 3089 3090
4 1681 3089 3091 3092
4 3090 3093 3094 3095
4 3096 3097 3098 3099
4 243 3093 3096 3100
4 1413 3101 3102 3103
4 3084 3104 3105 3106
4 3081 3104 3107 3108
4 3109 3110 3111 3112
4 3113 3114 3115 3116
4 3109 3113 3117 3118
4 3110 3119 3120 3121
4 3119 3122 3123 3124
4 3120 3125 3126 3127
4 1752 3128 3129 3130
4 2076 3131 3132 3133
4 1755 3128 3131 3134
4 3134 3135 3136 3137
4 3138 3139 3140 3141
4 1742 3135 3138 3142
4 1458 3143 3144 3145
4 1462 3143 3146 3147
4 606 3148 3149 3150
4 3085 3151 3152 3153
4 564 3151 3154 3155
4 561 3154 3156 3157
4 3158 3159 3160 3161
4 3158 3162 3163 3164
4 3165 3166 3167 3168
4 3169 3170 3171 3172
4 3169 3173 3174 3175
4 1222 3176 3177 3178
4 1504 3176 3179 3180
4 2851 3181 3182 3183
4 1497 3184 3185 3186
4 2854 3181 3184 3187
4 3187 3188 3189 3190
4 3191 3192 3193 3194
4 2857 3188 3191 3195
4 3196 3197 3198 3199
4 1527 3196 3200 3201
4 3200 3202 3203 3204
4 1530 3201 3205 3206
4 3207 3208 3209 3210
4 3202 3207 3211 3212
4 3211 3213 3214 3215
4 3208 3213 3216 3217
4 1548 3218 3219 3220
4 1371 3218 3221 3222
4 3221 3223 3224 3225
4 1824 3222 3226 3227
4 116 3228 3229 3230
4 1535 3228 3231 3232
4 3233 3234 3235 3236
4 3237 3238 3239 3240
4 3197 3233 3237 3241
4 1555 3234 3242 3243
4 3238 3244 3245 3246
4 3241 3244 3247 3248
4 2111 3242 3249 3250
4 2752 3251 3252 3253
4 2749 3251 3254 3255
4 3256 3257 3258 3259
4 1606 3260 3261 3262
4 3263 3264 3265 3266
4 3263 3267 3268 3269
4 3256 3270 3271 3272
4 465 3273 3274 3275
4 1141 3273 3276 3277
4 3274 3278 3279 3280
4 3281 3282 3283 3284
4 2166 3278 3281 3285
4 786 3286 3287 3288
4 2141 3286 3289 3290
4 789 3287 3291 3292
4 3293 3294 3295 3296
4 1600 3297 3298 3299
4 1603 3297 3300 3301
4 3300 3302 3303 3304
4 1607 3301 3305 3306
4 855 3307 3308 3309
4 1102 3307 3310 3311
4 3312 3313 3314 3315
4 63 3312 3316 3317
4 3316 3318 3319 3320
4 3313 3318 3321 3322
4 2667 3323 3324 3325
4 2670 3323 3326 3327
4 3328 3329 3330 3331
4 3332 3333 3334 3335
4 3332 3336 3337 3338
4 3333 3339 3340 3341
4 3342 3343 3344 3345
4 814 3339 3342 3346
4 3343 3347 3348 3349
4 3346 3347 3350 3351
4 3352 3353 3354 3355
4 3352 3356 3357 3358
4 699 3359 3360 3361
4 3362 3363 3364 3365
4 3356 3362 3366 3367
4 3368 3369 3370 3371
4 1621 3363 3368 3372
4 3353 3366 3373 3374
4 3334 3367 3375 3376
4 3328 3377 3378 3379
4 3369 3380 3381 3382
4 3372 3380 3383 3384
4 3385 3386 3387 3388
4 3389 3390 3391 3392
4 2561 3389 3393 3394
4 3393 3395 3396 3397
4 3390 3395 3398 3399
4 3400 3401 3402 3403
4 2082 3400 3404 3405
4 2582 3404 3406 3407
4 464 3408 3409 3410
4 2587 3408 3411 3412
4 3413 3414 3415 3416
4 3329 3413 3417 3418
4 3377 3417 3419 3420
4 1463 3418 3421 3422
4 1647 3423 3424 3425
4 3426 3427 3428 3429
4 3426 3430 3431 3432
4 3430 3433 3434 3435
4 1657 3433 3436 3437
4 3427 3434 3438 3439
4 1658 3440 3441 3442
4 1654 3440 3443 3444
4 2949 3445 3446 3447
4 1663 3448 3449 3450
4 1666 3448 3451 3452
4 3453 3454 3455 3456
4 3453 3457 3458 3459
4 1667 3460 3461 3462
4 1782 3463 3464 3465
4 1778 3463 3466 3467
4 3468 3469 3470 3471
4 3472 3473 3474 3475
4 2452 3468 3472 3476
4 3476 3477 3478 3479
4 3473 3477 3480 3481
4 2014 3482 3483 3484
4 3485 3486 3487 3488
4 3489 3490 3491 3492
4 473 3485 3489 3493
4 3494 3495 3496 3497
4 2343 3498 3499 3500
4 3494 3498 3501 3502
4 3501 3503 3504 3505
4 3506 3507 3508 3509
4 3038 3503 3506 3510
4 251 3511 3512 3513
4 771 3511 3514 3515
4 768 3514 3516 3517
4 3518 3519 3520 3521
4 2153 3518 3522 3523
4 3524 3525 3526 3527
4 3528 3529 3530 3531
4 3528 3532 3533 3534
4 3535 3536 3537 3538
4 1450 3539 3540 3541
4 1861 3539 3542 3543
4 3544 3545 3546 3547
4 3548 3549 3550 3551
4 3548 3552 3553 3554
4 3555 3556 3557 3558
4 2360 3555 3559 3560
4 1915 3559 3561 3562
4 3563 3564 3565 3566
4 3563 3567 3568 3569
4 3567 3570 3571 3572
4 3573 3574 3575 3576
4 3570 3573 3577 3578
4 3574 3579 3580 3581
4 3577 3579 3582 3583
4 3584 3585 3586 3587
4 3588 3589 3590 3591
4 3556 3584 3588 3592
4 2086 3593 3594 3595
4 779 3596 3597 3598
4 3599 3600 3601 3602
4 1892 3599 3603 3604
4 1895 3603 3605 3606
4 3607 3608 3609 3610
4 3611 3612 3613 3614
4 3615 3616 3617 3618
4 3619 3620 3621 3622
4 3623 3624 3625 3626
4 3519 3615 3623 3627
4 3624 3628 3629 3630
4 3627 3628 3631 3632
4 3633 3634 3635 3636
4 1864 3633 3637 3638
4 3619 3639 3640 3641
4 3642 3643 3644 3645
4 3646 3647 3648 3649
4 3607 3642 3646 3650
4 3643 3651 3652 3653
4 3651 3654 3655 3656
4 3657 3658 3659 3660
4 3661 3662 3663 3664
4 3661 3665 3666 3667
4 3665 3668 3669 3670
4 3662 3668 3671 3672
4 3673 3674 3675 3676
4 1871 3677 3678 3679
4 3680 3681 3682 3683
4 303 3684 3685 3686
4 890 3684 3687 3688
4 3689 3690 3691 3692
4 3693 3694 3695 3696
4 3689 3693 3697 3698
4 1882 3699 3700 3701
4 1879 3699 3702 3703
4 3697 3704 3705 3706
4 3694 3704 3707 3708
4 3709 3710 3711 3712
4 1875 3709 3713 3714
4 335 3713 3715 3716
4 1883 3714 3717 3718
4 3719 3720 3721 3722
4 1851 3723 3724 3725
4 3726 3727 3728 3729
4 1847 3726 3730 3731
4 3727 3732 3733 3734
4 3730 3732 3735 3736
4 3604 3737 3738 3739
4 3652 3740 3741 3742
4 3654 3740 3743 3744
4 1931 3745 3746 3747
4 3745 3748 3749 3750
4 3748 3751 3752 3753
4 3749 3754 3755 3756
4 1000 3757 3758 3759
4 1968 3757 3760 3761
4 3762 3763 3764 3765
4 1469 3754 3762 3766
4 3766 3767 3768 3769
4 3763 3767 3770 3771
4 3772 3773 3774 3775
4 3776 3777 3778 3779
4 3780 3781 3782 3783
4 276 3776 3780 3784
4 1774 3777 3785 3786
4 3784 3787 3788 3789
4 3781 3787 3790 3791
4 1771 3785 3792 3793
4 1969 3794 3795 3796
4 3797 3798 3799 3800
4 3797 3801 3802 3803
4 2003 3804 3805 3806
4 849 3804 3807 3808
4 844 3809 3810 3811
4 2008 3809 3812 3813
4 2009 3814 3815 3816
4 2527 3814 3817 3818
4 263 3819 3820 3821
4 3822 3823 3824 3825
4 3822 3826 3827 3828
4 2018 3829 3830 3831
4 3829 3832 3833 3834
4 2021 3830 3835 3836
4 2015 3831 3837 3838
4 3839 3840 3841 3842
4 752 3832 3839 3843
4 3843 3844 3845 3846
4 3840 3844 3847 3848
4 3849 3850 3851 3852
4 858 3849 3853 3854
4 3855 3856 3857 3858
4 2824 3850 3855 3859
4 519 3853 3860 3861
4 2044 3854 3862 3863
4 3864 3865 3866 3867
4 3864 3868 3869 3870
4 3859 3871 3872 3873
4 3856 3871 3874 3875
4 3876 3877 3878 3879
4 2900 3876 3880 3881
4 3877 3882 3883 3884
4 3880 3882 3885 3886
4 862 3887 3888 3889
4 2064 3887 3890 3891
4 2593 3892 3893 3894
4 2065 3895 3896 3897
4 317 3895 3898 3899
4 5 3898 3900 3901
4 3902 3903 3904 3905
4 3385 3906 3907 3908
4 3902 3909 3910 3911
4 2087 3912 3913 3914
4 2315 3915 3916 3917
4 3593 3912 3918 3919
4 3918 3920 3921 3922
4 3923 3924 3925 3926
4 2090 3920 3923 3927
4 3927 3928 3929 3930
4 3924 3928 3931 3932
4 3933 3934 3935 3936
4 3937 3938 3939 3940
4 3486 3937 3941 3942
4 3195 3943 3944 3945
4 3192 3943 3946 3947
4 3938 3948 3949 3950
4 3941 3948 3951 3952
4 618 3953 3954 3955
4 1198 3953 3956 3957
4 615 3954 3958 3959
4 3955 3960 3961 3962
4 3963 3964 3965 3966
4 1214 3960 3963 3967
4 2129 3968 3969 3970
4 3971 3972 3973 3974
4 2867 3971 3975 3976
4 3972 3977 3978 3979
4 3975 3977 3980 3981
4 3982 3983 3984 3985
4 3933 3986 3987 3988
4 3989 3990 3991 3992
4 3982 3989 3993 3994
4 3990 3995 3996 3997
4 3993 3995 3998 3999
4 2142 4000 4001 4002
4 2138 4000 4003 4004
4 4005 4006 4007 4008
4 3270 4009 4010 4011
4 3257 4005 4009 4012
4 4013 4014 4015 4016
4 926 4017 4018 4019
4 2143 4017 4020 4021
4 4022 4023 4024 4025
4 2390 4022 4026 4027
4 4023 4028 4029 4030
4 4026 4028 4031 4032
4 4013 4033 4034 4035
4 2144 4036 4037 4038
4 4039 4040 4041 4042
4 4039 4043 4044 4045
4 4046 4047 4048 4049
4 4046 4050 4051 4052
4 502 4053 4054 4055
4 1417 4056 4057 4058
4 576 4053 4056 4059
4 4059 4060 4061 4062
4 4063 4064 4065 4066
4 4067 4068 4069 4070
4 4060 4063 4067 4071
4 260 4064 4072 4073
4 795 4072 4074 4075
4 99 4073 4076 4077
4 4078 4079 4080 4081
4 4078 4082 4083 4084
4 4079 4085 4086 4087
4 2190 4082 4085 4088
4 4088 4089 4090 4091
4 4050 4089 4092 4093
4 2186 4092 4094 4095
4 4047 4093 4096 4097
4 331 4098 4099 4100
4 509 4098 4101 4102
4 4103 4104 4105 4106
4 1248 4103 4107 4108
4 4107 4109 4110 4111
4 1251 4108 4112 4113
4 4114 4115 4116 4117
4 3680 4109 4114 4118
4 2187 4119 4120 4121
4 2198 4119 4122 4123
4 4118 4124 4125 4126
4 4115 4124 4127 4128
4 4129 4130 4131 4132
4 4129 4133 4134 4135
4 4136 4137 4138 4139
4 3578 4136 4140 4141
4 4137 4142 4143 4144
4 2194 4145 4146 4147
4 2197 4145 4148 4149
4 2229 4150 4151 4152
4 2232 4150 4153 4154
4 3212 4155 4156 4157
4 2239 4158 4159 4160
4 2242 4155 4158 4161
4 4161 4162 4163 4164
4 342 4165 4166 4167
4 4165 4168 4169 4170
4 2775 4166 4171 4172
4 817 4173 4174 4175
4 4176 4177 4178 4179
4 2010 4168 4176 4180
4 4177 4181 4182 4183
4 4180 4181 4184 4185
4 2246 4186 4187 4188
4 4186 4189 4190 4191
4 4189 4192 4193 4194
4 4195 4196 4197 4198
4 4195 4199 4200 4201
4 4202 4203 4204 4205
4 4162 4192 4202 4206
4 4203 4207 4208 4209
4 4206 4207 4210 4211
4 2297 4212 4213 4214
4 2294 4212 4215 4216
4 4215 4217 4218 4219
4 4220 4221 4222 4223
4 1826 4217 4220 4224
4 4224 4225 4226 4227
4 4221 4225 4228 4229
4 4230 4231 4232 4233
4 2150 4230 4234 4235
4 2024 4236 4237 4238
4 4234 4239 4240 4241
4 4231 4239 4242 4243
4 3490 4244 4245 4246
4 3493 4244 4247 4248
4 2322 4249 4250 4251
4 4252 4253 4254 4255
4 4252 4256 4257 4258
4 3495 4259 4260 4261
4 3502 4259 4262 4263
4 1813 4264 4265 4266
4 2305 4267 4268 4269
4 120 4264 4267 4270
4 4270 4271 4272 4273
4 4274 4275 4276 4277
4 4271 4274 4278 4279
4 4278 4280 4281 4282
4 4275 4280 4283 4284
4 408 4285 4286 4287
4 2323 4288 4289 4290
4 912 4285 4291 4292
4 4286 4293 4294 4295
4 4296 4297 4298 4299
4 4293 4296 4300 4301
4 4297 4302 4303 4304
4 4300 4302 4305 4306
4 2330 4307 4308 4309
4 924 4310 4311 4312
4 4313 4314 4315 4316
4 4317 4318 4319 4320
4 2356 4313 4317 4321
4 2365 4322 4323 4324
4 4325 4326 4327 4328
4 2368 4322 4329 4330
4 2597 4323 4331 4332
4 4325 4333 4334 4335
4 988 4336 4337 4338
4 2376 4336 4339 4340
4 1340 4341 4342 4343
4 1356 4344 4345 4346
4 4347 4348 4349 4350
4 4347 4351 4352 4353
4 4348 4354 4355 4356
4 4351 4354 4357 4358
4 4359 4360 4361 4362
4 4363 4364 4365 4366
4 4363 4367 4368 4369
4 4352 4370 4371 4372
4 2405 4370 4373 4374
4 4375 4376 4377 4378
4 2408 4373 4379 4380
4 4375 4381 4382 4383
4 1009 4384 4385 4386
4 2411 4384 4387 4388
4 4389 4390 4391 4392
4 428 4389 4393 4394
4 4395 4396 4397 4398
4 4390 4395 4399 4400
4 1045 4393 4401 4402
4 4399 4403 4404 4405
4 4396 4403 4406 4407
4 4408 4409 4410 4411
4 4408 4412 4413 4414
4 1128 4415 4416 4417
4 1124 4415 4418 4419
4 3014 4420 4421 4422
4 3994 4423 4424 4425
4 2525 4426 4427 4428
4 2528 4429 4430 4431
4 3817 4429 4432 4433
4 4434 4435 4436 4437
4 4434 4438 4439 4440
4 3805 4441 4442 4443
4 2175 4444 4445 4446
4 2178 4444 4447 4448
4 1031 4449 4450 4451
4 4452 4453 4454 4455
4 4452 4456 4457 4458
4 4459 4460 4461 4462
4 4459 4463 4464 4465
4 4466 4467 4468 4469
4 4456 4470 4471 4472
4 4453 4470 4473 4474
4 4475 4476 4477 4478
4 4475 4479 4480 4481
4 4482 4483 4484 4485
4 4486 4487 4488 4489
4 2578 4482 4486 4490
4 4487 4491 4492 4493
4 4490 4491 4494 4495
4 2574 4496 4497 4498
4 1639 4496 4499 4500
4 4497 4501 4502 4503
4 2572 4498 4504 4505
4 4506 4507 4508 4509
4 2565 4501 4506 4510
4 4507 4511 4512 4513
4 4510 4511 4514 4515
4 161 4516 4517 4518
4 544 4516 4519 4520
4 4521 4522 4523 4524
4 4525 4526 4527 4528
4 2569 4529 4530 4531
4 2573 4529 4532 4533
4 4534 4535 4536 4537
4 4538 4539 4540 4541
4 3616 4534 4538 4542
4 4543 4544 4545 4546
4 4547 4548 4549 4550
4 4547 4551 4552 4553
4 2620 4554 4555 4556
4 4554 4557 4558 4559
4 2623 4555 4560 4561
4 2618 4556 4562 4563
4 538 4564 4565 4566
4 543 4564 4567 4568
4 4569 4570 4571 4572
4 2982 4569 4573 4574
4 4575 4576 4577 4578
4 2640 4570 4575 4579
4 406 4573 4580 4581
4 4576 4582 4583 4584
4 4579 4582 4585 4586
4 1143 4587 4588 4589
4 1142 4587 4590 4591
4 4592 4593 4594 4595
4 1354 4596 4597 4598
4 4592 4596 4599 4600
4 2671 4601 4602 4603
4 4599 4604 4605 4606
4 4593 4604 4607 4608
4 4609 4610 4611 4612
4 1632 4613 4614 4615
4 2672 4616 4617 4618
4 4613 4619 4620 4621
4 1635 4614 4622 4623
4 4624 4625 4626 4627
4 1628 4619 4624 4628
4 4629 4630 4631 4632
4 2724 4629 4633 4634
4 4630 4635 4636 4637
4 4633 4635 4638 4639
4 4634 4640 4641 4642
4 4014 4640 4643 4644
4 4012 4643 4645 4646
4 4033 4644 4647 4648
4 1608 4649 4650 4651
4 3260 4649 4652 4653
4 2762 4654 4655 4656
4 3731 4657 4658 4659
4 1852 4660 4661 4662
4 3723 4657 4660 4663
4 4664 4665 4666 4667
4 4664 4668 4669 4670
4 2805 4671 4672 4673
4 2809 4671 4674 4675
4 510 4676 4677 4678
4 2817 4679 4680 4681
4 512 4676 4679 4682
4 4682 4683 4684 4685
4 4686 4687 4688 4689
4 1848 4683 4686 4690
4 4690 4691 4692 4693
4 4687 4691 4694 4695
4 2845 4696 4697 4698
4 2847 4696 4699 4700
4 1552 4699 4701 4702
4 4700 4703 4704 4705
4 2126 4706 4707 4708
4 2814 4706 4709 4710
4 4711 4712 4713 4714
4 2791 4703 4711 4715
4 4712 4716 4717 4718
4 4715 4716 4719 4720
4 2842 4721 4722 4723
4 2846 4721 4724 4725
4 2265 4726 4727 4728
4 2270 4729 4730 4731
4 2267 4726 4729 4732
4 4732 4733 4734 4735
4 4736 4737 4738 4739
4 2858 4733 4736 4740
4 4740 4741 4742 4743
4 4737 4741 4744 4745
4 4746 4747 4748 4749
4 4750 4751 4752 4753
4 1442 4746 4750 4754
4 3552 4747 4755 4756
4 3549 4755 4757 4758
4 4759 4760 4761 4762
4 2914 4759 4763 4764
4 1868 4763 4765 4766
4 4764 4767 4768 4769
4 3125 4770 4771 4772
4 3121 4770 4773 4774
4 4775 4776 4777 4778
4 4535 4767 4775 4779
4 4780 4781 4782 4783
4 4760 4780 4784 4785
4 4781 4786 4787 4788
4 4784 4786 4789 4790
4 4791 4792 4793 4794
4 4791 4795 4796 4797
4 3117 4798 4799 4800
4 4801 4802 4803 4804
4 4801 4805 4806 4807
4 4808 4809 4810 4811
4 4812 4813 4814 4815
4 2060 4808 4812 4816
4 4809 4817 4818 4819
4 4813 4820 4821 4822
4 4816 4820 4823 4824
4 4817 4825 4826 4827
4 4828 4829 4830 4831
4 4825 4832 4833 4834
4 4818 4832 4835 4836
4 6 4837 4838 4839
4 4479 4840 4841 4842
4 4476 4837 4840 4843
4 4844 4845 4846 4847
4 4844 4848 4849 4850
4 2926 4851 4852 4853
4 4845 4851 4854 4855
4 4854 4856 4857 4858
4 4848 4855 4859 4860
4 4861 4862 4863 4864
4 4865 4866 4867 4868
4 2993 4856 4865 4869
4 4869 4870 4871 4872
4 4866 4870 4873 4874
4 4875 4876 4877 4878
4 673 4879 4880 4881
4 2927 4879 4882 4883
4 4884 4885 4886 4887
4 1324 4875 4884 4888
4 4885 4889 4890 4891
4 4888 4889 4892 4893
4 4894 4895 4896 4897
4 4898 4899 4900 4901
4 2953 4894 4898 4902
4 4895 4903 4904 4905
4 4899 4906 4907 4908
4 4902 4906 4909 4910
4 4903 4911 4912 4913
4 4344 4914 4915 4916
4 2377 4917 4918 4919
4 4920 4921 4922 4923
4 2969 4920 4924 4925
4 4609 4926 4927 4928
4 4628 4929 4930 4931
4 4625 4929 4932 4933
4 4921 4934 4935 4936
4 4924 4934 4937 4938
4 1339 4939 4940 4941
4 2987 4942 4943 4944
4 2990 4939 4942 4945
4 4945 4946 4947 4948
4 4949 4950 4951 4952
4 2994 4946 4949 4953
4 4953 4954 4955 4956
4 4950 4954 4957 4958
4 4959 4960 4961 4962
4 4959 4963 4964 4965
4 4966 4967 4968 4969
4 3223 4966 4970 4971
4 1389 4972 4973 4974
4 629 4972 4975 4976
4 4977 4978 4979 4980
4 4973 4981 4982 4983
4 4977 4984 4985 4986
4 3052 4987 4988 4989
4 1690 4990 4991 4992
4 4993 4994 4995 4996
4 3048 4993 4997 4998
4 4997 4999 5000 5001
4 4994 4999 5002 5003
4 3751 5004 5005 5006
4 3750 5004 5007 5008
4 5009 5010 5011 5012
4 5013 5014 5015 5016
4 5009 5013 5017 5018
4 5014 5019 5020 5021
4 5017 5019 5022 5023
4 3435 5024 5025 5026
4 5024 5027 5028 5029
4 5027 5030 5031 5032
4 5030 5033 5034 5035
4 5028 5036 5037 5038
4 1474 5039 5040 5041
4 3076 5039 5042 5043
4 5044 5045 5046 5047
4 2464 5044 5048 5049
4 5048 5050 5051 5052
4 5053 5054 5055 5056
4 1470 5050 5053 5057
4 5054 5058 5059 5060
4 5057 5058 5061 5062
4 5063 5064 5065 5066
4 1403 5063 5067 5068
4 5067 5069 5070 5071
4 5064 5069 5072 5073
4 5074 5075 5076 5077
4 5074 5078 5079 5080
4 3101 5081 5082 5083
4 1414 5081 5084 5085
4 5082 5086 5087 5088
4 5033 5089 5090 5091
4 5092 5093 5094 5095
4 1410 5086 5092 5096
4 5096 5097 5098 5099
4 5093 5097 5100 5101
4 5102 5103 5104 5105
4 5106 5107 5108 5109
4 3122 5106 5110 5111
4 3114 5112 5113 5114
4 3118 5112 5115 5116
4 585 5117 5118 5119
4 865 5120 5121 5122
4 572 5117 5120 5123
4 5123 5124 5125 5126
4 5127 5128 5129 5130
4 1421 5124 5127 5131
4 5131 5132 5133 5134
4 5128 5132 5135 5136
4 3139 5137 5138 5139
4 3142 5137 5140 5141
4 5142 5143 5144 5145
4 5142 5146 5147 5148
4 5149 5150 5151 5152
4 3165 5149 5153 5154
4 34 5155 5156 5157
4 3170 5150 5155 5158
4 3173 5158 5159 5160
4 2689 5161 5162 5163
4 654 5164 5165 5166
4 5167 5168 5169 5170
4 5167 5171 5172 5173
4 3285 5174 5175 5176
4 3282 5174 5177 5178
4 1609 5179 5180 5181
4 5171 5182 5183 5184
4 5168 5179 5182 5185
4 5185 5186 5187 5188
4 5189 5190 5191 5192
4 5164 5186 5189 5193
4 5193 5194 5195 5196
4 5190 5194 5197 5198
4 5199 5200 5201 5202
4 5199 5203 5204 5205
4 3288 5206 5207 5208
4 5209 5210 5211 5212
4 5213 5214 5215 5216
4 3302 5209 5213 5217
4 5217 5218 5219 5220
4 5214 5218 5221 5222
4 3673 5223 5224 5225
4 5203 5226 5227 5228
4 5200 5226 5229 5230
4 5227 5231 5232 5233
4 5234 5235 5236 5237
4 4006 5231 5234 5238
4 5238 5239 5240 5241
4 5235 5239 5242 5243
4 2639 5244 5245 5246
4 5247 5248 5249 5250
4 1060 5251 5252 5253
4 4438 5251 5254 5255
4 5254 5256 5257 5258
4 4435 5255 5259 5260
4 5261 5262 5263 5264
4 4426 5256 5261 5265
4 5266 5267 5268 5269
4 3097 5270 5271 5272
4 3100 5270 5273 5274
4 5275 5276 5277 5278
4 3401 5266 5275 5279
4 5276 5280 5281 5282
4 5279 5280 5283 5284
4 5285 5286 5287 5288
4 1937 5285 5289 5290
4 5291 5292 5293 5294
4 3535 5286 5291 5295
4 1940 5289 5296 5297
4 5018 5290 5298 5299
4 5295 5300 5301 5302
4 5292 5300 5303 5304
4 5029 5305 5306 5307
4 5036 5305 5308 5309
4 5310 5311 5312 5313
4 3445 5310 5314 5315
4 2950 5314 5316 5317
4 5318 5319 5320 5321
4 5322 5323 5324 5325
4 5326 5327 5328 5329
4 1625 5318 5326 5330
4 5331 5332 5333 5334
4 3460 5331 5335 5336
4 3507 5337 5338 5339
4 3510 5337 5340 5341
4 1364 5342 5343 5344
4 5345 5346 5347 5348
4 5345 5349 5350 5351
4 5352 5353 5354 5355
4 3677 5352 5356 5357
4 1872 5356 5358 5359
4 3522 5360 5361 5362
4 4861 5363 5364 5365
4 5366 5367 5368 5369
4 2371 5366 5370 5371
4 5372 5373 5374 5375
4 5363 5372 5376 5377
4 4862 5376 5378 5379
4 5370 5377 5380 5381
4 1615 5382 5383 5384
4 1611 5382 5385 5386
4 3564 5387 5388 5389
4 3568 5387 5390 5391
4 495 5392 5393 5394
4 3719 5392 5395 5396
4 5395 5397 5398 5399
4 5400 5401 5402 5403
4 3544 5397 5400 5404
4 5401 5405 5406 5407
4 5404 5405 5408 5409
4 2601 5410 5411 5412
4 5410 5413 5414 5415
4 2598 5411 5416 5417
4 2361 5418 5419 5420
4 3560 5418 5421 5422
4 5423 5424 5425 5426
4 2357 5413 5423 5427
4 5424 5428 5429 5430
4 5427 5428 5431 5432
4 5433 5434 5435 5436
4 5433 5437 5438 5439
4 3592 5440 5441 5442
4 3589 5440 5443 5444
4 3532 5445 5446 5447
4 3569 5445 5448 5449
4 3529 5446 5450 5451
4 5447 5452 5453 5454
4 3585 5452 5455 5456
4 5457 5458 5459 5460
4 5457 5461 5462 5463
4 3653 5461 5464 5465
4 5462 5466 5467 5468
4 5469 5470 5471 5472
4 5469 5473 5474 5475
4 3666 5476 5477 5478
4 1241 5476 5479 5480
4 1244 5479 5481 5482
4 5480 5483 5484 5485
4 5486 5487 5488 5489
4 1255 5483 5486 5490
4 780 5491 5492 5493
4 3596 5491 5494 5495
4 5490 5496 5497 5498
4 5487 5496 5499 5500
4 4359 5501 5502 5503
4 1011 5504 5505 5506
4 5437 5507 5508 5509
4 5434 5504 5507 5510
4 5511 5512 5513 5514
4 5511 5515 5516 5517
4 3637 5518 5519 5520
4 3639 5518 5521 5522
4 3657 5523 5524 5525
4 3620 5521 5526 5527
4 5522 5528 5529 5530
4 5531 5532 5533 5534
4 3524 5535 5536 5537
4 3658 5538 5539 5540
4 5523 5538 5541 5542
4 5543 5544 5545 5546
4 3667 5539 5547 5548
4 5543 5549 5550 5551
4 4142 5552 5553 5554
4 4138 5552 5555 5556
4 3674 5557 5558 5559
4 5557 5560 5561 5562
4 5223 5558 5563 5564
4 5357 5559 5565 5566
4 5567 5568 5569 5570
4 835 5560 5567 5571
4 5568 5572 5573 5574
4 5571 5572 5575 5576
4 3523 5577 5578 5579
4 5360 5577 5580 5581
4 5582 5583 5584 5585
4 5582 5586 5587 5588
4 5583 5589 5590 5591
4 3681 5586 5589 5592
4 5592 5593 5594 5595
4 5593 5596 5597 5598
4 5596 5599 5600 5601
4 1994 5597 5602 5603
4 1107 5604 5605 5606
4 1110 5604 5607 5608
4 5034 5609 5610 5611
4 5612 5613 5614 5615
4 1971 5616 5617 5618
4 3786 5616 5619 5620
4 1974 5617 5621 5622
4 5618 5623 5624 5625
4 5626 5627 5628 5629
4 3469 5623 5626 5630
4 3819 5631 5632 5633
4 264 5631 5634 5635
4 5634 5636 5637 5638
4 3698 5635 5639 5640
4 5641 5642 5643 5644
4 1618 5636 5641 5645
4 3335 5646 5647 5648
4 3336 5646 5649 5650
4 5642 5651 5652 5653
4 5645 5651 5654 5655
4 5146 5656 5657 5658
4 5143 5656 5659 5660
4 5661 5662 5663 5664
4 5661 5665 5666 5667
4 3903 5668 5669 5670
4 5668 5671 5672 5673
4 3899 5669 5674 5675
4 3909 5670 5676 5677
4 5678 5679 5680 5681
4 3148 5671 5678 5682
4 5682 5683 5684 5685
4 5679 5683 5686 5687
4 67 5688 5689 5690
4 271 5688 5691 5692
4 3906 5693 5694 5695
4 3386 5693 5696 5697
4 3394 5696 5698 5699
4 5697 5700 5701 5702
4 5703 5704 5705 5706
4 3414 5700 5703 5707
4 2584 5708 5709 5710
4 2583 5708 5711 5712
4 5704 5713 5714 5715
4 5707 5713 5716 5717
4 5473 5718 5719 5720
4 3919 5721 5722 5723
4 5470 5718 5721 5724
4 2316 5725 5726 5727
4 3915 5725 5728 5729
4 5724 5730 5731 5732
4 5733 5734 5735 5736
4 5730 5733 5737 5738
4 5734 5739 5740 5741
4 5737 5739 5742 5743
4 3934 5744 5745 5746
4 3986 5744 5747 5748
4 5745 5749 5750 5751
4 3942 5746 5752 5753
4 5754 5755 5756 5757
4 1218 5749 5754 5758
4 5758 5759 5760 5761
4 5755 5759 5762 5763
4 2016 5764 5765 5766
4 3482 5764 5767 5768
4 3967 5769 5770 5771
4 3964 5769 5772 5773
4 2130 5774 5775 5776
4 3976 5777 5778 5779
4 3968 5774 5777 5780
4 5781 5782 5783 5784
4 5781 5785 5786 5787
4 5788 5789 5790 5791
4 5782 5788 5792 5793
4 5794 5795 5796 5797
4 3983 5789 5794 5798
4 5785 5792 5799 5800
4 5780 5793 5801 5802
4 5795 5803 5804 5805
4 5798 5803 5806 5807
4 5598 5808 5809 5810
4 5599 5808 5811 5812
4 5813 5814 5815 5816
4 5813 5817 5818 5819
4 5820 5821 5822 5823
4 5824 5825 5826 5827
4 2381 5820 5824 5828
4 5825 5829 5830 5831
4 5828 5829 5832 5833
4 4071 5834 5835 5836
4 4068 5834 5837 5838
4 2188 5839 5840 5841
4 2787 5842 5843 5844
4 887 5839 5842 5845
4 5845 5846 5847 5848
4 5849 5850 5851 5852
4 304 5846 5849 5853
4 5853 5854 5855 5856
4 5850 5854 5857 5858
4 343 5859 5860 5861
4 4167 5859 5862 5863
4 1207 5864 5865 5866
4 111 5864 5867 5868
4 5867 5869 5870 5871
4 5872 5873 5874 5875
4 1112 5869 5872 5876
4 5876 5877 5878 5879
4 5873 5877 5880 5881
4 4173 5882 5883 5884
4 818 5882 5885 5886
4 2053 5885 5887 5888
4 5886 5889 5890 5891
4 5892 5893 5894 5895
4 3690 5889 5892 5896
4 38 5897 5898 5899
4 2247 5897 5900 5901
4 5893 5902 5903 5904
4 5896 5902 5905 5906
4 5907 5908 5909 5910
4 4235 5911 5912 5913
4 4236 5907 5911 5914
4 5915 5916 5917 5918
4 2028 5908 5915 5919
4 2025 5914 5920 5921
4 5922 5923 5924 5925
4 5926 5927 5928 5929
4 4249 5922 5926 5930
4 2928 5931 5932 5933
4 4256 5923 5931 5934
4 4253 5934 5935 5936
4 2324 5937 5938 5939
4 4288 5937 5940 5941
4 4364 5942 5943 5944
4 4287 5945 5946 5947
4 4367 5942 5945 5948
4 5948 5949 5950 5951
4 5952 5953 5954 5955
4 1907 5949 5952 5956
4 5956 5957 5958 5959
4 5953 5957 5960 5961
4 5814 5962 5963 5964
4 5817 5962 5965 5966
4 4027 5965 5967 5968
4 5966 5969 5970 5971
4 5972 5973 5974 5975
4 5972 5976 5977 5978
4 5979 5980 5981 5982
4 4310 5969 5979 5983
4 5980 5984 5985 5986
4 5983 5984 5987 5988
4 4318 5989 5990 5991
4 4321 5989 5992 5993
4 5994 5995 5996 5997
4 5998 5999 6000 6001
4 5528 5994 5998 6002
4 6002 6003 6004 6005
4 5999 6003 6006 6007
4 6008 6009 6010 6011
4 6008 6012 6013 6014
4 6009 6015 6016 6017
4 4314 6012 6015 6018
4 6018 6019 6020 6021
4 5544 6019 6022 6023
4 5549 6022 6024 6025
4 5540 6023 6026 6027
4 5463 6028 6029 6030
4 5466 6028 6031 6032
4 4353 6033 6034 6035
4 4360 6033 6036 6037
4 3611 6038 6039 6040
4 5501 6036 6041 6042
4 6037 6043 6044 6045
4 6046 6047 6048 6049
4 3600 6043 6046 6050
4 6050 6051 6052 6053
4 6047 6051 6054 6055
4 2964 6056 6057 6058
4 4374 6059 6060 6061
4 4381 6062 6063 6064
4 4376 6059 6062 6065
4 6066 6067 6068 6069
4 6066 6070 6071 6072
4 6073 6074 6075 6076
4 6073 6077 6078 6079
4 6074 6080 6081 6082
4 6077 6080 6083 6084
4 6078 6085 6086 6087
4 4460 6085 6088 6089
4 4463 6088 6090 6091
4 1763 6092 6093 6094
4 2515 6095 6096 6097
4 6095 6098 6099 6100
4 6096 6101 6102 6103
4 2518 6097 6104 6105
4 6106 6107 6108 6109
4 1026 6101 6106 6110
4 6111 6112 6113 6114
4 6098 6111 6115 6116
4 6112 6117 6118 6119
4 6115 6117 6120 6121
4 6122 6123 6124 6125
4 339 6126 6127 6128
4 966 6126 6129 6130
4 6131 6132 6133 6134
4 4420 6131 6135 6136
4 6122 6137 6138 6139
4 6140 6141 6142 6143
4 6140 6144 6145 6146
4 6147 6148 6149 6150
4 6151 6152 6153 6154
4 5045 6147 6151 6155
4 4449 6148 6156 6157
4 4457 6156 6158 6159
4 1032 6157 6160 6161
4 6162 6163 6164 6165
4 2554 6162 6166 6167
4 6168 6169 6170 6171
4 4466 6163 6168 6172
4 1116 6166 6173 6174
4 6089 6167 6175 6176
4 6169 6177 6178 6179
4 6172 6177 6180 6181
4 1764 6182 6183 6184
4 6092 6182 6185 6186
4 6187 6188 6189 6190
4 4521 6187 6191 6192
4 6191 6193 6194 6195
4 6188 6193 6196 6197
4 4525 6198 6199 6200
4 4543 6201 6202 6203
4 4526 6204 6205 6206
4 6192 6207 6208 6209
4 6198 6204 6207 6210
4 6210 6211 6212 6213
4 6214 6215 6216 6217
4 4483 6211 6214 6218
4 6215 6219 6220 6221
4 6218 6219 6222 6223
4 2922 6224 6225 6226
4 6227 6228 6229 6230
4 5102 6231 6232 6233
4 1429 6234 6235 6236
4 4828 6234 6237 6238
4 6237 6239 6240 6241
4 6242 6243 6244 6245
4 6239 6242 6246 6247
4 6246 6248 6249 6250
4 6243 6248 6251 6252
4 2599 6253 6254 6255
4 6256 6257 6258 6259
4 6256 6260 6261 6262
4 6263 6264 6265 6266
4 2600 6267 6268 6269
4 6253 6267 6270 6271
4 6272 6273 6274 6275
4 5311 6272 6276 6277
4 6263 6278 6279 6280
4 1451 6281 6282 6283
4 4785 6284 6285 6286
4 4792 6284 6287 6288
4 4795 6287 6289 6290
4 6291 6292 6293 6294
4 6291 6295 6296 6297
4 6295 6298 6299 6300
4 6292 6301 6302 6303
4 6296 6301 6304 6305
4 6306 6307 6308 6309
4 6310 6311 6312 6313
4 5995 6306 6310 6314
4 6311 6315 6316 6317
4 6314 6315 6318 6319
4 6320 6321 6322 6323
4 1053 6320 6324 6325
4 6326 6327 6328 6329
4 1065 6321 6326 6330
4 1056 6324 6331 6332
4 1061 6325 6333 6334
4 6330 6335 6336 6337
4 6327 6335 6338 6339
4 6340 6341 6342 6343
4 6340 6344 6345 6346
4 4615 6347 6348 6349
4 458 6347 6350 6351
4 223 6350 6352 6353
4 6351 6354 6355 6356
4 6357 6358 6359 6360
4 1622 6354 6357 6361
4 2673 6362 6363 6364
4 4616 6362 6365 6366
4 6361 6367 6368 6369
4 6358 6367 6370 6371
4 4654 6372 6373 6374
4 2763 6372 6375 6376
4 2124 6375 6377 6378
4 6376 6379 6380 6381
4 6382 6383 6384 6385
4 5458 6379 6382 6386
4 870 6387 6388 6389
4 2117 6387 6390 6391
4 6383 6392 6393 6394
4 6386 6392 6395 6396
4 4665 6397 6398 6399
4 6397 6400 6401 6402
4 4663 6398 6403 6404
4 4668 6399 6405 6406
4 6407 6408 6409 6410
4 3737 6400 6407 6411
4 6408 6412 6413 6414
4 6411 6412 6415 6416
4 3720 6417 6418 6419
4 5396 6417 6420 6421
4 6422 6423 6424 6425
4 2965 6422 6426 6427
4 6428 6429 6430 6431
4 4876 6423 6428 6432
4 4301 6426 6433 6434
4 6056 6427 6435 6436
4 6429 6437 6438 6439
4 6432 6437 6440 6441
4 1301 6442 6443 6444
4 1304 6442 6445 6446
4 4904 6447 6448 6449
4 4544 6447 6450 6451
4 6201 6450 6452 6453
4 6451 6454 6455 6456
4 6457 6458 6459 6460
4 6298 6454 6457 6461
4 4345 6462 6463 6464
4 4914 6462 6465 6466
4 6458 6467 6468 6469
4 6461 6467 6470 6471
4 6472 6473 6474 6475
4 568 6476 6477 6478
4 1320 6476 6479 6480
4 531 6477 6481 6482
4 2510 6483 6484 6485
4 2513 6483 6486 6487
4 1341 6488 6489 6490
4 6472 6491 6492 6493
4 4346 6494 6495 6496
4 4341 6488 6494 6497
4 6497 6498 6499 6500
4 6501 6502 6503 6504
4 2372 6498 6501 6505
4 6505 6506 6507 6508
4 6502 6506 6509 6510
4 6511 6512 6513 6514
4 6515 6516 6517 6518
4 2961 6511 6515 6519
4 6065 6520 6521 6522
4 6067 6512 6520 6523
4 6070 6523 6524 6525
4 4925 6526 6527 6528
4 4926 6526 6529 6530
4 4610 6529 6531 6532
4 6530 6533 6534 6535
4 2983 6536 6537 6538
4 4574 6536 6539 6540
4 6541 6542 6543 6544
4 4601 6533 6541 6545
4 6542 6546 6547 6548
4 6545 6546 6549 6550
4 55 6551 6552 6553
4 253 6551 6554 6555
4 6556 6557 6558 6559
4 979 6556 6560 6561
4 6562 6563 6564 6565
4 4981 6557 6562 6566
4 1547 6560 6567 6568
4 976 6561 6569 6570
4 4967 6571 6572 6573
4 4970 6571 6574 6575
4 4971 6576 6577 6578
4 1556 6579 6580 6581
4 3243 6579 6582 6583
4 6584 6585 6586 6587
4 4978 6588 6589 6590
4 6588 6591 6592 6593
4 4974 6589 6594 6595
4 4984 6590 6596 6597
4 6598 6599 6600 6601
4 6591 6598 6602 6603
4 4987 6604 6605 6606
4 3053 6604 6607 6608
4 2416 6607 6609 6610
4 6608 6611 6612 6613
4 6614 6615 6616 6617
4 3049 6611 6614 6618
4 2428 6619 6620 6621
4 2536 6619 6622 6623
4 6615 6624 6625 6626
4 6618 6624 6627 6628
4 6599 6629 6630 6631
4 6602 6629 6632 6633
4 6634 6635 6636 6637
4 6638 6639 6640 6641
4 6638 6642 6643 6644
4 4990 6645 6646 6647
4 6603 6645 6648 6649
4 1691 6646 6650 6651
4 6647 6652 6653 6654
4 4190 6655 6656 6657
4 6642 6658 6659 6660
4 6639 6658 6661 6662
4 6661 6663 6664 6665
4 6666 6667 6668 6669
4 6634 6663 6666 6670
4 6670 6671 6672 6673
4 6667 6671 6674 6675
4 5035 6676 6677 6678
4 5089 6676 6679 6680
4 5083 6681 6682 6683
4 6684 6685 6686 6687
4 6684 6688 6689 6690
4 2465 6691 6692 6693
4 5049 6691 6694 6695
4 4412 6696 6697 6698
4 6079 6699 6700 6701
4 4409 6696 6699 6702
4 6702 6703 6704 6705
4 6706 6707 6708 6709
4 6703 6706 6710 6711
4 6707 6712 6713 6714
4 6710 6712 6715 6716
4 6717 6718 6719 6720
4 6717 6721 6722 6723
4 6718 6724 6725 6726
4 6721 6724 6727 6728
4 5322 6729 6730 6731
4 705 6732 6733 6734
4 1687 6732 6735 6736
4 5107 6737 6738 6739
4 5110 6737 6740 6741
4 4139 6742 6743 6744
4 4130 6745 6746 6747
4 4133 6742 6745 6748
4 6748 6749 6750 6751
4 6752 6753 6754 6755
4 4104 6749 6752 6756
4 6756 6757 6758 6759
4 6753 6757 6760 6761
4 5153 6762 6763 6764
4 6765 6766 6767 6768
4 6765 6769 6770 6771
4 6772 6773 6774 6775
4 6776 6777 6778 6779
4 6776 6780 6781 6782
4 3515 6772 6783 6784
4 6785 6786 6787 6788
4 6785 6789 6790 6791
4 6792 6793 6794 6795
4 6792 6796 6797 6798
4 6584 6799 6800 6801
4 6566 6802 6803 6804
4 6563 6802 6805 6806
4 5161 6807 6808 6809
4 2690 6807 6810 6811
4 6810 6812 6813 6814
4 6815 6816 6817 6818
4 2686 6812 6815 6819
4 6816 6820 6821 6822
4 6819 6820 6823 6824
4 6825 6826 6827 6828
4 5206 6825 6829 6830
4 6227 6831 6832 6833
4 6834 6835 6836 6837
4 2179 6838 6839 6840
4 162 6841 6842 6843
4 6844 6845 6846 6847
4 5262 6848 6849 6850
4 5265 6848 6851 6852
4 6853 6854 6855 6856
4 6857 6858 6859 6860
4 3359 6853 6857 6861
4 6861 6862 6863 6864
4 6858 6862 6865 6866
4 6867 6868 6869 6870
4 6867 6871 6872 6873
4 6868 6874 6875 6876
4 5267 6871 6874 6877
4 6877 6878 6879 6880
4 5075 6878 6881 6882
4 6727 6881 6883 6884
4 5078 6882 6885 6886
4 5327 6887 6888 6889
4 5330 6887 6890 6891
4 4324 6892 6893 6894
4 4326 6892 6895 6896
4 6895 6897 6898 6899
4 4333 6896 6900 6901
4 6276 6902 6903 6904
4 6273 6902 6905 6906
4 5315 6907 6908 6909
4 6685 6907 6910 6911
4 6910 6912 6913 6914
4 6688 6911 6915 6916
4 6917 6918 6919 6920
4 6681 6912 6917 6921
4 6922 6923 6924 6925
4 3457 6922 6926 6927
4 6928 6929 6930 6931
4 5319 6923 6928 6932
4 6662 6926 6933 6934
4 3454 6927 6935 6936
4 6929 6937 6938 6939
4 6932 6937 6940 6941
4 4191 6942 6943 6944
4 6655 6942 6945 6946
4 3865 6947 6948 6949
4 5335 6950 6951 6952
4 6947 6953 6954 6955
4 3868 6948 6956 6957
4 6958 6959 6960 6961
4 3710 6953 6958 6962
4 6959 6963 6964 6965
4 6962 6963 6966 6967
4 6968 6969 6970 6971
4 6968 6972 6973 6974
4 3881 6975 6976 6977
4 4754 6978 6979 6980
4 4751 6978 6981 6982
4 6983 6984 6985 6986
4 5332 6983 6987 6988
4 6987 6989 6990 6991
4 688 6989 6992 6993
4 252 6992 6994 6995
4 1659 6993 6996 6997
4 1490 6998 6999 7000
4 6984 7001 7002 7003
4 6988 7001 7004 7005
4 7006 7007 7008 7009
4 1722 7010 7011 7012
4 727 7006 7010 7013
4 7013 7014 7015 7016
4 7017 7018 7019 7020
4 1743 7014 7017 7021
4 7021 7022 7023 7024
4 7018 7022 7025 7026
4 7027 7028 7029 7030
4 5342 7027 7031 7032
4 7031 7033 7034 7035
4 7028 7033 7036 7037
4 7032 7038 7039 7040
4 5346 7038 7041 7042
4 1585 7041 7043 7044
4 5349 7042 7045 7046
4 1833 7047 7048 7049
4 1834 7047 7050 7051
4 7052 7053 7054 7055
4 7056 7057 7058 7059
4 5531 7052 7056 7060
4 4548 7053 7061 7062
4 7060 7063 7064 7065
4 7057 7063 7066 7067
4 4551 7061 7068 7069
4 6297 7062 7070 7071
4 5371 7072 7073 7074
4 5367 7072 7075 7076
4 7077 7078 7079 7080
4 4802 7077 7081 7082
4 7083 7084 7085 7086
4 4798 7078 7083 7087
4 4805 7081 7088 7089
4 7087 7090 7091 7092
4 7084 7090 7093 7094
4 5455 7095 7096 7097
4 5512 7098 7099 7100
4 7098 7101 7102 7103
4 5515 7099 7104 7105
4 5510 7100 7106 7107
4 7108 7109 7110 7111
4 3545 7101 7108 7112
4 7109 7113 7114 7115
4 7112 7113 7116 7117
4 7118 7119 7120 7121
4 7118 7122 7123 7124
4 7125 7126 7127 7128
4 5532 7125 7129 7130
4 7129 7131 7132 7133
4 7126 7134 7135 7136
4 7130 7134 7137 7138
4 5973 7131 7139 7140
4 5976 7139 7141 7142
4 671 7140 7143 7144
4 3634 7145 7146 7147
4 3638 7145 7148 7149
4 5535 7150 7151 7152
4 3525 7150 7153 7154
4 5738 7153 7155 7156
4 7154 7157 7158 7159
4 7160 7161 7162 7163
4 5373 7157 7160 7164
4 3650 7165 7166 7167
4 3647 7165 7168 7169
4 7161 7170 7171 7172
4 7164 7170 7173 7174
4 3772 7175 7176 7177
4 744 7178 7179 7180
4 1803 7178 7181 7182
4 7179 7183 7184 7185
4 7186 7187 7188 7189
4 3166 7183 7186 7190
4 7190 7191 7192 7193
4 7187 7191 7194 7195
4 7196 7197 7198 7199
4 3798 7196 7200 7201
4 7202 7203 7204 7205
4 3794 7197 7202 7206
4 4394 7200 7207 7208
4 3801 7201 7209 7210
4 7206 7211 7212 7213
4 7203 7211 7214 7215
4 5630 7216 7217 7218
4 5627 7216 7219 7220
4 5662 7221 7222 7223
4 7221 7224 7225 7226
4 5665 7222 7227 7228
4 5659 7223 7229 7230
4 7231 7232 7233 7234
4 3423 7224 7231 7235
4 7232 7236 7237 7238
4 7235 7236 7239 7240
4 2083 7241 7242 7243
4 3405 7241 7244 7245
4 7246 7247 7248 7249
4 7250 7251 7252 7253
4 5821 7246 7250 7254
4 2738 7255 7256 7257
4 2741 7255 7258 7259
4 7251 7260 7261 7262
4 7254 7260 7263 7264
4 1314 7265 7266 7267
4 3264 7268 7269 7270
4 3267 7265 7268 7271
4 7271 7272 7273 7274
4 7275 7276 7277 7278
4 4557 7272 7275 7279
4 7276 7280 7281 7282
4 7279 7280 7283 7284
4 112 7285 7286 7287
4 5868 7285 7288 7289
4 2212 7290 7291 7292
4 4199 7293 7294 7295
4 4196 7290 7293 7296
4 7296 7297 7298 7299
4 7300 7301 7302 7303
4 7297 7300 7304 7305
4 7301 7306 7307 7308
4 7304 7306 7309 7310
4 5919 7311 7312 7313
4 5916 7311 7314 7315
4 4040 7316 7317 7318
4 4216 7319 7320 7321
4 4043 7316 7319 7322
4 7322 7323 7324 7325
4 7326 7327 7328 7329
4 4036 7323 7326 7330
4 7330 7331 7332 7333
4 7327 7331 7334 7335
4 4279 7336 7337 7338
4 4307 7339 7340 7341
4 2331 7336 7339 7342
4 5927 7343 7344 7345
4 5930 7343 7346 7347
4 7342 7348 7349 7350
4 7351 7352 7353 7354
4 7247 7348 7351 7355
4 7352 7356 7357 7358
4 7355 7356 7359 7360
4 6038 7361 7362 7363
4 3612 7361 7364 7365
4 1616 7364 7366 7367
4 7365 7368 7369 7370
4 7371 7372 7373 7374
4 3608 7368 7371 7375
4 2602 7376 7377 7378
4 5412 7376 7379 7380
4 7372 7381 7382 7383
4 7375 7381 7384 7385
4 6107 7386 7387 7388
4 6110 7386 7389 7390
4 4458 7391 7392 7393
4 7394 7395 7396 7397
4 7394 7398 7399 7400
4 7401 7402 7403 7404
4 7401 7405 7406 7407
4 7405 7408 7409 7410
4 4467 7402 7408 7411
4 7411 7412 7413 7414
4 201 7412 7415 7416
4 198 7415 7417 7418
4 6811 7416 7419 7420
4 7421 7422 7423 7424
4 7421 7425 7426 7427
4 7422 7428 7429 7430
4 7425 7428 7431 7432
4 7429 7433 7434 7435
4 6116 7436 7437 7438
4 6123 7436 7439 7440
4 6137 7439 7441 7442
4 7440 7443 7444 7445
4 2522 7446 7447 7448
4 2526 7446 7449 7450
4 7451 7452 7453 7454
4 4423 7443 7451 7455
4 7455 7456 7457 7458
4 7452 7456 7459 7460
4 6132 7461 7462 7463
4 6135 7461 7464 7465
4 4600 7466 7467 7468
4 6341 7469 7470 7471
4 6344 7466 7469 7472
4 7472 7473 7474 7475
4 7476 7477 7478 7479
4 3823 7476 7480 7481
4 3818 7480 7482 7483
4 7484 7485 7486 7487
4 7473 7477 7484 7488
4 3826 7481 7489 7490
4 7491 7492 7493 7494
4 6141 7491 7495 7496
4 7497 7498 7499 7500
4 7433 7492 7497 7501
4 1988 7495 7502 7503
4 6144 7496 7504 7505
4 2004 7506 7507 7508
4 3806 7506 7509 7510
4 6155 7511 7512 7513
4 6152 7511 7514 7515
4 2437 7516 7517 7518
4 4400 7519 7520 7521
4 2440 7516 7519 7522
4 7522 7523 7524 7525
4 7526 7527 7528 7529
4 3008 7523 7526 7530
4 7530 7531 7532 7533
4 7527 7531 7534 7535
4 6231 7536 7537 7538
4 5103 7536 7539 7540
4 7539 7541 7542 7543
4 5111 7540 7544 7545
4 7546 7547 7548 7549
4 5353 7541 7546 7550
4 4776 7551 7552 7553
4 4779 7551 7554 7555
4 7547 7556 7557 7558
4 7550 7556 7559 7560
4 4829 7561 7562 7563
4 6238 7561 7564 7565
4 4819 7566 7567 7568
4 6224 7569 7570 7571
4 2923 7566 7569 7572
4 6264 7573 7574 7575
4 6278 7573 7576 7577
4 6277 7574 7578 7579
4 7575 7580 7581 7582
4 7583 7584 7585 7586
4 7580 7583 7587 7588
4 7584 7589 7590 7591
4 7587 7589 7592 7593
4 4911 7594 7595 7596
4 4905 7594 7597 7598
4 2594 7599 7600 7601
4 3892 7599 7602 7603
4 5660 7602 7604 7605
4 7603 7606 7607 7608
4 7609 7610 7611 7612
4 2590 7606 7609 7613
4 7588 7614 7615 7616
4 6257 7614 7617 7618
4 7617 7619 7620 7621
4 6260 7618 7622 7623
4 7624 7625 7626 7627
4 6307 7619 7624 7628
4 7629 7630 7631 7632
4 7629 7633 7634 7635
4 7625 7636 7637 7638
4 7628 7636 7639 7640
4 6516 7641 7642 7643
4 6519 7641 7644 7645
4 6478 7646 7647 7648
4 6491 7649 7650 7651
4 6473 7646 7649 7652
4 7652 7653 7654 7655
4 7656 7657 7658 7659
4 4917 7653 7656 7660
4 7660 7661 7662 7663
4 7657 7661 7664 7665
4 7666 7667 7668 7669
4 4960 7666 7670 7671
4 3037 7670 7672 7673
4 4963 7671 7674 7675
4 1385 7676 7677 7678
4 1388 7676 7679 7680
4 7681 7682 7683 7684
4 7685 7686 7687 7688
4 7667 7681 7685 7689
4 6773 7690 7691 7692
4 6786 7682 7690 7693
4 6789 7693 7694 7695
4 6585 7696 7697 7698
4 6774 7699 7700 7701
4 6799 7696 7702 7703
4 7702 7704 7705 7706
4 7707 7708 7709 7710
4 6576 7704 7707 7711
4 7711 7712 7713 7714
4 7708 7712 7715 7716
4 7717 7718 7719 7720
4 7717 7721 7722 7723
4 7724 7725 7726 7727
4 7122 7724 7728 7729
4 7119 7728 7730 7731
4 7729 7732 7733 7734
4 7735 7736 7737 7738
4 1709 7732 7735 7739
4 5154 7740 7741 7742
4 6762 7740 7743 7744
4 7736 7745 7746 7747
4 7739 7745 7748 7749
4 7750 7751 7752 7753
4 7725 7750 7754 7755
4 7754 7756 7757 7758
4 4756 7759 7760 7761
4 6766 7756 7759 7762
4 6769 7762 7763 7764
4 6826 7765 7766 7767
4 6829 7765 7768 7769
4 2401 7770 7771 7772
4 2396 7773 7774 7775
4 2398 7770 7773 7776
4 7776 7777 7778 7779
4 7780 7781 7782 7783
4 4522 7777 7780 7784
4 7785 7786 7787 7788
4 7789 7790 7791 7792
4 1285 7785 7789 7793
4 7784 7794 7795 7796
4 7781 7794 7797 7798
4 7793 7799 7800 7801
4 7790 7799 7802 7803
4 7804 7805 7806 7807
4 7804 7808 7809 7810
4 7805 7811 7812 7813
4 6854 7808 7811 7814
4 7814 7815 7816 7817
4 894 7815 7818 7819
4 7305 7818 7820 7821
4 897 7819 7822 7823
4 2255 7824 7825 7826
4 2252 7824 7827 7828
4 7829 7830 7831 7832
4 3159 7829 7833 7834
4 7835 7836 7837 7838
4 6897 7830 7835 7839
4 3162 7833 7840 7841
4 3155 7834 7842 7843
4 7839 7844 7845 7846
4 7836 7844 7847 7848
4 6918 7849 7850 7851
4 6921 7849 7852 7853
4 6949 7854 7855 7856
4 6972 7854 7857 7858
4 6969 7857 7859 7860
4 7858 7861 7862 7863
4 7864 7865 7866 7867
4 6975 7861 7864 7868
4 5336 7869 7870 7871
4 6950 7869 7872 7873
4 7868 7874 7875 7876
4 7865 7874 7877 7878
4 7082 7879 7880 7881
4 1858 7879 7882 7883
4 608 7882 7884 7885
4 7883 7886 7887 7888
4 7889 7890 7891 7892
4 3536 7886 7889 7893
4 5456 7894 7895 7896
4 7095 7894 7897 7898
4 7890 7899 7900 7901
4 7893 7899 7902 7903
4 7904 7905 7906 7907
4 7908 7909 7910 7911
4 7391 7904 7908 7912
4 7398 7905 7913 7914
4 7912 7915 7916 7917
4 7909 7915 7918 7919
4 7430 7913 7920 7921
4 7395 7914 7922 7923
4 6136 7924 7925 7926
4 7927 7928 7929 7930
4 466 7931 7932 7933
4 3275 7931 7934 7935
4 7927 7936 7937 7938
4 7498 7939 7940 7941
4 7501 7939 7942 7943
4 7944 7945 7946 7947
4 7924 7944 7948 7949
4 7945 7950 7951 7952
4 7948 7950 7953 7954
4 7955 7956 7957 7958
4 5228 7959 7960 7961
4 7962 7963 7964 7965
4 7966 7967 7968 7969
4 6281 7962 7966 7970
4 7630 7963 7971 7972
4 7970 7973 7974 7975
4 7967 7973 7976 7977
4 6288 7971 7978 7979
4 7633 7972 7980 7981
4 7613 7982 7983 7984
4 7610 7982 7985 7986
4 7686 7987 7988 7989
4 7689 7987 7990 7991
4 748 7992 7993 7994
4 1377 7995 7996 7997
4 552 7992 7995 7998
4 7998 7999 8000 8001
4 8002 8003 8004 8005
4 7999 8002 8006 8007
4 8006 8008 8009 8010
4 8003 8008 8011 8012
4 7703 8013 8014 8015
4 6793 8013 8016 8017
4 8016 8018 8019 8020
4 6796 8017 8021 8022
4 8023 8024 8025 8026
4 6635 8018 8023 8027
4 6775 8028 8029 8030
4 7699 8028 8031 8032
4 8027 8033 8034 8035
4 8024 8033 8036 8037
4 7718 8038 8039 8040
4 4998 8038 8041 8042
4 7721 8039 8043 8044
4 8040 8045 8046 8047
4 8048 8049 8050 8051
4 8045 8048 8052 8053
4 181 8054 8055 8056
4 1482 8054 8057 8058
4 7751 8059 8060 8061
4 7755 8059 8062 8063
4 6780 8064 8065 8066
4 1839 8067 8068 8069
4 6777 8064 8067 8070
4 8070 8071 8072 8073
4 8074 8075 8076 8077
4 2901 8071 8074 8078
4 8078 8079 8080 8081
4 8075 8079 8082 8083
4 8084 8085 8086 8087
4 7786 8084 8088 8089
4 8085 8090 8091 8092
4 8088 8090 8093 8094
4 8089 8095 8096 8097
4 6831 8095 8098 8099
4 6228 8098 8100 8101
4 6830 8099 8102 8103
4 4542 8104 8105 8106
4 4539 8104 8107 8108
4 8007 8109 8110 8111
4 745 8112 8113 8114
4 7180 8112 8115 8116
4 8117 8118 8119 8120
4 8117 8121 8122 8123
4 8118 8124 8125 8126
4 8121 8124 8127 8128
4 8127 8129 8130 8131
4 8132 8133 8134 8135
4 8109 8129 8132 8136
4 8136 8137 8138 8139
4 8133 8137 8140 8141
4 3061 8142 8143 8144
4 8049 8145 8146 8147
4 8052 8145 8148 8149
4 5612 8142 8150 8151
4 8150 8152 8153 8154
4 8155 8156 8157 8158
4 5609 8152 8155 8159
4 8159 8160 8161 8162
4 8156 8160 8163 8164
4 8165 8166 8167 8168
4 6729 8165 8169 8170
4 6728 8169 8171 8172
4 8173 8174 8175 8176
4 6652 8166 8173 8177
4 5323 8170 8178 8179
4 8180 8181 8182 8183
4 8184 8185 8186 8187
4 4441 8180 8184 8188
4 7936 8181 8189 8190
4 8188 8191 8192 8193
4 8185 8191 8194 8195
4 7928 8189 8196 8197
4 7949 8190 8198 8199
4 7488 8200 8201 8202
4 7485 8200 8203 8204
4 5247 8205 8206 8207
4 4843 8208 8209 8210
4 6844 8208 8211 8212
4 8211 8213 8214 8215
4 8216 8217 8218 8219
4 6841 8213 8216 8220
4 8220 8221 8222 8223
4 8217 8221 8224 8225
4 8226 8227 8228 8229
4 5068 8230 8231 8232
4 5613 8233 8234 8235
4 8151 8233 8236 8237
4 6711 8238 8239 8240
4 7175 8241 8242 8243
4 3773 8238 8241 8244
4 8244 8245 8246 8247
4 8248 8249 8250 8251
4 5010 8245 8248 8252
4 8252 8253 8254 8255
4 8249 8253 8256 8257
4 6247 8258 8259 8260
4 7955 8261 8262 8263
4 3293 8258 8264 8265
4 8264 8266 8267 8268
4 8269 8270 8271 8272
4 5210 8266 8269 8273
4 8273 8274 8275 8276
4 8270 8274 8277 8278
4 8279 8280 8281 8282
4 8283 8284 8285 8286
4 8230 8279 8283 8287
4 8226 8280 8288 8289
4 8287 8290 8291 8292
4 8284 8290 8293 8294
4 8053 8288 8295 8296
4 8177 8297 8298 8299
4 8174 8297 8300 8301
4 3294 8302 8303 8304
4 8265 8302 8305 8306
4 807 8307 8308 8309
4 6834 8307 8310 8311
4 8310 8312 8313 8314
4 8315 8316 8317 8318
4 6838 8312 8315 8319
4 8319 8320 8321 8322
4 8316 8320 8323 8324
4 8261 8325 8326 8327
4 7956 8325 8328 8329
4 7572 8328 8330 8331
4 8329 8332 8333 8334
4 8335 8336 8337 8338
4 7959 8332 8335 8339
4 6845 8340 8341 8342
4 8212 8340 8343 8344
4 8339 8345 8346 8347
4 8336 8345 8348 8349
4 8227 8350 8351 8352
4 8289 8350 8353 8354
4 6998 8355 8356 8357
4 8128 8358 8359 8360
4 1491 8355 8358 8361
4 8361 8362 8363 8364
4 8365 8366 8367 8368
4 7007 8362 8365 8369
4 8369 8370 8371 8372
4 8366 8370 8373 8374
4 6835 8375 8376 8377
4 8311 8375 8378 8379
4 3317 8380 8381 8382
4 8205 8383 8384 8385
4 5248 8380 8383 8386
4 8386 8387 8388 8389
4 8390 8391 8392 8393
4 5244 8387 8390 8394
4 8394 8395 8396 8397
4 8391 8395 8398 8399
12 19 265 289 811 841 845 3319 3705 4184 6836 8400 8401
12 113 340 623 1211 1499 1505 1509 2216 3998 7457 8402 8403
17 393 432 646 656 658 1050 1151 1164 1307 1316 1318 1567 1570 2715 2721 8404 8405
12 186 195 425 443 1054 1062 1669 1674 1678 6863 8406 8407
12 735 1386 1768 1775 1779 1944 1955 1960 1972 3508 8408 8409
12 89 921 927 1231 1235 2146 2159 4240 5987 7332 8410 8411
17 125 348 351 361 902 1817 2091 2094 2096 2101 2257 2260 2281 3925 3931 8412 8413
12 478 524 641 1155 1579 2335 2339 2351 3478 5347 8414 8415
17 479 638 642 661 1168 1576 1580 1587 2336 2352 2354 2457 2699 2733 2937 8404 8414
12 644 1329 2441 2446 2449 2461 2945 2980 3033 4404 8416 8417
12 109 895 936 943 947 2516 2523 5263 6120 7309 8418 8419
12 459 1131 1633 2482 2492 2585 2588 3396 4494 4909 8420 8421
12 433 657 997 1144 1152 1319 2722 3268 4638 5195 8405 8422
12 905 1597 2295 2301 2332 2718 2728 2739 4044 4281 8423 8424
12 26 96 2118 2121 2127 2843 2878 2881 2892 5497 8425 8426
17 399 645 647 1051 2438 2442 2462 2476 2970 2978 2981 3021 3031 3034 7524 8416 8427
12 47 254 483 1372 1900 1905 3041 3044 4961 5958 8428 8429
17 137 368 372 558 930 949 1121 2539 2545 3050 4979 4985 6592 6616 6625 8430 8431
17 187 206 444 1055 1057 1081 1408 1411 1670 1671 1675 3068 3073 3094 6322 8406 8432
12 565 714 724 1076 1089 1098 2489 3102 3105 6919 8433 8434
17 210 244 711 715 1066 1074 1077 1090 1093 1415 3078 3103 3106 3107 5087 8432 8433
12 429 528 569 1041 3156 3160 3768 3799 5061 6517 8435 8436
17 757 968 971 977 980 1017 2418 2432 2434 2852 3177 3179 3182 3185 6558 8437 8438
12 758 981 985 2433 2864 3178 3183 3193 3845 5760 8437 8439
12 1604 2163 2610 2616 2621 3258 3261 3283 4585 5240 8440 8441
12 852 1108 1991 1996 2005 2176 3298 3310 5219 8321 8442 8443
12 2 3314 3326 3383 3387 3391 4477 5249 5654 6368 8444 8445
17 9 35 728 1649 1651 1723 1726 3424 3428 3436 3438 3537 5293 5303 7015 8446 8447
12 491 1268 1272 1282 1465 2195 3115 3565 3575 7091 8448 8449
12 800 804 3295 3675 3678 3685 4125 5587 5855 6249 8450 8451
12 506 573 577 581 1453 1756 2078 3715 5684 6966 8452 8453
17 3530 3533 3546 3644 3738 3741 3743 4315 5402 5406 5453 6010 6016 6409 6413 8454 8455
12 1799 1809 3752 3760 3764 3774 3782 3792 6715 7212 8456 8457
12 202 650 1582 1591 1835 2691 2711 3835 3841 4226 8458 8459
12 689 1263 2243 2905 3214 3872 3878 6672 7875 8034 8460 8461
12 121 126 128 349 355 903 2095 3913 3916 3926 8412 8462
17 616 1524 2796 2802 3189 3935 3944 3946 3956 3958 3987 5750 5783 5786 5790 8463 8464
17 624 626 1200 1209 1212 1219 1500 1506 1518 2226 3180 3186 3984 3996 3999 8402 8463
17 783 836 872 2135 2139 2151 3303 4003 4007 5215 5221 5236 5242 5569 5573 8465 8466
12 498 513 884 3857 3860 3866 4086 4096 4101 6973 8467 8468
17 499 504 516 520 3861 3862 3867 3869 4048 4054 4094 4097 4099 4102 6954 8467 8469
12 332 888 1190 2806 2872 3965 3980 4112 4116 4120 8470 8471
12 1242 1856 2764 3669 3735 4083 4134 4143 4148 4692 8472 8473
17 517 521 617 619 859 1185 1192 1525 2240 3851 3961 4151 4153 4156 4159 8474 8475
12 620 860 1175 1181 1186 2223 2236 4154 4160 4210 8474 8476
17 100 273 305 819 1880 2772 2779 3702 4074 4076 4171 4174 5851 5857 5890 8477 8478
17 16 20 268 293 797 809 812 839 842 3691 3706 3707 4169 4182 4185 8400 8477
17 309 627 1176 1178 1182 1201 2046 2221 2224 2234 2237 2768 4193 4208 4211 8476 8479
12 2263 2268 2278 2285 3483 3491 3951 4213 4222 5917 8480 8481
17 358 906 1169 1588 1595 1598 2274 2296 2298 2729 2735 4218 4272 4282 4283 8423 8482
12 1302 2311 2345 4262 4268 4276 4289 4291 4298 5928 8483 8484
12 281 286 409 1012 1720 2412 3788 4349 4361 4368 8485 8486
17 282 410 832 913 1949 1966 2413 3778 3789 3790 4294 4350 4355 4371 4387 8485 8487
12 175 1001 1925 4327 4329 4339 4377 4379 4385 7662 8488 8489
17 1005 1912 1926 1927 2369 2378 2409 4330 4331 4337 4340 4372 4380 4386 4388 8488 8490
17 639 1325 1330 2444 2447 2450 2453 2938 2946 2947 2957 2962 4391 4405 4406 8417 8491
12 182 553 1393 1787 1805 4410 4416 5000 6083 6627 8492 8493
12 153 416 1029 1125 2547 2555 4450 4454 4461 6108 8494 8495
17 154 192 422 1022 1030 1033 1126 1483 1488 4418 4451 4462 4464 6086 6149 8494 8496
12 1572 2470 2478 2701 2705 4471 6180 7403 7532 7916 8497 8498
17 1137 1342 2988 2991 4342 4523 4530 4532 4947 6189 6196 6299 6459 6468 6499 8499 8500
17 2382 2391 3271 3289 4001 4004 4008 4010 4024 4029 4558 5826 5830 7277 7281 8501 8502
12 2632 2636 4499 4508 4517 4617 4622 4626 6549 8222 8503 8504
17 1215 1260 1528 1531 2792 2818 2821 2825 3203 4672 4674 4677 4680 4713 4717 8475 8505
17 333 1252 1256 2807 2811 2873 2876 4095 4100 4105 4113 4121 4122 4673 4678 8470 8506
17 328 1243 1245 1857 2815 4080 4084 4090 4131 4135 4684 4693 4694 5484 6750 8472 8506
12 1529 2822 2833 3247 4675 4681 4688 4701 4709 4714 8505 8507
17 165 1553 1849 2816 2834 2837 3235 3245 3248 4689 4695 4697 4702 4707 4710 8507 8508
17 634 1537 1549 2104 2113 2115 2271 3219 3226 3229 3231 4722 4724 4727 4730 8413 8509
17 97 470 474 2128 2812 2844 2868 2877 2879 2893 2898 4698 4708 4723 4728 8425 8510
12 1544 1557 2114 2848 3220 3232 4725 4731 4738 4968 8509 8511
12 314 587 2839 3721 3724 3728 3885 4752 4757 8080 8512 8513
17 1286 1290 1422 2918 3123 3126 4761 4771 4782 4787 4810 4821 4823 5129 5135 8514 8515
12 68 70 75 261 318 875 1433 4814 4826 4830 8516 8517
17 1134 2558 2562 2591 2919 2920 4480 4484 4811 4833 4835 4838 4841 6216 6220 8518 8519
17 685 1132 1135 1634 1636 2493 2507 2566 4485 4492 4495 4620 4896 4907 4910 8420 8520
12 535 1345 2495 2502 2511 3023 3027 4922 4927 4930 8521 8522
17 446 454 686 2496 2498 2503 2504 3016 3024 4611 4621 4928 4931 4932 6534 8521 8523
12 403 2974 2984 2998 4560 4567 4937 4943 4951 7283 8524 8525
17 430 450 529 533 562 1037 1042 1046 2445 3152 3157 4392 5051 5059 5062 8435 8526
12 3087 3098 5065 5076 5084 5090 5094 6722 8161 8291 8527 8528
17 881 1269 1274 1280 1283 2191 2196 3111 3116 3576 3580 4140 4146 5113 5118 8448 8529
12 863 1291 3127 4783 4793 4824 5115 5121 5130 7611 8514 8530
17 609 1447 1735 1744 1747 1749 1859 1862 3542 5138 5140 5663 5666 7225 7887 8446 8531
17 651 659 1165 1592 1596 2022 2692 3836 3837 4219 4227 4228 5162 5165 6813 8458 8532
17 2622 2624 3259 3262 3272 3279 3284 4559 4571 4583 4586 4645 4652 5177 5180 8440 8533
17 995 998 1145 3265 3269 3276 4580 4588 4636 4639 4641 5187 5196 5197 7273 8422 8533
17 1564 1601 1605 2164 2172 2181 2607 2611 2613 2617 2630 3304 5232 5241 5243 8441 8534
17 1619 3354 3357 3360 3364 3824 3827 4436 5252 5259 5643 5652 6859 6865 7478 8535 8536
12 220 696 708 3370 3373 3419 5273 5277 5716 6872 8537 8538
12 36 729 1652 3171 3439 5070 5294 5296 5306 8371 8447 8539
17 117 389 763 983 1540 1821 3039 3046 3227 3230 5338 5340 5343 7029 7036 8540 8541
17 732 736 917 1760 1780 1956 1973 1975 2309 3466 3504 3509 5339 5344 5624 8408 8542
17 385 525 1156 1298 1765 1978 2340 2347 3470 3479 3480 3499 5348 5350 7039 8415 8542
12 674 2406 2966 3613 4257 4305 4357 5378 5383 7173 8543 8544
17 2358 3586 3601 3609 5425 5429 5441 5443 5513 5516 6048 6054 7102 7373 7382 8454 8545
17 1886 2102 2753 2755 2758 2760 3921 3929 3932 4666 4669 5459 6384 6393 6401 8546 8547
12 322 365 3594 3597 3635 3659 3663 5467 5471 6395 8548 8549
12 487 1249 3631 5358 5361 5481 5488 5492 6758 7559 8550 8551
17 78 147 284 287 1013 1710 1718 1721 4362 4365 4369 5502 5505 5950 6044 8486 8552
17 1845 2765 3670 3671 3733 3736 4141 4144 4147 4149 4655 4658 5547 5553 6380 8473 8553
12 3582 4765 4773 4777 5108 5526 5541 5545 5555 6004 8554 8555
17 488 1250 1253 1257 1873 2154 2157 2884 4110 5359 5362 5489 5499 5565 5580 8550 8556
17 2152 2869 2888 2896 2899 3682 3973 3978 4232 4242 5561 5574 5575 5584 5590 8556 8557
12 784 787 2140 5216 5229 5237 5563 5570 5578 8275 8465 8558
12 2897 3969 3974 4233 4237 4247 5576 5591 5600 5607 8557 8559
17 3 64 73 3315 3321 3365 3381 3384 3388 3900 3907 5637 5653 5655 5701 8444 8560
12 612 1748 1860 1863 3129 4803 5141 5657 5664 7974 8531 8561
17 69 101 262 274 319 1423 1431 1434 2061 2066 4065 4815 4822 5674 5689 8516 8562
17 336 574 578 866 1418 2069 2079 2080 3716 3717 4061 5125 5672 5685 5686 8452 8562
12 3146 3330 3337 3344 3695 3700 5676 5680 5691 5905 8563 8564
17 269 3331 3338 3375 3378 3415 3696 3708 3910 5639 5649 5675 5677 5690 5692 8560 8563
17 224 460 722 1085 2483 2487 2586 2589 3397 3398 3406 3411 5698 5709 6355 8421 8565
12 2073 2084 3890 3893 3896 3904 5144 5694 5705 5711 8566 8567
17 2062 2067 2579 2595 3888 3891 3894 3897 3901 3908 5695 5699 5710 5712 7607 8518 8566
17 211 218 221 709 712 718 1623 3371 3382 3402 5278 5281 5702 5714 5717 8537 8565
17 92 122 129 130 356 359 910 2088 2306 2320 3914 3917 4273 5722 5728 8462 8568
17 1896 1908 2317 3605 3655 3739 3744 5464 5474 5719 5723 5726 5729 5954 5960 8546 8569
17 1538 1827 2269 2272 2286 2291 3484 3838 3949 3952 4223 4229 4734 5752 5767 8480 8570
12 2019 2677 2682 3991 5747 5756 5765 5806 6142 6823 8571 8572
17 984 986 1541 1830 2859 2862 2865 3194 3833 3846 3847 3947 5751 5761 5762 8439 8570
17 1216 2131 3487 3939 3950 4704 4718 4719 4735 4742 4744 5770 5772 5775 5778 8510 8573
12 2797 3936 3940 3945 3959 4720 4743 5771 5776 5784 8464 8573
17 889 1191 1193 2785 2788 3683 3962 3966 3979 3981 4117 4127 5773 5779 5847 8471 8574
17 1104 2026 2132 3488 3970 4238 4245 4248 5601 5602 5605 5608 5801 5811 5909 8559 8575
17 1984 2029 2036 2678 2679 2683 2684 3988 5748 5753 5766 5768 5791 5804 5807 8571 8575
12 297 344 891 1195 1204 1999 2781 5796 5799 5809 8576 8577
17 306 892 1179 1196 2769 2780 2782 3687 3957 5594 5787 5800 5802 5810 5812 8574 8576
17 992 2392 2394 4849 4852 4859 4863 5364 5374 5533 5822 5831 5832 7058 7066 8578 8579
17 310 337 1876 2047 2055 2057 2783 2786 2789 3711 4062 5835 5837 5840 5843 8469 8580
12 820 1877 1881 2056 2773 2784 4077 5836 5844 5852 8478 8580
17 298 345 840 850 1205 1210 1985 2000 2001 3985 4170 5797 5805 5860 5865 8577 8581
17 39 692 2050 2058 2249 3449 3451 3712 5320 5887 5898 6930 6938 6960 6964 8582 8583
17 815 1626 3144 3147 3149 3345 3348 3701 3703 3718 5681 5687 5891 5903 5906 8564 8582
17 856 1105 2027 3305 3308 4034 4037 4646 4647 4650 4653 5912 5920 7328 7334 8466 8584
12 3606 3648 3656 5720 5727 5735 5938 5943 5955 6052 8569 8585
17 914 1950 2307 2310 2312 2321 3505 4260 4263 4265 4269 4290 4292 5940 5946 8483 8586
17 48 285 362 484 1818 1951 1963 2318 3040 3042 3045 3047 5951 5959 5961 8428 8586
17 3526 4254 5536 5815 5932 5935 5963 5967 5974 5977 7132 7158 7248 7353 7357 8578 8587
17 668 873 928 1224 1229 1232 2136 2147 2155 2158 2160 4018 5970 5985 5988 8410 8588
17 1869 3112 3571 3581 3583 4762 4766 4772 4774 5546 5550 5996 6005 6006 6020 8554 8589
17 675 2379 2407 2410 2967 4853 4864 4880 5379 5380 5384 5385 6057 6060 6424 8543 8590
12 2466 3464 3474 4397 4401 5628 6075 6090 6093 6153 8591 8592
12 1019 1158 1365 2420 2424 2429 6170 6173 6183 7034 8593 8594
12 2559 2921 2924 4514 4836 4842 6205 6217 6846 7800 8519 8595
17 1426 1432 2199 4066 4069 4106 4123 5104 5838 5841 6232 6235 6754 6760 7542 8596 8597
17 801 877 1874 3679 4075 4111 4126 4128 5354 5848 5856 5858 6240 6250 6251 8450 8596
12 826 1655 2362 2366 3540 5301 6265 6268 6274 7902 8598 8599
17 3531 4316 4319 4796 4799 5448 5450 5990 6285 6289 6308 7085 7093 7626 7637 8589 8600
12 989 1612 2603 5368 6254 6258 6293 6470 6507 7592 8601 8602
17 436 1023 1034 1079 1082 3003 3009 4597 6158 6160 6323 6336 6338 7528 7534 8603 8604
17 207 214 219 1058 1624 2645 2648 2664 6331 6333 6342 6345 6359 6370 7474 8535 8605
12 215 1095 2649 4594 6328 6332 6346 6352 6360 6363 8605 8606
17 225 1067 1086 1094 1096 4595 4598 4602 4607 6329 6339 6348 6353 6364 6365 8523 8606
17 27 86 329 1238 2092 2097 2119 2122 2882 2885 5485 5498 5500 6377 6390 8426 8607
12 2108 2750 2756 2761 3930 4661 4667 6373 6385 6388 8547 8608
17 635 1171 1853 2109 2116 2751 3249 3254 4656 4659 4662 6374 6378 6389 6391 8508 8608
17 93 323 1225 1230 2089 3595 3598 3664 3672 3922 5477 5494 6381 6394 6396 8548 8607
12 3534 3742 5390 5403 6017 6024 6029 6405 6410 6420 8455 8609
17 3572 4670 5388 5391 5393 5460 5551 6025 6026 6030 6031 6403 6406 6418 6421 8553 8609
17 918 1976 3795 4382 5619 5621 6058 6061 6063 6433 6435 6443 6445 7204 7214 8487 8610
12 1335 2575 2992 4343 4533 6190 6199 6452 6460 6463 8499 8611
17 1336 1347 1357 1629 1640 2576 4502 4527 6200 6202 6212 6448 6453 6464 6465 8520 8611
17 534 536 1038 1346 1348 1358 2512 2971 3028 3032 4923 4935 4940 6481 6484 8522 8612
17 2373 4857 4871 4873 4877 4890 4892 4918 6071 6503 6509 6521 6524 7658 7664 8590 8613
17 1138 2625 2985 2989 4561 4562 4565 4568 4572 4936 4938 4941 4944 6527 6537 8524 8614
12 467 3005 3012 4577 4590 4605 6133 6531 6539 6543 8615 8616
17 1147 2473 3004 3006 3010 3013 3017 4581 4589 4591 4612 6528 6532 6538 6540 8427 8615
17 1630 1641 2608 2614 2633 2641 4500 4504 4518 4519 4627 4933 6535 6547 6550 8503 8614
17 43 51 255 1373 1550 1901 1906 2105 2754 2759 3224 4962 4964 6554 7668 8429 8617
17 1545 1554 1558 2849 2860 2863 3236 4705 4739 4745 4969 6567 6572 6577 6580 8511 8618
17 134 1840 1842 2744 3250 3252 3255 6578 6581 6582 6787 6790 7683 7709 7715 8617 8619
17 630 1390 1502 1519 1520 2227 2230 3209 3216 4152 4157 6594 6794 6797 8019 8620 8621
17 733 1117 1361 1366 1368 1761 2421 2430 2533 6174 6175 6184 6185 6609 6620 8593 8622
12 369 373 1513 2540 2550 4975 4980 6605 6617 6622 8430 8623
17 631 958 1503 1514 1515 2542 2551 2552 4976 4982 4988 6606 6610 6621 6623 8438 8623
17 739 1122 1379 1394 1395 1784 1788 4417 4419 6081 6084 6087 6612 6626 6628 8492 8622
17 378 556 559 2208 2214 2222 4163 4204 4209 6593 6630 6632 6636 6668 6674 8620 8624
12 557 2202 2209 4197 4205 4991 6633 6656 6659 6669 8624 8625
17 245 1404 1416 3099 5031 5066 5072 5077 5079 5085 5091 5271 6679 6682 6879 8527 8626
17 237 240 719 3425 3429 3431 5025 5268 5282 5283 6686 6689 6913 7233 7237 8626 8627
17 1398 1479 3058 3063 3069 3070 3074 4413 5040 5042 5046 6692 6694 6697 6700 8496 8628
12 3059 3071 3082 5043 5055 5098 5614 6695 6698 6708 8628 8629
17 1419 3124 4049 4051 4055 4057 4091 4132 5126 5133 5136 6738 6740 6743 6746 8529 8630
12 1427 2200 4052 4058 4070 5105 5134 6741 6747 6755 8597 8630
12 1391 1521 2231 2800 2855 3205 3210 6795 6800 6803 8621 8631
17 1532 2793 2801 2803 2853 2856 3190 3198 3206 6559 6586 6801 6804 6805 7705 8618 8631
17 1220 2020 2023 3834 3992 3997 4424 5757 5763 6143 6145 6814 6821 6824 7493 8572 8632
12 3358 3825 4432 5260 5632 5644 5647 6851 6860 7809 8536 8633
17 103 110 418 702 896 898 944 952 2517 2519 5257 5264 6102 6849 7816 8418 8634
17 193 196 228 233 423 426 678 1027 1063 1679 1685 5253 6855 6864 6866 8407 8634
17 697 1672 3095 3355 3361 3374 3376 3379 3420 3421 5272 5274 6869 6873 6880 8538 8635
17 1627 1683 1686 3091 3340 3349 3350 5328 6719 6725 6856 6883 6888 7806 7812 8635 8636
12 602 1459 1644 1664 3140 6875 6885 6890 7023 7239 8637 8638
17 827 829 1656 1913 2367 2370 3437 3443 5287 5302 5304 5312 6275 6893 6905 8598 8639
12 4900 4912 4915 5316 6474 6479 6486 6900 6903 7845 8640 8641
17 178 1932 1934 5015 5020 5026 5037 5298 5308 6690 6898 6908 6915 7837 7847 8639 8642
17 939 1692 2203 2204 4187 4198 4200 4992 6643 6653 6657 6660 6933 6945 7298 8625 8643
12 40 2040 2051 3452 6931 6935 6943 6951 6956 6961 8583 8644
17 505 507 582 592 693 1275 1281 1454 1455 1753 1757 3136 6955 6965 6967 8453 8645
17 514 882 885 1440 2192 2819 2826 3858 3874 4081 4087 4685 6970 6974 7862 8468 8646
17 588 589 1443 1846 1850 2829 2838 2840 3729 3734 3883 3886 4753 6976 6981 8512 8646
17 1724 1727 1730 2912 4748 6977 6979 6982 6990 7002 7004 7008 7011 7866 7877 8647 8648
17 1405 1645 1650 1665 3450 3461 5080 5321 6884 6886 6889 6891 7016 7024 7025 8637 8649
17 157 386 390 1018 1020 1159 2425 2435 2694 4468 6171 6178 7035 7037 7040 8594 8650
17 199 203 662 753 1583 1831 1836 2700 2709 2712 3842 3848 7043 7050 7413 8459 8650
12 118 764 1814 1822 2289 3496 5341 7030 7045 7048 8540 8651
17 352 1815 1828 2282 2290 2292 3497 3500 4261 4266 5351 7044 7046 7049 7051 8482 8651
12 2386 2395 2399 4860 4867 5365 5833 7059 7068 7073 8579 8652
17 775 2374 2387 2400 2402 2995 3000 4552 4868 4874 7069 7070 7074 7075 7778 8500 8652
17 492 590 598 1273 1277 1444 1466 1467 3566 5389 5394 5449 7079 7092 7094 8449 8653
17 10 12 3538 3557 3590 5156 5444 6767 6770 7103 7114 7116 7757 7891 7900 8654 8655
12 822 1696 1701 1889 1893 6415 7104 7110 7123 7752 8656 8657
17 44 52 823 1697 1706 1894 1897 1909 3602 5517 7105 7106 7120 7124 7733 8552 8656
17 366 2326 3636 3660 5465 5468 5472 5475 5519 5524 5731 6027 6032 7143 7146 8549 8658
12 665 3291 3625 3640 4031 4540 6827 7127 7141 7148 8659 8660
17 790 1865 3290 3292 3520 3626 3629 4030 4032 5968 5978 7142 7144 7147 7149 8588 8659
17 3610 3649 4250 4366 5736 5740 5939 5941 5944 5947 6045 6053 6055 7155 7168 8585 8661
12 5992 6000 6013 6318 7064 7137 7151 7162 7166 7384 8662 8663
17 3645 5529 5537 6001 6007 6011 6014 6021 7133 7135 7138 7152 7156 7167 7169 8658 8662
17 3614 4255 4258 4295 4303 4306 4356 4358 5924 6034 6039 7159 7171 7174 7369 8544 8661
17 58 277 1810 1967 3746 3753 3758 3761 3775 3783 3791 5005 7176 7181 8246 8456 8664
17 148 150 1006 1711 1918 1928 1933 5011 5021 5022 7184 7192 7194 7737 7746 8664 8665
17 1047 1785 2467 3465 3467 4402 5052 5625 5629 6076 6082 6693 6701 7207 7219 8591 8666
17 1471 1772 1791 1800 1807 3765 3770 3793 5620 6704 6713 6716 7198 7213 7215 8457 8666
12 1980 5622 6064 6068 6430 6436 6446 7205 7209 7217 8610 8667
17 1979 1981 2934 3471 3802 4878 6069 6072 6431 6438 6513 7208 7210 7218 7220 8491 8667
17 2074 2081 2085 3132 3403 3416 3905 3911 5145 5147 5673 5706 5715 7229 7242 8567 8668
17 603 1456 1460 3137 3141 3145 3150 3422 5139 5269 6870 6876 7226 7238 7240 8638 8668
12 241 3409 3432 3441 3446 5284 6687 7227 7234 7244 8627 8669
17 1448 2951 2954 3407 3410 3412 3442 3444 3447 5313 5667 7228 7230 7243 7245 8669 8670
17 1308 2302 2303 2333 2716 2719 2725 2740 4041 4045 4308 4311 7256 7324 7349 8424 8671
12 1311 2930 2941 4846 4882 4886 6440 7252 7258 7359 8672 8673
17 3266 4015 4019 4020 4035 4038 4642 5816 5818 5971 7249 7261 7263 7266 7269 8671 8674
17 394 1312 1317 1326 2942 2948 4847 4850 4858 4887 4891 5823 7253 7262 7267 8672 8675
12 4002 4011 4016 4021 4025 5819 5827 7264 7270 7278 8501 8674
17 400 404 996 1350 2383 2975 2979 2996 2999 3001 4952 4957 7274 7282 7284 8525 8675
17 4172 4175 4188 4201 5861 5862 5866 5883 5888 5899 5900 7286 7288 7291 7294 8479 8676
12 2253 4178 5863 5874 5884 5894 5901 7289 7295 7302 8676 8677
17 2030 2033 2037 2687 2726 4042 4631 4637 5169 5172 5188 7312 7314 7317 7320 8532 8678
12 857 2034 4632 4648 4651 5170 5921 7313 7318 7329 8584 8678
17 471 475 2258 2261 2264 2275 2279 2299 3492 4214 4246 5910 5918 7315 7321 8481 8679
17 87 90 131 911 922 1236 1239 2304 2889 4241 4243 5913 7325 7333 7335 8411 8679
17 1299 1303 2346 2348 2736 4277 4284 4299 4304 5925 5929 6434 6444 7337 7344 8484 8680
12 2328 3527 5742 5936 5964 5975 5981 7340 7346 7354 8587 8681
17 669 2327 2329 4251 4309 4312 5732 5741 5743 5982 5986 7338 7341 7345 7347 8568 8681
17 2355 2734 2931 2935 4881 4883 5933 6425 6439 6441 7257 7259 7350 7358 7360 8673 8680
17 1613 2604 5369 5381 5386 5414 6259 6261 6294 6302 7071 7076 7366 7377 7620 8601 8682
12 5421 5426 5442 5508 5514 6041 6049 7362 7374 7379 8545 8683
17 3561 5416 5419 5422 5438 5503 5506 5509 6035 6040 6042 7363 7367 7378 7380 8490 8683
17 2359 5375 5991 5993 6309 6316 6319 7054 7065 7067 7163 7172 7370 7383 7385 8663 8682
17 138 417 419 1118 2534 2546 2548 2556 4455 4473 6103 6109 6164 7387 7392 8495 8684
17 143 158 381 962 2543 2553 4469 6099 6113 6118 7396 7399 7406 7409 7906 8684 8685
12 382 963 973 6114 6124 6129 7400 7410 7417 7423 8685 8686
17 200 754 969 972 974 6125 6127 6130 6138 7418 7419 7424 7426 7434 7444 8632 8686
17 144 931 937 948 950 1113 2205 2524 6119 6121 7299 7307 7310 7437 7447 8419 8687
17 114 341 379 959 1510 1516 2215 2217 5870 6128 7287 7292 7445 7458 7459 8403 8687
17 679 681 1028 4421 6334 6343 7388 7389 7393 7462 7464 7467 7470 7910 7918 8603 8688
17 1602 1997 2006 2173 2177 2680 2685 3299 3306 3309 3311 4442 4445 7502 7507 8442 8689
12 2529 3812 5878 7441 7449 7453 7499 7504 7509 8192 8690 8691
17 2011 3807 3810 3813 4425 5871 5879 5880 6146 7454 7460 7503 7505 7508 7510 8581 8690
17 440 447 455 1070 1075 1475 2439 3022 3079 5041 5047 7512 7514 7517 7520 8526 8692
12 437 441 1071 1080 1476 6161 6337 7513 7518 7529 8604 8692
17 1766 2454 3475 3481 4398 4407 4465 6091 6094 6150 6154 6176 6186 7515 7521 8592 8693
17 1577 2458 2477 2479 2695 2702 4472 4474 6159 6165 6179 6181 7525 7533 7535 8497 8693
17 3621 4536 4778 5109 5520 5525 5527 5542 5548 5554 5556 6739 6744 7544 7552 8555 8694
17 1246 1866 3617 3630 3632 5478 5482 5493 5495 6751 6759 6761 7543 7557 7560 8551 8694
17 4768 6225 6233 6236 7537 7545 7553 7554 7562 7564 7567 7570 7787 8086 8091 8515 8695
17 17 65 71 74 76 798 876 878 4827 4831 4834 4839 6241 7563 7568 8517 8696
17 4334 4913 4916 6449 6466 6475 6492 6495 6894 6901 6904 6906 7578 7595 7654 8640 8697
17 990 4332 4338 4919 6255 6270 6455 6469 6471 6500 6508 6510 7581 7590 7593 8602 8697
17 2580 2596 4488 4493 4897 6279 6282 7576 7579 7596 7597 7600 7604 7968 7976 8670 8698
12 4320 5431 5451 6290 7086 7088 7096 7622 7627 7631 8600 8699
17 1287 4788 4789 6194 6197 6208 6286 6300 6303 6304 7621 7638 7639 7791 7802 8700 8701
17 1343 1351 2958 2959 2963 4948 4955 4958 6489 6493 6496 7642 7644 7647 7650 8612 8702
17 570 1321 3161 3163 3755 3769 3771 3800 3803 6514 6518 7199 7643 7648 7831 8436 8703
12 2960 4872 4893 4956 6490 6504 6525 7645 7651 7659 8613 8702
17 176 179 1002 3747 3759 3796 4328 4335 4378 4383 6522 6899 7655 7663 7665 8489 8703
17 740 833 1380 1387 1769 1773 1776 1792 1945 1952 1961 1964 3779 7672 7677 8409 8704
12 549 1382 3054 6564 6569 6574 7674 7679 7687 7713 8705 8706
17 550 978 1362 1369 2419 3225 4965 6568 6570 6573 6575 7673 7675 7678 7680 8541 8705
12 171 1843 3239 3253 6583 6778 6788 7697 7700 7710 8619 8707
12 151 1919 1922 1938 5023 5435 7193 7730 7738 7741 8665 8708
17 830 1923 1939 1941 3562 5151 5288 5436 5439 7107 7121 7726 7731 7742 7743 8654 8708
17 248 1492 2902 2907 3174 5157 5159 6771 6994 6999 7760 7763 8076 8082 8363 8647 8709
17 539 776 1561 1565 2403 4563 4566 5201 5204 5207 5233 7766 7768 7771 7774 8502 8710
12 540 545 1562 2570 5205 6832 7769 7772 7782 8346 8710 8711
12 2915 4549 4790 6195 6305 6312 7640 7792 7795 8093 8700 8712
17 3341 3815 3820 4427 4430 4433 5633 5640 5648 5650 6850 6852 7807 7810 7817 8633 8713
17 816 1114 2012 2254 3692 4179 4183 5875 5881 5895 5904 7303 7308 7820 7827 8677 8713
12 1684 3351 5329 6726 6730 6733 6940 7813 7822 7825 8636 8714
17 703 899 2250 5324 6731 6734 6735 6924 6939 6941 7821 7823 7826 7828 8167 8643 8714
17 238 451 563 566 723 725 1099 2488 2490 2499 2505 6914 6920 7842 7850 8434 8715
17 1322 2508 2952 2955 4901 4908 5317 6480 6482 6485 6487 6909 7832 7846 7848 8641 8715
12 1935 5007 5016 5038 6677 6916 7838 7840 7852 8254 8642 8716
17 2041 2235 3455 3863 3870 4194 5333 6934 6936 6944 6946 6952 6957 7855 7872 8644 8717
12 1436 1731 1739 6980 7005 7012 7019 7859 7867 7870 8648 8718
17 599 1278 1437 1441 1740 1745 1750 3462 6971 7020 7026 7856 7860 7871 7873 8645 8718
17 690 1660 2241 2244 3852 3873 3875 4164 6664 6673 6675 6991 7863 7876 7878 8460 8717
17 3587 4806 5415 5430 5432 6262 7089 7097 7615 7623 7632 7634 7880 7897 7964 8699 8719
12 13 2910 3553 3591 5408 6768 7117 7884 7892 7895 8655 8720
17 610 1736 2911 2913 3550 3554 4749 5398 5407 5409 5454 7881 7885 7896 7898 8653 8720
17 2363 3541 3543 3558 5417 5420 6266 6269 6271 6280 6283 7582 7888 7901 7903 8599 8719
17 1148 1568 1571 1573 2471 2474 2706 2710 4422 7404 7407 7414 7907 7917 7919 8498 8721
12 682 4439 6104 7390 7465 7471 7486 7911 7922 7953 8688 8722
17 468 2642 3280 4578 4584 4603 4606 4608 6134 6544 6548 7463 7468 7925 7932 8616 8723
17 3277 5163 5166 5191 5198 6808 7420 7427 7431 7920 7926 7933 7934 7946 7951 8721 8724
12 5175 5183 5192 6809 6817 7432 7935 7937 7942 7947 8724 8725
17 2167 2688 5173 5176 5178 5181 5184 6818 6822 7494 7929 7938 7940 7943 8182 8689 8725
17 5211 5245 6839 6842 7960 8218 8224 8271 8277 8317 8323 8337 8348 8392 8398 8534 8726
17 593 613 1468 1754 3130 3133 4804 4807 5148 5658 7080 7605 7965 7975 7977 8561 8727
17 864 867 2070 3889 4794 4797 4800 5114 5116 5119 5122 7608 7612 7978 7985 8530 8727
12 4489 4545 6222 7577 7585 7598 7601 7969 7980 7983 8698 8728
17 2592 4546 6203 6213 6221 6223 6456 7586 7591 7616 7635 7979 7981 7984 7986 8701 8728
17 59 79 278 742 749 1714 1719 1795 6552 6555 7669 7988 7990 7993 7996 8704 8729
12 743 746 1704 1715 6553 7694 7748 7991 7994 8004 8729 8730
17 1383 1396 3055 4983 4989 6565 6613 6806 7684 7688 7706 7714 7716 7989 7997 8706 8731
17 166 172 312 3199 3240 3246 6587 6779 6781 6783 7698 7701 8014 8031 8072 8707 8732
12 3516 4995 6596 6600 7719 8009 8021 8025 8029 8138 8733 8734
17 3051 4986 4996 5002 6595 6597 6798 7691 8000 8010 8011 8015 8022 8030 8032 8731 8733
17 1261 1264 2830 2903 2906 2908 3204 3215 3217 3512 3879 3884 8020 8035 8036 8461 8732
17 183 554 750 1480 1796 1806 1808 4411 4414 5001 5003 6705 8001 8041 8055 8493 8735
12 231 954 1486 1688 3065 6650 8043 8050 8057 8175 8736 8737
17 104 940 953 955 1484 1487 1489 1693 6648 6651 7722 8042 8044 8056 8058 8431 8736
12 249 772 1493 5160 6763 7764 8062 8065 8077 8122 8709 8738
17 135 1702 1887 1890 2745 3547 6402 6414 6416 7111 7115 7753 7758 8060 8068 8657 8739
17 313 315 1172 1854 3551 3722 3725 4758 5399 6404 6419 7761 8073 8081 8083 8513 8739
17 1870 2916 4550 4553 4769 5997 6313 6317 7055 7779 7796 7797 8092 8094 8096 8712 8740
17 666 993 3622 3641 4537 4541 5530 5534 6828 7128 7136 7767 7775 8102 8107 8660 8740
12 6244 7538 7548 7555 7565 7571 7957 8087 8100 8105 8695 8741
17 747 1705 1707 1841 6791 7185 7692 7695 7734 7747 7749 8005 8012 8110 8113 8730 8742
17 769 773 3167 6764 6782 6784 7727 7744 8061 8063 8066 8069 8119 8123 8130 8738 8742
17 770 3513 3517 6601 6631 6637 6649 7720 7723 8026 8037 8046 8131 8139 8140 8734 8743
17 2530 4428 4431 6139 7435 7438 7442 7448 7450 7482 7500 7941 8183 8193 8194 8691 8744
17 2520 4437 4440 5258 6100 6105 7397 7479 7487 7921 7923 7952 7954 8198 8203 8722 8744
12 2183 2651 2660 2668 4447 7489 8186 8196 8201 8396 8745 8746
17 2168 2182 2184 2631 2646 2652 2655 2658 2661 7475 7930 8197 8199 8202 8204 8723 8745
17 2563 2665 3324 3327 3392 3399 4478 4481 5250 6356 6369 6371 8206 8209 8388 8445 8747
17 1637 2567 2637 2656 2659 4509 4512 4618 4623 5246 6349 6366 8214 8223 8225 8504 8747
17 3456 3458 5325 5334 6925 6985 7003 7009 8171 8178 8231 8285 8293 8367 8373 8649 8748
17 7177 7182 8047 8111 8114 8115 8134 8141 8143 8146 8148 8234 8236 8239 8242 8735 8749
17 1472 3083 3108 3153 5056 5060 5088 5099 5100 5615 6709 6714 8153 8235 8240 8629 8750
12 7188 8116 8125 8135 8149 8157 8228 8237 8243 8250 8749 8751
17 3164 3756 5006 5008 5610 6678 6680 6683 7841 7843 7851 7853 8247 8255 8256 8716 8750
17 3618 5355 6229 6245 6252 7549 7558 7958 8101 8103 8106 8108 8259 8262 8333 8741 8752
17 788 791 3521 5202 5208 5224 5230 5564 5566 5579 5581 7961 8267 8276 8278 8558 8752
17 1409 1412 3088 3092 5095 5101 6720 6723 8154 8162 8163 8172 8281 8292 8294 8528 8753
17 229 232 234 1399 1689 3064 3066 6736 8051 8144 8147 8168 8176 8295 8300 8737 8753
17 294 805 810 3296 3676 3686 3688 5225 5562 5585 5588 5595 8268 8303 8308 8451 8754
17 258 837 851 853 1109 1992 2002 5212 5220 5222 5603 5606 8313 8322 8324 8443 8754
17 2925 4503 4513 4515 4528 6206 6209 6226 6847 7788 7801 7803 8215 8330 8341 8595 8755
17 546 2571 4505 4520 4524 4531 6230 6833 6843 7783 7798 8097 8334 8347 8349 8711 8755
17 1661 6640 6644 6654 6665 6995 6996 7000 8296 8298 8301 8351 8353 8356 8359 8743 8756
12 3459 6641 6986 6997 8179 8286 8299 8354 8357 8368 8748 8756
17 3168 5012 5611 7189 7195 8120 8126 8158 8164 8229 8251 8257 8282 8352 8360 8751 8757
17 1942 3172 3175 5032 5071 5073 5152 5297 5299 5307 5309 8232 8364 8372 8374 8539 8757
17 8207 8210 8260 8263 8304 8305 8309 8326 8331 8342 8343 8376 8378 8381 8384 8696 8758
17 259 266 290 846 3320 3322 3808 3811 3816 3821 5638 6837 8314 8377 8382 8401 8759
12 8219 8272 8306 8318 8327 8338 8344 8379 8385 8393 8726 8758
17 1620 2669 3325 3828 4443 4446 4448 6840 7483 7490 8187 8195 8389 8397 8399 8746 8759
