4OFF
1200 3240 0 840
-0.61127818295522263 -0.029039670317703176 -0.53525133858761098 0.58223851223615486
0.19444143054411978 0.48001460291567488 0.59842918908102194 -0.61127818277073542
-0.21238893382255175 -0.10222390926807122 -0.23858599895990718 0.94208170254175672
-0.21238893382255175 0.43302742931953975 -0.6274688593987251 0.61127818277073542
0.53525133858761098 -0.58223851223615486 -0.61127818295522263 -0.029039670317703176
0.29666533951368457 -0.74764027229614294 -0.43302742920551995 0.40683036406816558
0.00000000018448659266923073 0.6274688593987251 0.055236735671935551 -0.77667994278027408
0.00000000018448659266923073 0.029039670317703156 0.91304203212119484 -0.40683036406816558
-0.59842918908102194 0.61127818277073542 0.19444143054411978 0.48001460291567488
-0.3308035195865347 0.26762566927761033 0.4330274293195393 -0.79462744605870606
0.26762566919598141 -0.13636208934092137 0.1492110830306338 0.94208170265577562
0.26762566919598141 0.10222390961898578 -0.53525133858761054 0.79462744605870606
0.23858599895990718 -0.94208170254175672 -0.21238893382255175 -0.10222390926807122
0.26762566919598141 0.72969276901771096 -0.48001460280165509 0.40683036406816558
0.6274688593987251 -0.61127818277073542 -0.21238893382255175 0.43302742931953975
0.23858599895990718 -0.33080351958653414 -0.77667994278027463 -0.48001460291567488
0.61127818295522263 0.029039670317703176 0.53525133858761098 -0.58223851223615486
-0.6744560331612881 0.72969276901771052 0.10222390943449841 -0.046987173947050653
0.21238893352404603 -0.9130420321211945 0.14921108321512153 0.31461284325705047
0.21238893352404603 -0.48001460291567455 -0.84986418173064115 0.046987173947050653
0.43302742920551995 -0.40683036406816558 0.29666533951368457 -0.74764027229614294
0.58223851223615453 -0.53525133858761009 0.02903967031770369 0.61127818295522152
-0.194441430245614 0.53525133847359108 -0.50905427333623599 -0.64541636302807137
-0.194441430245614 0.48001460280165548 0.59842918908102138 -0.61127818295522152
-0.055236735671935551 0.77667994278027408 0.00000000018448659266923073 0.6274688593987251
-0.194441430245614 -0.43302742931953941 0.87890385204834431 -0.046987173947050653
-0.91304203212119484 0.40683036406816558 0.00000000018448659266923073 0.029039670317703156
-0.055236735671935551 0.5822385122361543 0.31461284325705097 0.74764027229614294
-0.19444143054411978 -0.48001460291567488 -0.59842918908102194 0.61127818277073542
0.74764027211165596 -0.33080351988504075 -0.46206709974010002 0.34365251357475357
-0.58223851223615453 0.53525133858761054 -0.029039670317703357 -0.61127818295522129
-0.58223851223615453 0.10222390926807115 0.7296927690177103 -0.34365251357475357
-0.4330274293195393 0.79462744605870606 -0.3308035195865347 0.26762566927761033
-0.72969276883322398 -0.046987173762562645 0.10222390961898561 -0.67445603334577453
0.64541636284358495 -0.11841458606248932 0.48001460280165498 0.5822385125346603
0.64541636284358495 -0.26762566909312313 -0.23858599895990693 0.67445603334577453
-0.1492110830306338 -0.94208170265577562 0.26762566919598141 -0.13636208934092137
0.64541636284358495 0.26762566949448741 -0.62746885939872454 0.34365251357475357
0.53525133858761054 -0.79462744605870606 0.26762566919598141 0.10222390961898578
-0.1492110830306338 -0.72969276883322376 -0.61127818295522207 -0.26762566927761033
0.21238893382255175 0.10222390926807122 0.23858599895990718 -0.94208170254175672
0.64541636284358495 0.74764027229614249 -0.14921108303063355 0.046987173947050653
0.48001460280165509 -0.40683036406816558 0.26762566919598141 0.72969276901771096
0.21238893382255175 -0.43302742931953975 0.6274688593987251 -0.61127818277073542
-0.1492110830306338 0.04698717394705082 -0.64541636284358506 -0.74764027229614294
0.77667994278027463 0.48001460291567488 0.23858599895990718 -0.33080351958653414
-0.53525133858761098 0.58223851223615486 0.61127818295522263 0.029039670317703176
0.7946274460587055 -0.43302742931953897 0.26762566927761011 -0.33080351958653387
-0.34365251346073483 0.84986418173064049 -0.29666533981219095 0.26762566909312291
-0.34365251346073483 0.74764027229614227 0.46206709974010035 0.33080351958653387
-0.10222390943449841 0.046987173947050653 -0.6744560331612881 0.72969276901771052
-0.61127818277073476 0.59842918908102072 -0.48001460291567494 -0.19444143054411911
0.046987173762564005 -0.72969276883322287 0.67445603334577497 0.10222390961898528
0.046987173762564005 -0.87890385204834454 -0.43302742920551951 0.19444143054411911
-0.14921108321512153 -0.31461284325705047 0.21238893352404603 -0.9130420321211945
0.046987173762564061 -0.029039670317703152 -0.94208170265577484 -0.33080351958653387
0.84986418173064115 -0.046987173947050653 0.21238893352404603 -0.48001460291567455
-0.14921108321512153 -0.61127818277073498 0.26762566909312252 -0.72969276901771052
-0.29666533951368457 0.74764027229614294 0.43302742920551995 -0.40683036406816558
-0.94208170254175561 0.23858599895990626 -0.10222390926807151 -0.2123889338225512
0.61127818277073498 -0.59842918908102083 0.48001460291567455 0.19444143054411883
0.61127818277073498 -0.62746885939872454 -0.43302742931953858 0.2123889338225512
-0.02903967031770369 -0.61127818295522152 0.58223851223615453 -0.53525133858761009
-0.31461284314303178 0.23858599877541969 -0.87890385204834409 -0.26762566949448663
-0.31461284314303178 0.74764027211165562 0.055236735671935509 -0.58223851253465941
0.50905427333623599 0.64541636302807137 -0.194441430245614 0.53525133847359108
-0.31461284314303178 0.14921108303063421 0.91304203212119406 -0.2123889338225512
-0.59842918908102138 0.61127818295522152 -0.194441430245614 0.48001460280165548
0.50905427333623599 0.64541636284358472 0.19444143054411961 0.5352513385876102
-0.00000000018448659266923073 -0.6274688593987251 -0.055236735671935551 0.77667994278027408
-0.31461284314303178 -0.72969276901771019 0.50905427333623543 0.33080351958653387
-0.87890385204834431 0.046987173947050653 -0.194441430245614 -0.43302742931953941
-0.00000000018448659266923073 -0.029039670317703156 -0.91304203212119484 0.40683036406816558
0.50905427333623599 0.33080351958653387 0.31461284314303178 0.72969276901771052
-0.31461284325705097 -0.74764027229614294 -0.055236735671935551 0.5822385122361543
0.59842918908102194 -0.61127818277073542 -0.19444143054411978 -0.48001460291567488
-0.87890385204834454 0.26762566949448724 0.31461284314303023 0.23858599877541975
0.67445603316128788 -0.72969276901771007 -0.10222390943449816 0.046987173947049377
0.67445603316128788 -0.26762566927761006 -0.64541636302807104 -0.23858599877541975
0.46206709974010002 -0.34365251357475357 0.74764027211165596 -0.33080351988504075
0.94208170254175561 -0.23858599895990673 0.10222390926807151 0.21238893382255081
-0.61127818277073476 0.62746885939872454 0.43302742931953886 -0.21238893382255081
0.029039670317703357 0.61127818295522129 -0.58223851223615453 0.53525133858761054
-0.61127818277073476 -0.10222390961898567 0.74764027229614194 0.23858599877541975
-0.7296927690177103 0.34365251357475357 -0.58223851223615453 0.10222390926807115
0.02903967031770335 0.94208170254175583 0.046987173947050126 0.33080351988504075
0.3308035195865347 -0.26762566927761033 -0.4330274293195393 0.79462744605870606
0.91304203212119472 0.21238893352404498 -0.31461284325704963 0.14921108321512036
-0.94208170254175561 0.13636208934092126 0.26762566949448696 -0.14921108321512036
-0.10222390961898561 0.67445603334577453 -0.72969276883322398 -0.046987173762562645
-0.84986418173064149 -0.34365251346073378 -0.26762566909312296 -0.29666533981218979
0.77667994278027352 -0.055236735671935912 0.62746885939872421 0.00000000018448681471383566
0.77667994278027352 -0.53525133847359097 0.14921108303063368 0.29666533981218979
-0.48001460280165498 -0.5822385125346603 0.64541636284358495 -0.11841458606248932
0.77667994278027352 -0.29666533951368401 -0.53525133858760998 0.14921108321512036
0.23858599895990693 -0.67445603334577453 0.64541636284358495 -0.26762566909312313
-0.48001460280165498 -0.8498641817306416 -0.21238893382255153 0.046987173762562645
-0.26762566919598141 0.13636208934092137 -0.1492110830306338 -0.94208170265577562
0.77667994278027352 0.33080351988504059 -0.48001460280165464 -0.23858599877541975
0.62746885939872454 -0.34365251357475357 0.64541636284358495 0.26762566949448741
-0.26762566919598141 -0.10222390961898578 0.53525133858761054 -0.79462744605870606
-0.48001460280165498 -0.23858599877541953 -0.77667994278027397 -0.33080351988504075
0.61127818295522207 0.26762566927761033 -0.1492110830306338 -0.72969276883322376
-0.23858599895990718 0.94208170254175672 0.21238893382255175 0.10222390926807122
0.14921108303063355 -0.046987173947050653 0.64541636284358495 0.74764027229614249
-0.26762566919598141 -0.72969276901771096 0.48001460280165509 -0.40683036406816558
-0.6274688593987251 0.61127818277073542 0.21238893382255175 -0.43302742931953975
-0.48001460280165498 0.40683036406816553 -0.26762566919598096 -0.72969276901771052
-0.23858599895990718 0.33080351958653414 0.77667994278027463 0.48001460291567488
0.34365251357475363 -0.46206709974009963 0.33080351988504059 -0.74764027211165496
0.34365251357475363 -0.72969276901770985 0.1022239092680709 -0.58223851223615364
-0.26762566927761011 0.33080351958653387 0.7946274460587055 -0.43302742931953897
0.40683036406816475 -0.43302742920551884 0.74764027229614227 -0.29666533951368418
0.11841458606248799 0.64541636284358339 -0.58223851253466041 0.48001460280165531
0.11841458606248799 0.9420817026557744 0.1022239094344983 0.29666533951368418
0.29666533981219095 -0.26762566909312291 -0.34365251346073483 0.84986418173064049
0.11841458606248798 0.4800146029156741 0.64541636302807137 0.58223851223615364
-0.46206709974010035 -0.33080351958653387 -0.34365251346073483 0.74764027229614227
0.29666533981219095 0.4068303640681652 -0.74764027211165485 0.43302742931953897
-0.40683036406816508 0.43302742920551868 -0.74764027229614194 0.29666533951368462
-0.40683036406816508 0.91304203212119361 -0.02903967031770395 -0.00000000018448648164692827
0.48001460291567494 0.19444143054411911 -0.61127818277073476 0.59842918908102072
-0.13636208934092006 -0.26762566919598041 0.9420817026557744 -0.14921108303063466
-0.13636208934092006 -0.94208170254175538 0.14921108321512139 0.26762566949448613
-0.67445603334577497 -0.10222390961898528 0.046987173762564005 -0.72969276883322287
-0.13636208934092009 -0.50905427333623587 -0.84986418173064049 0.00000000018448648164692827
0.43302742920551951 -0.19444143054411911 0.046987173762564005 -0.87890385204834454
-0.67445603334577497 -0.31461284314303128 0.29666533951368423 -0.59842918908102072
-0.21238893352404603 0.9130420321211945 -0.14921108321512153 -0.31461284325705047
-0.13636208934091998 0.43302742931953886 -0.67445603334577442 -0.58223851223615364
0.94208170265577484 0.33080351958653387 0.046987173762564061 -0.029039670317703152
-0.21238893352404603 0.48001460291567455 0.84986418173064115 -0.046987173947050653
-0.67445603334577497 -0.58223851223615375 0.13636208934092003 -0.43302742931953897
-0.26762566909312252 0.72969276901771052 -0.14921108321512153 -0.61127818277073498
-0.43302742920551995 0.40683036406816558 -0.29666533951368457 0.74764027229614294
0.94208170265577418 0.14921108303063441 0.13636208934092134 -0.26762566919598119
-0.79462744605870517 0.43302742931953803 -0.26762566927760989 0.33080351958653476
-0.79462744605870517 0.53525133858760954 0.10222390961898492 0.26762566919598119
0.10222390926807151 0.2123889338225512 -0.94208170254175561 0.23858599895990626
-0.77667994278027275 0.055236735671935072 -0.62746885939872454 -0.00000000018448603755771842
0.40683036406816497 -0.91304203212119361 0.029039670317703672 0.00000000018448603755771842
-0.48001460291567455 -0.19444143054411883 0.61127818277073498 -0.59842918908102083
0.40683036406816497 -0.48001460280165509 -0.7296927690177093 -0.26762566919598119
0.43302742931953858 -0.2123889338225512 0.61127818277073498 -0.62746885939872454
-0.48001460291567455 -0.7766799427802733 0.3308035195865342 -0.23858599895990629
0.46206709974010052 0.34365251357475357 0.74764027211165518 0.33080351988503909
-0.31461284325705052 -0.14921108321512094 -0.9130420321211935 0.2123889335240457
-0.31461284325705052 0.72969276883322332 -0.50905427333623543 -0.33080351988503909
0.87890385204834409 0.26762566949448663 -0.31461284314303178 0.23858599877541969
-0.31461284325705052 0.67445603316128777 0.59842918908102083 -0.29666533981218918
-0.055236735671935509 0.58223851253465941 -0.31461284314303178 0.74764027211165562
0.87890385204834409 0.46206709974010074 0.00000000018448659266923073 0.11841458606248856
0.194441430245614 -0.53525133847359108 0.50905427333623599 0.64541636302807137
-0.31461284325705063 -0.2385859989599064 0.87890385204834365 0.26762566919598119
-0.91304203212119406 0.2123889338225512 -0.31461284314303178 0.14921108303063421
0.194441430245614 -0.48001460280165548 -0.59842918908102138 0.61127818295522152
0.87890385204834409 0.26762566919598102 0.31461284325705069 0.23858599895990629
-0.19444143054411961 -0.5352513385876102 0.50905427333623599 0.64541636284358472
0.055236735671935551 -0.77667994278027408 -0.00000000018448659266923073 -0.6274688593987251
-0.50905427333623543 -0.33080351958653387 -0.31461284314303178 -0.72969276901771019
0.194441430245614 0.43302742931953941 -0.87890385204834431 0.046987173947050653
0.91304203212119484 -0.40683036406816558 -0.00000000018448659266923073 -0.029039670317703156
0.87890385204834409 -0.046987173947050681 0.19444143024561389 0.43302742931953897
0.055236735671935551 -0.5822385122361543 -0.31461284325705097 -0.74764027229614294
0.67445603334577431 -0.10222390961898559 -0.046987173762562368 -0.72969276883322287
-0.50905427333623554 0.64541636302807059 0.19444143024561233 0.5352513384735913
-0.50905427333623554 0.33080351988504036 0.31461284325704958 0.72969276883322287
-0.31461284314303023 -0.23858599877541975 -0.87890385204834454 0.26762566949448724
0.34365251346073422 -0.84986418173064027 0.29666533981219051 -0.2676256690931238
0.34365251346073422 -0.74764027229614205 -0.46206709974009957 -0.3308035195865347
0.10222390943449816 -0.046987173947049377 0.67445603316128788 -0.72969276901771007
0.34365251346073422 -0.10222390926807098 -0.58223851253465975 -0.72969276883322298
0.64541636302807104 0.23858599877541975 0.67445603316128788 -0.26762566927761006
0.10222390943449816 -0.79462744605870528 0.53525133847359097 -0.26762566949448713
-0.74764027211165596 0.33080351988504075 0.46206709974010002 -0.34365251357475357
-0.94208170265577418 -0.14921108303063402 -0.1363620893409217 0.26762566919598152
0.79462744605870483 -0.53525133858760998 -0.102223909618985 -0.26762566919598152
-0.10222390926807151 -0.21238893382255081 0.94208170254175561 -0.23858599895990673
-0.40683036406816458 0.48001460280165492 0.72969276901770963 0.26762566919598152
-0.43302742931953886 0.21238893382255081 -0.61127818277073476 0.62746885939872454
0.48001460291567438 0.77667994278027319 -0.33080351958653442 0.23858599895990673
-0.40683036406816464 -0.26762566949448707 0.48001460291567394 0.72969276883322287
-0.74764027229614194 -0.23858599877541975 -0.61127818277073476 -0.10222390961898567
0.58223851223615453 -0.10222390926807115 -0.7296927690177103 0.34365251357475357
0.48001460291567438 0.72969276883322309 0.40683036406816497 0.26762566949448713
-0.046987173947050126 -0.33080351988504075 0.02903967031770335 0.94208170254175583
0.4330274293195393 -0.79462744605870606 0.3308035195865347 -0.26762566927761033
-0.74764027229614216 -0.29666533951368385 0.40683036406816364 0.43302742920552029
0.87890385204834376 -0.26762566949448702 -0.31461284314303045 -0.23858599877542075
0.87890385204834376 0.046987173762562673 -0.19444143054411872 -0.43302742920552029
0.31461284325704963 -0.14921108321512036 0.91304203212119472 0.21238893352404498
-0.79462744605870483 0.26762566909312291 0.33080351988503998 0.43302742920552034
-0.26762566949448696 0.14921108321512036 -0.94208170254175561 0.13636208934092126
0.10222390926807097 0.94208170265577484 -0.23858599877542008 -0.21238893352404498
0.72969276883322398 0.046987173762562645 -0.10222390961898561 0.67445603334577453
0.7296927690177103 0.67445603316128688 -0.046987173947049571 -0.10222390943449963
-0.94208170265577418 0.11841458606248918 -0.29666533951368412 0.10222390943449963
0.26762566909312296 0.29666533981218979 -0.84986418173064149 -0.34365251346073378
-0.64541636302807126 -0.5090542733362351 -0.53525133847359052 0.19444143024561378
0.61127818295522107 -0.59842918908102116 0.48001460280165464 -0.19444143024561378
-0.62746885939872421 -0.00000000018448681471383566 0.77667994278027352 -0.055236735671935912
0.61127818295522107 -0.74764027211165485 -0.23858599895990679 -0.10222390943449963
-0.14921108303063368 -0.29666533981218979 0.77667994278027352 -0.53525133847359097
-0.62746885939872421 -0.64541636302807182 0.26762566919598119 0.34365251346073378
-0.64541636284358495 0.11841458606248932 -0.48001460280165498 -0.5822385125346603
0.61127818295522107 -0.21238893352404487 -0.62746885939872388 -0.43302742920552029
0.53525133858760998 -0.14921108321512036 0.77667994278027352 -0.29666533951368401
-0.64541636284358495 0.26762566909312313 0.23858599895990693 -0.67445603334577453
-0.62746885939872421 -0.43302742920552023 -0.61127818295522152 0.21238893352404503
0.21238893382255153 -0.046987173762562645 -0.48001460280165498 -0.8498641817306416
0.1492110830306338 0.94208170265577562 -0.26762566919598141 0.13636208934092137
0.48001460280165464 0.23858599877541975 0.77667994278027352 0.33080351988504059
-0.64541636284358495 -0.26762566949448741 0.62746885939872454 -0.34365251357475357
-0.53525133858761054 0.79462744605870606 -0.26762566919598141 -0.10222390961898578
-0.62746885939872421 0.34365251357475368 -0.6454163628435845 -0.26762566949448713
0.1492110830306338 0.72969276883322376 0.61127818295522207 0.26762566927761033
-0.64541636284358495 -0.74764027229614249 0.14921108303063355 -0.046987173947050653
-0.77667994278027463 -0.48001460291567488 -0.23858599895990718 0.33080351958653414
-0.046987173947049848 0.10222390943449797 -0.72969276901770952 0.67445603316128711
-0.23858599877541903 -0.31461284314303001 0.26762566949448724 -0.87890385204834365
-0.23858599877541903 -0.64541636302807059 0.26762566927760995 -0.67445603316128711
-0.33080351988504059 0.74764027211165496 0.34365251357475363 -0.46206709974009963
-0.23858599877541908 -0.74764027229614161 -0.10222390961898595 -0.61127818277073409
-0.1022239092680709 0.58223851223615364 0.34365251357475363 -0.72969276901770985
-0.33080351988504059 -0.046987173947050542 0.94208170254175494 0.029039670317703367
0.046987173947050348 -0.10222390943449755 0.72969276901770952 -0.67445603316128722
0.046987173947050348 -0.84986418173063982 0.48001460291567444 -0.21238893352404548
-0.74764027229614227 0.29666533951368418 0.40683036406816475 -0.43302742920551884
0.53525133847358952 0.19444143024561233 -0.64541636302807093 0.50905427333623587
0.53525133847358952 0.77667994278027275 -0.29666533981219084 0.1492110830306346
0.58223851253466041 -0.48001460280165531 0.11841458606248799 0.64541636284358339
0.53525133847358952 0.67445603334577453 0.46206709974009996 0.21238893352404542
-0.1022239094344983 -0.29666533951368418 0.11841458606248799 0.9420817026557744
0.58223851253466041 -0.13636208934092053 -0.67445603316128744 0.43302742920551884
0.53525133847358952 0.029039670317703131 0.58223851253465997 0.61127818277073409
-0.64541636302807137 -0.58223851223615364 0.11841458606248798 0.4800146029156741
0.5822385125346603 0.61127818277073442 -0.53525133847358974 -0.029039670317703371
0.74764027211165485 -0.43302742931953897 0.29666533981219095 0.4068303640681652
0.31461284325704952 0.14921108321512194 0.91304203212119317 -0.2123889335240462
-0.04698717394705057 0.8498641817306396 -0.48001460291567444 0.2123889335240462
0.74764027229614194 -0.29666533951368462 -0.40683036406816508 0.43302742920551868
-0.04698717394705057 0.87890385204834365 0.43302742931953803 0.19444143024561361
0.02903967031770395 0.00000000018448648164692827 -0.40683036406816508 0.91304203212119361
0.74764027229614194 0.31461284325705002 -0.58223851223615364 0.055236735671934795
0.10222390926807072 -0.21238893382255219 -0.94208170254175472 -0.23858599895990526
-0.26762566909312208 0.2966653398121904 0.84986418173063993 -0.34365251346073467
-0.26762566909312208 -0.64541636284358395 0.67445603334577442 0.23858599895990526
-0.9420817026557744 0.14921108303063466 -0.13636208934092006 -0.26762566919598041
-0.26762566909312219 -0.7946274460587055 -0.43302742920551907 0.33080351988503903
-0.14921108321512139 -0.26762566949448613 -0.13636208934092006 -0.94208170254175538
-0.9420817026557744 0.10222390926807071 0.21238893352404575 -0.23858599877541858
-0.046987173762564005 0.72969276883322287 -0.67445603334577497 -0.10222390961898528
-0.2676256690931223 0.055236735671935093 -0.94208170265577396 -0.19444143024561356
0.84986418173064049 -0.00000000018448648164692827 -0.13636208934092009 -0.50905427333623587
-0.046987173762564005 0.87890385204834454 0.43302742920551951 -0.19444143054411911
-0.9420817026557744 -0.19444143024561356 0.26762566909312219 -0.055236735671934795
-0.29666533951368423 0.59842918908102072 -0.67445603334577497 -0.31461284314303128
0.14921108321512153 0.31461284325705047 -0.21238893352404603 0.9130420321211945
0.67445603334577442 0.58223851223615364 -0.13636208934091998 0.43302742931953886
-0.046987173762564061 0.029039670317703152 0.94208170265577484 0.33080351958653387
-0.84986418173064115 0.046987173947050653 -0.21238893352404603 0.48001460291567455
-0.9420817026557744 -0.33080351958653353 -0.046987173762563977 0.029039670317703374
0.14921108321512153 0.61127818277073498 -0.26762566909312252 0.72969276901771052
-0.58223851253465908 -0.48001460280165498 -0.11841458606248896 0.64541636284358417
0.67445603334577353 -0.23858599895990598 0.2676256690931233 -0.64541636284358417
-0.13636208934092134 0.26762566919598119 0.94208170265577418 0.14921108303063441
-0.34365251357475329 0.46206709974009896 -0.3308035198850397 0.74764027211165551
-0.34365251357475329 0.72969276901770885 -0.10222390926807146 0.58223851223615419
0.26762566927760989 -0.33080351958653476 -0.79462744605870517 0.43302742931953803
-0.34365251357475329 0.62746885939872388 0.26762566949448624 0.64541636284358417
-0.10222390961898492 -0.26762566919598119 -0.79462744605870517 0.53525133858760954
0.26762566927760989 0.61127818295522085 -0.72969276883322287 -0.14921108303063435
0.64541636302806993 0.50905427333623565 0.53525133847359052 -0.194441430245614
-0.61127818295522041 0.59842918908102016 -0.48001460280165553 0.194441430245614
0.62746885939872454 0.00000000018448603755771842 -0.77667994278027275 0.055236735671935072
0.046987173947050181 -0.87890385204834365 -0.43302742931953814 -0.19444143024561406
-0.029039670317703672 -0.00000000018448603755771842 0.40683036406816497 -0.91304203212119361
-0.74764027229614172 -0.31461284325705008 0.58223851223615397 -0.055236735671935072
0.046987173947050237 -0.1492110830306341 -0.74764027229614127 -0.64541636284358406
0.7296927690177093 0.26762566919598119 0.40683036406816497 -0.48001460280165509
-0.74764027229614172 -0.64541636284358428 -0.046987173947050404 0.14921108303063441
-0.3308035195865342 0.23858599895990629 -0.48001460291567455 -0.7766799427802733
-0.43302742931953853 -0.79462744605870506 -0.3308035195865342 -0.26762566927760834
0.64541636302807059 -0.23858599877541947 0.67445603316128777 0.26762566927760834
-0.74764027211165518 -0.33080351988503909 0.46206709974010052 0.34365251357475357
0.10222390961898573 0.67445603334577409 0.72969276883322243 -0.046987173762564144
-0.19444143054411922 0.43302742920551962 -0.8789038520483432 0.046987173762564144
0.9130420321211935 -0.2123889335240457 -0.31461284325705052 -0.14921108321512094
-0.19444143054411933 0.94208170254175505 0.055236735671935502 -0.26762566927760834
0.50905427333623543 0.33080351988503909 -0.31461284325705052 0.72969276883322332
0.91304203212119361 0.10222390961898595 -0.19444143024561383 -0.34365251357475357
0.31461284314303178 -0.23858599877541969 0.87890385204834409 0.26762566949448663
-0.19444143054411922 0.34365251346073422 0.91304203212119317 0.10222390943449955
-0.59842918908102083 0.29666533981218918 -0.31461284325705052 0.67445603316128777
0.31461284314303178 -0.74764027211165562 -0.055236735671935509 0.58223851253465941
0.91304203212119361 0.10222390943449938 0.19444143054411933 -0.34365251346073461
-0.00000000018448659266923073 -0.11841458606248856 0.87890385204834409 0.46206709974010074
-0.50905427333623599 -0.64541636302807137 0.194441430245614 -0.53525133847359108
-0.87890385204834365 -0.26762566919598119 -0.31461284325705063 -0.2385859989599064
0.31461284314303178 -0.14921108303063421 -0.91304203212119406 0.2123889338225512
0.59842918908102138 -0.61127818295522152 0.194441430245614 -0.48001460280165548
0.91304203212119361 -0.21238893382255136 0.31461284314303151 -0.14921108303063432
-0.50905427333623599 -0.64541636284358472 -0.19444143054411961 -0.5352513385876102
0.31461284314303178 0.72969276901771019 -0.50905427333623543 -0.33080351958653387
0.31461284325705097 0.74764027229614294 0.055236735671935551 -0.5822385122361543
0.14921108321512075 -0.3146128432570493 -0.21238893352404431 -0.91304203212119384
0.14921108321512075 -0.26762566949448691 0.13636208934092117 -0.94208170254175472
0.046987173762562368 0.72969276883322287 0.67445603334577431 -0.10222390961898559
0.055236735671935641 0.77667994278027175 -0.0000000001844874253364992 0.62746885939872499
0.055236735671935641 0.5822385125346593 0.31461284314303001 0.74764027211165507
-0.19444143024561233 -0.5352513384735913 -0.50905427333623554 0.64541636302807059
0.055236735671935655 0.26762566927760978 0.19444143054411922 0.94208170254175461
-0.31461284325704958 -0.72969276883322287 -0.50905427333623554 0.33080351988504036
-0.19444143024561233 0.34365251357475324 -0.91304203212119417 0.10222390961898559
-0.11841458606248889 -0.64541636284358317 0.58223851253465952 -0.48001460280165564
-0.11841458606248889 -0.94208170265577373 -0.10222390943449811 -0.2966653395136849
-0.29666533981219051 0.2676256690931238 0.34365251346073422 -0.84986418173064027
-0.11841458606248891 -0.48001460291567399 -0.64541636302807037 -0.58223851223615364
0.46206709974009957 0.3308035195865347 0.34365251346073422 -0.74764027229614205
-0.29666533981219051 -0.40683036406816403 0.74764027211165529 -0.43302742931953858
-0.11841458606248882 0.10222390961898567 -0.29666533981219018 -0.94208170254175472
0.58223851253465975 0.72969276883322298 0.34365251346073422 -0.10222390926807098
-0.67445603316128788 0.26762566927761006 0.64541636302807104 0.23858599877541975
-0.29666533981219051 -0.94208170254175494 0.11841458606248875 -0.10222390961898553
-0.53525133847359097 0.26762566949448713 0.10222390943449816 -0.79462744605870528
-0.46206709974010002 0.34365251357475357 -0.74764027211165596 0.33080351988504075
0.58223851253465897 0.48001460280165487 0.11841458606248949 -0.64541636284358428
-0.67445603334577331 0.10222390961898481 0.04698717376256259 0.72969276883322343
-0.67445603334577331 0.23858599895990645 -0.26762566909312357 0.64541636284358428
0.1363620893409217 -0.26762566919598152 -0.94208170265577418 -0.14921108303063402
0.34365251357475263 -0.6274688593987241 -0.26762566949448641 -0.64541636284358428
0.102223909618985 0.26762566919598152 0.79462744605870483 -0.53525133858760998
-0.26762566927761 -0.61127818295522074 0.72969276883322332 0.14921108303063402
-0.046987173947049848 0.14921108303063371 0.74764027229614127 0.64541636284358417
-0.72969276901770963 -0.26762566919598152 -0.40683036406816458 0.48001460280165492
0.74764027229614172 0.64541636284358428 0.046987173947049904 -0.14921108303063405
0.33080351958653442 -0.23858599895990673 0.48001460291567438 0.77667994278027319
-0.48001460291567394 -0.72969276883322287 -0.40683036406816464 -0.26762566949448707
0.61127818277073476 0.10222390961898567 -0.74764027229614194 -0.23858599877541975
0.7296927690177103 -0.34365251357475357 0.58223851223615453 -0.10222390926807115
0.74764027229614172 0.23858599877541931 0.61127818277073431 0.10222390961898561
-0.02903967031770335 -0.94208170254175583 -0.046987173947050126 -0.33080351988504075
0.29666533981218995 0.26762566909312274 -0.34365251346073311 -0.84986418173064071
-0.48001460291567355 0.19444143054411889 0.6112781827707332 0.59842918908102194
-0.48001460291567355 -0.21238893352404475 0.04698717394704921 0.84986418173064071
-0.40683036406816364 -0.43302742920552029 -0.74764027229614216 -0.29666533951368385
0.50905427333623443 -0.64541636302807026 -0.19444143024561306 -0.53525133847359174
0.50905427333623443 -0.33080351988503981 -0.31461284325704925 -0.72969276883322354
0.31461284314303045 0.23858599877542075 0.87890385204834376 -0.26762566949448702
0.50905427333623454 -0.13636208934092112 -0.00000000018448648164692827 -0.8498641817306406
0.19444143054411872 0.43302742920552029 0.87890385204834376 0.046987173762562673
0.31461284314303045 -0.67445603334577386 0.59842918908102183 0.29666533951368385
-0.91304203212119472 -0.21238893352404498 0.31461284325704963 -0.14921108321512036
-0.34365251357475252 0.29666533951368379 0.26762566927760945 0.8498641817306406
-0.33080351988503998 -0.43302742920552034 -0.79462744605870483 0.26762566909312291
0.94208170254175561 -0.13636208934092126 -0.26762566949448696 0.14921108321512036
0.26762566927760967 0.84986418173064093 0.34365251357475302 -0.2966653395136839
0.23858599877542008 0.21238893352404498 0.10222390926807097 0.94208170265577484
0.10222390961898561 -0.67445603334577453 0.72969276883322398 0.046987173762562645
-0.33080351988504009 -0.74764027211165429 0.34365251357475246 0.46206709974010085
0.74764027229614094 0.29666533951368385 -0.40683036406816414 -0.43302742920552073
0.74764027229614094 0.34365251346073344 0.33080351958653442 -0.46206709974010085
0.046987173947049571 0.10222390943449963 0.7296927690177103 0.67445603316128688
-0.6744560333457732 0.53525133847359041 -0.21238893352404531 0.46206709974010091
0.29666533951368412 -0.10222390943449963 -0.94208170265577418 0.11841458606248918
0.13636208934092084 0.58223851253465975 -0.43302742920552051 -0.67445603316128688
0.84986418173064149 0.34365251346073378 0.26762566909312296 0.29666533981218979
0.26762566949448691 0.8789038520483432 0.23858599877541958 -0.31461284314303167
-0.58223851253465908 0.055236735671935919 -0.74764027211165462 0.31461284314303167
0.53525133847359052 -0.19444143024561378 -0.64541636302807126 -0.5090542733362351
0.21238893382255108 -0.91304203212119339 0.14921108303063357 -0.31461284314303167
-0.48001460280165464 0.19444143024561378 0.61127818295522107 -0.59842918908102116
-0.53525133858760965 -0.19444143054411972 0.64541636284358439 0.5090542733362351
0.21238893382255108 -0.67445603316128644 -0.53525133858760954 -0.46206709974010085
0.23858599895990679 0.10222390943449963 0.61127818295522107 -0.74764027211165485
-0.77667994278027352 0.53525133847359097 -0.14921108303063368 -0.29666533981218979
-0.53525133858760965 -0.46206709974010085 -0.21238893382255142 0.67445603316128688
-0.26762566919598119 -0.34365251346073378 -0.62746885939872421 -0.64541636302807182
0.48001460280165498 0.5822385125346603 -0.64541636284358495 0.11841458606248932
0.62746885939872388 0.43302742920552029 0.61127818295522107 -0.21238893352404487
-0.77667994278027352 0.29666533951368401 0.53525133858760998 -0.14921108321512036
-0.23858599895990693 0.67445603334577453 -0.64541636284358495 0.26762566909312313
-0.53525133858760965 0.14921108321512058 -0.77667994278027308 0.2966653395136839
0.48001460280165498 0.8498641817306416 0.21238893382255153 -0.046987173762562645
-0.77667994278027352 -0.33080351988504059 0.48001460280165464 0.23858599877541975
-0.61127818295522207 -0.26762566927761033 0.1492110830306338 0.72969276883322376
0.33080351958653387 0.46206709974009919 -0.74764027229614138 0.34365251346073405
0.72969276901770952 -0.67445603316128711 -0.046987173947049848 0.10222390943449797
-0.72969276883322198 -0.31461284325704963 0.33080351988504031 -0.50905427333623532
-0.26762566949448724 0.87890385204834365 -0.23858599877541903 -0.31461284314303001
-0.72969276883322187 -0.58223851253465952 0.10222390926807079 -0.34365251346073394
-0.26762566927760995 0.67445603316128711 -0.23858599877541903 -0.64541636302807059
-0.26762566949448724 0.53525133847359008 0.79462744605870483 -0.10222390943449799
-0.72969276883322198 -0.48001460291567366 -0.26762566949448724 -0.40683036406816453
0.10222390961898595 0.61127818277073409 -0.23858599877541908 -0.74764027229614161
-0.26762566949448724 -0.40683036406816486 0.72969276883322221 0.4800146029156741
-0.94208170254175494 -0.029039670317703367 -0.33080351988504059 -0.046987173947050542
0.26762566909312285 -0.29666533981219106 -0.84986418173063916 0.34365251346073433
-0.33080351958653342 -0.46206709974009919 0.74764027229614161 -0.34365251346073433
-0.72969276901770952 0.67445603316128722 0.046987173947050348 -0.10222390943449755
-0.33080351958653331 -0.94208170265577362 0.029039670317703652 -0.046987173762563506
-0.48001460291567444 0.21238893352404548 0.046987173947050348 -0.84986418173063982
-0.72969276901770963 0.26762566909312252 0.61127818277073376 0.14921108321512186
-0.62746885939872388 0.00000000018448814698146521 0.77667994278027219 0.055236735671934628
0.74764027211165385 0.31461284314303056 -0.58223851253465986 -0.055236735671934628
0.64541636302807093 -0.50905427333623587 0.53525133847358952 0.19444143024561233
0.74764027211165385 0.61127818295522141 0.10222390943449811 -0.23858599895990562
0.29666533981219084 -0.1492110830306346 0.53525133847358952 0.77667994278027275
0.64541636302807093 -0.62746885939872388 -0.3436525134607345 0.26762566919597941
0.74764027211165396 0.14921108321512144 0.64541636302807082 0.046987173762563478
-0.46206709974009996 -0.21238893352404542 0.53525133847358952 0.67445603334577453
0.64541636302807104 0.046987173762563506 -0.74764027211165429 -0.14921108321512186
0.67445603316128744 -0.43302742920551884 0.58223851253466041 -0.13636208934092053
-0.58223851253465997 -0.61127818277073409 0.53525133847358952 0.029039670317703131
0.64541636302807093 0.5822385122361533 -0.11841458606248766 -0.48001460291567399
-0.10222390961898437 -0.67445603334577431 -0.72969276883322176 0.046987173762564116
0.19444143054411861 -0.43302742920551829 0.87890385204834365 -0.046987173762564116
-0.91304203212119317 0.2123889335240462 0.31461284325704952 0.14921108321512194
0.33080351958653353 0.9420817026557734 -0.029039670317703971 0.046987173762564116
0.48001460291567444 -0.2123889335240462 -0.04698717394705057 0.8498641817306396
0.72969276901770908 -0.26762566909312258 -0.61127818277073431 -0.14921108321512194
0.33080351958653348 0.50905427333623532 0.72969276901770874 0.31461284314303101
-0.43302742931953803 -0.19444143024561361 -0.04698717394705057 0.87890385204834365
0.72969276901770919 0.31461284314303101 -0.33080351958653359 -0.50905427333623599
0.58223851223615364 -0.055236735671934795 0.74764027229614194 0.31461284325705002
-0.029039670317703884 0.61127818295522163 0.58223851223615308 0.53525133858760809
-0.10222390961898531 0.26762566919598019 -0.79462744605870528 -0.53525133858760809
0.94208170254175472 0.23858599895990526 0.10222390926807072 -0.21238893382255219
0.48001460280165448 -0.58223851253465975 -0.64541636284358317 -0.11841458606248757
-0.29666533951368373 -0.10222390943449863 0.94208170265577362 0.11841458606248757
-0.84986418173063993 0.34365251346073467 -0.26762566909312208 0.2966653398121904
-0.29666533951368373 -0.77667994278027308 0.14921108321512133 0.53525133858760809
-0.67445603334577442 -0.23858599895990526 -0.26762566909312208 -0.64541636284358395
-0.84986418173063993 0.48001460280165464 0.046987173762563811 0.21238893382255219
0.13636208934092006 0.26762566919598041 -0.9420817026557744 0.14921108303063466
-0.29666533951368379 -0.34365251357475396 -0.84986418173063982 0.26762566927760872
0.43302742920551907 -0.33080351988503903 -0.26762566909312219 -0.7946274460587055
0.13636208934092006 0.94208170254175538 -0.14921108321512139 -0.26762566949448613
-0.84986418173063993 0.26762566927760889 0.2966653395136839 0.3436525135747544
-0.21238893352404575 0.23858599877541858 -0.9420817026557744 0.10222390926807071
0.67445603334577497 0.10222390961898528 -0.046987173762564005 0.72969276883322287
0.94208170265577396 0.19444143024561356 -0.2676256690931223 0.055236735671935093
0.13636208934092009 0.50905427333623587 0.84986418173064049 -0.00000000018448648164692827
-0.43302742920551951 0.19444143054411911 -0.046987173762564005 0.87890385204834454
-0.84986418173063993 0.00000000018448670369153319 0.13636208934091978 0.50905427333623599
0.67445603334577497 0.31461284314303128 -0.29666533951368423 0.59842918908102072
0.13636208934091998 -0.43302742931953886 0.67445603334577442 0.58223851223615364
0.26762566909312252 -0.72969276901771052 0.14921108321512153 0.61127818277073498
-0.29666533981218923 -0.26762566909312319 0.34365251346073378 0.84986418173064004
-0.29666533981218923 -0.14921108303063421 -0.53525133847359041 0.77667994278027241
0.11841458606248896 -0.64541636284358417 -0.58223851253465908 -0.48001460280165498
0.1492110832151203 -0.53525133858760909 0.29666533951368446 -0.77667994278027241
-0.2676256690931233 0.64541636284358417 0.67445603334577353 -0.23858599895990598
0.046987173762562923 -0.21238893382255097 0.84986418173064027 0.48001460280165503
0.23858599877541947 0.31461284314302973 -0.26762566949448607 0.87890385204834365
0.23858599877541947 0.64541636302806937 -0.26762566927760978 0.67445603316128766
0.3308035198850397 -0.74764027211165551 -0.34365251357475329 0.46206709974009896
0.23858599877541942 0.74764027229614094 0.10222390961898487 0.6112781827707342
0.10222390926807146 -0.58223851223615419 -0.34365251357475329 0.72969276901770885
0.3308035198850397 0.046987173947049765 -0.94208170254175494 -0.029039670317703901
0.23858599877541947 0.48001460280165459 0.33080351988503953 0.7766799427802723
-0.26762566949448624 -0.64541636284358417 -0.34365251357475329 0.62746885939872388
0.3308035198850397 0.77667994278027264 -0.23858599877541931 -0.48001460280165492
0.72969276883322287 0.14921108303063435 0.26762566927760989 0.61127818295522085
-0.26762566949448552 -0.8789038520483432 -0.23858599877541936 0.31461284314303112
0.58223851253465808 -0.055236735671935003 0.74764027211165507 -0.31461284314303112
-0.53525133847359052 0.194441430245614 0.64541636302806993 0.50905427333623565
-0.21238893382255064 0.91304203212119284 -0.14921108303063477 0.31461284314303112
0.48001460280165553 -0.194441430245614 -0.61127818295522041 0.59842918908102016
0.5352513385876092 0.19444143054411855 -0.64541636284358395 -0.50905427333623565
-0.33080351958653398 -0.50905427333623532 -0.72969276901770874 -0.31461284314303117
0.43302742931953814 0.19444143024561406 0.046987173947050181 -0.87890385204834365
-0.72969276901770908 -0.31461284314303128 0.33080351958653392 0.50905427333623565
-0.58223851223615397 0.055236735671935072 -0.74764027229614172 -0.31461284325705008
0.23858599895990559 0.94208170254175461 -0.21238893382255081 0.10222390926806967
-0.72969276901770841 -0.67445603316128733 0.046987173947050653 0.1022239094344998
-0.72969276901770841 -0.34365251357475307 -0.58223851223615442 -0.10222390926806967
0.3308035195865342 0.26762566927760834 -0.43302742931953853 -0.79462744605870506
0.58223851253465853 -0.72969276883322265 0.34365251346073483 0.10222390926806967
-0.67445603316128777 -0.26762566927760834 0.64541636302807059 -0.23858599877541947
-0.53525133847358985 -0.26762566949448635 0.10222390943449944 0.79462744605870506
-0.46206709974010052 -0.34365251357475357 -0.74764027211165518 -0.33080351988503909
0.14921108303063416 -0.94208170265577351 -0.26762566919598052 -0.13636208934091953
0.26762566949448613 0.14921108321512075 0.94208170254175461 0.13636208934091953
-0.72969276883322243 0.046987173762564144 0.10222390961898573 0.67445603334577409
-0.00000000018448648164692827 0.84986418173064004 -0.50905427333623487 -0.13636208934091948
0.8789038520483432 -0.046987173762564144 -0.19444143054411922 0.43302742920551962
0.59842918908102027 -0.29666533951368373 -0.31461284314303145 -0.67445603334577409
-0.0000000001844865371580795 0.79462744605870461 0.59842918908102027 -0.10222390926806965
-0.055236735671935502 0.26762566927760834 -0.19444143054411933 0.94208170254175505
0.31461284325705052 -0.72969276883322332 0.50905427333623543 0.33080351988503909
0.59842918908102039 -0.10222390926806983 0.00000000018448659266923073 -0.79462744605870506
0.19444143024561383 0.34365251357475357 0.91304203212119361 0.10222390961898595
-0.87890385204834409 -0.26762566949448663 0.31461284314303178 -0.23858599877541969
-0.91304203212119317 -0.10222390943449955 -0.19444143054411922 0.34365251346073422
0.31461284325705052 -0.67445603316128777 -0.59842918908102083 0.29666533981218918
0.055236735671935509 -0.58223851253465941 0.31461284314303178 -0.74764027211165562
0.59842918908102039 -0.29666533981218923 0.31461284325705036 -0.67445603316128755
-0.87890385204834409 -0.46206709974010074 -0.00000000018448659266923073 -0.11841458606248856
0.31461284325705063 0.2385859989599064 -0.87890385204834365 -0.26762566919598119
0.19444143054411961 0.5352513385876102 -0.50905427333623599 -0.64541636284358472
-0.43302742920551951 -0.4068303640681632 -0.29666533951368323 -0.74764027229614183
-0.43302742920551951 -0.19444143054411883 -0.046987173762562312 -0.87890385204834298
0.21238893352404431 0.91304203212119384 0.14921108321512075 -0.3146128432570493
-0.43302742920551962 -0.33080351988504009 0.26762566909312246 -0.79462744605870417
-0.13636208934092117 0.94208170254175472 0.14921108321512075 -0.26762566949448691
0.21238893352404425 0.23858599877541958 0.94208170265577396 0.10222390926807104
0.59842918908102072 0.61127818277073254 -0.19444143054411916 0.48001460291567455
0.59842918908102072 0.61127818295522007 0.19444143024561222 0.48001460280165498
0.0000000001844874253364992 -0.62746885939872499 0.055236735671935641 0.77667994278027175
0.59842918908102072 0.29666533981219007 0.3146128432570493 0.67445603316128666
-0.31461284314303001 -0.74764027211165507 0.055236735671935641 0.5822385125346593
0.0000000001844874253364992 -0.11841458606248947 -0.87890385204834365 0.4620670997400993
0.59842918908102061 0.1022239092680709 0.00000000018448720329189428 0.79462744605870406
-0.19444143054411922 -0.94208170254175461 0.055236735671935655 0.26762566927760978
0.00000000018448748084765043 0.79462744605870461 -0.59842918908102072 -0.10222390926807109
0.91304203212119417 -0.10222390961898559 -0.19444143024561233 0.34365251357475324
-0.53525133847359041 -0.19444143024561228 0.64541636302807004 -0.50905427333623554
-0.53525133847359041 -0.77667994278027186 0.29666533981219023 -0.1492110830306346
-0.58223851253465952 0.48001460280165564 -0.11841458606248889 -0.64541636284358317
-0.53525133847359041 -0.67445603334577364 -0.46206709974009919 -0.21238893352404548
0.10222390943449811 0.2966653395136849 -0.11841458606248889 -0.94208170265577373
-0.58223851253465952 0.13636208934092153 0.67445603316128722 -0.43302742920551895
-0.53525133847359041 -0.029039670317703294 -0.58223851253465908 -0.61127818277073342
-0.74764027211165529 0.43302742931953858 -0.29666533981219051 -0.40683036406816403
0.29666533981219018 0.94208170254175472 -0.11841458606248882 0.10222390961898567
-0.34365251346073422 0.10222390926807098 0.58223851253465975 0.72969276883322298
-0.64541636302807104 -0.23858599877541975 -0.67445603316128788 0.26762566927761006
-0.58223851253465964 -0.72969276883322243 -0.34365251346073422 0.10222390926807112
-0.10222390943449816 0.79462744605870528 -0.53525133847359097 0.26762566949448713
0.2966653398121889 0.14921108303063391 0.53525133847359085 -0.77667994278027219
-0.11841458606248949 0.64541636284358428 0.58223851253465897 0.48001460280165487
-0.14921108321511994 0.31461284325704847 0.21238893352404503 0.91304203212119361
-0.14921108321511994 0.26762566949448585 -0.13636208934092153 0.9420817025417545
-0.04698717376256259 -0.72969276883322343 -0.67445603334577331 0.10222390961898481
-0.14921108321511989 0.53525133858760954 -0.29666533951368435 0.77667994278027219
0.26762566909312357 -0.64541636284358428 -0.67445603334577331 0.23858599895990645
-0.046987173762562534 0.21238893382255053 -0.84986418173064049 -0.48001460280165487
-0.23858599877541997 -0.48001460280165453 -0.33080351988503975 -0.77667994278027219
0.26762566949448641 0.64541636284358428 0.34365251357475263 -0.6274688593987241
-0.33080351988503992 -0.77667994278027264 0.23858599877541986 0.48001460280165487
-0.72969276883322332 -0.14921108303063402 -0.26762566927761 -0.61127818295522074
0.40683036406816464 0.26762566949448707 -0.48001460291567394 -0.72969276883322287
0.046987173947050126 0.33080351988504075 -0.02903967031770335 -0.94208170254175583
-0.10222390943449911 -0.046987173947049488 -0.67445603316128611 -0.72969276901770996
-0.10222390943449911 0.29666533951368357 0.11841458606248949 -0.94208170265577329
0.34365251346073311 0.84986418173064071 0.29666533981218995 0.26762566909312274
-0.029039670317702333 0.00000000018448659266923073 0.40683036406816325 0.91304203212119339
-0.6112781827707332 -0.59842918908102194 -0.48001460291567355 0.19444143054411889
-0.029039670317702278 -0.046987173762562479 -0.33080351958653414 0.94208170265577329
-0.04698717394704921 -0.84986418173064071 -0.48001460291567355 -0.21238893352404475
-0.6112781827707332 0.14921108321512025 -0.7296927690177103 -0.26762566909312269
-0.055236735671936682 -0.77667994278027153 0.00000000018448659266923073 -0.62746885939872454
-0.055236735671936682 -0.58223851253465853 -0.31461284314303023 -0.74764027211165507
0.19444143024561306 0.53525133847359174 0.50905427333623443 -0.64541636302807026
-0.055236735671936696 -0.26762566927760922 -0.1944414305441185 -0.9420817025417545
0.31461284325704925 0.72969276883322354 0.50905427333623443 -0.33080351988503981
0.194441430245613 -0.34365251357475207 0.91304203212119384 -0.10222390961898567
-0.055236735671936599 -0.26762566909312263 0.19444143024561311 -0.94208170265577329
0.00000000018448648164692827 0.8498641817306406 0.50905427333623454 -0.13636208934092112
-0.87890385204834376 -0.046987173762562673 0.19444143054411872 0.43302742920552029
0.19444143024561295 -0.94208170265577373 0.055236735671936377 0.26762566909312269
-0.59842918908102183 -0.29666533951368385 0.31461284314303045 -0.67445603334577386
-0.31461284325704963 0.14921108321512036 -0.91304203212119472 -0.21238893352404498
-0.26762566927760945 -0.8498641817306406 -0.34365251357475252 0.29666533951368379
0.79462744605870483 -0.26762566909312291 -0.33080351988503998 -0.43302742920552034
0.26762566949448696 -0.14921108321512036 0.94208170254175561 -0.13636208934092126
0.33080351988503981 0.43302742920551984 0.79462744605870461 -0.26762566909312274
-0.10222390926807097 -0.94208170265577484 0.23858599877542008 0.21238893352404498
-0.26762566927760867 -0.33080351958653387 0.79462744605870395 0.43302742931953969
-0.26762566927760867 -0.67445603316128622 -0.23858599877542019 0.64541636302807093
-0.34365251357475246 -0.46206709974010085 -0.33080351988504009 -0.74764027211165429
0.48001460291567238 -0.19444143054411889 -0.61127818277073365 -0.59842918908102161
0.48001460291567238 0.21238893352404531 -0.046987173947049543 -0.84986418173064049
0.40683036406816414 0.43302742920552073 0.74764027229614094 0.29666533951368385
0.48001460291567238 -0.11841458606248911 0.58223851223615353 -0.64541636302807104
-0.33080351958653442 0.46206709974010085 0.74764027229614094 0.34365251346073344
0.40683036406816409 -0.29666533981218945 0.43302742931953986 0.7476402721116544
-0.14921108321511961 0.74764027211165407 -0.046987173762563145 0.64541636302807104
0.21238893352404531 -0.46206709974010091 -0.6744560333457732 0.53525133847359041
0.94208170265577418 -0.11841458606248918 0.29666533951368412 -0.10222390943449963
-0.046987173762563172 0.64541636302807126 0.14921108321512008 -0.7476402721116544
0.43302742920552051 0.67445603316128688 0.13636208934092084 0.58223851253465975
-0.26762566909312296 -0.29666533981218979 0.84986418173064149 0.34365251346073378
0.33080351988503903 0.74764027211165418 -0.34365251357475307 -0.46206709974010057
0.33080351988503903 0.50905427333623465 0.72969276883322265 -0.31461284325705063
-0.23858599877541958 0.31461284314303167 0.26762566949448691 0.8789038520483432
-0.29666533981218873 0.59842918908102061 -0.67445603316128677 0.31461284325705063
0.74764027211165462 -0.31461284314303167 -0.58223851253465908 0.055236735671935919
0.11841458606248866 0.00000000018448681471383566 -0.46206709974010063 -0.8789038520483432
-0.26762566919598102 -0.87890385204834254 -0.23858599895990659 -0.31461284325705058
-0.14921108303063357 0.31461284314303167 0.21238893382255108 -0.91304203212119339
-0.23858599895990648 -0.31461284325705086 0.26762566919598096 0.8789038520483432
-0.64541636284358439 -0.5090542733362351 -0.53525133858760965 -0.19444143054411972
0.53525133858760954 0.46206709974010085 0.21238893382255108 -0.67445603316128644
-0.61127818295522107 0.74764027211165485 0.23858599895990679 0.10222390943449963
0.14921108303063368 0.29666533981218979 -0.77667994278027352 0.53525133847359097
-0.23858599895990651 -0.10222390943449944 -0.61127818295522096 0.7476402721116544
0.62746885939872421 0.64541636302807182 -0.26762566919598119 -0.34365251346073378
-0.61127818295522107 0.21238893352404487 0.62746885939872388 0.43302742920552029
-0.21238893382255153 0.046987173762562645 0.48001460280165498 0.8498641817306416
0.58223851223615286 0.64541636302806993 -0.48001460291567366 -0.11841458606248842
0.74764027229614138 -0.34365251346073405 0.33080351958653387 0.46206709974009919
0.43302742931953825 -0.74764027211165418 -0.40683036406816409 -0.29666533981219062
-0.94208170254175361 -0.1944414305441195 0.26762566927760956 0.055236735671935357
-0.33080351988504031 0.50905427333623532 -0.72969276883322198 -0.31461284325704963
-0.10222390961898575 0.91304203212119317 0.34365251357475335 -0.19444143024561195
-0.94208170254175361 -0.29666533981219034 -0.10222390961898589 0.11841458606248843
-0.10222390926807079 0.34365251346073394 -0.72969276883322187 -0.58223851253465952
-0.10222390961898573 0.11841458606248831 0.94208170254175405 0.29666533981219062
-0.79462744605870483 0.10222390943449799 -0.26762566949448724 0.53525133847359008
0.26762566949448724 0.40683036406816453 -0.72969276883322198 -0.48001460291567366
-0.10222390961898581 -0.61127818277073387 0.2385859987754187 0.74764027229614138
-0.4800146028016552 0.58223851253465975 0.64541636284358206 0.11841458606248802
0.29666533951368407 0.1022239094344975 -0.94208170265577307 -0.11841458606248802
0.84986418173063916 -0.34365251346073433 0.26762566909312285 -0.29666533981219106
-0.58223851223615275 -0.64541636302807026 0.4800146029156741 0.11841458606248807
-0.74764027229614161 0.34365251346073433 -0.33080351958653342 -0.46206709974009919
-0.43302742931953803 0.74764027211165418 0.40683036406816436 0.29666533981219106
-0.58223851223615264 -0.67445603334577386 -0.43302742931953808 0.13636208934092037
-0.029039670317703652 0.046987173762563506 -0.33080351958653331 -0.94208170265577362
-0.43302742931953803 0.13636208934092031 0.58223851223615275 0.67445603334577442
-0.61127818277073376 -0.14921108321512186 -0.72969276901770963 0.26762566909312252
-0.48001460280165442 -0.19444143024561217 0.61127818295522107 0.59842918908101939
-0.77667994278027219 -0.055236735671934628 -0.62746885939872388 0.00000000018448814698146521
0.67445603316128633 0.31461284325705041 -0.2966653398121904 -0.59842918908101939
0.58223851253465986 0.055236735671934628 0.74764027211165385 0.31461284314303056
0.46206709974009946 -0.87890385204834343 0.11841458606248785 -0.00000000018448820249261644
0.67445603316128644 0.21238893382255242 0.46206709974009941 -0.53525133858760865
-0.10222390943449811 0.23858599895990562 0.74764027211165385 0.61127818295522141
0.46206709974009946 -0.53525133858760865 -0.67445603316128677 -0.21238893382255253
0.3436525134607345 -0.26762566919597941 0.64541636302807093 -0.62746885939872388
-0.64541636302807082 -0.046987173762563478 0.74764027211165396 0.14921108321512144
0.46206709974009957 0.21238893352404542 -0.53525133847358919 -0.67445603334577442
-0.14921108303063529 0.94208170265577296 0.26762566919597974 0.13636208934092001
-0.26762566949448524 -0.14921108321512178 -0.94208170254175405 -0.13636208934092001
0.72969276883322176 -0.046987173762564116 -0.10222390961898437 -0.67445603334577431
0.00000000018448637062462581 -0.84986418173063893 0.50905427333623587 0.13636208934091998
-0.87890385204834365 0.046987173762564116 0.19444143054411861 -0.43302742920551829
-0.5984291890810195 0.29666533951368446 0.31461284314303056 0.67445603334577431
0.58223851223615297 0.67445603334577386 0.43302742931953758 -0.13636208934091998
0.029039670317703971 -0.046987173762564116 0.33080351958653353 0.9420817026557734
0.43302742931953747 -0.13636208934091992 -0.58223851223615319 -0.67445603334577442
0.61127818277073431 0.14921108321512194 0.72969276901770908 -0.26762566909312258
0.43302742931953736 0.79462744605870506 0.33080351958653237 0.26762566927760895
0.43302742931953736 0.21238893382255197 0.61127818277073442 0.62746885939872254
-0.58223851223615308 -0.53525133858760809 -0.029039670317703884 0.61127818295522163
-0.26762566949448618 0.64541636284358339 -0.34365251357475424 -0.62746885939872254
0.79462744605870528 0.53525133858760809 -0.10222390961898531 0.26762566919598019
0.72969276883322132 -0.1492110830306346 0.26762566927760917 -0.61127818295522163
-0.10222390926807072 0.21238893382255219 0.94208170254175472 0.23858599895990526
0.14921108303063424 -0.29666533981219018 -0.77667994278027241 -0.53525133847358874
0.64541636284358317 0.11841458606248757 0.48001460280165448 -0.58223851253465975
-0.21238893352404548 -0.46206709974009996 0.67445603334577375 0.53525133847358874
-0.94208170265577362 -0.11841458606248757 -0.29666533951368373 -0.10222390943449863
-0.43302742920551868 0.67445603316128677 -0.13636208934091984 0.58223851253465975
-0.21238893352404548 -0.61127818295522118 -0.43302742920551879 0.62746885939872254
-0.14921108321512133 -0.53525133858760809 -0.29666533951368373 -0.77667994278027308
0.26762566909312208 0.64541636284358395 -0.67445603334577442 -0.23858599895990526
-0.43302742920551862 0.62746885939872288 0.21238893352404553 0.61127818295522163
-0.046987173762563811 -0.21238893382255219 -0.84986418173063993 0.48001460280165464
0.9420817026557744 -0.14921108303063466 0.13636208934092006 0.26762566919598041
0.84986418173063982 -0.26762566927760872 -0.29666533951368379 -0.34365251357475396
0.26762566909312219 0.7946274460587055 0.43302742920551907 -0.33080351988503903
0.14921108321512139 0.26762566949448613 0.13636208934092006 0.94208170254175538
-0.43302742920551862 0.33080351988503898 0.26762566909312191 0.79462744605870528
0.9420817026557744 -0.10222390926807071 -0.21238893352404575 0.23858599877541858
0.2676256690931223 -0.055236735671935093 0.94208170265577396 0.19444143024561356
0.29666533951368423 -0.59842918908102072 0.67445603334577497 0.31461284314303128
0.10222390943449927 0.04698717394704921 0.67445603316128655 0.72969276901770874
0.10222390943449927 -0.29666533951368457 -0.11841458606248886 0.94208170265577273
-0.34365251346073378 -0.84986418173064004 -0.29666533981218923 -0.26762566909312319
0.10222390943449927 0.23858599895990593 -0.7476402721116544 0.61127818295521996
0.53525133847359041 -0.77667994278027241 -0.29666533981218923 -0.14921108303063421
-0.34365251346073378 -0.26762566919598091 -0.64541636302807037 -0.62746885939872366
-0.43302742920551951 -0.62746885939872343 0.21238893352404525 -0.61127818295521996
-0.29666533951368446 0.77667994278027241 0.1492110832151203 -0.53525133858760909
0.21238893352404536 -0.61127818295522041 0.4330274292055194 0.62746885939872377
-0.84986418173064027 -0.48001460280165503 0.046987173762562923 -0.21238893382255097
0.72969276883322209 0.31461284325704875 -0.33080351988503942 0.50905427333623532
0.26762566949448607 -0.87890385204834365 0.23858599877541947 0.31461284314302973
0.72969276883322221 0.58223851253465841 -0.10222390926807136 0.34365251346073422
0.26762566927760978 -0.67445603316128766 0.23858599877541947 0.64541636302806937
0.26762566949448607 -0.53525133847359041 -0.7946274460587045 0.10222390943449788
0.72969276883322198 0.48001460291567355 0.26762566949448596 0.4068303640681642
0.94208170254175494 0.029039670317703901 0.3308035198850397 0.046987173947049765
-0.3308035198850382 -0.50905427333623521 -0.72969276883322243 0.31461284325704958
0.23858599877541936 -0.31461284314303112 -0.26762566949448552 -0.8789038520483432
0.29666533981218851 -0.59842918908101972 0.67445603316128722 -0.31461284325704958
-0.74764027211165507 0.31461284314303112 0.58223851253465808 -0.055236735671935003
-0.11841458606248828 -0.00000000018448603755771842 0.46206709974009952 0.8789038520483432
0.26762566919598096 0.87890385204834265 0.23858599895990545 0.31461284325704958
0.14921108303063477 -0.31461284314303112 -0.21238893382255064 0.91304203212119284
0.2385859989599054 0.31461284325704969 -0.26762566919598096 -0.8789038520483432
0.64541636284358395 0.50905427333623565 0.5352513385876092 0.19444143054411855
0.53525133858760776 0.58223851223615353 -0.61127818295522074 0.029039670317702403
0.53525133858760776 0.79462744605870439 0.26762566919598152 -0.10222390961898592
0.21238893382255081 -0.10222390926806967 0.23858599895990559 0.94208170254175461
-0.74764027229613961 -0.34365251346073489 -0.33080351958653387 0.46206709974010041
-0.046987173947050653 -0.1022239094344998 -0.72969276901770841 -0.67445603316128733
-0.74764027229613961 0.23858599877541936 -0.61127818277073465 0.10222390961898592
0.58223851223615442 0.10222390926806967 -0.72969276901770841 -0.34365251357475307
-0.046987173947050653 0.33080351988503875 0.029039670317702635 -0.94208170254175461
0.29666533981218879 -0.94208170254175427 -0.11841458606248781 -0.10222390961898592
-0.34365251346073483 -0.10222390926806967 0.58223851253465853 -0.72969276883322265
-0.64541636302807059 0.23858599877541947 -0.67445603316128777 -0.26762566927760834
-0.11841458606248759 -0.10222390961898584 -0.29666533981218901 0.94208170254175461
-0.10222390943449944 -0.79462744605870506 -0.53525133847358985 -0.26762566949448635
0.74764027211165518 0.33080351988503909 -0.46206709974010052 -0.34365251357475357
-0.23858599895990518 -0.94208170254175394 0.21238893382255175 -0.10222390926807007
-0.23858599895990518 -0.67445603334577331 -0.64541636284358384 -0.26762566909312158
0.26762566919598052 0.13636208934091953 0.14921108303063416 -0.94208170265577351
0.33080351988503859 -0.43302742920551929 0.79462744605870461 0.26762566909312158
-0.94208170254175461 -0.13636208934091953 0.26762566949448613 0.14921108321512075
-0.2385859987754187 0.21238893352404553 -0.10222390926806996 0.94208170265577351
0.19444143024561372 0.94208170265577329 0.055236735671935447 -0.26762566909312152
0.50905427333623487 0.13636208934091948 -0.00000000018448648164692827 0.84986418173064004
0.055236735671935183 -0.26762566909312163 -0.19444143024561367 -0.94208170265577351
0.31461284314303145 0.67445603334577409 0.59842918908102027 -0.29666533951368373
-0.59842918908102027 0.10222390926806965 -0.0000000001844865371580795 0.79462744605870461
0.19444143054411933 -0.94208170254175505 -0.055236735671935502 0.26762566927760834
-0.50905427333623543 -0.33080351988503909 0.31461284325705052 -0.72969276883322332
0.055236735671935225 -0.26762566927760822 0.19444143054411916 -0.94208170254175461
-0.91304203212119361 -0.10222390961898595 0.19444143024561383 0.34365251357475357
0.19444143054411922 -0.34365251346073422 -0.91304203212119317 -0.10222390943449955
0.00000000018448659266923073 0.11841458606248856 -0.87890385204834409 -0.46206709974010074
-0.8498641817306396 -0.046987173947049488 -0.21238893352404409 -0.48001460291567349
0.29666533951368323 0.74764027229614183 -0.43302742920551951 -0.4068303640681632
-0.8498641817306396 -0.00000000018448720329189428 0.13636208934092101 -0.50905427333623421
0.046987173762562312 0.87890385204834298 -0.43302742920551951 -0.19444143054411883
0.29666533951368323 0.59842918908102105 0.67445603334577364 -0.31461284314302979
-0.84986418173063982 -0.26762566927760956 0.29666533951368318 -0.34365251357475257
-0.26762566909312246 0.79462744605870417 -0.43302742920551962 -0.33080351988504009
0.29666533951368312 -0.34365251357475285 0.84986418173063993 0.26762566927760978
-0.94208170265577396 -0.10222390926807104 0.21238893352404425 0.23858599877541958
-0.5352513385876102 -0.58223851223615186 0.61127818295521996 -0.029039670317703638
0.91304203212119273 0.40683036406816336 -0.00000000018448748084765043 0.029039670317703638
0.19444143054411916 -0.48001460291567455 0.59842918908102072 0.61127818277073254
0.91304203212119261 0.21238893382255097 0.31461284314302973 0.14921108303063368
-0.19444143024561222 -0.48001460280165498 0.59842918908102072 0.61127818295522007
0.19444143054411911 -0.5352513385876102 -0.50905427333623499 0.6454163628435825
0.91304203212119284 -0.10222390943449816 0.194441430544119 0.34365251346073289
-0.3146128432570493 -0.67445603316128666 0.59842918908102072 0.29666533981219007
0.19444143054411916 0.34365251346073339 -0.91304203212119317 0.10222390943449797
0.87890385204834365 -0.4620670997400993 0.0000000001844874253364992 -0.11841458606248947
-0.00000000018448720329189428 -0.79462744605870406 0.59842918908102061 0.1022239092680709
0.19444143054411922 0.94208170254175405 -0.055236735671935371 -0.26762566927760989
0.62746885939872421 -0.00000000018448748084765043 -0.7766799427802713 -0.055236735671935162
-0.74764027211165429 -0.31461284314302984 0.58223851253465897 0.055236735671935162
-0.64541636302807004 0.50905427333623554 -0.53525133847359041 -0.19444143024561228
-0.74764027211165418 -0.61127818295522007 -0.10222390943449808 0.23858599895990582
-0.29666533981219023 0.1492110830306346 -0.53525133847359041 -0.77667994278027186
-0.64541636302807004 0.62746885939872432 0.34365251346073383 -0.26762566919597991
-0.7476402721116544 -0.14921108321512089 -0.64541636302806982 -0.046987173762562839
-0.67445603316128722 0.43302742920551895 -0.58223851253465952 0.13636208934092153
0.11841458606248882 -0.10222390961898567 0.29666533981219018 0.94208170254175472
0.53525133847359097 -0.26762566949448713 -0.10222390943449816 0.79462744605870528
-0.10222390943449958 -0.23858599895990618 0.7476402721116544 -0.61127818295521963
-0.53525133847359085 0.77667994278027219 0.2966653398121889 0.14921108303063391
0.34365251346073328 0.26762566919598124 0.64541636302807037 0.62746885939872388
0.43302742920551984 0.4068303640681627 0.29666533951368423 0.74764027229614116
0.43302742920551984 0.19444143054411767 0.046987173762562451 0.87890385204834276
-0.21238893352404503 -0.91304203212119361 -0.14921108321511994 0.31461284325704847
0.43302742920551984 0.33080351988503914 -0.26762566909312324 0.7946274460587035
0.13636208934092153 -0.9420817025417545 -0.14921108321511994 0.26762566949448585
-0.21238893352404509 -0.23858599877542036 -0.94208170265577329 -0.10222390926807133
0.43302742920551984 0.62746885939872366 -0.21238893352404492 0.61127818295521963
0.29666533951368435 -0.77667994278027219 -0.14921108321511989 0.53525133858760954
-0.21238893352404503 0.61127818295522007 -0.43302742920551973 -0.62746885939872388
0.84986418173064049 0.48001460280165487 -0.046987173762562534 0.21238893382255053
-0.46206709974010035 0.33080351958653392 -0.34365251346073283 -0.74764027229614083
0.67445603316128611 0.72969276901770996 -0.10222390943449911 -0.046987173947049488
-0.46206709974010035 0.21238893352404442 0.53525133847359008 -0.67445603334577287
-0.11841458606248949 0.94208170265577329 -0.10222390943449911 0.29666533951368357
0.67445603316128599 0.43302742920551995 0.58223851253465964 0.13636208934092109
0.43302742931953936 -0.19444143024561317 0.046987173947049155 0.8789038520483422
-0.40683036406816325 -0.91304203212119339 -0.029039670317702333 0.00000000018448659266923073
-0.58223851223615286 -0.055236735671936946 -0.74764027229614138 0.31461284325704969
0.43302742931953947 0.13636208934092101 -0.58223851223615253 0.67445603334577287
0.33080351958653414 -0.94208170265577329 -0.029039670317702278 -0.046987173762562479
-0.58223851223615286 0.67445603334577342 -0.43302742931953936 -0.13636208934092101
0.7296927690177103 0.26762566909312269 -0.6112781827707332 0.14921108321512025
-0.59842918908102127 -0.61127818277073254 0.1944414305441185 -0.48001460291567355
-0.59842918908102127 -0.61127818295521907 -0.19444143024561295 -0.48001460280165453
-0.00000000018448659266923073 0.62746885939872454 -0.055236735671936682 -0.77667994278027153
-0.59842918908102127 -0.29666533981218896 -0.31461284325704908 -0.67445603316128622
0.31461284314303023 0.74764027211165507 -0.055236735671936682 -0.58223851253465853
-0.00000000018448659266923073 0.1184145860624901 0.87890385204834287 -0.46206709974009974
-0.59842918908102127 -0.10222390926807048 -0.00000000018448659266923073 -0.79462744605870306
-0.91304203212119384 0.10222390961898567 0.194441430245613 -0.34365251357475207
-0.19444143024561311 0.94208170265577329 -0.055236735671936599 -0.26762566909312263
-0.50905427333623454 0.13636208934092112 0.00000000018448648164692827 0.8498641817306406
-0.19444143054411872 -0.43302742920552029 -0.87890385204834376 -0.046987173762562673
-0.00000000018448664818038196 -0.84986418173064004 -0.50905427333623443 0.13636208934092103
-0.31461284314303045 0.67445603334577386 -0.59842918908102183 -0.29666533951368385
0.34365251357475252 -0.29666533951368379 -0.26762566927760945 -0.8498641817306406
-0.23858599877542008 -0.21238893352404498 -0.10222390926807097 -0.94208170265577484
-0.10222390926806932 -0.58223851223615319 0.34365251357475213 0.72969276901770919
-0.79462744605870395 -0.43302742931953969 -0.26762566927760867 -0.33080351958653387
-0.10222390926806932 -0.34365251346073306 -0.72969276883322243 0.58223851253465897
0.23858599877542019 -0.64541636302807093 -0.26762566927760867 -0.67445603316128622
-0.79462744605870395 -0.10222390943449958 -0.26762566949448763 -0.53525133847359008
0.029039670317701525 -0.61127818295521974 -0.58223851223615319 -0.53525133858760943
0.029039670317701525 -0.00000000018448603755771842 -0.40683036406816375 -0.91304203212119273
0.61127818277073365 0.59842918908102161 0.48001460291567238 -0.19444143054411889
0.029039670317701556 0.046987173762563561 0.33080351958653409 -0.94208170265577273
0.046987173947049543 0.84986418173064049 0.48001460291567238 0.21238893352404531
0.61127818277073365 -0.14921108321511956 0.72969276901770952 0.26762566909312202
0.029039670317701539 -0.53525133847358997 0.61127818277073342 -0.58223851253465897
-0.58223851223615353 0.64541636302807104 0.48001460291567238 -0.11841458606248911
0.61127818277073365 -0.58223851253465941 -0.029039670317701799 0.53525133847359008
-0.43302742931953986 -0.7476402721116544 0.40683036406816409 -0.29666533981218945
0.046987173762563145 -0.64541636302807104 -0.14921108321511961 0.74764027211165407
0.6744560333457732 -0.53525133847359041 0.21238893352404531 -0.46206709974010091
-0.29666533951368412 0.10222390943449963 0.94208170265577418 -0.11841458606248918
-0.21238893352404531 0.46206709974010046 0.67445603334577309 -0.53525133847359019
-0.13636208934092084 -0.58223851253465975 0.43302742920552051 0.67445603316128688
0.26762566927760789 0.33080351958653376 -0.79462744605870417 -0.43302742931953864
0.26762566927760789 0.67445603316128677 0.23858599877541936 -0.64541636302807037
0.34365251357475307 0.46206709974010057 0.33080351988503903 0.74764027211165418
0.26762566927760789 -0.055236735671935877 0.94208170254175427 -0.19444143054411944
-0.72969276883322265 0.31461284325705063 0.33080351988503903 0.50905427333623465
0.34365251357475313 0.19444143024561367 0.10222390961898645 0.91304203212119273
0.1022239094344998 0.91304203212119239 -0.34365251346073361 0.19444143054411944
0.67445603316128677 -0.31461284325705063 -0.29666533981218873 0.59842918908102061
-0.343652513460734 0.19444143054411961 -0.10222390943449958 -0.91304203212119284
0.46206709974010063 0.8789038520483432 0.11841458606248866 0.00000000018448681471383566
-0.21238893382255108 0.67445603316128644 0.53525133858760954 0.46206709974010085
0.26762566919598119 0.34365251346073378 0.62746885939872421 0.64541636302807182
0.61127818277073298 0.58223851253465897 -0.029039670317703346 -0.5352513384735893
0.48001460291567366 0.11841458606248842 0.58223851223615286 0.64541636302806993
-0.029039670317703582 -0.53525133847358952 -0.6112781827707332 -0.58223851253465941
0.40683036406816409 0.29666533981219062 0.43302742931953825 -0.74764027211165418
-0.7946274460587035 -0.00000000018448781391455782 0.10222390926807068 0.59842918908101994
-0.26762566927760956 -0.055236735671935357 -0.94208170254175361 -0.1944414305441195
0.10222390926807087 0.59842918908102005 0.79462744605870417 0.00000000018448792493686028
-0.34365251357475335 0.19444143024561195 -0.10222390961898575 0.91304203212119317
0.10222390961898589 -0.11841458606248843 -0.94208170254175361 -0.29666533981219034
0.10222390926807087 -0.34365251346073405 0.72969276883322154 0.58223851253465941
-0.14921108303063471 0.29666533981219095 0.7766799427802713 0.53525133847358908
-0.64541636284358206 -0.11841458606248802 -0.4800146028016552 0.58223851253465975
0.21238893352404509 0.46206709974009874 -0.67445603334577364 -0.53525133847358908
0.94208170265577307 0.11841458606248802 0.29666533951368407 0.1022239094344975
0.43302742920551779 -0.67445603316128655 0.13636208934092089 -0.58223851253465975
-0.61127818277073298 -0.5822385125346593 0.029039670317703631 0.53525133847358919
-0.4800146029156741 -0.11841458606248807 -0.58223851223615275 -0.64541636302807026
0.029039670317703929 0.53525133847358919 0.61127818277073331 0.58223851253465975
-0.40683036406816436 -0.29666533981219106 -0.43302742931953803 0.74764027211165418
-0.14921108303063377 -0.31461284314303045 0.21238893382255236 0.91304203212119184
-0.61127818295522107 -0.59842918908101939 -0.48001460280165442 -0.19444143024561217
-0.64541636284358217 0.50905427333623543 -0.53525133858760898 0.19444143054412039
0.34365251346073383 0.19444143054412016 0.10222390943449808 -0.91304203212119173
0.2966653398121904 0.59842918908101939 0.67445603316128633 0.31461284325705041
0.10222390943449783 -0.91304203212119217 -0.34365251346073417 -0.19444143054412039
-0.11841458606248785 0.00000000018448820249261644 0.46206709974009946 -0.87890385204834343
-0.46206709974009941 0.53525133858760865 0.67445603316128644 0.21238893382255242
0.10222390943449799 -0.23858599895990529 -0.74764027211165351 -0.61127818295522107
0.23858599895990423 0.67445603334577364 0.64541636284358272 0.2676256690931223
-0.26762566919597974 -0.13636208934092001 -0.14921108303063529 0.94208170265577296
-0.33080351988503837 0.43302742920551796 -0.7946274460587045 -0.26762566909312224
0.94208170254175405 0.13636208934092001 -0.26762566949448524 -0.14921108321512178
0.23858599877541792 -0.21238893352404592 0.10222390926807116 -0.94208170265577307
-0.19444143024561317 -0.94208170265577251 -0.055236735671934295 0.26762566909312224
-0.50905427333623587 -0.13636208934091998 0.00000000018448637062462581 -0.84986418173063893
-0.055236735671934087 0.26762566909312241 0.19444143024561328 0.94208170265577307
-0.31461284314303056 -0.67445603334577431 -0.5984291890810195 0.29666533951368446
0.72969276901770785 0.34365251357475446 0.58223851223615253 0.10222390926807021
-0.33080351958653237 -0.26762566927760895 0.43302742931953736 0.79462744605870506
0.72969276901770785 -0.26762566919597996 0.40683036406816558 0.48001460280165392
-0.61127818277073442 -0.62746885939872254 0.43302742931953736 0.21238893382255197
-0.33080351958653231 -0.23858599895990507 -0.48001460291567372 0.77667994278027264
-0.33080351988503892 0.77667994278027219 0.23858599877541786 -0.48001460280165387
0.34365251357475424 0.62746885939872254 -0.26762566949448618 0.64541636284358339
0.10222390961898531 -0.26762566919598019 0.79462744605870528 0.53525133858760809
0.23858599877541753 -0.48001460280165431 0.33080351988503925 -0.77667994278027264
-0.26762566927760917 0.61127818295522163 0.72969276883322132 -0.1492110830306346
-0.94208170254175472 -0.23858599895990526 -0.10222390926807072 0.21238893382255219
-0.23858599895990526 0.10222390943449852 -0.61127818295522096 -0.74764027211165285
0.77667994278027241 0.53525133847358874 0.14921108303063424 -0.29666533981219018
0.26762566919597935 -0.34365251346073433 0.62746885939872277 -0.64541636302807071
-0.046987173762563811 -0.64541636302807048 0.14921108321512114 0.74764027211165307
-0.67445603334577375 -0.53525133847358874 -0.21238893352404548 -0.46206709974009996
0.14921108321512147 0.74764027211165329 0.046987173762563894 0.64541636302807071
0.13636208934091984 -0.58223851253465975 -0.43302742920551868 0.67445603316128677
0.43302742920551879 -0.62746885939872254 -0.21238893352404548 -0.61127818295522118
0.29666533951368373 0.77667994278027308 -0.14921108321512133 -0.53525133858760809
0.67445603334577442 0.23858599895990526 0.26762566909312208 0.64541636284358395
0.14921108321512158 0.53525133858760776 0.29666533951368357 0.77667994278027264
0.84986418173063993 -0.48001460280165464 -0.046987173762563811 -0.21238893382255219
0.29666533951368379 0.34365251357475396 0.84986418173063982 -0.26762566927760872
0.21238893352404575 -0.23858599877541858 0.9420817026557744 -0.10222390926807071
0.4620670997400998 -0.33080351958653453 0.34365251346073344 0.74764027229613983
-0.67445603316128655 -0.72969276901770874 0.10222390943449927 0.04698717394704921
0.46206709974009974 -0.21238893352404564 -0.53525133847358997 0.67445603334577242
0.11841458606248886 -0.94208170265577273 0.10222390943449927 -0.29666533951368457
-0.67445603316128655 -0.43302742920551962 -0.58223851253465853 -0.13636208934092087
0.46206709974009974 0.53525133858760876 -0.67445603316128622 0.21238893382255053
0.7476402721116544 -0.61127818295521996 0.10222390943449927 0.23858599895990593
-0.67445603316128666 0.21238893382255086 -0.46206709974009985 -0.53525133858760876
0.64541636302807037 0.62746885939872366 -0.34365251346073378 -0.26762566919598091
0.94208170254175361 0.19444143054411839 -0.26762566927760939 -0.055236735671935142
0.33080351988503942 -0.50905427333623532 0.72969276883322209 0.31461284325704875
0.1022239096189847 -0.91304203212119295 -0.3436525135747529 0.1944414302456125
0.94208170254175361 0.29666533981218968 0.10222390961898467 -0.11841458606248854
0.7946274460587045 -0.10222390943449788 0.26762566949448607 -0.53525133847359041
-0.26762566927760789 0.055236735671934989 -0.94208170254175405 0.19444143054411822
0.72969276883322243 -0.31461284325704958 -0.3308035198850382 -0.50905427333623521
-0.34365251357475318 -0.19444143024561378 -0.10222390961898503 -0.91304203212119239
-0.10222390943449919 -0.91304203212119184 0.34365251346073417 -0.19444143054411833
-0.67445603316128722 0.31461284325704958 0.29666533981218851 -0.59842918908101972
0.34365251346073467 -0.19444143054411844 0.10222390943449894 0.91304203212119228
-0.46206709974009952 -0.8789038520483432 -0.11841458606248828 -0.00000000018448603755771842
0.62746885939872166 0.61127818277073431 -0.21238893382255064 -0.43302742931953819
0.61127818295522074 -0.029039670317702403 0.53525133858760776 0.58223851223615353
0.62746885939872177 0.3436525135747529 0.64541636284358428 -0.26762566949448607
-0.26762566919598152 0.10222390961898592 0.53525133858760776 0.79462744605870439
0.61127818295522074 -0.26762566927760806 -0.14921108303063363 0.72969276883322198
-0.480014602915672 0.11841458606248725 -0.58223851223615364 0.64541636302807004
0.33080351958653387 -0.46206709974010041 -0.74764027229613961 -0.34365251346073489
-0.40683036406816531 0.29666533981218879 -0.43302742931953814 -0.74764027211165374
-0.48001460291567205 0.72969276883322198 -0.40683036406816486 0.26762566949448607
0.61127818277073465 -0.10222390961898592 -0.74764027229613961 0.23858599877541936
-0.40683036406816536 0.26762566949448624 0.48001460291567249 -0.72969276883322198
-0.029039670317702635 0.94208170254175461 -0.046987173947050653 0.33080351988503875
0.11841458606248781 0.10222390961898592 0.29666533981218879 -0.94208170254175427
-0.58223851253465853 0.72969276883322265 -0.34365251346073483 -0.10222390926806967
0.67445603316128777 0.26762566927760834 -0.64541636302807059 0.23858599877541947
0.34365251346073483 0.10222390926806975 -0.58223851253465841 0.72969276883322198
0.53525133847358985 0.26762566949448635 -0.10222390943449944 -0.79462744605870506
-0.53525133858760743 -0.79462744605870439 -0.2676256691959803 0.10222390961898575
-0.21238893382255175 0.10222390926807007 -0.23858599895990518 -0.94208170254175394
-0.53525133858760743 -0.14921108321512053 -0.77667994278027241 -0.29666533951368323
0.64541636284358384 0.26762566909312158 -0.23858599895990518 -0.67445603334577331
-0.21238893382255175 -0.046987173762564116 0.48001460280165376 -0.8498641817306396
0.26762566927760795 -0.84986418173063927 0.34365251357475335 0.29666533951368323
-0.79462744605870461 -0.26762566909312158 0.33080351988503859 -0.43302742920551929
0.34365251357475374 0.2966653395136834 -0.26762566927760822 0.8498641817306396
0.10222390926806996 -0.94208170265577351 -0.2385859987754187 0.21238893352404553
0.0000000001844865371580795 -0.79462744605870461 -0.59842918908102027 0.10222390926806965
-0.19444143024561383 -0.34365251357475357 -0.91304203212119361 -0.10222390961898595
-0.94208170265577262 0.33080351958653331 -0.046987173762562257 -0.029039670317702538
0.21238893352404409 0.48001460291567349 -0.8498641817306396 -0.046987173947049488
0.2676256690931223 0.72969276901770974 0.14921108321512061 -0.6112781827707322
-0.94208170265577262 0.19444143024561217 0.26762566909312219 0.055236735671936335
-0.13636208934092101 0.50905427333623421 -0.8498641817306396 -0.00000000018448720329189428
0.2676256690931223 0.055236735671936141 0.94208170265577318 -0.19444143024561228
-0.67445603334577364 0.31461284314302979 0.29666533951368323 0.59842918908102105
-0.29666533951368318 0.34365251357475257 -0.84986418173063982 -0.26762566927760956
0.2676256690931223 -0.79462744605870395 0.43302742920551907 0.33080351988503992
-0.62746885939872388 -0.61127818277073198 0.21238893382255131 0.43302742931953819
-0.61127818295521996 0.029039670317703638 -0.5352513385876102 -0.58223851223615186
0.87890385204834232 0.046987173947049932 0.19444143024561206 -0.43302742931953819
0.00000000018448748084765043 -0.029039670317703638 0.91304203212119273 0.40683036406816336
0.31461284325704908 -0.74764027229614183 0.055236735671935613 0.58223851223615186
0.87890385204834232 -0.26762566919597991 0.31461284325704902 -0.23858599895990676
-0.31461284314302973 -0.14921108303063368 0.91304203212119261 0.21238893382255097
0.31461284325704914 -0.23858599895990673 -0.87890385204834287 0.26762566919597969
0.50905427333623499 -0.6454163628435825 0.19444143054411911 -0.5352513385876102
-0.194441430544119 -0.34365251346073289 0.91304203212119284 -0.10222390943449816
0.31461284325704919 0.67445603316128633 -0.59842918908102016 -0.29666533981219018
0.48001460280165476 0.19444143024561217 -0.61127818295521974 -0.59842918908101972
0.7766799427802713 0.055236735671935162 0.62746885939872421 -0.00000000018448748084765043
-0.67445603316128633 -0.3146128432570493 0.29666533981218995 0.59842918908101972
-0.58223851253465897 -0.055236735671935162 -0.74764027211165429 -0.31461284314302984
-0.46206709974009885 0.87890385204834309 -0.11841458606248884 0.00000000018448753635880166
-0.67445603316128611 -0.21238893382255108 -0.4620670997400988 0.53525133858760887
-0.34365251346073383 0.26762566919597991 -0.64541636302807004 0.62746885939872432
-0.46206709974009991 -0.53525133858760898 0.67445603316128599 -0.21238893382255003
-0.7476402721116544 0.61127818295521963 -0.10222390943449958 -0.23858599895990618
0.67445603316128644 -0.21238893382255047 0.46206709974009991 0.53525133858760909
-0.64541636302807037 -0.62746885939872388 0.34365251346073328 0.26762566919598124
0.84986418173063938 0.046987173947048377 0.21238893352404487 0.48001460291567294
-0.29666533951368423 -0.74764027229614116 0.43302742920551984 0.4068303640681627
0.84986418173063938 0.00000000018448598204656719 -0.13636208934092159 0.50905427333623376
-0.046987173762562451 -0.87890385204834276 0.43302742920551984 0.19444143054411767
-0.29666533951368412 -0.59842918908102116 -0.67445603334577264 0.31461284314302967
0.84986418173063938 0.26762566927760911 -0.29666533951368401 0.34365251357475168
0.94208170265577329 0.10222390926807133 -0.21238893352404509 -0.23858599877542036
-0.64541636302807059 0.58223851223615253 0.11841458606248929 -0.48001460291567233
0.34365251346073283 0.74764027229614083 -0.46206709974010035 0.33080351958653392
0.74764027211165363 0.43302742931953958 0.29666533981218973 -0.40683036406816353
-0.64541636302807059 0.046987173762562479 0.74764027211165318 -0.14921108321511978
-0.53525133847359008 0.67445603334577287 -0.46206709974010035 0.21238893352404442
0.74764027211165351 -0.14921108321512011 0.64541636302807082 -0.046987173762562673
-0.58223851253465964 -0.13636208934092109 0.67445603316128599 0.43302742920551995
0.72969276901770919 -0.31461284314303034 -0.33080351958653387 0.5090542733362331
-0.046987173947049155 -0.8789038520483422 0.43302742931953936 -0.19444143024561317
-0.33080351958653376 0.50905427333623365 -0.72969276901770963 0.31461284314303051
0.74764027229614138 -0.31461284325704969 -0.58223851223615286 -0.055236735671936946
0.58223851223615253 -0.67445603334577287 0.43302742931953947 0.13636208934092101
-0.33080351958653376 0.94208170265577307 0.029039670317702528 0.046987173762562728
-0.91304203212119284 -0.40683036406816275 0.0000000001844865371580795 -0.029039670317702729
-0.1944414305441185 0.48001460291567355 -0.59842918908102127 -0.61127818277073254
-0.91304203212119273 -0.21238893382254992 -0.31461284314303006 -0.14921108303063316
0.19444143024561295 0.48001460280165453 -0.59842918908102127 -0.61127818295521907
-0.19444143054411861 0.5352513385876102 0.50905427333623399 -0.64541636284358317
-0.91304203212119284 0.10222390943449911 -0.19444143054411839 -0.34365251346073239
-0.87890385204834287 0.46206709974009974 -0.00000000018448659266923073 0.1184145860624901
0.055236735671936599 0.26762566909312263 -0.19444143024561311 0.94208170265577329
0.59842918908102183 0.29666533951368385 -0.31461284314303045 0.67445603334577386
0.102223909618987 -0.61127818277073342 -0.23858599877541986 0.74764027229613983
-0.34365251357475213 -0.72969276901770919 -0.10222390926806932 -0.58223851223615319
-0.94208170254175383 0.029039670317701591 -0.33080351988503987 0.046987173947050209
0.102223909618987 0.1184145860624891 -0.94208170254175339 0.29666533981218896
0.72969276883322243 -0.58223851253465897 -0.10222390926806932 -0.34365251346073306
-0.94208170254175383 0.29666533981218929 -0.10222390961898684 -0.11841458606248885
0.26762566949448763 0.53525133847359008 -0.79462744605870395 -0.10222390943449958
-0.43302742931953947 -0.21238893382254981 -0.61127818277073309 -0.62746885939872254
0.58223851223615319 0.53525133858760943 0.029039670317701525 -0.61127818295521974
-0.43302742931953941 0.19444143024561417 -0.046987173947049488 -0.87890385204834132
0.40683036406816375 0.91304203212119273 0.029039670317701525 -0.00000000018448603755771842
0.58223851223615308 0.055236735671937071 0.74764027229614027 -0.31461284325705019
-0.43302742931953941 -0.13636208934092006 0.58223851223615286 -0.67445603334577198
-0.72969276901770952 -0.26762566909312202 0.61127818277073365 -0.14921108321511956
-0.61127818277073342 0.58223851253465897 0.029039670317701539 -0.53525133847358997
0.58223851223615308 -0.64541636302807071 -0.48001460291567233 0.11841458606248888
0.14921108321511961 -0.74764027211165407 0.046987173762563145 -0.64541636302807104
-0.43302742920552051 -0.67445603316128688 -0.13636208934092084 -0.58223851253465975
0.10222390926806924 0.58223851223615353 -0.34365251357475279 -0.72969276901770808
0.79462744605870417 0.43302742931953864 0.26762566927760789 0.33080351958653376
0.10222390926806921 0.34365251346073411 0.72969276883322187 -0.5822385125346583
-0.23858599877541936 0.64541636302807037 0.26762566927760789 0.67445603316128677
0.79462744605870417 0.10222390943449955 0.26762566949448674 0.53525133847358919
0.10222390926806919 -0.59842918908102005 0.79462744605870361 -0.00000000018448681471383566
-0.94208170254175427 0.19444143054411944 0.26762566927760789 -0.055236735671935877
0.79462744605870428 -0.00000000018448675920268442 -0.1022239092680693 0.59842918908102005
-0.10222390961898645 -0.91304203212119273 0.34365251357475313 0.19444143024561367
-0.10222390926807068 -0.59842918908101994 -0.7946274460587035 -0.00000000018448781391455782
0.26762566927760967 0.0552367356719351 0.94208170254175327 0.19444143054411955
0.23858599895990534 -0.1022239094344973 0.61127818295522041 0.74764027211165307
-0.7766799427802713 -0.53525133847358908 -0.14921108303063471 0.29666533981219095
-0.26762566919597863 0.34365251346073394 -0.62746885939872354 0.64541636302806982
0.046987173762563034 0.64541636302806948 -0.14921108321512166 -0.74764027211165307
0.67445603334577364 0.53525133847358908 0.21238893352404509 0.46206709974009874
-0.14921108321512211 -0.7476402721116534 -0.046987173762563089 -0.64541636302806982
-0.13636208934092089 0.58223851253465975 0.43302742920551779 -0.67445603316128655
0.23858599895990604 -0.31461284325705019 -0.2676256691959788 0.87890385204834187
-0.21238893382255236 -0.91304203212119184 -0.14921108303063377 -0.31461284314303045
-0.26762566919597874 0.87890385204834232 -0.23858599895990587 0.31461284325705036
0.53525133858760898 -0.19444143054412039 -0.64541636284358217 0.50905427333623543
-0.10222390943449808 0.91304203212119173 0.34365251346073383 0.19444143054412016
-0.29666533981219068 -0.59842918908101894 -0.67445603316128611 -0.3146128432570503
0.5352513385876071 0.14921108321512164 0.77667994278027164 0.2966653395136839
-0.64541636284358272 -0.2676256690931223 0.23858599895990423 0.67445603334577364
0.21238893382255203 0.046987173762564033 -0.4800146028016547 0.84986418173063827
-0.26762566927760856 0.84986418173063805 -0.34365251357475374 -0.2966653395136839
0.7946274460587045 0.26762566909312224 -0.33080351988503837 0.43302742920551796
-0.34365251357475429 -0.29666533951368407 0.26762566927760867 -0.84986418173063827
-0.10222390926807116 0.94208170265577307 0.23858599877541792 -0.21238893352404592
0.74764027229613994 -0.2385859987754172 0.61127818277073376 -0.10222390961898586
-0.58223851223615253 -0.10222390926807021 0.72969276901770785 0.34365251357475446
0.046987173947051875 -0.33080351988503925 -0.02903967031770386 0.94208170254175339
0.74764027229613972 -0.64541636284358284 0.046987173947051708 0.14921108303063416
-0.40683036406816558 -0.48001460280165392 0.72969276901770785 -0.26762566919597996
0.046987173947051986 0.14921108303063443 -0.74764027229614027 0.64541636284358295
0.48001460291567372 -0.77667994278027264 -0.33080351958653231 -0.23858599895990507
-0.23858599877541786 0.48001460280165387 -0.33080351988503892 0.77667994278027219
0.26762566949448618 -0.64541636284358339 0.34365251357475424 0.62746885939872254
-0.79462744605870528 -0.53525133858760809 0.10222390961898531 -0.26762566919598019
-0.3436525135747544 -0.62746885939872221 0.26762566949448585 -0.64541636284358284
-0.72969276883322132 0.1492110830306346 -0.26762566927760917 0.61127818295522163
-0.53525133858760787 0.46206709974009941 -0.21238893382255208 -0.67445603316128566
0.61127818295522096 0.74764027211165285 -0.23858599895990526 0.10222390943449852
-0.21238893382255236 -0.67445603316128622 0.53525133858760787 -0.46206709974009963
-0.62746885939872277 0.64541636302807071 0.26762566919597935 -0.34365251346073433
0.21238893352404548 0.61127818295522118 0.43302742920551879 -0.62746885939872254
0.046987173762563811 0.21238893382255219 0.84986418173063993 -0.48001460280165464
0.64541636302806948 -0.5822385122361533 -0.11841458606248878 0.48001460291567205
-0.34365251346073344 -0.74764027229613983 0.4620670997400998 -0.33080351958653453
-0.74764027211165396 -0.43302742931953847 -0.29666533981218896 0.40683036406816375
0.64541636302806948 -0.046987173762563311 -0.74764027211165374 0.14921108321511967
0.53525133847358997 -0.67445603334577242 0.46206709974009974 -0.21238893352404564
-0.74764027211165396 0.14921108321512008 -0.64541636302806971 0.04698717376256345
0.58223851253465853 0.13636208934092087 -0.67445603316128655 -0.43302742920551962
0.79462744605870328 0.00000000018448675920268442 -0.10222390926807112 -0.59842918908101961
0.3436525135747529 -0.1944414302456125 0.1022239096189847 -0.91304203212119295
-0.10222390926807007 0.59842918908101927 -0.79462744605870361 0.00000000018448576000196226
0.94208170254175405 -0.19444143054411822 -0.26762566927760789 0.055236735671934989
-0.79462744605870406 0.00000000018448598204656719 0.10222390926807025 -0.59842918908101927
0.10222390961898503 0.91304203212119239 -0.34365251357475318 -0.19444143024561378
0.48001460280165287 0.4068303640681652 0.26762566919598124 -0.72969276901770752
0.21238893382255064 0.43302742931953819 0.62746885939872166 0.61127818277073431
0.77667994278027241 -0.48001460291567216 0.23858599895990548 0.33080351958653298
0.48001460280165287 -0.23858599877541914 0.77667994278027219 -0.33080351988503831
-0.64541636284358428 0.26762566949448607 0.62746885939872177 0.3436525135747529
0.77667994278027264 -0.33080351988503864 -0.48001460280165326 0.23858599877541886
0.14921108303063363 -0.72969276883322198 0.61127818295522074 -0.26762566927760806
-0.029039670317702292 0.5352513384735883 -0.61127818277073409 0.58223851253465786
0.43302742931953814 0.74764027211165374 -0.40683036406816531 0.29666533981218879
0.40683036406816486 -0.26762566949448607 -0.48001460291567205 0.72969276883322198
-0.61127818277073454 0.10222390961898581 0.74764027229613939 -0.23858599877541892
-0.29666533981218879 0.94208170254175427 0.11841458606248781 0.10222390961898592
0.10222390943449944 0.79462744605870506 0.53525133847358985 0.26762566949448635
-0.62746885939872143 -0.34365251357475357 -0.64541636284358317 0.26762566949448602
0.2676256691959803 -0.10222390961898575 -0.53525133858760743 -0.79462744605870439
-0.61127818295522107 0.26762566927760834 0.14921108303063399 -0.72969276883322087
-0.62746885939872143 0.43302742920551884 -0.61127818295522063 -0.21238893352404509
0.77667994278027241 0.29666533951368323 -0.53525133858760743 -0.14921108321512053
-0.61127818295522107 -0.21238893352404536 0.62746885939872188 -0.43302742920551879
-0.48001460280165376 0.8498641817306396 -0.21238893382255175 -0.046987173762564116
-0.67445603334577253 0.58223851223615153 0.13636208934092101 0.43302742931953891
0.046987173762562257 0.029039670317702538 -0.94208170265577262 0.33080351958653331
0.13636208934092089 0.43302742931953891 0.67445603334577309 -0.58223851223615175
-0.14921108321512061 0.6112781827707322 0.2676256690931223 0.72969276901770974
-0.26762566909312219 -0.055236735671936335 -0.94208170265577262 0.19444143024561217
0.13636208934092087 -0.50905427333623421 0.84986418173063927 0.00000000018448720329189428
-0.48001460280165376 -0.40683036406816286 -0.26762566919597947 0.72969276901770885
-0.21238893382255131 -0.43302742931953819 -0.62746885939872388 -0.61127818277073198
-0.77667994278027086 0.4800146029156741 -0.23858599895990723 -0.33080351958653276
0.5090542733362341 -0.33080351958653276 0.31461284314302934 -0.72969276901770874
-0.19444143024561206 0.43302742931953819 0.87890385204834232 0.046987173947049932
0.3146128431430294 -0.72969276901770908 -0.50905427333623465 0.33080351958653276
-0.055236735671935613 -0.58223851223615186 0.31461284325704908 -0.74764027229614183
-0.31461284325704902 0.23858599895990676 0.87890385204834232 -0.26762566919597991
0.3146128431430294 0.14921108303063377 -0.91304203212119228 -0.21238893382255114
0.14921108303063382 0.31461284314302962 -0.2123889338225512 -0.91304203212119184
0.61127818295521974 0.59842918908101972 0.48001460280165476 0.19444143024561217
0.64541636284358195 -0.50905427333623499 0.53525133858760943 -0.19444143054411911
-0.34365251346073322 -0.19444143054411911 -0.10222390943449802 0.91304203212119184
0.11841458606248884 -0.00000000018448753635880166 -0.46206709974009885 0.87890385204834309
0.94208170265577196 -0.33080351958653442 0.046987173762562395 0.029039670317702458
-0.21238893352404487 -0.48001460291567294 0.84986418173063938 0.046987173947048377
-0.26762566909312313 -0.72969276901770896 -0.14921108321511975 0.61127818277073243
0.94208170265577185 -0.19444143024561278 -0.26762566909312308 -0.055236735671936717
0.67445603334577264 -0.31461284314302967 -0.29666533951368412 -0.59842918908102116
-0.58223851253465875 0.61127818277073231 0.53525133847358963 -0.029039670317701639
-0.11841458606248929 0.48001460291567233 -0.64541636302807059 0.58223851223615253
0.53525133847358963 -0.02903967031770191 0.58223851253465919 -0.61127818277073276
-0.29666533981218973 0.40683036406816353 0.74764027211165363 0.43302742931953958
0.33080351958653387 -0.5090542733362331 0.72969276901770919 -0.31461284314303034
0.04698717394704946 0.87890385204834187 -0.43302742931953891 0.19444143024561295
-0.87890385204834165 -0.046987173947048905 -0.19444143024561272 0.43302742931953864
-0.0000000001844865371580795 0.029039670317702729 -0.91304203212119284 -0.40683036406816275
-0.31461284325704891 0.74764027229614105 -0.055236735671936599 -0.58223851223615242
-0.87890385204834165 0.26762566919598096 -0.31461284325704886 0.23858599895990712
-0.50905427333623399 0.64541636284358317 -0.19444143054411861 0.5352513385876102
0.26762566949448729 -0.40683036406816386 -0.72969276883322176 0.48001460291567144
0.23858599877541986 -0.74764027229613983 0.102223909618987 -0.61127818277073342
-0.72969276883322187 0.48001460291567188 -0.26762566949448741 0.40683036406816425
0.33080351988503987 -0.046987173947050209 -0.94208170254175383 0.029039670317701591
0.94208170254175339 -0.29666533981218896 0.102223909618987 0.1184145860624891
-0.72969276883322198 0.58223851253465864 0.1022239092680694 0.34365251346073322
-0.72969276901770885 0.2676256691959818 -0.40683036406816342 -0.48001460280165242
0.61127818277073309 0.62746885939872254 -0.43302742931953947 -0.21238893382254981
0.33080351958653376 0.23858599895990729 0.480014602915672 -0.77667994278027186
-0.72969276901770863 0.31461284314303123 0.33080351958653376 -0.50905427333623254
-0.74764027229614027 0.31461284325705019 0.58223851223615308 0.055236735671937071
-0.10222390961898642 0.61127818277073409 0.23858599877541919 -0.74764027229613905
0.34365251357475279 0.72969276901770808 0.10222390926806924 0.58223851223615353
0.94208170254175361 -0.029039670317702135 0.33080351988503875 -0.046987173947050709
-0.10222390961898647 -0.11841458606248775 0.94208170254175316 -0.29666533981218846
-0.26762566949448674 -0.53525133847358919 0.79462744605870417 0.10222390943449955
0.53525133858760809 -0.46206709974009808 0.21238893382255203 0.67445603316128555
-0.61127818295522041 -0.74764027211165307 0.23858599895990534 -0.1022239094344973
0.21238893382255242 0.67445603316128599 -0.53525133858760832 0.46206709974009824
0.62746885939872354 -0.64541636302806982 -0.26762566919597863 0.34365251346073394
0.2676256691959788 -0.87890385204834187 0.23858599895990604 -0.31461284325705019
0.21238893382255247 0.91304203212119117 0.14921108303063391 0.31461284314303023
0.62746885939872199 -0.4330274292055174 0.61127818295522007 0.21238893352404564
-0.77667994278027164 -0.2966653395136839 0.5352513385876071 0.14921108321512164
0.61127818295522063 0.21238893352404575 -0.62746885939872221 0.43302742920551734
0.4800146028016547 -0.84986418173063827 0.21238893382255203 0.046987173762564033
0.48001460291567277 -0.72969276883321976 0.4068303640681652 -0.26762566949448652
0.02903967031770386 -0.94208170254175339 0.046987173947051875 -0.33080351988503925
-0.046987173947051708 -0.14921108303063416 0.74764027229613972 -0.64541636284358284
0.40683036406816564 0.48001460280165376 -0.72969276901770741 0.26762566919597947
0.33080351988503892 -0.77667994278027219 -0.23858599877541786 0.48001460280165387
0.26762566927760917 -0.61127818295522163 -0.72969276883322132 0.1492110830306346
0.58223851253465764 -0.61127818277073298 -0.53525133847358952 0.029039670317702111
0.11841458606248878 -0.48001460291567205 0.64541636302806948 -0.5822385122361533
-0.53525133847358952 0.029039670317702451 -0.58223851253465808 0.6112781827707332
0.29666533981218896 -0.40683036406816375 -0.74764027211165396 -0.43302742931953847
0.14921108303063318 0.046987173947050986 0.64541636284358361 -0.74764027229613883
-0.26762566919598124 0.72969276901770752 0.48001460280165287 0.4068303640681652
0.64541636284358361 -0.74764027229613916 -0.14921108303063346 -0.046987173947051236
-0.23858599895990548 -0.33080351958653298 0.77667994278027241 -0.48001460291567216
-0.77667994278027219 0.33080351988503831 0.48001460280165287 -0.23858599877541914
0.64541636284358361 -0.26762566949448602 -0.62746885939872155 -0.34365251357475302
-0.48001460280165281 0.23858599877541786 -0.77667994278027175 0.33080351988503853
-0.14921108303063399 0.72969276883322087 -0.61127818295522107 0.26762566927760834
-0.13636208934092101 -0.43302742931953891 -0.67445603334577253 0.58223851223615153
-0.046987173762562312 -0.029039670317702718 0.9420817026557724 -0.33080351958653292
-0.14921108303063271 -0.046987173947049821 -0.64541636284358139 0.74764027229614072
0.26762566919597947 -0.72969276901770885 -0.48001460280165376 -0.40683036406816286
-0.64541636284358161 0.74764027229614105 0.14921108303063299 0.046987173947049987
0.23858599895990723 0.33080351958653276 -0.77667994278027086 0.4800146029156741
-0.31461284314302934 0.72969276901770874 0.5090542733362341 -0.33080351958653276
0.19444143024561178 -0.43302742931953769 -0.8789038520483422 -0.046987173947049987
-0.23858599895990615 0.31461284325704891 0.26762566919597941 -0.87890385204834176
-0.53525133858760943 0.19444143054411911 0.64541636284358195 -0.50905427333623499
0.67445603334577164 -0.58223851223615242 -0.13636208934092142 -0.43302742931953858
0.14921108321511975 -0.61127818277073243 -0.26762566909312313 -0.72969276901770896
-0.50905427333623299 0.33080351958653376 -0.31461284314302967 0.72969276901770863
0.055236735671936599 0.58223851223615242 -0.31461284325704891 0.74764027229614105
0.72969276883322176 -0.48001460291567144 0.26762566949448729 -0.40683036406816386
-0.23858599877541942 0.74764027229613961 -0.10222390961898678 0.6112781827707332
-0.74764027229613939 0.6454163628435835 -0.046987173947049432 -0.14921108303063182
-0.480014602915672 0.77667994278027186 0.33080351958653376 0.23858599895990729
-0.26762566949448635 0.40683036406816464 0.72969276883322132 -0.48001460291567133
-0.33080351988503875 0.046987173947050709 0.94208170254175361 -0.029039670317702135
5 284 372 395 742 869
5 83 153 1151 735 748
6 1050 984 284 384 1159 83
6 246 332 735 413 616 742
3 384 284 869
6 748 413 616 869 384 1159
3 748 735 413
6 569 372 984 1050 153 583
3 153 83 1050
3 616 869 742
3 748 83 1159
3 583 153 1151
6 569 395 246 332 1151 583
3 332 1151 735
3 372 284 984
3 395 372 569
3 246 742 395
5 55 614 434 439 252
6 941 499 1114 614 743 160
6 63 947 286 313 439 563
6 160 944 286 313 434 743
5 197 941 944 947 537
6 563 252 1132 725 537 63
3 252 55 1132
6 725 197 499 1114 55 1132
3 537 197 725
3 313 439 434
3 614 434 743
3 944 941 160
3 614 55 1114
3 439 252 563
3 499 197 941
3 947 944 286
3 63 947 537
3 894 36 908
3 1163 908 36
3 894 1163 908
3 894 36 1163
6 187 372 623 410 962 472
6 284 970 203 949 472 187
3 869 284 970
6 359 203 970 869 70 972
3 869 742 70
6 70 972 157 739 653 742
5 359 949 962 181 157
3 472 962 949
6 623 395 653 739 181 410
3 372 284 187
3 395 372 623
3 410 181 962
3 203 949 359
3 359 157 972
3 181 157 739
3 653 395 742
6 403 224 429 955 83 632
6 83 632 322 1084 599 1050
3 1199 292 265
5 1199 403 322 178 292
6 1128 466 599 1084 178 576
3 599 466 1050
3 224 1199 403
5 108 609 955 1050 466
3 83 1050 955
3 292 178 576
3 322 178 1084
6 1128 108 650 265 292 576
3 466 108 1128
3 403 322 632
6 224 1199 265 650 609 429
3 429 955 609
3 609 108 650
6 908 36 1026 974 637 986
6 986 226 1156 370 894 908
5 568 36 894 779 561
3 226 168 1156
5 168 1161 934 637 226
6 140 627 168 1156 370 779
6 18 568 1026 974 934 680
3 568 36 1026
3 370 894 779
3 1161 168 627
6 18 561 140 627 1161 680
3 568 561 18
3 637 226 986
3 934 637 974
3 140 779 561
3 1161 934 680
5 309 425 1092 691 457
5 24 1021 1173 1040 85
3 827 1173 1021
6 531 827 1021 1103 27 425
6 1157 457 882 308 85 114
6 1092 531 827 1173 241 806
3 425 309 27
6 309 882 308 24 1103 27
3 531 425 1092
6 114 1040 241 806 691 1157
3 1173 1040 241
3 1021 24 1103
3 691 457 1157
3 85 24 308
3 457 309 882
3 114 85 1040
3 1092 691 806
5 451 306 305 1191 1016
6 330 800 1016 1137 110 884
6 874 306 861 1075 20 109
6 110 1137 451 874 109 843
3 1016 451 1137
5 436 126 20 843 884
6 795 687 1191 800 330 436
3 884 843 110
3 306 305 861
6 1075 126 795 687 305 861
3 687 305 1191
3 451 306 874
3 800 1191 1016
3 126 20 1075
3 436 126 795
3 330 884 436
3 109 20 843
6 484 946 821 191 444 833
5 187 560 191 599 984
6 466 599 821 946 639 343
3 984 599 466
6 560 472 962 1043 833 444
6 343 621 623 372 984 466
5 621 410 1043 484 639
3 639 621 343
3 560 191 444
3 599 191 821
3 984 187 372
3 472 187 560
3 621 410 623
3 639 484 946
3 1043 410 962
3 833 484 1043
3 785 432 881
3 785 393 432
3 393 881 432
3 785 393 881
6 297 1017 302 783 132 782
6 788 124 562 721 504 863
6 562 127 782 297 675 721
5 132 127 124 432 881
5 502 504 675 1017 501
3 127 124 562
3 432 124 788
6 863 502 159 785 432 788
6 159 501 302 783 881 785
3 881 132 783
3 675 504 721
3 302 1017 501
3 1017 675 297
3 132 127 782
3 502 501 159
3 504 502 863
5 100 219 1112 808 757
6 496 451 722 558 54 1112
3 1112 219 54
5 722 276 170 879 874
6 496 808 1169 43 874 451
3 496 1112 808
6 879 225 1164 757 1169 43
3 808 757 1169
6 54 558 276 854 933 219
3 722 276 558
6 854 170 225 1164 100 933
3 276 170 854
3 219 100 933
3 451 874 722
3 757 100 1164
3 225 170 879
3 43 879 874
5 200 224 958 1053 479
6 1151 93 967 1053 25 1121
3 1053 958 25
3 479 200 1013
3 224 200 403
6 735 277 1013 479 967 93
3 277 748 735
6 403 200 1013 277 748 632
3 153 83 955
3 1053 479 967
3 632 83 748
3 1151 153 1121
3 1151 735 93
6 25 1121 153 955 429 958
3 429 224 958
3 250 88 352
6 1090 31 1098 212 479 981
5 227 638 935 1098 522
3 479 1013 981
6 1013 493 731 935 212 479
3 493 352 1013
5 352 1013 981 380 88
3 1098 522 31
3 212 1098 935
6 789 250 352 493 731 638
6 88 1176 174 227 789 250
6 522 174 1176 380 1090 31
3 935 638 731
3 380 88 1176
3 638 227 789
3 981 380 1090
3 522 227 174
3 255 250 88
6 1002 396 247 59 1005 196
5 175 734 943 940 196
6 607 261 604 713 734 876
6 604 255 88 1024 943 713
6 654 607 876 175 1002 396
5 250 255 261 654 247
3 196 175 1002
3 940 196 1005
6 1005 59 250 88 1024 940
3 943 734 713
3 250 247 59
3 607 261 654
3 943 940 1024
3 734 175 876
3 654 247 396
3 261 255 604
3 352 88 255
3 255 250 352
3 1180 579 155
3 1180 579 799
3 579 155 799
3 799 155 1180
5 14 824 1089 740 456
3 740 456 5
6 5 740 155 579 495 1111
6 985 240 1039 468 893 824
6 1136 468 893 1089 155 579
3 1089 740 155
6 1111 61 408 1155 456 5
3 456 14 1155
5 29 1039 1136 495 61
3 1136 1039 468
6 408 29 240 985 14 1155
3 824 14 985
3 1089 824 893
3 1136 495 579
3 240 29 1039
3 495 61 1111
3 61 29 408
5 144 297 1001 1037 323
6 709 144 811 1068 908 36
5 220 105 908 1163 552
6 1068 105 1059 675 297 811
6 222 1001 675 1059 220 1034
3 908 105 1068
6 323 315 341 1163 36 709
3 220 105 1059
6 315 341 552 1034 222 1037
3 323 144 709
3 552 220 1034
3 315 1037 323
3 1037 1001 222
3 675 297 1001
3 297 144 811
3 341 1163 552
6 590 671 911 776 400 1037
5 216 911 282 783 390
6 518 323 400 776 216 1153
6 782 144 518 1153 390 132
6 1001 590 671 282 302 1017
3 911 216 776
3 783 390 132
3 390 216 1153
3 323 144 518
3 671 282 911
3 400 323 1037
3 590 1037 1001
3 1001 297 1017
3 297 144 782
3 783 282 302
6 992 129 994 500 365 22
6 727 500 994 841 959 303
6 22 768 147 794 256 992
5 729 727 365 768 732
3 22 768 365
3 729 727 303
5 251 256 129 841 658
6 303 729 485 515 658 959
3 841 129 994
3 841 658 959
3 256 129 992
6 794 251 515 485 732 147
3 515 251 658
3 256 251 794
3 500 365 727
3 732 729 485
3 768 732 147
3 281 22 992
3 992 919 281
3 22 992 919
3 281 22 919
6 129 992 281 751 877 608
3 1018 22 365
5 320 281 22 1018 1115
6 477 500 365 1018 693 342
6 751 320 620 803 44 877
5 44 608 994 477 589
6 342 589 803 620 1115 693
3 994 608 129
3 320 281 751
3 608 44 877
3 589 44 803
3 589 477 342
3 620 320 1115
3 693 1115 1018
3 994 477 500
5 214 898 919 992 605
6 950 473 551 705 898 204
3 473 63 551
6 859 214 705 551 63 947
6 204 919 281 751 523 950
6 426 947 859 605 129 608
5 877 523 473 63 426
3 608 426 877
3 129 992 605
3 523 473 950
3 877 523 751
3 919 898 204
3 605 214 859
3 705 214 898
3 426 63 947
6 584 598 899 1143 303 727
6 360 423 912 598 899 708
5 584 500 542 625 912
6 960 611 841 994 542 633
3 912 584 598
3 841 611 959
3 611 469 960
5 469 708 1143 959 611
6 423 625 633 960 469 360
3 1143 959 303
3 625 542 633
3 360 708 469
3 1143 708 899
3 912 625 423
3 542 500 994
3 584 500 727
6 1062 601 1143 899 771 41
6 437 462 584 727 1079 193
3 727 303 1079
5 462 746 1010 771 598
5 229 474 1079 303 601
3 584 462 598
3 771 598 899
3 193 1079 474
6 746 418 525 474 193 437
6 229 525 418 1010 41 1062
3 601 303 1143
3 437 746 462
3 474 229 525
3 418 1010 746
3 1010 771 41
3 601 229 1062
6 244 765 635 834 55 837
3 905 1104 1101
6 1003 138 439 192 905 1101
6 635 1104 905 192 252 834
6 138 1003 364 1139 459 434
5 364 1101 1104 765 329
3 252 55 834
3 765 329 244
3 1101 364 1003
3 1104 765 635
6 244 329 1139 459 614 837
3 364 329 1139
3 439 434 138
3 614 434 459
3 614 55 837
3 192 439 252
6 749 524 617 1142 214 1096
6 647 107 770 919 22 768
3 524 51 749
6 749 51 794 256 605 1096
6 107 1061 617 1142 898 770
5 51 147 647 1061 524
3 147 51 794
3 992 605 256
3 107 1061 647
3 770 919 898
3 605 214 1096
3 898 214 1142
3 617 524 1061
3 647 147 768
6 441 87 243 404 1097 900
5 195 736 900 98 899
5 148 243 236 1062 648
3 441 900 736
6 148 769 151 736 441 87
6 195 151 769 648 41 771
3 243 148 87
3 648 148 769
3 771 195 899
6 404 236 601 1143 98 1097
3 41 1062 648
3 899 98 1143
3 900 98 1097
3 243 236 404
3 601 236 1062
3 151 736 195
6 781 274 747 411 404 243
3 274 1070 781
6 860 1123 1077 355 441 900
5 355 94 1070 781 87
3 781 87 243
3 355 87 441
6 988 287 1123 1077 94 588
6 747 420 988 588 1070 274
5 287 420 411 1097 860
3 404 1097 411
3 420 411 747
3 900 860 1097
3 588 94 1070
3 860 287 1123
3 420 287 988
3 355 94 1077
3 1088 896 378
3 1088 896 979
3 896 378 979
3 979 378 1088
5 705 139 396 996 1142
3 705 139 1072
3 524 1108 749
5 84 154 1005 1108 749
3 749 84 1096
6 700 84 1096 214 705 1072
6 996 617 524 1108 59 247
6 700 154 196 1002 139 1072
3 196 154 1005
3 154 84 700
3 247 996 396
3 396 139 1002
3 1108 1005 59
3 1142 705 214
3 617 1142 996
3 137 76 433
6 417 76 433 997 26 943
6 1184 137 433 997 399 17
5 137 76 1146 1125 595
6 1146 417 943 1024 380 689
5 1024 1176 752 399 26
6 809 81 1176 380 689 1125
3 417 76 1146
3 595 137 1184
6 1184 17 752 81 809 595
3 1024 26 943
3 380 1176 1024
3 1125 595 809
3 399 26 997
3 1176 752 81
3 689 1146 1125
3 752 399 17
3 438 433 137
3 76 438 433
3 137 76 438
5 260 430 433 438 444
6 137 1141 363 1138 136 433
6 191 821 1100 1141 137 438
5 363 1100 946 327 328
3 363 328 1138
3 444 438 191
6 136 1138 328 1060 610 430
3 1100 946 821
3 1100 363 1141
6 610 260 833 484 327 1060
3 433 430 136
3 430 260 610
3 328 327 1060
3 484 327 946
3 444 260 833
6 76 417 734 723 560 438
6 494 175 723 560 444 1131
6 26 940 154 1134 430 997
3 444 438 560
3 196 175 494
6 154 196 494 1131 260 1134
3 940 196 154
3 417 943 734
3 433 430 997
3 943 940 26
3 430 260 1134
3 734 175 723
3 444 260 1131
3 984 599 1050
6 284 384 713 734 723 187
6 438 191 1084 322 402 76
5 402 632 1159 713 417
3 438 191 560
3 599 191 1084
3 1159 632 83
3 713 417 734
3 76 417 402
3 632 402 322
3 284 187 984
3 560 187 723
3 384 1159 713
3 292 265 814
3 1199 292 814
3 814 265 1199
6 1199 200 981 1090 66 814
5 31 66 1150 1175 517
6 517 319 398 1053 212 1098
3 398 1053 958
3 479 200 981
3 224 200 1199
3 517 31 1098
3 66 31 1090
6 122 177 1175 319 398 958
3 1053 479 212
3 319 1175 517
6 177 1150 814 1199 224 122
3 1175 1150 177
3 814 66 1150
3 122 958 224
6 1113 131 1110 292 814 66
6 7 1181 66 1113 245 787
6 348 889 350 492 506 238
5 245 131 442 889 1066
6 7 945 238 348 1066 787
3 1066 889 348
3 7 1181 945
6 1110 442 350 492 265 292
5 265 506 945 1181 814
3 238 945 506
3 1181 814 66
3 1066 245 787
3 245 131 1113
3 442 131 1110
3 889 442 350
3 506 265 492
3 1199 403 200
6 855 322 402 1146 46 613
6 403 402 1146 689 981 200
3 66 1113 1090
3 292 178 1110
3 322 178 855
5 689 46 392 1113 1090
6 1110 178 855 613 392 131
3 402 322 403
3 1113 392 131
3 1090 689 981
3 689 46 1146
3 392 46 613
3 900 736 130
6 736 335 406 878 903 130
6 900 130 903 427 977 860
6 406 414 912 598 195 335
3 899 195 598
5 290 423 414 878 427
6 360 290 977 860 98 708
3 878 427 903
3 423 290 360
3 708 98 899
3 900 98 860
3 423 414 912
3 427 290 977
3 406 878 414
3 335 195 736
3 768 365 1018
6 391 1032 394 1018 768 647
3 729 727 1079
6 1018 394 885 462 584 365
5 133 128 437 885 1032
6 1045 732 647 391 133 389
3 391 133 1032
3 394 1032 885
6 389 128 193 1079 729 1045
3 885 437 462
3 133 128 389
3 437 128 193
3 727 365 584
3 732 729 1045
3 647 768 732
5 679 507 1088 896 37
6 781 243 695 378 896 926
6 781 148 976 1046 37 926
3 243 148 781
3 648 148 976
6 648 976 1046 679 258 681
6 229 236 695 378 1088 180
3 679 37 1046
6 1062 681 258 507 180 229
3 681 648 1062
3 896 37 926
3 679 507 258
3 180 1088 507
3 243 236 695
3 229 1062 236
3 441 130 900
3 441 130 736
5 184 68 819 1081 852
6 1116 684 1033 508 184 231
5 145 645 510 684 694
6 510 1033 508 68 760 73
3 819 68 760
6 574 421 1081 828 759 145
3 1081 852 421
6 231 852 421 574 694 1116
3 231 184 852
6 760 73 645 759 828 819
3 574 145 694
3 684 510 1033
3 184 68 508
3 645 145 759
3 645 510 73
3 1081 819 828
3 694 684 1116
3 582 68 819
6 460 819 582 1148 457 887
3 116 1081 852
3 852 184 857
6 887 460 1081 116 846 309
6 425 215 857 852 116 846
3 425 309 846
6 582 68 644 546 691 1148
3 184 68 644
3 215 1092 425
3 1081 819 460
6 184 857 215 1092 546 644
3 691 457 1148
3 457 309 887
3 1092 691 546
6 405 237 602 868 99 1158
6 1152 602 868 969 891 42
3 1057 490 677
6 152 737 668 351 490 677
5 60 490 1057 1152 237
3 891 577 969
3 490 60 351
6 405 60 351 668 901 1158
6 577 152 677 1057 42 891
3 237 60 405
3 602 237 1152
3 42 1152 1057
3 152 737 577
3 668 901 737
3 969 99 868
3 901 99 1158
5 969 577 737 901 99
5 1068 986 745 332 93
6 314 173 226 986 105 1063
6 1063 398 1053 967 1068 105
3 398 25 1053
3 105 1068 986
5 314 398 25 1023 1086
3 967 93 1068
6 52 332 1151 1121 1023 358
6 52 745 226 173 1086 358
3 52 745 332
3 332 93 1151
3 398 314 1063
3 173 1086 314
3 1086 1023 358
3 1023 25 1121
3 226 986 745
5 1026 70 616 518 709
6 518 413 735 93 811 144
3 1068 986 908
3 616 70 742
6 742 246 745 637 974 70
3 1068 93 811
3 413 616 518
3 709 518 144
3 745 332 246
3 332 93 735
3 1026 70 974
3 1026 709 36
3 986 745 637
6 911 96 464 762 862 776
5 862 400 315 482 937
6 275 853 315 1037 590 550
3 671 96 911
5 671 550 793 564 96
3 400 315 1037
3 564 96 464
6 53 564 464 762 937 902
6 53 793 275 853 482 902
3 937 482 902
3 482 315 853
3 937 862 762
3 776 400 862
3 671 550 590
3 53 793 564
3 793 550 275
6 929 280 475 892 911 96
6 949 235 750 280 475 203
5 203 540 514 776 892
5 74 844 750 929 464
3 892 203 475
3 892 776 911
3 235 844 750
6 949 540 431 511 844 235
3 929 750 280
3 96 929 464
6 511 431 514 862 762 74
3 776 514 862
3 540 203 949
3 431 540 514
3 511 74 844
3 464 74 762
6 393 798 678 1058 390 881
6 475 498 678 1058 216 892
3 678 498 798
5 498 280 528 849 798
3 892 216 911
6 849 393 881 783 337 520
3 528 280 929
3 783 390 881
3 390 216 1058
3 475 280 498
3 96 911 282
6 520 528 929 96 282 337
3 520 849 528
3 849 798 393
3 337 282 783
3 1173 1021 269
6 49 618 165 659 269 1173
5 165 267 467 1091 1197
6 773 467 1195 578 24 923
6 1021 578 1195 267 659 269
6 923 85 634 103 1091 773
3 267 165 659
3 1197 165 618
6 618 1197 103 634 1040 49
3 49 1173 1040
3 578 24 1021
3 1197 1091 103
3 773 467 1091
3 467 267 1195
3 85 24 923
3 1040 85 634
3 827 269 1173
3 827 269 1021
5 1084 821 8 618 855
6 946 8 165 659 166 639
5 343 166 269 827 1128
3 269 166 659
3 343 166 639
3 1084 855 178
3 599 1084 821
3 821 8 946
6 178 576 827 1173 49 855
3 576 1128 827
3 466 343 1128
3 165 8 618
3 855 618 49
6 1012 141 1175 202 757 704
6 141 1012 371 1189 522 517
3 517 31 522
3 66 31 1113
6 1181 7 1164 757 202 1150
5 704 371 111 787 1164
3 1175 517 141
6 1189 111 245 1113 31 522
3 202 1175 1150
3 1150 66 1181
3 245 111 787
3 704 371 1012
3 1164 787 7
3 1164 704 757
3 371 111 1189
6 704 100 1047 504 721 1012
5 207 772 1012 562 33
3 721 562 1012
3 124 33 562
6 124 788 401 324 1095 33
5 316 933 1047 863 401
6 100 704 772 922 9 933
6 9 922 207 1095 324 316
3 1047 933 100
3 772 207 922
3 704 1012 772
3 207 33 1095
3 933 316 9
3 401 316 324
3 863 401 788
3 504 1047 863
6 555 657 553 163 305 717
6 278 856 317 1107 377 699
3 555 538 657
6 657 538 1107 317 831 553
5 163 687 1094 856 831
5 538 377 544 803 555
6 1094 278 699 544 589 209
3 538 377 1107
3 553 163 831
6 305 717 803 589 209 687
3 856 831 317
3 687 163 305
3 717 555 803
3 1094 856 278
3 209 1094 687
3 544 377 699
3 803 544 589
6 314 62 1112 57 220 1063
3 370 1156 1137
6 158 1016 496 1112 57 552
6 894 370 1137 1016 158 1163
3 908 105 986
3 226 173 1156
5 496 62 173 1156 1137
3 496 62 1112
3 1137 496 1016
3 220 105 1063
3 552 220 57
3 173 62 314
3 1163 552 158
5 141 721 1059 1063 319
3 57 1112 219
6 220 57 219 1047 504 1059
3 721 141 1012
6 62 808 202 1175 319 314
3 1112 808 62
3 1063 1059 220
3 808 757 202
3 319 141 1175
3 314 1063 319
3 1059 721 504
3 219 100 1047
3 704 100 757
3 370 110 1137
3 1156 1137 110
3 370 110 1156
5 47 199 478 1052 744
6 176 1004 813 1194 47 888
3 1174 1004 176
3 744 47 888
6 77 1174 176 888 744 387
6 1161 186 1162 1071 478 38
5 186 300 1004 1174 627
6 813 300 1162 1071 199 1194
3 627 186 1161
3 199 47 1194
3 478 199 1071
6 627 77 387 1052 38 1161
3 300 186 1162
3 813 300 1004
3 77 1174 627
3 387 1052 744
3 1052 478 38
5 16 904 954 1049 465
6 954 339 412 1117 47 615
3 615 954 904
6 47 1194 264 649 904 615
6 575 143 1083 206 465 1127
3 1194 497 264
6 497 575 1127 16 649 264
5 143 79 1117 1194 497
6 206 1049 339 412 79 1083
3 904 16 649
3 465 16 1127
3 497 143 575
3 47 1194 1117
3 143 79 1083
3 339 1049 954
3 1117 79 412
3 1049 465 206
3 279 172 628
3 279 172 914
3 914 628 279
3 172 914 628
3 1050 466 984
6 127 562 141 517 1098 388
6 935 728 1078 33 127 388
3 517 1098 522
3 141 1012 562
3 1098 935 388
3 562 33 127
6 1145 638 728 1078 207 909
6 1145 227 1189 371 772 909
3 728 638 935
3 772 207 909
3 1012 772 371
3 207 33 1078
3 638 227 1145
3 522 227 1189
5 782 388 212 967 811
3 721 141 562
3 388 212 1098
3 105 1063 1059
3 967 212 1053
3 967 811 1068
3 319 141 517
3 398 319 1063
3 675 1059 721
3 811 782 297
3 782 388 127
3 398 25 958
6 798 393 432 541 801 90
3 801 298 90
5 801 950 963 182 298
6 931 182 476 895 481 101
6 90 298 476 895 593 798
6 432 541 950 523 845 785
5 785 393 593 481 1007
6 523 963 931 101 1007 845
3 1007 785 845
3 298 182 476
3 963 182 931
3 1007 481 101
3 963 950 523
3 950 801 541
3 593 393 798
3 593 481 895
3 678 90 798
6 390 132 388 935 731 1058
3 726 90 801
5 678 731 728 726 90
3 127 124 33
3 432 124 541
6 124 541 801 726 1078 33
3 390 132 881
3 731 678 1058
3 731 728 935
3 132 127 388
3 728 726 1078
5 472 723 876 1030 235
6 1069 263 646 844 1030 217
6 876 217 1069 698 494 175
3 844 235 1030
6 1043 385 646 844 235 962
3 472 235 962
3 385 263 646
5 263 698 1131 833 385
3 723 472 560
3 698 263 1069
3 833 385 1043
3 175 876 723
3 217 1030 876
3 494 1131 698
3 1131 833 444
6 443 836 858 1118 422 791
5 791 353 600 448 344
6 448 690 547 641 848 592
5 641 232 858 714 864
6 547 864 532 586 600 690
6 714 532 586 353 443 836
3 791 353 443
6 848 592 344 422 1118 232
3 448 344 592
3 641 232 848
3 600 448 690
3 422 344 791
3 532 864 714
3 864 641 547
3 858 232 1118
3 836 714 858
3 586 353 600
3 970 384 284
5 475 991 604 384 970
6 991 280 750 1030 607 261
3 203 970 475
3 1030 235 750
3 472 235 949
3 723 472 187
3 991 475 280
3 734 723 876
3 1030 876 607
3 261 991 604
3 604 384 713
3 970 384 869
6 1153 616 869 970 892 216
6 123 568 709 323 400 514
3 892 203 970
3 216 892 776
3 616 70 869
3 616 518 1153
3 323 709 518
6 123 540 359 972 1026 568
3 972 70 1026
3 568 1026 709
3 400 776 514
3 540 203 359
3 540 514 123
5 1058 1153 413 277 493
3 413 277 748
3 493 277 352
6 352 277 748 1159 604 255
3 892 475 970
6 493 678 498 991 255 352
3 216 1153 1058
3 616 413 1153
3 991 475 498
3 1058 493 678
3 991 604 255
3 604 384 1159
3 57 54 1112
5 249 657 1034 57 54
3 555 249 657
3 496 451 1016
6 722 306 717 555 249 558
3 1034 657 553
6 553 1034 552 158 1191 163
3 249 54 558
3 1034 57 552
3 306 305 717
3 163 1191 305
3 451 306 722
3 1191 1016 158
3 57 54 219
3 1013 981 200
3 90 798 498
3 678 90 498
3 413 277 735
3 493 277 1013
3 388 212 935
3 479 212 967
3 93 967 811
3 1153 1058 390
3 1153 413 518
3 731 493 1058
3 144 811 782
3 132 782 388
3 277 1013 352
3 740 456 883
6 35 1089 86 115 756 916
6 1036 458 883 740 86 115
5 21 756 1036 1000 294
3 294 21 810
6 810 21 916 35 824 1067
3 86 1089 740
6 456 883 458 1000 767 1166
3 456 14 1166
6 810 294 767 1166 14 1067
3 756 21 916
3 824 14 1067
3 1089 824 35
3 1036 1000 458
3 115 1036 756
3 767 294 1000
3 883 5 740
3 456 5 883
5 975 534 536 579 1180
6 28 1180 155 740 883 310
6 312 865 534 938 793 248
3 975 534 865
6 310 656 312 865 975 28
3 28 1180 975
5 5 53 248 656 883
6 793 53 1111 495 536 938
3 248 53 793
3 53 5 1111
3 883 656 310
3 579 536 495
3 536 534 938
3 312 248 656
6 482 341 1163 894 703 12
6 1183 330 884 346 603 169
5 158 341 853 1183 800
3 346 110 884
5 110 370 703 1055 346
3 1183 800 330
3 703 370 894
3 341 158 1163
3 800 158 1016
3 169 1183 853
6 853 169 603 1055 12 482
3 853 341 482
3 1055 703 12
3 1055 346 603
3 801 298 726
3 298 90 726
3 705 139 551
6 624 139 551 473 963 753
6 624 396 654 993 182 753
6 71 726 298 993 654 996
6 801 204 898 1142 71 726
3 298 182 993
3 753 182 963
3 473 963 950
3 654 396 996
3 396 139 624
3 204 950 801
3 1142 705 898
3 1142 996 71
3 657 249 538
6 538 571 1017 1001 222 657
6 249 538 571 501 907 796
3 222 1034 657
6 1047 502 907 796 54 219
3 249 54 796
3 220 57 1034
3 675 504 1059
3 571 501 1017
3 1017 675 1001
3 502 501 907
3 504 502 1047
3 768 22 1018
6 345 939 765 635 101 481
5 651 244 939 470 317
6 481 674 377 1107 470 345
5 674 101 834 1132 699
3 939 470 345
3 55 1132 834
3 834 101 635
3 939 244 765
3 651 317 856
3 1132 699 278
3 481 101 674
6 55 1132 278 856 651 837
3 651 244 837
3 699 674 377
3 470 317 1107
3 249 555 538
6 1041 317 831 802 39 710
5 302 571 1107 1041 337
3 553 222 657
3 1107 571 538
5 222 590 707 802 553
3 802 553 831
3 571 302 1017
6 39 707 671 282 337 710
3 590 222 1001
3 671 590 707
3 317 1107 1041
3 802 707 39
3 1041 337 710
3 282 337 302
5 146 622 753 931 635
6 182 476 208 1093 527 753
6 167 435 792 939 765 146
3 792 345 939
3 895 208 476
3 101 931 635
6 435 354 1093 527 622 167
3 435 354 792
5 895 345 792 354 208
3 931 753 182
3 635 146 765
3 167 146 622
3 354 208 1093
3 481 345 895
3 753 622 527
3 905 72 1101
3 1104 1101 72
3 905 72 1104
6 1178 192 439 313 119 325
6 1031 3 987 119 325 966
5 138 313 987 1126 596
5 72 218 966 1178 905
6 1101 72 1054 672 596 1003
6 3 1031 218 1054 672 1126
3 313 138 439
3 672 596 1126
3 596 138 1003
3 1178 905 192
3 119 987 313
3 325 1178 966
3 218 72 1054
3 966 218 1031
3 3 1126 987
3 563 551 473
3 63 563 551
3 473 63 563
3 139 1072 551
3 705 551 1072
5 192 382 1072 551 563
6 252 563 473 963 931 834
3 834 635 931
6 1104 146 777 368 382 905
6 1072 368 777 622 624 139
3 931 753 963
3 635 146 1104
3 1072 382 368
3 622 146 777
3 563 192 252
3 382 192 905
3 753 622 624
6 521 543 784 1032 394 1115
6 930 320 521 543 702 97
6 930 281 919 770 825 97
5 391 107 825 702 784
3 784 702 543
3 97 825 702
3 320 281 930
3 770 107 825
3 784 391 1032
3 391 107 647
3 1115 320 521
3 1115 1018 394
6 13 1154 386 1165 896 979
6 1160 679 445 999 121 228
6 228 118 386 1165 37 1160
6 65 766 289 999 445 507
5 118 121 289 872 1154
6 979 13 872 766 65 1088
3 679 37 1160
3 872 289 766
3 13 1154 872
3 896 37 1165
3 386 118 1154
3 445 679 507
3 1088 507 65
3 289 121 999
3 121 118 228
6 1006 378 896 1165 160 941
3 926 274 781
5 274 459 743 1165 926
6 747 459 614 1114 338 411
5 695 404 338 499 1006
3 614 459 743
3 1165 743 160
3 896 1165 926
3 404 338 411
3 459 274 747
3 499 338 1114
3 695 404 243
3 1006 695 378
3 1006 499 941
5 160 1076 1179 113 386
6 251 271 1006 941 1076 89
5 979 378 271 515 1130
6 113 529 239 1130 13 1154
3 941 160 1076
3 386 160 1165
3 386 113 1154
3 1179 113 529
3 239 1130 515
6 529 239 515 251 89 1179
3 1179 1076 89
3 378 271 1006
3 251 515 271
3 1130 979 13
3 926 781 1070
3 926 274 1070
3 1079 303 729
3 1108 749 51
3 524 51 1108
6 780 273 850 754 749 51
3 749 1096 754
5 859 286 119 754 1096
6 987 119 850 273 982 587
6 1076 381 587 987 286 944
6 1076 89 256 605 859 944
3 794 780 51
3 286 119 987
5 381 89 794 780 982
3 381 89 1076
3 754 119 850
3 273 982 780
3 1096 859 605
3 587 381 982
3 794 89 256
3 859 286 944
3 749 84 754
5 136 273 925 1196 997
3 273 136 850
6 850 136 430 1134 84 754
3 1005 154 940
6 1005 375 968 1196 26 940
6 780 51 1108 375 968 925
3 154 84 1134
3 430 136 997
3 375 1108 1005
3 1196 997 26
3 1196 925 968
3 925 273 780
3 1096 754 84
6 754 325 1178 382 700 84
3 1072 382 700
3 439 192 563
3 382 192 1178
3 286 119 313
3 325 119 754
3 214 1096 859
3 859 286 947
5 32 964 1184 1141 67
6 982 273 1138 363 67 920
3 273 136 1138
3 363 67 1141
3 1184 1141 137
3 997 136 433
6 399 1196 213 1099 964 17
6 920 32 1099 213 925 982
3 399 1196 997
3 1196 925 213
3 925 273 982
3 17 1184 964
3 67 32 920
3 964 32 1099
6 758 595 1141 1100 8 1197
3 322 1084 855
3 1084 821 191
3 821 8 1100
3 1146 76 402
3 595 137 1141
3 618 8 1197
6 46 613 618 1197 758 1125
3 758 595 1125
3 613 855 618
3 1146 1125 46
6 8 1100 67 1135 655 165
3 1141 67 1100
6 1135 32 48 1038 267 655
3 267 165 655
3 595 1184 1141
6 990 120 1184 595 758 1091
6 990 467 1038 48 964 120
3 1197 165 8
3 758 1197 1091
3 1091 467 990
3 467 267 1038
3 1184 964 120
3 67 32 1135
3 48 32 964
6 1135 134 1192 293 363 67
3 1138 293 363
3 1138 850 273
5 179 325 850 1138 293
5 266 3 587 920 1135
6 134 1192 179 966 1031 266
3 1135 266 134
3 850 325 119
3 325 179 966
3 920 587 982
3 266 3 1031
3 587 3 987
3 67 1135 920
3 293 179 1192
6 293 328 719 791 443 1192
3 363 328 293
6 166 639 327 719 791 665
3 166 665 659
3 8 1100 946
3 1100 363 67
5 659 655 134 443 665
3 443 134 1192
3 665 443 791
3 165 659 655
3 655 134 1135
3 328 327 719
3 946 327 639
3 1159 632 748
3 713 417 943
3 417 402 1146
3 632 402 403
3 380 88 1024
3 689 380 981
3 1159 713 604
3 1050 955 153
6 952 333 629 839 609 259
6 839 108 343 621 526 629
5 333 526 623 569 296
3 466 108 343
3 372 623 569
3 621 526 623
6 955 259 952 296 583 153
3 955 609 259
3 609 108 839
3 333 296 952
3 526 333 629
3 569 296 583
5 543 851 1080 818 6
3 924 591 545
6 711 543 702 545 924 40
6 581 6 702 545 591 1147
3 543 6 702
6 318 1080 539 1065 554 832
5 223 591 924 1144 554
3 1144 924 40
6 1147 223 1065 539 818 581
6 851 318 832 1144 40 711
3 851 543 711
3 591 223 1147
3 581 6 818
3 1144 554 832
3 318 1080 851
3 1080 818 539
3 554 223 1065
3 1113 1090 31
5 866 738 903 45 272
6 151 366 156 738 130 736
5 151 335 321 1116 1019
6 1019 694 774 866 156 366
6 774 272 804 640 1116 694
6 406 321 640 804 45 878
3 878 45 903
3 130 903 738
3 866 738 156
3 640 321 1116
3 694 1116 1019
3 272 45 804
3 866 272 774
3 335 321 406
3 335 151 736
3 1019 151 366
6 427 135 1149 685 842 903
3 580 135 1149
5 580 1120 1123 977 135
5 666 441 130 842 661
6 580 1140 80 661 685 1149
3 355 666 441
3 842 661 685
3 842 130 903
3 1120 580 1140
6 1140 80 666 355 1077 1120
3 1077 1123 1120
3 427 135 977
3 1123 977 860
3 666 661 80
5 279 295 1149 961 172
3 1149 295 580
6 295 580 301 954 56 951
6 1049 301 580 1149 91 983
3 954 904 56
6 951 279 628 652 904 56
3 295 279 951
6 91 983 465 1011 643 961
3 1149 961 91
6 172 628 652 16 1011 643
3 652 16 904
3 465 16 1011
3 1049 954 301
3 643 172 961
3 1049 465 983
3 1149 295 135
6 961 685 842 738 340 409
6 914 172 409 340 866 379
3 295 279 361
6 980 45 427 135 295 361
3 685 1149 961
6 914 279 361 980 272 379
3 903 45 427
3 842 738 903
3 340 866 738
3 272 45 980
3 379 272 866
3 961 172 409
3 295 135 580
6 161 1120 301 954 615 744
3 615 56 954
5 56 253 662 888 615
3 888 615 744
3 888 662 188
6 188 888 744 161 1123 287
6 135 290 189 253 951 295
6 188 662 189 290 977 287
3 253 56 951
3 1120 580 301
3 662 253 189
3 1123 1120 161
3 977 135 290
3 287 1123 977
5 693 394 786 1008 928
3 543 6 784
6 942 304 1008 326 594 818
6 6 942 304 786 1032 784
6 594 326 928 573 471 1080
3 326 1008 928
3 851 543 521
6 851 521 1115 693 573 471
3 786 394 1032
3 818 6 942
3 1080 851 471
3 594 1080 818
3 1008 786 304
3 693 394 1115
3 573 928 693
6 912 462 885 786 829 414
3 912 584 462
6 414 625 932 102 1008 829
6 102 928 342 477 542 932
3 1008 928 102
3 786 394 885
3 625 542 932
3 414 912 625
3 1008 786 829
3 693 394 1018
3 928 693 342
3 477 542 500
3 584 500 365
6 195 335 696 383 826 771
3 598 462 912
3 195 771 598
5 367 304 829 406 696
6 304 503 715 746 885 786
3 367 304 503
3 746 462 885
3 1010 746 715
3 1010 771 826
6 367 383 826 1010 715 503
3 786 304 829
3 829 406 414
3 696 367 383
3 696 406 335
3 976 973 486
6 516 666 87 148 976 486
3 148 976 769
6 741 842 738 156 971 162
5 769 976 973 971 366
3 666 441 87
3 741 661 842
6 516 661 741 162 973 486
3 842 130 738
3 151 769 366
3 516 666 661
3 973 971 162
3 971 366 156
6 681 1033 684 1019 769 648
5 41 826 644 508 681
3 681 41 648
3 184 644 508
3 681 508 1033
3 231 1116 321
3 771 41 826
3 1116 1019 684
6 184 231 321 696 383 644
3 335 321 696
3 335 151 195
3 769 151 1019
3 383 826 644
3 973 486 1046
3 1046 486 976
3 976 973 1046
5 1160 233 240 486 1046
6 1046 973 1025 194 445 679
3 999 194 445
6 121 228 233 1039 468 778
3 1160 1046 679
5 999 194 35 893 778
6 985 486 973 1025 35 824
3 468 893 778
3 999 778 121
3 194 35 1025
3 486 240 985
3 824 35 893
3 228 1160 233
3 240 233 1039
3 148 87 781
6 37 1160 183 921 1070 926
3 355 87 666
3 37 1160 1046
6 94 921 183 233 29 1085
3 486 240 516
6 240 516 666 355 1085 29
3 1070 94 921
3 1160 233 183
3 29 240 233
3 355 94 1085
3 976 769 648
6 1185 138 434 743 386 118
3 364 299 1003
5 228 183 299 1003 1185
6 921 299 364 1139 274 1070
3 434 743 459
3 386 1165 743
3 1165 926 37
3 1185 1003 138
3 118 1185 228
3 459 274 1139
3 299 183 921
3 228 183 1160
5 283 91 685 741 868
3 868 741 162
3 409 340 626
6 868 162 971 1022 34 969
5 340 156 1022 913 626
6 961 409 626 424 807 91
3 741 685 842
3 685 91 961
3 283 91 807
3 1022 913 34
3 340 156 738
3 868 283 969
6 34 969 283 807 424 913
3 1022 156 971
3 913 626 424
6 440 463 1022 971 1025 194
6 366 1022 463 886 684 1019
3 445 440 194
5 886 440 445 258 1033
3 684 1033 886
3 681 258 1033
3 886 440 463
3 445 258 679
3 769 366 1019
3 973 971 1025
3 971 366 1022
3 602 868 741
5 301 1140 1082 405 339
3 661 741 685
3 685 91 1149
6 661 80 1082 237 602 741
3 283 91 983
6 283 983 1049 339 1158 99
3 237 1082 405
3 580 301 1140
3 405 339 1158
3 339 301 1049
3 868 283 99
3 80 1140 1082
3 602 162 868
3 602 162 741
3 626 340 1042
3 1042 409 340
3 1042 409 626
5 513 463 34 891 775
6 440 513 419 756 916 194
6 419 775 42 1152 230 756
5 1025 162 602 230 916
3 440 513 463
3 891 34 969
3 463 34 1022
3 602 230 1152
3 916 230 756
3 194 1025 916
3 971 162 1025
3 42 891 775
3 419 775 513
6 234 913 463 886 510 830
6 211 1042 340 866 774 145
3 694 145 774
3 684 510 886
3 211 145 645
3 645 510 830
3 463 1022 913
3 340 156 866
3 694 684 1019
6 830 234 626 1042 211 645
3 366 156 1022
3 234 913 626
6 716 761 73 510 886 513
5 73 822 697 407 830
6 910 10 822 761 716 775
3 822 73 761
3 510 73 830
3 513 463 886
3 891 34 577
3 697 407 336
3 463 34 913
6 697 336 577 891 910 10
3 822 697 10
6 913 234 407 336 577 34
3 234 830 407
3 891 775 910
3 716 513 775
3 445 440 999
3 440 194 999
3 760 582 68
5 766 763 761 760 582
6 999 440 513 716 763 289
3 1033 886 510
3 763 761 716
3 761 760 73
3 766 763 289
6 508 258 507 65 582 68
3 1033 258 508
3 513 440 886
3 445 258 507
3 65 766 582
3 760 582 819
6 455 262 454 936 763 872
6 664 460 819 760 822 357
6 457 1148 766 872 455 882
6 454 257 357 822 761 936
3 763 761 936
3 761 760 822
3 766 763 872
5 882 887 664 257 262
3 766 582 1148
3 460 887 664
3 664 257 357
3 887 882 457
3 262 257 454
3 455 262 882
6 145 211 483 506 492 574
5 567 350 574 774 379
3 492 350 574
5 483 238 643 409 1042
3 774 574 145
6 643 348 889 567 914 172
3 483 238 506
3 211 1042 483
3 567 379 914
3 567 350 889
3 774 379 866
3 172 643 409
3 348 238 643
3 421 116 1081
3 492 421 574
3 839 116 629
6 1081 116 629 333 362 828
5 492 421 116 839 650
3 759 211 145
6 609 259 1028 483 506 650
3 1028 952 259
3 1028 211 483
3 759 362 828
3 506 492 650
3 839 650 609
3 952 362 333
5 759 211 1028 952 362
3 421 116 852
3 857 231 852
6 835 442 567 585 730 285
3 574 350 421
3 774 574 694
6 272 379 585 730 718 804
6 350 421 852 857 835 442
3 718 640 804
3 640 231 1116
3 567 379 585
3 442 350 567
3 774 379 272
5 231 857 285 718 640
3 835 285 857
3 718 285 730
3 857 231 184
6 1170 449 870 847 840 0
6 328 293 917 1170 0 1060
3 1192 836 443
5 836 2 449 917 1192
5 422 117 840 1060 719
6 1118 117 847 870 2 858
3 719 422 791
3 328 1060 719
3 422 117 1118
3 836 2 858
3 449 2 870
3 840 117 847
3 1060 840 0
3 293 1192 917
3 917 449 1170
3 328 293 1138
6 750 528 619 548 217 1030
3 217 1069 548
3 844 750 1030
3 528 929 750
6 1122 74 646 263 376 570
6 312 619 528 929 564 248
5 312 548 1069 376 461
3 548 312 619
3 564 464 929
6 248 461 570 1122 464 564
3 1069 376 263
3 844 74 646
3 464 74 1122
3 461 312 248
3 461 376 570
5 476 993 607 217 198
3 217 198 1069
3 1002 494 175
3 208 198 476
5 334 527 624 1002 494
3 993 607 654
3 993 476 182
6 1093 334 698 1069 198 208
3 607 217 876
3 396 1002 624
3 494 334 698
3 527 334 1093
3 624 527 753
3 217 198 548
6 298 90 498 991 261 993
3 476 198 895
3 528 280 750
3 498 280 991
3 993 607 261
3 298 993 476
6 593 895 198 548 619 849
3 607 217 1030
3 619 528 849
3 593 849 798
3 1069 548 198
3 490 948 677
3 948 490 1057
3 948 677 1057
3 400 315 323
3 568 36 709
3 894 779 703
6 779 720 764 937 12 703
3 937 482 12
3 341 315 482
6 514 862 764 720 561 123
3 764 937 862
3 862 400 514
3 123 568 561
3 720 561 779
6 152 816 157 739 446 737
5 52 668 446 653 246
6 52 351 490 948 637 745
3 668 52 351
3 246 52 745
5 677 948 974 972 816
3 974 972 70
3 668 446 737
3 637 974 948
3 972 816 157
3 816 677 152
3 653 446 739
3 653 246 742
6 181 1043 385 480 448 867
3 962 949 235
6 816 157 867 448 592 797
3 646 480 385
5 646 480 592 612 511
3 448 592 480
6 431 612 797 816 359 540
3 962 181 1043
3 540 359 949
3 646 511 844
3 359 157 816
3 181 157 867
3 612 511 431
3 612 592 797
6 113 118 1185 596 1087 82
6 778 121 1185 596 672 927
6 1154 455 262 1193 82 113
6 927 11 936 763 289 778
3 454 11 936
3 672 11 927
3 763 289 872
5 454 11 672 1087 1193
3 1154 872 455
3 113 1154 118
3 1087 672 596
3 289 121 778
3 121 118 1185
3 1193 1087 82
3 262 1193 454
6 1087 82 1179 381 587 1126
3 313 138 434
3 1076 160 944
3 386 160 743
3 386 113 118
3 1126 596 1087
3 596 138 1185
3 1179 113 82
3 987 313 286
3 381 1179 1076
3 1126 987 587
6 665 353 915 526 621 166
3 269 166 665
3 839 629 846
3 343 166 621
5 846 629 915 586 27
6 353 586 1103 1021 269 665
6 1128 531 425 846 839 108
3 846 27 425
3 1128 827 531
3 108 1128 343
3 526 915 629
3 915 586 353
3 586 27 1103
3 166 639 621
3 665 353 791
6 181 410 526 915 600 867
3 448 344 480
6 327 719 344 480 385 484
3 621 410 526
3 600 448 867
3 791 344 719
3 639 484 327
3 1043 410 181
3 385 1043 484
3 600 353 915
3 665 659 269
6 631 170 1172 374 575 143
6 306 722 805 924 40 861
3 722 276 805
6 805 276 1172 374 530 924
3 530 40 924
5 1075 40 530 575 1109
6 20 109 879 631 143 1109
3 276 170 1172
3 575 530 374
3 1075 40 861
3 1109 575 143
3 874 722 306
3 20 1109 1075
3 879 170 631
3 879 874 109
3 331 1066 889
6 1198 111 1066 331 1020 815
6 1020 331 889 567 585 1102
6 111 1198 452 875 392 245
6 392 131 835 285 307 875
3 1102 815 1020
3 1102 730 585
5 730 307 452 815 1102
3 1066 245 111
3 245 131 392
3 442 131 835
3 889 442 567
3 815 452 1198
3 730 307 285
3 452 307 875
3 168 1156 173
3 226 168 173
5 906 75 603 630 1177
6 487 1124 75 346 884 347
5 330 373 1171 572 347
3 373 330 1183
6 142 630 169 1183 373 918
6 918 142 1177 205 369 1171
6 906 205 369 572 487 1124
3 906 75 1124
3 347 330 884
3 205 1177 906
3 487 347 572
3 346 75 603
3 1177 630 142
3 1171 373 918
3 630 603 169
3 1171 572 369
6 989 60 1082 92 897 478
3 615 47 744
6 989 199 1117 412 405 60
3 199 47 1117
3 478 199 989
3 1082 405 60
3 1140 301 1120
3 405 339 412
3 339 301 954
6 1052 161 1120 1140 92 897
3 1052 744 161
3 1140 1082 92
3 1052 478 897
3 615 56 904
3 813 264 1194
6 565 906 1190 1004 176 662
5 264 164 1124 1190 813
3 888 615 47
3 176 888 662
6 904 56 1074 636 164 649
6 1074 253 565 906 1124 636
3 636 164 1124
3 264 164 649
3 1190 1124 906
3 253 56 1074
3 1190 813 1004
3 662 253 565
6 808 62 1086 95 688 1169
5 202 177 557 1129 1169
3 1169 202 808
3 398 314 319
3 1086 314 62
6 958 122 557 416 1105 25
3 202 177 1175
6 1129 416 1105 1023 95 688
3 95 1086 1023
3 1023 25 1105
3 1129 557 416
3 557 177 122
3 1169 1129 688
6 1011 238 945 820 206 465
5 225 631 1083 820 7
3 374 331 1172
3 348 331 1066
6 225 787 1066 331 1172 170
5 331 348 1011 1127 374
3 820 7 945
3 1127 374 575
3 1127 1011 465
3 1083 631 143
3 225 7 787
3 1011 348 238
3 631 225 170
3 206 1083 820
3 497 264 813
3 1194 497 813
3 201 176 1004
3 188 176 662
5 188 988 1168 201 176
6 673 201 1004 1190 75 1055
6 630 78 420 988 4 428
6 420 188 662 565 1177 78
3 906 75 1190
6 428 603 1055 673 1168 4
3 1177 906 565
3 988 188 420
3 603 75 1055
3 4 1168 988
3 78 1177 630
3 673 201 1168
3 428 630 603
3 201 176 1174
3 201 1174 1004
3 496 62 808
3 1137 496 451
6 1086 173 168 186 1162 95
6 168 186 957 843 110 1156
5 109 43 688 1162 957
3 173 62 1086
3 1162 688 95
3 186 1162 957
3 688 43 1169
3 957 109 843
3 109 43 874
6 491 164 487 347 436 349
3 346 884 843
6 349 126 1109 497 264 491
6 75 1190 300 957 843 346
6 1109 20 957 300 813 497
3 1124 164 487
3 264 164 491
3 75 1190 1124
3 126 20 1109
3 349 126 436
3 884 436 347
3 1190 813 300
3 843 20 957
3 350 492 421
3 116 846 629
3 839 116 846
3 1110 576 178
3 292 1110 576
6 407 755 641 547 104 1029
5 104 838 739 867 690
3 848 755 641
3 407 336 755
3 448 867 690
5 755 336 152 797 848
3 336 152 737
3 690 104 547
3 867 739 157
3 592 848 797
3 797 152 816
6 1029 838 446 737 336 407
3 446 838 739
3 838 104 1029
6 664 357 697 755 641 311
5 311 547 669 828 460
3 760 73 822
3 830 73 645
3 697 407 755
3 104 669 547
3 819 460 828
3 828 669 759
3 547 311 641
3 460 311 664
3 357 822 697
6 104 669 759 645 830 1029
3 830 407 1029
5 357 10 670 549 998
6 533 489 549 706 2 714
3 641 232 755
6 858 185 1051 670 706 2
6 489 533 864 311 664 998
3 670 549 706
3 864 714 533
6 10 1051 185 232 755 697
3 489 998 549
3 311 864 641
3 357 10 697
3 664 357 998
3 858 232 185
3 2 858 714
3 670 10 1051
6 728 71 996 247 789 638
3 250 247 789
3 654 261 993
3 493 731 678
3 731 728 638
3 654 247 996
3 728 726 71
3 261 255 991
3 196 1002 494
5 617 71 1078 1095 519
5 789 1145 978 375 59
3 247 59 789
6 30 1014 375 1108 524 519
6 1014 30 1095 207 909 978
3 375 59 1108
3 207 1095 1078
3 1078 71 728
3 1145 789 638
3 978 375 1014
3 909 1145 978
3 1095 519 30
3 617 71 996
3 617 519 524
6 15 1171 450 802 831 651
6 450 373 800 1191 163 802
6 171 642 347 436 795 1094
3 373 330 800
3 831 163 802
3 651 856 831
6 856 171 642 572 15 651
3 687 163 1191
3 171 1094 856
3 795 687 1094
3 347 330 436
3 572 347 642
3 450 373 1171
3 15 1171 572
6 939 329 724 1187 125 792
3 939 470 792
3 329 244 939
3 1187 1027 125
6 125 792 470 1041 710 1027
5 39 1027 1187 918 450
3 651 317 831
3 710 39 1027
6 1171 15 244 329 724 918
3 15 651 244
3 470 317 1041
3 724 1187 918
3 918 450 1171
3 450 39 802
5 19 125 435 660 397
3 765 329 939
6 72 1104 146 167 660 512
3 1101 364 299
6 72 1101 299 956 397 512
3 125 19 1187
3 435 125 792
3 146 1104 765
3 364 329 724
6 19 956 299 364 724 1187
3 397 19 956
3 660 435 167
3 660 397 512
6 799 270 435 354 686 1180
6 1136 268 660 270 799 579
3 125 19 1027
3 435 125 354
6 1027 125 354 686 975 415
6 683 19 1027 415 534 1167
3 975 534 415
3 1180 975 686
3 397 19 683
6 1167 536 1136 268 397 683
3 270 660 435
3 579 536 1136
3 536 534 1167
3 660 397 268
6 989 490 948 934 38 478
6 1152 682 447 953 21 230
6 680 447 682 1057 948 934
3 953 810 21
6 21 810 92 1082 237 230
3 490 60 989
5 897 38 680 953 810
3 237 60 1082
3 230 1152 237
3 1152 1057 682
3 447 953 680
3 680 38 934
3 92 897 810
3 478 38 897
3 805 545 924
3 591 545 805
3 924 591 805
6 320 620 555 249 796 930
5 796 97 545 805 558
3 722 558 805
3 249 796 558
3 306 861 717
3 543 521 711
5 717 620 521 711 861
3 861 711 40
3 545 97 702
3 796 97 930
3 555 717 620
3 320 620 521
3 124 788 541
3 788 541 432
5 541 788 1009 770 204
6 324 519 1061 107 1009 401
3 1009 770 107
3 541 204 801
3 1095 1078 33
3 726 71 1078
3 770 204 898
3 324 1095 519
3 401 1009 788
3 617 71 1142
3 617 519 1061
5 845 159 907 930 751
3 785 159 845
6 825 97 907 502 863 1009
3 930 751 281
3 1009 770 825
3 523 845 751
3 97 930 907
3 907 159 502
3 541 204 950
3 770 204 919
3 863 788 1009
6 501 159 1007 674 377 571
6 544 674 1007 845 877 44
3 538 377 571
3 845 159 1007
3 320 930 751
3 845 751 877
3 930 907 796
3 501 159 907
3 803 555 620
3 544 377 674
3 803 544 44
3 377 1107 571
3 1007 785 159
6 470 1041 520 849 593 345
3 571 302 501
3 1007 481 674
3 593 393 849
3 593 481 345
3 1107 1041 470
3 520 337 1041
3 337 302 783
6 426 537 817 611 841 608
3 608 129 841
3 611 841 658
3 537 197 817
6 817 611 658 271 1006 197
3 256 129 605
3 944 941 1076
3 941 197 1006
3 658 251 271
3 256 251 89
3 859 947 944
3 947 537 426
6 544 44 426 537 725 699
3 1132 834 252
3 834 101 931
3 44 877 426
3 1132 699 725
3 674 101 1007
3 523 473 963
3 845 523 877
3 544 699 674
3 426 63 537
6 542 633 171 1094 209 477
3 994 608 841
3 608 44 426
3 699 278 725
5 171 960 817 725 278
3 817 725 537
3 960 817 611
3 278 171 1094
3 544 44 589
3 960 171 633
3 209 589 477
3 542 477 994
3 553 222 1034
3 373 1183 800
3 802 553 163
6 550 275 1183 373 450 707
3 590 222 1037
3 341 158 552
3 800 158 1191
3 1183 853 275
3 853 341 315
3 550 707 590
3 450 802 707
3 470 345 792
3 895 208 198
5 597 270 167 777 1170
6 50 218 512 660 270 1182
6 917 179 1178 382 368 1170
6 1182 50 966 179 917 597
3 777 167 146
3 382 1178 905
3 270 167 660
3 597 270 1182
3 1178 966 179
3 218 72 512
3 966 218 50
3 1170 777 368
3 1170 597 917
6 527 965 840 0 777 622
6 1180 28 870 449 597 799
5 686 28 847 965 1093
3 686 28 1180
3 777 167 622
3 270 167 435
3 597 270 799
3 1093 686 354
3 847 28 870
3 527 1093 965
3 840 965 847
3 0 1170 777
3 1170 597 449
3 1003 299 1101
5 927 468 268 512 1054
6 11 1044 86 1089 893 927
3 1054 927 11
6 1119 50 218 1054 11 1044
5 155 86 1119 1182 799
3 893 468 927
3 155 86 1089
3 1119 86 1044
3 50 1182 1119
3 1182 799 270
3 468 268 1136
3 512 268 660
3 218 1054 512
3 672 1054 927
3 596 1185 1003
3 927 468 778
3 1185 228 121
6 1039 268 397 956 183 233
3 468 268 1039
3 299 183 956
3 397 268 512
3 1054 512 72
3 228 183 233
3 6 784 702
6 6 581 64 1133 133 784
6 825 545 591 1188 401 1009
3 825 702 545
3 825 107 1009
6 519 30 1133 133 391 1061
3 784 391 133
3 591 1188 1147
5 30 324 1188 1147 64
3 391 107 1061
3 64 30 1133
3 324 30 519
3 401 324 1188
3 1147 64 581
6 1088 180 474 210 823 979
3 1079 474 210
6 236 695 271 658 959 601
6 823 210 1079 729 485 1130
3 601 303 959
3 474 229 180
3 1130 515 485
3 601 229 236
3 378 271 695
3 515 271 658
3 823 1130 979
5 455 13 823 923 308
5 529 82 150 1195 1038
6 1130 239 1038 467 773 823
3 455 13 1154
3 113 82 529
6 1193 262 308 24 578 150
3 1038 529 239
3 150 82 1193
3 1195 150 578
3 1195 1038 467
3 923 308 24
3 823 13 1130
3 773 923 823
3 262 455 308
3 136 1138 850
5 0 610 1134 700 368
6 1131 334 965 840 610 260
3 154 1134 700
3 700 368 1072
3 1134 610 260
3 1002 624 139
3 494 334 1131
3 527 334 965
3 622 527 624
3 610 0 840
3 368 0 777
3 1134 700 84
3 382 368 700
3 430 1134 610
3 850 325 754
3 325 179 1178
3 610 0 1060
3 368 0 1170
3 293 179 917
3 789 59 250
6 752 174 227 1145 106 1064
3 940 26 1024
3 1176 1024 88
3 375 59 1005
6 1064 399 1196 968 978 106
3 227 1145 789
3 399 26 1196
3 174 1176 752
3 752 399 1064
3 968 375 978
3 1145 978 106
3 1121 583 1151
3 1121 583 153
3 358 52 668
3 246 52 332
6 395 569 453 873 838 653
5 453 733 1105 1121 583
6 1023 358 668 901 712 1105
3 668 446 901
3 1121 1105 1023
3 583 453 569
3 1105 733 712
6 838 446 901 712 733 873
3 653 446 838
3 653 246 395
3 733 453 873
3 367 304 942
6 45 980 326 1008 829 878
5 556 804 980 594 539
6 818 539 663 356 367 942
3 804 556 640
3 980 594 326
3 45 980 804
3 594 539 818
3 556 539 663
6 321 696 356 663 556 640
3 829 304 1008
3 829 406 878
3 696 367 356
3 321 696 406
3 304 942 503
6 790 437 746 715 505 288
5 503 505 676 581 942
3 1032 133 784
3 1032 885 786
3 746 437 885
6 1133 128 790 288 676 64
3 133 128 1133
3 437 128 790
3 942 581 6
3 505 503 715
3 676 505 288
3 64 676 581
3 942 503 367
3 188 176 888
6 408 77 1174 201 1015 61
6 1015 61 1085 94 588 1168
5 1077 1085 408 387 161
3 408 387 77
3 1077 161 1123
3 387 161 744
3 287 188 988
3 1168 988 588
3 1168 201 1015
3 1085 408 61
3 94 1085 1077
3 951 361 279
5 102 326 361 951 1074
6 628 318 1080 594 361 279
6 164 491 573 928 102 636
3 326 102 928
5 471 491 649 652 318
3 652 649 904
3 491 471 573
3 649 491 164
3 1074 951 56
3 1074 102 636
3 361 326 594
3 652 318 628
3 471 318 1080
3 295 951 361
3 326 102 1008
6 1074 932 625 423 189 253
3 45 878 427
3 423 290 189
3 253 1074 951
3 932 102 1074
3 361 326 980
3 423 414 625
3 135 427 290
3 829 414 878
6 114 525 474 210 923 85
5 180 65 1148 1157 525
3 455 13 872
3 180 65 1088
3 525 180 474
3 766 65 1148
3 114 1157 525
3 1157 1148 457
3 85 923 308
3 823 13 979
3 923 823 210
3 455 308 882
6 1028 667 566 820 945 483
3 483 238 945
3 91 983 807
5 566 206 983 807 190
3 1028 483 1042
3 643 409 961
3 643 238 1011
6 190 424 626 1042 1028 667
3 566 206 820
3 465 206 983
3 566 190 667
3 807 190 424
3 11 1044 936
5 115 1044 936 716 419
3 936 716 763
3 893 778 927
3 1044 115 86
3 289 999 778
3 194 35 916
3 893 35 1089
3 419 115 756
3 716 419 513
3 1044 936 454
3 454 11 1044
3 761 716 936
6 257 454 1044 1119 242 998
6 115 1119 242 549 692 1036
6 910 670 692 1036 419 775
3 1044 115 1119
3 670 549 692
3 998 549 242
3 357 10 822
3 257 998 357
3 419 115 1036
3 670 10 910
3 716 419 775
6 669 690 600 915 333 362
3 309 27 846
6 532 27 309 887 311 864
3 669 547 690
3 828 460 1081
3 828 669 362
3 547 311 864
3 460 311 887
3 915 629 333
3 915 586 600
3 586 27 532
3 672 11 1054
6 267 1195 535 1056 266 655
3 443 134 836
6 1056 533 714 836 134 266
3 353 665 443
3 659 655 267
3 266 134 655
5 578 535 533 532 1103
3 533 532 714
3 535 533 1056
3 578 535 1195
3 1103 578 1021
3 586 532 1103
6 535 150 1087 1126 3 1056
3 1135 266 655
3 529 82 1179
3 48 1038 529
6 48 529 1179 381 920 32
3 150 82 1087
3 535 150 1195
3 920 587 381
3 266 3 1056
3 587 3 1126
3 267 1195 1038
3 1135 920 32
3 210 193 474
3 210 193 1079
6 990 288 505 1048 103 1091
5 210 773 990 790 193
3 437 193 790
3 715 418 746
5 418 114 634 1048 715
3 418 114 525
3 990 773 1091
3 990 790 288
3 505 1048 715
3 634 114 85
3 773 210 923
3 1048 634 103
5 50 242 489 1056 1031
3 1087 672 1126
6 1193 257 998 489 535 150
3 242 50 1119
3 150 1193 1087
3 489 242 998
3 1056 489 535
3 218 50 1031
3 1056 1031 3
3 1193 454 257
5 585 1 832 628 914
3 585 1 730
6 554 1065 556 718 730 1
3 718 556 804
3 361 980 594
3 379 914 585
3 980 804 272
3 318 832 628
3 554 1 832
3 594 539 1080
3 556 539 1065
6 706 449 597 1182 242 549
5 310 870 706 692 458
3 155 86 740
3 115 86 1119
3 1182 1119 242
3 549 706 692
3 597 1182 799
3 458 310 883
3 870 310 28
3 692 458 1036
3 449 870 706
3 134 1192 836
3 242 50 1182
3 489 242 549
3 533 489 1056
3 1031 50 966
3 266 1056 1031
3 836 2 714
3 449 2 706
3 1192 917 179
3 597 449 917
3 52 358 351
3 186 168 1161
3 490 351 989
5 351 358 95 1071 989
3 1071 989 478
3 1071 95 1162
3 358 95 1086
3 637 226 745
3 934 637 948
3 38 1161 934
3 358 351 668
3 623 569 395
3 410 623 526
3 867 690 600
3 669 104 690
3 181 867 739
3 333 296 362
3 526 333 915
3 453 296 569
6 669 104 873 453 296 362
3 838 739 653
3 838 104 873
3 757 202 1169
3 820 7 1181
6 631 79 112 1129 43 879
6 1150 177 890 566 820 1181
6 112 557 890 566 1083 79
3 202 177 1150
3 79 1083 631
3 225 7 1164
3 631 225 879
3 112 1129 557
3 557 177 890
3 1083 820 566
3 43 1169 1129
3 276 805 558
3 796 558 54
6 854 316 1188 591 805 276
3 545 97 825
3 219 1047 933
3 796 97 907
3 933 316 854
3 401 316 1188
3 863 401 1009
3 1047 863 502
3 530 1144 924
3 374 1172 1020
5 9 854 1172 1020 23
6 1020 374 530 1144 1 1102
3 1172 854 276
3 591 223 1188
6 316 1188 223 1035 995 9
3 1020 23 1102
6 1 1102 23 995 1035 554
3 23 9 995
3 316 9 854
3 1144 554 1
3 554 223 1035
3 530 40 1144
3 1172 1020 331
3 374 331 1020
3 348 331 889
3 170 1172 854
6 1198 371 772 922 23 815
3 815 23 1020
3 787 111 1066
3 704 371 772
3 23 9 922
3 854 9 933
3 225 1164 787
3 1164 704 100
3 371 111 1198
6 1127 530 1144 832 652 16
3 530 374 1127
3 585 1 1102
3 16 1127 1011
3 914 585 567
3 652 628 832
3 832 1 1144
3 1011 348 643
6 871 505 1048 606 58 221
6 221 1035 223 1147 676 871
5 58 254 663 1065 1035
3 942 581 818
3 539 1065 663
3 1065 1035 223
6 606 254 356 367 503 1048
3 505 503 1048
3 663 254 356
3 221 58 1035
3 676 505 871
3 676 581 1147
3 254 58 606
5 342 209 795 349 573
5 932 633 642 487 636
3 491 349 573
3 164 636 487
3 102 932 636
3 932 633 542
3 795 209 1094
3 795 349 436
3 642 487 347
3 171 642 633
3 342 209 477
3 573 342 928
3 346 110 843
3 1181 945 820
3 575 530 1127
6 126 349 471 851 711 1075
3 711 40 1075
3 16 652 649
3 349 491 471
3 497 1109 575
3 264 649 491
3 1109 1075 126
3 652 318 832
3 471 318 851
3 703 370 779
6 779 140 1174 201 673 703
3 627 186 168
3 300 186 957
3 1004 300 1190
3 1174 627 140
3 673 1055 703
3 1055 346 75
3 497 143 1109
6 1129 112 1117 199 1071 688
3 1194 1117 199
3 1162 688 1071
3 143 79 631
3 1162 957 300
3 112 79 1117
3 688 43 1129
3 957 109 20
3 109 43 879
3 861 717 305
5 81 149 1198 1189 174
6 1186 81 752 1064 221 58
5 106 221 995 922 909
6 995 58 1186 149 815 23
3 772 922 909
3 23 995 922
3 1198 1189 371
3 227 174 1189
3 1198 149 815
3 149 81 1186
3 174 81 752
3 909 106 1145
3 221 106 1064
3 995 221 58
6 809 149 452 875 46 1125
3 245 1113 392
3 1090 689 380
3 111 1198 1189
3 1189 174 522
3 452 149 1198
3 149 81 809
3 174 81 1176
3 689 46 1125
3 392 46 875
5 215 835 1110 576 531
3 576 531 827
5 49 613 875 488 241
3 131 1110 835
3 531 215 1092
3 613 49 855
6 1092 215 285 307 488 806
3 835 215 285
3 241 49 1173
3 875 488 307
3 392 875 613
3 488 241 806
3 576 531 1128
3 1110 835 442
3 531 215 425
3 835 215 857
3 265 650 492
3 108 839 650
3 263 646 480
3 385 263 480
3 592 480 344
6 376 263 480 344 422 1106
5 185 1118 1106 570 69
6 509 185 232 848 612 880
6 69 1122 74 511 880 509
3 570 69 1122
3 646 511 74
3 422 1118 1106
3 185 69 509
3 232 185 1118
3 612 511 880
3 612 592 848
3 376 1106 570
6 1106 117 965 334 698 376
3 376 263 698
3 719 422 344
3 1060 719 327
3 833 385 484
3 422 117 1106
3 1131 698 334
3 260 1131 833
3 840 117 965
3 610 1060 840
3 232 848 755
3 19 1187 1027
3 125 792 354
5 710 520 619 865 415
3 865 415 975
6 198 208 686 975 865 548
3 710 415 1027
3 865 619 548
3 619 520 849
3 354 208 686
3 895 345 593
3 710 520 1041
6 707 39 415 534 938 550
3 1027 39 415
6 1187 142 630 428 683 19
3 275 169 1183
5 169 428 1167 938 275
3 550 275 938
3 1167 938 534
3 1187 918 142
3 918 450 373
3 450 39 707
3 1167 428 683
3 428 169 630
3 294 21 953
6 812 69 1051 670 692 1000
5 682 42 910 1051 509
3 230 21 756
6 69 812 294 953 447 509
3 682 42 1152
3 1051 509 69
3 692 1036 1000
3 1036 756 419
3 1000 294 812
3 447 682 509
3 670 1051 910
3 910 42 775
3 974 972 1026
6 612 797 677 1057 682 880
5 18 123 431 880 447
3 431 123 540
3 447 18 680
3 123 18 568
3 974 948 934
3 359 972 816
3 880 431 612
3 682 447 880
3 816 677 797
3 294 953 810
3 711 521 851
3 861 711 1075
3 573 349 471
3 717 620 803
3 795 209 687
3 795 349 126
3 342 209 589
3 620 521 1115
3 573 342 693
3 959 611 658
3 725 278 1132
3 671 96 282
3 534 415 865
3 39 710 415
3 312 865 619
3 564 96 929
3 619 520 528
3 671 550 707
3 793 564 248
3 793 550 938
3 710 520 337
3 548 312 865
6 117 847 310 656 461 1106
3 686 28 975
3 1069 376 698
3 208 1093 686
3 310 28 847
3 461 312 656
3 461 376 1106
3 1093 965 334
3 965 847 117
3 1139 724 329
5 78 142 724 1139 747
5 15 369 701 1114 837
6 205 701 338 411 78 1177
3 837 15 244
3 614 1114 837
3 459 1139 747
3 747 78 411
3 1114 701 338
3 724 142 918
3 142 78 1177
3 369 15 1171
3 701 369 205
3 364 1139 724
3 1139 747 274
3 420 78 747
3 956 683 19
5 921 956 683 4 588
3 299 956 921
3 921 588 1070
3 588 4 988
3 724 142 1187
3 142 78 630
3 428 4 683
3 197 817 725
3 469 960 817
6 817 469 1073 701 499 197
6 469 960 642 572 369 1073
3 651 15 837
3 1114 837 55
3 278 171 856
3 499 1114 701
3 642 171 960
3 369 15 572
3 701 369 1073
3 611 469 817
3 601 1143 959
6 1097 338 701 1073 708 98
3 404 338 1097
3 499 338 701
3 708 469 1073
3 1143 708 98
3 236 695 404
3 271 1006 695
3 1006 499 197
5 189 360 1073 205 565
3 360 189 423
3 636 487 1124
3 932 636 1074
3 625 932 633
3 1073 360 469
3 253 189 565
3 565 205 906
3 642 487 572
3 642 633 960
3 369 205 1073
3 147 51 780
3 1061 647 391
5 968 213 389 1133 1014
3 133 1133 389
6 732 1045 213 925 780 147
3 1133 1014 30
3 925 213 968
3 1014 968 375
3 389 213 1045
3 519 1061 524
3 647 147 732
5 103 758 809 1186 606
5 17 1064 871 288 120
3 809 758 595
3 1186 809 81
3 1064 17 752
3 758 103 1091
3 120 17 1184
3 288 120 990
3 1064 871 221
3 505 288 871
3 606 103 1048
3 58 1186 606
6 964 120 790 128 389 1099
3 128 790 193
3 239 48 1038
3 485 239 1130
5 48 1099 1045 485 239
3 990 773 467
3 120 990 790
3 1099 1045 389
3 1099 48 964
3 773 210 823
3 729 485 1045
3 147 794 780
3 681 41 1062
3 644 508 68
3 258 681 508
3 180 65 507
3 229 180 525
3 826 41 1010
3 1148 65 582
6 546 826 1010 418 1157 691
3 1157 525 418
3 691 1157 1148
3 826 644 546
3 290 189 360
3 1097 411 338
3 78 420 411
3 708 360 1073
3 98 1097 860
3 565 189 662
3 565 205 1177
3 860 287 977
3 420 287 188
3 1073 205 701
3 602 230 237
3 916 230 21
3 1025 916 35
3 985 516 486
5 80 92 1067 985 516
3 1067 985 824
3 516 80 661
3 92 80 1082
3 1067 92 810
3 1025 162 973
6 1186 254 559 488 452 149
3 809 758 1125
3 613 49 618
6 254 606 634 1040 241 559
3 241 49 1040
3 149 1186 809
3 758 103 1197
3 452 875 488
3 875 613 46
3 488 241 559
3 606 103 634
3 1186 606 254
6 1000 458 656 461 570 812
3 706 692 670
3 570 69 812
3 458 310 656
3 1118 1106 117
3 870 310 847
3 185 69 1051
3 1118 185 858
3 692 458 1000
3 870 706 2
3 1106 570 461
3 759 211 645
3 945 506 483
5 259 429 122 890 667
3 1181 814 1150
3 667 259 1028
3 429 122 224
3 429 259 609
3 506 265 650
3 177 122 890
3 566 890 667
3 34 969 577
3 755 336 697
6 291 733 416 557 890 190
3 667 259 952
3 429 122 958
3 429 259 955
3 25 1121 1105
3 583 453 296
6 291 453 296 952 667 190
3 890 122 557
3 416 1105 733
3 890 667 190
3 291 733 453
3 983 807 283
5 416 112 412 1158 712
3 1158 412 339
3 412 112 79
3 416 112 557
3 712 416 733
3 99 1158 712
6 807 291 733 712 99 283
3 566 206 1083
3 983 206 1049
3 566 190 890
3 291 190 807
3 533 532 864
3 535 533 489
3 887 664 311
3 664 257 998
3 578 535 150
3 1103 578 24
3 27 1103 532
3 309 887 882
3 262 257 1193
3 882 262 308
6 1166 764 937 902 5 456
5 762 764 767 812 1122
3 764 762 937
3 570 1122 812
3 1122 762 464
3 248 53 564
3 53 5 902
3 458 883 656
3 812 767 1000
3 767 764 1166
3 656 248 461
3 1188 1147 223
6 871 106 978 1014 64 676
3 922 909 207
3 995 922 9
3 64 30 1014
3 909 106 978
3 221 106 871
3 324 30 1095
3 316 1188 324
3 995 221 1035
3 676 64 1147
3 1102 815 23
3 1 1102 730
3 1065 663 556
3 554 1065 1035
6 559 663 556 718 307 488
3 815 452 149
3 730 307 718
3 559 254 663
3 452 307 488
3 1035 58 995
3 254 58 1186
5 12 673 1015 1111 902
3 456 1166 1155
5 77 140 720 1166 1155
3 902 12 937
3 5 1111 902
3 720 140 779
3 764 720 1166
3 140 77 1174
3 1155 77 408
3 673 12 703
3 1015 673 201
3 1111 1015 61
3 60 989 351
3 199 1071 989
3 688 95 1071
3 358 95 1023
3 405 1158 412
3 412 112 1117
3 416 112 1129
3 712 416 1105
3 901 712 1158
3 556 718 640
3 682 42 1057
3 336 152 577
3 185 1051 509
3 682 509 880
3 848 797 612
3 677 152 797
3 1051 910 10
3 891 42 910
3 275 169 853
3 482 12 902
6 1015 495 536 1167 4 1168
3 1111 902 53
3 938 275 793
3 536 1167 938
3 673 12 1055
3 1015 673 1168
3 495 1111 1015
3 1167 428 4
3 428 169 603
3 1166 1155 14
6 561 18 953 294 767 720
6 1155 387 1052 897 1067 14
3 953 680 18
3 720 140 561
3 1166 720 767
3 140 77 627
3 387 77 1155
3 680 38 1161
3 897 810 1067
3 897 38 1052
3 764 762 862
3 1122 812 69
3 431 123 514
3 74 1122 762
3 447 18 953
3 123 18 561
3 812 767 294
3 767 764 720
3 511 431 880
3 880 447 509
3 397 956 683
3 268 1136 1039
3 956 921 183
3 921 588 94
3 536 495 1136
3 588 4 1168
3 1039 29 233
3 495 61 1015
3 683 4 1167
3 61 29 1085
3 1133 389 128
3 64 1133 1014
3 968 213 1196
3 399 17 1064
3 120 17 964
3 288 120 790
3 1014 968 978
3 389 213 1099
3 106 1064 871
3 871 288 676
3 240 985 516
3 640 231 321
3 239 48 529
3 485 239 515
3 381 89 1179
3 925 780 982
3 982 381 920
3 251 89 794
3 213 1099 1045
3 1099 48 32
3 1045 485 732
3 715 418 1010
3 14 1067 985
3 408 387 1155
3 1077 161 1120
3 387 161 1052
3 516 80 666
3 92 80 1140
3 897 92 1067
3 29 1085 408
3 1085 1077 355
3 667 1028 952
3 1028 211 1042
3 737 577 336
3 669 362 759
3 901 737 446
3 283 99 969
5 356 383 546 806 559
3 215 857 285
3 383 356 696
3 307 285 718
3 559 356 663
3 806 559 488
3 806 546 1092
3 546 383 644
3 367 356 383
3 418 114 1157
3 1048 715 503
3 254 559 356
3 634 114 1040
3 241 806 559
3 606 1048 634
3 691 546 806
3 546 383 826
3 296 952 362
5 424 234 1029 873 291
3 830 234 1029
3 424 234 626
3 424 291 190
3 104 1029 873
3 873 291 453
3 901 99 712
3 1029 234 407
3 424 234 913
3 424 291 807
3 1029 873 838
3 733 291 873
17 0 1 2 3 4 5 6 7 8 9 10 11 12 13 14 15 16
17 17 18 19 20 21 22 23 24 25 26 27 28 29 30 31 32 33
4 34 35 36 37
17 0 38 39 40 41 42 43 44 45 46 47 48 49 50 51 52 53
17 54 55 56 57 58 59 60 61 62 63 64 65 66 67 68 69 70
17 34 71 72 73 74 75 76 77 78 79 80 81 82 83 84 85 86
17 87 88 89 90 91 92 93 94 95 96 97 98 99 100 101 102 103
17 104 105 106 107 108 109 110 111 112 113 114 115 116 117 118 119 120
17 38 121 122 123 124 125 126 127 128 129 130 131 132 133 134 135 136
4 137 138 139 140
17 137 141 142 143 144 145 146 147 148 149 150 151 152 153 154 155 156
17 157 158 159 160 161 162 163 164 165 166 167 168 169 170 171 172 173
17 1 54 174 175 176 177 178 179 180 181 182 183 184 185 186 187 188
17 189 190 191 192 193 194 195 196 197 198 199 200 201 202 203 204 205
17 206 207 208 209 210 211 212 213 214 215 216 217 218 219 220 221 222
4 189 206 223 224
4 225 226 227 228
17 229 230 231 232 233 234 235 236 237 238 239 240 241 242 243 244 245
17 35 246 247 248 249 250 251 252 253 254 255 256 257 258 259 260 261
17 141 246 262 263 264 265 266 267 268 269 270 271 272 273 274 275 276
17 277 278 279 280 281 282 283 284 285 286 287 288 289 290 291 292 293
4 294 295 296 297
17 277 294 298 299 300 301 302 303 304 305 306 307 308 309 310 311 312
17 295 298 313 314 315 316 317 318 319 320 321 322 323 324 325 326 327
17 278 328 329 330 331 332 333 334 335 336 337 338 339 340 341 342 343
17 328 344 345 346 347 348 349 350 351 352 353 354 355 356 357 358 359
17 17 360 361 362 363 364 365 366 367 368 369 370 371 372 373 374 375
17 279 296 313 376 377 378 379 380 381 382 383 384 385 386 387 388 389
17 344 390 391 392 393 394 395 396 397 398 399 400 401 402 403 404 405
17 390 406 407 408 409 410 411 412 413 414 415 416 417 418 419 420 421
4 422 423 424 425
17 207 376 426 427 428 429 430 431 432 433 434 435 436 437 438 439 440
17 441 442 443 444 445 446 447 448 449 450 451 452 453 454 455 456 457
4 441 458 459 460
17 121 458 461 462 463 464 465 466 467 468 469 470 471 472 473 474 475
17 208 442 459 461 476 477 478 479 480 481 482 483 484 485 486 487 488
17 2 55 122 476 489 490 491 492 493 494 495 496 497 498 499 500 501
4 56 502 503 504
17 174 190 505 506 507 508 509 510 511 512 513 514 515 516 517 518 519
17 502 520 521 522 523 524 525 526 527 528 529 530 531 532 533 534 535
17 57 503 505 520 536 537 538 539 540 541 542 543 544 545 546 547 548
17 329 391 549 550 551 552 553 554 555 556 557 558 559 560 561 562 563
17 280 345 564 565 566 567 568 569 570 571 572 573 574 575 576 577 578
17 392 422 579 580 581 582 583 584 585 586 587 588 589 590 591 592 593
4 393 549 594 595
17 596 597 598 599 600 601 602 603 604 605 606 607 608 609 610 611 612
17 87 596 613 614 615 616 617 618 619 620 621 622 623 624 625 626 627
17 628 629 630 631 632 633 634 635 636 637 638 639 640 641 642 643 644
17 175 645 646 647 648 649 650 651 652 653 654 655 656 657 658 659 660
17 3 71 247 645 661 662 663 664 665 666 667 668 669 670 671 672 673
17 262 674 675 676 677 678 679 680 681 682 683 684 685 686 687 688 689
17 674 690 691 692 693 694 695 696 697 698 699 700 701 702 703 704 705
17 263 690 706 707 708 709 710 711 712 713 714 715 716 717 718 719 720
17 88 721 722 723 724 725 726 727 728 729 730 731 732 733 734 735 736
4 89 721 737 738
17 58 123 722 737 739 740 741 742 743 744 745 746 747 748 749 750 751
17 506 521 752 753 754 755 756 757 758 759 760 761 762 763 764 765 766
17 142 767 768 769 770 771 772 773 774 775 776 777 778 779 780 781 782
17 783 784 785 786 787 788 789 790 791 792 793 794 795 796 797 798 799
17 36 72 248 646 800 801 802 803 804 805 806 807 808 809 810 811 812
17 157 752 767 800 813 814 815 816 817 818 819 820 821 822 823 824 825
4 801 826 827 828
17 829 830 831 832 833 834 835 836 837 838 839 840 841 842 843 844 845
17 846 847 848 849 850 851 852 853 854 855 856 857 858 859 860 861 862
4 863 864 865 866
4 59 124 489 867
17 191 753 768 868 869 870 871 872 873 874 875 876 877 878 879 880 881
17 143 249 507 647 813 868 882 883 884 885 886 887 888 889 890 891 892
4 176 508 648 893
17 138 894 895 896 897 898 899 900 901 902 903 904 905 906 907 908 909
17 139 144 706 869 894 910 911 912 913 914 915 916 917 918 919 920 921
17 125 477 922 923 924 925 926 927 928 929 930 931 932 933 934 935 936
17 937 938 939 940 941 942 943 944 945 946 947 948 949 950 951 952 953
17 39 209 490 691 922 954 955 956 957 958 959 960 961 962 963 964 965
4 4 40 954 966
17 41 264 661 692 967 968 969 970 971 972 973 974 975 976 977 978 979
17 5 707 955 966 967 980 981 982 983 984 985 986 987 988 989 990 991
17 104 158 783 802 992 993 994 995 996 997 998 999 1000 1001 1002 1003 1004
4 159 814 992 1005
4 177 192 509 1006
4 60 178 510 536
4 708 910 1007 1008
17 179 193 265 662 882 911 980 1009 1010 1011 1012 1013 1014 1015 1016 1017 1018
4 6 180 981 1009
4 194 982 1010 1019
17 229 1020 1021 1022 1023 1024 1025 1026 1027 1028 1029 1030 1031 1032 1033 1034 1035
4 230 1020 1036 1037
17 225 231 1036 1038 1039 1040 1041 1042 1043 1044 1045 1046 1047 1048 1049 1050 1051
17 105 803 826 1052 1053 1054 1055 1056 1057 1058 1059 1060 1061 1062 1063 1064 1065
4 895 912 1066 1067
17 314 426 896 1066 1068 1069 1070 1071 1072 1073 1074 1075 1076 1077 1078 1079 1080
17 145 250 815 993 1005 1081 1082 1083 1084 1085 1086 1087 1088 1089 1090 1091 1092
4 281 299 564 1093
17 360 784 1094 1095 1096 1097 1098 1099 1100 1101 1102 1103 1104 1105 1106 1107 1108
4 785 994 1081 1109
17 266 786 1082 1110 1111 1112 1113 1114 1115 1116 1117 1118 1119 1120 1121 1122 1123
17 897 1094 1124 1125 1126 1127 1128 1129 1130 1131 1132 1133 1134 1135 1136 1137 1138
4 361 1139 1140 1141
17 362 1139 1142 1143 1144 1145 1146 1147 1148 1149 1150 1151 1152 1153 1154 1155 1156
4 315 1157 1158 1159
4 427 1068 1160 1161
17 363 1069 1124 1157 1160 1162 1163 1164 1165 1166 1167 1168 1169 1170 1171 1172 1173
17 297 300 377 565 1093 1174 1175 1176 1177 1178 1179 1180 1181 1182 1183 1184 1185
17 423 579 1186 1187 1188 1189 1190 1191 1192 1193 1194 1195 1196 1197 1198 1199 1200
17 18 406 580 1201 1202 1203 1204 1205 1206 1207 1208 1209 1210 1211 1212 1213 1214
17 424 1186 1201 1215 1216 1217 1218 1219 1220 1221 1222 1223 1224 1225 1226 1227 1228
4 407 1202 1229 1230
4 282 346 566 1231
4 378 428 1232 1233
17 379 1234 1235 1236 1237 1238 1239 1240 1241 1242 1243 1244 1245 1246 1247 1248 1249
17 429 478 1232 1234 1250 1251 1252 1253 1254 1255 1256 1257 1258 1259 1260 1261 1262
4 430 1235 1250 1263
17 19 316 431 1142 1158 1161 1162 1236 1263 1264 1265 1266 1267 1268 1269 1270 1271
17 443 462 1251 1272 1273 1274 1275 1276 1277 1278 1279 1280 1281 1282 1283 1284 1285
17 444 460 463 491 537 739 1286 1287 1288 1289 1290 1291 1292 1293 1294 1295 1296
17 723 1272 1286 1297 1298 1299 1300 1301 1302 1303 1304 1305 1306 1307 1308 1309 1310
17 1143 1237 1273 1311 1312 1313 1314 1315 1316 1317 1318 1319 1320 1321 1322 1323 1324
17 464 740 1297 1311 1325 1326 1327 1328 1329 1330 1331 1332 1333 1334 1335 1336 1337
17 181 195 210 223 445 492 538 983 1006 1019 1338 1339 1340 1341 1342 1343 1344
17 7 61 126 867 1345 1346 1347 1348 1349 1350 1351 1352 1353 1354 1355 1356 1357
4 8 62 182 1345
4 251 649 663 804
17 1358 1359 1360 1361 1362 1363 1364 1365 1366 1367 1368 1369 1370 1371 1372 1373 1374
4 196 511 754 870
4 512 539 755 1375
17 550 1376 1377 1378 1379 1380 1381 1382 1383 1384 1385 1386 1387 1388 1389 1390 1391
17 408 551 594 1392 1393 1394 1395 1396 1397 1398 1399 1400 1401 1402 1403 1404 1405
17 846 863 1406 1407 1408 1409 1410 1411 1412 1413 1414 1415 1416 1417 1418 1419 1420
17 864 1376 1392 1406 1421 1422 1423 1424 1425 1426 1427 1428 1429 1430 1431 1432 1433
4 1393 1407 1421 1434
17 1394 1408 1434 1435 1436 1437 1438 1439 1440 1441 1442 1443 1444 1445 1446 1447 1448
17 1174 1358 1449 1450 1451 1452 1453 1454 1455 1456 1457 1458 1459 1460 1461 1462 1463
17 301 330 567 1449 1464 1465 1466 1467 1468 1469 1470 1471 1472 1473 1474 1475 1476
17 347 552 1464 1477 1478 1479 1480 1481 1482 1483 1484 1485 1486 1487 1488 1489 1490
17 394 595 1377 1395 1491 1492 1493 1494 1495 1496 1497 1498 1499 1500 1501 1502 1503
17 395 597 1378 1477 1504 1505 1506 1507 1508 1509 1510 1511 1512 1513 1514 1515 1516
4 1491 1517 1518 1519
17 232 1187 1517 1520 1521 1522 1523 1524 1525 1526 1527 1528 1529 1530 1531 1532 1533
17 409 581 1229 1492 1518 1520 1534 1535 1536 1537 1538 1539 1540 1541 1542 1543 1544
4 396 410 582 1534
4 397 583 1493 1545
17 364 1188 1203 1230 1535 1546 1547 1548 1549 1550 1551 1552 1553 1554 1555 1556 1557
17 1422 1494 1558 1559 1560 1561 1562 1563 1564 1565 1566 1567 1568 1569 1570 1571 1572
17 584 1495 1504 1519 1521 1545 1573 1574 1575 1576 1577 1578 1579 1580 1581 1582 1583
17 628 1396 1409 1558 1584 1585 1586 1587 1588 1589 1590 1591 1592 1593 1594 1595 1596
4 1559 1584 1597 1598
4 1560 1599 1600 1601
17 629 1561 1573 1597 1602 1603 1604 1605 1606 1607 1608 1609 1610 1611 1612 1613 1614
17 598 1379 1562 1574 1599 1615 1616 1617 1618 1619 1620 1621 1622 1623 1624 1625 1626
17 1602 1615 1627 1628 1629 1630 1631 1632 1633 1634 1635 1636 1637 1638 1639 1640 1641
4 1522 1575 1642 1643
17 599 1189 1576 1627 1642 1644 1645 1646 1647 1648 1649 1650 1651 1652 1653 1654 1655
4 600 613 1644 1656
17 614 1645 1656 1657 1658 1659 1660 1661 1662 1663 1664 1665 1666 1667 1668 1669 1670
17 522 1423 1600 1616 1671 1672 1673 1674 1675 1676 1677 1678 1679 1680 1681 1682 1683
17 601 1346 1671 1684 1685 1686 1687 1688 1689 1690 1691 1692 1693 1694 1695 1696 1697
4 602 615 1684 1698
17 603 1380 1672 1699 1700 1701 1702 1703 1704 1705 1706 1707 1708 1709 1710 1711 1712
4 604 616 1699 1713
17 937 1325 1714 1715 1716 1717 1718 1719 1720 1721 1722 1723 1724 1725 1726 1727 1728
4 465 1312 1326 1729
17 693 923 1730 1731 1732 1733 1734 1735 1736 1737 1738 1739 1740 1741 1742 1743 1744
17 211 924 1070 1125 1745 1746 1747 1748 1749 1750 1751 1752 1753 1754 1755 1756 1757
17 709 898 956 1007 1730 1745 1758 1759 1760 1761 1762 1763 1764 1765 1766 1767 1768
4 1731 1746 1758 1769
4 630 1770 1771 1772
17 37 73 252 675 968 1052 1773 1774 1775 1776 1777 1778 1779 1780 1781 1782 1783
4 694 957 969 984
4 267 695 710 970
4 9 42 664 971
17 43 631 665 1770 1784 1785 1786 1787 1788 1789 1790 1791 1792 1793 1794 1795 1796
4 696 925 958 1732
17 44 697 926 1797 1798 1799 1800 1801 1802 1803 1804 1805 1806 1807 1808 1809 1810
17 1190 1657 1811 1812 1813 1814 1815 1816 1817 1818 1819 1820 1821 1822 1823 1824 1825
17 20 1144 1215 1238 1546 1811 1826 1827 1828 1829 1830 1831 1832 1833 1834 1835 1836
17 90 738 741 1347 1837 1838 1839 1840 1841 1842 1843 1844 1845 1846 1847 1848 1849
17 127 938 1327 1797 1837 1850 1851 1852 1853 1854 1855 1856 1857 1858 1859 1860 1861
4 742 1328 1838 1862
17 106 160 1863 1864 1865 1866 1867 1868 1869 1870 1871 1872 1873 1874 1875 1876 1877
17 523 1700 1878 1879 1880 1881 1882 1883 1884 1885 1886 1887 1888 1889 1890 1891 1892
4 769 816 871 883
4 74 805 1893 1894
17 1053 1895 1896 1897 1898 1899 1900 1901 1902 1903 1904 1905 1906 1907 1908 1909 1910
17 829 847 1435 1585 1911 1912 1913 1914 1915 1916 1917 1918 1919 1920 1921 1922 1923
4 848 1410 1436 1924
17 830 849 1437 1924 1925 1926 1927 1928 1929 1930 1931 1932 1933 1934 1935 1936 1937
17 513 650 817 893 1938 1939 1940 1941 1942 1943 1944 1945 1946 1947 1948 1949 1950
17 524 850 1863 1951 1952 1953 1954 1955 1956 1957 1958 1959 1960 1961 1962 1963 1964
4 851 1925 1965 1966
17 1895 1926 1967 1968 1969 1970 1971 1972 1973 1974 1975 1976 1977 1978 1979 1980 1981
4 831 1967 1982 1983
17 107 161 806 827 1893 1938 1984 1985 1986 1987 1988 1989 1990 1991 1992 1993 1994
4 162 807 818 1984
4 108 808 995 1985
17 109 1896 1927 1965 1995 1996 1997 1998 1999 2000 2001 2002 2003 2004 2005 2006 2007
4 1673 1685 1701 2008
4 1686 1839 2009 2010
4 128 743 1840 1850
4 63 540 2011 2012
4 64 541 744 1287
4 197 872 884 1011
4 129 466 479 493
4 45 927 959 1798
17 939 1784 1799 2013 2014 2015 2016 2017 2018 2019 2020 2021 2022 2023 2024 2025 2026
17 605 1628 1658 2013 2027 2028 2029 2030 2031 2032 2033 2034 2035 2036 2037 2038 2039
17 940 2027 2040 2041 2042 2043 2044 2045 2046 2047 2048 2049 2050 2051 2052 2053 2054
17 198 212 224 913 985 1008 1067 1071 1759 2055 2056 2057 2058 2059 2060 2061 2062
4 213 480 1747 2063
4 146 770 873 914
17 432 874 2055 2064 2065 2066 2067 2068 2069 2070 2071 2072 2073 2074 2075 2076 2077
4 253 809 819 885
4 183 514 886 1012
4 651 666 887 1013
17 110 787 1897 2078 2079 2080 2081 2082 2083 2084 2085 2086 2087 2088 2089 2090 2091
17 1095 1110 2078 2092 2093 2094 2095 2096 2097 2098 2099 2100 2101 2102 2103 2104 2105
17 365 1126 1140 2092 2106 2107 2108 2109 2110 2111 2112 2113 2114 2115 2116 2117 2118
17 226 1038 2106 2119 2120 2121 2122 2123 2124 2125 2126 2127 2128 2129 2130 2131 2132
17 632 1771 1911 2133 2134 2135 2136 2137 2138 2139 2140 2141 2142 2143 2144 2145 2146
4 1359 2147 2148 2149
17 996 1175 1360 1864 2147 2150 2151 2152 2153 2154 2155 2156 2157 2158 2159 2160 2161
4 147 915 2162 2163
17 380 771 916 1072 2064 2162 2164 2165 2166 2167 2168 2169 2170 2171 2172 2173 2174
17 148 317 899 1176 2163 2164 2175 2176 2177 2178 2179 2180 2181 2182 2183 2184 2185
17 302 788 1083 1109 2150 2175 2186 2187 2188 2189 2190 2191 2192 2193 2194 2195 2196
17 140 149 711 900 1096 1111 2186 2197 2198 2199 2200 2201 2202 2203 2204 2205 2206
17 21 283 318 1216 1239 2207 2208 2209 2210 2211 2212 2213 2214 2215 2216 2217 2218
17 22 319 901 1097 1159 1163 2187 2219 2220 2221 2222 2223 2224 2225 2226 2227 2228
17 303 331 789 2207 2219 2229 2230 2231 2232 2233 2234 2235 2236 2237 2238 2239 2240
4 997 1084 1112 2241
4 790 1113 2188 2197
17 254 676 998 1054 1114 2079 2241 2242 2243 2244 2245 2246 2247 2248 2249 2250 2251
4 902 2176 2189 2198
4 1098 1127 2093 2252
4 1128 1748 1760 2253
4 698 712 1733 1761
4 150 268 713 917
4 269 714 986 1014
4 23 366 1099 2220
4 1100 1129 1164 2221
4 367 1101 2094 2107
17 1141 1145 1165 2108 2254 2255 2256 2257 2258 2259 2260 2261 2262 2263 2264 2265 2266
17 1130 1714 2119 2254 2267 2268 2269 2270 2271 2272 2273 2274 2275 2276 2277 2278 2279
4 368 1547 2109 2280
17 227 233 2120 2255 2281 2282 2283 2284 2285 2286 2287 2288 2289 2290 2291 2292 2293
17 1146 1523 1548 1812 2110 2280 2281 2294 2295 2296 2297 2298 2299 2300 2301 2302 2303
17 1177 1361 2165 2304 2305 2306 2307 2308 2309 2310 2311 2312 2313 2314 2315 2316 2317
4 1178 1362 1450 2304
17 284 348 425 585 1217 1231 2318 2319 2320 2321 2322 2323 2324 2325 2326 2327 2328
4 332 349 1465 1478
4 350 398 553 1479
4 411 1397 1496 1536
17 724 1218 1813 2329 2330 2331 2332 2333 2334 2335 2336 2337 2338 2339 2340 2341 2342
4 1252 1274 1313 2343
17 433 481 1166 1749 2063 2267 2344 2345 2346 2347 2348 2349 2350 2351 2352 2353 2354
17 467 1253 1264 1314 1715 1729 2256 2343 2344 2355 2356 2357 2358 2359 2360 2361 2362
4 214 434 482 1254
17 199 215 446 1255 2065 2363 2364 2365 2366 2367 2368 2369 2370 2371 2372 2373 2374
4 130 494 745 1288
4 468 746 1289 1329
4 469 1275 1298 1330
4 10 184 495 1338
4 216 483 496 1339
4 11 185 2375 2376
17 12 652 1785 2375 2377 2378 2379 2380 2381 2382 2383 2384 2385 2386 2387 2388 2389
17 1381 1451 1480 2390 2391 2392 2393 2394 2395 2396 2397 2398 2399 2400 2401 2402 2403
17 568 1452 1481 2305 2404 2405 2406 2407 2408 2409 2410 2411 2412 2413 2414 2415 2416
4 1482 2390 2404 2417
4 217 2056 2066 2363
4 832 1438 1912 1928
4 1439 1929 1968 2418
17 412 833 1440 1969 1982 2418 2419 2420 2421 2422 2423 2424 2425 2426 2427 2428 2429
17 1411 1453 1930 2430 2431 2432 2433 2434 2435 2436 2437 2438 2439 2440 2441 2442 2443
4 1412 1424 2430 2444
17 554 1425 1441 1466 2391 2431 2444 2445 2446 2447 2448 2449 2450 2451 2452 2453 2454
17 91 1191 1659 2318 2329 2455 2456 2457 2458 2459 2460 2461 2462 2463 2464 2465 2466
4 586 1192 1524 1537
17 1413 1563 1601 1674 1951 2467 2468 2469 2470 2471 2472 2473 2474 2475 2476 2477 2478
17 1021 1525 1603 1643 1646 1814 2282 2479 2480 2481 2482 2483 2484 2485 2486 2487 2488
4 1815 2479 2489 2490
17 1629 1660 2040 2480 2489 2491 2492 2493 2494 2495 2496 2497 2498 2499 2500 2501 2502
4 606 1617 1675 1702
17 617 941 1687 1841 2009 2028 2503 2504 2505 2506 2507 2508 2509 2510 2511 2512 2513
4 607 1577 1618 1647
4 1648 1661 2481 2491
4 1398 1497 1564 1586
4 1414 1426 1565 1587
4 1816 2283 2294 2514
17 725 942 1331 1842 1862 2515 2516 2517 2518 2519 2520 2521 2522 2523 2524 2525 2526
17 1299 1315 1826 2330 2515 2527 2528 2529 2530 2531 2532 2533 2534 2535 2536 2537 2538
4 1630 1649 1662 2029
4 351 2319 2539 2540
17 352 726 2405 2455 2539 2541 2542 2543 2544 2545 2546 2547 2548 2549 2550 2551 2552
4 1193 1650 1663 1817
17 1147 1818 2284 2490 2492 2514 2527 2553 2554 2555 2556 2557 2558 2559 2560 2561 2562
17 865 1363 1427 1703 2392 2432 2563 2564 2565 2566 2567 2568 2569 2570 2571 2572 2573
17 228 1022 1039 2268 2285 2493 2574 2575 2576 2577 2578 2579 2580 2581 2582 2583 2584
4 1332 1716 2516 2585
17 1316 1717 2041 2257 2517 2553 2574 2585 2586 2587 2588 2589 2590 2591 2592 2593 2594
17 75 653 834 1786 1894 1986 2133 2595 2596 2597 2598 2599 2600 2601 2602 2603 2604
4 1787 2377 2595 2605
4 667 972 987 1015
4 255 270 668 973
4 654 669 1788 2378
4 13 186 655 670
4 943 1333 1851 2518
17 46 1348 1852 2014 2379 2503 2606 2607 2608 2609 2610 2611 2612 2613 2614 2615 2616
4 727 1300 1334 2519
4 1317 1335 2520 2528
17 163 756 1939 1952 2617 2618 2619 2620 2621 2622 2623 2624 2625 2626 2627 2628 2629
4 164 820 1940 2617
17 165 772 1085 2148 2151 2177 2306 2630 2631 2632 2633 2634 2635 2636 2637 2638 2639
4 166 1865 2152 2630
4 999 1086 2153 2631
17 1364 1866 2149 2632 2640 2641 2642 2643 2644 2645 2646 2647 2648 2649 2650 2651 2652
4 1365 1867 2640 2653
4 1953 2641 2654 2655
4 525 1878 1954 2656
17 167 757 773 1879 1955 2642 2654 2657 2658 2659 2660 2661 2662 2663 2664 2665 2666
17 866 1415 1676 1880 1956 2563 2643 2655 2656 2667 2668 2669 2670 2671 2672 2673 2674
17 1366 2393 2406 2417 2675 2676 2677 2678 2679 2680 2681 2682 2683 2684 2685 2686 2687
17 1467 1995 2080 2229 2433 2688 2689 2690 2691 2692 2693 2694 2695 2696 2697 2698 2699
4 1454 1468 2434 2445
4 111 1055 1996 2700
4 515 758 821 888
4 526 1957 2618 2701
17 852 1367 1868 1997 2435 2653 2667 2702 2703 2704 2705 2706 2707 2708 2709 2710 2711
17 76 828 835 1056 1970 1983 1987 1998 2700 2712 2713 2714 2715 2716 2717 2718 2719
17 836 853 1869 1966 1988 1999 2619 2720 2721 2722 2723 2724 2725 2726 2727 2728 2729
4 256 810 1000 1087
4 112 1001 2154 2730
4 168 1870 2644 2657
4 1871 1958 2668 2702
17 875 2364 2658 2731 2732 2733 2734 2735 2736 2737 2738 2739 2740 2741 2742 2743 2744
17 200 447 542 759 1375 1881 2731 2745 2746 2747 2748 2749 2750 2751 2752 2753 2754
17 92 543 747 1882 2011 2755 2756 2757 2758 2759 2760 2761 2762 2763 2764 2765 2766
17 65 527 618 1688 1698 1704 1843 2008 2010 2012 2755 2767 2768 2769 2770 2771 2772
4 93 619 1844 2504
4 748 1845 2756 2767
4 66 749 1349 1846
4 448 497 1290 1340
4 67 498 544 1341
4 656 822 889 1941
4 657 811 1942 1989
4 928 1800 2773 2774
17 944 1734 1801 2773 2775 2776 2777 2778 2779 2780 2781 2782 2783 2784 2785 2786 2787
4 945 1802 1853 2775
17 470 929 1718 1854 2345 2774 2776 2788 2789 2790 2791 2792 2793 2794 2795 2796 2797
4 14 47 131 499
4 132 500 930 960
4 15 48 1350 2606
4 133 1351 1855 2607
4 946 2015 2042 2798
4 715 961 988 1762
4 218 1750 1763 2057
4 903 1073 1751 1764
4 151 823 890 1088
4 1057 1898 2081 2242
4 791 1115 2082 2243
4 2095 2111 2121 2799
4 1131 2112 2122 2800
17 1132 1765 2096 2123 2199 2252 2253 2800 2801 2802 2803 2804 2805 2806 2807 2808 2809
17 1899 2097 2124 2244 2799 2810 2811 2812 2813 2814 2815 2816 2817 2818 2819 2820 2821
17 1023 1604 2134 2494 2822 2823 2824 2825 2826 2827 2828 2829 2830 2831 2832 2833 2834
17 77 974 1772 1789 1803 2135 2835 2836 2837 2838 2839 2840 2841 2842 2843 2844 2845
4 1024 2136 2822 2846
4 1368 1455 2155 2847
17 113 304 792 1456 2156 2688 2703 2730 2847 2848 2849 2850 2851 2852 2853 2854 2855
4 1872 2157 2704 2848
4 1179 2158 2307 2633
4 904 1074 1133 1167
4 285 305 2208 2230
4 286 333 2209 2856
4 306 1180 2178 2190
4 307 320 2222 2231
4 793 1102 2083 2098
4 1103 2223 2232 2857
4 152 1089 1116 2200
4 271 677 716 2858
17 678 717 1040 1117 1735 2801 2810 2858 2859 2860 2861 2862 2863 2864 2865 2866 2867
4 1041 2125 2802 2859
17 1042 1736 1752 1769 2269 2788 2803 2868 2869 2870 2871 2872 2873 2874 2875 2876 2877
4 257 272 679 1773
4 258 273 1118 2245
4 905 1104 2201 2224
4 2099 2804 2811 2860
4 1737 2805 2861 2868
4 153 259 274 1090
4 918 989 1016 2058
4 201 876 919 2059
4 260 275 891 1017
4 154 892 920 1018
4 369 1134 1168 2113
17 370 1204 1900 2100 2878 2879 2880 2881 2882 2883 2884 2885 2886 2887 2888 2889 2890
4 371 2114 2878 2891
17 413 1549 1971 2115 2812 2879 2891 2892 2893 2894 2895 2896 2897 2898 2899 2900 2901
17 24 1105 2084 2233 2857 2880 2902 2903 2904 2905 2906 2907 2908 2909 2910 2911 2912
4 25 2210 2234 2902
4 334 2235 2903 2913
17 335 399 1205 2211 2320 2856 2904 2913 2914 2915 2916 2917 2918 2919 2920 2921 2922
17 336 1901 1931 2446 2689 2905 2923 2924 2925 2926 2927 2928 2929 2930 2931 2932 2933
4 1181 2166 2179 2308
17 381 569 1233 1256 2067 2309 2934 2935 2936 2937 2938 2939 2940 2941 2942 2943 2944
4 570 1182 2310 2407
4 571 1457 1469 2408
4 449 1276 1291 1301
17 450 1302 2541 2675 2732 2945 2946 2947 2948 2949 2950 2951 2952 2953 2954 2955 2956
17 572 1303 2321 2331 2540 2542 2957 2958 2959 2960 2961 2962 2963 2964 2965 2966 2967
4 382 1240 2934 2968
4 26 372 1148 1827
4 287 321 383 2212
17 353 587 620 1505 1651 2456 2969 2970 2971 2972 2973 2974 2975 2976 2977 2978 2979
4 400 588 1506 2969
4 337 354 2322 2914
17 414 555 1442 1972 2881 2915 2923 2980 2981 2982 2983 2984 2985 2986 2987 2988 2989
17 1025 1498 1526 1588 1598 1605 2137 2990 2991 2992 2993 2994 2995 2996 2997 2998 2999
4 556 1382 1428 2447
4 1194 1819 2332 2457
4 27 373 1206 1550
4 28 1219 1828 2213
4 1207 1220 1551 1829
4 589 1195 1208 1552
4 1196 1221 1820 1830
4 1149 1821 1831 2554
4 1150 1553 1832 2295
4 1222 1833 2333 2529
4 322 906 1075 2225
4 323 2180 2191 2226
4 435 1257 2346 2355
4 1169 1265 2347 2356
4 471 484 1258 1277
4 728 750 1292 1304
17 729 1293 2745 2757 2945 3000 3001 3002 3003 3004 3005 3006 3007 3008 3009 3010 3011
4 355 573 1483 2409
4 219 451 485 2365
4 202 452 1342 2366
4 114 794 1002 2085
4 608 621 1507 2970
4 1508 1578 1652 2971
4 1527 2286 2296 2482
17 1719 2043 2575 2777 2823 2869 3012 3013 3014 3015 3016 3017 3018 3019 3020 3021 3022
4 234 1026 2287 2576
4 2288 2483 2495 2577
4 609 1619 1689 3023
4 610 1620 1631 2030
17 68 504 516 528 1690 2467 2620 2701 3024 3025 3026 3027 3028 3029 3030 3031 3032
4 529 1677 2468 3024
4 1579 1606 1632 1653
4 633 1607 1633 3033
4 1634 2016 2031 3034
17 187 1352 1943 2376 2380 3025 3035 3036 3037 3038 3039 3040 3041 3042 3043 3044 3045
4 1566 1589 2469 3046
17 854 1590 2470 2621 3035 3046 3047 3048 3049 3050 3051 3052 3053 3054 3055 3056 3057
4 1383 1399 1429 1499
4 1567 1608 1621 1635
17 94 1664 2044 2334 2505 2521 2555 3058 3059 3060 3061 3062 3063 3064 3065 3066 3067
4 590 1197 1580 1654
4 591 1198 2458 2972
4 1199 1528 1822 2484
4 1200 1554 1823 2297
4 2289 2556 2578 2586
4 1384 1430 1568 1622
4 1043 2126 2270 2870
4 680 699 1738 2862
17 681 1027 1037 1044 1739 3012 3068 3069 3070 3071 3072 3073 3074 3075 3076 3077 3078
4 931 1740 2789 2871
4 2045 2496 2579 3013
4 472 486 2348 2357
4 671 975 1790 2835
4 78 672 976 1774
4 947 1856 2017 2608
4 948 1720 1857 2790
4 473 1336 1721 2791
4 949 2046 2522 3058
4 1369 2311 2645 3079
17 774 2068 2312 2646 2676 2733 3079 3080 3081 3082 3083 3084 3085 3086 3087 3088 3089
4 169 775 824 2634
4 1883 2647 2659 3090
4 1884 2564 2669 3091
17 1885 2565 2648 2677 2734 3000 3090 3091 3092 3093 3094 3095 3096 3097 3098 3099 3100
4 557 2448 2924 2980
4 79 1058 1775 2712
17 235 1776 2419 2713 3068 3101 3102 3103 3104 3105 3106 3107 3108 3109 3110 3111 3112
4 855 1416 2436 2705
4 517 760 1944 2622
4 518 530 761 3026
4 856 1417 1959 2670
4 2437 2690 2706 2849
4 857 1873 2707 2720
4 1932 2000 2691 2925
4 1933 2001 2438 2708
4 80 837 2596 2714
4 115 170 1003 1874
4 634 2138 2597 3113
17 635 1913 1945 2381 2598 2605 2721 3047 3113 3114 3115 3116 3117 3118 3119 3120 3121
4 838 858 1914 2722
4 839 1915 2599 3114
4 1990 2600 2723 3115
4 658 1946 2601 3116
4 261 812 1059 2246
4 116 1004 1060 2247
4 859 1960 2623 2724
4 1902 1934 1973 2002
4 1443 1935 2439 2449
4 2440 2450 2692 2926
4 1705 2394 2566 3122
4 531 762 1886 2660
4 532 545 1887 2746
4 533 1888 2758 2768
4 95 622 2759 2769
4 134 474 1337 1858
4 49 135 1804 1859
4 136 932 1860 2792
17 636 1636 2018 2047 2778 2798 2824 2836 3034 3123 3124 3125 3126 3127 3128 3129 3130
4 220 487 933 962
4 934 963 1753 1766
4 221 436 1076 2060
4 437 1077 1754 2349
4 415 1209 2916 2981
4 1061 2248 2813 3131
17 682 1045 1062 1974 2814 3101 3131 3132 3133 3134 3135 3136 3137 3138 3139 3140 3141
4 236 1028 3102 3142
17 81 840 1029 2139 2846 3103 3142 3143 3144 3145 3146 3147 3148 3149 3150 3151 3152
4 637 1591 1916 2140
4 638 1609 2141 2990
4 1030 1610 2825 2991
4 1529 1611 2485 2992
4 2159 2181 2192 2635
4 155 1091 2182 2193
4 438 1259 2069 2367
4 795 2160 2194 2850
4 1106 2101 2882 2906
4 29 374 2883 2907
4 796 2086 2236 2908
4 683 1777 3104 3132
4 684 1063 1778 2249
17 700 1779 2779 2826 2837 3069 3143 3153 3154 3155 3156 3157 3158 3159 3160 3161 3162
4 685 1780 3070 3153
4 686 701 977 1781
4 718 1767 2806 2863
4 687 1119 2250 2864
4 1135 1170 2258 2271
4 30 375 1171 1266
4 1151 1172 1267 2259
4 1210 1555 2884 2892
4 416 2885 2893 2982
4 1211 2886 2909 2917
4 338 1470 2693 2927
4 2116 2127 2894 3163
17 237 1538 2128 2298 2420 2895 3133 3163 3164 3165 3166 3167 3168 3169 3170 3171 3172
4 2117 2129 2260 2272
4 2261 2273 2290 2580
4 238 2291 2299 3164
4 384 1183 2313 2935
4 907 1078 2167 2183
17 1278 2368 2410 2936 2946 2957 3080 3173 3174 3175 3176 3177 3178 3179 3180 3181 3182
4 574 2411 2937 3173
4 575 2412 2543 2958
4 1152 1241 1268 1834
4 356 2323 2459 2973
4 339 2918 2928 2983
4 340 401 558 2919
4 402 417 559 2984
4 1530 1539 2993 3183
4 1400 1444 1592 1917
4 2395 2441 2451 2567
4 1385 1509 1706 3184
4 2335 2530 2959 3185
4 1223 2324 2960 3186
17 288 1224 1242 1279 2531 2938 2961 2968 3185 3186 3187 3188 3189 3190 3191 3192 3193
4 1225 1243 1835 3187
4 1244 1269 1318 2358
4 453 1294 2947 3001
4 751 1295 2760 3002
4 357 1484 2544 3194
4 776 877 2735 3081
4 763 777 878 2661
4 778 879 2070 2168
4 921 2061 2071 2169
4 203 880 2072 2369
4 204 546 1343 2747
4 117 1875 2003 2709
4 797 2087 2694 2851
4 358 1485 1510 2974
4 1655 1665 2460 2975
4 1593 1918 3048 3117
4 860 1418 1594 1919
4 2780 3014 3071 3154
4 50 702 978 1805
4 703 979 2838 3155
4 704 1741 1806 2781
4 705 1742 3072 3156
17 239 1401 1540 1920 2421 2994 3144 3183 3195 3196 3197 3198 3199 3200 3201 3202 3203
4 1691 3027 3036 3204
4 1678 1692 2471 3205
4 1679 1707 2568 2671
4 534 1680 1708 1889
4 240 1031 2995 3195
4 241 1032 1531 2486
4 639 2142 2827 3123
4 640 2019 3124 3206
4 2020 2032 2506 2609
4 188 519 3028 3037
4 69 1353 3029 3038
4 611 623 2033 2507
4 1693 2034 2508 3207
4 641 1791 2382 3208
4 642 1569 1595 3209
4 659 1947 2383 3039
4 612 1386 1511 1623
4 1824 2336 2532 2557
4 2048 2497 2558 2587
4 2523 2559 2588 3059
4 1387 1431 2396 2569
4 1388 1432 1681 1709
4 688 1046 2865 3073
4 1047 3074 3105 3134
4 1048 2581 3015 3075
4 1136 2274 2807 2872
4 1722 2782 2793 3016
4 1153 1319 2262 2359
4 2275 2582 2873 3017
4 935 1755 2350 2794
4 475 488 936 2795
4 2143 2839 3145 3157
4 82 1782 2840 3158
4 83 660 673 2602
4 84 1792 2603 2841
4 51 1793 1807 2842
4 52 1808 2021 2610
4 950 2035 2049 2509
4 1666 2036 2510 3060
4 1637 2037 2050 2498
4 1667 2051 2499 3061
4 1370 1458 2413 2678
4 2649 2662 2736 3082
4 779 2636 2650 2663
4 2442 2570 2672 2710
4 1371 2571 2651 2673
4 341 560 1471 2452
4 764 1961 2624 2664
4 171 765 825 2665
4 1419 1433 1682 2472
4 1683 1962 2473 2674
4 1372 1459 2443 2711
4 1373 1460 2397 2572
4 118 2004 2695 2852
4 119 1903 2005 2088
4 841 1991 2715 2725
4 842 1936 2006 2716
4 861 2726 3049 3118
4 172 1876 1963 2625
4 1445 1937 2929 2985
4 2398 2573 2679 3092
4 1374 2652 2680 3093
17 624 1512 1710 1713 2399 2761 3094 3122 3184 3210 3211 3212 3213 3214 3215 3216 3217
17 96 1486 2545 2681 2976 3003 3194 3210 3218 3219 3220 3221 3222 3223 3224 3225 3226
4 766 2666 2737 2748
4 205 881 2738 2749
4 1890 2739 2750 3095
4 1711 2762 2770 3211
4 97 730 2763 3004
4 2337 2524 2533 3062
4 98 731 2525 3063
4 2783 2828 3018 3125
4 951 2052 2784 3019
4 1033 2583 2829 3020
4 1034 2487 2500 2830
4 222 964 990 2062
4 501 965 991 1344
4 1904 1975 2930 2986
4 85 1783 3106 3146
4 1035 2831 3076 3159
4 3077 3107 3147 3160
4 843 2717 3108 3148
4 2422 3109 3149 3196
4 2314 2939 3083 3174
4 454 1260 1280 2370
4 798 1107 2195 2227
4 308 799 2196 2237
4 1905 2089 2696 2931
4 2238 2697 2910 2932
4 689 2815 2866 3135
4 719 908 1768 2202
4 909 1137 2203 2808
4 1108 1120 2102 2204
4 1556 2300 2896 3165
4 418 1541 2897 3166
4 309 2239 2698 2853
4 242 1049 2130 3167
4 1050 2131 2816 3136
4 2118 2132 2292 2301
4 1154 2263 2293 2302
4 1532 1542 1557 2303
4 324 385 2170 2184
4 1261 1281 2940 3175
4 1245 1262 1282 3188
4 325 386 1246 1270
4 403 592 1212 2920
4 359 404 593 2325
4 86 2144 2604 3150
4 1402 1446 2423 3197
4 561 1403 1447 2453
4 844 1921 2424 3198
4 1461 1472 1487 2400
4 562 1488 2401 2454
4 1213 1226 2326 2921
4 31 1214 2214 2922
4 1247 1320 2534 3189
4 289 1227 2215 2327
4 290 1248 2216 3190
4 2740 2751 2948 3005
4 455 2371 2741 2752
4 456 547 1296 2753
4 1489 2402 3212 3218
4 457 2372 2949 3176
4 732 1305 2950 3006
4 2461 2546 2977 3219
4 99 625 2462 2978
4 1389 1490 1513 2403
4 405 563 1390 1514
4 1809 2785 2843 3161
4 2832 2844 3126 3162
4 535 1694 2771 3030
4 70 1354 1695 2772
4 1810 2022 2786 3127
4 1794 2023 2845 3128
4 1355 1696 2611 3227
4 1356 1847 2511 2612
4 1357 2384 2613 3040
17 1624 1697 2038 2474 2614 3023 3041 3204 3205 3207 3227 3228 3229 3230 3231 3232 3233
4 1948 2626 3050 3119
4 1949 2627 3031 3042
4 2385 3043 3051 3120
4 643 3052 3121 3234
17 644 1570 1638 2024 2386 3033 3053 3206 3208 3209 3228 3234 3235 3236 3237 3238 3239
4 1391 1500 1515 1581
4 1155 2264 2560 2589
4 1321 2535 2561 2590
4 1156 1322 1836 2536
4 733 1306 2547 2962
4 734 1307 2338 2537
4 100 735 2339 2463
4 1283 1308 2951 3177
4 2548 2952 2963 3178
4 952 1723 2053 2591
4 1724 2584 2592 3021
4 1051 1743 2874 3078
4 1744 2787 2875 3022
4 1756 2276 2351 2876
4 1138 1173 1757 2352
4 1725 2277 2796 2877
4 953 1848 1861 2512
4 1849 2513 2526 3064
4 1964 2475 2628 3054
4 862 1420 2476 3055
4 1950 1992 2629 2727
4 419 1404 1448 2987
4 420 1976 2425 2988
4 1712 1891 3096 3213
4 101 626 1668 3065
4 2054 2501 2833 3129
4 1064 2718 3110 3137
4 1065 1906 1977 2719
4 1978 2426 2898 3168
4 2103 2817 2887 2899
4 1907 1979 2888 2900
4 2073 2373 2941 3179
4 2074 2374 2742 3084
4 1908 2090 2104 2818
4 1121 2105 2251 2819
4 1122 2205 2809 2867
4 276 720 1123 2206
4 310 1184 2161 2854
4 311 1185 1462 1473
4 1463 1474 2699 2855
4 243 1533 1543 3169
4 326 387 439 1079
4 2942 2964 3180 3191
4 32 1249 1271 2217
4 33 327 2218 2228
4 1405 1501 2996 3199
4 1596 1922 2997 3200
4 2145 2998 3151 3201
4 845 1923 2146 3152
4 1284 1309 1323 2538
4 1285 1310 2965 3192
4 2414 2549 2682 3220
4 2683 3097 3214 3221
4 2743 2953 3085 3181
4 102 736 2550 3222
4 1795 2025 2387 2615
4 16 53 1796 2388
4 1639 2039 3229 3235
4 2477 3032 3044 3056
4 1502 1582 1612 2999
4 1503 1571 1583 1625
4 1228 2328 2340 2464
4 2341 2465 2551 2966
4 1726 2353 2360 2797
4 2265 2278 2354 2361
4 1324 1727 2362 2593
4 1728 2266 2279 2594
4 2075 2171 2315 3086
4 780 2316 2637 3087
4 781 2172 2185 2638
4 156 782 1092 2639
4 120 1993 2007 2728
4 173 1877 1994 2729
4 1892 2764 3007 3098
4 548 2754 2765 3008
4 1669 1825 2562 3066
4 1670 2342 2466 3067
4 1613 1640 2834 3130
4 1614 1641 2488 2502
4 1980 2427 3111 3138
4 244 3112 3139 3170
4 2820 2901 3140 3171
4 1909 1981 2821 3141
4 1910 2091 2889 2911
4 2890 2912 2933 2989
4 312 342 1475 2240
4 291 343 576 1476
4 245 2428 3172 3202
4 421 1544 2429 3203
4 440 1080 2076 2173
4 388 2077 2174 2943
4 292 577 2967 3193
4 293 389 578 2944
4 2684 2744 3088 3099
4 2766 3009 3215 3223
4 2415 2685 2954 3182
4 2317 2416 2686 3089
4 2552 2955 3010 3224
4 2687 2956 3011 3100
4 1572 1626 3230 3236
4 2478 3057 3231 3237
4 2026 2616 3232 3238
4 2389 3045 3233 3239
4 103 627 3216 3225
4 1516 2979 3217 3226
