4OFF
1200 11280 0 4680
-0.51166727360169284 -0.11319704230549257 -0.52395011931030111 0.67146057457829966
0.043237422734738351 0.51166727360169262 0.57477875817152957 -0.63714716161579321
-0.11319704230549238 -0.19543950758485512 -0.15979330097660727 0.96096614375912148
-0.11319704230549238 0.32851061172544599 -0.68797580047702211 0.63714716161579321
0.52395011931030111 -0.67146057457829966 -0.51166727360169284 -0.11319704230549257
0.44170765403093837 -0.71469799731303763 -0.40606144742269001 0.35946518875157629
-0.12547988801410082 0.687975800477022 0.012282845708608006 -0.7146979973130374
-0.12547988801410082 0.11319704230549248 0.91772872102438274 -0.35946518875157629
-0.57477875817152957 0.63714716161579321 0.043237422734738351 0.51166727360169262
-0.44929887015742909 0.27299034328209976 0.32851061172544554 -0.78465761688379143
0.32851061172544599 -0.20303072371134581 0.26539912715560843 0.8834153080618764
0.32851061172544599 -0.043237422734738518 -0.52395011931030067 0.78465761688379143
0.15979330097660727 -0.96096614375912148 -0.11319704230549238 -0.19543950758485512
0.32851061172544599 0.64473837774228349 -0.5892181092989367 0.35946518875157629
0.68797580047702211 -0.63714716161579321 -0.11319704230549238 0.32851061172544599
0.15979330097660727 -0.44929887015742864 -0.71469799731303807 -0.51166727360169262
0.51166727360169284 0.11319704230549257 0.52395011931030111 -0.67146057457829966
-0.75793542004777559 0.64473837774228326 0.082242465279361493 0.055520268443346094
0.31622776601683789 -0.91772872102438219 0.13991923914150867 0.19543950758485426
0.31622776601683789 -0.51166727360169229 -0.79694046259239915 -0.055520268443346094
0.40606144742269001 -0.35946518875157629 0.44170765403093837 -0.71469799731303763
0.67146057457829911 -0.52395011931030022 0.11319704230549299 0.51166727360169173
-0.24626814644608397 0.60150095500754497 -0.55490469633643058 -0.51925848972818234
-0.24626814644608397 0.58921810929893692 0.57477875817152901 -0.51166727360169173
-0.012282845708608006 0.7146979973130374 -0.12547988801410082 0.687975800477022
-0.24626814644608397 -0.32851061172544577 0.91013750489789158 0.055520268443346094
-0.91772872102438274 0.35946518875157629 -0.12547988801410082 0.11319704230549248
-0.012282845708608006 0.67146057457829911 0.19543950758485487 0.71469799731303763
-0.043237422734738351 -0.51166727360169262 -0.57477875817152957 0.63714716161579321
0.840177885327138 -0.2462681464460838 -0.37174803446018317 0.30863654989034661
-0.67146057457829911 0.52395011931030044 -0.1131970423054926 -0.51166727360169151
-0.67146057457829911 0.19543950758485495 0.64473837774228304 -0.30863654989034661
-0.32851061172544554 0.78465761688379143 -0.44929887015742909 0.27299034328209976
-0.77021826575638408 -0.069959619570753473 -0.043237422734738629 -0.63245553203367466
0.64473837774228326 -0.13307110414059159 0.58921810929893648 0.46842985086695366
0.64473837774228326 -0.39847023129620002 -0.15979330097660716 0.63245553203367466
-0.26539912715560843 -0.8834153080618764 0.32851061172544599 -0.20303072371134581
0.64473837774228326 0.12547988801410065 -0.68797580047702156 0.30863654989034661
0.52395011931030067 -0.78465761688379143 0.32851061172544599 -0.043237422734738518
-0.26539912715560843 -0.77021826575638386 -0.5116672736016924 -0.27299034328209976
0.11319704230549238 0.19543950758485512 0.15979330097660727 -0.96096614375912148
0.64473837774228326 0.7146979973130374 -0.26539912715560809 -0.055520268443346094
0.5892181092989367 -0.35946518875157629 0.32851061172544599 0.64473837774228349
0.11319704230549238 -0.32851061172544599 0.68797580047702211 -0.63714716161579321
-0.26539912715560843 -0.055520268443345983 -0.64473837774228349 -0.71469799731303763
0.71469799731303807 0.51166727360169262 0.15979330097660727 -0.44929887015742864
-0.52395011931030111 0.67146057457829966 0.51166727360169284 0.11319704230549257
0.78465761688379099 -0.32851061172544538 0.2729903432820997 -0.4492988701574282
-0.3861873855875918 0.79694046259239859 -0.23867693031959358 0.39847023129619968
-0.3861873855875918 0.71469799731303707 0.37174803446018356 0.4492988701574282
-0.082242465279361493 -0.055520268443346094 -0.75793542004777559 0.64473837774228326
-0.63714716161579221 0.57477875817152835 -0.51166727360169262 -0.043237422734737907
0.069959619570754583 -0.77021826575638286 0.63245553203367533 -0.043237422734738906
0.069959619570754583 -0.91013750489789169 -0.40606144742268968 0.043237422734737907
-0.13991923914150867 -0.19543950758485426 0.31622776601683789 -0.91772872102438219
0.069959619570754694 -0.11319704230549239 -0.88341530806187574 -0.4492988701574282
0.79694046259239915 0.055520268443346094 0.31622776601683789 -0.51166727360169229
-0.13991923914150867 -0.63714716161579255 0.39847023129619946 -0.64473837774228326
-0.44170765403093837 0.71469799731303763 0.40606144742269001 -0.35946518875157629
-0.96096614375912026 0.15979330097660649 -0.19543950758485529 -0.11319704230549199
0.63714716161579243 -0.57477875817152835 0.51166727360169217 0.043237422734737629
0.63714716161579243 -0.68797580047702134 -0.32851061172544493 0.11319704230549199
-0.11319704230549299 -0.51166727360169173 0.67146057457829911 -0.52395011931030022
-0.27299034328209953 0.28527318899070714 -0.91013750489789125 -0.12547988801409993
-0.27299034328209953 0.84017788532713755 0.012282845708607951 -0.46842985086695288
0.55490469633643058 0.51925848972818234 -0.24626814644608397 0.60150095500754497
-0.27299034328209953 0.26539912715560865 0.91772872102438185 -0.11319704230549199
-0.57477875817152901 0.51166727360169173 -0.24626814644608397 0.58921810929893692
0.55490469633643058 0.64473837774228304 0.043237422734738296 0.52395011931030022
0.12547988801410082 -0.687975800477022 -0.012282845708608006 0.7146979973130374
-0.27299034328209959 -0.64473837774228304 0.55490469633643003 0.4492988701574282
-0.91013750489789158 -0.055520268443346094 -0.24626814644608397 -0.32851061172544577
0.12547988801410082 -0.11319704230549248 -0.91772872102438274 0.35946518875157629
0.55490469633643058 0.44929887015742831 0.27299034328209965 0.64473837774228326
-0.19543950758485487 -0.71469799731303763 -0.012282845708608006 0.67146057457829911
0.57477875817152957 -0.63714716161579321 -0.043237422734738351 -0.51166727360169262
-0.91013750489789158 0.12547988801410054 0.27299034328209809 0.28527318899070742
0.75793542004777537 -0.64473837774228282 -0.082242465279361437 -0.055520268443347315
0.75793542004777537 -0.27299034328209953 -0.51925848972818189 -0.28527318899070742
0.37174803446018317 -0.30863654989034661 0.840177885327138 -0.2462681464460838
0.96096614375912015 -0.15979330097660688 0.19543950758485523 0.11319704230549155
-0.63714716161579221 0.68797580047702134 0.32851061172544521 -0.11319704230549155
0.1131970423054926 0.51166727360169151 -0.67146057457829911 0.52395011931030044
-0.63714716161579221 0.043237422734738518 0.71469799731303674 0.28527318899070742
-0.64473837774228304 0.30863654989034661 -0.67146057457829911 0.19543950758485495
0.11319704230549259 0.96096614375912059 -0.055520268443346565 0.2462681464460838
0.44929887015742909 -0.27299034328209976 -0.32851061172544554 0.78465761688379143
0.91772872102438241 0.316227766016837 -0.19543950758485368 0.13991923914150739
-0.96096614375912037 0.20303072371134562 0.12547988801410015 -0.13991923914150739
0.043237422734738629 0.63245553203367466 -0.77021826575638408 -0.069959619570753473
-0.79694046259239948 -0.38618738558759086 -0.39847023129619974 -0.23867693031959231
0.71469799731303707 -0.012282845708608395 0.68797580047702112 -0.12547988801410059
0.71469799731303707 -0.60150095500754497 0.26539912715560809 0.23867693031959231
-0.58921810929893648 -0.46842985086695366 0.64473837774228326 -0.13307110414059159
0.71469799731303696 -0.44170765403093781 -0.52395011931030011 0.13991923914150739
0.15979330097660716 -0.63245553203367466 0.64473837774228326 -0.39847023129620002
-0.58921810929893648 -0.79694046259239959 -0.11319704230549227 0.069959619570753473
-0.32851061172544599 0.20303072371134581 -0.26539912715560843 -0.8834153080618764
0.71469799731303696 0.2462681464460838 -0.58921810929893614 -0.28527318899070742
0.68797580047702156 -0.30863654989034661 0.64473837774228326 0.12547988801410065
-0.32851061172544599 0.043237422734738518 0.52395011931030067 -0.78465761688379143
-0.58921810929893648 -0.28527318899070725 -0.7146979973130374 -0.24626814644608375
0.5116672736016924 0.27299034328209976 -0.26539912715560843 -0.77021826575638386
-0.15979330097660727 0.96096614375912148 0.11319704230549238 0.19543950758485512
0.26539912715560809 0.055520268443346094 0.64473837774228326 0.7146979973130374
-0.32851061172544599 -0.64473837774228349 0.5892181092989367 -0.35946518875157629
-0.68797580047702211 0.63714716161579321 0.11319704230549238 -0.32851061172544599
-0.58921810929893648 0.35946518875157629 -0.3285106117254456 -0.64473837774228326
-0.15979330097660727 0.44929887015742864 0.71469799731303807 0.51166727360169262
0.30863654989034678 -0.37174803446018295 0.24626814644608386 -0.84017788532713711
0.30863654989034678 -0.64473837774228271 0.19543950758485465 -0.67146057457829822
-0.2729903432820997 0.4492988701574282 0.78465761688379099 -0.32851061172544538
0.3594651887515754 -0.40606144742268901 0.71469799731303718 -0.4417076540309377
0.13307110414059045 0.64473837774228171 -0.4684298508669541 0.58921810929893681
0.13307110414059045 0.88341530806187529 0.08224246527936141 0.4417076540309377
0.23867693031959358 -0.39847023129619968 -0.3861873855875918 0.79694046259239859
0.13307110414059045 0.51166727360169173 0.51925848972818234 0.67146057457829822
-0.37174803446018356 -0.4492988701574282 -0.3861873855875918 0.71469799731303707
0.23867693031959358 0.35946518875157596 -0.84017788532713689 0.32851061172544538
-0.35946518875157574 0.40606144742268879 -0.71469799731303685 0.44170765403093826
-0.35946518875157574 0.9177287210243813 -0.11319704230549314 0.12547988801410076
0.51166727360169262 0.043237422734737907 -0.63714716161579221 0.57477875817152835
-0.20303072371134451 -0.32851061172544471 0.8834153080618754 -0.26539912715560915
-0.20303072371134451 -0.96096614375911993 0.13991923914150856 0.12547988801409965
-0.63245553203367533 0.043237422734738906 0.069959619570754583 -0.77021826575638286
-0.20303072371134454 -0.55490469633643036 -0.79694046259239837 -0.1254798880141007
0.40606144742268968 -0.043237422734737907 0.069959619570754583 -0.91013750489789169
-0.63245553203367533 -0.27299034328209898 0.44170765403093787 -0.57477875817152835
-0.31622776601683789 0.91772872102438219 -0.13991923914150867 -0.19543950758485426
-0.20303072371134445 0.32851061172544538 -0.63245553203367477 -0.67146057457829833
0.88341530806187574 0.4492988701574282 0.069959619570754694 -0.11319704230549239
-0.31622776601683789 0.51166727360169229 0.79694046259239915 0.055520268443346094
-0.63245553203367533 -0.67146057457829844 0.20303072371134448 -0.32851061172544538
-0.39847023129619946 0.64473837774228326 -0.13991923914150867 -0.63714716161579255
-0.40606144742269001 0.35946518875157629 -0.44170765403093837 0.71469799731303763
0.88341530806187496 0.26539912715560876 0.20303072371134567 -0.32851061172544566
-0.78465761688379043 0.32851061172544438 -0.27299034328209937 0.44929887015742898
-0.78465761688379043 0.52395011931029967 -0.043237422734739184 0.32851061172544566
0.19543950758485529 0.11319704230549199 -0.96096614375912026 0.15979330097660649
-0.71469799731303607 0.012282845708607507 -0.68797580047702134 0.1254798880141012
0.35946518875157568 -0.9177287210243813 0.11319704230549289 -0.1254798880141012
-0.51166727360169217 -0.043237422734737629 0.63714716161579243 -0.57477875817152835
0.35946518875157574 -0.58921810929893648 -0.64473837774228204 -0.32851061172544566
0.32851061172544493 -0.11319704230549199 0.63714716161579243 -0.68797580047702134
-0.51166727360169217 -0.71469799731303674 0.44929887015742853 -0.15979330097660649
0.37174803446018367 0.308636549890347 0.84017788532713711 0.24626814644608225
-0.19543950758485457 -0.13991923914150817 -0.91772872102438119 0.31622776601683766
-0.19543950758485457 0.77021826575638319 -0.55490469633642991 -0.24626814644608225
0.91013750489789125 0.12547988801409993 -0.27299034328209953 0.28527318899070714
-0.19543950758485457 0.75793542004777525 0.57477875817152846 -0.23867693031959181
-0.012282845708607951 0.46842985086695288 -0.27299034328209953 0.84017788532713755
0.91013750489789136 0.3717480344601839 -0.1254798880141007 0.13307110414059081
0.24626814644608397 -0.60150095500754497 0.55490469633643058 0.51925848972818234
-0.19543950758485468 -0.15979330097660671 0.9101375048978908 0.32851061172544566
-0.91772872102438185 0.11319704230549199 -0.27299034328209953 0.26539912715560865
0.24626814644608397 -0.58921810929893692 -0.57477875817152901 0.51166727360169173
0.91013750489789136 0.32851061172544549 0.19543950758485468 0.15979330097660649
-0.043237422734738296 -0.52395011931030022 0.55490469633643058 0.64473837774228304
0.012282845708608006 -0.7146979973130374 0.12547988801410082 -0.687975800477022
-0.55490469633643003 -0.4492988701574282 -0.27299034328209959 -0.64473837774228304
0.24626814644608397 0.32851061172544577 -0.91013750489789158 -0.055520268443346094
0.91772872102438274 -0.35946518875157629 0.12547988801410082 -0.11319704230549248
0.91013750489789136 0.055520268443345983 0.24626814644608386 0.32851061172544538
0.012282845708608006 -0.67146057457829911 -0.19543950758485487 -0.71469799731303763
0.63245553203367444 0.043237422734738462 -0.069959619570753084 -0.77021826575638308
-0.5549046963364298 0.51925848972818167 0.24626814644608225 0.60150095500754519
-0.5549046963364298 0.24626814644608358 0.19543950758485365 0.77021826575638308
-0.27299034328209809 -0.28527318899070742 -0.91013750489789158 0.12547988801410054
0.38618738558759103 -0.79694046259239804 0.23867693031959308 -0.39847023129620057
0.38618738558759103 -0.71469799731303651 -0.3717480344601829 -0.44929887015742903
0.082242465279361437 0.055520268443347315 0.75793542004777537 -0.64473837774228282
0.38618738558759103 -0.19543950758485473 -0.46842985086695321 -0.77021826575638319
0.51925848972818189 0.28527318899070742 0.75793542004777537 -0.27299034328209953
0.08224246527936141 -0.78465761688379065 0.60150095500754497 -0.12547988801410054
-0.840177885327138 0.2462681464460838 0.37174803446018317 -0.30863654989034661
-0.88341530806187485 -0.26539912715560837 -0.20303072371134601 0.32851061172544593
0.78465761688379021 -0.5239501193103 0.043237422734739073 -0.32851061172544593
-0.19543950758485523 -0.11319704230549155 0.96096614375912015 -0.15979330097660688
-0.35946518875157529 0.58921810929893625 0.64473837774228238 0.32851061172544593
-0.32851061172544521 0.11319704230549155 -0.63714716161579221 0.68797580047702134
0.51166727360169195 0.71469799731303663 -0.44929887015742875 0.15979330097660688
-0.35946518875157535 -0.12547988801410054 0.51166727360169162 0.77021826575638319
-0.71469799731303674 -0.28527318899070742 -0.63714716161579221 0.043237422734738518
0.67146057457829911 -0.19543950758485495 -0.64473837774228304 0.30863654989034661
0.51166727360169195 0.77021826575638319 0.35946518875157574 0.12547988801410054
0.055520268443346565 -0.2462681464460838 0.11319704230549259 0.96096614375912059
0.32851061172544554 -0.78465761688379143 0.44929887015742909 -0.27299034328209976
-0.71469799731303685 -0.44170765403093748 0.35946518875157452 0.40606144742269057
0.91013750489789069 -0.1254798880141002 -0.27299034328209842 -0.28527318899070836
0.91013750489789069 0.069959619570753473 -0.043237422734737518 -0.40606144742269057
0.19543950758485368 -0.13991923914150739 0.91772872102438241 0.316227766016837
-0.78465761688379021 0.39847023129619963 0.24626814644608314 0.40606144742269062
-0.12547988801410015 0.13991923914150739 -0.96096614375912037 0.20303072371134562
0.19543950758485465 0.88341530806187563 -0.28527318899070775 -0.316227766016837
0.77021826575638408 0.069959619570753473 0.043237422734738629 0.63245553203367466
0.64473837774228304 0.75793542004777437 0.055520268443346926 -0.082242465279362909
-0.88341530806187507 0.13307110414059142 -0.44170765403093781 0.082242465279362909
0.39847023129619974 0.23867693031959231 -0.79694046259239948 -0.38618738558759086
-0.51925848972818234 -0.55490469633642969 -0.6015009550075443 0.2462681464460838
0.51166727360169151 -0.57477875817152879 0.58921810929893603 -0.2462681464460838
-0.68797580047702112 0.12547988801410059 0.71469799731303707 -0.012282845708608395
0.51166727360169151 -0.84017788532713689 -0.15979330097660704 -0.082242465279362936
-0.26539912715560809 -0.23867693031959231 0.71469799731303707 -0.60150095500754497
-0.68797580047702112 -0.51925848972818289 0.3285106117254456 0.38618738558759086
-0.64473837774228326 0.13307110414059159 -0.58921810929893648 -0.46842985086695366
0.51166727360169151 -0.31622776601683666 -0.68797580047702078 -0.40606144742269057
0.52395011931030011 -0.13991923914150739 0.71469799731303696 -0.44170765403093781
-0.64473837774228326 0.39847023129620002 0.15979330097660716 -0.63245553203367466
-0.68797580047702112 -0.40606144742269057 -0.51166727360169184 0.316227766016837
0.11319704230549227 -0.069959619570753473 -0.58921810929893648 -0.79694046259239959
0.26539912715560843 0.8834153080618764 -0.32851061172544599 0.20303072371134581
0.58921810929893614 0.28527318899070742 0.71469799731303696 0.2462681464460838
-0.64473837774228326 -0.12547988801410065 0.68797580047702156 -0.30863654989034661
-0.52395011931030067 0.78465761688379143 -0.32851061172544599 0.043237422734738518
-0.68797580047702112 0.30863654989034689 -0.64473837774228293 -0.12547988801410054
0.26539912715560843 0.77021826575638386 0.5116672736016924 0.27299034328209976
-0.64473837774228326 -0.7146979973130374 0.26539912715560809 0.055520268443346094
-0.71469799731303807 -0.51166727360169262 -0.15979330097660727 0.44929887015742864
0.055520268443346787 0.082242465279361132 -0.64473837774228238 0.75793542004777459
-0.28527318899070675 -0.27299034328209781 0.12547988801410082 -0.91013750489789091
-0.28527318899070675 -0.51925848972818167 0.27299034328209942 -0.75793542004777459
-0.24626814644608386 0.84017788532713711 0.30863654989034678 -0.37174803446018295
-0.28527318899070681 -0.7146979973130364 0.043237422734738129 -0.63714716161579177
-0.19543950758485465 0.67146057457829822 0.30863654989034678 -0.64473837774228271
-0.24626814644608386 0.055520268443346066 0.96096614375911971 0.11319704230549255
-0.055520268443346343 -0.082242465279360716 0.64473837774228249 -0.75793542004777459
-0.055520268443346343 -0.79694046259239792 0.51166727360169206 -0.31622776601683716
-0.71469799731303718 0.4417076540309377 0.3594651887515754 -0.40606144742268901
0.60150095500754364 0.24626814644608203 -0.51925848972818212 0.55490469633643036
0.60150095500754364 0.71469799731303618 -0.23867693031959358 0.26539912715560882
0.4684298508669541 -0.58921810929893681 0.13307110414059045 0.64473837774228171
0.60150095500754353 0.63245553203367466 0.37174803446018317 0.31622776601683716
-0.08224246527936141 -0.4417076540309377 0.13307110414059045 0.88341530806187529
0.4684298508669541 -0.20303072371134498 -0.75793542004777503 0.40606144742268901
0.60150095500754364 0.1131970423054923 0.46842985086695366 0.63714716161579177
-0.51925848972818234 -0.67146057457829822 0.13307110414059045 0.51166727360169173
0.46842985086695399 0.6371471616157921 -0.60150095500754364 -0.11319704230549255
0.84017788532713689 -0.32851061172544538 0.23867693031959358 0.35946518875157596
0.19543950758485357 0.13991923914150911 0.91772872102438097 -0.31622776601683794
0.055520268443346149 0.79694046259239748 -0.51166727360169217 0.31622776601683794
0.71469799731303685 -0.44170765403093826 -0.35946518875157574 0.40606144742268879
0.055520268443346094 0.9101375048978908 0.32851061172544449 0.24626814644608347
0.11319704230549314 -0.12547988801410076 -0.35946518875157574 0.9177287210243813
0.71469799731303696 0.19543950758485412 -0.67146057457829822 0.012282845708607285
0.19543950758485462 -0.11319704230549321 -0.96096614375911937 -0.1597933009766056
-0.39847023129619885 0.23867693031959314 0.79694046259239792 -0.38618738558759164
-0.39847023129619885 -0.64473837774228215 0.63245553203367466 0.1597933009766056
-0.8834153080618754 0.26539912715560915 -0.20303072371134451 -0.32851061172544471
-0.39847023129619885 -0.78465761688379088 -0.40606144742268913 0.24626814644608241
-0.13991923914150856 -0.12547988801409965 -0.20303072371134451 -0.96096614375911993
-0.8834153080618754 0.19543950758485459 0.31622776601683766 -0.28527318899070603
-0.069959619570754583 0.77021826575638286 -0.63245553203367533 0.043237422734738906
-0.39847023129619896 0.012282845708607631 -0.88341530806187485 -0.24626814644608336
0.79694046259239837 0.1254798880141007 -0.20303072371134454 -0.55490469633643036
-0.069959619570754583 0.91013750489789169 0.40606144742268968 -0.043237422734737907
-0.8834153080618754 -0.24626814644608336 0.39847023129619902 -0.012282845708607271
-0.44170765403093787 0.57477875817152835 -0.63245553203367533 -0.27299034328209898
0.13991923914150867 0.19543950758485426 -0.31622776601683789 0.91772872102438219
0.63245553203367477 0.67146057457829833 -0.20303072371134445 0.32851061172544538
-0.069959619570754694 0.11319704230549239 0.88341530806187574 0.4492988701574282
-0.79694046259239915 -0.055520268443346094 -0.31622776601683789 0.51166727360169229
-0.88341530806187529 -0.44929887015742787 -0.069959619570754639 0.11319704230549257
0.13991923914150867 0.63714716161579255 -0.39847023129619946 0.64473837774228326
-0.46842985086695255 -0.58921810929893637 -0.1330711041405912 0.64473837774228249
0.63245553203367377 -0.15979330097660627 0.39847023129619996 -0.64473837774228249
-0.20303072371134567 0.32851061172544566 0.88341530806187496 0.26539912715560876
-0.30863654989034639 0.37174803446018218 -0.24626814644608297 0.84017788532713733
-0.30863654989034639 0.6447383777422816 -0.19543950758485512 0.67146057457829866
0.27299034328209937 -0.44929887015742898 -0.78465761688379043 0.32851061172544438
-0.30863654989034639 0.68797580047702067 0.12547988801409971 0.64473837774228249
0.043237422734739184 -0.32851061172544566 -0.78465761688379043 0.52395011931029967
0.27299034328209937 0.51166727360169129 -0.77021826575638297 -0.26539912715560876
0.51925848972818089 0.55490469633643014 0.6015009550075443 -0.24626814644608375
-0.51166727360169062 0.57477875817152779 -0.58921810929893681 0.24626814644608375
0.68797580047702134 -0.1254798880141012 -0.71469799731303607 0.012282845708607507
-0.055520268443346371 -0.91013750489789058 -0.32851061172544449 -0.2462681464460838
-0.11319704230549289 0.1254798880141012 0.35946518875157568 -0.9177287210243813
-0.71469799731303663 -0.19543950758485404 0.67146057457829855 -0.012282845708607507
-0.055520268443346316 -0.26539912715560848 -0.71469799731303607 -0.64473837774228238
0.64473837774228204 0.32851061172544566 0.35946518875157574 -0.58921810929893648
-0.71469799731303663 -0.64473837774228249 0.055520268443346232 0.26539912715560876
-0.44929887015742853 0.15979330097660649 -0.51166727360169217 -0.71469799731303674
-0.32851061172544488 -0.78465761688379065 -0.44929887015742836 -0.27299034328209776
0.51925848972818167 -0.28527318899070686 0.75793542004777525 0.27299034328209776
-0.84017788532713711 -0.24626814644608225 0.37174803446018367 0.308636549890347
-0.043237422734738407 0.63245553203367444 0.7702182657563823 -0.069959619570754805
-0.043237422734738129 0.40606144742268974 -0.91013750489789047 0.069959619570754805
0.91772872102438119 -0.31622776601683766 -0.19543950758485457 -0.13991923914150817
-0.04323742273473824 0.96096614375911971 0.012282845708607978 -0.27299034328209776
0.55490469633642991 0.24626814644608225 -0.19543950758485457 0.77021826575638319
0.9177287210243813 -0.043237422734738129 -0.24626814644608375 -0.30863654989034695
0.27299034328209953 -0.28527318899070714 0.91013750489789125 0.12547988801409993
-0.043237422734738185 0.38618738558759125 0.91772872102438097 0.082242465279362659
-0.57477875817152846 0.23867693031959181 -0.19543950758485457 0.75793542004777525
0.27299034328209953 -0.84017788532713755 -0.012282845708607951 0.46842985086695288
0.9177287210243813 0.082242465279362548 0.04323742273473824 -0.38618738558759164
0.1254798880141007 -0.13307110414059081 0.91013750489789136 0.3717480344601839
-0.55490469633643058 -0.51925848972818234 0.24626814644608397 -0.60150095500754497
-0.9101375048978908 -0.32851061172544566 -0.19543950758485468 -0.15979330097660671
0.27299034328209953 -0.26539912715560865 -0.91772872102438185 0.11319704230549199
0.57477875817152901 -0.51166727360169173 0.24626814644608397 -0.58921810929893692
0.91772872102438141 -0.11319704230549221 0.27299034328209937 -0.26539912715560871
-0.55490469633643058 -0.64473837774228304 -0.043237422734738296 -0.52395011931030022
0.27299034328209959 0.64473837774228304 -0.55490469633643003 -0.4492988701574282
0.19543950758485487 0.71469799731303763 0.012282845708608006 -0.67146057457829911
0.13991923914150767 -0.19543950758485351 -0.31622776601683622 -0.91772872102438163
0.13991923914150767 -0.12547988801410043 0.20303072371134545 -0.96096614375911926
0.069959619570753084 0.77021826575638308 0.63245553203367444 0.043237422734738462
0.012282845708608409 0.71469799731303518 0.12547988801409987 0.68797580047702178
0.012282845708608409 0.46842985086695282 0.27299034328209787 0.84017788532713711
-0.24626814644608225 -0.60150095500754519 -0.5549046963364298 0.51925848972818167
0.012282845708608367 0.27299034328209915 0.043237422734738018 0.96096614375911926
-0.19543950758485365 -0.77021826575638308 -0.5549046963364298 0.24626814644608358
-0.24626814644608225 0.30863654989034645 -0.91772872102438185 -0.043237422734738462
-0.13307110414059137 -0.64473837774228138 0.46842985086695299 -0.58921810929893692
-0.13307110414059137 -0.88341530806187452 -0.082242465279361382 -0.44170765403093831
-0.23867693031959308 0.39847023129620057 0.38618738558759103 -0.79694046259239804
-0.1330711041405914 -0.51166727360169151 -0.51925848972818145 -0.67146057457829822
0.3717480344601829 0.44929887015742903 0.38618738558759103 -0.71469799731303651
-0.23867693031959308 -0.35946518875157479 0.84017788532713733 -0.3285106117254451
-0.13307110414059137 -0.043237422734738296 -0.23867693031959275 -0.96096614375911937
0.46842985086695321 0.77021826575638319 0.38618738558759103 -0.19543950758485473
-0.75793542004777537 0.27299034328209953 0.51925848972818189 0.28527318899070742
-0.23867693031959303 -0.96096614375911971 0.13307110414059117 0.043237422734738518
-0.60150095500754497 0.12547988801410054 0.08224246527936141 -0.78465761688379065
-0.37174803446018317 0.30863654989034661 -0.840177885327138 0.2462681464460838
0.46842985086695244 0.58921810929893614 0.1330711041405917 -0.6447383777422826
-0.63245553203367333 -0.043237422734739239 0.069959619570753362 0.77021826575638341
-0.63245553203367333 0.15979330097660671 -0.39847023129620018 0.6447383777422826
0.20303072371134601 -0.32851061172544593 -0.88341530806187485 -0.26539912715560837
0.30863654989034578 -0.68797580047702067 -0.12547988801409993 -0.6447383777422826
-0.043237422734739073 0.32851061172544593 0.78465761688379021 -0.5239501193103
-0.27299034328209942 -0.51166727360169106 0.77021826575638341 0.26539912715560837
0.055520268443346732 0.26539912715560804 0.71469799731303607 0.6447383777422826
-0.64473837774228238 -0.32851061172544593 -0.35946518875157529 0.58921810929893625
0.71469799731303663 0.6447383777422826 -0.055520268443346649 -0.26539912715560843
0.44929887015742875 -0.15979330097660688 0.51166727360169195 0.71469799731303663
-0.51166727360169162 -0.77021826575638319 -0.35946518875157535 -0.12547988801410054
0.63714716161579221 -0.043237422734738518 -0.71469799731303674 -0.28527318899070742
0.64473837774228304 -0.30863654989034661 0.67146057457829911 -0.19543950758485495
0.71469799731303651 0.28527318899070692 0.63714716161579199 -0.043237422734738462
-0.11319704230549259 -0.96096614375912059 0.055520268443346565 -0.2462681464460838
0.23867693031959247 0.39847023129619946 -0.38618738558759003 -0.79694046259239881
-0.51166727360169095 0.043237422734737851 0.63714716161579099 0.57477875817152957
-0.51166727360169095 -0.31622776601683661 -0.055520268443347343 0.79694046259239881
-0.35946518875157452 -0.40606144742269057 -0.71469799731303685 -0.44170765403093748
0.5549046963364288 -0.51925848972818145 -0.24626814644608314 -0.60150095500754541
0.5549046963364288 -0.24626814644608286 -0.19543950758485351 -0.77021826575638352
0.27299034328209842 0.28527318899070836 0.91013750489789069 -0.1254798880141002
0.5549046963364288 -0.20303072371134534 0.12547988801410087 -0.79694046259239881
0.043237422734737518 0.40606144742269057 0.91013750489789069 0.069959619570753473
0.27299034328209842 -0.63245553203367411 0.57477875817152946 0.44170765403093748
-0.91772872102438241 -0.316227766016837 0.19543950758485368 -0.13991923914150739
-0.30863654989034572 0.44170765403093737 0.27299034328209881 0.79694046259239881
-0.24626814644608314 -0.40606144742269062 -0.78465761688379021 0.39847023129619963
0.96096614375912037 -0.20303072371134562 -0.12547988801410015 0.13991923914150739
0.27299034328209898 0.79694046259239892 0.30863654989034617 -0.44170765403093748
0.28527318899070775 0.316227766016837 0.19543950758485465 0.88341530806187563
-0.043237422734738629 -0.63245553203367466 0.77021826575638408 0.069959619570753473
-0.24626814644608325 -0.84017788532713644 0.30863654989034583 0.37174803446018434
0.71469799731303574 0.44170765403093748 -0.35946518875157518 -0.40606144742269085
0.71469799731303574 0.38618738558759058 0.44929887015742864 -0.37174803446018434
-0.055520268443346926 0.082242465279362909 0.64473837774228304 0.75793542004777437
-0.63245553203367344 0.6015009550075443 -0.31622776601683716 0.37174803446018434
0.44170765403093781 -0.082242465279362909 -0.88341530806187507 0.13307110414059142
0.20303072371134503 0.46842985086695332 -0.40606144742269068 -0.75793542004777448
0.79694046259239948 0.38618738558759086 0.39847023129619974 0.23867693031959231
0.12547988801410026 0.91013750489789047 0.28527318899070703 -0.27299034328209959
-0.4684298508669526 0.012282845708608381 -0.84017788532713666 0.27299034328209959
0.6015009550075443 -0.2462681464460838 -0.51925848972818234 -0.55490469633642969
0.11319704230549194 -0.91772872102438119 0.26539912715560793 -0.27299034328209953
-0.58921810929893603 0.2462681464460838 0.51166727360169151 -0.57477875817152879
-0.52395011931029978 -0.043237422734738629 0.64473837774228282 0.55490469633642969
0.11319704230549199 -0.75793542004777392 -0.52395011931029967 -0.37174803446018428
0.15979330097660704 0.082242465279362936 0.51166727360169151 -0.84017788532713689
-0.71469799731303707 0.60150095500754497 -0.26539912715560809 -0.23867693031959231
-0.52395011931029978 -0.37174803446018434 -0.11319704230549221 0.75793542004777448
-0.3285106117254456 -0.38618738558759086 -0.68797580047702112 -0.51925848972818289
0.58921810929893648 0.46842985086695366 -0.64473837774228326 0.13307110414059159
0.68797580047702078 0.40606144742269057 0.51166727360169151 -0.31622776601683666
-0.71469799731303696 0.44170765403093781 0.52395011931030011 -0.13991923914150739
-0.15979330097660716 0.63245553203367466 -0.64473837774228326 0.39847023129620002
-0.52395011931029978 0.13991923914150756 -0.71469799731303674 0.44170765403093759
0.58921810929893648 0.79694046259239959 0.11319704230549227 -0.069959619570753473
-0.71469799731303696 -0.2462681464460838 0.58921810929893614 0.28527318899070742
-0.5116672736016924 -0.27299034328209976 0.26539912715560843 0.77021826575638386
0.44929887015742809 0.37174803446018262 -0.71469799731303618 0.3861873855875908
0.64473837774228238 -0.75793542004777459 0.055520268443346787 0.082242465279361132
-0.77021826575638208 -0.19543950758485379 0.24626814644608358 -0.55490469633642969
-0.12547988801410082 0.91013750489789091 -0.28527318899070675 -0.27299034328209781
-0.77021826575638197 -0.46842985086695321 0.19543950758485445 -0.38618738558759075
-0.27299034328209942 0.75793542004777459 -0.28527318899070675 -0.51925848972818167
-0.12547988801410082 0.60150095500754408 0.78465761688379032 -0.08224246527936116
-0.77021826575638208 -0.51166727360169129 -0.12547988801410082 -0.35946518875157524
-0.043237422734738129 0.63714716161579177 -0.28527318899070681 -0.7146979973130364
-0.12547988801410082 -0.35946518875157563 0.7702182657563823 0.51166727360169173
-0.96096614375911971 -0.11319704230549255 -0.24626814644608386 0.055520268443346066
0.39847023129619957 -0.23867693031959381 -0.79694046259239715 0.38618738558759108
-0.44929887015742753 -0.37174803446018256 0.7146979973130364 -0.38618738558759108
-0.64473837774228249 0.75793542004777459 -0.055520268443346343 -0.082242465279360716
-0.44929887015742748 -0.88341530806187463 0.11319704230549271 -0.069959619570753973
-0.51166727360169206 0.31622776601683716 -0.055520268443346343 -0.79694046259239792
-0.64473837774228249 0.39847023129619924 0.63714716161579144 0.139919239141509
-0.68797580047702078 -0.12547988801409893 0.71469799731303563 0.012282845708607271
0.840177885327136 0.27299034328209831 -0.4684298508669536 -0.012282845708607271
0.51925848972818212 -0.55490469633643036 0.60150095500754364 0.24626814644608203
0.840177885327136 0.51166727360169173 0.082242465279361243 -0.1597933009766061
0.23867693031959358 -0.26539912715560882 0.60150095500754364 0.71469799731303618
0.51925848972818212 -0.68797580047702089 -0.38618738558759147 0.32851061172544377
0.840177885327136 0.13991923914150861 0.519258489728182 0.069959619570753917
-0.37174803446018317 -0.31622776601683716 0.60150095500754353 0.63245553203367466
0.51925848972818223 0.069959619570754139 -0.84017788532713633 -0.139919239141509
0.75793542004777503 -0.40606144742268901 0.4684298508669541 -0.20303072371134498
-0.46842985086695366 -0.63714716161579177 0.60150095500754364 0.1131970423054923
0.51925848972818212 0.67146057457829789 -0.13307110414059015 -0.51166727360169162
0.043237422734739683 -0.63245553203367466 -0.77021826575638164 0.069959619570754528
0.043237422734737574 -0.40606144742268846 0.9101375048978908 -0.069959619570754528
-0.91772872102438097 0.31622776601683794 0.19543950758485357 0.13991923914150911
0.44929887015742764 0.88341530806187429 -0.1131970423054931 0.069959619570754583
0.51166727360169217 -0.31622776601683794 0.055520268443346149 0.79694046259239748
0.64473837774228193 -0.39847023129619935 -0.63714716161579177 -0.13991923914150911
0.44929887015742764 0.55490469633642991 0.64473837774228171 0.27299034328209865
-0.32851061172544449 -0.24626814644608347 0.055520268443346094 0.9101375048978908
0.64473837774228193 0.27299034328209881 -0.44929887015742775 -0.55490469633643036
0.67146057457829822 -0.012282845708607285 0.71469799731303696 0.19543950758485412
-0.11319704230549318 0.51166727360169217 0.67146057457829744 0.52395011931029833
0.043237422734738684 0.32851061172544443 -0.78465761688379065 -0.52395011931029833
0.96096614375911937 0.1597933009766056 0.19543950758485462 -0.11319704230549321
0.58921810929893581 -0.46842985086695355 -0.64473837774228149 -0.13307110414059001
-0.44170765403093715 -0.082242465279361687 0.88341530806187463 0.13307110414059001
-0.79694046259239792 0.38618738558759164 -0.39847023129619885 0.23867693031959314
-0.44170765403093715 -0.7146979973130364 0.1399192391415085 0.52395011931029833
-0.63245553203367466 -0.1597933009766056 -0.39847023129619885 -0.64473837774228215
-0.79694046259239792 0.58921810929893614 0.069959619570754417 0.11319704230549327
0.20303072371134451 0.32851061172544471 -0.8834153080618754 0.26539912715560915
-0.4417076540309372 -0.30863654989034722 -0.7969404625923977 0.27299034328209837
0.40606144742268913 -0.24626814644608241 -0.39847023129619885 -0.78465761688379088
0.20303072371134451 0.96096614375911993 -0.13991923914150856 -0.12547988801409965
-0.79694046259239792 0.27299034328209848 0.44170765403093754 0.30863654989034767
-0.31622776601683766 0.28527318899070603 -0.8834153080618754 0.19543950758485459
0.63245553203367533 -0.043237422734738906 -0.069959619570754583 0.77021826575638286
0.88341530806187485 0.24626814644608336 -0.39847023129619896 0.012282845708607631
0.20303072371134454 0.55490469633643036 0.79694046259239837 0.1254798880141007
-0.40606144742268968 0.043237422734737907 -0.069959619570754583 0.91013750489789169
-0.79694046259239792 -0.12547988801410048 0.2030307237113442 0.55490469633643036
0.63245553203367533 0.27299034328209898 -0.44170765403093787 0.57477875817152835
0.20303072371134445 -0.32851061172544538 0.63245553203367477 0.67146057457829833
0.39847023129619946 -0.64473837774228326 0.13991923914150867 0.63714716161579255
-0.23867693031959181 -0.39847023129619968 0.38618738558759086 0.79694046259239792
-0.23867693031959181 -0.26539912715560854 -0.60150095500754419 0.71469799731303585
0.1330711041405912 -0.64473837774228249 -0.46842985086695255 -0.58921810929893637
0.13991923914150739 -0.52395011931029922 0.44170765403093787 -0.71469799731303585
-0.39847023129619996 0.64473837774228249 0.63245553203367377 -0.15979330097660627
0.069959619570753639 -0.11319704230549188 0.79694046259239815 0.58921810929893637
0.28527318899070703 0.27299034328209754 -0.12547988801409954 0.91013750489789058
0.28527318899070703 0.51925848972818045 -0.27299034328209915 0.75793542004777492
0.24626814644608297 -0.84017788532713733 -0.30863654989034639 0.37174803446018218
0.28527318899070697 0.71469799731303563 -0.043237422734739128 0.63714716161579177
0.19543950758485512 -0.67146057457829866 -0.30863654989034639 0.6447383777422816
0.24626814644608286 -0.055520268443346871 -0.96096614375911948 -0.11319704230549306
0.28527318899070703 0.58921810929893592 0.24626814644608286 0.71469799731303574
-0.12547988801409971 -0.64473837774228249 -0.30863654989034639 0.68797580047702067
0.24626814644608302 0.71469799731303607 -0.28527318899070686 -0.58921810929893625
0.77021826575638297 0.26539912715560876 0.27299034328209937 0.51166727360169129
-0.12547988801409893 -0.91013750489789036 -0.28527318899070675 0.27299034328209881
0.46842985086695155 -0.012282845708607507 0.84017788532713689 -0.27299034328209881
-0.6015009550075443 0.24626814644608375 0.51925848972818089 0.55490469633643014
-0.11319704230549155 0.91772872102438041 -0.26539912715560909 0.27299034328209881
0.58921810929893681 -0.24626814644608375 -0.51166727360169062 0.57477875817152779
0.52395011931029922 0.043237422734737518 -0.64473837774228215 -0.55490469633643014
-0.4492988701574282 -0.55490469633642969 -0.6447383777422816 -0.27299034328209887
0.32851061172544449 0.2462681464460838 -0.055520268443346371 -0.91013750489789058
-0.64473837774228182 -0.27299034328209909 0.44929887015742814 0.55490469633643014
-0.67146057457829855 0.012282845708607507 -0.71469799731303663 -0.19543950758485404
0.15979330097660577 0.96096614375911926 -0.11319704230549199 0.1954395075848534
-0.64473837774228115 -0.75793542004777492 -0.055520268443345761 0.082242465279362825
-0.64473837774228115 -0.30863654989034656 -0.67146057457829877 -0.1954395075848534
0.44929887015742836 0.27299034328209776 -0.32851061172544488 -0.78465761688379065
0.46842985086695221 -0.77021826575638253 0.3861873855875918 0.1954395075848534
-0.75793542004777525 -0.27299034328209776 0.51925848972818167 -0.28527318899070686
-0.60150095500754364 -0.12547988801409982 0.08224246527936252 0.78465761688379065
-0.37174803446018367 -0.308636549890347 -0.84017788532713711 -0.24626814644608225
0.26539912715560854 -0.88341530806187474 -0.32851061172544482 -0.2030307237113439
0.12547988801409965 0.139919239141508 0.96096614375911926 0.2030307237113439
-0.7702182657563823 0.069959619570754805 -0.043237422734738407 0.63245553203367444
0.12547988801410059 0.79694046259239815 -0.55490469633642947 -0.20303072371134384
0.91013750489789047 -0.069959619570754805 -0.043237422734738129 0.40606144742268974
0.57477875817152801 -0.44170765403093737 -0.27299034328209931 -0.63245553203367444
0.12547988801410059 0.78465761688378999 0.5747787581715279 -0.1954395075848534
-0.012282845708607978 0.27299034328209776 -0.04323742273473824 0.96096614375911971
0.19543950758485457 -0.77021826575638319 0.55490469633642991 0.24626814644608225
0.57477875817152801 -0.19543950758485357 -0.12547988801410059 -0.78465761688379065
0.24626814644608375 0.30863654989034695 0.9177287210243813 -0.043237422734738129
-0.91013750489789125 -0.12547988801409993 0.27299034328209953 -0.28527318899070714
-0.91772872102438097 -0.082242465279362659 -0.043237422734738185 0.38618738558759125
0.19543950758485457 -0.75793542004777525 -0.57477875817152846 0.23867693031959181
0.012282845708607951 -0.46842985086695288 0.27299034328209953 -0.84017788532713755
0.57477875817152801 -0.23867693031959192 0.19543950758485457 -0.75793542004777503
-0.91013750489789136 -0.3717480344601839 0.1254798880141007 -0.13307110414059081
0.19543950758485468 0.15979330097660671 -0.9101375048978908 -0.32851061172544566
0.043237422734738296 0.52395011931030022 -0.55490469633643058 -0.64473837774228304
-0.4060614474226899 -0.35946518875157413 -0.44170765403093681 -0.71469799731303663
-0.4060614474226899 -0.043237422734737851 -0.069959619570753029 -0.91013750489789014
0.31622776601683622 0.91772872102438163 0.13991923914150767 -0.19543950758485351
-0.40606144742268996 -0.2462681464460833 0.39847023129619913 -0.78465761688378954
-0.20303072371134545 0.96096614375911926 0.13991923914150767 -0.12547988801410043
0.31622776601683616 0.28527318899070719 0.88341530806187496 0.1954395075848547
0.57477875817152857 0.63714716161579021 -0.043237422734738074 0.51166727360169206
0.57477875817152857 0.5116672736016904 0.24626814644608219 0.58921810929893614
-0.12547988801409987 -0.68797580047702178 0.012282845708608409 0.71469799731303518
0.57477875817152857 0.23867693031959253 0.19543950758485348 0.75793542004777403
-0.27299034328209787 -0.84017788532713711 0.012282845708608409 0.46842985086695282
-0.12547988801409987 -0.13307110414059184 -0.9101375048978908 0.37174803446018279
0.57477875817152846 0.19543950758485451 -0.12547988801409998 0.78465761688378943
-0.043237422734738018 -0.96096614375911926 0.012282845708608367 0.27299034328209915
-0.12547988801409976 0.7846576168837901 -0.57477875817152857 -0.19543950758485468
0.91772872102438185 0.043237422734738462 -0.24626814644608225 0.30863654989034645
-0.6015009550075443 -0.24626814644608214 0.51925848972818123 -0.5549046963364298
-0.6015009550075443 -0.71469799731303518 0.23867693031959281 -0.26539912715560876
-0.46842985086695299 0.58921810929893692 -0.13307110414059137 -0.64473837774228138
-0.6015009550075443 -0.63245553203367377 -0.37174803446018256 -0.31622776601683722
0.082242465279361382 0.44170765403093831 -0.13307110414059137 -0.88341530806187452
-0.4684298508669531 0.20303072371134584 0.7579354200477747 -0.40606144742268913
-0.6015009550075443 -0.11319704230549232 -0.46842985086695277 -0.63714716161579099
-0.84017788532713733 0.3285106117254451 -0.23867693031959308 -0.35946518875157479
0.23867693031959275 0.96096614375911937 -0.13307110414059137 -0.043237422734738296
-0.38618738558759103 0.19543950758485473 0.46842985086695321 0.77021826575638319
-0.51925848972818189 -0.28527318899070742 -0.75793542004777537 0.27299034328209953
-0.46842985086695299 -0.77021826575638253 -0.38618738558759108 0.19543950758485479
-0.08224246527936141 0.78465761688379065 -0.60150095500754497 0.12547988801410054
0.23867693031959147 0.26539912715560815 0.60150095500754452 -0.71469799731303563
-0.1330711041405917 0.6447383777422826 0.46842985086695244 0.58921810929893614
-0.13991923914150689 0.19543950758485273 0.31622776601683694 0.9177287210243813
-0.13991923914150689 0.12547988801409937 -0.2030307237113457 0.96096614375911915
-0.069959619570753362 -0.77021826575638341 -0.63245553203367333 -0.043237422734739239
-0.13991923914150689 0.52395011931029956 -0.44170765403093781 0.71469799731303563
0.39847023129620018 -0.6447383777422826 -0.63245553203367333 0.15979330097660671
-0.069959619570753306 0.11319704230549144 -0.79694046259239837 -0.58921810929893614
-0.28527318899070758 -0.5892181092989357 -0.24626814644608308 -0.71469799731303563
0.12547988801409993 0.6447383777422826 0.30863654989034578 -0.68797580047702067
-0.24626814644608308 -0.71469799731303607 0.28527318899070742 0.58921810929893603
-0.77021826575638341 -0.26539912715560837 -0.27299034328209942 -0.51166727360169106
0.35946518875157535 0.12547988801410054 -0.51166727360169162 -0.77021826575638319
-0.055520268443346565 0.2462681464460838 -0.11319704230549259 -0.96096614375912059
-0.082242465279362492 0.055520268443346926 -0.75793542004777359 -0.64473837774228282
-0.082242465279362492 0.44170765403093704 0.13307110414059178 -0.88341530806187452
0.38618738558759003 0.79694046259239881 0.23867693031959247 0.39847023129619946
-0.11319704230549127 -0.1254798880141007 0.35946518875157418 0.91772872102438119
-0.63714716161579099 -0.57477875817152957 -0.51166727360169095 0.043237422734737851
-0.11319704230549121 -0.069959619570753306 -0.44929887015742853 0.88341530806187452
0.055520268443347343 -0.79694046259239881 -0.51166727360169095 -0.31622776601683661
-0.63714716161579099 0.13991923914150731 -0.64473837774228304 -0.39847023129619935
-0.012282845708609352 -0.71469799731303518 -0.12547988801410082 -0.68797580047702112
-0.012282845708609352 -0.46842985086695199 -0.27299034328209826 -0.84017788532713689
0.24626814644608314 0.60150095500754541 0.5549046963364288 -0.51925848972818145
-0.012282845708609352 -0.27299034328209848 -0.043237422734737518 -0.96096614375911904
0.19543950758485351 0.77021826575638352 0.5549046963364288 -0.24626814644608286
0.24626814644608308 -0.30863654989034539 0.91772872102438163 0.043237422734738296
-0.012282845708609255 -0.39847023129619924 0.24626814644608325 -0.8834153080618744
-0.12547988801410087 0.79694046259239881 0.5549046963364288 -0.20303072371134534
-0.91013750489789069 -0.069959619570753473 0.043237422734737518 0.40606144742269057
0.24626814644608308 -0.88341530806187474 0.012282845708609047 0.39847023129619935
-0.57477875817152946 -0.44170765403093748 0.27299034328209842 -0.63245553203367411
-0.19543950758485368 0.13991923914150739 -0.91772872102438241 -0.316227766016837
-0.27299034328209881 -0.79694046259239881 -0.30863654989034572 0.44170765403093737
0.78465761688379021 -0.39847023129619963 -0.24626814644608314 -0.40606144742269062
0.12547988801410015 -0.13991923914150739 0.96096614375912037 -0.20303072371134562
0.24626814644608297 0.40606144742269012 0.78465761688378999 -0.39847023129619935
-0.19543950758485465 -0.88341530806187563 0.28527318899070775 0.316227766016837
-0.27299034328209804 -0.44929887015742787 0.78465761688378954 0.32851061172544616
-0.27299034328209804 -0.7579354200477737 -0.28527318899070764 0.51925848972818223
-0.30863654989034583 -0.37174803446018434 -0.24626814644608325 -0.84017788532713644
0.51166727360168995 -0.043237422734737962 -0.63714716161579166 -0.57477875817152912
0.51166727360168995 0.31622776601683722 0.055520268443346815 -0.79694046259239848
0.35946518875157518 0.40606144742269085 0.71469799731303574 0.44170765403093748
0.51166727360168995 -0.13307110414059134 0.67146057457829822 -0.51925848972818223
-0.44929887015742864 0.37174803446018434 0.71469799731303574 0.38618738558759058
0.35946518875157518 -0.23867693031959208 0.32851061172544627 0.84017788532713644
-0.13991923914150678 0.84017788532713611 -0.069959619570753862 0.51925848972818223
0.31622776601683716 -0.37174803446018434 -0.63245553203367344 0.6015009550075443
0.88341530806187507 -0.13307110414059142 0.44170765403093781 -0.082242465279362909
-0.069959619570754028 0.51925848972818245 0.13991923914150711 -0.84017788532713644
0.40606144742269068 0.75793542004777448 0.20303072371134503 0.46842985086695332
-0.39847023129619974 -0.23867693031959231 0.79694046259239948 0.38618738558759086
0.24626814644608241 0.84017788532713622 -0.30863654989034661 -0.37174803446018384
0.24626814644608241 0.55490469633642925 0.77021826575638275 -0.19543950758485487
-0.28527318899070703 0.27299034328209959 0.12547988801410026 0.91013750489789047
-0.23867693031959158 0.57477875817152824 -0.75793542004777426 0.1954395075848549
0.84017788532713666 -0.27299034328209959 -0.4684298508669526 0.012282845708608381
0.13307110414059084 -0.12547988801410037 -0.37174803446018401 -0.91013750489789047
-0.32851061172544538 -0.9101375048978898 -0.15979330097660693 -0.19543950758485482
-0.26539912715560793 0.27299034328209953 0.11319704230549194 -0.91772872102438119
-0.15979330097660671 -0.19543950758485504 0.32851061172544549 0.91013750489789047
-0.64473837774228282 -0.55490469633642969 -0.52395011931029978 -0.043237422734738629
0.52395011931029967 0.37174803446018428 0.11319704230549199 -0.75793542004777392
-0.51166727360169151 0.84017788532713689 0.15979330097660704 0.082242465279362936
0.26539912715560809 0.23867693031959231 -0.71469799731303707 0.60150095500754497
-0.15979330097660677 -0.082242465279362742 -0.5116672736016914 0.84017788532713644
0.68797580047702112 0.51925848972818289 -0.3285106117254456 -0.38618738558759086
-0.51166727360169151 0.31622776601683666 0.68797580047702078 0.40606144742269057
-0.11319704230549227 0.069959619570753473 0.58921810929893648 0.79694046259239959
0.67146057457829722 0.51925848972818134 -0.51166727360169117 -0.13307110414059092
0.71469799731303618 -0.3861873855875908 0.44929887015742809 0.37174803446018262
0.32851061172544482 -0.84017788532713622 -0.35946518875157479 -0.23867693031959331
-0.96096614375911826 -0.043237422734738518 0.27299034328209909 0.012282845708608173
-0.24626814644608358 0.55490469633642969 -0.77021826575638208 -0.19543950758485379
0.043237422734738185 0.91772872102438119 0.30863654989034661 -0.2462681464460818
-0.96096614375911837 -0.23867693031959303 0.043237422734738018 0.13307110414059095
-0.19543950758485445 0.38618738558759075 -0.77021826575638197 -0.46842985086695321
0.043237422734738185 0.13307110414059081 0.96096614375911882 0.23867693031959331
-0.78465761688379032 0.08224246527936116 -0.12547988801410082 0.60150095500754408
0.12547988801410082 0.35946518875157524 -0.77021826575638208 -0.51166727360169129
0.043237422734738129 -0.63714716161579155 0.28527318899070636 0.71469799731303618
-0.58921810929893637 0.46842985086695349 0.64473837774228027 0.13307110414059059
0.44170765403093748 0.08224246527936066 -0.88341530806187407 -0.13307110414059059
0.79694046259239715 -0.38618738558759108 0.39847023129619957 -0.23867693031959381
-0.67146057457829711 -0.51925848972818156 0.51166727360169162 0.13307110414059065
-0.7146979973130364 0.38618738558759108 -0.44929887015742753 -0.37174803446018256
-0.3285106117254446 0.84017788532713622 0.35946518875157507 0.23867693031959369
-0.67146057457829711 -0.63245553203367422 -0.32851061172544471 0.20303072371134478
-0.11319704230549271 0.069959619570753973 -0.44929887015742748 -0.88341530806187463
-0.32851061172544466 0.20303072371134473 0.67146057457829722 0.63245553203367466
-0.63714716161579144 -0.139919239141509 -0.64473837774228249 0.39847023129619924
-0.5892181092989357 -0.24626814644608191 0.51166727360169162 0.57477875817152735
-0.71469799731303563 -0.012282845708607271 -0.68797580047702078 -0.12547988801409893
0.7579354200477737 0.19543950758485459 -0.23867693031959319 -0.57477875817152724
0.4684298508669536 0.012282845708607271 0.840177885327136 0.27299034328209831
0.3717480344601829 -0.91013750489789058 0.13307110414059034 0.12547988801409893
0.75793542004777381 0.11319704230549343 0.37174803446018284 -0.52395011931029889
-0.082242465279361243 0.1597933009766061 0.840177885327136 0.51166727360169173
0.3717480344601829 -0.523950119310299 -0.75793542004777414 -0.11319704230549354
0.38618738558759147 -0.32851061172544377 0.51925848972818212 -0.68797580047702089
-0.519258489728182 -0.069959619570753917 0.840177885327136 0.13991923914150861
0.37174803446018301 0.31622776601683716 -0.60150095500754319 -0.63245553203367466
-0.26539912715560943 0.88341530806187396 0.32851061172544394 0.20303072371134442
-0.12547988801409887 -0.13991923914150897 -0.96096614375911849 -0.20303072371134442
0.77021826575638164 -0.069959619570754528 0.043237422734739683 -0.63245553203367466
-0.12547988801410059 -0.79694046259239681 0.55490469633643014 0.2030307237113444
-0.9101375048978908 0.069959619570754528 0.043237422734737574 -0.40606144742268846
-0.57477875817152713 0.44170765403093781 0.2729903432820982 0.63245553203367466
0.67146057457829722 0.63245553203367411 0.32851061172544421 -0.2030307237113444
0.1131970423054931 -0.069959619570754583 0.44929887015742764 0.88341530806187429
0.32851061172544405 -0.20303072371134445 -0.67146057457829755 -0.63245553203367477
0.63714716161579177 0.13991923914150911 0.64473837774228193 -0.39847023129619935
0.32851061172544394 0.78465761688379065 0.44929887015742642 0.2729903432820987
0.32851061172544394 0.11319704230549316 0.63714716161579199 0.68797580047701956
-0.67146057457829744 -0.52395011931029833 -0.11319704230549318 0.51166727360169217
-0.12547988801409982 0.6447383777422816 -0.30863654989034744 -0.68797580047701956
0.78465761688379065 0.52395011931029833 0.043237422734738684 0.32851061172544443
0.7702182657563813 -0.26539912715560893 0.27299034328209876 -0.51166727360169217
-0.19543950758485462 0.11319704230549321 0.96096614375911937 0.1597933009766056
0.26539912715560843 -0.23867693031959297 -0.71469799731303585 -0.60150095500754275
0.64473837774228149 0.13307110414059001 0.58921810929893581 -0.46842985086695355
-0.316227766016837 -0.37174803446018334 0.63245553203367411 0.60150095500754275
-0.88341530806187463 -0.13307110414059001 -0.44170765403093715 -0.082242465279361687
-0.40606144742268879 0.75793542004777426 -0.20303072371134429 0.46842985086695355
-0.31622776601683711 -0.51166727360169184 -0.4060614474226889 0.68797580047701956
-0.1399192391415085 -0.52395011931029833 -0.44170765403093715 -0.7146979973130364
0.39847023129619885 0.64473837774228215 -0.63245553203367466 -0.1597933009766056
-0.40606144742268874 0.68797580047701978 0.31622776601683728 0.51166727360169217
-0.069959619570754417 -0.11319704230549327 -0.79694046259239792 0.58921810929893614
0.8834153080618754 -0.26539912715560915 0.20303072371134451 0.32851061172544471
0.7969404625923977 -0.27299034328209837 -0.4417076540309372 -0.30863654989034722
0.39847023129619885 0.78465761688379088 0.40606144742268913 -0.24626814644608241
0.13991923914150856 0.12547988801409965 0.20303072371134451 0.96096614375911993
-0.40606144742268868 0.2462681464460823 0.39847023129619863 0.78465761688379065
0.8834153080618754 -0.19543950758485459 -0.31622776601683766 0.28527318899070603
0.39847023129619896 -0.012282845708607631 0.88341530806187485 0.24626814644608336
0.44170765403093787 -0.57477875817152835 0.63245553203367533 0.27299034328209898
0.082242465279362575 -0.055520268443347093 0.75793542004777392 0.64473837774228149
0.082242465279362575 -0.44170765403093792 -0.13307110414059115 0.88341530806187374
-0.38618738558759086 -0.79694046259239792 -0.23867693031959181 -0.39847023129619968
0.082242465279362575 0.15979330097660627 -0.84017788532713622 0.51166727360169051
0.60150095500754419 -0.71469799731303585 -0.23867693031959181 -0.26539912715560854
-0.3861873855875908 -0.32851061172544527 -0.51925848972818167 -0.68797580047702045
-0.40606144742268974 -0.68797580047702023 0.316227766016837 -0.5116672736016904
-0.44170765403093787 0.71469799731303585 0.13991923914150739 -0.52395011931029922
0.31622776601683716 -0.51166727360169084 0.40606144742268968 0.68797580047702045
-0.79694046259239815 -0.58921810929893637 0.069959619570753639 -0.11319704230549188
0.77021826575638208 0.1954395075848529 -0.24626814644608275 0.55490469633642947
0.12547988801409954 -0.91013750489789058 0.28527318899070703 0.27299034328209754
0.77021826575638208 0.46842985086695199 -0.19543950758485501 0.38618738558759097
0.27299034328209915 -0.75793542004777492 0.28527318899070703 0.51925848972818045
0.12547988801409954 -0.6015009550075443 -0.78465761688378977 0.082242465279361077
0.77021826575638208 0.51166727360169106 0.12547988801409948 0.35946518875157496
0.96096614375911948 0.11319704230549306 0.24626814644608286 -0.055520268443346871
-0.24626814644608158 -0.55490469633642969 -0.77021826575638208 0.19543950758485371
0.28527318899070675 -0.27299034328209881 -0.12547988801409893 -0.91013750489789036
0.23867693031959131 -0.57477875817152735 0.75793542004777459 -0.19543950758485376
-0.84017788532713689 0.27299034328209881 0.46842985086695155 -0.012282845708607507
-0.13307110414059053 0.12547988801410104 0.37174803446018273 0.91013750489789036
0.32851061172544527 0.91013750489788969 0.15979330097660582 0.19543950758485371
0.26539912715560909 -0.27299034328209881 -0.11319704230549155 0.91772872102438041
0.15979330097660571 0.19543950758485384 -0.32851061172544527 -0.91013750489789025
0.64473837774228215 0.55490469633643014 0.52395011931029922 0.043237422734737518
0.523950119310298 0.67146057457829789 -0.5116672736016914 0.11319704230549169
0.523950119310298 0.78465761688378977 0.32851061172544577 0.043237422734738074
0.11319704230549199 -0.1954395075848534 0.15979330097660577 0.96096614375911926
-0.71469799731303441 -0.38618738558759197 -0.44929887015742787 0.37174803446018362
0.055520268443345761 -0.082242465279362825 -0.64473837774228115 -0.75793542004777492
-0.71469799731303452 0.28527318899070675 -0.63714716161579232 -0.043237422734738074
0.67146057457829877 0.1954395075848534 -0.64473837774228115 -0.30863654989034656
0.055520268443345761 0.24626814644608208 0.11319704230549195 -0.96096614375911926
0.23867693031959147 -0.96096614375911882 -0.13307110414059012 0.043237422734738074
-0.3861873855875918 -0.1954395075848534 0.46842985086695221 -0.77021826575638253
-0.51925848972818167 0.28527318899070686 -0.75793542004777525 -0.27299034328209776
-0.13307110414058984 0.04323742273473824 -0.23867693031959175 0.96096614375911926
-0.08224246527936252 -0.78465761688379065 -0.60150095500754364 -0.12547988801409982
0.84017788532713711 0.24626814644608225 -0.37174803446018367 -0.308636549890347
-0.1597933009766056 -0.9609661437591186 0.11319704230549299 -0.19543950758485382
-0.1597933009766056 -0.63245553203367377 -0.64473837774228204 -0.39847023129619819
0.32851061172544482 0.2030307237113439 0.26539912715560854 -0.88341530806187474
0.24626814644608203 -0.40606144742268935 0.7846576168837901 0.39847023129619813
-0.96096614375911926 -0.2030307237113439 0.12547988801409965 0.139919239141508
-0.28527318899070608 0.31622776601683733 -0.19543950758485373 0.88341530806187474
0.24626814644608341 0.88341530806187429 0.012282845708607937 -0.39847023129619813
0.55490469633642947 0.20303072371134384 0.12547988801410059 0.79694046259239815
0.012282845708607659 -0.39847023129619824 -0.24626814644608358 -0.88341530806187463
0.27299034328209931 0.63245553203367444 0.57477875817152801 -0.44170765403093737
-0.5747787581715279 0.1954395075848534 0.12547988801410059 0.78465761688378999
0.04323742273473824 -0.96096614375911971 -0.012282845708607978 0.27299034328209776
-0.55490469633642991 -0.24626814644608225 0.19543950758485457 -0.77021826575638319
0.012282845708607715 -0.2729903432820977 0.043237422734738185 -0.96096614375911926
-0.9177287210243813 0.043237422734738129 0.24626814644608375 0.30863654989034695
0.043237422734738185 -0.38618738558759125 -0.91772872102438097 -0.082242465279362659
-0.1254798880141007 0.13307110414059081 -0.91013750489789136 -0.3717480344601839
-0.79694046259239792 0.055520268443347065 -0.316227766016836 -0.51166727360169095
0.44170765403093681 0.71469799731303663 -0.4060614474226899 -0.35946518875157413
-0.79694046259239792 0.12547988801410009 0.20303072371134534 -0.55490469633642858
0.069959619570753029 0.91013750489789014 -0.4060614474226899 -0.043237422734737851
0.44170765403093681 0.5747787581715289 0.63245553203367388 -0.27299034328209781
-0.79694046259239804 -0.27299034328209903 0.4417076540309367 -0.30863654989034572
-0.39847023129619913 0.78465761688378954 -0.40606144742268996 -0.2462681464460833
0.44170765403093665 -0.30863654989034606 0.79694046259239815 0.27299034328209915
-0.88341530806187496 -0.1954395075848547 0.31622776601683616 0.28527318899070719
-0.52395011931030044 -0.67146057457829644 0.5116672736016904 -0.11319704230549252
0.91772872102438063 0.35946518875157407 0.12547988801409971 0.11319704230549252
0.043237422734738074 -0.51166727360169206 0.57477875817152857 0.63714716161579021
0.91772872102438052 0.11319704230549188 0.27299034328209759 0.26539912715560776
-0.24626814644608219 -0.58921810929893614 0.57477875817152857 0.5116672736016904
0.043237422734738074 -0.52395011931030044 -0.55490469633642936 0.64473837774228104
0.91772872102438074 -0.082242465279361548 0.043237422734738018 0.38618738558758975
-0.19543950758485348 -0.75793542004777403 0.57477875817152857 0.23867693031959253
0.043237422734738074 0.3861873855875903 -0.91772872102438097 0.082242465279361437
0.9101375048978908 -0.37174803446018279 -0.12547988801409987 -0.13307110414059184
0.12547988801409998 -0.78465761688378943 0.57477875817152846 0.19543950758485451
0.043237422734738185 0.96096614375911882 -0.012282845708608145 -0.27299034328209915
0.687975800477021 0.12547988801409971 -0.71469799731303474 -0.012282845708607895
-0.84017788532713622 -0.27299034328209765 0.46842985086695255 0.012282845708607895
-0.51925848972818123 0.5549046963364298 -0.6015009550075443 -0.24626814644608214
-0.84017788532713622 -0.51166727360169051 -0.082242465279361437 0.15979330097660638
-0.23867693031959281 0.26539912715560876 -0.6015009550075443 -0.71469799731303518
-0.51925848972818123 0.68797580047702112 0.38618738558759069 -0.32851061172544438
-0.84017788532713622 -0.13991923914150795 -0.51925848972818101 -0.069959619570753306
-0.7579354200477747 0.40606144742268913 -0.4684298508669531 0.20303072371134584
0.13307110414059137 0.043237422734738296 0.23867693031959275 0.96096614375911937
0.60150095500754497 -0.12547988801410054 -0.08224246527936141 0.78465761688379065
-0.082242465279362881 -0.15979330097660654 0.84017788532713622 -0.51166727360169018
-0.60150095500754452 0.71469799731303563 0.23867693031959147 0.26539912715560815
0.38618738558759036 0.3285106117254456 0.51925848972818156 0.68797580047702056
0.40606144742269018 0.35946518875157363 0.44170765403093765 0.71469799731303563
0.40606144742269018 0.043237422734736686 0.069959619570753195 0.91013750489788969
-0.31622776601683694 -0.9177287210243813 -0.13991923914150689 0.19543950758485273
0.40606144742269012 0.24626814644608236 -0.39847023129619974 0.78465761688378888
0.2030307237113457 -0.96096614375911915 -0.13991923914150689 0.12547988801409937
-0.316227766016837 -0.28527318899070792 -0.88341530806187407 -0.19543950758485484
0.40606144742269018 0.68797580047702023 -0.31622776601683678 0.51166727360169018
0.44170765403093781 -0.71469799731303563 -0.13991923914150689 0.52395011931029956
-0.31622776601683694 0.51166727360169051 -0.40606144742269012 -0.68797580047702056
0.79694046259239837 0.58921810929893614 -0.069959619570753306 0.11319704230549144
-0.37174803446018395 0.44929887015742803 -0.38618738558758986 -0.71469799731303563
0.75793542004777359 0.64473837774228282 -0.082242465279362492 0.055520268443346926
-0.37174803446018395 0.31622776601683628 0.60150095500754397 -0.632455532033673
-0.13307110414059178 0.88341530806187452 -0.082242465279362492 0.44170765403093704
0.75793542004777359 0.40606144742269029 0.46842985086695338 0.20303072371134526
0.32851061172544599 -0.24626814644608325 -0.055520268443347343 0.91013750489788925
-0.35946518875157418 -0.91772872102438119 -0.11319704230549127 -0.1254798880141007
-0.67146057457829755 -0.012282845708609519 -0.71469799731303618 0.19543950758485393
0.3285106117254461 0.20303072371134526 -0.67146057457829722 0.632455532033673
0.44929887015742853 -0.88341530806187452 -0.11319704230549121 -0.069959619570753306
-0.67146057457829755 0.63245553203367355 -0.32851061172544604 -0.20303072371134517
0.64473837774228304 0.39847023129619935 -0.63714716161579099 0.13991923914150731
-0.57477875817152901 -0.63714716161579044 0.043237422734737518 -0.51166727360169095
-0.57477875817152901 -0.51166727360168962 -0.24626814644608297 -0.58921810929893559
0.12547988801410082 0.68797580047702112 -0.012282845708609352 -0.71469799731303518
-0.57477875817152901 -0.23867693031959142 -0.1954395075848534 -0.75793542004777359
0.27299034328209826 0.84017788532713689 -0.012282845708609352 -0.46842985086695199
0.12547988801410082 0.13307110414059237 0.91013750489788992 -0.37174803446018334
-0.5747787581715289 -0.1954395075848539 0.12547988801410065 -0.78465761688378866
-0.91772872102438163 -0.043237422734738296 0.24626814644608308 -0.30863654989034539
-0.24626814644608325 0.8834153080618744 -0.012282845708609255 -0.39847023129619924
-0.5549046963364288 0.20303072371134534 -0.12547988801410087 0.79694046259239881
-0.043237422734737518 -0.40606144742269057 -0.91013750489789069 -0.069959619570753473
0.12547988801410059 -0.79694046259239815 -0.5549046963364288 0.2030307237113452
-0.27299034328209842 0.63245553203367411 -0.57477875817152946 -0.44170765403093748
0.30863654989034572 -0.44170765403093737 -0.27299034328209881 -0.79694046259239881
-0.28527318899070775 -0.316227766016837 -0.19543950758485465 -0.88341530806187563
-0.19543950758485285 -0.67146057457829778 0.30863654989034556 0.64473837774228204
-0.78465761688378954 -0.32851061172544616 -0.27299034328209804 -0.44929887015742787
-0.19543950758485285 -0.38618738558759003 -0.77021826575638253 0.4684298508669526
0.28527318899070764 -0.51925848972818223 -0.27299034328209804 -0.7579354200477737
-0.78465761688378954 -0.082242465279362909 -0.12547988801410115 -0.60150095500754386
0.11319704230549057 -0.51166727360169051 -0.67146057457829778 -0.52395011931029944
0.11319704230549057 0.12547988801410126 -0.35946518875157485 -0.91772872102438052
0.63714716161579166 0.57477875817152912 0.51166727360168995 -0.043237422734737962
0.11319704230549062 0.069959619570754361 0.4492988701574282 -0.88341530806187396
-0.055520268443346815 0.79694046259239848 0.51166727360168995 0.31622776601683722
0.63714716161579155 -0.1399192391415067 0.64473837774228238 0.39847023129619863
0.11319704230549059 -0.60150095500754375 0.63714716161579132 -0.46842985086695271
-0.67146057457829822 0.51925848972818223 0.51166727360168995 -0.13307110414059134
0.63714716161579155 -0.46842985086695288 -0.11319704230549087 0.60150095500754386
-0.32851061172544627 -0.84017788532713644 0.35946518875157518 -0.23867693031959208
0.069959619570753862 -0.51925848972818223 -0.13991923914150678 0.84017788532713611
0.63245553203367344 -0.6015009550075443 0.31622776601683716 -0.37174803446018434
-0.44170765403093781 0.082242465279362909 0.88341530806187507 -0.13307110414059142
-0.31622776601683722 0.37174803446018401 0.63245553203367333 -0.60150095500754386
-0.20303072371134503 -0.46842985086695332 0.40606144742269068 0.75793542004777448
0.27299034328209743 0.4492988701574277 -0.78465761688378999 -0.3285106117254451
0.27299034328209743 0.75793542004777426 0.28527318899070664 -0.51925848972818167
0.30863654989034661 0.37174803446018384 0.24626814644608241 0.84017788532713622
0.27299034328209743 -0.012282845708608367 0.96096614375911893 -0.043237422734738629
-0.77021826575638275 0.19543950758485487 0.24626814644608241 0.55490469633642925
0.30863654989034661 0.24626814644608352 -0.043237422734737574 0.91772872102438052
0.08224246527936302 0.91772872102438019 -0.38618738558759058 0.043237422734738629
0.75793542004777426 -0.1954395075848549 -0.23867693031959158 0.57477875817152824
-0.38618738558759108 0.043237422734738629 -0.082242465279362881 -0.91772872102438074
0.37174803446018401 0.91013750489789047 0.13307110414059084 -0.12547988801410037
-0.11319704230549199 0.75793542004777392 0.52395011931029967 0.37174803446018428
0.3285106117254456 0.38618738558759086 0.68797580047702112 0.51925848972818289
0.63714716161579044 0.46842985086695266 -0.11319704230549231 -0.6015009550075433
0.51166727360169117 0.13307110414059092 0.67146057457829722 0.51925848972818134
-0.11319704230549257 -0.60150095500754353 -0.63714716161579077 -0.4684298508669531
0.35946518875157479 0.23867693031959331 0.32851061172544482 -0.84017788532713622
-0.78465761688378888 0.12547988801409926 0.19543950758485423 0.5747787581715279
-0.27299034328209909 -0.012282845708608173 -0.96096614375911826 -0.043237422734738518
0.19543950758485443 0.57477875817152801 0.78465761688378954 -0.12547988801409921
-0.30863654989034661 0.2462681464460818 0.043237422734738185 0.91772872102438119
-0.043237422734738018 -0.13307110414059095 -0.96096614375911837 -0.23867693031959303
0.19543950758485445 -0.38618738558759086 0.77021826575638164 0.4684298508669531
-0.26539912715560871 0.23867693031959364 0.71469799731303474 0.60150095500754319
-0.64473837774228027 -0.13307110414059059 -0.58921810929893637 0.46842985086695349
0.31622776601683666 0.37174803446018212 -0.63245553203367399 -0.60150095500754308
0.88341530806187407 0.13307110414059059 0.44170765403093748 0.08224246527936066
0.40606144742268802 -0.75793542004777392 0.20303072371134537 -0.46842985086695349
-0.63714716161579055 -0.4684298508669531 0.11319704230549262 0.60150095500754319
-0.51166727360169162 -0.13307110414059065 -0.67146057457829711 -0.51925848972818156
0.11319704230549293 0.60150095500754319 0.63714716161579088 0.46842985086695349
-0.35946518875157507 -0.23867693031959369 -0.3285106117254446 0.84017788532713622
-0.26539912715560776 -0.27299034328209815 0.11319704230549338 0.91772872102437986
-0.51166727360169162 -0.57477875817152735 -0.5892181092989357 -0.24626814644608191
-0.64473837774228049 0.55490469633642991 -0.52395011931029944 0.043237422734739461
0.38618738558759058 0.04323742273473935 0.082242465279361215 -0.91772872102437986
0.23867693031959319 0.57477875817152724 0.7579354200477737 0.19543950758485459
0.082242465279360993 -0.91772872102438008 -0.38618738558759108 -0.043237422734739517
-0.13307110414059034 -0.12547988801409893 0.3717480344601829 -0.91013750489789058
-0.37174803446018284 0.52395011931029889 0.75793542004777381 0.11319704230549343
0.082242465279361132 -0.15979330097660582 -0.84017788532713555 -0.51166727360169162
0.15979330097660477 0.63245553203367399 0.64473837774228082 0.3984702312961988
-0.32851061172544394 -0.20303072371134442 -0.26539912715560943 0.88341530806187396
-0.24626814644608186 0.40606144742268802 -0.78465761688378977 -0.39847023129619874
0.96096614375911849 0.20303072371134442 -0.12547988801409887 -0.13991923914150897
0.28527318899070531 -0.31622776601683744 0.19543950758485493 -0.88341530806187396
-0.24626814644608275 -0.88341530806187352 -0.012282845708607007 0.3984702312961988
-0.55490469633643014 -0.2030307237113444 -0.12547988801410059 -0.79694046259239681
-0.012282845708606743 0.39847023129619907 0.24626814644608297 0.88341530806187396
-0.2729903432820982 -0.63245553203367466 -0.57477875817152713 0.44170765403093781
0.64473837774228093 0.30863654989034778 0.67146057457829667 0.19543950758485398
-0.44929887015742642 -0.2729903432820987 0.32851061172544394 0.78465761688379065
0.64473837774228093 -0.32851061172544416 0.3594651887515764 0.58921810929893526
-0.63714716161579199 -0.68797580047701956 0.32851061172544394 0.11319704230549316
-0.44929887015742631 -0.15979330097660555 -0.51166727360169162 0.71469799731303607
-0.24626814644608253 0.71469799731303563 0.28527318899070536 -0.58921810929893526
0.30863654989034744 0.68797580047701956 -0.12547988801409982 0.6447383777422816
-0.043237422734738684 -0.32851061172544443 0.78465761688379065 0.52395011931029833
0.28527318899070497 -0.5892181092989357 0.24626814644608269 -0.71469799731303607
-0.27299034328209876 0.51166727360169217 0.7702182657563813 -0.26539912715560893
-0.96096614375911937 -0.1597933009766056 -0.19543950758485462 0.11319704230549321
-0.15979330097660588 0.082242465279361604 -0.51166727360169162 -0.84017788532713489
0.71469799731303585 0.60150095500754275 0.26539912715560843 -0.23867693031959297
0.32851061172544366 -0.38618738558759136 0.68797580047701978 -0.519258489728182
-0.069959619570754306 -0.51925848972818189 0.13991923914150833 0.84017788532713489
-0.63245553203367411 -0.60150095500754275 -0.316227766016837 -0.37174803446018334
0.13991923914150867 0.84017788532713533 0.069959619570754472 0.519258489728182
0.20303072371134429 -0.46842985086695355 -0.40606144742268879 0.75793542004777426
0.4060614474226889 -0.68797580047701956 -0.31622776601683711 -0.51166727360169184
0.44170765403093715 0.7146979973130364 -0.1399192391415085 -0.52395011931029833
0.63245553203367466 0.1597933009766056 0.39847023129619885 0.64473837774228215
0.13991923914150878 0.523950119310298 0.44170765403093692 0.71469799731303607
0.79694046259239792 -0.58921810929893614 -0.069959619570754417 -0.11319704230549327
0.4417076540309372 0.30863654989034722 0.7969404625923977 -0.27299034328209837
0.31622776601683766 -0.28527318899070603 0.8834153080618754 -0.19543950758485459
0.37174803446018334 -0.44929887015742848 0.38618738558759041 0.71469799731303463
-0.75793542004777392 -0.64473837774228149 0.082242465279362575 -0.055520268443347093
0.37174803446018323 -0.31622776601683744 -0.60150095500754364 0.63245553203367266
0.13307110414059115 -0.88341530806187374 0.082242465279362575 -0.44170765403093792
-0.75793542004777392 -0.40606144742268974 -0.46842985086695221 -0.20303072371134495
0.37174803446018323 0.52395011931029889 -0.75793542004777348 0.11319704230549149
0.84017788532713622 -0.51166727360169051 0.082242465279362575 0.15979330097660627
-0.75793542004777392 0.11319704230549188 -0.37174803446018329 -0.52395011931029889
0.51925848972818167 0.68797580047702045 -0.3861873855875908 -0.32851061172544527
0.96096614375911804 0.043237422734737352 -0.27299034328209887 -0.012282845708607965
0.24626814644608275 -0.55490469633642947 0.77021826575638208 0.1954395075848529
-0.043237422734739239 -0.91772872102438052 -0.30863654989034611 0.24626814644608236
0.96096614375911804 0.23867693031959236 -0.043237422734739184 -0.13307110414059098
0.78465761688378977 -0.082242465279361077 0.12547988801409954 -0.6015009550075443
-0.27299034328209748 0.012282845708607562 -0.9609661437591186 0.043237422734737241
0.77021826575638208 -0.19543950758485371 -0.24626814644608158 -0.55490469633642969
-0.30863654989034656 -0.24626814644608341 0.043237422734739017 -0.91772872102437986
-0.082242465279362326 -0.91772872102437963 0.38618738558759108 -0.043237422734737407
-0.75793542004777459 0.19543950758485376 0.23867693031959131 -0.57477875817152735
0.38618738558759158 -0.043237422734737574 0.082242465279362159 0.91772872102437986
-0.37174803446018273 -0.91013750489789036 -0.13307110414059053 0.12547988801410104
0.68797580047701856 0.63714716161579199 -0.11319704230549194 -0.32851061172544471
0.5116672736016914 -0.11319704230549169 0.523950119310298 0.67146057457829789
0.68797580047701856 0.30863654989034633 0.6447383777422826 -0.12547988801409971
-0.32851061172544577 -0.043237422734738074 0.523950119310298 0.78465761688378977
0.51166727360169151 -0.27299034328209754 -0.26539912715560809 0.77021826575638197
-0.51166727360168962 0.13307110414058942 -0.671460574578298 0.51925848972818123
0.44929887015742787 -0.37174803446018362 -0.71469799731303441 -0.38618738558759197
-0.35946518875157624 0.23867693031959158 -0.32851061172544455 -0.84017788532713567
-0.51166727360168973 0.77021826575638186 -0.35946518875157585 0.12547988801409971
0.63714716161579232 0.043237422734738074 -0.71469799731303452 0.28527318899070675
-0.35946518875157629 0.12547988801409965 0.51166727360169018 -0.77021826575638208
-0.11319704230549195 0.96096614375911926 0.055520268443345761 0.24626814644608208
0.13307110414059012 -0.043237422734738074 0.23867693031959147 -0.96096614375911882
-0.46842985086695221 0.77021826575638253 -0.3861873855875918 -0.1954395075848534
0.75793542004777525 0.27299034328209776 -0.51925848972818167 0.28527318899070686
0.38618738558759186 0.19543950758485334 -0.4684298508669521 0.77021826575638197
0.60150095500754364 0.12547988801409982 -0.08224246527936252 -0.78465761688379065
-0.52395011931029756 -0.78465761688378988 -0.32851061172544443 -0.043237422734738185
-0.11319704230549299 0.19543950758485382 -0.1597933009766056 -0.9609661437591186
-0.52395011931029767 -0.13991923914150778 -0.71469799731303607 -0.44170765403093659
0.64473837774228204 0.39847023129619819 -0.1597933009766056 -0.63245553203367377
-0.11319704230549299 -0.069959619570754694 0.58921810929893514 -0.79694046259239759
0.27299034328209759 -0.79694046259239726 0.30863654989034678 0.44170765403093659
-0.7846576168837901 -0.39847023129619813 0.24626814644608203 -0.40606144742268935
0.30863654989034722 0.44170765403093681 -0.27299034328209781 0.79694046259239748
0.19543950758485373 -0.88341530806187474 -0.28527318899070608 0.31622776601683733
-0.12547988801410059 -0.78465761688378999 -0.5747787581715279 0.1954395075848534
-0.24626814644608375 -0.30863654989034695 -0.9177287210243813 0.043237422734738129
-0.88341530806187374 0.44929887015742753 -0.069959619570752918 -0.11319704230549137
0.316227766016836 0.51166727360169095 -0.79694046259239792 0.055520268443347065
0.3984702312961988 0.6447383777422826 0.13991923914150756 -0.6371471616157901
-0.88341530806187374 0.24626814644608203 0.39847023129619868 0.012282845708609075
-0.20303072371134534 0.55490469633642858 -0.79694046259239792 0.12547988801410009
0.3984702312961988 0.012282845708608867 0.88341530806187429 -0.24626814644608225
-0.63245553203367388 0.27299034328209781 0.44170765403093681 0.5747787581715289
-0.4417076540309367 0.30863654989034572 -0.79694046259239804 -0.27299034328209903
0.3984702312961988 -0.78465761688378932 0.40606144742268946 0.24626814644608325
-0.68797580047702045 -0.63714716161578955 0.11319704230549216 0.32851061172544505
-0.5116672736016904 0.11319704230549252 -0.52395011931030044 -0.67146057457829644
0.91013750489788936 -0.055520268443346732 0.24626814644608191 -0.32851061172544505
-0.12547988801409971 -0.11319704230549252 0.91772872102438063 0.35946518875157407
0.19543950758485343 -0.71469799731303663 0.012282845708608436 0.67146057457829644
0.91013750489788936 -0.32851061172544438 0.19543950758485326 -0.15979330097660732
-0.27299034328209759 -0.26539912715560776 0.91772872102438052 0.11319704230549188
0.19543950758485334 -0.15979330097660732 -0.91013750489788992 0.32851061172544438
0.55490469633642936 -0.64473837774228104 0.043237422734738074 -0.52395011931030044
-0.043237422734738018 -0.38618738558758975 0.91772872102438074 -0.082242465279361548
0.19543950758485343 0.7579354200477737 -0.57477875817152801 -0.23867693031959258
0.58921810929893592 0.24626814644608203 -0.51166727360169018 -0.57477875817152757
0.71469799731303474 0.012282845708607895 0.687975800477021 0.12547988801409971
-0.75793542004777348 -0.19543950758485348 0.23867693031959264 0.57477875817152757
-0.46842985086695255 -0.012282845708607895 -0.84017788532713622 -0.27299034328209765
-0.37174803446018234 0.91013750489789014 -0.13307110414059128 -0.12547988801409971
-0.75793542004777337 -0.11319704230549205 -0.37174803446018223 0.52395011931029933
-0.38618738558759069 0.32851061172544438 -0.51925848972818123 0.68797580047702112
-0.3717480344601834 -0.523950119310299 0.75793542004777337 -0.11319704230549099
-0.84017788532713622 0.51166727360169018 -0.082242465279362881 -0.15979330097660654
0.75793542004777381 -0.11319704230549138 0.37174803446018345 0.52395011931029922
-0.51925848972818156 -0.68797580047702056 0.38618738558759036 0.3285106117254456
0.79694046259239748 -0.055520268443348064 0.31622776601683661 0.51166727360169029
-0.44170765403093765 -0.71469799731303563 0.40606144742269018 0.35946518875157363
0.79694046259239759 -0.1254798880141012 -0.2030307237113457 0.55490469633642803
-0.069959619570753195 -0.91013750489788969 0.40606144742269018 0.043237422734736686
-0.44170765403093754 -0.57477875817152868 -0.63245553203367277 0.27299034328209776
0.79694046259239759 0.27299034328209837 -0.44170765403093742 0.30863654989034489
0.88341530806187407 0.19543950758485484 -0.316227766016837 -0.28527318899070792
-0.519258489728182 0.67146057457829711 0.13307110414059165 -0.51166727360168973
0.38618738558758986 0.71469799731303563 -0.37174803446018395 0.44929887015742803
0.84017788532713567 0.32851061172544616 0.23867693031959236 -0.35946518875157452
-0.51925848972818189 0.06995961957075314 0.84017788532713522 -0.13991923914150678
-0.60150095500754397 0.632455532033673 -0.37174803446018395 0.31622776601683628
0.84017788532713555 -0.13991923914150717 0.51925848972818223 -0.069959619570753306
-0.46842985086695338 -0.20303072371134526 0.75793542004777359 0.40606144742269029
0.64473837774228215 -0.27299034328209842 -0.44929887015742809 0.55490469633642747
0.055520268443347343 -0.91013750489788925 0.32851061172544599 -0.24626814644608325
-0.44929887015742809 0.55490469633642814 -0.64473837774228249 0.27299034328209854
0.71469799731303618 -0.19543950758485393 -0.67146057457829755 -0.012282845708609519
0.67146057457829722 -0.632455532033673 0.3285106117254461 0.20303072371134526
-0.44929887015742809 0.88341530806187407 0.11319704230549141 0.069959619570753473
-0.91772872102438052 -0.35946518875157363 -0.1254798880141007 -0.11319704230549155
-0.043237422734737518 0.51166727360169095 -0.57477875817152901 -0.63714716161579044
-0.91772872102438052 -0.11319704230549077 -0.27299034328209809 -0.26539912715560721
0.24626814644608297 0.58921810929893559 -0.57477875817152901 -0.51166727360168962
-0.043237422734737629 0.52395011931030033 0.55490469633642836 -0.6447383777422816
-0.91772872102438052 0.082242465279362575 -0.043237422734737463 -0.3861873855875893
-0.91013750489788992 0.37174803446018334 0.12547988801410082 0.13307110414059237
0.012282845708609255 0.39847023129619924 -0.24626814644608325 0.8834153080618744
0.57477875817152946 0.44170765403093748 -0.27299034328209842 0.63245553203367411
-0.043237422734736797 -0.63714716161579132 -0.28527318899070736 0.71469799731303463
-0.30863654989034556 -0.64473837774228204 -0.19543950758485285 -0.67146057457829778
-0.96096614375911882 0.11319704230549071 -0.24626814644608302 -0.055520268443346066
-0.043237422734736797 0.13307110414059134 -0.96096614375911826 0.23867693031959158
0.77021826575638253 -0.4684298508669526 -0.19543950758485285 -0.38618738558759003
-0.96096614375911882 0.23867693031959186 0.043237422734737019 -0.13307110414059103
0.12547988801410115 0.60150095500754386 -0.78465761688378954 -0.082242465279362909
-0.32851061172544604 -0.11319704230549082 -0.6371471616157911 -0.68797580047701912
0.67146057457829778 0.52395011931029944 0.11319704230549057 -0.51166727360169051
-0.32851061172544593 0.24626814644608419 0.055520268443346843 -0.91013750489788836
0.35946518875157485 0.91772872102438052 0.11319704230549057 0.12547988801410126
0.67146057457829766 0.012282845708609477 0.71469799731303518 -0.19543950758485462
-0.32851061172544593 -0.20303072371134417 0.67146057457829744 -0.63245553203367233
-0.64473837774228238 -0.39847023129619863 0.63714716161579155 -0.1399192391415067
-0.63714716161579132 0.46842985086695271 0.11319704230549059 -0.60150095500754375
0.67146057457829778 -0.519258489728182 -0.51166727360168984 0.13307110414059109
0.13991923914150678 -0.84017788532713611 0.069959619570753862 -0.51925848972818223
-0.40606144742269068 -0.75793542004777448 -0.20303072371134503 -0.46842985086695332
0.19543950758485279 0.671460574578298 -0.30863654989034628 -0.64473837774228093
0.78465761688378999 0.3285106117254451 0.27299034328209743 0.4492988701574277
0.19543950758485279 0.38618738558759119 0.77021826575638164 -0.46842985086695216
-0.28527318899070664 0.51925848972818167 0.27299034328209743 0.75793542004777426
0.78465761688378999 0.082242465279362686 0.12547988801410026 0.60150095500754297
0.19543950758485279 -0.57477875817152779 0.78465761688378932 0.12547988801410015
-0.96096614375911893 0.043237422734738629 0.27299034328209743 -0.012282845708608367
0.78465761688378999 0.12547988801410026 -0.19543950758485293 0.57477875817152768
0.043237422734737574 -0.91772872102438052 0.30863654989034661 0.24626814644608352
-0.19543950758485423 -0.5747787581715279 -0.78465761688378888 0.12547988801409926
0.27299034328209903 0.012282845708607881 0.96096614375911804 0.043237422734738684
0.1597933009766061 -0.082242465279360494 0.51166727360169073 0.84017788532713511
-0.71469799731303474 -0.60150095500754319 -0.26539912715560871 0.23867693031959364
-0.32851061172544294 0.38618738558759075 -0.68797580047702045 0.51925848972818101
0.069959619570753362 0.51925848972818089 -0.13991923914150878 -0.84017788532713489
0.63245553203367399 0.60150095500754308 0.31622776601683666 0.37174803446018212
-0.13991923914150911 -0.84017788532713533 -0.069959619570753528 -0.51925848972818112
-0.20303072371134537 0.46842985086695349 0.40606144742268802 -0.75793542004777392
0.15979330097660671 -0.19543950758485445 -0.32851061172544316 0.91013750489788914
-0.11319704230549338 -0.91772872102437986 -0.26539912715560776 -0.27299034328209815
-0.32851061172544316 0.91013750489788969 -0.15979330097660654 0.19543950758485462
0.52395011931029944 -0.043237422734739461 -0.64473837774228049 0.55490469633642991
-0.082242465279361215 0.91772872102437986 0.38618738558759058 0.04323742273473935
-0.23867693031959342 -0.5747787581715269 -0.75793542004777348 -0.19543950758485451
0.52395011931029745 0.13991923914150878 0.71469799731303507 0.44170765403093709
-0.64473837774228082 -0.3984702312961988 0.15979330097660477 0.63245553203367399
0.11319704230549321 0.069959619570754472 -0.58921810929893592 0.79694046259239626
-0.27299034328209826 0.79694046259239604 -0.308636549890347 -0.44170765403093704
0.78465761688378977 0.39847023129619874 -0.24626814644608186 0.40606144742268802
-0.3086365498903475 -0.44170765403093737 0.27299034328209837 -0.79694046259239637
-0.19543950758485493 0.88341530806187396 0.28527318899070531 -0.31622776601683744
0.71469799731303496 -0.28527318899070464 0.63714716161579132 0.043237422734737962
-0.67146057457829667 -0.19543950758485398 0.64473837774228093 0.30863654989034778
-0.055520268443344595 -0.24626814644608297 -0.11319704230549307 0.96096614375911804
0.71469799731303485 -0.64473837774228104 -0.055520268443344706 0.26539912715560832
-0.3594651887515764 -0.58921810929893526 0.64473837774228093 -0.32851061172544416
-0.055520268443344428 0.26539912715560865 -0.71469799731303529 0.64473837774228115
0.51166727360169162 -0.71469799731303607 -0.44929887015742631 -0.15979330097660555
-0.28527318899070536 0.58921810929893526 -0.24626814644608253 0.71469799731303563
0.12547988801409982 -0.6447383777422816 0.30863654989034744 0.68797580047701956
-0.78465761688379065 -0.52395011931029833 -0.043237422734738684 -0.32851061172544443
-0.30863654989034767 -0.68797580047701912 0.12547988801409971 -0.64473837774228104
-0.7702182657563813 0.26539912715560893 -0.27299034328209876 0.51166727360169217
-0.52395011931029811 0.37174803446018295 -0.11319704230549327 -0.75793542004777303
0.51166727360169162 0.84017788532713489 -0.15979330097660588 0.082242465279361604
-0.11319704230549354 -0.75793542004777359 0.52395011931029822 -0.37174803446018306
-0.68797580047701978 0.519258489728182 0.32851061172544366 -0.38618738558759136
0.31622776601683711 0.51166727360169184 0.4060614474226889 -0.68797580047701956
0.069959619570754417 0.11319704230549327 0.79694046259239792 -0.58921810929893614
0.51925848972818089 -0.67146057457829766 -0.13307110414059101 0.51166727360168951
-0.38618738558759041 -0.71469799731303463 0.37174803446018334 -0.44929887015742848
-0.84017788532713567 -0.32851061172544499 -0.23867693031959164 0.35946518875157474
0.51925848972818089 -0.069959619570754028 -0.84017788532713555 0.13991923914150678
0.60150095500754364 -0.63245553203367266 0.37174803446018323 -0.31622776601683744
-0.84017788532713567 0.13991923914150711 -0.51925848972818112 0.069959619570754139
0.46842985086695221 0.20303072371134495 -0.75793542004777392 -0.40606144742268974
0.78465761688378866 -0.1254798880141002 -0.19543950758485468 -0.57477875817152757
0.30863654989034611 -0.24626814644608236 -0.043237422734739239 -0.91772872102438052
-0.19543950758485362 0.5747787581715269 -0.7846576168837891 -0.12547988801410115
0.9609661437591186 -0.043237422734737241 -0.27299034328209748 0.012282845708607562
-0.78465761688378954 -0.12547988801410104 0.19543950758485384 -0.57477875817152679
-0.043237422734739017 0.91772872102437986 -0.30863654989034656 -0.24626814644608341
0.58921810929893403 0.35946518875157618 0.32851061172544549 -0.6447383777422806
0.11319704230549194 0.32851061172544471 0.68797580047701856 0.63714716161579199
0.71469799731303618 -0.51166727360168995 0.15979330097660571 0.44929887015742692
0.58921810929893415 -0.28527318899070642 0.71469799731303585 -0.24626814644608169
-0.6447383777422826 0.12547988801409971 0.68797580047701856 0.30863654989034633
0.71469799731303629 -0.24626814644608197 -0.58921810929893448 0.28527318899070619
0.26539912715560809 -0.77021826575638197 0.51166727360169151 -0.27299034328209754
-0.11319704230549148 0.60150095500754208 -0.63714716161579177 0.46842985086695177
0.32851061172544455 0.84017788532713567 -0.35946518875157624 0.23867693031959158
0.35946518875157585 -0.12547988801409971 -0.51166727360168973 0.77021826575638186
-0.63714716161579221 -0.043237422734738018 0.71469799731303429 -0.28527318899070625
-0.23867693031959147 0.96096614375911882 0.13307110414059012 -0.043237422734738074
0.08224246527936252 0.78465761688379065 0.60150095500754364 0.12547988801409982
-0.68797580047701834 -0.30863654989034706 -0.64473837774228138 0.12547988801409987
0.32851061172544443 0.043237422734738185 -0.52395011931029756 -0.78465761688378988
-0.51166727360169173 0.27299034328209804 0.26539912715560832 -0.77021826575638075
-0.68797580047701834 0.40606144742268901 -0.5116672736016914 -0.31622776601683678
0.71469799731303607 0.44170765403093659 -0.52395011931029767 -0.13991923914150778
-0.51166727360169184 -0.31622776601683711 0.68797580047701878 -0.4060614474226889
-0.58921810929893514 0.79694046259239759 -0.11319704230549299 -0.069959619570754694
-0.63245553203367277 0.67146057457829622 0.20303072371134526 0.32851061172544577
0.069959619570752918 0.11319704230549137 -0.88341530806187374 0.44929887015742753
0.20303072371134517 0.32851061172544571 0.63245553203367333 -0.67146057457829633
-0.13991923914150756 0.6371471616157901 0.3984702312961988 0.6447383777422826
-0.39847023129619868 -0.012282845708609075 -0.88341530806187374 0.24626814644608203
0.20303072371134512 -0.55490469633642847 0.79694046259239748 -0.12547988801409993
-0.58921810929893481 -0.35946518875157368 -0.32851061172544394 0.64473837774228193
-0.11319704230549216 -0.32851061172544505 -0.68797580047702045 -0.63714716161578955
-0.71469799731303452 0.51166727360169162 -0.15979330097660782 -0.44929887015742692
0.55490469633642825 -0.44929887015742687 0.27299034328209731 -0.64473837774228182
-0.24626814644608191 0.32851061172544505 0.91013750489788936 -0.055520268443346732
0.27299034328209737 -0.64473837774228215 -0.55490469633642892 0.44929887015742698
-0.012282845708608436 -0.67146057457829644 0.19543950758485343 -0.71469799731303663
-0.19543950758485326 0.15979330097660732 0.91013750489788936 -0.32851061172544438
0.27299034328209737 0.26539912715560776 -0.91772872102438019 -0.11319704230549199
0.26539912715560776 0.27299034328209743 -0.11319704230549216 -0.91772872102437963
0.51166727360169018 0.57477875817152757 0.58921810929893592 0.24626814644608203
0.64473837774228038 -0.55490469633642925 0.52395011931029978 -0.043237422734738185
-0.38618738558758997 -0.043237422734738185 -0.082242465279361243 0.91772872102437963
0.13307110414059128 0.12547988801409971 -0.37174803446018234 0.91013750489789014
0.88341530806187285 -0.44929887015742853 0.069959619570753084 0.11319704230549126
-0.31622776601683661 -0.51166727360169029 0.79694046259239748 -0.055520268443348064
-0.39847023129619963 -0.64473837774228182 -0.13991923914150672 0.63714716161579021
0.88341530806187285 -0.24626814644608269 -0.39847023129619941 -0.012282845708609408
0.63245553203367277 -0.27299034328209776 -0.44170765403093754 -0.57477875817152868
-0.46842985086695255 0.63714716161579021 0.60150095500754341 -0.11319704230549055
-0.13307110414059165 0.51166727360168973 -0.519258489728182 0.67146057457829711
0.60150095500754353 -0.11319704230549085 0.46842985086695293 -0.63714716161579066
-0.23867693031959236 0.35946518875157452 0.84017788532713567 0.32851061172544616
0.44929887015742809 -0.55490469633642747 0.64473837774228215 -0.27299034328209842
-0.055520268443346926 0.91013750489788892 -0.32851061172544571 0.24626814644608297
-0.91013750489788858 0.055520268443347592 -0.24626814644608275 0.32851061172544549
0.1254798880141007 0.11319704230549155 -0.91772872102438052 -0.35946518875157363
-0.19543950758485329 0.71469799731303574 -0.012282845708609352 -0.671460574578297
-0.91013750489788858 0.32851061172544549 -0.19543950758485321 0.1597933009766076
-0.55490469633642836 0.6447383777422816 -0.043237422734737629 0.52395011931030033
0.12547988801410104 -0.35946518875157502 -0.77021826575638186 0.51166727360168907
0.28527318899070736 -0.71469799731303463 -0.043237422734736797 -0.63714716161579132
-0.77021826575638186 0.5116672736016894 -0.12547988801410115 0.3594651887515754
0.24626814644608302 0.055520268443346066 -0.96096614375911882 0.11319704230549071
0.96096614375911826 -0.23867693031959158 -0.043237422734736797 0.13307110414059134
-0.77021826575638208 0.46842985086695244 0.19543950758485282 0.38618738558759025
-0.6447383777422816 0.32851061172544621 -0.35946518875157452 -0.58921810929893348
0.6371471616157911 0.68797580047701912 -0.32851061172544604 -0.11319704230549082
0.44929887015742787 0.15979330097660749 0.5116672736016894 -0.71469799731303563
-0.64473837774228149 0.27299034328209942 0.44929887015742787 -0.55490469633642703
-0.71469799731303518 0.19543950758485462 0.67146057457829766 0.012282845708609477
0.043237422734737352 0.63714716161579188 0.28527318899070653 -0.71469799731303396
0.30863654989034628 0.64473837774228093 0.19543950758485279 0.671460574578298
0.96096614375911849 -0.11319704230549135 0.24626814644608203 0.055520268443345566
0.043237422734737352 -0.13307110414058998 0.96096614375911793 -0.23867693031959142
-0.12547988801410026 -0.60150095500754297 0.78465761688378999 0.082242465279362686
0.52395011931029878 -0.37174803446018162 0.11319704230549316 0.7579354200477727
-0.51166727360169073 -0.84017788532713511 0.1597933009766061 -0.082242465279360494
0.11319704230549349 0.75793542004777326 -0.52395011931029867 0.37174803446018179
0.68797580047702045 -0.51925848972818101 -0.32851061172544294 0.38618738558759075
0.32851061172544316 -0.91013750489788914 0.15979330097660671 -0.19543950758485445
0.11319704230549349 0.91772872102437908 0.26539912715560787 0.27299034328209804
0.6879758004770189 -0.40606144742268757 0.51166727360169073 0.31622776601683716
-0.71469799731303507 -0.44170765403093709 0.52395011931029745 0.13991923914150878
0.51166727360169117 0.31622776601683722 -0.68797580047701912 0.40606144742268746
0.58921810929893592 -0.79694046259239626 0.11319704230549321 0.069959619570754472
0.51166727360169073 -0.77021826575637975 0.35946518875157596 -0.12547988801410037
0.11319704230549307 -0.96096614375911804 -0.055520268443344595 -0.24626814644608297
0.055520268443344706 -0.26539912715560832 0.71469799731303485 -0.64473837774228104
0.3594651887515764 0.58921810929893503 -0.64473837774228038 0.32851061172544371
0.24626814644608253 -0.71469799731303563 -0.28527318899070536 0.58921810929893526
0.27299034328209876 -0.51166727360169217 -0.7702182657563813 0.26539912715560893
0.46842985086695144 -0.63714716161579066 -0.60150095500754308 0.11319704230549105
0.13307110414059101 -0.51166727360168951 0.51925848972818089 -0.67146057457829766
-0.60150095500754319 0.11319704230549141 -0.46842985086695188 0.63714716161579099
0.23867693031959164 -0.35946518875157474 -0.84017788532713567 -0.32851061172544499
0.26539912715560748 -0.055520268443345122 0.64473837774228182 -0.71469799731303374
-0.32851061172544549 0.6447383777422806 0.58921810929893403 0.35946518875157618
0.64473837774228193 -0.71469799731303418 -0.26539912715560776 0.055520268443344928
-0.15979330097660571 -0.44929887015742692 0.71469799731303618 -0.51166727360168995
-0.71469799731303585 0.24626814644608169 0.58921810929893415 -0.28527318899070642
0.64473837774228193 -0.12547988801409971 -0.68797580047701823 -0.30863654989034645
-0.58921810929893415 0.28527318899070525 -0.71469799731303529 0.24626814644608225
-0.26539912715560832 0.77021826575638075 -0.51166727360169173 0.27299034328209804
-0.20303072371134526 -0.32851061172544577 -0.63245553203367277 0.67146057457829622
-0.069959619570753029 -0.11319704230549152 0.88341530806187341 -0.44929887015742709
-0.26539912715560654 0.055520268443346704 -0.64473837774227993 0.71469799731303563
0.32851061172544394 -0.64473837774228193 -0.58921810929893481 -0.35946518875157368
-0.64473837774228016 0.71469799731303585 0.26539912715560693 -0.055520268443346593
0.15979330097660782 0.44929887015742692 -0.71469799731303452 0.51166727360169162
-0.27299034328209731 0.64473837774228182 0.55490469633642825 -0.44929887015742687
0.24626814644608169 -0.32851061172544455 -0.91013750489788914 0.055520268443346593
-0.15979330097660677 0.19543950758485318 0.32851061172544388 -0.9101375048978888
-0.52395011931029978 0.043237422734738185 0.64473837774228038 -0.55490469633642925
0.63245553203367189 -0.67146057457829678 -0.20303072371134556 -0.32851061172544538
0.13991923914150672 -0.63714716161579021 -0.39847023129619963 -0.64473837774228182
-0.55490469633642725 0.44929887015742781 -0.2729903432820977 0.6447383777422816
0.012282845708609352 0.671460574578297 -0.19543950758485329 0.71469799731303574
0.77021826575638186 -0.51166727360168907 0.12547988801410104 -0.35946518875157502
-0.28527318899070686 0.71469799731303429 0.043237422734736908 0.63714716161579099
-0.71469799731303407 0.64473837774228204 0.05552026844334676 -0.26539912715560598
-0.5116672736016894 0.71469799731303563 0.44929887015742787 0.15979330097660749
-0.12547988801410004 0.35946518875157574 0.77021826575638119 -0.51166727360168907
-0.24626814644608203 -0.055520268443345566 0.96096614375911849 -0.11319704230549135
3 562 388 721
3 788 388 721
3 562 788 388
3 788 562 721
3 788 863 907
3 788 721 907
3 788 721 863
3 863 907 721
3 76 417 1024
3 1024 723 76
3 76 723 417
3 1024 417 723
3 788 33 863
3 33 124 863
3 788 33 124
3 863 124 788
3 1137 75 330
3 957 330 1137
3 957 75 1137
3 75 957 330
3 405 99 1158
3 405 99 283
3 283 1158 99
3 1158 283 405
3 798 298 393
3 1058 298 393
3 393 1058 798
3 798 298 1058
3 393 90 798
3 798 298 90
3 393 90 298
3 1028 190 667
3 190 667 483
3 667 483 1028
3 1028 190 483
3 1028 190 291
3 1028 557 291
3 557 190 1028
3 557 190 291
3 667 291 1028
3 291 667 190
3 1158 60 405
3 989 405 60
3 989 405 1158
3 1158 60 989
3 1158 60 99
3 60 405 99
3 617 551 204
3 204 898 617
3 898 551 204
3 617 551 898
3 1024 417 943
3 943 76 1024
3 943 76 417
3 943 88 1024
3 943 88 417
3 88 1024 417
3 1024 250 943
3 943 88 250
3 250 1024 88
3 3 1054 82
3 3 1126 82
3 1126 1054 3
3 1126 82 1054
3 740 270 1136
3 740 28 1136
3 28 740 270
3 1136 28 270
3 740 579 1136
3 579 270 1136
3 740 270 579
3 1077 287 355
3 1140 287 355
3 1140 287 1077
3 355 1140 1077
3 957 75 1194
3 1194 300 957
3 1194 75 300
3 300 75 957
3 988 183 274
3 1070 183 274
3 988 183 1070
3 1070 988 274
3 183 233 468
3 468 233 1039
3 1039 183 233
3 1039 183 468
3 1088 210 1154
3 1154 979 1088
3 979 210 1088
3 979 210 1154
3 158 1112 222
3 158 552 222
3 1112 552 222
3 158 1112 552
3 1059 158 222
3 1059 158 1112
3 1059 222 1112
3 874 300 1109
3 874 20 1109
3 300 20 1109
3 874 300 20
3 168 1156 894
3 370 168 894
3 894 1156 370
3 370 168 1156
3 798 159 541
3 783 541 798
3 159 783 541
3 783 159 798
3 432 159 541
3 798 432 541
3 432 798 159
3 783 393 798
3 541 393 798
3 541 393 783
3 43 1169 62
3 43 1164 62
3 1169 62 1164
3 1169 1164 43
3 312 865 686
3 312 938 686
3 312 938 865
3 865 938 686
3 581 316 545
3 316 1035 545
3 581 545 1035
3 581 316 1035
3 591 316 545
3 591 581 545
3 581 316 591
3 572 171 369
3 1124 171 369
3 572 1124 171
3 369 1124 572
3 572 171 642
3 171 642 369
3 642 369 572
3 702 471 1115
3 1115 40 471
3 40 702 471
3 702 40 1115
3 884 75 330
3 330 1137 884
3 884 1137 75
3 1109 110 300
3 957 110 300
3 957 110 1109
3 300 1109 957
3 110 874 300
3 874 110 1109
3 957 110 1137
3 330 957 110
3 330 110 1137
3 110 874 158
3 110 1137 158
3 1137 874 110
3 1137 158 874
3 1112 110 158
3 874 158 1112
3 874 110 1112
3 1014 401 1061
3 1014 519 1061
3 519 401 1061
3 519 401 1014
3 728 33 124
3 728 324 124
3 728 324 33
3 324 33 124
3 288 505 606
3 288 746 606
3 288 746 505
3 746 505 606
3 1048 288 505
3 1048 288 606
3 606 505 1048
3 1023 291 901
3 901 557 291
3 901 557 1023
3 557 291 1023
3 712 291 901
3 1023 712 901
3 1023 291 712
3 362 104 1029
3 641 362 1029
3 641 104 1029
3 362 641 104
3 159 785 541
3 541 785 432
3 432 159 785
3 785 541 783
3 785 783 159
3 785 33 863
3 788 33 785
3 788 785 863
3 845 551 204
3 204 950 845
3 950 551 204
3 845 950 551
3 881 798 393
3 393 90 881
3 90 798 881
3 783 881 798
3 783 393 881
3 881 159 798
3 783 159 881
3 562 388 127
3 935 127 562
3 562 388 935
3 935 127 388
3 721 127 388
3 721 127 562
3 562 297 935
3 935 297 127
3 297 127 562
3 479 127 517
3 1098 479 517
3 479 127 1098
3 517 127 1098
3 562 390 935
3 935 297 390
3 297 562 390
3 390 388 935
3 390 388 562
3 492 483 1028
3 820 492 1028
3 492 820 483
3 820 483 1028
3 566 557 820
3 1028 557 820
3 566 1028 557
3 1028 566 820
3 557 890 820
3 566 820 890
3 566 557 890
3 820 291 1028
3 667 820 291
3 820 667 1028
3 557 291 820
3 557 291 890
3 890 291 820
3 362 104 669
3 669 1029 104
3 362 669 1029
3 552 222 1034
3 1034 158 222
3 1034 158 552
3 1034 1001 222
3 552 1034 1001
3 552 222 1001
3 1034 1001 1017
3 1017 222 1001
3 1017 222 1034
3 1059 158 1034
3 222 1059 1034
3 1017 671 1034
3 1001 671 1034
3 1001 671 1017
3 643 465 1011
3 1011 172 643
3 1011 172 465
3 172 643 465
3 1049 60 99
3 1158 1049 99
3 1158 60 1049
3 199 1129 339
3 1083 199 1129
3 1083 339 1129
3 1083 199 339
3 199 1117 339
3 1117 339 1129
3 199 1129 1117
3 60 1117 99
3 405 99 1117
3 60 1117 405
3 1049 99 1117
3 1117 339 1049
3 339 99 1049
3 339 99 1117
3 1049 60 1117
3 1011 206 465
3 1011 206 1083
3 1083 465 206
3 1083 465 1011
3 206 465 643
3 1011 206 643
3 1011 339 1083
3 339 1011 206
3 339 206 1083
3 1083 112 1129
3 199 112 1129
3 199 112 1083
3 637 52 358
3 358 1151 637
3 1151 52 358
3 1151 52 637
3 4 428 142
3 428 142 630
3 630 4 428
3 630 4 142
3 1155 94 240
3 94 29 240
3 1155 29 240
3 94 1155 29
3 80 1140 161
3 80 1149 161
3 1140 161 1149
3 80 1149 1140
3 1136 155 740
3 740 579 155
3 1136 155 579
3 155 28 740
3 1136 28 155
3 155 740 458
3 155 1111 458
3 740 458 1111
3 155 1111 740
3 564 310 865
3 564 312 865
3 564 312 310
3 312 310 865
3 865 570 564
3 564 310 570
3 310 865 570
3 698 208 1030
3 1030 208 619
3 208 698 619
3 698 619 1030
3 698 1069 1030
3 698 208 1069
3 1069 208 1030
3 692 1051 670
3 1036 670 1051
3 1051 692 1036
3 1036 670 692
3 1026 637 974
3 974 568 1026
3 568 1026 637
3 974 568 637
3 710 373 831
3 802 373 831
3 802 373 710
3 802 710 831
3 997 88 417
3 997 88 943
3 417 997 943
3 1123 188 287
3 1123 188 662
3 662 287 1123
3 287 662 188
3 1077 287 1123
3 188 287 1077
3 1123 188 1077
3 1123 355 1077
3 287 1123 355
3 75 957 176
3 75 1190 176
3 1190 176 957
3 1190 957 75
3 957 176 1194
3 1194 75 176
3 1177 274 338
3 988 338 1177
3 274 988 338
3 988 274 1177
3 411 274 338
3 411 274 1177
3 338 1177 411
3 411 364 614
3 459 364 614
3 411 364 459
3 459 411 614
3 411 364 1070
3 1070 614 411
3 364 1070 614
3 411 274 1070
3 411 364 274
3 364 274 1070
3 378 695 601
3 378 781 601
3 378 781 695
3 695 781 601
3 378 781 386
3 378 896 386
3 781 386 896
3 896 781 378
3 1062 180 1088
3 1062 210 1088
3 210 1062 180
3 210 180 1088
3 727 414 885
3 727 899 885
3 727 414 899
3 899 885 414
3 727 462 885
3 727 414 462
3 462 414 885
3 786 193 715
3 746 193 715
3 715 786 746
3 746 193 786
3 1048 288 790
3 790 64 1048
3 288 64 790
3 288 1048 64
3 288 505 790
3 790 505 1048
3 64 1133 391
3 64 790 391
3 1133 790 64
3 1133 790 391
3 979 258 766
3 258 65 766
3 979 258 65
3 979 65 766
3 979 180 229
3 979 258 229
3 258 979 180
3 258 180 229
3 1088 229 979
3 1088 229 180
3 979 180 1088
3 766 229 979
3 979 766 1088
3 1088 766 229
3 258 229 766
3 1062 180 229
3 1088 229 1062
3 1114 197 614
3 411 197 614
3 1114 411 197
3 614 411 1114
3 608 563 725
3 608 537 725
3 608 563 537
3 563 537 725
3 817 271 1114
3 1114 197 817
3 1114 271 197
3 271 197 817
3 817 160 1114
3 817 160 271
3 160 1114 271
3 899 658 236
3 236 601 899
3 236 658 601
3 899 658 601
3 899 658 727
3 727 236 899
3 658 236 727
3 378 236 695
3 378 236 601
3 695 601 236
3 236 695 896
3 896 658 236
3 695 896 658
3 695 658 236
3 378 236 896
3 695 896 378
3 209 171 589
3 305 171 589
3 305 209 171
3 305 209 589
3 649 497 1109
3 649 300 1109
3 497 300 649
3 497 300 1109
3 110 843 300
3 874 300 843
3 110 874 843
3 957 110 843
3 843 300 957
3 1137 843 957
3 843 1137 110
3 843 75 1137
3 843 75 957
3 894 843 168
3 1156 843 894
3 1156 843 168
3 524 247 898
3 524 617 898
3 524 247 617
3 898 247 617
3 993 90 798
3 798 541 993
3 993 541 90
3 541 90 798
3 993 90 298
3 798 298 993
3 808 43 1169
3 808 43 879
3 1169 879 43
3 808 1169 879
3 1169 62 808
3 808 43 62
3 808 112 879
3 112 43 879
3 808 112 43
3 40 924 276
3 805 40 276
3 805 40 924
3 924 276 805
3 40 702 276
3 924 702 40
3 924 276 702
3 975 312 865
3 865 686 975
3 975 312 686
3 865 248 312
3 865 248 564
3 312 564 248
3 865 248 975
3 248 312 975
3 570 248 865
3 570 248 564
3 590 282 1037
3 590 282 671
3 282 671 1037
3 671 1037 590
3 282 275 1037
3 590 275 1037
3 282 275 590
3 702 40 1188
3 1188 545 702
3 545 40 702
3 545 40 1188
3 1188 40 276
3 702 276 1188
3 276 1188 805
3 805 40 1188
3 702 591 1188
3 591 276 702
3 591 276 1188
3 1188 545 591
3 545 591 702
3 316 1188 545
3 1188 1035 316
3 1188 1035 545
3 591 316 1188
3 770 281 751
3 751 919 281
3 919 751 770
3 770 281 919
3 722 555 1075
3 1075 306 722
3 1075 555 306
3 555 306 722
3 702 521 545
3 581 521 545
3 702 581 521
3 702 581 545
3 702 521 1115
3 521 702 471
3 521 471 1115
3 126 851 306
3 126 1075 306
3 1075 851 126
3 851 306 1075
3 851 306 924
3 851 40 924
3 306 851 40
3 306 40 924
3 851 126 924
3 924 126 306
3 851 40 471
3 471 1115 851
3 1115 40 851
3 126 851 164
3 126 349 164
3 349 851 164
3 126 851 349
3 928 471 851
3 851 126 928
3 471 126 851
3 471 928 126
3 851 573 928
3 573 851 471
3 928 471 573
3 851 164 928
3 928 126 164
3 573 164 851
3 573 164 928
3 4 1055 142
3 4 1055 428
3 1055 142 428
3 1016 168 894
3 1016 168 370
3 1016 370 894
3 843 168 1016
3 1016 110 843
3 168 110 843
3 1016 168 110
3 894 843 1016
3 1016 110 158
3 1112 110 1016
3 158 1112 1016
3 1137 843 1016
3 1016 894 1137
3 1137 894 843
3 1016 110 1137
3 1137 158 1016
3 1016 552 1137
3 158 1016 552
3 1137 158 552
3 552 330 1137
3 1016 330 1137
3 552 1016 330
3 1034 158 1016
3 1016 552 1034
3 1016 894 1034
3 1034 894 158
3 894 158 1016
3 367 503 746
3 715 367 746
3 715 367 503
3 746 503 715
3 746 606 367
3 367 606 503
3 606 746 503
3 367 288 746
3 715 288 746
3 715 288 367
3 367 288 606
3 367 1048 288
3 606 367 1048
3 875 111 1186
3 1186 452 875
3 452 111 1186
3 452 111 875
3 875 23 1186
3 23 1186 111
3 875 23 111
3 1059 57 1112
3 1059 158 57
3 158 57 1112
3 1061 207 401
3 324 207 401
3 1061 207 324
3 1061 324 401
3 207 1014 401
3 1014 207 1061
3 871 64 1133
3 871 6 1133
3 64 6 1133
3 64 6 871
3 875 149 1186
3 149 23 875
3 149 23 1186
3 452 1186 149
3 875 149 452
3 283 733 405
3 733 99 283
3 733 405 99
3 291 733 901
3 712 291 733
3 901 733 712
3 733 557 291
3 901 733 557
3 733 190 291
3 190 291 712
3 733 190 712
3 667 291 733
3 667 283 733
3 291 283 733
3 667 291 283
3 733 190 667
3 99 283 424
3 99 1049 424
3 99 1049 283
3 424 283 1049
3 479 1013 748
3 748 731 479
3 1013 731 479
3 1013 731 748
3 390 352 935
3 731 352 935
3 731 390 935
3 390 352 731
3 935 127 731
3 479 127 731
3 731 479 935
3 935 479 127
3 127 388 731
3 731 388 935
3 731 517 127
3 127 517 388
3 731 517 388
3 479 731 517
3 785 863 801
3 801 432 785
3 863 432 801
3 863 432 785
3 863 801 33
3 785 33 801
3 801 124 863
3 33 801 124
3 785 541 801
3 541 33 801
3 541 785 33
3 801 432 541
3 551 204 931
3 931 473 551
3 931 204 473
3 473 204 551
3 931 204 845
3 845 551 931
3 931 377 845
3 1007 377 845
3 1007 931 845
3 1007 377 931
3 607 560 494
3 607 175 494
3 560 175 494
3 607 560 175
3 965 175 1069
3 965 698 1069
3 698 175 1069
3 698 965 175
3 175 494 260
3 175 1069 260
3 1069 260 494
3 175 1069 494
3 1131 175 260
3 1131 175 494
3 494 260 1131
3 965 175 260
3 1131 175 965
3 1131 965 260
3 965 260 1069
3 475 750 280
3 750 475 892
3 892 280 750
3 892 280 475
3 750 475 1030
3 1030 280 750
3 1030 280 475
3 750 678 892
3 750 475 678
3 678 475 892
3 619 475 1030
3 750 619 475
3 750 619 1030
3 560 494 713
3 560 723 713
3 560 494 723
3 723 494 713
3 713 494 607
3 607 560 713
3 390 935 498
3 390 1058 498
3 1058 935 390
3 935 1058 498
3 390 352 498
3 935 498 352
3 678 390 498
3 390 352 678
3 498 352 678
3 678 390 1058
3 1058 498 678
3 607 352 713
3 713 498 607
3 713 498 352
3 498 352 607
3 728 33 1078
3 33 1078 638
3 728 33 638
3 1078 638 728
3 124 1078 33
3 1078 124 728
3 33 801 638
3 1078 801 33
3 801 638 1078
3 788 33 1078
3 788 388 1078
3 388 33 1078
3 388 33 788
3 1078 124 788
3 788 721 1078
3 1078 124 721
3 721 124 788
3 388 1078 721
3 721 127 1078
3 1078 127 388
3 904 189 636
3 1074 189 636
3 1074 904 636
3 1074 904 189
3 904 349 636
3 349 164 636
3 349 904 164
3 904 164 636
3 636 497 904
3 497 349 904
3 636 497 349
3 649 497 904
3 649 636 497
3 649 636 904
3 503 826 663
3 663 367 503
3 826 367 663
3 826 367 503
3 904 264 497
3 497 649 264
3 904 264 649
3 904 264 349
3 349 264 497
3 1109 264 497
3 1109 264 649
3 497 20 264
3 1127 20 264
3 1127 20 497
3 264 1127 497
3 497 20 1109
3 20 1109 264
3 649 56 264
3 1127 56 264
3 649 1127 56
3 264 1127 649
3 649 56 904
3 951 904 56
3 649 56 951
3 649 904 951
3 56 904 264
3 104 669 333
3 669 333 362
3 362 104 333
3 104 645 333
3 669 645 333
3 669 645 104
3 483 296 190
3 483 667 296
3 667 296 190
3 712 296 190
3 296 291 712
3 190 296 291
3 407 1029 669
3 407 104 669
3 407 104 1029
3 29 240 824
3 824 666 29
3 824 666 240
3 29 666 240
3 1123 355 666
3 666 29 1123
3 355 29 666
3 1123 355 29
3 1077 666 355
3 1077 666 1123
3 914 643 1011
3 1011 172 914
3 643 914 172
3 1086 199 1129
3 1086 688 1129
3 688 199 1086
3 688 199 1129
3 173 52 688
3 173 1086 688
3 688 1086 52
3 173 52 1086
3 206 79 112
3 112 879 206
3 879 79 112
3 206 879 79
3 206 79 1083
3 1083 112 79
3 1083 112 206
3 79 1083 465
3 79 890 465
3 1083 890 79
3 1083 465 890
3 206 79 465
3 1129 79 1083
3 1129 79 112
3 339 79 1083
3 339 79 1129
3 79 112 688
3 79 890 688
3 79 890 112
3 688 890 112
3 1129 79 688
3 688 112 1129
3 94 1015 240
3 1015 240 1155
3 1015 94 1155
3 918 630 142
3 428 630 918
3 428 142 918
3 78 662 369
3 662 369 1124
3 662 78 1124
3 1124 78 369
3 78 1177 369
3 1177 369 662
3 1177 662 78
3 988 78 1177
3 338 78 988
3 338 78 1177
3 662 78 1123
3 188 1123 78
3 188 78 662
3 1162 168 1156
3 1156 140 1162
3 1162 168 140
3 168 140 1156
3 1162 199 1117
3 1162 199 1071
3 1117 1071 1162
3 1071 1117 199
3 1117 60 1162
3 199 60 1162
3 199 60 1117
3 1168 428 4
3 1168 428 1015
3 1015 4 428
3 1015 4 1168
3 630 4 1168
3 630 536 1168
3 630 536 4
3 536 4 1168
3 1168 428 630
3 428 94 1015
3 1015 94 1168
3 1168 94 428
3 630 19 1168
3 428 19 1168
3 428 19 630
3 1168 19 536
3 19 630 536
3 741 80 1140
3 741 355 1140
3 355 80 1140
3 355 80 741
3 294 767 456
3 294 561 456
3 767 561 294
3 767 456 561
3 478 60 989
3 478 60 405
3 989 405 478
3 989 602 1158
3 602 405 1158
3 602 405 989
3 152 677 682
3 682 351 152
3 677 351 152
3 682 677 351
3 682 677 1057
3 1057 152 677
3 1057 152 682
3 891 447 230
3 230 1152 891
3 1152 447 230
3 1152 447 891
3 447 682 677
3 447 230 677
3 677 682 230
3 447 230 682
3 1057 447 677
3 1057 447 682
3 891 447 677
3 1057 447 891
3 1057 891 677
3 677 230 891
3 52 745 974
3 637 745 974
3 637 52 745
3 637 52 974
3 974 173 52
3 745 974 173
3 745 173 52
3 1026 637 745
3 745 490 1026
3 637 1026 490
3 637 490 745
3 974 745 1026
3 745 358 52
3 745 358 637
3 1023 52 745
3 745 490 1023
3 490 1023 52
3 490 52 745
3 745 358 1023
3 1023 52 358
3 901 745 1023
3 745 358 901
3 901 358 1023
3 901 745 490
3 1023 490 901
3 901 351 490
3 901 351 745
3 745 351 490
3 447 953 767
3 447 294 953
3 767 953 294
3 447 294 767
3 447 230 767
3 447 230 953
3 953 767 230
3 294 953 682
3 953 682 447
3 447 294 682
3 682 561 294
3 682 953 561
3 953 561 294
3 1057 447 953
3 953 69 1057
3 447 69 953
3 1057 69 447
3 953 682 1057
3 953 612 1057
3 682 612 1057
3 682 612 953
3 69 953 612
3 1057 69 612
3 1167 495 1111
3 1111 536 1167
3 1167 495 536
3 536 1111 495
3 1111 155 1167
3 495 155 1111
3 495 155 1167
3 1167 19 536
3 536 1168 1167
3 1167 19 1168
3 883 155 740
3 883 155 579
3 740 579 883
3 883 155 458
3 740 458 883
3 1111 458 1166
3 1166 155 458
3 1111 155 1166
3 1111 456 1166
3 458 456 1166
3 458 456 1111
3 1166 155 883
3 458 1166 883
3 1166 294 767
3 1166 294 456
3 767 456 1166
3 953 767 1166
3 953 458 1166
3 953 458 767
3 767 458 1166
3 1166 294 953
3 953 69 1166
3 294 69 1166
3 294 69 953
3 69 953 458
3 1166 69 458
3 461 310 570
3 564 461 570
3 564 461 310
3 28 740 461
3 28 310 461
3 461 310 740
3 28 740 310
3 654 298 993
3 993 396 654
3 298 993 396
3 654 298 396
3 993 90 654
3 90 298 654
3 654 1002 396
3 993 396 1002
3 1002 654 993
3 396 196 1002
3 396 196 654
3 196 1002 654
3 185 1051 692
3 185 697 692
3 697 692 1051
3 1051 697 185
3 670 185 692
3 670 185 1051
3 739 540 797
3 816 739 797
3 739 816 540
3 797 540 816
3 123 568 974
3 974 323 123
3 974 568 323
3 568 323 123
3 1026 123 568
3 1026 123 974
3 947 563 859
3 608 563 859
3 859 608 947
3 608 563 947
3 859 63 563
3 859 63 947
3 563 947 63
3 859 725 563
3 725 63 563
3 725 63 859
3 608 859 725
3 617 551 1096
3 551 204 1096
3 1096 204 617
3 551 214 1096
3 617 214 1096
3 551 617 214
3 762 323 123
3 123 514 762
3 514 762 323
3 514 323 123
3 1026 123 514
3 1026 720 514
3 720 123 514
3 720 1026 123
3 568 514 1026
3 514 568 123
3 482 373 550
3 482 275 550
3 373 275 550
3 373 482 275
3 550 373 710
3 550 707 710
3 550 373 707
3 707 373 710
3 482 373 603
3 482 603 550
3 603 550 373
3 831 550 373
3 831 550 710
3 373 169 603
3 482 169 603
3 482 373 169
3 884 169 1191
3 1191 330 884
3 330 169 884
3 1191 330 169
3 748 1013 277
3 479 277 748
3 479 277 1013
3 1159 277 748
3 1159 277 1013
3 1013 748 1159
3 1159 277 384
3 277 748 384
3 748 384 1159
3 1146 322 689
3 943 322 689
3 1146 943 689
3 1146 943 322
3 689 250 943
3 943 689 1024
3 1024 689 250
3 599 343 621
3 839 599 621
3 839 343 621
3 599 343 839
3 1126 82 113
3 1126 262 113
3 262 1126 82
3 262 82 113
3 979 262 113
3 979 262 766
3 766 113 979
3 262 113 766
3 113 1154 979
3 1154 262 979
3 1154 262 113
3 1054 82 1185
3 1054 3 1185
3 1185 3 82
3 1054 596 1185
3 596 82 1054
3 596 82 1185
3 1185 386 596
3 778 386 596
3 1185 386 778
3 1185 778 596
3 778 11 121
3 1039 11 121
3 778 1039 11
3 121 1039 778
3 1036 2 1051
3 670 2 1051
3 670 2 1036
3 706 858 2
3 549 2 706
3 549 706 858
3 549 2 858
3 848 2 1051
3 848 185 1051
3 848 2 185
3 185 2 1051
3 743 89 286
3 944 89 286
3 944 743 286
3 944 743 89
3 295 951 904
3 295 189 904
3 951 904 189
3 295 189 951
3 295 56 904
3 295 56 951
3 636 295 904
3 636 56 904
3 295 636 56
3 636 295 189
3 744 287 1140
3 1140 161 744
3 287 161 744
3 287 1140 161
3 287 744 355
3 744 355 1140
3 1123 744 355
3 1123 744 287
3 989 92 1161
3 92 989 387
3 989 387 1161
3 1161 92 387
3 1161 478 989
3 478 92 989
3 478 92 1161
3 92 897 387
3 989 387 897
3 92 989 897
3 1158 92 602
3 237 92 602
3 1158 237 602
3 1158 92 237
3 989 92 1158
3 92 989 602
3 1158 92 60
3 92 60 989
3 1055 201 603
3 482 201 603
3 603 482 1055
3 482 1055 201
3 201 77 387
3 1161 201 387
3 201 1161 77
3 1161 77 387
3 516 666 1077
3 516 148 1077
3 666 1077 148
3 516 148 666
3 516 355 1077
3 516 355 666
3 926 243 404
3 926 441 404
3 441 243 404
3 926 243 441
3 926 243 781
3 781 37 243
3 781 37 926
3 37 926 243
3 243 404 781
3 781 404 926
3 411 274 747
3 274 747 338
3 747 338 411
3 411 747 1070
3 1070 747 274
3 274 988 747
3 747 338 988
3 747 1070 614
3 747 614 411
3 747 37 243
3 781 37 747
3 781 747 243
3 975 354 865
3 975 354 686
3 354 686 865
3 354 310 865
3 975 354 310
3 865 310 975
3 1185 672 1054
3 672 1185 596
3 1054 596 672
3 672 3 1185
3 672 3 1054
3 364 1139 614
3 1139 1070 614
3 1139 1070 364
3 1139 614 1114
3 1114 160 1139
3 614 160 1139
3 614 160 1114
3 614 1139 459
3 459 364 1139
3 1114 459 614
3 1114 459 1139
3 229 41 180
3 695 41 180
3 180 695 229
3 695 41 229
3 41 1062 180
3 229 41 1062
3 304 786 462
3 786 462 885
3 885 304 462
3 885 304 786
3 1108 106 1196
3 1108 968 1196
3 968 106 1108
3 968 106 1196
3 524 247 968
3 524 1108 968
3 524 247 1108
3 1108 968 247
3 85 114 691
3 691 474 85
3 85 474 114
3 691 114 474
3 1062 418 1088
3 418 229 1062
3 1088 229 418
3 195 41 1062
3 418 195 1062
3 195 418 41
3 418 41 1062
3 210 1088 418
3 210 474 418
3 210 1088 474
3 474 1088 418
3 1062 210 418
3 271 817 303
3 271 658 303
3 271 817 658
3 658 817 303
3 658 303 727
3 658 899 303
3 899 303 727
3 288 128 505
3 288 128 790
3 128 790 505
3 1091 128 505
3 288 128 1091
3 1091 288 505
3 790 221 1048
3 505 221 1048
3 790 221 505
3 1048 64 221
3 64 790 221
3 871 64 221
3 871 1048 64
3 221 1048 871
3 751 129 770
3 281 129 751
3 770 129 281
3 129 22 608
3 859 22 608
3 859 129 608
3 859 22 129
3 129 751 537
3 129 608 537
3 129 751 608
3 608 537 751
3 544 129 751
3 544 129 537
3 544 537 751
3 614 499 1114
3 1114 197 499
3 197 499 614
3 1114 459 499
3 459 614 499
3 817 499 1114
3 197 499 817
3 499 160 1114
3 499 160 817
3 611 197 499
3 817 499 611
3 611 197 817
3 787 238 1150
3 1150 7 787
3 238 7 787
3 238 1150 7
3 1150 238 566
3 820 238 566
3 820 238 1150
3 566 1150 820
3 787 566 1150
3 238 787 566
3 1113 7 1199
3 1199 66 1113
3 66 7 1113
3 66 7 1199
3 290 188 1074
3 1074 189 290
3 189 1074 188
3 189 188 290
3 189 290 860
3 860 290 977
3 977 189 290
3 977 189 860
3 860 295 189
3 189 295 290
3 295 290 860
3 1077 290 188
3 188 290 287
3 290 287 1077
3 701 411 747
3 701 243 747
3 411 701 243
3 411 243 747
3 701 411 338
3 747 338 701
3 441 900 977
3 441 404 977
3 441 404 900
3 977 900 404
3 860 441 900
3 900 977 860
3 860 441 977
3 900 188 1077
3 1077 900 1123
3 900 188 1123
3 900 87 441
3 900 87 860
3 87 441 860
3 860 290 900
3 1077 290 900
3 860 290 1077
3 1077 860 900
3 290 977 900
3 290 188 900
3 977 900 188
3 290 188 977
3 441 148 900
3 1077 148 900
3 1077 441 900
3 441 148 1077
3 900 87 148
3 148 441 87
3 900 516 148
3 900 516 1077
3 900 87 516
3 516 87 148
3 900 355 1077
3 516 355 900
3 781 404 1097
3 781 601 1097
3 601 404 781
3 601 404 1097
3 1097 243 781
3 1097 243 404
3 1097 378 601
3 378 1097 236
3 1097 236 601
3 781 378 1097
3 378 1097 243
3 378 243 781
3 209 171 1094
3 1094 589 209
3 171 1094 589
3 1094 642 171
3 209 171 642
3 209 1094 642
3 572 642 1094
3 572 171 1094
3 877 281 751
3 877 281 919
3 919 751 877
3 877 544 751
3 877 129 544
3 751 129 877
3 1109 109 497
3 349 109 497
3 1109 109 349
3 497 349 1109
3 1109 109 874
3 110 109 1109
3 110 109 874
3 1109 109 20
3 874 20 109
3 497 20 109
3 813 168 843
3 957 813 843
3 957 813 168
3 843 168 957
3 813 168 1071
3 813 1071 843
3 1071 843 168
3 1162 168 1071
3 1162 168 813
3 1071 813 1162
3 843 300 813
3 1071 300 813
3 843 1071 300
3 957 813 300
3 957 813 1194
3 813 957 176
3 813 176 1194
3 1194 300 813
3 1194 615 813
3 1071 615 813
3 1194 1071 615
3 1194 1071 813
3 996 33 638
3 638 996 728
3 996 33 728
3 801 33 996
3 801 638 996
3 801 432 726
3 898 432 726
3 898 801 432
3 726 898 801
3 432 541 726
3 726 541 801
3 996 726 801
3 996 726 33
3 726 33 801
3 726 524 247
3 247 996 726
3 996 524 247
3 996 726 524
3 898 247 726
3 726 524 898
3 805 40 711
3 711 832 805
3 832 40 711
3 805 832 40
3 924 711 40
3 924 711 805
3 851 40 711
3 924 711 851
3 40 711 471
3 711 471 851
3 924 711 126
3 711 126 851
3 711 702 471
3 711 702 40
3 851 573 711
3 832 573 711
3 832 851 573
3 851 832 711
3 711 471 573
3 711 594 832
3 594 318 832
3 711 594 318
3 711 318 832
3 711 594 573
3 594 711 471
3 594 471 573
3 594 573 832
3 815 772 1035
3 815 316 1035
3 316 1035 772
3 815 316 772
3 1035 23 815
3 1035 772 23
3 772 23 815
3 23 815 111
3 23 1186 815
3 1186 111 815
3 1118 2 706
3 1118 2 858
3 858 706 1118
3 101 931 473
3 101 476 473
3 931 476 473
3 931 476 101
3 154 196 396
3 154 1131 396
3 396 1131 196
3 154 1131 196
3 1002 154 196
3 1002 154 396
3 439 368 1104
3 905 439 1104
3 905 439 368
3 905 368 1104
3 368 1104 527
3 368 777 527
3 777 1104 527
3 368 1104 777
3 707 53 534
3 938 53 534
3 938 53 707
3 938 707 534
3 282 337 671
3 671 337 590
3 590 282 337
3 881 520 1017
3 1017 783 881
3 783 1017 520
3 783 520 881
3 849 337 520
3 520 282 337
3 282 337 849
3 520 282 849
3 1017 520 671
3 520 282 671
3 1017 282 671
3 520 282 1017
3 520 881 671
3 881 671 1017
3 849 337 593
3 337 520 593
3 593 520 849
3 671 337 520
3 881 337 520
3 881 671 337
3 520 90 881
3 520 90 393
3 520 393 881
3 1013 93 1098
3 1098 479 1013
3 479 93 1013
3 479 93 1098
3 1098 93 398
3 1053 93 398
3 1098 1053 93
3 398 1098 1053
3 93 1013 398
3 1013 398 1098
3 1053 93 735
3 735 144 1053
3 144 93 735
3 144 93 1053
3 93 967 398
3 93 1013 967
3 1013 398 967
3 1053 93 967
3 967 398 1053
3 967 735 93
3 967 735 1053
3 1013 93 1159
3 1159 93 277
3 277 93 1013
3 1069 334 965
3 965 698 334
3 1069 334 698
3 334 260 965
3 334 260 1069
3 840 334 698
3 840 334 965
3 965 698 840
3 698 208 840
3 840 208 334
3 334 208 698
3 1122 511 570
3 564 511 570
3 570 564 1122
3 1122 564 511
3 431 511 1122
3 431 235 1122
3 511 1122 235
3 431 235 511
3 1007 278 1107
3 1007 377 1107
3 1007 278 377
3 377 278 1107
3 802 15 1107
3 802 831 1107
3 831 15 1107
3 802 15 831
3 15 802 278
3 1107 15 278
3 802 278 1107
3 552 163 1001
3 1034 163 1001
3 552 163 1034
3 163 552 330
3 163 1191 330
3 1191 552 163
3 1191 330 552
3 552 163 1137
3 1137 163 330
3 163 1137 158
3 163 158 552
3 373 450 831
3 802 373 450
3 831 450 802
3 657 450 1191
3 657 163 1191
3 657 450 163
3 450 163 1191
3 550 831 450
3 373 550 450
3 1191 169 450
3 373 169 450
3 1191 373 450
3 1191 169 373
3 169 884 450
3 884 450 1191
3 783 538 1001
3 1017 783 1001
3 1001 538 1017
3 783 1017 538
3 783 159 1001
3 1001 159 538
3 159 783 538
3 1001 163 538
3 657 163 538
3 657 1001 163
3 538 1001 657
3 552 538 1001
3 538 222 1001
3 538 222 552
3 163 552 538
3 1007 523 950
3 950 281 1007
3 523 281 950
3 523 1007 281
3 523 845 950
3 950 845 1007
3 1007 523 845
3 523 204 950
3 523 204 845
3 523 950 898
3 523 432 898
3 950 898 432
3 523 432 950
3 523 204 898
3 898 950 204
3 931 204 523
3 931 523 845
3 726 523 898
3 726 204 523
3 726 204 898
3 726 523 432
3 726 541 523
3 541 523 432
3 15 651 278
3 651 802 278
3 15 802 651
3 651 209 642
3 209 651 171
3 651 171 642
3 918 15 651
3 651 642 918
3 642 918 15
3 642 15 651
3 1075 555 687
3 722 687 1075
3 555 722 687
3 555 305 687
3 1075 305 687
3 555 1075 305
3 892 132 678
3 1058 132 678
3 1058 892 678
3 1058 132 892
3 678 518 132
3 518 132 892
3 678 518 892
3 132 390 678
3 132 518 390
3 678 518 390
3 1058 132 390
3 297 132 390
3 935 132 390
3 297 132 935
3 795 347 687
3 1075 347 687
3 795 1075 347
3 687 1075 795
3 1004 75 176
3 1190 176 1004
3 1004 75 1190
3 1194 75 1004
3 176 1194 1004
3 1037 12 1163
3 12 1163 275
3 1037 12 275
3 1037 275 1163
3 1037 341 1163
3 1037 12 341
3 341 12 1163
3 12 482 275
3 12 1163 482
3 1163 275 482
3 1163 370 894
3 894 341 370
3 894 341 1163
3 341 1163 370
3 1156 894 1163
3 1156 12 1163
3 894 12 1163
3 894 12 1156
3 1163 370 1156
3 1156 140 1163
3 370 140 1156
3 370 140 1163
3 12 1163 140
3 1156 12 140
3 12 703 140
3 12 1163 703
3 703 140 1163
3 647 394 1133
3 1133 391 647
3 394 391 1133
3 394 391 647
3 647 6 1133
3 6 1133 394
3 647 6 394
3 768 391 647
3 647 22 768
3 647 22 391
3 22 768 391
3 770 129 768
3 129 22 768
3 770 129 22
3 770 22 768
3 768 751 770
3 768 751 129
3 770 768 919
3 919 768 751
3 647 133 1133
3 133 6 1133
3 647 6 133
3 1133 391 133
3 647 133 391
3 519 133 770
3 519 1061 770
3 519 133 1061
3 1061 133 770
3 133 64 1133
3 133 64 391
3 133 391 768
3 768 519 133
3 768 519 391
3 133 519 391
3 647 133 768
3 770 133 768
3 768 519 770
3 647 770 133
3 770 647 768
3 562 721 1047
3 562 297 1047
3 562 297 721
3 721 297 1047
3 1095 401 324
3 1095 401 1009
3 1009 324 1095
3 1009 324 401
3 207 1095 401
3 324 207 1095
3 1095 1014 401
3 1095 1014 207
3 1009 591 1095
3 591 401 1009
3 591 1095 401
3 1048 254 505
3 1091 254 505
3 505 1091 1048
3 1048 254 1091
3 1048 254 606
3 254 606 505
3 488 254 606
3 488 367 606
3 367 254 488
3 367 254 606
3 81 1184 106
3 81 752 106
3 81 1184 752
3 752 106 1184
3 1184 81 1196
3 1196 81 106
3 1184 106 1196
3 1196 17 1184
3 81 17 1196
3 81 17 1184
3 1176 227 380
3 809 227 380
3 1176 809 227
3 1176 809 380
3 1146 380 1176
3 1146 31 1176
3 380 31 1176
3 1146 31 380
3 1176 689 380
3 1146 380 689
3 1176 689 1146
3 250 174 943
3 943 174 88
3 174 88 250
3 380 174 1176
3 1176 227 174
3 380 174 227
3 943 174 689
3 380 174 689
3 380 174 943
3 943 380 689
3 689 250 174
3 174 1176 689
3 1176 250 174
3 689 1176 250
3 909 250 728
3 638 250 728
3 909 638 728
3 638 250 909
3 909 250 174
3 174 227 909
3 909 250 227
3 174 250 227
3 728 174 909
3 250 174 728
3 207 909 227
3 207 1014 227
3 207 1014 909
3 1014 227 909
3 324 207 909
3 728 324 909
3 728 207 909
3 324 207 728
3 324 1095 909
3 909 1095 207
3 324 124 909
3 1095 909 124
3 324 124 1095
3 909 124 728
3 1078 909 124
3 1078 909 728
3 1145 207 909
3 909 227 1145
3 1145 207 227
3 1145 207 1095
3 1095 909 1145
3 1145 174 1176
3 1145 31 1176
3 174 31 1176
3 174 31 1145
3 1145 174 227
3 1176 227 1145
3 1145 174 909
3 909 728 1145
3 1145 728 174
3 739 395 569
3 569 332 739
3 395 332 739
3 395 332 569
3 1151 25 332
3 569 25 332
3 1151 569 332
3 569 25 1151
3 122 25 177
3 1199 25 177
3 122 1199 25
3 1199 122 177
3 1199 7 177
3 1150 7 177
3 1199 7 1150
3 177 1199 1150
3 7 1113 177
3 1113 177 1199
3 319 202 398
3 1098 202 398
3 1098 202 319
3 1098 319 398
3 319 398 967
3 319 122 967
3 967 398 122
3 319 122 398
3 1053 319 967
3 1053 319 398
3 492 442 506
3 442 145 506
3 442 492 145
3 492 145 506
3 1028 506 483
3 492 506 1028
3 492 483 506
3 667 483 506
3 506 145 667
3 483 145 506
3 483 667 145
3 1028 506 667
3 875 66 1110
3 66 1110 111
3 875 111 1110
3 875 66 111
3 875 131 1110
3 875 66 131
3 131 66 1110
3 66 1113 111
3 1113 1110 66
3 1110 111 1113
3 807 99 283
3 807 99 424
3 424 283 807
3 1158 283 807
3 807 34 1158
3 283 34 1158
3 283 34 807
3 807 99 1158
3 807 602 1158
3 602 99 1158
3 807 602 99
3 1158 34 602
3 34 807 602
3 961 99 1049
3 983 961 1049
3 983 99 1049
3 961 99 983
3 961 99 424
3 961 424 1049
3 807 99 961
3 424 961 807
3 910 697 775
3 697 692 775
3 775 692 910
3 910 697 692
3 775 10 697
3 775 10 910
3 697 910 10
3 697 185 775
3 775 185 10
3 185 10 697
3 775 185 692
3 775 670 692
3 775 185 670
3 761 756 910
3 775 756 910
3 775 761 910
3 775 756 761
3 1036 86 692
3 775 86 692
3 1036 775 692
3 1036 86 775
3 327 480 444
3 480 444 962
3 480 327 962
3 962 327 444
3 1013 616 1159
3 748 616 1013
3 748 616 1159
3 93 1013 616
3 93 735 616
3 93 1013 735
3 735 1013 616
3 1159 93 616
3 578 267 655
3 655 1195 267
3 578 1195 655
3 578 267 1195
3 578 114 882
3 578 308 882
3 308 114 882
3 308 578 114
3 604 352 713
3 604 607 352
3 607 604 713
3 604 1024 723
3 604 713 723
3 723 1024 713
3 604 1024 713
3 604 76 1024
3 604 76 723
3 943 604 1024
3 604 76 943
3 935 493 731
3 388 935 493
3 731 388 493
3 352 493 935
3 731 352 493
3 388 1078 493
3 388 1078 935
3 935 493 1078
3 498 493 935
3 352 498 493
3 551 214 705
3 705 473 551
3 214 705 473
3 551 214 473
3 551 705 1096
3 705 1096 214
3 551 204 705
3 705 204 1096
3 749 214 705
3 705 947 749
3 947 214 705
3 947 749 214
3 1096 705 749
3 749 214 1096
3 705 256 947
3 859 256 947
3 859 705 947
3 859 705 256
3 705 256 749
3 705 1096 256
3 749 256 1096
3 947 749 256
3 963 551 931
3 963 845 551
3 931 845 963
3 963 551 705
3 963 947 705
3 947 551 705
3 947 551 963
3 551 963 473
3 931 473 963
3 705 473 963
3 963 101 931
3 963 101 473
3 838 351 712
3 712 152 838
3 351 152 712
3 838 351 152
3 901 351 712
3 901 838 351
3 901 838 712
3 838 190 712
3 296 190 838
3 712 296 838
3 712 838 733
3 838 190 733
3 653 569 395
3 653 569 739
3 739 395 653
3 653 410 816
3 653 739 816
3 653 410 739
3 739 816 410
3 583 395 653
3 583 410 653
3 583 410 395
3 410 395 653
3 653 569 583
3 583 395 569
3 548 208 619
3 1030 548 619
3 548 1030 208
3 548 337 593
3 849 337 548
3 593 548 849
3 750 261 1069
3 750 1030 1069
3 750 261 1030
3 1030 261 1069
3 750 175 261
3 175 1069 261
3 750 175 1069
3 607 175 261
3 607 175 750
3 261 750 607
3 498 261 607
3 498 261 713
3 713 261 607
3 892 261 678
3 498 261 678
3 892 498 678
3 892 261 498
3 750 261 892
3 261 750 678
3 892 280 261
3 280 261 750
3 713 255 352
3 498 255 352
3 713 498 255
3 255 604 352
3 713 255 604
3 493 255 352
3 493 255 604
3 604 352 493
3 255 352 731
3 255 748 731
3 731 352 748
3 255 748 352
3 493 255 731
3 1024 493 604
3 1024 255 604
3 493 255 1024
3 479 255 731
3 493 479 731
3 493 255 479
3 479 255 748
3 277 255 748
3 277 479 255
3 581 1147 1035
3 581 545 1147
3 1147 545 1035
3 594 318 1080
3 1080 326 594
3 594 318 326
3 318 1080 326
3 594 1080 832
3 832 1080 318
3 1080 832 573
3 594 573 1080
3 829 326 594
3 594 573 829
3 573 326 594
3 829 573 326
3 829 326 414
3 885 326 414
3 885 326 829
3 414 885 829
3 503 321 663
3 503 321 826
3 826 663 321
3 640 272 321
3 663 272 321
3 321 663 640
3 640 272 663
3 503 356 715
3 786 356 715
3 786 503 715
3 786 356 503
3 503 356 367
3 356 367 715
3 503 356 663
3 663 367 356
3 503 356 321
3 356 321 663
3 575 112 206
3 575 206 879
3 575 112 879
3 1083 575 112
3 1083 575 206
3 643 575 206
3 206 575 465
3 643 575 465
3 575 16 652
3 643 575 652
3 575 643 16
3 643 16 652
3 575 1127 652
3 575 16 1127
3 652 1127 16
3 652 206 643
3 1011 206 652
3 1011 652 643
3 575 206 652
3 1127 206 652
3 575 206 1127
3 629 362 333
3 629 362 839
3 839 333 362
3 839 333 629
3 629 362 669
3 669 333 629
3 621 362 839
3 629 621 839
3 629 621 362
3 827 806 846
3 846 531 827
3 806 531 827
3 846 806 531
3 446 152 838
3 446 152 712
3 712 446 838
3 891 446 677
3 446 152 677
3 446 891 152
3 891 152 677
3 677 407 891
3 446 407 677
3 891 446 407
3 669 446 407
3 1029 446 407
3 1029 446 669
3 641 577 1029
3 577 407 1029
3 641 407 1029
3 641 407 577
3 641 577 10
3 577 10 1029
3 1029 10 641
3 10 697 641
3 697 577 641
3 697 577 10
3 577 407 891
3 677 577 407
3 677 577 891
3 577 10 1152
3 577 891 1152
3 891 10 1152
3 577 10 891
3 986 341 370
3 986 341 894
3 370 986 894
3 1086 226 986
3 986 370 1086
3 370 1086 226
3 370 226 986
3 986 173 1086
3 1086 226 173
3 986 173 226
3 988 183 1085
3 988 274 1085
3 183 1085 274
3 988 94 1085
3 183 94 1085
3 988 183 94
3 94 1085 240
3 94 29 1085
3 240 1085 29
3 1085 1015 240
3 1085 1015 94
3 183 1085 468
3 468 233 1085
3 183 1085 233
3 1105 173 52
3 52 358 1105
3 1105 173 358
3 358 173 52
3 688 52 1105
3 1105 173 688
3 1023 52 1105
3 1023 688 52
3 1023 688 1105
3 1105 358 1023
3 1105 557 1023
3 901 557 1105
3 1023 901 1105
3 1105 79 688
3 1105 1129 79
3 1129 1105 688
3 890 79 1105
3 1105 557 890
3 557 79 890
3 557 1105 79
3 890 688 1105
3 967 122 1121
3 122 25 1121
3 967 25 1121
3 122 967 25
3 1121 332 1151
3 1151 25 1121
3 25 1121 332
3 1121 319 967
3 1121 319 122
3 1151 246 1121
3 967 246 1121
3 1121 967 1151
3 1151 967 246
3 246 332 1121
3 1151 246 332
3 1053 319 1121
3 967 1121 1053
3 662 588 1123
3 662 588 287
3 588 287 1123
3 1123 78 588
3 78 662 588
3 988 78 588
3 588 1123 988
3 988 78 1123
3 1085 588 988
3 1085 588 94
3 988 94 588
3 588 274 988
3 588 274 1085
3 94 29 588
3 1123 29 588
3 1123 29 94
3 1123 94 588
3 29 1085 588
3 666 588 1123
3 1077 588 1123
3 1077 666 588
3 29 666 588
3 1085 588 666
3 1085 666 29
3 1171 142 918
3 15 1171 142
3 918 15 1171
3 918 15 142
3 1171 142 630
3 918 630 1171
3 630 19 1171
3 142 19 630
3 142 19 1171
3 15 802 142
3 802 142 1171
3 1171 802 15
3 1171 651 15
3 1171 651 918
3 168 186 1071
3 1071 186 1162
3 1162 168 186
3 1071 843 186
3 168 843 186
3 186 1162 199
3 186 1086 199
3 1086 1162 199
3 1162 1086 186
3 1071 186 199
3 1156 186 168
3 1156 186 1162
3 1129 186 199
3 199 1129 1071
3 1129 186 1071
3 1086 186 1129
3 370 168 186
3 186 1086 370
3 1086 168 186
3 1086 370 168
3 1156 186 370
3 986 186 370
3 1156 186 986
3 1156 986 370
3 986 186 1086
3 186 173 986
3 186 173 1086
3 989 38 1161
3 989 387 38
3 387 38 1161
3 989 38 478
3 478 1161 38
3 1117 38 1162
3 1071 38 1117
3 1071 38 1162
3 38 478 60
3 38 1162 60
3 478 60 1162
3 38 1162 478
3 989 38 60
3 38 1162 140
3 38 1161 140
3 1161 140 1162
3 38 1162 1161
3 1117 38 60
3 989 38 1117
3 60 1117 989
3 1156 38 1162
3 1156 38 140
3 1156 38 186
3 186 38 1162
3 661 1140 80
3 741 80 661
3 1140 661 741
3 897 888 77
3 77 387 897
3 897 888 387
3 77 888 387
3 888 161 176
3 1194 161 176
3 888 1194 161
3 176 1194 888
3 744 176 888
3 888 161 744
3 161 744 176
3 888 1004 176
3 744 888 1004
3 744 176 1004
3 1190 176 888
3 888 77 1190
3 1190 176 77
3 176 77 888
3 1004 888 1190
3 744 287 1004
3 888 287 1004
3 744 287 888
3 1152 21 810
3 810 230 1152
3 1152 21 230
3 810 230 21
3 579 893 883
3 893 155 579
3 883 893 155
3 468 233 893
3 579 233 893
3 579 233 468
3 579 468 893
3 233 1039 893
3 468 1039 893
3 536 408 1168
3 1015 408 1168
3 1015 536 408
3 1015 536 1168
3 1015 408 1155
3 408 240 1015
3 408 240 1155
3 810 35 1152
3 35 21 810
3 35 1152 21
3 35 810 240
3 35 824 240
3 824 810 35
3 810 240 824
3 1155 35 240
3 810 240 1155
3 810 35 1155
3 761 756 440
3 756 440 910
3 910 440 761
3 405 668 478
3 668 60 478
3 668 60 405
3 668 490 901
3 668 1023 490
3 1023 668 901
3 901 351 668
3 490 668 351
3 351 668 712
3 712 668 901
3 712 152 668
3 351 152 668
3 668 901 733
3 668 405 733
3 733 405 901
3 668 405 901
3 712 668 733
3 668 283 405
3 668 1158 283
3 1158 668 405
3 668 283 733
3 712 668 283
3 712 283 733
3 69 812 458
3 69 953 812
3 812 458 953
3 155 1111 268
3 155 579 268
3 579 268 1111
3 155 1111 579
3 1111 268 1167
3 1167 155 268
3 1111 536 268
3 536 268 1167
3 1136 155 268
3 1136 155 1167
3 268 1167 1136
3 579 268 1136
3 1000 69 458
3 458 1166 1000
3 1000 69 1166
3 812 458 1000
3 1000 69 812
3 883 1000 458
3 812 1000 883
3 812 458 883
3 740 458 1000
3 740 461 1000
3 461 458 1000
3 461 458 740
3 740 883 1000
3 812 670 883
3 812 670 1000
3 1000 670 883
3 740 28 1000
3 740 28 883
3 883 28 1000
3 1000 28 461
3 753 196 654
3 753 396 654
3 396 196 753
3 753 90 654
3 993 90 753
3 993 753 654
3 797 70 540
3 70 739 540
3 739 70 797
3 569 70 739
3 653 70 569
3 653 70 739
3 569 70 332
3 246 70 332
3 569 246 332
3 246 569 70
3 70 739 332
3 359 540 511
3 359 568 511
3 359 568 540
3 540 568 511
3 511 540 431
3 431 359 540
3 431 359 511
3 359 70 540
3 797 359 540
3 797 70 359
3 568 359 637
3 568 359 1026
3 637 359 1026
3 323 123 911
3 323 400 911
3 911 400 123
3 323 123 400
3 762 323 911
3 911 123 762
3 947 605 859
3 256 605 947
3 859 256 605
3 63 947 605
3 859 63 605
3 947 749 605
3 256 749 605
3 743 286 1006
3 1006 160 743
3 286 160 743
3 286 1006 160
3 743 89 1006
3 89 1006 286
3 1006 160 271
3 817 160 1006
3 1006 817 271
3 1096 51 749
3 1096 51 214
3 51 749 214
3 464 902 514
3 720 464 902
3 720 464 514
3 720 514 902
3 464 762 514
3 464 902 762
3 762 514 902
3 464 248 564
3 464 248 762
3 248 564 762
3 464 564 762
3 564 312 464
3 902 312 464
3 464 902 564
3 564 312 902
3 464 248 312
3 911 248 762
3 911 464 762
3 464 911 248
3 312 938 464
3 464 248 938
3 938 248 312
3 902 464 938
3 902 312 938
3 938 53 902
3 464 53 902
3 938 53 464
3 1055 169 673
3 1190 169 673
3 673 1190 1055
3 1055 169 1190
3 673 603 1055
3 169 603 673
3 1055 169 603
3 1055 201 673
3 201 673 603
3 169 884 673
3 169 884 603
3 673 884 603
3 884 673 1190
3 884 169 1190
3 1190 77 673
3 201 77 673
3 1190 77 201
3 1190 201 673
3 884 75 1190
3 884 673 75
3 673 75 1190
3 888 673 1190
3 77 888 673
3 1004 673 1190
3 1004 673 888
3 982 32 920
3 920 273 982
3 982 32 273
3 32 920 273
3 595 17 758
3 1100 17 758
3 1100 595 758
3 1100 17 595
3 17 1184 758
3 595 17 1184
3 758 1184 595
3 944 313 439
3 439 286 944
3 313 944 286
3 439 286 313
3 313 63 905
3 313 439 905
3 439 905 63
3 313 63 439
3 605 313 63
3 947 313 63
3 947 313 605
3 834 313 63
3 905 63 834
3 834 313 905
3 63 563 834
3 563 313 63
3 563 313 834
3 210 1088 239
3 210 823 239
3 823 239 1088
3 210 1088 823
3 1088 239 1154
3 1154 210 239
3 982 32 48
3 982 655 48
3 655 32 48
3 655 982 32
3 920 48 982
3 48 920 32
3 578 48 655
3 267 48 655
3 578 48 267
3 872 262 766
3 766 979 872
3 872 979 262
3 113 13 979
3 766 13 979
3 113 766 13
3 113 13 82
3 1185 13 82
3 113 13 1185
3 82 1185 113
3 113 13 1154
3 1154 82 113
3 13 1154 82
3 979 1154 13
3 1088 13 979
3 1088 13 1154
3 1088 13 180
3 13 979 180
3 695 13 180
3 695 13 1088
3 1088 695 180
3 239 1088 13
3 239 13 1154
3 596 118 1185
3 596 118 386
3 1185 386 118
3 896 434 118
3 118 386 896
3 896 434 386
3 118 434 386
3 118 1185 672
3 672 434 118
3 1185 672 434
3 1185 434 118
3 596 118 672
3 2 1051 242
3 2 706 242
3 706 242 1051
3 2 1051 706
3 1036 242 1051
3 1036 2 242
3 692 242 1036
3 692 242 1051
3 549 2 242
3 242 1036 549
3 549 1036 2
3 706 242 549
3 706 242 1119
3 706 257 1119
3 257 242 1119
3 706 242 257
3 549 1119 242
3 1119 549 706
3 1044 242 1119
3 1044 242 549
3 1119 549 1044
3 1119 11 242
3 1036 11 242
3 1119 1036 242
3 1036 11 1119
3 1119 11 1044
3 11 1044 242
3 858 597 549
3 706 597 549
3 706 597 858
3 1044 597 549
3 597 242 549
3 1044 597 242
3 434 160 941
3 896 434 941
3 434 896 160
3 896 160 941
3 743 941 160
3 434 743 941
3 434 160 743
3 1006 160 941
3 941 743 1006
3 434 118 941
3 434 118 743
3 743 118 941
3 941 118 896
3 160 941 271
3 941 271 1006
3 743 89 941
3 941 89 1006
3 941 271 1114
3 160 1114 941
3 1006 658 941
3 896 658 941
3 1006 896 658
3 941 896 1006
3 941 271 658
3 658 1006 271
3 941 236 896
3 941 236 378
3 941 378 896
3 658 236 941
3 941 236 271
3 271 236 658
3 1003 434 743
3 743 286 1003
3 434 286 1003
3 434 286 743
3 301 580 685
3 301 951 685
3 301 951 580
3 685 580 951
3 1149 301 580
3 1149 301 685
3 685 580 1149
3 615 301 580
3 580 983 615
3 983 615 301
3 983 301 580
3 649 301 951
3 649 301 56
3 301 56 951
3 1008 279 1080
3 1008 594 1080
3 594 279 1080
3 1008 279 594
3 1008 45 1080
3 1080 45 279
3 45 1008 279
3 1080 326 1008
3 326 45 1008
3 326 45 1080
3 326 594 1008
3 829 326 1008
3 1008 594 829
3 1008 414 829
3 326 1008 414
3 45 878 335
3 45 1008 335
3 878 335 1008
3 45 1008 878
3 1120 744 1140
3 1120 355 1140
3 1120 355 744
3 888 77 1120
3 1120 744 888
3 744 1120 77
3 744 77 888
3 897 888 1120
3 1120 77 897
3 1120 744 161
3 1140 161 1120
3 888 161 1120
3 888 897 161
3 897 161 1120
3 1120 80 1140
3 1120 80 161
3 1140 661 1120
3 897 661 1120
3 897 1140 661
3 1120 897 1140
3 1120 80 661
3 1120 237 897
3 237 92 897
3 237 1120 92
3 1120 92 897
3 661 237 1120
3 237 80 661
3 1120 237 80
3 897 661 237
3 1052 92 387
3 1052 1161 92
3 387 1161 1052
3 897 387 1052
3 1052 92 897
3 1052 77 897
3 1052 77 387
3 897 1120 1052
3 1052 77 1120
3 80 661 162
3 80 1149 162
3 80 1149 661
3 661 1149 162
3 661 162 741
3 741 80 162
3 976 404 926
3 976 781 926
3 781 976 404
3 441 404 976
3 976 87 441
3 404 87 976
3 404 87 441
3 926 441 976
3 441 148 976
3 441 926 148
3 926 148 976
3 976 87 148
3 781 378 1160
3 781 926 1160
3 926 378 1160
3 781 378 926
3 781 386 1160
3 1160 378 386
3 781 37 1160
3 781 386 37
3 386 37 1160
3 926 1160 37
3 778 596 1160
3 1160 121 778
3 596 1160 121
3 596 121 778
3 386 1160 596
3 778 386 1160
3 1160 118 386
3 596 1160 118
3 28 1180 270
3 1180 740 28
3 1180 270 740
3 1119 11 927
3 927 763 1119
3 1119 763 11
3 763 11 927
3 927 1044 11
3 1044 927 1119
3 778 11 927
3 778 927 1044
3 778 11 1044
3 927 257 1119
3 1044 257 1119
3 1044 257 927
3 257 1119 763
3 927 257 763
3 11 927 121
3 927 121 778
3 778 596 1044
3 927 596 1044
3 778 596 927
3 549 218 1044
3 1119 218 549
3 1044 218 1119
3 549 218 597
3 1182 218 597
3 597 549 1182
3 1182 218 549
3 218 1044 597
3 1182 218 1054
3 1054 3 1182
3 218 3 1182
3 218 3 1054
3 218 1054 596
3 218 1044 596
3 1054 1044 218
3 1054 1044 596
3 672 218 596
3 672 218 1054
3 778 218 1044
3 218 11 1044
3 778 218 11
3 778 218 596
3 778 218 672
3 596 778 672
3 138 434 160
3 138 1139 160
3 434 1139 160
3 138 1139 434
3 743 138 160
3 743 138 434
3 1114 138 160
3 160 1114 743
3 743 138 1114
3 1114 138 1139
3 743 138 1003
3 434 1003 138
3 459 1114 138
3 459 138 1139
3 41 1143 180
3 41 1143 1062
3 1062 180 1143
3 695 180 1143
3 1143 236 695
3 236 180 1143
3 236 180 695
3 695 41 1143
3 1143 236 899
3 899 727 1143
3 727 1143 236
3 695 601 1143
3 601 41 695
3 601 41 1143
3 1143 236 601
3 899 601 1143
3 1147 6 784
3 784 304 1147
3 304 6 784
3 304 6 1147
3 784 581 6
3 784 581 1147
3 1147 6 581
3 6 784 394
3 6 1133 784
3 784 1133 394
3 304 784 462
3 786 784 304
3 786 784 462
3 519 107 770
3 770 1061 107
3 519 107 1061
3 519 768 107
3 768 107 770
3 919 107 770
3 919 107 1061
3 1061 770 919
3 919 107 281
3 107 770 281
3 919 401 1061
3 401 919 107
3 401 107 1061
3 950 107 281
3 950 107 919
3 281 950 919
3 780 749 1096
3 780 617 1096
3 749 617 780
3 749 617 1096
3 780 749 51
3 1096 51 780
3 940 17 968
3 1196 17 968
3 940 1196 17
3 968 940 1196
3 940 524 247
3 940 524 968
3 968 247 940
3 691 114 1157
3 1157 85 114
3 1157 85 691
3 114 1157 546
3 691 114 546
3 1157 546 691
3 114 882 546
3 1157 882 114
3 882 1157 546
3 85 474 467
3 85 923 467
3 923 467 474
3 923 474 85
3 923 114 1157
3 923 241 1157
3 241 114 1157
3 923 114 241
3 923 114 85
3 1157 85 923
3 525 210 474
3 525 210 823
3 210 823 474
3 823 474 525
3 525 210 418
3 474 418 525
3 729 525 823
3 729 210 525
3 729 210 823
3 418 1062 525
3 1062 210 525
3 727 462 584
3 584 303 462
3 303 727 462
3 584 303 727
3 885 584 727
3 584 885 462
3 899 584 885
3 899 584 727
3 786 462 584
3 584 193 786
3 462 193 786
3 462 193 584
3 885 584 786
3 715 584 786
3 786 715 885
3 715 885 584
3 715 584 193
3 288 790 389
3 790 389 128
3 288 128 389
3 288 746 389
3 790 746 288
3 746 790 389
3 871 58 1186
3 1186 221 58
3 871 58 221
3 1186 221 871
3 871 23 1186
3 871 23 58
3 58 23 1186
3 149 58 1186
3 149 58 221
3 149 1186 221
3 58 1186 452
3 58 752 452
3 1186 752 58
3 1186 752 452
3 149 58 452
3 1048 149 221
3 1048 58 221
3 149 1048 58
3 752 676 978
3 752 106 978
3 752 106 676
3 676 106 978
3 64 676 221
3 790 221 676
3 64 790 676
3 58 752 676
3 58 221 676
3 58 752 221
3 676 752 221
3 978 58 676
3 752 58 978
3 676 221 871
3 871 64 676
3 871 58 676
3 871 978 58
3 676 978 871
3 1133 676 64
3 1133 676 871
3 133 64 676
3 978 133 676
3 133 978 64
3 978 64 676
3 133 1133 676
3 676 519 133
3 1133 519 133
3 1133 676 519
3 676 519 978
3 519 133 978
3 1014 519 978
3 1014 676 519
3 978 676 1014
3 229 1062 771
3 771 258 229
3 1062 258 229
3 1062 258 771
3 771 1062 41
3 195 41 771
3 195 771 1062
3 229 41 771
3 41 771 335
3 771 335 195
3 195 41 335
3 41 1143 335
3 1143 335 771
3 41 1143 771
3 258 507 766
3 258 229 507
3 507 229 766
3 766 507 65
3 258 65 507
3 872 65 507
3 766 507 872
3 872 65 766
3 875 131 392
3 452 392 875
3 875 131 452
3 131 392 452
3 1110 392 131
3 1110 392 875
3 875 149 392
3 285 149 392
3 285 875 149
3 392 285 875
3 149 452 392
3 292 131 392
3 292 285 392
3 285 131 392
3 292 285 131
3 292 131 1110
3 292 1110 392
3 392 111 1110
3 392 111 875
3 760 234 886
3 760 510 886
3 510 234 886
3 510 760 234
3 440 513 761
3 756 513 761
3 440 756 513
3 1132 459 499
3 499 1132 1114
3 1114 459 1132
3 725 563 837
3 725 1132 837
3 725 563 1132
3 1132 563 837
3 499 1132 611
3 611 1132 197
3 1132 197 499
3 197 1073 614
3 197 1073 499
3 614 1073 499
3 701 411 1073
3 411 197 1073
3 701 411 197
3 701 197 1073
3 1073 338 411
3 1073 338 701
3 1073 614 411
3 614 338 411
3 1073 614 338
3 608 537 426
3 426 129 537
3 426 129 608
3 725 426 608
3 725 426 537
3 544 426 537
3 426 544 129
3 725 426 859
3 859 426 608
3 426 537 1132
3 1132 611 426
3 426 611 537
3 1132 611 537
3 725 426 1132
3 1132 537 725
3 499 426 611
3 499 817 426
3 611 426 817
3 499 426 1132
3 725 499 1132
3 725 499 426
3 820 492 348
3 492 348 1028
3 1028 348 820
3 820 238 348
3 492 238 348
3 820 238 492
3 1028 348 506
3 492 348 506
3 245 66 111
3 245 66 1113
3 1113 111 245
3 111 875 245
3 875 66 245
3 701 98 747
3 338 98 747
3 338 98 701
3 747 98 243
3 404 98 243
3 243 747 404
3 404 98 747
3 98 701 243
3 98 1097 243
3 1097 701 243
3 1097 701 98
3 404 98 1097
3 601 360 1097
3 360 98 1097
3 601 98 1097
3 360 601 98
3 960 98 423
3 360 98 423
3 360 98 960
3 960 360 423
3 701 98 960
3 701 423 960
3 98 701 423
3 701 1073 960
3 701 98 1073
3 1073 960 98
3 573 102 471
3 1115 102 471
3 471 1115 573
3 573 102 1115
3 573 102 928
3 102 928 471
3 693 521 543
3 543 930 693
3 930 521 543
3 930 521 693
3 1115 543 521
3 1115 543 693
3 693 521 1115
3 1115 543 702
3 702 521 543
3 543 40 1115
3 543 40 702
3 545 543 702
3 521 543 545
3 543 702 591
3 543 930 591
3 543 930 702
3 702 930 591
3 545 543 591
3 1009 543 591
3 1009 545 591
3 1009 543 545
3 930 543 1009
3 930 591 1009
3 788 502 863
3 124 788 502
3 863 124 502
3 788 502 907
3 863 907 502
3 502 324 124
3 788 324 124
3 788 502 324
3 1094 589 803
3 803 693 1094
3 693 589 803
3 693 589 1094
3 803 209 1094
3 803 209 589
3 803 543 693
3 803 693 930
3 803 543 930
3 1115 803 693
3 1115 543 803
3 878 335 406
3 406 45 335
3 406 45 878
3 406 195 335
3 406 195 878
3 195 335 878
3 771 335 406
3 406 130 771
3 771 130 335
3 335 130 406
3 406 195 771
3 640 195 878
3 406 640 195
3 640 406 878
3 813 47 1194
3 615 1194 47
3 813 47 615
3 47 649 301
3 47 615 301
3 649 301 615
3 47 649 615
3 47 1194 300
3 47 649 300
3 1194 300 649
3 1194 649 47
3 813 47 300
3 649 47 951
3 951 47 301
3 1109 47 300
3 300 1109 813
3 1109 47 813
3 649 47 1109
3 264 47 1109
3 264 47 649
3 649 47 904
3 904 47 951
3 993 59 1002
3 396 59 993
3 396 59 1002
3 940 59 247
3 524 59 247
3 940 524 59
3 801 71 996
3 801 71 726
3 996 726 71
3 801 638 71
3 638 71 996
3 71 726 541
3 71 993 541
3 993 541 726
3 71 993 726
3 801 71 541
3 247 71 996
3 247 71 726
3 798 71 993
3 798 71 298
3 298 71 993
3 798 71 541
3 801 798 541
3 798 71 801
3 996 59 71
3 993 59 71
3 996 993 59
3 996 993 71
3 59 247 71
3 996 59 247
3 898 71 726
3 247 898 71
3 59 1002 71
3 59 1002 247
3 247 1002 71
3 993 71 1002
3 654 71 993
3 654 71 1002
3 995 815 1035
3 1035 23 995
3 995 815 23
3 995 1 1147
3 995 1035 1147
3 995 1 1035
3 1035 1 1147
3 995 316 1035
3 995 815 316
3 711 374 805
3 832 805 374
3 711 374 832
3 805 374 924
3 924 374 711
3 43 1164 143
3 43 879 143
3 43 1164 879
3 1164 143 879
3 1164 143 1172
3 1172 43 143
3 1164 43 1172
3 879 143 575
3 206 879 143
3 206 143 575
3 1164 170 1172
3 1164 170 143
3 170 143 1172
3 575 16 143
3 1172 16 143
3 143 1172 575
3 575 16 1172
3 1127 143 575
3 16 1127 143
3 845 345 931
3 345 101 931
3 845 101 931
3 345 845 101
3 931 377 345
3 377 345 845
3 377 345 831
3 377 1107 831
3 831 1107 345
3 377 345 1107
3 831 345 710
3 1041 345 710
3 831 1041 345
3 1041 831 710
3 710 377 831
3 710 377 345
3 1002 154 1134
3 1002 26 1134
3 154 26 1134
3 1002 26 154
3 1134 196 1002
3 1134 196 154
3 1002 59 1134
3 196 59 1002
3 1134 196 59
3 26 1134 59
3 1002 26 59
3 26 940 59
3 1134 59 940
3 26 1134 940
3 1134 136 154
3 1131 136 154
3 1134 1131 154
3 1134 1131 136
3 1072 84 139
3 777 84 139
3 777 84 1072
3 1072 777 139
3 753 196 1072
3 196 1072 654
3 753 654 1072
3 753 139 1072
3 196 139 753
3 196 139 1072
3 196 1072 1002
3 1072 1002 654
3 754 430 1072
3 1072 84 754
3 430 1072 84
3 430 84 754
3 1134 136 430
3 430 154 1134
3 136 430 154
3 196 1072 430
3 430 154 196
3 430 1072 154
3 1072 154 196
3 754 196 430
3 754 196 1072
3 1138 430 1134
3 430 1138 136
3 1134 136 1138
3 1134 196 430
3 1134 196 754
3 1134 754 430
3 1134 26 1138
3 430 26 1134
3 430 26 1138
3 1041 345 481
3 1041 765 481
3 765 345 1041
3 765 345 481
3 481 931 101
3 345 481 931
3 345 101 481
3 963 101 481
3 963 765 481
3 963 765 101
3 765 101 481
3 931 481 963
3 481 377 931
3 481 377 345
3 707 710 39
3 1041 39 707
3 1041 39 710
3 710 707 1041
3 550 39 710
3 550 39 707
3 707 534 1041
3 534 39 707
3 1041 534 39
3 550 831 39
3 831 39 710
3 39 707 275
3 39 282 275
3 707 275 282
3 707 282 39
3 550 39 275
3 707 275 550
3 282 39 849
3 282 39 337
3 849 39 337
3 282 39 1037
3 671 39 1037
3 282 39 671
3 1037 39 275
3 550 1037 39
3 275 1037 550
3 1104 325 368
3 382 325 368
3 368 1104 382
3 1104 325 382
3 325 439 368
3 439 325 1104
3 439 325 944
3 325 313 439
3 325 313 944
3 482 853 550
3 603 853 550
3 853 603 482
3 707 534 853
3 853 550 707
3 550 534 707
3 550 534 853
3 707 53 853
3 53 853 534
3 550 853 275
3 482 275 853
3 707 275 853
3 275 53 853
3 275 707 53
3 853 12 275
3 853 12 482
3 275 1037 853
3 1037 12 853
3 703 482 853
3 703 53 853
3 482 53 853
3 703 482 53
3 853 12 703
3 703 482 12
3 937 720 902
3 902 464 937
3 720 937 464
3 561 294 937
3 561 720 937
3 720 294 937
3 561 294 720
3 937 294 456
3 561 456 937
3 1166 937 456
3 1166 937 294
3 1068 132 675
3 297 132 675
3 1068 132 297
3 1068 297 675
3 811 518 1068
3 675 518 1068
3 811 675 518
3 811 675 1068
3 1068 144 518
3 518 811 144
3 1068 144 811
3 1059 57 675
3 1068 57 675
3 1059 57 1068
3 675 1068 1059
3 518 132 1068
3 144 132 518
3 1068 144 132
3 675 518 132
3 646 376 1106
3 646 334 1106
3 376 334 1106
3 376 334 646
3 570 74 1122
3 1122 511 74
3 570 74 511
3 570 74 461
3 1122 461 570
3 74 1122 461
3 1000 74 461
3 461 1000 570
3 1000 74 570
3 431 74 511
3 431 74 540
3 74 511 540
3 431 74 1122
3 797 74 540
3 431 797 74
3 797 431 540
3 1122 235 263
3 646 235 263
3 263 1122 646
3 646 235 1122
3 431 263 1122
3 235 431 263
3 1106 263 646
3 1106 263 376
3 646 376 263
3 263 74 1122
3 431 263 74
3 656 570 461
3 310 656 570
3 461 310 656
3 656 570 1122
3 1122 461 656
3 656 263 1122
3 570 263 656
3 570 263 1122
3 656 865 570
3 310 865 656
3 656 28 310
3 656 28 461
3 1180 310 656
3 656 28 1180
3 310 1180 28
3 461 1000 656
3 656 1000 28
3 856 15 278
3 856 15 1107
3 278 1107 856
3 856 15 651
3 651 278 856
3 856 15 1171
3 1171 651 856
3 44 1007 278
3 1107 44 278
3 1007 44 1107
3 44 544 278
3 44 1007 544
3 1007 278 544
3 751 44 544
3 751 44 877
3 544 877 44
3 751 537 44
3 537 44 544
3 44 877 281
3 44 1007 281
3 877 281 1007
3 44 1007 877
3 751 44 281
3 950 44 1007
3 845 44 950
3 845 44 1007
3 950 44 281
3 281 950 751
3 751 44 950
3 169 1183 450
3 1183 884 169
3 1183 884 450
3 1183 15 142
3 142 1183 918
3 1183 15 918
3 373 169 1183
3 450 1183 373
3 802 15 1183
3 1183 450 802
3 450 15 1183
3 450 15 802
3 802 142 1183
3 373 1183 603
3 1183 603 169
3 802 373 1183
3 373 142 1183
3 802 142 373
3 1183 550 373
3 603 1183 550
3 1055 169 1183
3 1055 142 1183
3 1055 169 142
3 169 142 1183
3 1183 603 1055
3 1183 4 142
3 142 1183 630
3 630 4 1183
3 1055 4 1183
3 603 4 1183
3 603 4 1055
3 171 436 369
3 436 369 642
3 642 436 171
3 795 347 436
3 487 436 347
3 795 347 487
3 487 436 795
3 436 369 1124
3 487 436 1124
3 487 369 1124
3 436 487 369
3 436 171 1124
3 687 436 795
3 347 436 687
3 1124 347 436
3 347 1124 171
3 347 171 436
3 1124 347 487
3 795 305 436
3 305 171 436
3 305 171 795
3 436 171 795
3 305 687 436
3 795 305 687
3 305 589 436
3 687 589 305
3 687 589 436
3 589 436 171
3 589 436 1094
3 1094 436 171
3 377 317 831
3 710 317 831
3 710 377 317
3 1107 831 317
3 377 317 1107
3 802 317 831
3 802 317 1107
3 317 831 450
3 317 657 450
3 657 450 831
3 831 657 317
3 802 317 450
3 317 802 278
3 317 278 1107
3 1191 317 450
3 802 1191 317
3 450 1191 802
3 657 317 1191
3 163 553 538
3 553 538 552
3 553 552 163
3 657 163 553
3 553 538 657
3 1191 553 657
3 553 1191 317
3 553 317 657
3 553 1191 163
3 861 722 1075
3 861 687 1075
3 722 861 687
3 1075 306 861
3 722 861 306
3 861 126 1075
3 861 126 306
3 1075 349 861
3 349 109 861
3 1075 109 349
3 861 109 1075
3 861 126 349
3 1075 349 126
3 306 924 861
3 861 126 924
3 861 497 349
3 861 497 126
3 497 126 349
3 109 861 497
3 861 20 109
3 497 861 20
3 881 302 1017
3 671 302 1017
3 881 671 302
3 881 302 393
3 1058 302 393
3 393 1058 881
3 1058 302 881
3 881 302 783
3 302 783 393
3 783 1017 302
3 1001 302 1017
3 1001 302 783
3 222 1001 302
3 1017 222 302
3 302 159 783
3 1001 159 302
3 222 1059 302
3 1001 302 1059
3 222 1059 1001
3 869 413 735
3 735 144 869
3 869 144 413
3 413 144 735
3 413 616 735
3 869 413 616
3 735 616 869
3 413 93 735
3 413 93 616
3 413 735 967
3 413 246 967
3 735 967 246
3 413 246 735
3 413 93 967
3 1159 93 413
3 1159 413 616
3 1121 413 967
3 413 1121 93
3 1121 93 967
3 1121 413 246
3 1121 413 332
3 246 413 332
3 349 164 491
3 491 126 164
3 491 126 349
3 491 636 164
3 349 491 636
3 491 126 928
3 164 928 491
3 1075 349 491
3 491 347 1075
3 349 1075 347
3 349 347 491
3 491 126 1075
3 1074 164 491
3 491 347 1074
3 1074 347 164
3 347 164 491
3 636 491 1074
3 1074 164 636
3 497 491 636
3 349 497 491
3 687 491 347
3 687 436 491
3 347 491 436
3 687 491 1075
3 687 126 1075
3 491 126 687
3 1124 347 906
3 1074 347 906
3 1124 347 1074
3 1124 1074 906
3 347 487 906
3 906 487 1124
3 906 491 347
3 491 487 906
3 347 491 487
3 906 491 1074
3 636 491 906
3 906 636 1074
3 906 662 1124
3 906 369 1124
3 906 662 369
3 906 290 188
3 188 662 906
3 906 662 290
3 662 290 188
3 1074 188 906
3 906 290 1074
3 487 346 795
3 347 795 346
3 347 346 487
3 75 346 330
3 346 330 957
3 75 957 346
3 884 75 346
3 346 330 884
3 346 1190 75
3 1190 346 884
3 1004 75 346
3 1004 487 346
3 487 1004 75
3 487 75 346
3 1190 346 1004
3 346 1190 169
3 346 169 884
3 744 565 1004
3 565 176 1004
3 565 176 744
3 565 188 906
3 1074 565 906
3 565 1074 188
3 287 744 565
3 565 188 287
3 565 744 188
3 744 188 287
3 1004 287 565
3 565 188 662
3 906 662 565
3 662 287 565
3 565 1004 662
3 662 1004 287
3 1124 565 662
3 1124 565 906
3 565 78 662
3 1124 565 78
3 906 487 565
3 1004 487 565
3 1004 487 906
3 565 1004 906
3 487 1124 565
3 565 346 1004
3 1004 565 1190
3 565 346 1190
3 487 346 565
3 565 1124 346
3 487 346 1124
3 1037 341 315
3 1163 315 1037
3 1163 315 341
3 590 315 1037
3 590 315 341
3 1037 341 590
3 315 275 1037
3 1163 315 275
3 315 341 894
3 315 1034 894
3 894 1034 341
3 315 1034 341
3 1163 315 894
3 315 1037 671
3 315 1034 671
3 1037 1034 671
3 1037 1034 315
3 590 315 671
3 1016 315 1034
3 552 315 1034
3 552 1016 315
3 1016 315 894
3 1163 1016 894
3 1163 315 1016
3 1017 315 671
3 1017 315 590
3 1017 590 671
3 1017 315 1034
3 1017 315 222
3 315 222 1034
3 341 709 370
3 1163 709 341
3 709 1163 370
3 709 341 986
3 709 370 986
3 341 709 590
3 709 590 315
3 709 315 341
3 129 992 768
3 992 768 751
3 992 751 129
3 992 394 500
3 394 365 500
3 394 992 365
3 992 365 500
3 129 22 992
3 992 768 22
3 647 394 992
3 647 768 992
3 647 394 768
3 992 394 768
3 647 500 992
3 394 647 500
3 992 608 129
3 22 992 608
3 647 22 992
3 500 22 647
3 500 22 992
3 426 129 992
3 500 426 992
3 426 500 129
3 500 129 992
3 426 608 992
3 992 611 426
3 426 611 608
3 611 608 992
3 500 426 611
3 500 992 611
3 1196 30 106
3 978 30 106
3 1196 30 978
3 106 1196 978
3 30 1108 106
3 1108 30 1196
3 978 30 519
3 133 30 519
3 133 978 30
3 30 1014 106
3 30 1108 1014
3 1108 106 1014
3 978 30 1014
3 1014 106 978
3 519 1014 30
3 1061 30 519
3 1061 30 1014
3 30 519 107
3 30 1108 107
3 519 107 1108
3 30 1108 519
3 1061 30 107
3 207 30 1014
3 207 1061 30
3 1045 64 391
3 1045 133 391
3 1045 64 133
3 790 64 1045
3 1045 128 790
3 1045 128 64
3 128 64 790
3 790 391 1045
3 790 389 1045
3 391 389 790
3 391 389 1045
3 1045 128 389
3 128 389 732
3 732 389 1045
3 1045 128 732
3 1045 22 391
3 391 1045 647
3 647 22 1045
3 127 562 504
3 127 517 504
3 562 517 127
3 562 517 504
3 562 504 721
3 721 127 504
3 721 1047 504
3 562 504 1047
3 874 496 1112
3 496 158 874
3 496 158 1112
3 109 874 496
3 109 861 496
3 874 861 109
3 874 861 496
3 772 9 316
3 772 1035 9
3 1035 9 316
3 9 316 591
3 9 1095 591
3 1095 591 316
3 9 1095 316
3 1188 9 591
3 1188 9 316
3 1009 9 1095
3 324 9 1095
3 324 9 1009
3 1095 9 1145
3 1145 9 207
3 207 9 1095
3 1009 9 591
3 1188 9 1009
3 1188 1009 591
3 559 606 254
3 488 254 559
3 488 559 606
3 1048 254 559
3 559 149 1048
3 1048 254 149
3 254 149 559
3 606 559 1048
3 285 149 559
3 488 285 559
3 488 149 285
3 488 149 559
3 149 559 221
3 1186 221 559
3 1186 559 149
3 559 221 1048
3 606 221 1048
3 606 221 559
3 149 559 392
3 559 392 285
3 559 392 452
3 149 559 452
3 227 1064 380
3 380 1064 174
3 1064 174 227
3 809 380 1064
3 1064 81 809
3 1064 380 81
3 380 81 809
3 809 227 1064
3 1064 81 106
3 1064 81 1196
3 106 1196 1064
3 809 752 1064
3 752 227 1064
3 752 227 809
3 1064 81 752
3 752 809 81
3 752 106 1064
3 752 1064 978
3 1064 978 106
3 1064 58 978
3 752 58 1064
3 1014 106 1064
3 1014 227 1064
3 1014 227 106
3 227 106 1064
3 1064 978 1014
3 1064 207 227
3 1145 207 1064
3 1145 1064 227
3 1014 207 1064
3 978 207 1064
3 978 207 1014
3 1095 371 1145
3 909 371 1095
3 909 371 1145
3 1145 9 371
3 9 1095 371
3 772 9 371
3 1145 9 772
3 371 1145 772
3 1145 371 1176
3 31 1176 371
3 1145 31 371
3 371 227 1145
3 371 1176 227
3 868 34 602
3 868 1158 34
3 602 1158 868
3 742 358 637
3 745 358 742
3 745 742 637
3 742 358 1151
3 742 332 1151
3 358 332 742
3 358 332 1151
3 742 637 1151
3 70 742 332
3 742 332 739
3 742 739 70
3 1151 246 742
3 1151 246 637
3 637 246 742
3 742 332 246
3 246 70 742
3 637 359 742
3 359 70 742
3 359 637 70
3 637 70 742
3 742 568 637
3 742 568 359
3 974 568 742
3 974 742 637
3 958 177 122
3 958 177 1150
3 1150 122 177
3 1150 122 958
3 122 25 958
3 25 958 177
3 958 566 1150
3 566 177 958
3 566 177 1150
3 958 1121 25
3 1121 958 1151
3 1151 25 958
3 122 958 1121
3 958 358 1151
3 1121 358 958
3 1121 358 1151
3 958 1121 319
3 958 319 122
3 1150 122 1181
3 757 122 1181
3 1150 757 1181
3 1150 757 122
3 1181 177 1150
3 122 177 1181
3 1150 7 1181
3 7 1181 177
3 1181 319 122
3 1181 319 177
3 122 319 177
3 1181 319 757
3 319 122 757
3 7 1181 787
3 1181 787 1150
3 1181 177 1113
3 1181 1113 7
3 319 202 757
3 319 202 1181
3 1181 202 757
3 1066 7 1181
3 1066 757 1181
3 1066 757 7
3 757 7 1181
3 1181 787 1066
3 1066 7 787
3 1150 566 1181
3 787 1181 566
3 1066 170 1181
3 787 1181 170
3 787 170 1066
3 1181 170 757
3 170 1066 757
3 1164 170 757
3 757 1181 1164
3 1164 170 1181
3 599 322 402
3 402 613 599
3 599 613 322
3 613 322 402
3 689 402 1146
3 322 402 689
3 1146 322 402
3 1146 380 402
3 613 380 402
3 1146 380 613
3 1146 613 402
3 380 689 402
3 380 809 402
3 380 809 689
3 809 402 689
3 613 380 809
3 613 402 809
3 1049 91 961
3 424 91 1049
3 424 91 961
3 1011 91 1083
3 465 91 1083
3 465 91 1011
3 1049 91 983
3 961 983 91
3 1083 91 339
3 1049 91 339
3 339 1083 1049
3 1083 91 1049
3 91 1011 339
3 91 983 339
3 1011 339 983
3 91 1011 983
3 983 339 1049
3 914 91 1011
3 643 91 1011
3 643 91 914
3 626 506 667
3 626 506 145
3 667 145 626
3 667 626 1028
3 626 506 1028
3 424 283 626
3 667 283 626
3 424 283 667
3 667 424 626
3 283 807 626
3 807 626 424
3 283 733 626
3 807 733 283
3 733 807 626
3 667 626 733
3 626 190 733
3 626 190 667
3 510 357 819
3 760 510 819
3 760 357 510
3 760 357 819
3 353 665 639
3 353 1021 639
3 353 1021 665
3 665 1021 639
3 547 185 592
3 848 185 592
3 848 185 547
3 592 547 848
3 697 592 547
3 547 185 697
3 185 697 592
3 547 641 697
3 641 592 547
3 641 592 697
3 494 484 560
3 484 444 560
3 484 494 444
3 494 444 560
3 327 484 444
3 484 480 327
3 484 480 444
3 946 166 665
3 665 526 946
3 526 166 665
3 526 166 946
3 665 639 166
3 665 639 946
3 946 166 639
3 353 166 639
3 353 166 665
3 714 266 791
3 714 836 791
3 714 266 836
3 836 791 266
3 719 791 836
3 719 166 836
3 791 166 836
3 719 166 791
3 719 484 791
3 791 327 484
3 791 327 719
3 484 719 327
3 646 280 949
3 646 235 949
3 646 280 235
3 280 235 949
3 1118 344 480
3 480 327 1118
3 344 327 480
3 344 1118 327
3 946 322 466
3 599 322 466
3 946 322 599
3 466 946 599
3 466 621 343
3 599 343 466
3 621 466 599
3 526 343 466
3 466 946 526
3 946 343 526
3 946 343 466
3 621 466 526
3 526 343 621
3 665 466 526
3 526 665 621
3 621 466 665
3 665 466 946
3 639 466 946
3 665 639 466
3 1195 655 1135
3 1135 8 1195
3 655 8 1135
3 655 8 1195
3 1135 267 1195
3 1135 267 655
3 1091 120 964
3 964 128 1091
3 128 120 964
3 1091 120 128
3 990 964 1091
3 1091 120 990
3 990 964 120
3 964 505 1091
3 990 505 1091
3 990 505 964
3 128 964 505
3 790 505 964
3 128 964 790
3 128 964 732
3 128 964 389
3 732 964 389
3 966 1031 1126
3 966 134 1126
3 1031 134 1126
3 966 134 1031
3 1126 1031 3
3 966 3 1126
3 966 3 1031
3 119 325 382
3 119 1031 382
3 119 1031 325
3 382 1031 325
3 0 840 334
3 0 870 334
3 870 334 840
3 0 870 840
3 965 0 334
3 965 0 840
3 1106 0 334
3 334 1106 965
3 965 0 1106
3 870 334 1106
3 870 0 1106
3 250 789 728
3 250 174 789
3 789 728 174
3 638 250 789
3 728 789 638
3 789 388 493
3 493 789 731
3 789 388 731
3 789 88 250
3 789 88 638
3 88 250 638
3 1078 638 789
3 789 493 1078
3 638 1078 493
3 638 493 789
3 789 728 1078
3 789 388 1078
3 728 388 1078
3 789 388 728
3 1024 250 789
3 789 493 1024
3 493 250 789
3 493 1024 250
3 789 88 1024
3 996 88 638
3 789 88 996
3 638 996 789
3 789 604 1024
3 604 88 789
3 604 88 1024
3 493 789 604
3 789 352 604
3 789 352 493
3 834 167 939
3 834 765 939
3 765 834 167
3 765 167 939
3 834 167 905
3 1104 167 905
3 834 167 1104
3 905 834 1104
3 167 939 905
3 939 905 834
3 905 146 167
3 939 146 167
3 939 146 905
3 905 146 1104
3 167 1104 146
3 252 63 563
3 252 63 834
3 563 834 252
3 252 963 765
3 252 834 765
3 834 765 963
3 252 963 834
3 252 563 947
3 252 963 947
3 947 563 963
3 252 963 563
3 252 63 947
3 252 63 905
3 905 252 834
3 481 252 963
3 481 252 765
3 705 252 947
3 252 705 63
3 705 63 947
3 705 252 963
3 473 705 252
3 473 252 963
3 931 252 963
3 481 931 252
3 453 407 669
3 407 453 104
3 453 104 669
3 446 407 453
3 446 838 453
3 446 407 838
3 453 838 407
3 669 446 453
3 296 453 838
3 838 190 453
3 296 190 453
3 629 453 669
3 453 362 629
3 453 362 669
3 248 198 975
3 248 198 865
3 865 198 975
3 619 198 208
3 198 208 548
3 619 198 548
3 619 698 198
3 698 198 208
3 1093 198 208
3 1093 198 548
3 548 208 1093
3 198 208 527
3 198 975 527
3 527 975 208
3 198 975 208
3 1093 198 527
3 527 208 1093
3 1093 593 548
3 593 198 548
3 593 198 1093
3 619 198 528
3 248 198 528
3 248 198 619
3 528 248 619
3 198 548 528
3 548 528 619
3 975 528 248
3 248 528 312
3 528 312 975
3 762 528 248
3 528 248 911
3 762 528 911
3 198 975 528
3 548 528 975
3 198 975 548
3 564 528 248
3 762 564 528
3 518 1153 892
3 518 132 1153
3 1153 132 892
3 811 518 1153
3 811 400 1153
3 518 400 811
3 518 400 1153
3 1153 144 811
3 1153 144 518
3 298 991 396
3 993 991 396
3 993 991 298
3 498 991 607
3 498 261 991
3 991 607 261
3 991 352 607
3 498 352 991
3 991 678 498
3 261 991 678
3 1058 498 991
3 991 298 1058
3 498 298 1058
3 498 298 991
3 991 678 1058
3 991 678 750
3 991 750 261
3 991 393 1058
3 991 678 393
3 678 393 1058
3 298 991 393
3 393 991 90
3 991 90 298
3 876 298 396
3 396 876 654
3 876 298 654
3 876 298 991
3 876 261 991
3 298 261 991
3 876 298 261
3 876 396 991
3 175 876 261
3 175 1069 876
3 876 261 1069
3 991 607 876
3 607 396 991
3 607 396 876
3 876 261 607
3 607 175 876
3 876 494 607
3 494 876 175
3 876 713 494
3 876 713 607
3 1131 175 876
3 876 396 1131
3 396 175 876
3 1131 396 175
3 876 494 1131
3 876 154 396
3 1002 154 876
3 1002 876 396
3 876 154 1131
3 494 154 1131
3 494 154 876
3 170 1066 530
3 170 1172 530
3 1172 1066 170
3 1172 530 1066
3 1102 170 530
3 1066 530 1102
3 1066 170 1102
3 374 170 530
3 1102 374 530
3 374 170 1102
3 1172 530 374
3 374 170 1172
3 374 530 832
3 374 805 530
3 832 805 530
3 787 1066 1020
3 787 238 1020
3 787 238 1066
3 1066 1020 238
3 1066 1020 1102
3 1020 1066 530
3 1020 530 1102
3 598 414 899
3 727 598 899
3 727 414 598
3 598 899 601
3 598 360 601
3 601 360 899
3 598 360 899
3 1143 598 601
3 1143 598 899
3 1097 598 601
3 1143 598 1097
3 1143 1097 601
3 1097 598 360
3 189 253 636
3 636 295 253
3 189 295 253
3 164 636 253
3 164 928 253
3 164 928 636
3 636 253 928
3 636 253 1074
3 1074 164 253
3 1074 189 253
3 290 253 189
3 290 253 1074
3 977 189 253
3 290 253 977
3 906 253 1074
3 290 253 906
3 878 383 640
3 383 321 640
3 383 878 321
3 878 321 640
3 878 383 195
3 383 195 640
3 195 383 335
3 383 878 335
3 383 321 826
3 503 383 826
3 503 383 321
3 383 195 418
3 383 826 418
3 383 195 826
3 418 195 826
3 1062 383 195
3 1062 383 418
3 771 383 1062
3 771 383 195
3 786 715 818
3 818 304 786
3 715 304 786
3 715 304 818
3 356 818 715
3 786 356 818
3 715 818 367
3 356 818 367
3 356 663 718
3 356 818 718
3 356 818 663
3 818 663 718
3 631 264 1127
3 631 575 1127
3 575 264 631
3 575 264 1127
3 631 20 1127
3 20 631 264
3 1127 143 631
3 143 20 631
3 1127 20 143
3 575 631 143
3 1109 631 20
3 1109 631 264
3 631 575 879
3 879 143 631
3 631 112 879
3 631 112 575
3 631 43 879
3 631 43 143
3 631 879 1169
3 631 20 1169
3 631 20 879
3 879 20 1169
3 631 43 1169
3 143 1172 631
3 631 43 1172
3 628 652 1127
3 628 56 1127
3 652 56 1127
3 628 56 652
3 628 16 1127
3 628 16 652
3 628 264 1127
3 628 264 16
3 264 16 1127
3 56 628 264
3 628 16 279
3 16 652 279
3 652 279 628
3 904 264 628
3 904 628 56
3 1080 16 279
3 1080 16 628
3 279 1080 628
3 131 1110 265
3 1110 265 292
3 292 131 265
3 857 827 806
3 806 1092 857
3 1092 827 806
3 1092 827 857
3 857 827 846
3 846 806 857
3 828 116 846
3 857 828 846
3 828 857 116
3 857 116 846
3 828 116 1081
3 1081 846 116
3 828 1081 846
3 645 333 1081
3 828 645 1081
3 828 333 1081
3 828 333 645
3 1081 104 333
3 645 104 1081
3 362 104 1081
3 333 1081 362
3 629 259 669
3 333 259 629
3 669 259 333
3 259 952 453
3 259 629 453
3 952 629 259
3 952 629 453
3 296 259 453
3 453 952 296
3 296 259 952
3 669 259 453
3 669 259 296
3 669 296 453
3 677 737 152
3 737 677 1057
3 1057 152 737
3 446 737 677
3 446 152 737
3 737 612 1057
3 737 612 677
3 677 612 1057
3 446 407 737
3 737 677 407
3 152 737 838
3 737 838 351
3 737 351 152
3 737 838 446
3 410 653 448
3 653 448 816
3 816 410 448
3 10 577 419
3 10 910 419
3 910 577 10
3 577 419 910
3 1152 10 419
3 577 419 1152
3 775 10 419
3 419 1152 775
3 775 10 1152
3 910 419 775
3 910 419 756
3 775 756 419
3 910 419 440
3 440 419 756
3 1152 35 419
3 756 35 419
3 1152 35 756
3 419 1152 756
3 810 419 1152
3 35 810 419
3 419 230 1152
3 419 230 810
3 37 921 243
3 926 243 921
3 926 921 37
3 747 243 921
3 921 274 747
3 274 243 747
3 274 921 243
3 747 37 921
3 183 921 274
3 921 274 1085
3 183 1085 921
3 1070 747 921
3 1070 37 747
3 921 37 1070
3 921 274 1070
3 1070 183 921
3 921 233 183
3 921 233 1070
3 1070 183 233
3 1039 183 921
3 921 37 1039
3 183 37 921
3 1039 37 183
3 921 233 1039
3 364 233 1070
3 921 364 1070
3 921 364 233
3 921 121 1039
3 233 921 121
3 233 121 1039
3 37 921 121
3 1039 37 121
3 37 1160 121
3 1160 921 37
3 1160 121 921
3 903 189 860
3 860 295 903
3 295 189 903
3 977 903 860
3 977 189 903
3 903 87 860
3 860 903 900
3 900 903 87
3 173 95 688
3 173 95 1105
3 1105 95 688
3 95 1086 226
3 95 808 226
3 1086 808 95
3 1086 808 226
3 173 95 1086
3 173 95 226
3 1086 688 95
3 1129 95 1086
3 1129 95 688
3 1129 186 95
3 186 95 1086
3 95 688 112
3 95 808 112
3 808 112 688
3 95 808 688
3 1129 95 112
3 808 95 879
3 1169 95 879
3 808 95 1169
3 879 95 112
3 1129 879 112
3 1129 95 879
3 954 80 1149
3 954 580 1149
3 580 80 1149
3 580 954 80
3 954 80 161
3 954 161 1149
3 1120 80 954
3 1120 954 161
3 1149 301 954
3 301 161 954
3 301 161 1149
3 580 954 301
3 615 301 954
3 954 580 615
3 954 47 615
3 954 47 301
3 1194 615 954
3 954 161 1194
3 615 161 1194
3 615 161 954
3 954 47 1194
3 951 47 954
3 954 951 301
3 954 176 1194
3 176 47 1194
3 176 47 954
3 161 954 176
3 744 176 954
3 161 954 744
3 25 955 332
3 1121 332 955
3 1121 955 25
3 569 332 955
3 569 583 955
3 583 955 332
3 569 332 583
3 569 25 955
3 25 955 177
3 958 177 955
3 958 955 25
3 1199 429 955
3 955 25 1199
3 429 25 955
3 1199 25 429
3 955 224 1199
3 1199 429 224
3 955 224 429
3 955 177 1199
3 224 177 955
3 224 177 1199
3 988 78 420
3 588 420 988
3 78 420 588
3 1177 420 988
3 420 1177 78
3 988 94 420
3 428 94 420
3 988 428 94
3 988 428 420
3 94 588 420
3 78 662 420
3 588 662 420
3 420 274 1177
3 420 274 988
3 94 1015 420
3 1015 420 588
3 94 1015 588
3 428 420 1015
3 420 4 428
3 1015 420 4
3 428 420 918
3 630 918 420
3 428 420 630
3 19 683 536
3 683 536 1167
3 1167 19 683
3 683 630 19
3 683 536 630
3 1167 495 683
3 495 415 683
3 1167 495 415
3 683 415 1167
3 495 536 683
3 1187 683 1167
3 1187 683 19
3 1167 19 1187
3 1167 268 1187
3 683 1187 268
3 683 268 1167
3 938 415 793
3 495 415 793
3 793 495 938
3 938 495 415
3 793 534 938
3 415 534 793
3 938 415 534
3 53 793 534
3 938 53 793
3 793 683 415
3 415 683 534
3 793 683 534
3 495 793 683
3 793 853 534
3 53 853 793
3 902 793 938
3 793 902 53
3 683 536 793
3 495 793 536
3 793 902 312
3 793 312 938
3 937 53 793
3 793 495 937
3 495 53 793
3 937 495 53
3 902 793 937
3 937 53 902
3 793 456 495
3 1111 456 495
3 1111 456 793
3 1111 793 495
3 793 456 937
3 902 456 937
3 902 793 456
3 456 937 495
3 19 630 329
3 19 1187 329
3 1187 630 329
3 1187 630 19
3 630 329 1171
3 1171 19 329
3 918 630 329
3 918 329 1171
3 856 329 1171
3 856 329 15
3 329 15 1171
3 651 205 918
3 918 205 1171
3 1171 205 651
3 572 205 1177
3 572 338 1177
3 338 205 1177
3 572 338 205
3 651 205 642
3 572 205 642
3 651 572 642
3 572 205 651
3 205 918 642
3 572 205 369
3 1177 369 205
3 1177 369 572
3 205 369 642
3 205 918 369
3 642 918 369
3 205 78 1177
3 205 78 369
3 205 1177 420
3 205 918 420
3 1177 918 420
3 1177 918 205
3 205 78 420
3 1124 78 205
3 1124 205 369
3 428 205 420
3 428 78 420
3 428 205 78
3 428 205 918
3 205 428 142
3 205 142 918
3 237 602 969
3 969 661 237
3 237 661 602
3 969 661 602
3 34 969 602
3 807 602 969
3 969 807 34
3 969 602 868
3 868 34 969
3 868 237 602
3 868 237 969
3 913 969 34
3 868 34 913
3 868 969 913
3 234 913 969
3 234 34 969
3 234 34 913
3 969 886 234
3 913 886 234
3 913 969 886
3 741 486 1140
3 661 486 741
3 661 486 1140
3 355 1140 486
3 355 666 486
3 666 1140 486
3 355 1140 666
3 741 355 486
3 516 355 486
3 516 355 741
3 486 741 516
3 666 486 516
3 741 486 1022
3 741 194 486
3 741 194 1022
3 194 1022 486
3 1022 162 741
3 486 162 1022
3 486 162 741
3 812 115 883
3 812 115 458
3 458 115 883
3 692 115 1036
3 86 115 692
3 1036 86 115
3 812 115 670
3 692 115 670
3 670 812 692
3 812 115 692
3 115 883 670
3 115 1036 670
3 1036 883 115
3 1036 883 670
3 893 883 115
3 893 86 115
3 893 883 86
3 883 86 115
3 579 115 883
3 579 115 893
3 740 115 883
3 740 579 115
3 1111 456 5
3 495 5 1111
3 495 5 456
3 1166 5 1111
3 1166 5 456
3 5 1111 536
3 536 408 5
3 1111 536 408
3 1111 408 5
3 495 5 536
3 495 5 937
3 937 5 456
3 155 5 1111
3 1166 155 5
3 5 456 767
3 767 408 5
3 767 456 408
3 456 408 5
3 1166 5 767
3 1168 5 536
3 1168 495 536
3 1168 5 495
3 408 5 1168
3 824 240 985
3 985 35 240
3 985 35 824
3 985 86 468
3 893 86 468
3 468 985 893
3 985 86 893
3 985 29 240
3 985 29 824
3 240 1155 985
3 985 1155 35
3 1085 240 985
3 985 468 1085
3 1085 240 468
3 468 240 985
3 985 29 1085
3 985 183 1085
3 183 29 1085
3 183 29 985
3 985 183 468
3 1039 183 985
3 1039 985 468
3 973 756 824
3 756 35 824
3 973 35 824
3 756 973 35
3 973 756 440
3 973 194 440
3 973 756 194
3 756 194 440
3 756 440 824
3 824 440 973
3 973 194 486
3 973 741 486
3 973 194 741
3 666 486 973
3 824 666 973
3 824 486 973
3 666 824 486
3 973 516 666
3 973 516 486
3 666 29 973
3 516 29 666
3 516 973 29
3 973 29 824
3 985 29 973
3 985 973 824
3 627 18 703
3 703 140 627
3 140 18 627
3 140 703 18
3 627 38 140
3 627 38 1161
3 1161 140 627
3 1156 38 627
3 140 1156 627
3 1161 478 627
3 478 18 627
3 1161 18 478
3 627 18 1161
3 627 38 478
3 680 514 1026
3 680 568 1026
3 568 514 680
3 720 18 680
3 680 1026 720
3 1026 18 680
3 1026 18 720
3 680 561 720
3 561 680 18
3 720 18 561
3 680 514 720
3 561 680 514
3 561 514 720
3 745 680 1026
3 1026 490 680
3 490 745 680
3 745 974 680
3 974 680 1026
3 934 294 682
3 934 447 682
3 447 294 934
3 561 294 934
3 934 18 561
3 934 294 18
3 294 18 561
3 682 561 934
3 680 561 934
3 682 680 934
3 680 682 561
3 934 18 680
3 934 490 680
3 680 1026 934
3 1026 490 934
3 351 152 934
3 351 490 934
3 490 152 934
3 351 152 490
3 934 152 682
3 682 351 934
3 1057 934 682
3 1057 152 934
3 579 268 397
3 397 233 579
3 579 233 268
3 268 233 397
3 1136 397 579
3 397 1136 268
3 893 397 579
3 1136 893 579
3 1136 893 397
3 893 397 233
3 1039 397 893
3 1039 397 233
3 1070 397 233
3 364 233 397
3 364 1070 397
3 397 183 233
3 1070 397 183
3 956 268 1136
3 956 270 1136
3 270 268 956
3 270 268 1136
3 956 268 397
3 1136 397 956
3 956 364 1139
3 956 138 1139
3 364 138 1139
3 956 364 138
3 956 364 397
3 956 364 233
3 397 233 956
3 182 1093 593
3 548 182 1093
3 548 182 593
3 182 476 593
3 593 476 1093
3 182 1093 476
3 208 182 1093
3 548 208 182
3 1093 139 182
3 753 139 182
3 182 1093 753
3 753 1093 139
3 777 182 1093
3 139 777 182
3 777 139 1093
3 777 527 1093
3 527 182 777
3 527 182 1093
3 70 972 540
3 972 739 70
3 972 540 739
3 431 540 972
3 431 235 972
3 972 540 235
3 431 235 540
3 359 540 972
3 431 359 972
3 359 70 972
3 742 972 70
3 246 742 972
3 246 70 972
3 359 972 742
3 972 568 742
3 972 568 359
3 972 413 246
3 742 972 413
3 742 413 246
3 970 246 972
3 246 970 70
3 970 70 972
3 413 246 970
3 413 616 970
3 413 246 616
3 970 616 246
3 972 413 970
3 970 431 235
3 235 949 970
3 949 970 431
3 949 431 235
3 970 431 972
3 972 235 970
3 869 413 970
3 869 413 972
3 972 869 970
3 970 616 869
3 970 359 431
3 970 359 972
3 776 337 590
3 590 776 671
3 776 337 671
3 776 323 400
3 776 323 911
3 911 400 776
3 709 400 776
3 709 590 776
3 590 709 400
3 590 400 776
3 776 323 709
3 709 400 323
3 776 762 911
3 776 323 762
3 709 341 776
3 341 323 776
3 341 323 709
3 776 341 590
3 1037 776 590
3 1037 341 776
3 337 929 590
3 590 282 929
3 929 282 337
3 528 929 911
3 911 929 248
3 528 248 929
3 776 590 929
3 776 911 929
3 776 590 911
3 911 590 929
3 776 337 929
3 337 929 593
3 929 593 520
3 337 929 520
3 548 528 929
3 548 337 929
3 528 337 929
3 528 337 548
3 548 619 929
3 929 619 528
3 929 593 548
3 929 593 619
3 619 593 548
3 1130 210 823
3 1130 210 239
3 823 239 1130
3 823 474 1130
3 474 467 1130
3 823 467 1130
3 474 467 823
3 1130 210 474
3 1130 1154 210
3 239 1154 1130
3 474 85 1130
3 210 85 474
3 1130 85 210
3 1130 85 467
3 859 256 794
3 794 22 859
3 859 256 22
3 256 22 794
3 794 605 859
3 794 605 256
3 794 608 859
3 608 605 859
3 608 605 794
3 22 794 608
3 256 794 732
3 256 749 732
3 794 749 732
3 794 749 256
3 794 992 608
3 992 794 22
3 22 794 391
3 794 391 768
3 22 794 768
3 794 391 1045
3 794 732 1045
3 794 732 391
3 732 391 1045
3 794 22 1045
3 256 147 794
3 794 732 147
3 256 147 732
3 256 147 605
3 147 794 605
3 1045 147 732
3 1045 147 389
3 147 732 389
3 1045 147 794
3 147 1045 22
3 147 22 794
3 754 700 1072
3 1072 84 700
3 754 700 84
3 700 51 214
3 1096 700 214
3 1096 700 51
3 700 196 1072
3 700 754 196
3 84 700 139
3 700 139 1072
3 214 700 473
3 705 473 700
3 705 700 214
3 762 564 862
3 564 511 862
3 762 564 511
3 762 511 862
3 862 464 564
3 862 464 762
3 862 570 564
3 570 464 564
3 862 570 464
3 511 862 570
3 762 514 862
3 862 464 514
3 570 862 74
3 862 74 511
3 862 123 762
3 862 123 514
3 862 720 464
3 862 720 514
3 862 123 911
3 762 911 862
3 568 514 862
3 568 511 862
3 568 514 511
3 514 511 862
3 862 123 568
3 862 359 511
3 431 862 359
3 862 431 511
3 568 359 862
3 359 123 862
3 359 123 568
3 77 1174 673
3 1174 673 888
3 1174 888 77
3 1174 673 1055
3 1055 4 1174
3 673 4 1055
3 673 4 1174
3 1174 673 201
3 201 77 1174
3 1055 201 1174
3 387 1174 77
3 201 1174 387
3 1174 387 1052
3 1052 77 1174
3 84 754 273
3 84 1178 273
3 84 1178 754
3 754 273 1178
3 382 325 1178
3 1178 119 382
3 1178 119 325
3 1178 368 382
3 325 1178 368
3 777 382 1178
3 777 84 1178
3 777 382 84
3 382 84 1178
3 1178 368 777
3 368 382 777
3 439 1178 368
3 1178 439 325
3 777 139 1178
3 368 139 1178
3 368 139 777
3 84 1178 139
3 700 139 1178
3 84 1178 700
3 850 84 754
3 754 273 850
3 850 84 273
3 754 700 850
3 700 51 850
3 754 700 51
3 754 51 850
3 850 84 700
3 754 850 982
3 982 850 273
3 754 273 982
3 700 214 850
3 214 84 700
3 214 850 84
3 51 850 214
3 754 430 982
3 754 430 850
3 850 430 982
3 920 273 850
3 850 51 920
3 273 51 850
3 273 920 51
3 982 850 920
3 850 214 749
3 51 850 749
3 51 850 213
3 51 780 213
3 51 850 780
3 780 850 213
3 850 213 920
3 982 213 850
3 920 213 982
3 920 51 213
3 587 439 944
3 439 587 286
3 587 286 944
3 587 439 325
3 587 119 325
3 587 439 119
3 439 119 325
3 944 325 587
3 191 76 417
3 997 191 417
3 997 76 417
3 191 76 997
3 1125 58 452
3 1125 58 149
3 1125 149 452
3 752 58 1125
3 1125 81 752
3 81 58 752
3 1125 58 81
3 752 452 1125
3 1125 613 809
3 809 380 1125
3 1125 380 613
3 809 752 1125
3 809 452 752
3 809 452 1125
3 1125 81 809
3 1125 131 452
3 452 1125 875
3 875 1125 131
3 1050 277 384
3 1159 277 1050
3 1159 1050 384
3 429 632 583
3 429 955 583
3 955 632 583
3 955 632 429
3 313 63 1076
3 1076 286 313
3 286 63 313
3 286 1076 63
3 1076 63 605
3 605 313 1076
3 859 63 1076
3 605 1076 859
3 944 313 1076
3 605 313 944
3 944 605 1076
3 1076 286 944
3 89 1076 286
3 1006 286 1076
3 1076 1006 89
3 944 89 1076
3 1076 147 605
3 1076 256 605
3 256 147 1076
3 1130 529 823
3 729 529 823
3 823 729 1130
3 1130 529 729
3 1130 529 239
3 823 239 529
3 529 381 587
3 944 529 587
3 944 381 587
3 529 381 944
3 239 1154 381
3 239 529 381
3 1154 381 529
3 239 1154 529
3 1087 239 1154
3 1087 113 1154
3 239 113 1087
3 239 113 1154
3 1087 381 1154
3 1087 239 381
3 113 1087 82
3 1126 82 1087
3 1087 113 1126
3 1154 82 1087
3 381 82 1087
3 1154 381 82
3 1087 3 82
3 1087 3 1126
3 1185 3 1087
3 82 1185 1087
3 1126 1031 1087
3 1031 381 1087
3 1087 381 1126
3 1126 381 1031
3 1087 3 1031
3 1087 119 381
3 587 119 381
3 587 119 1087
3 381 1087 587
3 1031 119 1087
3 119 1087 3
3 119 3 1031
3 119 1031 381
3 308 27 1148
3 308 882 1148
3 308 27 882
3 1148 27 882
3 460 308 27
3 1148 27 460
3 460 308 1148
3 13 1165 82
3 1165 82 1154
3 13 1165 1154
3 1165 82 1185
3 1165 118 1185
3 118 82 1185
3 1165 82 118
3 1165 13 1185
3 1165 118 896
3 1165 118 941
3 1165 941 896
3 1185 386 1165
3 386 13 1165
3 386 13 1185
3 1165 118 386
3 896 386 1165
3 1165 378 386
3 1165 378 896
3 1165 1160 378
3 1165 1160 386
3 896 695 1165
3 695 13 1165
3 896 13 695
3 896 13 1165
3 1165 378 695
3 13 1165 180
3 979 180 1165
3 13 1165 979
3 695 180 1165
3 378 180 1165
3 378 180 695
3 905 439 192
3 1104 192 905
3 1104 192 439
3 313 192 905
3 313 192 439
3 905 146 192
3 1003 146 192
3 192 1003 905
3 1003 146 905
3 146 1104 192
3 325 192 439
3 1104 325 192
3 834 192 313
3 834 192 905
3 192 439 286
3 192 1003 286
3 439 1003 286
3 192 1003 439
3 313 192 286
3 743 192 1003
3 192 138 743
3 192 138 1003
3 743 192 286
3 286 743 313
3 313 192 743
3 427 301 685
3 1149 301 427
3 685 427 1149
3 427 295 903
3 427 860 295
3 860 427 903
3 427 301 951
3 427 295 951
3 301 295 951
3 301 295 427
3 951 685 427
3 1052 92 1082
3 1052 21 1082
3 92 21 1082
3 92 21 1052
3 1082 897 92
3 1082 897 1052
3 237 1082 897
3 237 92 1082
3 1082 661 237
3 1082 897 661
3 602 1082 237
3 92 1082 602
3 868 237 1082
3 868 21 1082
3 237 21 1082
3 868 21 237
3 1082 602 868
3 1082 989 602
3 1082 989 92
3 1082 14 21
3 810 14 21
3 21 1082 810
3 810 14 1082
3 1052 14 1082
3 14 1052 21
3 810 14 1155
3 810 240 14
3 240 14 1155
3 897 14 1082
3 897 14 1052
3 1052 14 1174
3 387 14 1052
3 387 14 1174
3 580 1149 842
3 580 983 842
3 1149 983 580
3 1149 983 842
3 842 1149 685
3 685 580 842
3 87 148 1046
3 1046 148 976
3 976 87 1046
3 1182 218 50
3 597 50 218
3 597 50 1182
3 660 50 1180
3 1180 270 660
3 270 50 660
3 1180 50 270
3 1054 50 218
3 1054 50 1182
3 1044 50 218
3 597 1044 50
3 50 218 672
3 672 660 50
3 50 660 218
3 672 660 218
3 1054 50 672
3 1046 445 976
3 926 445 976
3 1046 926 445
3 976 926 1046
3 1046 445 999
3 999 65 1046
3 1046 445 65
3 445 65 999
3 916 468 985
3 916 824 985
3 824 468 916
3 824 468 985
3 916 86 985
3 86 916 468
3 756 916 824
3 756 440 916
3 824 916 440
3 985 35 916
3 985 86 35
3 86 35 916
3 916 824 35
3 756 35 916
3 916 419 756
3 35 916 419
3 775 756 916
3 775 86 916
3 756 86 775
3 756 86 916
3 916 419 775
3 916 810 419
3 916 810 35
3 775 692 916
3 692 419 775
3 916 419 692
3 86 916 692
3 692 115 916
3 86 916 115
3 784 581 1032
3 581 521 1032
3 784 581 521
3 784 521 1032
3 1032 6 581
3 1032 6 784
3 581 545 1032
3 545 6 581
3 545 1032 6
3 521 1032 545
3 1032 6 394
3 784 394 1032
3 545 1032 543
3 521 1032 543
3 647 6 1032
3 1032 647 394
3 394 365 1032
3 521 365 1032
3 521 394 1032
3 521 365 394
3 1147 304 539
3 784 539 1147
3 304 784 539
3 818 304 539
3 1147 304 818
3 539 1147 818
3 784 581 539
3 581 539 1147
3 995 539 1147
3 1147 1 539
3 1 995 539
3 780 749 925
3 749 732 925
3 780 732 749
3 780 732 925
3 925 51 749
3 925 51 780
3 749 256 925
3 256 51 749
3 925 256 51
3 925 256 732
3 925 51 213
3 780 213 925
3 256 925 147
3 925 147 732
3 925 51 920
3 925 920 213
3 925 732 964
3 964 213 925
3 732 213 964
3 732 213 925
3 925 128 732
3 925 128 964
3 1045 925 732
3 1045 128 925
3 1096 375 617
3 524 375 617
3 1096 524 617
3 1096 375 524
3 375 780 617
3 780 375 1096
3 375 1108 617
3 1108 617 780
3 1108 780 375
3 524 375 1108
3 524 617 1108
3 375 1096 51
3 375 51 780
3 524 375 968
3 968 1108 375
3 524 940 375
3 940 375 968
3 1196 375 1108
3 1196 375 968
3 375 30 1108
3 1196 30 375
3 968 433 940
3 433 26 940
3 968 26 940
3 433 968 26
3 433 17 940
3 968 433 17
3 433 997 940
3 997 940 17
3 433 17 997
3 26 940 997
3 433 26 997
3 758 433 17
3 433 17 1100
3 758 433 1100
3 1184 433 17
3 1184 758 433
3 997 940 1005
3 997 88 1005
3 997 940 88
3 940 88 1005
3 1005 26 997
3 1005 26 940
3 997 417 1005
3 417 26 997
3 1005 417 26
3 88 1005 417
3 1005 26 59
3 940 59 1005
3 1005 417 1024
3 1024 1005 88
3 1002 26 1005
3 1005 1002 59
3 1005 247 940
3 247 1005 59
3 1005 968 247
3 1005 968 940
3 996 59 1005
3 996 88 1005
3 88 59 996
3 88 59 1005
3 1005 247 996
3 88 1005 638
3 638 250 1005
3 88 1005 250
3 996 638 1005
3 638 247 996
3 638 247 1005
3 773 85 467
3 773 85 923
3 923 467 773
3 1130 85 773
3 467 1130 773
3 578 48 773
3 467 48 773
3 578 48 467
3 578 467 773
3 923 114 773
3 578 114 773
3 923 578 114
3 773 578 923
3 773 85 114
3 578 773 655
3 773 655 48
3 114 882 773
3 882 85 114
3 882 773 85
3 882 773 578
3 773 1195 655
3 1195 773 578
3 103 1091 120
3 103 923 120
3 1091 120 923
3 1091 923 103
3 990 103 120
3 990 103 1091
3 923 103 1157
3 103 923 241
3 1157 103 241
3 103 85 923
3 103 1157 85
3 1010 85 691
3 1157 1010 691
3 1157 85 1010
3 474 85 1010
3 474 525 1010
3 474 85 525
3 525 85 1010
3 691 474 1010
3 1010 525 826
3 525 503 826
3 826 503 1010
3 1010 503 525
3 474 418 1010
3 691 418 1010
3 474 691 418
3 525 1010 418
3 826 418 1010
3 826 418 525
3 1010 383 418
3 1010 383 826
3 418 1062 1010
3 1010 383 1062
3 1010 184 691
3 546 184 691
3 1010 546 691
3 1010 184 546
3 1079 288 389
3 1079 128 389
3 288 128 1079
3 746 389 1079
3 746 288 1079
3 746 193 1079
3 389 193 746
3 389 193 1079
3 1079 147 389
3 389 1079 1045
3 1045 147 1079
3 860 151 87
3 860 441 151
3 441 151 87
3 860 151 903
3 151 130 903
3 151 860 130
3 860 130 903
3 151 87 903
3 1046 151 87
3 151 148 1046
3 87 151 148
3 582 114 546
3 691 582 546
3 582 114 691
3 582 546 882
3 582 114 882
3 582 1148 882
3 1148 546 882
3 582 546 1148
3 582 508 1148
3 508 460 1148
3 508 582 460
3 582 460 1148
3 760 234 759
3 760 759 886
3 234 886 759
3 645 234 759
3 645 234 760
3 760 645 759
3 1081 759 828
3 645 759 1081
3 828 645 759
3 828 116 759
3 760 116 759
3 760 116 828
3 828 760 759
3 116 1081 759
3 645 104 759
3 759 104 1081
3 961 211 424
3 626 211 424
3 424 961 626
3 626 211 961
3 145 211 626
3 506 626 211
3 145 506 211
3 645 336 913
3 645 234 913
3 336 234 913
3 645 336 234
3 1029 336 577
3 336 10 577
3 1029 10 336
3 104 645 336
3 104 1029 336
3 645 336 1029
3 1029 645 104
3 913 104 336
3 645 104 913
3 1029 336 407
3 577 407 336
3 407 104 336
3 336 913 407
3 913 104 407
3 891 336 407
3 891 336 577
3 446 891 336
3 446 336 407
3 868 336 913
3 336 34 868
3 336 34 913
3 633 469 1073
3 633 197 1073
3 633 197 469
3 469 197 1073
3 572 469 1094
3 1094 469 642
3 572 469 642
3 1073 960 469
3 633 960 1073
3 633 469 960
3 701 469 960
3 701 469 1073
3 469 423 960
3 469 701 423
3 1073 338 469
3 572 338 469
3 1073 572 469
3 572 338 1073
3 338 701 469
3 572 469 1177
3 469 369 572
3 469 369 1177
3 338 1177 469
3 701 469 1177
3 338 1177 701
3 1018 303 462
3 462 1018 584
3 1018 303 584
3 394 1018 500
3 394 365 1018
3 1018 500 365
3 1018 647 394
3 1018 500 647
3 1018 1032 394
3 365 1018 1032
3 784 394 1018
3 784 462 1018
3 462 394 784
3 462 394 1018
3 784 1032 1018
3 784 304 1018
3 784 304 1032
3 1032 304 1018
3 1018 304 462
3 885 1018 304
3 462 1018 885
3 841 500 611
3 611 426 841
3 500 841 426
3 1073 841 633
3 960 1073 841
3 960 841 633
3 611 197 841
3 633 197 841
3 633 611 841
3 633 197 611
3 197 817 841
3 817 841 611
3 197 1073 841
3 197 1073 817
3 1073 817 841
3 945 172 465
3 1011 945 465
3 1011 945 172
3 945 348 820
3 820 238 945
3 945 348 238
3 820 1028 945
3 1028 348 945
3 945 566 820
3 238 945 566
3 890 820 945
3 890 465 945
3 820 890 465
3 820 465 945
3 945 566 890
3 787 566 945
3 945 787 238
3 890 79 945
3 566 79 890
3 945 79 566
3 945 79 465
3 206 79 945
3 945 206 465
3 585 492 835
3 585 492 348
3 492 348 835
3 835 348 585
3 492 442 835
3 585 442 492
3 585 442 835
3 488 285 835
3 585 488 835
3 585 488 285
3 585 285 835
3 572 542 1094
3 542 171 572
3 542 171 1094
3 469 572 542
3 469 960 542
3 960 542 572
3 960 572 469
3 1094 469 542
3 633 469 542
3 542 1094 633
3 633 469 1094
3 960 542 633
3 803 542 1094
3 542 1094 693
3 803 542 693
3 542 209 1094
3 803 542 209
3 877 97 919
3 281 97 919
3 877 97 281
3 1009 97 930
3 1009 543 97
3 543 97 930
3 919 97 1061
3 770 97 1061
3 770 97 919
3 1061 97 401
3 1009 97 401
3 401 1061 1009
3 1009 97 1061
3 97 919 401
3 907 722 555
3 907 249 555
3 722 249 555
3 907 249 722
3 825 124 502
3 825 124 863
3 863 825 502
3 97 825 401
3 825 401 919
3 97 919 825
3 324 124 825
3 324 401 825
3 825 124 401
3 324 124 401
3 502 324 825
3 825 401 1009
3 1009 97 825
3 1009 324 825
3 1009 502 324
3 825 502 1009
3 930 825 1009
3 930 825 97
3 825 591 930
3 825 591 1009
3 825 249 502
3 907 249 502
3 907 825 249
3 907 825 502
3 912 45 335
3 335 912 406
3 912 45 406
3 912 45 1008
3 912 829 1008
3 829 45 912
3 829 45 1008
3 912 335 1008
3 598 912 829
3 598 360 829
3 598 360 912
3 912 829 360
3 1008 414 912
3 414 335 912
3 414 335 1008
3 829 912 414
3 598 414 912
3 598 414 829
3 414 912 899
3 912 899 598
3 912 885 414
3 899 912 885
3 1143 598 912
3 912 335 1143
3 1143 335 598
3 598 335 912
3 912 899 1143
3 912 41 335
3 912 195 335
3 195 41 912
3 912 41 1143
3 899 41 912
3 899 41 1143
3 615 412 813
3 813 412 47
3 412 47 615
3 412 199 339
3 412 199 1083
3 339 1083 412
3 813 412 1071
3 412 199 1071
3 813 199 1071
3 412 813 199
3 1071 615 412
3 412 199 1117
3 1117 339 412
3 412 1117 1071
3 1117 1071 615
3 1117 615 412
3 1049 412 339
3 1049 412 1117
3 983 339 412
3 983 615 412
3 983 615 339
3 615 339 412
3 1049 412 983
3 1049 60 412
3 412 60 1117
3 580 412 983
3 983 580 1049
3 1049 412 580
3 580 412 615
3 954 580 412
3 615 412 954
3 23 1186 223
3 23 995 223
3 1186 995 223
3 23 1186 995
3 871 223 1186
3 871 23 223
3 223 221 871
3 223 221 1186
3 1035 23 223
3 871 23 1035
3 1035 871 223
3 995 223 1035
3 995 223 1147
3 539 223 1147
3 539 223 995
3 1147 1035 223
3 581 223 1035
3 581 223 1147
3 581 316 223
3 316 223 1035
3 1147 6 223
3 871 6 223
3 1147 6 871
3 1147 871 223
3 6 581 223
3 871 223 1133
3 1133 676 223
3 676 223 871
3 6 1133 223
3 6 1133 581
3 1133 223 581
3 1102 331 1066
3 1102 331 170
3 331 170 1066
3 1 1102 331
3 1 995 331
3 1102 995 1
3 995 331 1102
3 1102 331 1020
3 1066 1020 331
3 1020 1 331
3 1020 1 1102
3 787 331 1066
3 7 787 331
3 1066 7 331
3 787 331 1020
3 7 1113 331
3 7 1113 787
3 787 331 1113
3 16 1144 143
3 1144 143 1127
3 16 1144 1127
3 1144 374 832
3 1144 374 711
3 832 711 1144
3 1144 143 1172
3 1144 374 1172
3 374 143 1172
3 1144 143 374
3 1144 16 1172
3 1144 374 530
3 832 530 1144
3 1172 530 1144
3 530 16 1172
3 530 16 1144
3 1144 318 832
3 1144 318 530
3 318 832 530
3 1080 832 1144
3 1080 16 1144
3 832 16 1080
3 832 16 1144
3 1144 318 1080
3 1102 318 530
3 1144 1102 530
3 1144 1102 318
3 1080 279 1144
3 318 1144 279
3 318 279 1080
3 16 1144 279
3 16 1144 652
3 652 1144 279
3 345 470 710
3 710 377 470
3 470 377 345
3 470 282 849
3 520 282 470
3 520 470 849
3 710 470 1041
3 1041 345 470
3 470 282 39
3 39 710 470
3 710 282 39
3 710 470 282
3 849 39 470
3 1041 39 470
3 849 39 1041
3 1041 849 470
3 481 470 345
3 481 470 1041
3 345 101 470
3 849 101 470
3 345 849 101
3 849 345 470
3 101 481 470
3 476 470 849
3 593 476 849
3 593 470 849
3 593 476 470
3 101 476 470
3 481 470 476
3 481 476 101
3 476 101 849
3 1072 624 753
3 654 624 753
3 654 624 1072
3 624 214 473
3 473 624 551
3 551 624 214
3 753 139 624
3 139 624 1072
3 624 214 700
3 1072 624 700
3 700 214 1072
3 1072 214 624
3 624 473 700
3 624 182 753
3 139 624 182
3 700 139 624
3 700 139 473
3 473 139 624
3 753 476 624
3 476 473 624
3 753 476 473
3 624 473 753
3 624 182 476
3 753 476 182
3 624 182 777
3 139 777 624
3 476 101 624
3 624 101 182
3 182 101 476
3 624 101 473
3 624 101 963
3 963 624 473
3 937 53 764
3 703 53 764
3 937 703 53
3 764 703 937
3 53 902 764
3 902 764 937
3 53 853 764
3 902 853 53
3 902 764 853
3 853 764 703
3 720 764 902
3 937 720 764
3 853 764 12
3 764 12 703
3 764 902 514
3 720 514 764
3 764 561 720
3 764 561 937
3 720 18 764
3 703 18 764
3 720 703 764
3 720 18 703
3 18 561 764
3 561 764 456
3 764 456 937
3 764 627 18
3 18 627 561
3 764 561 627
3 764 627 703
3 1063 95 226
3 1063 95 173
3 1063 173 226
3 808 95 1063
3 1063 62 808
3 95 1063 62
3 95 62 808
3 808 226 1063
3 105 1068 144
3 105 1053 144
3 1068 144 1053
3 1068 1053 105
3 811 105 144
3 811 105 1068
3 735 105 144
3 735 105 811
3 811 735 144
3 735 105 1053
3 811 105 1063
3 811 1068 1063
3 1068 1063 105
3 967 105 1053
3 967 105 735
3 811 226 1063
3 226 105 1063
3 811 226 105
3 1063 62 105
3 1053 62 105
3 1053 62 1063
3 1063 1053 105
3 1106 217 334
3 698 217 334
3 1106 217 698
3 334 1106 698
3 217 646 334
3 646 217 1106
3 217 1069 334
3 1069 646 334
3 1069 646 217
3 698 217 1069
3 263 217 1106
3 263 217 646
3 698 217 1030
3 1069 1030 217
3 619 217 698
3 619 217 1030
3 750 217 1069
3 750 217 1030
3 217 175 1069
3 750 217 175
3 217 1030 280
3 217 646 280
3 1030 646 217
3 646 280 1030
3 750 217 280
3 949 217 280
3 750 217 949
3 280 949 750
3 646 217 949
3 1000 69 509
3 509 74 1000
3 74 1000 69
3 74 69 509
3 812 509 1000
3 509 812 69
3 509 461 1000
3 812 461 1000
3 509 812 461
3 74 509 461
3 69 509 612
3 612 953 509
3 69 953 509
3 1122 461 509
3 1122 509 74
3 540 509 74
3 540 511 509
3 511 509 74
3 540 509 797
3 612 509 797
3 612 540 797
3 540 612 509
3 509 74 797
3 870 117 1106
3 870 334 117
3 334 117 1106
3 656 117 1180
3 310 117 1180
3 310 117 656
3 656 117 1122
3 461 117 656
3 1122 461 117
3 117 1106 263
3 117 656 263
3 1106 656 263
3 1106 656 117
3 376 117 263
3 376 117 1106
3 1122 117 263
3 1122 117 376
3 263 1122 376
3 656 449 1180
3 449 28 1180
3 656 449 28
3 1180 117 449
3 117 656 449
3 870 117 449
3 870 117 1180
3 449 1180 870
3 1182 449 870
3 1182 449 597
3 870 597 1182
3 870 597 449
3 870 0 1182
3 449 0 1182
3 449 0 870
3 597 50 449
3 1180 50 449
3 449 1180 597
3 1180 50 597
3 50 1182 449
3 50 660 449
3 1182 660 50
3 1182 660 449
3 660 449 1180
3 803 209 620
3 877 209 620
3 803 209 877
3 620 877 803
3 209 589 620
3 620 589 803
3 930 620 803
3 930 693 620
3 693 620 803
3 877 620 919
3 751 919 620
3 751 620 877
3 97 919 620
3 97 930 620
3 930 919 97
3 930 919 620
3 877 97 620
3 699 44 278
3 278 1107 699
3 1107 44 699
3 544 278 699
3 699 44 544
3 209 699 620
3 209 699 589
3 620 699 589
3 699 856 278
3 544 699 856
3 544 278 856
3 877 544 699
3 699 209 877
3 544 209 699
3 544 209 877
3 699 44 877
3 699 620 877
3 620 44 699
3 620 44 877
3 651 278 699
3 651 209 699
3 651 209 278
3 278 209 699
3 651 856 699
3 544 537 856
3 544 537 699
3 699 856 537
3 651 642 699
3 856 699 642
3 651 642 856
3 209 699 642
3 1094 699 209
3 1094 699 642
3 1191 553 800
3 795 553 800
3 1191 553 795
3 800 795 1191
3 800 163 1191
3 800 163 553
3 800 163 330
3 330 1137 800
3 1137 163 800
3 1191 330 800
3 884 800 1191
3 884 800 330
3 800 450 884
3 800 450 1191
3 346 330 800
3 795 346 800
3 795 330 346
3 795 330 800
3 346 884 800
3 800 487 795
3 800 436 487
3 800 436 795
3 800 487 346
3 884 487 346
3 884 487 800
3 782 222 302
3 782 222 1017
3 1017 782 302
3 132 782 675
3 782 675 518
3 782 518 132
3 782 222 1059
3 782 675 1059
3 782 675 222
3 675 222 1059
3 782 302 1059
3 782 675 297
3 297 132 782
3 1059 297 782
3 302 297 782
3 302 297 1059
3 1059 297 675
3 297 782 390
3 782 390 132
3 562 782 390
3 782 562 297
3 1058 132 782
3 782 302 1058
3 302 132 782
3 1058 302 132
3 782 390 1058
3 302 782 393
3 783 782 393
3 783 782 302
3 782 393 1058
3 393 390 1058
3 393 390 782
3 986 36 709
3 986 341 36
3 341 36 709
3 1063 36 226
3 986 36 226
3 986 1063 36
3 226 1063 986
3 811 36 1063
3 36 811 226
3 811 36 1153
3 1153 36 144
3 144 36 811
3 36 709 400
3 36 811 400
3 709 811 400
3 36 811 709
3 323 36 400
3 323 36 709
3 1068 36 1063
3 811 36 1068
3 1153 36 400
3 1153 36 323
3 1153 323 400
3 1108 30 1142
3 1142 524 1108
3 524 30 1108
3 524 30 1142
3 1108 107 1142
3 1142 30 107
3 1108 617 1142
3 617 107 1108
3 617 107 1142
3 1142 524 617
3 1061 30 1142
3 107 1142 1061
3 1142 524 898
3 898 617 1142
3 726 1142 524
3 898 726 1142
3 1142 204 898
3 1142 204 617
3 950 898 1142
3 950 107 1142
3 950 107 898
3 898 107 1142
3 1142 204 950
3 1142 204 1096
3 1142 1096 617
3 950 281 1142
3 281 204 950
3 1142 281 204
3 107 1142 281
3 1142 281 770
3 107 1142 770
3 827 49 531
3 1103 49 531
3 531 1103 827
3 1103 49 827
3 827 49 1173
3 1173 531 827
3 49 1173 531
3 219 1047 721
3 219 907 721
3 1047 721 907
3 1047 907 219
3 504 219 721
3 504 219 1047
3 788 219 721
3 788 504 721
3 788 219 504
3 788 219 907
3 788 219 502
3 502 219 907
3 555 219 907
3 555 219 722
3 219 907 722
3 704 127 504
3 721 127 704
3 721 704 504
3 517 127 704
3 704 141 517
3 141 704 127
3 141 127 517
3 517 504 704
3 562 220 1047
3 562 504 220
3 504 220 1047
3 562 220 297
3 675 220 297
3 675 562 297
3 562 220 675
3 220 1047 297
3 220 1059 297
3 1059 297 1047
3 1059 1047 220
3 675 220 1059
3 1059 57 220
3 57 220 675
3 1112 220 1059
3 57 220 1112
3 222 220 1059
3 222 220 1112
3 496 57 220
3 220 1047 496
3 496 1047 57
3 1047 57 220
3 496 57 1112
3 1112 220 496
3 1112 451 874
3 1112 451 496
3 496 874 451
3 451 110 874
3 451 110 1112
3 496 57 451
3 1169 57 451
3 1169 57 496
3 451 1169 496
3 57 1112 451
3 451 109 874
3 451 109 496
3 874 20 451
3 1169 20 451
3 874 20 1169
3 451 1169 874
3 20 109 451
3 20 631 451
3 20 631 109
3 451 631 109
3 631 451 1169
3 631 451 43
3 451 43 1169
3 922 316 772
3 316 922 9
3 772 9 922
3 922 815 316
3 922 815 772
3 1188 9 922
3 922 100 1188
3 100 9 922
3 100 9 1188
3 922 316 1188
3 9 922 371
3 922 371 772
3 922 276 1188
3 316 276 1188
3 316 922 276
3 1188 100 276
3 100 922 276
3 922 371 1095
3 9 1095 922
3 100 922 141
3 100 704 141
3 704 141 922
3 100 922 704
3 1173 618 827
3 806 618 827
3 1173 806 618
3 827 806 1173
3 827 49 618
3 618 1173 49
3 595 990 618
3 595 758 618
3 595 990 758
3 990 618 758
3 488 285 307
3 285 307 559
3 559 307 488
3 307 835 285
3 835 307 488
3 559 392 307
3 285 392 307
3 488 254 307
3 1092 254 307
3 488 254 1092
3 307 1092 488
3 254 559 307
3 442 285 307
3 307 1092 442
3 1092 285 307
3 1092 285 442
3 442 285 835
3 835 307 442
3 1013 212 1098
3 1013 212 479
3 479 1098 212
3 1013 398 212
3 398 212 1098
3 212 479 277
3 212 1090 277
3 212 1090 479
3 479 277 1090
3 1013 212 277
3 517 212 1098
3 517 212 479
3 1098 141 212
3 1090 141 212
3 1098 1090 141
3 1098 1090 212
3 141 517 212
3 1098 141 517
3 731 212 479
3 731 212 517
3 1113 814 66
3 1113 814 1199
3 1199 66 814
3 245 1113 814
3 245 66 814
3 66 814 224
3 66 1110 224
3 1110 224 814
3 66 1110 814
3 814 1113 177
3 814 177 1199
3 814 224 429
3 814 632 429
3 814 632 224
3 632 224 429
3 814 224 1199
3 1199 66 224
3 1199 429 814
3 31 522 371
3 522 371 1176
3 31 1176 522
3 815 522 245
3 815 111 245
3 815 522 111
3 522 111 245
3 815 522 772
3 522 371 772
3 815 371 772
3 522 815 371
3 772 245 815
3 522 245 772
3 814 522 245
3 1113 814 522
3 1113 522 245
3 958 416 1150
3 416 122 1150
3 416 122 958
3 890 416 1105
3 890 688 416
3 688 416 1105
3 1150 416 566
3 890 416 566
3 566 1150 890
3 890 1150 416
3 416 958 566
3 890 416 557
3 1105 557 416
3 416 557 566
3 566 557 958
3 416 958 557
3 1023 416 557
3 1023 416 1105
3 416 1023 291
3 416 291 557
3 1105 358 416
3 958 358 416
3 1105 958 358
3 1105 958 416
3 358 1023 416
3 958 416 1151
3 416 1151 25
3 416 25 958
3 358 1151 416
3 358 1151 1023
3 1023 416 1151
3 809 46 613
3 809 402 46
3 402 46 613
3 809 46 81
3 1184 46 81
3 81 1184 809
3 1184 46 809
3 809 46 1125
3 1125 613 46
3 46 1125 81
3 600 690 641
3 600 362 641
3 641 362 690
3 600 362 690
3 600 547 641
3 690 641 547
3 600 547 690
3 1029 600 641
3 1029 547 641
3 600 547 1029
3 1029 600 362
3 839 600 362
3 839 600 333
3 600 333 362
3 669 600 1029
3 669 600 362
3 839 600 621
3 600 526 621
3 600 839 526
3 839 526 621
3 600 362 621
3 448 181 592
3 547 181 592
3 547 448 592
3 547 181 448
3 448 181 410
3 448 653 181
3 653 181 410
3 357 819 716
3 357 822 716
3 819 716 822
3 822 819 357
3 510 357 716
3 819 716 510
3 761 357 716
3 716 510 761
3 761 357 510
3 822 716 761
3 761 357 822
3 761 513 716
3 761 513 822
3 513 716 822
3 716 440 761
3 716 440 513
3 910 716 761
3 716 440 910
3 513 194 716
3 510 194 716
3 513 194 510
3 513 510 716
3 194 440 716
3 513 194 440
3 1022 716 510
3 510 886 1022
3 886 716 510
3 1022 716 886
3 194 1022 716
3 1022 440 716
3 194 1022 440
3 510 194 1022
3 755 10 641
3 1029 10 755
3 641 1029 755
3 755 10 910
3 761 755 910
3 761 10 910
3 755 761 10
3 755 10 697
3 697 641 755
3 910 697 755
3 755 547 641
3 755 547 697
3 755 547 690
3 690 641 755
3 755 185 547
3 697 185 755
3 532 526 665
3 532 353 665
3 532 526 353
3 526 353 665
3 532 526 690
3 532 690 665
3 690 665 526
3 600 526 690
3 532 526 600
3 600 532 690
3 690 532 755
3 547 755 532
3 547 532 690
3 454 311 822
3 357 311 822
3 357 311 454
3 454 357 822
3 454 822 489
3 454 311 489
3 822 489 311
3 489 257 454
3 822 257 454
3 822 257 489
3 257 454 763
3 257 1119 454
3 763 454 1119
3 513 454 822
3 761 454 822
3 513 761 454
3 706 533 1118
3 1118 533 2
3 533 2 706
3 489 533 836
3 489 311 836
3 533 836 311
3 489 311 533
3 836 533 714
3 714 489 533
3 714 489 836
3 706 257 533
3 489 257 533
3 489 257 706
3 706 489 533
3 706 533 1119
3 257 1119 533
3 549 533 706
3 549 1119 533
3 1118 344 422
3 480 422 1118
3 480 422 344
3 858 422 1118
3 344 422 858
3 1118 344 858
3 1118 2 422
3 848 2 422
3 848 2 1118
3 1118 848 422
3 2 858 422
3 858 376 344
3 858 376 422
3 422 376 344
3 2 1051 422
3 2 1051 858
3 858 422 1051
3 848 422 1051
3 1060 154 1131
3 1060 260 1131
3 1060 154 260
3 260 154 1131
3 136 1060 154
3 1060 136 1131
3 1060 154 430
3 136 1060 430
3 1170 840 965
3 965 260 1170
3 840 260 1170
3 840 260 965
3 1170 840 0
3 965 0 1170
3 235 203 970
3 970 949 203
3 235 203 949
3 972 203 970
3 235 972 203
3 869 203 616
3 1159 203 616
3 616 1159 869
3 869 1159 203
3 869 203 970
3 869 203 949
3 869 970 949
3 203 970 616
3 869 280 949
3 280 203 869
3 280 203 949
3 949 216 280
3 475 216 280
3 949 475 216
3 280 949 475
3 216 869 280
3 869 216 949
3 216 892 280
3 892 869 216
3 892 280 869
3 475 216 892
3 970 216 949
3 869 216 970
3 475 216 1153
3 892 1153 216
3 475 892 1153
3 475 400 1153
3 400 475 216
3 400 216 1153
3 518 216 892
3 518 216 1153
3 518 678 216
3 678 216 892
3 1153 144 216
3 869 144 216
3 869 144 1153
3 1153 869 216
3 144 518 216
3 735 216 869
3 616 216 735
3 616 216 869
3 144 735 216
3 144 735 518
3 518 216 735
3 1056 150 266
3 714 150 266
3 1056 714 266
3 1056 714 150
3 363 48 655
3 1135 363 655
3 655 48 1135
3 1135 363 48
3 363 48 982
3 363 982 655
3 920 363 48
3 920 363 982
3 363 1138 430
3 363 982 430
3 982 1138 430
3 1138 982 363
3 363 136 430
3 363 136 1138
3 754 363 982
3 754 273 363
3 363 273 982
3 754 363 430
3 754 136 430
3 363 754 136
3 535 113 1126
3 1126 262 535
3 262 113 535
3 1087 535 1126
3 1087 535 113
3 262 150 535
3 1126 150 535
3 262 1126 150
3 535 266 1056
3 150 535 266
3 1056 150 535
3 1056 134 535
3 1126 134 535
3 535 1126 1056
3 1056 1126 134
3 134 266 535
3 1056 134 266
3 134 966 535
3 134 966 266
3 535 266 966
3 966 535 1126
3 966 535 3
3 535 3 1126
3 266 714 293
3 293 134 266
3 714 134 266
3 293 134 714
3 714 293 791
3 791 266 293
3 484 293 791
3 719 293 484
3 719 293 791
3 460 309 819
3 357 309 819
3 460 357 309
3 460 357 819
3 27 309 460
3 460 309 308
3 309 308 27
3 1103 309 1021
3 309 1103 27
3 1021 27 1103
3 1021 27 309
3 353 309 1021
3 1103 309 353
3 1021 353 1103
3 966 3 179
3 1182 3 179
3 179 1182 966
3 966 3 1182
3 3 1031 179
3 1031 179 966
3 3 1054 179
3 3 1054 1031
3 1054 179 1031
3 1054 179 1182
3 179 50 1182
3 1054 179 50
3 1170 179 966
3 966 134 1170
3 179 134 966
3 179 134 1170
3 0 870 179
3 0 1170 179
3 1170 179 870
3 1170 870 0
3 870 179 1182
3 1182 0 179
3 597 179 1182
3 597 179 870
3 917 119 1031
3 966 917 1031
3 966 917 119
3 966 119 1031
3 917 119 382
3 917 382 1031
3 1178 917 382
3 1178 917 119
3 1031 179 917
3 382 179 917
3 1031 382 179
3 966 917 179
3 1170 179 917
3 966 917 1170
3 917 0 1170
3 917 0 179
3 1170 840 917
3 840 382 917
3 1170 382 840
3 917 382 1170
3 917 0 840
3 179 1182 917
3 1182 0 917
3 563 725 635
3 635 252 563
3 725 252 563
3 635 725 252
3 837 563 635
3 725 635 837
3 834 563 635
3 834 837 563
3 635 837 834
3 635 252 834
3 635 252 765
3 834 765 635
3 635 252 481
3 635 481 765
3 939 635 834
3 939 635 765
3 905 635 834
3 939 905 635
3 635 765 792
3 635 837 792
3 792 837 765
3 635 837 765
3 939 635 792
3 792 765 939
3 873 446 453
3 873 446 669
3 873 669 453
3 873 446 838
3 838 453 873
3 838 737 873
3 737 395 873
3 838 395 737
3 838 395 873
3 873 446 737
3 873 296 838
3 873 296 453
3 838 712 873
3 712 296 873
3 952 453 873
3 873 395 952
3 952 395 453
3 453 395 873
3 873 296 952
3 172 889 272
3 172 914 272
3 914 272 889
3 914 889 172
3 348 889 585
3 585 492 889
3 889 492 348
3 945 348 889
3 889 172 945
3 348 945 172
3 348 172 889
3 889 238 945
3 889 238 348
3 172 889 465
3 643 465 889
3 172 889 643
3 889 465 945
3 465 238 945
3 889 465 238
3 977 625 253
3 977 189 625
3 625 189 253
3 625 102 423
3 960 102 423
3 625 102 960
3 423 960 625
3 625 164 253
3 625 164 1074
3 1074 625 253
3 625 164 928
3 625 102 928
3 164 625 102
3 164 102 928
3 625 253 928
3 932 594 829
3 1008 594 932
3 1008 932 829
3 932 594 573
3 573 928 932
3 928 594 573
3 928 594 932
3 829 573 932
3 625 932 928
3 928 932 253
3 625 253 932
3 573 102 932
3 573 829 102
3 829 102 932
3 928 932 102
3 625 102 932
3 932 423 625
3 102 932 423
3 625 360 932
3 829 360 932
3 829 625 360
3 829 625 932
3 360 423 932
3 625 360 423
3 932 598 829
3 598 932 414
3 932 414 829
3 932 598 360
3 360 598 423
3 598 932 423
3 708 253 977
3 290 253 708
3 708 290 977
3 98 708 423
3 708 423 701
3 708 701 98
3 625 253 708
3 708 423 625
3 423 253 625
3 423 708 253
3 977 625 708
3 360 423 708
3 360 98 708
3 625 360 708
3 977 360 708
3 977 360 625
3 360 708 1097
3 708 1097 98
3 708 598 1097
3 708 598 360
3 404 98 708
3 977 404 708
3 404 977 98
3 977 98 708
3 404 1097 708
3 708 441 977
3 860 441 708
3 860 708 977
3 708 441 404
3 708 1097 441
3 1097 441 404
3 942 786 818
3 786 942 356
3 818 356 942
3 326 942 414
3 942 1008 414
3 1008 942 326
3 304 942 786
3 818 304 942
3 885 414 942
3 942 786 885
3 786 414 885
3 786 942 414
3 885 326 942
3 885 304 942
3 326 304 942
3 885 326 304
3 304 942 539
3 942 539 818
3 784 539 942
3 942 784 304
3 942 318 326
3 594 318 942
3 326 942 594
3 556 356 663
3 556 356 718
3 718 663 556
3 663 367 556
3 488 367 556
3 488 367 663
3 556 488 663
3 556 356 367
3 556 488 585
3 556 718 585
3 718 488 585
3 556 488 718
3 367 606 556
3 606 356 367
3 606 356 556
3 606 556 488
3 835 556 488
3 835 556 585
3 559 606 556
3 559 556 488
3 556 307 488
3 556 835 307
3 492 442 350
3 506 350 492
3 506 350 442
3 835 350 492
3 835 350 442
3 350 492 483
3 350 292 483
3 350 292 492
3 492 292 483
3 506 350 483
3 350 348 492
3 350 835 348
3 442 285 350
3 292 285 350
3 292 285 442
3 350 292 442
3 285 835 350
3 392 350 292
3 1110 350 292
3 392 1110 350
3 285 392 350
3 835 392 350
3 835 392 285
3 131 855 265
3 1110 855 265
3 1110 855 131
3 1125 613 855
3 855 131 1125
3 613 131 1125
3 613 131 855
3 855 46 1125
3 855 46 613
3 131 855 452
3 452 855 392
3 131 855 392
3 855 452 1125
3 855 452 46
3 452 46 1125
3 425 116 1081
3 425 333 1081
3 425 333 116
3 333 116 1081
3 425 116 531
3 1103 116 531
3 425 116 1103
3 1103 425 531
3 425 116 846
3 846 531 425
3 116 846 531
3 425 846 1081
3 827 425 531
3 827 425 846
3 827 425 1173
3 425 531 1173
3 857 425 827
3 857 425 846
3 296 259 609
3 483 296 609
3 483 259 609
3 296 259 483
3 296 952 609
3 952 609 259
3 296 190 609
3 609 952 190
3 296 190 952
3 609 190 483
3 1028 609 190
3 1028 609 483
3 259 609 265
3 259 629 265
3 259 629 609
3 629 265 609
3 609 350 292
3 609 265 292
3 350 609 265
3 350 265 292
3 609 350 483
3 483 292 609
3 483 609 506
3 609 350 506
3 650 259 609
3 609 265 650
3 650 259 265
3 952 609 650
3 650 224 952
3 609 224 952
3 609 224 650
3 650 259 952
3 292 650 265
3 650 292 609
3 1110 265 650
3 650 224 1110
3 265 224 1110
3 265 224 650
3 650 292 1110
3 650 483 292
3 609 483 650
3 650 66 1110
3 292 66 1110
3 292 66 650
3 650 66 224
3 1199 66 650
3 1199 650 224
3 984 83 372
3 343 83 372
3 372 343 984
3 343 83 984
3 632 429 984
3 984 83 632
3 429 984 83
3 429 83 632
3 632 583 984
3 984 429 583
3 984 83 1050
3 1050 372 984
3 83 1050 372
3 1050 632 984
3 1050 632 583
3 984 583 1050
3 1050 632 83
3 583 410 984
3 410 372 984
3 583 372 984
3 410 583 372
3 583 984 653
3 984 653 410
3 984 569 583
3 984 569 653
3 1057 157 612
3 797 157 612
3 612 1057 797
3 797 157 1057
3 157 737 612
3 737 157 1057
3 157 816 612
3 816 737 157
3 737 612 816
3 797 157 816
3 816 612 797
3 157 152 1057
3 157 152 737
3 797 157 739
3 739 816 157
3 797 70 157
3 157 70 739
3 653 157 739
3 653 157 816
3 157 739 395
3 157 737 395
3 737 395 739
3 739 737 157
3 653 157 395
3 448 157 816
3 653 448 157
3 873 157 395
3 873 157 653
3 395 873 653
3 737 157 873
3 446 157 737
3 873 446 157
3 867 410 448
3 867 410 816
3 867 816 448
3 448 181 867
3 867 410 181
3 867 592 448
3 867 592 848
3 848 448 867
3 848 448 592
3 181 867 592
3 848 422 867
3 592 422 848
3 592 422 867
3 577 42 1152
3 577 419 42
3 419 42 1152
3 891 1152 42
3 577 42 891
3 868 42 913
3 969 42 913
3 868 42 969
3 230 42 891
3 230 42 1152
3 42 891 336
3 42 868 336
3 891 336 868
3 891 868 42
3 577 42 336
3 913 42 336
3 336 913 577
3 577 42 913
3 677 42 891
3 230 677 42
3 1152 21 42
3 868 21 42
3 868 21 1152
3 1152 868 42
3 21 230 42
3 868 42 1082
3 602 42 868
3 602 42 1082
3 21 1082 42
3 1082 42 230
3 21 1082 230
3 903 135 295
3 903 135 189
3 189 135 295
3 130 903 135
3 130 406 135
3 903 406 130
3 903 135 406
3 903 135 427
3 295 427 135
3 427 130 135
3 427 130 903
3 951 135 295
3 56 951 135
3 295 56 135
3 951 135 427
3 56 628 135
3 951 628 56
3 951 628 135
3 951 685 135
3 685 135 427
3 569 153 955
3 569 25 153
3 153 25 955
3 873 153 952
3 296 153 873
3 296 153 952
3 569 153 583
3 955 583 153
3 873 153 395
3 569 153 395
3 395 873 569
3 569 153 873
3 153 952 395
3 153 583 395
3 153 952 583
3 952 395 583
3 429 153 583
3 429 153 955
3 984 153 583
3 984 429 153
3 153 955 224
3 153 952 224
3 952 224 955
3 955 952 153
3 429 153 224
3 650 153 952
3 259 153 952
3 650 153 259
3 650 153 224
3 650 153 429
3 224 650 429
3 792 683 415
3 415 1027 792
3 1027 792 683
3 1027 683 415
3 1027 312 686
3 975 1027 312
3 686 1027 975
3 938 415 1027
3 938 686 1027
3 938 415 686
3 686 415 1027
3 1027 534 938
3 1027 534 415
3 939 167 1027
3 1027 792 939
3 792 167 1027
3 792 167 939
3 1027 167 686
3 939 686 1027
3 167 939 686
3 354 167 686
3 354 1027 167
3 1027 354 686
3 938 312 1027
3 534 312 938
3 534 1027 312
3 55 856 329
3 856 55 1171
3 1171 55 329
3 55 837 329
3 856 329 837
3 55 856 837
3 651 55 856
3 651 55 1171
3 725 55 837
3 725 55 1132
3 1132 837 55
3 725 635 55
3 635 55 837
3 55 1132 537
3 55 856 537
3 1132 537 856
3 1132 856 55
3 725 55 537
3 544 55 856
3 544 55 278
3 278 55 856
3 544 55 537
3 725 544 537
3 544 55 725
3 837 792 724
3 837 329 724
3 837 792 329
3 792 329 724
3 724 635 792
3 724 635 837
3 724 19 1187
3 724 19 329
3 1187 329 724
3 792 724 939
3 939 724 635
3 1187 683 724
3 792 683 724
3 1187 683 792
3 1187 792 724
3 724 19 683
3 1171 19 724
3 329 1171 724
3 683 415 724
3 415 19 683
3 724 415 19
3 724 415 792
3 971 237 969
3 868 237 971
3 971 868 969
3 661 237 971
3 661 741 971
3 661 237 741
3 741 237 971
3 969 661 971
3 971 741 1022
3 971 194 741
3 971 194 1022
3 661 162 971
3 661 969 162
3 969 162 971
3 971 741 162
3 1022 162 971
3 969 886 971
3 1022 886 971
3 1022 969 886
3 971 969 1022
3 971 234 969
3 886 234 971
3 971 34 969
3 234 971 34
3 893 86 1089
3 115 1089 86
3 1089 115 893
3 86 1089 468
3 1089 468 893
3 1036 86 1089
3 1036 11 1089
3 1036 11 86
3 86 11 1089
3 1089 115 1036
3 893 579 1089
3 1089 579 115
3 1089 916 86
3 1089 468 916
3 1039 893 1089
3 1039 11 1089
3 893 11 1089
3 893 11 1039
3 1089 468 1039
3 1036 242 1089
3 242 115 1036
3 242 115 1089
3 11 1089 242
3 11 1089 1044
3 1044 242 1089
3 11 1089 121
3 11 1089 927
3 927 121 1089
3 1039 121 1089
3 468 1089 121
3 468 121 1039
3 478 948 627
3 948 627 38
3 948 38 478
3 948 627 18
3 18 680 948
3 948 627 680
3 680 627 18
3 478 18 948
3 490 948 680
3 948 745 680
3 948 745 490
3 934 18 948
3 934 478 948
3 934 478 18
3 948 680 934
3 934 490 948
3 948 351 490
3 948 351 934
3 668 490 948
3 668 478 948
3 668 490 478
3 490 478 948
3 948 351 668
3 682 351 948
3 934 682 948
3 668 405 948
3 405 351 668
3 405 351 948
3 948 405 478
3 948 989 405
3 989 948 478
3 956 268 299
3 1187 268 299
3 956 268 1187
3 299 1187 956
3 268 397 299
3 397 299 956
3 268 1167 299
3 268 1167 397
3 1167 299 397
3 1167 299 1187
3 397 299 364
3 956 364 299
3 1167 299 19
3 299 19 1187
3 397 1070 299
3 1070 299 364
3 1139 299 364
3 1139 299 956
3 299 364 459
3 299 1187 459
3 459 364 1187
3 299 1187 364
3 1139 299 459
3 1136 72 270
3 660 72 270
3 270 1136 660
3 660 1136 72
3 956 72 1136
3 72 956 270
3 397 72 1136
3 397 72 956
3 956 72 1139
3 299 72 956
3 1139 72 299
3 1139 72 138
3 1003 72 138
3 138 1139 1003
3 1139 72 1003
3 72 956 138
3 895 182 593
3 593 548 895
3 548 182 895
3 593 476 895
3 895 182 476
3 90 895 654
3 90 895 298
3 654 895 298
3 476 895 849
3 895 849 593
3 753 476 895
3 753 90 895
3 476 753 90
3 476 90 895
3 895 182 753
3 753 654 895
3 654 182 753
3 654 895 182
3 476 101 895
3 895 101 849
3 593 520 895
3 520 90 895
3 520 90 593
3 593 90 895
3 520 849 895
3 90 895 881
3 90 895 798
3 895 798 881
3 895 881 520
3 881 849 895
3 520 881 849
3 623 384 1050
3 623 472 1050
3 623 384 472
3 384 1050 472
3 984 623 1050
3 984 384 1050
3 984 384 623
3 410 623 984
3 653 623 984
3 410 653 623
3 1050 372 623
3 472 372 623
3 472 372 1050
3 984 623 372
3 410 372 623
3 623 181 410
3 623 181 372
3 181 410 372
3 867 410 623
3 623 472 867
3 472 410 623
3 867 472 410
3 623 181 867
3 343 181 372
3 623 181 343
3 372 343 623
3 528 96 911
3 911 929 96
3 528 96 929
3 528 762 96
3 762 96 911
3 776 96 911
3 776 96 929
3 96 929 619
3 619 475 96
3 929 619 475
3 929 475 96
3 528 96 619
3 475 96 1030
3 1030 96 280
3 280 96 475
3 96 911 400
3 96 475 400
3 911 400 475
3 911 475 96
3 776 96 400
3 337 96 929
3 776 337 96
3 1030 96 619
3 1030 528 619
3 1030 96 528
3 1153 96 400
3 400 1153 776
3 776 1153 96
3 475 96 1153
3 475 96 892
3 892 96 1153
3 817 271 994
3 994 611 817
3 611 271 817
3 611 994 271
3 817 303 994
3 994 271 303
3 500 994 611
3 994 992 611
3 994 992 500
3 841 817 994
3 841 303 817
3 841 303 994
3 994 611 841
3 841 500 994
3 994 365 500
3 994 365 841
3 365 500 841
3 1018 500 994
3 994 303 1018
3 500 303 1018
3 500 303 994
3 994 365 1018
3 633 365 841
3 841 633 994
3 994 633 365
3 994 462 1018
3 994 462 365
3 462 365 1018
3 303 994 462
3 303 994 727
3 994 462 727
3 193 1079 485
3 193 584 485
3 1079 584 193
3 1079 485 584
3 729 193 1079
3 1079 485 729
3 729 193 485
3 1155 61 1015
3 94 1155 61
3 94 61 1015
3 1052 61 1174
3 1052 77 61
3 77 61 1174
3 1155 61 408
3 1015 408 61
3 14 1052 61
3 14 1155 61
3 1155 1052 14
3 1052 61 1155
3 1174 14 61
3 408 14 61
3 1174 14 408
3 61 1174 408
3 408 14 1155
3 1168 61 1015
3 1168 61 408
3 1015 4 61
3 1174 4 61
3 1015 4 1174
3 61 1174 1015
3 4 1168 61
3 1168 5 61
3 61 5 408
3 4 1055 61
3 1168 1055 4
3 1168 61 1055
3 1055 61 1174
3 201 61 1055
3 201 61 1174
3 119 987 381
3 587 119 987
3 987 381 587
3 987 1031 381
3 119 1031 987
3 987 325 119
3 987 325 587
3 987 32 273
3 987 32 982
3 273 987 982
3 1178 119 987
3 987 273 1178
3 1178 273 119
3 273 119 987
3 987 325 1178
3 987 944 325
3 987 944 587
3 987 84 1178
3 325 84 1178
3 325 84 987
3 987 84 273
3 850 84 987
3 273 987 850
3 166 639 821
3 821 719 166
3 821 639 719
3 166 719 639
3 821 639 946
3 946 191 821
3 946 191 639
3 191 821 639
3 946 166 821
3 610 560 494
3 494 1131 610
3 1131 560 494
3 1131 560 610
3 494 484 610
3 484 610 560
3 1131 610 1060
3 610 136 1131
3 610 136 1060
3 494 260 610
3 484 260 610
3 494 484 260
3 1131 610 260
3 1060 260 610
3 484 293 610
3 1060 293 610
3 484 1060 293
3 610 484 1060
3 791 610 484
3 293 791 610
3 610 327 484
3 791 610 327
3 76 438 821
3 821 723 76
3 723 821 438
3 76 723 438
3 466 438 946
3 821 438 946
3 821 466 946
3 821 466 438
3 438 322 946
3 466 438 322
3 438 821 191
3 191 76 438
3 191 76 821
3 946 191 438
3 946 322 191
3 322 191 438
3 438 417 76
3 191 438 417
3 943 76 438
3 438 322 943
3 322 76 943
3 322 76 438
3 438 417 943
3 689 438 943
3 689 417 943
3 438 689 417
3 689 438 322
3 689 438 402
3 322 438 402
3 277 403 384
3 748 403 277
3 403 384 748
3 403 384 1050
3 403 83 1050
3 384 403 83
3 384 83 1050
3 403 277 1050
3 403 632 1050
3 1050 277 632
3 403 277 632
3 403 83 632
3 403 212 277
3 403 277 1090
3 403 212 1090
3 1013 403 277
3 1013 403 212
3 1146 322 1084
3 1084 83 1146
3 322 83 1146
3 322 83 1084
3 1084 402 322
3 1084 402 1146
3 599 322 1084
3 1084 402 599
3 322 1084 466
3 1084 466 599
3 466 1084 438
3 1084 438 322
3 599 343 1084
3 343 83 1084
3 343 83 599
3 599 83 1084
3 343 466 1084
3 83 1084 372
3 1084 372 1050
3 83 1084 1050
3 1084 372 343
3 466 372 343
3 466 372 1084
3 32 1179 467
3 32 48 467
3 32 1179 48
3 467 48 1179
3 1130 467 1179
3 1179 239 1130
3 1179 467 239
3 467 239 1130
3 1130 32 1179
3 1130 32 467
3 1179 239 381
3 1179 1087 381
3 1179 1087 239
3 1130 529 1179
3 529 32 1130
3 529 32 1179
3 1179 239 529
3 529 381 1179
3 1179 587 381
3 529 1179 587
3 987 381 1179
3 987 32 1179
3 381 32 1179
3 987 32 381
3 1179 587 987
3 987 273 1179
3 587 273 987
3 587 273 1179
3 32 1179 273
3 920 273 1179
3 32 1179 920
3 507 68 872
3 68 65 507
3 68 65 872
3 1148 68 582
3 1148 68 508
3 508 582 68
3 684 507 68
3 68 508 684
3 684 508 507
3 508 507 68
3 116 887 531
3 887 531 846
3 116 887 846
3 887 531 1103
3 887 27 1103
3 531 27 1103
3 887 531 27
3 887 116 1103
3 887 27 460
3 887 27 1148
3 460 1148 887
3 1103 309 887
3 309 116 1103
3 309 116 887
3 887 27 309
3 460 309 887
3 819 887 460
3 309 887 819
3 760 460 887
3 760 116 887
3 760 460 116
3 460 116 887
3 760 819 887
3 760 460 819
3 760 759 887
3 760 759 819
3 819 887 759
3 116 887 759
3 1081 887 759
3 1081 887 116
3 14 1067 21
3 1067 21 1052
3 1067 1052 14
3 1067 447 767
3 447 1067 294
3 1067 294 767
3 1067 21 810
3 810 14 1067
3 1067 447 230
3 1067 21 230
3 447 21 230
3 1067 447 21
3 767 230 1067
3 810 230 1067
3 810 767 230
3 810 767 1067
3 810 1067 1155
3 1067 1155 14
3 1067 35 1155
3 810 35 1067
3 408 14 1067
3 767 408 1067
3 767 14 1067
3 408 767 14
3 408 1155 1067
3 1067 5 767
3 1166 5 1067
3 1166 1067 767
3 408 5 1067
3 408 5 1155
3 1155 5 1067
3 510 463 1022
3 886 1022 463
3 510 463 886
3 463 194 510
3 463 194 1022
3 971 463 1022
3 971 463 886
3 508 463 1019
3 684 508 1019
3 684 508 463
3 684 463 1019
3 1022 162 463
3 1019 162 463
3 1022 1019 463
3 1019 162 1022
3 162 971 463
3 971 463 234
3 463 234 886
3 1046 445 679
3 999 679 445
3 999 679 1046
3 976 679 1046
3 148 976 679
3 1046 148 679
3 445 679 976
3 679 516 148
3 976 516 148
3 976 679 516
3 512 146 1003
3 146 512 192
3 512 192 1003
3 1003 72 512
3 146 72 512
3 146 1003 72
3 1104 512 146
3 1104 512 192
3 72 512 270
3 660 72 512
3 512 270 660
3 512 270 956
3 72 956 512
3 146 167 354
3 146 512 354
3 354 512 167
3 146 512 167
3 445 289 763
3 445 289 999
3 445 999 763
3 999 763 289
3 289 513 454
3 289 763 454
3 763 454 513
3 763 513 289
3 927 445 763
3 927 289 763
3 445 927 289
3 289 999 679
3 679 513 289
3 999 679 513
3 999 513 289
3 445 289 679
3 513 289 822
3 822 289 454
3 513 289 716
3 716 289 822
3 445 228 763
3 445 228 999
3 999 763 228
3 763 228 927
3 778 228 927
3 763 778 228
3 778 763 927
3 927 445 228
3 778 228 1160
3 386 228 1160
3 386 228 778
3 927 121 228
3 445 121 927
3 445 121 228
3 121 228 778
3 1160 121 228
3 228 37 121
3 228 37 1160
3 1039 37 228
3 121 1039 228
3 228 1160 926
3 926 445 228
3 1160 445 926
3 1160 445 228
3 228 37 926
3 445 228 976
3 976 679 228
3 445 228 679
3 976 228 926
3 976 37 926
3 228 976 37
3 1065 1 539
3 539 1147 1065
3 1065 1 1147
3 1065 530 1102
3 1065 1 1102
3 530 1 1102
3 1065 530 1
3 318 1065 530
3 1065 318 1102
3 318 1065 832
3 1065 530 832
3 318 1065 326
3 1080 326 1065
3 1080 1065 318
3 942 539 1065
3 942 318 1065
3 942 539 318
3 539 318 1065
3 1065 818 942
3 1065 818 539
3 942 326 1065
3 818 326 942
3 818 326 1065
3 375 968 399
3 375 780 399
3 968 780 375
3 780 399 968
3 17 399 968
3 968 433 399
3 17 433 399
3 968 399 1196
3 1196 17 399
3 1196 375 399
3 17 399 1184
3 1184 399 595
3 595 17 399
3 1184 399 1196
3 990 399 595
3 1184 990 595
3 1184 399 990
3 399 106 1184
3 399 106 1196
3 1038 103 120
3 120 1038 990
3 990 1038 103
3 48 1038 773
3 1038 655 48
3 1038 655 773
3 923 103 1038
3 1038 773 923
3 773 103 1038
3 773 103 923
3 923 120 1038
3 773 1038 467
3 467 48 1038
3 923 467 1038
3 467 120 1038
3 467 923 120
3 1038 32 467
3 1038 32 48
3 467 1130 1038
3 1038 32 1130
3 920 48 1038
3 920 120 1038
3 120 48 1038
3 120 48 920
3 1038 32 920
3 120 1038 213
3 120 964 213
3 120 1038 964
3 1038 213 964
3 920 213 1038
3 213 1038 32
3 213 32 920
3 920 120 213
3 1010 383 696
3 696 184 1010
3 1010 184 383
3 383 184 696
3 696 826 383
3 826 696 1010
3 321 696 826
3 383 321 696
3 696 691 1010
3 696 826 691
3 826 691 1010
3 184 696 691
3 826 696 663
3 696 663 321
3 383 696 640
3 640 696 321
3 383 195 696
3 696 640 195
3 525 437 823
3 823 474 437
3 474 437 525
3 1079 437 746
3 1079 437 288
3 437 288 746
3 823 437 729
3 1079 437 729
3 1079 823 729
3 1079 823 437
3 729 525 437
3 1079 437 193
3 746 193 437
3 729 193 437
3 525 193 437
3 729 525 193
3 715 437 746
3 193 437 715
3 437 746 503
3 437 525 503
3 746 525 437
3 525 746 503
3 715 437 503
3 584 437 715
3 193 584 437
3 826 437 503
3 503 826 715
3 826 437 715
3 525 437 826
3 826 437 418
3 437 418 525
3 882 1148 457
3 582 457 882
3 582 457 1148
3 457 308 1148
3 457 308 882
3 457 114 882
3 582 114 457
3 1148 68 457
3 872 68 457
3 1148 68 872
3 1148 872 457
3 68 582 457
3 457 460 308
3 460 457 1148
3 507 457 872
3 766 457 872
3 507 766 457
3 68 507 457
3 582 507 68
3 582 457 507
3 691 644 546
3 691 644 1157
3 1157 546 644
3 184 644 691
3 546 184 644
3 644 241 1157
3 691 241 644
3 691 241 1157
3 696 691 644
3 184 696 644
3 421 145 211
3 574 211 421
3 421 145 574
3 145 211 574
3 857 828 574
3 857 421 574
3 857 828 421
3 828 421 574
3 828 574 846
3 846 574 857
3 828 574 1081
3 1081 846 574
3 914 340 1011
3 340 172 1011
3 340 172 914
3 91 1011 340
3 91 961 340
3 91 1011 961
3 961 1011 340
3 914 91 340
3 738 842 1149
3 738 162 1149
3 842 162 1149
3 738 162 842
3 738 685 1149
3 738 685 842
3 738 80 1149
3 685 80 1149
3 685 80 738
3 738 80 162
3 162 738 463
3 971 738 162
3 971 463 738
3 741 80 738
3 741 738 162
3 738 463 1019
3 738 366 1019
3 738 463 366
3 463 366 1019
3 738 162 1019
3 866 211 961
3 866 424 961
3 211 866 424
3 961 340 866
3 340 211 961
3 340 211 866
3 340 914 694
3 340 866 694
3 914 694 866
3 340 914 866
3 211 866 421
3 421 145 866
3 866 145 211
3 567 348 585
3 567 835 348
3 835 567 585
3 567 348 889
3 889 585 567
3 787 567 1020
3 567 331 787
3 567 331 1020
3 567 1020 718
3 567 585 718
3 718 1020 585
3 567 1020 585
3 889 238 567
3 1020 238 567
3 889 1020 238
3 567 1020 889
3 238 348 567
3 238 787 567
3 238 787 348
3 567 348 787
3 804 321 640
3 272 804 321
3 640 272 804
3 804 694 914
3 914 272 804
3 914 272 694
3 694 272 804
3 696 640 804
3 696 694 804
3 696 640 694
3 694 640 804
3 804 321 696
3 696 184 804
3 321 184 696
3 321 184 804
3 804 184 694
3 184 696 694
3 804 340 694
3 804 340 914
3 693 477 542
3 693 477 1094
3 1094 477 542
3 477 471 1115
3 693 477 1115
3 693 471 1115
3 693 477 471
3 102 477 471
3 477 102 1115
3 928 471 477
3 928 477 102
3 102 477 423
3 932 477 423
3 932 477 102
3 477 542 960
3 477 102 960
3 542 102 960
3 477 102 542
3 633 477 960
3 633 477 542
3 477 423 960
3 633 423 960
3 633 477 423
3 841 342 633
3 542 342 633
3 841 542 633
3 841 342 542
3 633 365 342
3 365 342 841
3 342 477 633
3 477 633 365
3 477 365 342
3 542 342 477
3 841 342 500
3 365 342 500
3 542 342 693
3 477 693 342
3 542 803 342
3 803 342 693
3 1115 342 693
3 1115 342 477
3 342 693 521
3 521 365 342
3 693 521 365
3 693 365 342
3 1115 342 521
3 342 102 1115
3 342 102 477
3 1032 342 521
3 1115 1032 521
3 1115 1032 342
3 365 342 1032
3 1018 1032 342
3 365 342 1018
3 803 320 930
3 543 320 803
3 543 320 930
3 930 620 320
3 803 320 620
3 249 320 305
3 249 555 305
3 555 320 305
3 555 320 249
3 320 97 930
3 320 97 620
3 320 620 589
3 320 249 589
3 589 249 620
3 320 249 620
3 803 320 589
3 320 305 589
3 589 305 803
3 803 305 320
3 589 249 305
3 320 930 825
3 320 249 825
3 320 249 930
3 825 249 930
3 320 97 825
3 877 97 320
3 877 320 620
3 502 320 825
3 502 97 825
3 502 97 320
3 502 320 249
3 796 555 907
3 907 249 796
3 796 555 249
3 796 219 907
3 796 555 219
3 796 502 907
3 796 502 863
3 796 907 863
3 249 796 502
3 796 785 863
3 785 502 863
3 796 785 502
3 502 796 320
3 796 320 249
3 995 1 1198
3 1198 23 995
3 23 1 1198
3 23 1 995
3 1198 1 331
3 995 331 1198
3 1198 1 1020
3 331 1198 1020
3 995 815 1198
3 995 815 331
3 815 331 1198
3 1198 23 815
3 1198 23 111
3 1198 23 875
3 1198 875 111
3 815 111 1198
3 245 1198 111
3 1198 245 815
3 1113 111 1198
3 1113 331 1198
3 331 111 1113
3 331 111 1198
3 1198 245 1113
3 815 772 1198
3 1198 772 245
3 1113 7 1198
3 245 7 1198
3 245 7 1113
3 1198 7 331
3 331 1198 1066
3 1066 1198 7
3 481 125 1041
3 470 125 1041
3 470 481 125
3 939 125 1027
3 686 125 1027
3 939 125 686
3 481 125 765
3 939 125 765
3 939 125 481
3 765 481 939
3 125 1041 765
3 939 125 792
3 125 1027 792
3 125 792 765
3 792 765 1041
3 125 1041 792
3 415 125 792
3 415 125 1027
3 415 724 125
3 724 125 792
3 125 1027 534
3 125 1041 534
3 1041 534 1027
3 125 1041 1027
3 415 125 534
3 707 125 1041
3 707 710 125
3 710 125 1041
3 707 125 534
3 707 415 534
3 415 125 707
3 201 779 387
3 1174 779 387
3 1174 779 201
3 779 387 1161
3 779 627 1161
3 627 387 1161
3 627 387 779
3 779 201 1161
3 779 627 703
3 764 779 627
3 779 764 703
3 1161 140 779
3 1161 201 140
3 201 140 779
3 779 627 140
3 703 140 779
3 779 12 140
3 779 12 703
3 779 1156 12
3 140 1156 779
3 703 482 779
3 482 201 779
3 703 201 482
3 703 201 779
3 779 12 482
3 201 779 603
3 779 603 673
3 201 779 673
3 779 603 482
3 603 12 482
3 779 603 12
3 314 1063 1068
3 314 57 1068
3 1063 57 1068
3 314 57 1063
3 314 105 1068
3 314 105 1063
3 675 314 1068
3 675 105 1068
3 314 675 105
3 675 314 57
3 1063 62 314
3 62 314 105
3 675 314 220
3 57 314 220
3 314 808 62
3 808 314 1063
3 1169 62 314
3 314 57 1169
3 1169 62 57
3 62 57 314
3 808 314 1169
3 314 226 808
3 314 226 1063
3 451 314 1169
3 808 451 1169
3 808 451 314
3 451 314 57
3 1112 451 314
3 1112 314 57
3 1053 105 1175
3 1175 398 1053
3 398 105 1053
3 398 105 1175
3 1053 62 1175
3 62 1175 105
3 1053 319 1175
3 1053 319 62
3 319 62 1175
3 1175 398 319
3 1175 105 314
3 62 1175 314
3 319 202 1175
3 202 1175 398
3 1175 757 202
3 319 1175 757
3 1164 202 1175
3 1164 62 1175
3 202 62 1164
3 202 62 1175
3 1175 757 1164
3 1164 202 757
3 1175 757 122
3 319 122 1175
3 1164 43 1175
3 757 43 1164
3 757 43 1175
3 1175 43 62
3 808 43 1175
3 62 1175 808
3 880 69 509
3 880 69 612
3 612 509 880
3 880 69 812
3 812 509 880
3 812 670 880
3 670 69 812
3 880 670 69
3 1057 69 880
3 612 1057 880
3 880 797 612
3 880 797 816
3 816 612 880
3 509 880 797
3 509 74 880
3 880 74 797
3 816 448 880
3 797 448 880
3 797 448 816
3 117 847 449
3 847 656 117
3 656 449 847
3 847 549 858
3 847 2 858
3 549 847 2
3 870 117 847
3 847 449 870
3 597 549 847
3 847 449 597
3 549 449 597
3 847 549 449
3 858 597 847
3 1106 847 870
3 117 847 1106
3 870 597 847
3 870 858 597
3 870 858 847
3 847 0 1106
3 847 0 870
3 376 117 847
3 858 376 847
3 858 117 847
3 376 858 117
3 376 1106 847
3 847 344 858
3 1118 847 344
3 858 847 1118
3 376 344 847
3 376 344 1106
3 1106 847 344
3 435 368 1104
3 435 146 1104
3 368 146 1104
3 435 368 146
3 1104 527 435
3 435 368 527
3 1104 167 435
3 527 167 1104
3 527 167 435
3 435 146 167
3 354 167 435
3 435 146 354
3 686 435 354
3 167 435 686
3 975 354 435
3 975 527 435
3 975 527 354
3 527 354 435
3 686 435 975
3 686 435 939
3 167 939 435
3 435 198 975
3 686 198 975
3 686 435 198
3 435 198 527
3 435 198 1093
3 527 435 1093
3 908 709 986
3 986 36 908
3 908 709 36
3 908 370 986
3 908 370 709
3 908 226 986
3 36 908 226
3 323 36 908
3 974 323 908
3 323 974 36
3 974 36 908
3 323 709 908
3 908 123 974
3 974 908 1026
3 1026 908 123
3 986 173 908
3 974 173 908
3 986 173 974
3 986 974 908
3 173 226 908
3 811 226 908
3 908 811 36
3 323 123 908
3 323 123 709
3 709 908 123
3 173 52 908
3 173 52 226
3 908 226 52
3 908 52 974
3 637 52 908
3 908 637 974
3 1021 27 269
3 1195 27 269
3 269 1195 1021
3 1195 27 1021
3 27 1103 269
3 1103 269 1021
3 308 269 1195
3 578 308 1195
3 308 578 269
3 578 269 1195
3 27 308 269
3 1103 308 27
3 1103 269 308
3 308 27 1195
3 1135 269 1195
3 8 1135 269
3 1195 8 269
3 269 267 1195
3 269 267 1135
3 191 165 639
3 946 191 165
3 639 165 946
3 8 165 269
3 269 165 1135
3 8 1135 165
3 353 165 639
3 353 166 165
3 166 165 639
3 353 165 1021
3 269 165 1021
3 353 269 1021
3 353 269 165
3 1021 639 165
3 49 659 531
3 1173 659 49
3 1173 531 659
3 165 659 1021
3 659 639 165
3 659 1021 639
3 659 531 1103
3 1021 659 1103
3 1021 531 1103
3 1021 659 531
3 659 49 1103
3 659 1021 269
3 269 165 659
3 1103 269 659
3 1103 49 269
3 269 49 659
3 659 8 269
3 659 8 165
3 659 1195 8
3 269 1195 659
3 1100 165 659
3 659 49 1100
3 165 49 1100
3 165 49 659
3 659 8 1100
3 165 1100 8
3 758 659 49
3 49 618 758
3 758 659 618
3 49 659 618
3 758 659 1100
3 758 8 1100
3 659 758 8
3 1100 49 758
3 854 100 276
3 854 100 1188
3 276 1188 854
3 854 100 704
3 704 504 854
3 504 100 704
3 504 854 100
3 854 805 924
3 854 306 924
3 805 306 924
3 805 306 854
3 805 854 276
3 924 276 854
3 922 371 1189
3 922 141 1189
3 371 141 922
3 371 141 1189
3 1189 772 371
3 1189 772 922
3 522 1189 772
3 522 371 1189
3 922 100 1189
3 772 100 922
3 772 100 1189
3 1189 100 141
3 1189 245 772
3 522 245 1189
3 1189 31 371
3 1189 31 522
3 1189 1145 371
3 1189 31 1145
3 1090 522 1189
3 1090 141 1189
3 522 1090 141
3 522 141 1189
3 1189 31 1090
3 522 1090 31
3 141 1189 212
3 141 1189 517
3 517 212 1189
3 1090 212 1189
3 212 31 1090
3 212 31 1189
3 634 595 990
3 1091 634 990
3 990 595 1091
3 1091 595 634
3 634 618 990
3 634 595 618
3 990 103 634
3 990 618 103
3 618 103 634
3 1091 634 103
3 103 634 241
3 634 241 923
3 103 923 634
3 827 634 806
3 634 241 806
3 827 241 806
3 634 827 241
3 827 634 618
3 634 618 806
3 827 634 49
3 634 49 618
3 1116 184 694
3 1116 804 184
3 1116 804 694
3 866 421 1116
3 866 694 1116
3 694 421 866
3 694 421 1116
3 1116 211 421
3 866 211 1116
3 421 1116 574
3 574 211 1116
3 254 1040 307
3 559 1040 307
3 254 1040 559
3 634 1040 806
3 1040 618 806
3 634 618 1040
3 1040 307 1092
3 1040 806 1092
3 806 307 1040
3 806 307 1092
3 1040 254 1092
3 806 1040 241
3 634 241 1040
3 1092 241 1040
3 1092 241 254
3 254 241 1040
3 1092 241 806
3 1040 103 241
3 1040 103 634
3 241 1157 1040
3 1157 103 1040
3 1091 634 1040
3 1040 254 1091
3 634 254 1091
3 634 254 1040
3 1040 103 1091
3 254 1040 505
3 254 1040 606
3 1040 505 606
3 1040 505 1091
3 505 103 1091
3 505 1040 103
3 1184 81 1197
3 1197 595 1184
3 595 81 1184
3 1197 81 595
3 1184 46 1197
3 46 1197 81
3 1184 758 1197
3 758 46 1184
3 758 46 1197
3 1197 595 758
3 1197 81 1125
3 46 1197 1125
3 1197 595 618
3 758 618 1197
3 1197 595 634
3 1197 634 618
3 1197 49 758
3 1197 49 618
3 1100 1197 49
3 1197 1100 758
3 1173 618 1197
3 1173 46 1197
3 618 46 1173
3 618 46 1197
3 1197 49 1173
3 443 836 533
3 443 1118 533
3 836 533 1118
3 443 1118 836
3 714 443 836
3 714 443 533
3 791 836 443
3 714 443 791
3 706 443 533
3 714 706 533
3 714 706 443
3 706 443 1118
3 719 443 791
3 719 443 836
3 714 443 293
3 443 293 791
3 858 443 706
3 858 443 1118
3 791 327 443
3 1118 327 443
3 791 1118 327
3 443 1118 791
3 327 719 443
3 480 443 1118
3 443 422 1118
3 480 422 443
3 327 480 443
3 719 443 480
3 719 480 327
3 384 187 472
3 623 187 384
3 623 187 472
3 616 187 1159
3 384 187 1159
3 616 384 1159
3 616 187 384
3 203 187 616
3 1159 203 187
3 616 187 970
3 203 187 970
3 1195 24 578
3 1195 24 267
3 24 578 267
3 1195 24 308
3 308 578 24
3 1056 24 267
3 1195 1056 267
3 1195 24 1056
3 27 1195 24
3 27 24 308
3 882 24 308
3 882 24 578
3 882 24 457
3 24 308 457
3 773 882 24
3 773 24 578
3 872 24 457
3 882 872 457
3 872 24 882
3 766 455 872
3 65 766 455
3 872 65 455
3 262 455 766
3 872 262 455
3 766 455 113
3 262 113 455
3 65 999 455
3 65 999 766
3 766 455 999
3 714 266 998
3 998 533 714
3 533 266 714
3 998 533 266
3 150 998 266
3 714 150 998
3 535 266 998
3 150 998 535
3 714 489 998
3 489 150 714
3 489 150 998
3 998 533 489
3 257 998 533
3 998 1119 533
3 257 1119 998
3 489 257 998
3 998 454 489
3 454 998 257
3 998 454 311
3 489 311 998
3 1138 67 363
3 1138 67 1135
3 1135 363 67
3 1135 363 1138
3 1138 67 136
3 67 363 136
3 1060 67 136
3 1138 67 1060
3 1138 1060 136
3 1135 8 1138
3 67 8 1138
3 67 8 1135
3 655 67 1135
3 655 67 267
3 67 1135 267
3 655 67 363
3 982 655 67
3 982 67 363
3 1056 67 267
3 267 1056 655
3 1056 67 655
3 1135 137 1138
3 1135 363 137
3 363 137 1138
3 1100 137 433
3 1100 17 137
3 137 17 433
3 8 1135 137
3 8 1100 137
3 8 1135 1100
3 1135 137 1100
3 1138 8 137
3 1134 137 1138
3 137 136 1134
3 137 136 1138
3 433 26 137
3 1138 26 137
3 433 1138 26
3 137 1138 433
3 26 997 137
3 997 137 433
3 26 1134 137
3 26 1134 997
3 997 1134 137
3 755 532 664
3 532 311 664
3 755 311 532
3 755 311 664
3 664 822 357
3 311 664 822
3 357 311 664
3 690 664 755
3 532 690 664
3 761 357 664
3 761 755 664
3 761 357 755
3 755 357 664
3 822 664 761
3 822 489 664
3 664 489 311
3 664 641 755
3 690 641 664
3 910 664 761
3 761 910 822
3 822 910 664
3 755 664 910
3 910 697 664
3 697 664 755
3 836 311 586
3 532 311 586
3 836 532 311
3 836 532 586
3 586 489 836
3 586 489 311
3 665 586 353
3 532 586 665
3 532 353 586
3 714 586 836
3 586 489 714
3 353 166 586
3 836 166 586
3 836 353 586
3 353 836 166
3 166 665 586
3 532 690 586
3 690 586 665
3 166 719 586
3 719 665 586
3 166 719 665
3 719 586 836
3 586 443 836
3 586 443 719
3 382 917 622
3 622 368 382
3 917 368 382
3 622 917 368
3 840 382 622
3 840 622 917
3 777 382 622
3 777 840 382
3 622 840 777
3 622 368 777
3 622 917 0
3 622 0 840
3 622 368 527
3 777 527 622
3 435 368 622
3 527 435 622
3 1093 622 527
3 1093 622 777
3 527 208 622
3 840 208 622
3 840 208 527
3 840 527 622
3 208 1093 622
3 1093 139 622
3 622 139 777
3 208 698 622
3 1093 698 208
3 1093 698 622
3 698 622 840
3 965 698 622
3 840 622 965
3 258 65 681
3 1046 65 681
3 1046 65 258
3 1046 258 681
3 65 507 681
3 507 681 258
3 999 681 1046
3 999 679 681
3 681 679 1046
3 65 999 681
3 681 507 999
3 65 999 507
3 681 87 1046
3 151 87 681
3 1046 151 681
3 976 681 1046
3 681 87 976
3 644 231 184
3 644 231 546
3 546 184 231
3 644 231 1116
3 1116 184 231
3 1116 184 644
3 582 231 546
3 644 231 582
3 644 582 546
3 644 421 1116
3 644 421 231
3 421 231 1116
3 184 231 694
3 184 696 231
3 694 231 696
3 694 231 1116
3 769 406 771
3 769 195 771
3 769 195 406
3 771 130 769
3 769 406 130
3 151 130 769
3 771 130 151
3 771 151 769
3 151 769 681
3 769 681 87
3 151 87 769
3 769 229 771
3 229 769 41
3 769 41 771
3 258 229 769
3 258 681 769
3 258 229 681
3 769 681 229
3 771 258 769
3 554 356 718
3 556 554 356
3 556 554 718
3 554 356 818
3 554 539 818
3 539 356 818
3 539 554 356
3 818 718 554
3 1 554 539
3 554 539 995
3 1 995 554
3 554 1065 818
3 818 718 1065
3 1065 718 554
3 554 539 1065
3 1065 1 554
3 1 1102 554
3 1102 554 1065
3 1020 1 554
3 1020 718 554
3 718 1 1020
3 718 1 554
3 1102 554 1020
3 554 1102 318
3 554 318 1065
3 567 554 1020
3 1020 567 1102
3 567 554 1102
3 567 554 718
3 855 46 178
3 1173 46 178
3 1173 46 855
3 178 1173 855
3 46 613 178
3 613 178 855
3 46 1197 178
3 613 178 1197
3 46 1197 613
3 1173 178 1197
3 178 49 1197
3 178 49 1173
3 425 178 1173
3 827 178 1173
3 827 178 425
3 1081 108 333
3 629 108 333
3 333 1081 629
3 1081 108 629
3 108 425 333
3 425 108 1081
3 108 839 333
3 425 333 839
3 839 425 108
3 629 108 839
3 846 108 1081
3 425 108 846
3 425 108 1173
3 108 425 178
3 1173 108 178
3 425 108 531
3 531 108 1173
3 1128 259 265
3 650 1128 259
3 265 1128 650
3 629 259 1128
3 629 839 1128
3 629 259 839
3 839 259 1128
3 629 265 1128
3 629 108 1128
3 629 265 108
3 265 108 1128
3 1128 839 108
3 108 1128 178
3 1128 178 425
3 1128 425 108
3 855 131 1128
3 1128 178 855
3 178 131 855
3 1128 131 178
3 1128 131 265
3 855 265 1128
3 1128 131 292
3 265 1128 292
3 187 472 1043
3 1043 203 187
3 472 203 187
3 1043 203 472
3 1043 472 962
3 962 187 472
3 962 187 1043
3 344 480 1043
3 1043 376 344
3 480 376 344
3 480 376 1043
3 1043 480 962
3 1043 444 480
3 962 444 1043
3 181 915 592
3 915 867 592
3 181 915 867
3 526 915 690
3 690 915 665
3 915 665 526
3 915 592 547
3 547 690 915
3 690 592 547
3 690 915 592
3 547 181 915
3 690 915 600
3 600 526 915
3 600 547 915
3 547 600 181
3 600 181 915
3 915 621 526
3 600 915 621
3 526 343 915
3 343 181 915
3 526 181 915
3 526 181 343
3 343 621 915
3 915 362 621
3 600 362 915
3 915 372 343
3 621 372 343
3 621 372 915
3 181 915 372
3 410 372 915
3 181 915 410
3 361 45 878
3 640 361 878
3 640 45 878
3 361 640 45
3 361 45 279
3 361 45 1080
3 279 1080 361
3 628 361 652
3 361 628 279
3 652 279 361
3 643 361 652
3 643 628 652
3 628 643 361
3 724 244 837
3 635 244 837
3 724 244 635
3 837 329 244
3 724 244 329
3 299 244 459
3 459 244 1139
3 299 1139 244
3 244 55 837
3 244 55 329
3 244 329 1187
3 1187 459 244
3 1187 459 329
3 244 459 329
3 724 244 1187
3 299 244 1187
3 724 299 1187
3 724 299 244
3 244 837 1132
3 1132 459 244
3 837 1132 459
3 837 459 244
3 244 55 1132
3 1171 244 329
3 244 55 1171
3 499 244 1132
3 499 55 1132
3 244 499 55
3 459 244 499
3 459 244 614
3 499 614 244
3 72 1101 138
3 1101 138 956
3 1101 956 72
3 1101 118 672
3 1101 118 596
3 1101 596 672
3 1101 138 1003
3 1003 72 1101
3 434 118 1101
3 1101 138 434
3 138 118 434
3 1101 118 138
3 672 434 1101
3 1003 434 1101
3 672 1003 434
3 1003 672 1101
3 1101 512 1003
3 512 1101 72
3 1003 192 1101
3 512 192 1101
3 660 72 1101
3 672 660 1101
3 660 672 72
3 672 72 1101
3 1101 512 660
3 1101 50 672
3 672 1101 1054
3 1054 50 1101
3 660 50 1101
3 512 50 660
3 512 50 1101
3 623 385 472
3 962 385 472
3 623 385 962
3 962 623 472
3 385 867 472
3 623 385 867
3 385 1043 472
3 1043 472 867
3 1043 867 385
3 962 385 1043
3 385 181 867
3 385 623 181
3 962 385 480
3 480 1043 385
3 385 327 480
3 962 327 385
3 385 344 480
3 385 344 1043
3 385 480 422
3 385 867 422
3 480 422 867
3 385 867 480
3 385 344 422
3 848 385 422
3 848 344 422
3 385 344 848
3 848 385 867
3 448 385 848
3 448 385 867
3 147 515 389
3 515 732 389
3 732 515 147
3 1079 485 515
3 515 147 1079
3 485 1079 147
3 485 147 515
3 729 515 1079
3 515 729 485
3 515 389 1079
3 729 389 1079
3 515 389 729
3 605 515 1076
3 515 89 1076
3 605 89 1076
3 605 89 515
3 605 515 147
3 515 147 1076
3 794 515 605
3 794 515 147
3 529 251 823
3 823 251 239
3 251 239 529
3 89 251 485
3 89 1006 485
3 1006 251 485
3 89 1006 251
3 823 251 729
3 485 251 729
3 823 251 485
3 823 485 729
3 729 529 251
3 485 251 515
3 515 89 251
3 515 89 485
3 251 515 729
3 529 515 729
3 251 529 515
3 251 1076 89
3 1076 251 515
3 944 89 251
3 944 529 251
3 944 529 89
3 529 89 251
3 1076 251 944
3 251 1076 147
3 251 147 515
3 587 251 944
3 944 587 1076
3 1076 587 251
3 529 251 587
3 1179 251 587
3 529 251 1179
3 833 76 821
3 191 833 76
3 833 191 821
3 723 76 833
3 833 560 723
3 560 76 723
3 560 76 833
3 821 723 833
3 484 833 560
3 833 610 560
3 833 610 484
3 723 444 833
3 821 444 833
3 821 444 723
3 444 833 560
3 723 444 560
3 484 444 833
3 833 327 444
3 833 327 484
3 833 327 962
3 444 962 833
3 719 484 833
3 821 719 833
3 821 719 484
3 821 484 833
3 833 327 719
3 833 166 821
3 833 166 946
3 946 833 821
3 719 166 833
3 327 166 719
3 327 833 166
3 965 328 1170
3 965 328 0
3 328 0 1170
3 293 328 610
3 610 791 328
3 293 791 328
3 260 965 328
3 260 610 328
3 260 965 610
3 610 328 965
3 1170 260 328
3 610 328 1060
3 1060 293 328
3 1060 260 328
3 1060 260 1170
3 328 1170 1060
3 1170 134 328
3 293 134 328
3 293 134 1170
3 1170 293 328
3 966 328 1170
3 134 966 328
3 917 328 1170
3 917 966 328
3 191 1141 417
3 438 1141 417
3 191 1141 438
3 997 417 1141
3 1141 433 997
3 433 417 997
3 433 417 1141
3 997 191 1141
3 1141 433 1100
3 1141 758 433
3 1100 758 1141
3 997 137 1141
3 191 137 997
3 191 137 1141
3 433 1141 137
3 1100 137 1141
3 1141 8 1100
3 1141 8 137
3 1100 165 1141
3 191 165 1141
3 191 165 1100
3 1100 191 1141
3 1141 8 165
3 1138 8 1141
3 1141 1138 137
3 1141 639 165
3 1141 639 8
3 639 8 165
3 191 1141 639
3 1141 639 821
3 191 1141 821
3 1084 200 1146
3 402 200 1084
3 402 200 1146
3 403 83 200
3 1146 83 200
3 200 1146 403
3 403 83 1146
3 83 632 200
3 632 200 403
3 83 1084 200
3 1084 200 632
3 83 1084 632
3 1090 200 403
3 277 200 403
3 277 200 1090
3 31 1176 200
3 31 1090 200
3 31 1176 1090
3 1176 200 1090
3 1146 200 1176
3 1146 31 200
3 689 200 1146
3 689 200 1176
3 576 402 599
3 1084 576 402
3 599 576 1084
3 576 402 613
3 855 576 613
3 855 402 576
3 613 402 855
3 613 599 576
3 855 576 1128
3 576 265 855
3 576 265 1128
3 613 178 576
3 613 599 178
3 599 178 576
3 855 576 178
3 1128 178 576
3 576 108 178
3 576 108 1128
3 178 1173 576
3 576 108 1173
3 576 1128 839
3 839 599 576
3 1128 599 839
3 1128 599 576
3 576 108 839
3 599 576 621
3 576 466 599
3 621 576 466
3 621 576 839
3 621 108 839
3 576 621 108
3 507 68 648
3 648 258 507
3 258 68 507
3 648 258 68
3 684 507 648
3 648 68 684
3 681 507 648
3 681 684 507
3 648 684 681
3 648 258 681
3 648 258 769
3 681 769 648
3 648 771 258
3 771 648 769
3 648 151 681
3 648 151 769
3 1046 648 681
3 648 151 1046
3 1019 73 463
3 886 73 463
3 886 1019 73
3 463 1019 886
3 73 508 463
3 508 73 1019
3 73 510 463
3 510 463 508
3 510 508 73
3 886 73 510
3 886 73 760
3 759 73 760
3 886 759 73
3 760 510 73
3 819 73 760
3 819 73 510
3 73 760 460
3 73 508 460
3 760 460 508
3 760 508 73
3 819 73 460
3 716 73 510
3 716 73 819
3 1148 73 460
3 1148 73 819
3 460 1148 819
3 508 73 1148
3 73 68 508
3 73 68 1148
3 1025 148 679
3 1046 1025 679
3 1025 1046 148
3 516 148 1025
3 1025 486 516
3 486 148 1025
3 486 148 516
3 679 516 1025
3 194 1025 486
3 1025 1022 194
3 1022 486 1025
3 973 516 1025
3 679 516 973
3 973 679 1025
3 1025 486 973
3 973 194 1025
3 440 1025 194
3 1025 440 973
3 513 194 1025
3 679 513 1025
3 513 194 679
3 679 194 1025
3 1025 440 513
3 1025 824 440
3 973 824 1025
3 513 289 1025
3 440 289 513
3 1025 289 440
3 1025 289 679
3 445 1025 289
3 1025 445 679
3 780 213 1099
3 780 399 1099
3 780 399 213
3 399 213 1099
3 925 1099 213
3 780 925 1099
3 964 213 1099
3 1099 925 964
3 780 375 1099
3 780 375 925
3 925 375 1099
3 1099 375 399
3 1099 120 213
3 1099 120 964
3 925 128 1099
3 964 128 1099
3 1196 375 1099
3 1196 1099 399
3 1099 920 120
3 1099 920 213
3 990 964 1099
3 990 399 1099
3 964 399 990
3 964 399 1099
3 1099 120 990
3 399 1099 595
3 595 1099 17
3 1099 17 399
3 990 595 1099
3 595 120 990
3 595 1099 120
3 644 215 1157
3 546 215 1157
3 546 215 644
3 806 215 857
3 806 846 215
3 846 215 857
3 1157 215 241
3 806 215 241
3 241 1157 806
3 806 215 1157
3 215 644 241
3 806 215 1092
3 1092 857 215
3 215 1092 241
3 1092 241 644
3 1092 644 215
3 215 644 421
3 215 857 421
3 857 421 644
3 857 644 215
3 644 215 1116
3 1116 215 421
3 215 184 644
3 215 184 1116
3 830 759 828
3 828 574 830
3 759 574 828
3 830 759 574
3 830 759 645
3 828 645 830
3 234 830 759
3 645 234 830
3 886 759 830
3 234 886 830
3 830 913 234
3 34 913 830
3 234 34 830
3 645 830 913
3 830 807 34
3 913 807 34
3 913 830 807
3 830 104 913
3 645 104 830
3 442 852 506
3 852 350 506
3 852 350 442
3 852 574 857
3 852 846 574
3 852 846 857
3 852 506 145
3 145 574 852
3 574 506 145
3 574 506 852
3 442 145 852
3 574 852 421
3 857 421 852
3 421 145 852
3 421 145 442
3 442 421 852
3 852 215 421
3 852 215 857
3 852 215 1116
3 421 1116 852
3 852 857 1092
3 852 442 1092
3 857 442 1092
3 852 442 857
3 852 215 1092
3 852 307 442
3 852 307 835
3 442 852 835
3 852 307 1092
3 307 215 1092
3 307 852 215
3 409 366 842
3 738 366 842
3 738 409 842
3 738 409 366
3 866 409 961
3 961 340 409
3 866 409 340
3 424 409 961
3 866 424 409
3 409 91 961
3 409 91 340
3 409 961 983
3 983 842 409
3 961 842 983
3 961 842 409
3 409 91 983
3 914 91 409
3 340 914 409
3 580 409 983
3 580 91 983
3 409 580 91
3 580 409 842
3 580 685 409
3 685 409 842
3 272 730 321
3 804 730 321
3 804 730 272
3 663 321 730
3 730 556 663
3 556 321 663
3 556 730 321
3 663 272 730
3 730 556 585
3 835 556 730
3 585 835 730
3 718 663 730
3 663 718 272
3 718 272 730
3 730 556 718
3 718 585 730
3 730 567 585
3 730 567 718
3 889 585 730
3 730 272 889
3 585 272 889
3 585 272 730
3 730 567 889
3 567 554 730
3 718 554 730
3 730 172 889
3 567 172 889
3 730 567 172
3 730 172 272
3 796 555 717
3 717 553 796
3 555 796 553
3 555 553 717
3 717 249 555
3 717 249 796
3 555 305 717
3 717 249 305
3 687 717 305
3 555 717 687
3 717 589 305
3 589 249 717
3 795 305 717
3 717 553 795
3 553 795 305
3 553 305 717
3 717 687 795
3 717 722 687
3 555 722 717
3 800 717 795
3 800 687 795
3 800 717 687
3 800 717 553
3 717 800 163
3 717 163 553
3 553 538 571
3 796 553 571
3 796 538 571
3 796 538 553
3 553 657 571
3 657 571 538
3 553 717 571
3 553 717 657
3 717 657 571
3 717 571 796
3 571 159 538
3 1001 159 571
3 538 1001 571
3 571 249 717
3 571 249 796
3 796 571 863
3 863 571 907
3 796 571 907
3 863 571 785
3 571 159 785
3 863 159 785
3 571 863 159
3 571 796 785
3 816 232 880
3 816 232 612
3 612 232 880
3 816 232 448
3 592 232 448
3 448 816 592
3 816 232 592
3 232 880 448
3 185 232 592
3 592 697 232
3 185 697 232
3 232 848 448
3 232 880 848
3 848 880 448
3 592 232 848
3 848 185 232
3 1051 232 848
3 1051 232 185
3 1051 422 232
3 422 232 848
3 670 185 232
3 232 880 670
3 670 880 185
3 880 185 232
3 1051 232 670
3 812 232 880
3 509 812 232
3 509 232 880
3 812 232 670
3 1051 812 670
3 1051 232 812
3 799 146 354
3 435 799 146
3 354 799 435
3 512 146 799
3 512 660 799
3 512 146 660
3 660 146 799
3 512 354 799
3 799 660 1180
3 799 449 660
3 799 449 1180
3 512 270 799
3 354 270 512
3 354 270 799
3 660 799 270
3 1180 270 799
3 799 28 270
3 799 28 1180
3 1136 28 799
3 270 1136 799
3 1180 310 799
3 354 310 799
3 354 310 1180
3 799 354 1180
3 799 28 310
3 865 799 354
3 865 799 686
3 354 799 686
3 310 865 799
3 865 28 310
3 799 865 28
3 933 276 854
3 100 933 276
3 854 100 933
3 933 276 805
3 854 805 933
3 805 374 933
3 374 276 805
3 374 933 276
3 933 922 276
3 933 922 100
3 933 704 854
3 704 933 100
3 558 220 1047
3 558 219 1047
3 220 219 1047
3 220 219 558
3 558 220 496
3 558 496 1047
3 1112 220 558
3 1112 558 496
3 558 219 722
3 558 555 219
3 558 555 722
3 558 722 861
3 558 496 861
3 722 861 496
3 558 496 722
3 558 306 861
3 558 306 722
3 558 109 496
3 558 109 451
3 558 451 496
3 558 109 861
3 306 109 861
3 558 109 306
3 854 54 924
3 276 924 54
3 276 54 854
3 924 54 306
3 722 54 306
3 306 924 722
3 722 54 924
3 54 854 306
3 722 54 219
3 722 54 907
3 907 54 219
3 54 558 306
3 558 854 306
3 54 854 558
3 722 54 558
3 558 219 54
3 1047 54 219
3 1047 54 558
3 54 219 504
3 54 854 504
3 504 854 219
3 54 854 219
3 1047 54 504
3 1047 496 54
3 496 54 558
3 704 54 504
3 1047 54 704
3 1047 704 504
3 704 54 854
3 704 54 933
3 854 54 933
3 1159 284 748
3 284 255 748
3 748 255 1159
3 1159 284 255
3 187 284 1159
3 284 203 1159
3 284 203 187
3 1159 284 384
3 284 384 748
3 384 187 284
3 284 472 187
3 472 284 384
3 472 284 962
3 962 187 284
3 472 284 1050
3 1050 284 384
3 444 284 962
3 472 444 962
3 472 444 284
3 1056 267 1193
3 1193 535 1056
3 535 267 1056
3 1193 535 267
3 24 1193 267
3 1056 24 1193
3 578 267 1193
3 24 1193 578
3 1056 150 1193
3 150 24 1056
3 150 24 1193
3 1193 535 150
3 262 1193 535
3 1193 535 113
3 262 113 1193
3 262 150 1193
3 455 1193 262
3 150 1193 455
3 262 150 455
3 872 262 1193
3 872 24 1193
3 872 24 262
3 262 24 1193
3 1193 455 872
3 150 998 455
3 1193 998 455
3 1193 998 150
3 872 457 1193
3 457 455 1193
3 457 455 872
3 24 1193 457
3 457 308 1193
3 24 1193 308
3 936 257 763
3 936 927 257
3 936 927 763
3 763 454 936
3 936 257 454
3 936 150 455
3 936 150 262
3 936 262 455
3 936 289 763
3 936 289 454
3 998 454 936
3 936 455 998
3 455 454 998
3 455 454 936
3 936 257 998
3 936 150 998
3 257 150 998
3 936 257 150
3 999 763 936
3 936 455 999
3 999 763 455
3 763 455 936
3 936 289 999
3 822 289 936
3 936 822 454
3 936 65 999
3 289 65 999
3 289 65 936
3 936 65 455
3 872 936 65
3 455 936 872
3 532 311 864
3 311 864 586
3 864 586 532
3 664 864 311
3 532 864 664
3 864 586 489
3 864 489 311
3 532 353 864
3 353 309 864
3 532 353 309
3 532 309 864
3 353 586 864
3 357 311 864
3 357 309 864
3 357 311 309
3 311 309 864
3 357 664 864
3 864 664 690
3 864 690 532
3 1021 864 309
3 1021 864 27
3 864 27 309
3 353 1021 864
3 353 1021 586
3 864 1021 586
3 864 819 357
3 357 819 664
3 819 664 864
3 309 864 819
3 887 864 819
3 887 864 309
3 684 508 1033
3 1033 68 508
3 1033 68 684
3 508 1033 1019
3 1033 1019 684
3 582 508 1033
3 582 231 1033
3 508 582 231
3 508 231 1033
3 1033 68 582
3 648 68 1033
3 684 648 1033
3 508 73 1033
3 1033 73 1019
3 684 366 1033
3 366 231 1033
3 684 231 1033
3 366 684 231
3 366 1019 1033
3 684 366 1019
3 582 546 1033
3 546 68 582
3 546 1033 68
3 231 1033 546
3 546 1033 184
3 1033 184 231
3 694 231 774
3 366 231 774
3 366 231 694
3 694 366 774
3 774 1116 694
3 231 1116 774
3 866 694 774
3 1116 774 866
3 231 1033 774
3 1116 1033 231
3 1116 1033 774
3 1033 774 366
3 774 340 694
3 774 340 866
3 774 211 1116
3 774 211 866
3 1019 1033 774
3 1019 774 366
3 804 340 774
3 694 804 774
3 866 409 774
3 409 366 774
3 866 409 366
3 774 366 866
3 774 340 409
3 409 842 774
3 842 340 409
3 774 842 340
3 842 774 366
3 45 980 279
3 980 279 361
3 361 45 980
3 1008 279 980
3 45 1008 980
3 628 361 980
3 628 135 980
3 361 135 628
3 361 135 980
3 980 279 628
3 980 878 45
3 361 980 878
3 980 56 135
3 980 56 295
3 135 980 295
3 628 56 980
3 279 56 628
3 980 56 279
3 406 45 980
3 406 135 980
3 406 135 45
3 135 45 980
3 406 878 980
3 406 130 980
3 878 130 980
3 406 130 878
3 980 130 135
3 135 980 427
3 427 980 130
3 844 344 1043
3 844 344 385
3 844 385 1043
3 235 844 263
3 431 263 844
3 844 431 235
3 376 344 844
3 844 263 376
3 344 263 376
3 344 844 263
3 1043 376 844
3 844 263 646
3 646 235 844
3 646 376 844
3 646 1043 376
3 1043 646 844
3 235 844 949
3 646 844 949
3 235 203 844
3 1043 203 844
3 1043 203 235
3 1043 235 844
3 203 949 844
3 646 217 844
3 844 217 949
3 203 187 844
3 844 949 187
3 203 187 949
3 844 187 1043
3 962 844 1043
3 962 844 187
3 959 89 485
3 515 89 959
3 485 959 515
3 959 89 1006
3 959 271 1006
3 271 89 1006
3 271 89 959
3 959 485 1006
3 959 271 303
3 959 271 994
3 303 994 959
3 1006 658 959
3 658 485 1006
3 658 485 959
3 959 271 658
3 658 303 959
3 658 959 727
3 959 727 303
3 959 236 727
3 658 236 959
3 584 303 959
3 584 485 959
3 485 303 584
3 485 303 959
3 584 727 959
3 959 193 485
3 729 959 193
3 485 959 729
3 584 193 959
3 584 193 727
3 959 193 727
3 67 1192 136
3 363 136 1192
3 67 1192 363
3 134 1192 328
3 1192 328 966
3 1192 966 134
3 1060 136 1192
3 1192 328 1060
3 328 136 1060
3 1192 328 136
3 1060 67 1192
3 1192 328 293
3 293 134 1192
3 1060 293 1192
3 293 67 1060
3 293 67 1192
3 266 1192 134
3 1192 266 293
3 1056 134 1192
3 1056 67 1192
3 1056 67 134
3 134 67 1192
3 1192 266 1056
3 1192 791 266
3 1192 791 293
3 1056 267 1192
3 267 266 1056
3 267 266 1192
3 67 1192 267
3 1135 1192 267
3 67 1192 1135
3 632 200 981
3 814 632 981
3 632 814 200
3 814 200 981
3 981 403 632
3 981 403 200
3 632 429 981
3 429 403 632
3 429 403 981
3 981 429 814
3 981 403 1090
3 1090 200 981
3 1199 981 429
3 1199 981 814
3 981 212 403
3 981 212 1090
3 981 31 1090
3 981 31 200
3 1090 522 981
3 814 522 981
3 1090 814 522
3 981 814 1090
3 981 31 522
3 1146 31 981
3 200 1146 981
3 522 245 981
3 245 31 522
3 245 981 31
3 981 245 814
3 245 981 66
3 981 66 814
3 648 769 736
3 736 684 648
3 769 684 648
3 736 769 684
3 130 736 769
3 736 769 406
3 736 406 130
3 769 736 151
3 151 130 736
3 648 151 736
3 736 903 130
3 427 903 736
3 427 130 736
3 151 736 903
3 736 685 427
3 903 685 427
3 903 736 685
3 903 736 87
3 151 87 736
3 1042 145 626
3 667 145 1042
3 1042 667 626
3 1042 828 830
3 1042 645 828
3 1042 645 830
3 1042 145 211
3 626 211 1042
3 1042 828 574
3 1042 145 574
3 828 145 574
3 828 145 1042
3 830 574 1042
3 574 211 1042
3 574 830 211
3 830 211 1042
3 1042 424 626
3 211 1042 424
3 807 626 1042
3 830 807 1042
3 830 626 807
3 830 626 1042
3 1042 424 807
3 1042 424 866
3 1042 866 211
3 807 34 1042
3 424 34 807
3 1042 34 424
3 1042 34 830
3 1042 34 234
3 1042 234 830
3 538 501 571
3 159 501 538
3 571 159 501
3 538 501 657
3 501 571 657
3 501 317 657
3 538 317 657
3 501 538 317
3 538 783 501
3 159 783 501
3 785 501 159
3 432 785 501
3 432 159 501
3 785 501 571
3 432 523 501
3 785 523 432
3 785 523 501
3 785 796 501
3 796 501 571
3 1164 202 225
3 933 202 225
3 933 1164 202
3 1164 933 225
3 757 225 1164
3 202 757 225
3 1164 170 225
3 170 225 757
3 1172 225 1164
3 1172 225 170
3 170 1066 225
3 757 1066 225
3 225 43 1172
3 225 43 1164
3 374 170 225
3 225 933 374
3 933 374 170
3 933 170 225
3 1172 225 374
3 805 225 933
3 854 225 805
3 854 225 933
3 805 225 374
3 1172 805 374
3 1172 805 225
3 734 604 723
3 734 76 604
3 723 76 734
3 748 734 284
3 734 384 748
3 284 734 384
3 723 713 734
3 734 604 713
3 255 748 734
3 255 604 734
3 255 748 604
3 734 748 604
3 284 255 734
3 734 560 723
3 734 560 713
3 713 255 734
3 713 284 255
3 713 284 734
3 723 444 734
3 444 284 734
3 444 723 284
3 723 284 734
3 444 560 734
3 607 560 734
3 713 607 734
3 444 962 734
3 444 962 560
3 734 560 962
3 962 734 284
3 734 187 962
3 734 187 284
3 878 379 361
3 980 379 361
3 980 379 878
3 878 379 640
3 804 379 640
3 804 379 878
3 640 878 804
3 379 361 640
3 804 379 914
3 379 340 914
3 804 340 379
3 640 272 379
3 640 361 272
3 361 272 379
3 272 379 804
3 914 272 379
3 379 172 272
3 379 172 914
3 379 172 730
3 272 730 379
3 379 914 643
3 379 361 643
3 914 643 361
3 379 361 914
3 379 172 643
3 652 379 361
3 379 652 279
3 379 279 361
3 652 379 643
3 652 172 643
3 652 379 172
3 156 366 684
3 156 736 684
3 684 366 736
3 156 736 366
3 1019 156 366
3 1019 156 684
3 1019 156 738
3 366 738 156
3 648 156 684
3 684 648 1019
3 1019 156 648
3 648 156 736
3 162 1019 156
3 162 156 738
3 842 156 366
3 842 156 738
3 156 151 648
3 156 151 736
3 774 842 156
3 774 156 366
3 156 738 685
3 156 736 685
3 738 685 736
3 738 736 156
3 842 156 685
3 427 156 736
3 427 156 130
3 156 130 736
3 427 156 685
3 685 427 842
3 427 156 842
3 1007 377 674
3 845 674 1007
3 377 674 845
3 1107 674 1007
3 674 1107 377
3 1007 523 674
3 523 501 674
3 1007 501 523
3 674 501 1007
3 523 845 674
3 845 345 674
3 377 345 674
3 1107 44 674
3 674 44 1007
3 377 317 674
3 501 317 674
3 501 377 317
3 501 377 674
3 317 1107 674
3 523 432 674
3 523 432 845
3 674 432 845
3 674 432 501
3 432 674 159
3 674 159 501
3 501 674 657
3 674 571 657
3 501 674 571
3 674 657 317
3 1107 657 317
3 1107 674 657
3 933 225 1012
3 1012 100 933
3 225 100 933
3 1012 225 100
3 933 202 1012
3 202 1012 225
3 933 704 1012
3 704 202 933
3 704 202 1012
3 1012 100 704
3 1012 225 757
3 202 1012 757
3 1012 100 141
3 704 141 1012
3 1012 100 1189
3 141 1189 1012
3 517 1012 141
3 1012 517 704
3 1098 141 1012
3 1012 202 1098
3 202 1098 141
3 202 141 1012
3 1012 517 1098
3 1012 504 517
3 704 504 1012
3 1012 398 1098
3 517 398 1098
3 517 398 1012
3 202 1012 398
3 1175 1012 398
3 1175 1012 202
5 1078 801 798 1058 935
5 541 33 388 390 393
5 79 557 733 99 339
5 1049 283 291 890 1083
5 160 614 747 781 896
5 37 386 434 1139 1070
5 176 77 1161 1162 813
5 140 168 957 1190 201
5 93 479 935 132 144
5 390 731 1013 735 518
5 330 169 482 1163 1016
5 12 894 1137 884 603
5 545 1009 1061 133 6
5 401 519 1133 581 591
5 551 947 608 751 950
5 129 281 204 705 859
5 405 901 1105 1129 1117
5 404 900 1123 988 747
5 274 243 441 1077 588
5 602 661 1149 983 99
5 237 80 580 1049 1158
5 1071 1194 888 387 38
5 897 989 1117 615 161
5 199 688 1023 668 60
5 52 1086 1162 478 490
5 240 408 1111 579 468
5 268 233 1085 1015 536
5 473 204 726 993 753
5 90 476 931 523 541
5 378 941 1114 411 243
5 197 701 1097 236 271
5 983 301 56 652 1011
5 339 206 1127 649 615
5 784 1133 790 746 786
5 288 64 6 304 715
5 193 462 394 391 389
5 505 221 752 1184 990
5 58 81 595 1091 1048
5 63 286 160 499 725
5 563 313 743 1114 1132
5 98 338 78 188 977
5 98 1073 817 658 601
5 471 693 589 687 126
5 305 1075 851 1115 803
5 298 498 493 638 71
5 26 417 723 494 154
5 560 76 997 1134 1131
5 39 671 1001 657 831
5 163 450 550 1037 1034
5 458 456 902 564 461
5 1000 570 464 937 1166
5 127 1098 1053 1068 297
5 563 537 44 845 963
5 282 1017 538 317 710
5 171 651 802 1191 795
5 209 278 317 553 305
5 75 487 491 497 300
5 649 1194 1004 906 636
5 346 347 349 1109 957
5 109 110 330 795 1075
5 47 904 1074 565 176
5 315 552 1191 373 275
5 638 247 1108 1014 909
5 207 30 524 996 728
5 380 81 17 997 943
5 88 174 1064 1196 940
5 772 23 58 1064 1145
5 978 207 9 1035 871
5 371 815 1186 752 227
5 79 879 1164 1181 566
5 43 757 1150 890 112
5 424 667 820 465 91
5 241 827 1103 308 114
5 806 531 27 882 1157
5 252 931 1007 544 725
5 789 996 993 991 352
5 88 59 396 607 604
5 805 530 1 1035 1188
5 316 995 1102 374 276
5 818 1147 871 1048 367
5 879 1129 1071 300 20
5 112 631 1109 813 199
5 143 374 924 861 20
5 1172 631 109 306 805
5 1080 573 164 904 628
5 16 264 349 851 832
5 56 279 594 928 636
5 628 643 91 580 951
5 358 332 395 838 901
5 351 737 739 742 745
5 419 692 812 953 230
5 69 447 1152 775 670
5 148 666 1085 921 926
5 516 976 37 183 29
5 138 118 1160 921 364
5 95 1169 874 843 186
5 744 188 189 951 954
5 161 287 290 295 301
5 78 428 1055 1190 565
5 673 1004 662 420 4
5 550 1183 630 683 534
5 142 373 707 415 19
5 536 793 853 603 4
5 53 482 1055 1168 495
5 312 310 740 1111 793
5 28 865 938 495 155
5 274 364 1187 630 420
5 459 411 1177 918 329
5 765 837 856 1107 345
5 329 792 1041 831 15
5 169 142 205 1124 346
5 369 918 1183 884 487
5 155 5 1155 985 893
5 568 540 612 682 680
5 797 359 1026 934 1057
5 183 397 1167 1168 94
5 182 654 876 1069 208
5 396 753 1093 698 175
5 275 53 464 911 590
5 762 902 853 1037 776
5 929 282 707 938 248
5 312 534 39 337 528
5 90 991 750 619 593
5 678 393 520 929 475
5 391 519 1108 780 732
5 107 617 749 794 768
5 196 700 1096 524 59
5 214 1072 1002 247 617
5 69 294 720 862 74
5 588 287 888 1174 1015
5 439 63 705 700 1178
5 473 139 368 905 252
5 84 325 313 947 214
5 413 332 583 1050 1159
5 632 277 93 1121 955
5 1006 817 426 859 1076
5 611 608 605 89 271
5 587 286 434 1185 1087
5 3 672 1003 439 119
5 743 118 82 381 944
5 529 1154 1165 941 89
5 138 459 837 834 192
5 860 1077 1140 1149 427
5 355 80 685 903 900
5 486 824 810 1082 661
5 35 21 237 741 973
5 14 897 1140 666 240
5 1120 355 29 1155 1052
5 842 162 969 807 961
5 65 979 1165 1160 445
5 258 180 378 926 1046
5 115 458 767 810 916
5 754 51 375 940 1134
5 968 780 850 430 26
5 30 375 925 1045 133
5 417 433 1184 809 689
5 713 876 1002 1005 1024
5 227 250 1005 968 106
5 283 34 336 446 712
5 152 668 1158 868 891
5 838 407 913 807 733
5 1018 584 1079 1045 647
5 303 841 960 360 899
5 945 1028 626 961 1011
5 206 143 170 787 945
5 238 465 575 1172 1066
5 97 770 647 1032 543
5 521 930 919 768 394
5 863 432 950 919 825
5 107 898 801 124 401
5 97 281 523 785 502
5 383 335 414 786 503
5 195 912 885 715 826
5 47 264 575 1083 412
5 412 60 92 1120 954
5 223 221 606 356 539
5 316 1095 1014 676 223
5 126 711 1144 1127 497
5 654 624 551 898 71
5 777 1104 834 963 624
5 527 182 101 765 167
5 12 341 323 514 764
5 709 123 720 703 1163
5 358 1121 1053 1063 173
5 62 95 1105 958 319
5 226 52 1151 967 105
5 105 398 517 562 675
5 619 248 570 263 217
5 198 698 1106 656 865
5 1122 564 528 1030 646
5 511 514 561 953 509
5 117 334 208 975 310
5 354 1180 870 840 527
5 242 115 740 1180 597
5 549 449 28 883 1036
5 693 365 992 751 620
5 611 537 699 1094 633
5 426 544 209 542 841
5 642 469 197 1132 856
5 1137 874 861 687 800
5 15 450 800 436 642
5 590 400 518 782 1017
5 222 675 811 709 315
5 302 132 1153 776 671
5 785 788 562 782 783
5 721 863 159 302 297
5 568 972 869 1153 323
5 36 974 742 413 144
5 1068 36 341 1034 1059
5 57 1063 986 894 158
5 33 726 1142 1061 324
5 256 22 770 1142 1096
5 1086 168 110 451 808
5 721 704 922 1095 124
5 141 127 1078 909 371
5 504 788 324 9 100
5 31 212 731 789 174
5 493 250 1176 1090 479
5 452 809 1176 522 111
5 380 1125 875 245 31
5 319 1098 1090 814 177
5 141 522 1113 1181 202
5 10 336 234 510 761
5 910 577 913 886 716
5 645 760 357 755 1029
5 775 761 454 1119 1036
5 242 692 910 822 257
5 763 513 756 86 11
5 2 185 755 311 533
5 532 836 1118 848 547
5 1072 777 840 260 154
5 1170 382 84 430 1060
5 359 970 216 400 123
5 911 475 949 431 862
5 216 678 352 748 616
5 255 1159 869 892 498
5 179 134 714 706 597
5 266 533 549 1182 966
5 873 569 1151 1023 712
5 16 530 1020 889 643
5 960 625 1074 1124 572
5 164 102 542 171 347
5 906 369 469 423 253
5 662 290 708 701 1177
5 130 860 708 598 335
5 441 151 771 1143 1097
5 912 406 903 977 360
5 942 1008 878 321 356
5 640 663 818 326 45
5 594 471 521 784 942
5 318 711 702 581 539
5 304 1032 1115 573 326
5 292 66 7 238 492
5 350 348 787 1113 1110
5 526 839 425 1103 353
5 116 309 532 600 333
5 224 609 1028 566 177
5 557 958 955 952 190
5 483 650 1199 1150 820
5 246 616 384 984 569
5 70 157 152 490 637
5 157 448 547 1029 446
5 641 592 816 737 407
5 181 653 873 669 600
5 419 440 1022 969 42
5 42 602 405 351 677
5 45 829 625 189 135
5 153 296 291 416 25
5 153 259 839 343 984
5 583 372 621 629 952
5 849 1041 1027 975 548
5 499 55 651 572 1073
5 55 635 481 377 278
5 194 971 868 1152 756
5 50 1044 1089 579 270
5 11 893 1136 660 218
5 948 745 173 186 38
5 627 1156 986 974 680
5 682 230 1082 989 948
5 92 478 934 447 21
5 299 1070 988 428 19
5 72 397 1039 778 672
5 298 895 548 1030 261
5 101 845 432 798 895
5 96 280 235 511 762
5 337 881 1058 892 96
5 598 423 633 994 727
5 147 485 303 500 22
5 77 61 94 1123 744
5 201 703 937 5 61
5 605 944 987 850 749
5 273 51 256 1076 587
5 484 260 334 376 480
5 344 327 610 965 1106
5 25 429 403 1013 967
5 1056 655 32 381 1126
5 267 48 1179 1087 535
5 229 507 582 691 418
5 1062 258 68 546 1010
5 294 1067 1052 1161 18
5 14 387 627 561 767
5 86 35 1067 1166 883
5 50 512 1104 382 179
5 146 660 1182 917 368
5 512 167 792 1187 956
5 270 268 683 1027 354
5 72 299 724 939 146
5 289 927 1089 916 440
5 13 386 228 999 766
5 985 1039 228 679 973
5 1147 545 40 832 1065
5 982 1138 433 399 213
5 106 399 964 790 676
5 8 655 1038 990 758
5 120 595 1100 1135 48
5 128 120 467 823 1079
5 1130 729 389 964 1038
5 1091 288 437 474 923
5 85 525 746 505 103
5 41 418 437 584 899
5 525 1062 1143 727 193
5 114 474 1088 766 457
5 882 85 210 979 872
5 254 367 826 691 241
5 488 1092 644 696 663
5 574 506 609 629 1081
5 145 828 333 259 483
5 211 340 172 348 506
5 145 492 889 914 866
5 421 694 272 585 442
5 331 111 392 835 567
5 172 652 1144 1102 567
5 436 491 928 477 1094
5 462 414 932 477 365
5 129 500 342 803 877
5 102 829 885 1018 342
5 306 555 320 543 40
5 930 702 924 722 249
5 875 285 585 1020 1198
5 1 718 488 149 23
5 686 198 593 470 125
5 710 125 724 1171 802
5 408 456 764 779 1174
5 75 843 1156 779 673
5 226 314 1112 1016 370
5 122 1175 808 688 416
5 10 891 1057 880 185
5 1000 670 2 847 656
5 117 461 812 1051 858
5 481 939 435 1093 476
5 140 18 1026 908 370
5 246 637 908 811 735
5 103 618 659 1195 773
5 1009 502 219 854 1188
5 388 728 1145 1189 517
5 49 634 923 578 269
5 452 559 1040 618 46
5 392 307 806 1173 855
5 503 606 1040 1157 1010
5 254 634 1197 1125 149
5 293 1170 870 858 443
5 70 970 187 623 653
5 472 203 972 739 410
5 1130 773 24 262 1154
5 113 455 763 778 1185
5 3 218 1119 998 535
5 1126 150 257 1044 1054
5 982 67 134 1031 987
5 104 759 819 664 641
5 1051 697 664 489 706
5 1021 1195 1056 714 586
5 836 266 267 269 353
5 586 443 422 592 690
5 139 196 1131 965 622
5 510 513 999 507 508
5 194 679 681 684 463
5 229 681 976 781 695
5 857 644 582 460 116
5 231 421 828 760 508
5 41 601 404 87 769
5 556 554 995 1186 559
5 191 1100 1197 613 322
5 178 599 946 165 49
5 178 131 285 1092 827
5 531 108 621 665 1021
5 599 83 429 650 1128
5 425 857 442 292 1128
5 235 540 816 867 1043
5 1069 646 1043 444 494
5 480 719 665 915 867
5 362 915 410 395 453
5 361 272 718 1065 1080
5 244 1139 1003 905 635
5 338 614 244 1171 205
5 233 956 1101 596 121
5 192 1101 1054 1031 325
5 385 327 166 526 181
5 732 515 529 32 213
5 13 896 1006 251 239
5 485 823 1088 695 658
5 1179 251 147 925 920
5 191 833 610 136 137
5 623 962 833 946 343
5 472 372 466 821 444
5 0 328 791 1118 847
5 136 328 917 1178 754
5 758 1141 438 402 46
5 1141 1138 1060 484 821
5 8 67 293 719 639
5 277 255 1024 689 200
5 403 748 604 943 1146
5 265 224 632 1084 576
5 402 855 1110 814 200
5 466 639 659 1173 576
5 73 68 65 289 716
5 648 1046 1025 1022 1019
5 445 121 468 824 1025
5 128 64 978 1196 1099
5 137 17 1099 920 363
5 215 546 1148 887 846
5 184 215 307 556 321
5 190 453 104 830 626
5 108 846 852 350 265
5 34 424 409 738 971
5 135 361 914 409 685
5 1116 852 835 730 804
5 589 717 657 1107 699
5 722 717 163 158 496
5 571 907 1047 1059 1001
5 219 220 222 538 796
5 612 677 577 697 232
5 232 422 376 1122 509
5 74 880 848 344 263
5 435 622 0 449 799
5 415 1167 1136 799 686
5 331 170 933 922 815
5 553 555 558 1112 552
5 54 276 591 825 907
5 933 1164 1169 496 54
5 57 1047 704 202 62
5 280 261 713 284 203
5 438 723 284 1050 1084
5 1193 113 239 467 578
5 454 357 460 457 455
5 311 998 1193 308 309
5 262 82 596 927 936
5 1148 872 936 822 819
5 24 150 489 864 27
5 362 690 864 887 1081
5 383 771 648 1033 184
5 231 684 769 195 696
5 73 1033 1116 574 759
5 211 830 886 1019 774
5 980 295 253 932 1008
5 431 844 385 448 797
5 175 560 962 844 217
5 794 992 994 959 515
5 180 210 729 959 236
5 966 119 273 363 1192
5 165 166 791 1192 1135
5 1199 981 212 398 122
5 131 66 981 1146 613
5 406 640 694 366 736
5 87 516 741 738 736
5 669 296 667 1042 645
5 234 463 366 866 1042
5 377 470 520 783 501
5 877 320 796 501 1007
5 100 225 1066 1198 772
5 43 225 854 558 451
5 76 734 384 83 322
5 187 734 607 750 949
5 340 842 427 980 379
5 279 379 730 554 318
5 156 151 148 486 162
5 156 130 878 804 774
5 849 881 159 674 345
5 44 674 571 249 620
5 7 245 1189 1012 757
5 1012 504 220 314 1175
4 0 1 2 3
4 4 5 6 7
4 8 9 10 11
4 12 13 14 15
4 16 17 18 19
4 20 21 22 23
4 24 25 26 27
4 24 28 29 30
4 31 32 33 34
4 35 36 37 38
4 31 35 39 40
4 41 42 43 44
4 20 41 45 46
4 47 48 49 50
4 8 51 52 53
4 51 54 55 56
4 54 57 58 59
4 60 61 62 63
4 64 65 66 67
4 64 68 69 70
4 71 72 73 74
4 75 76 77 78
4 79 80 81 82
4 83 84 85 86
4 87 88 89 90
4 91 92 93 94
4 91 95 96 97
4 98 99 100 101
4 102 103 104 105
4 106 107 108 109
4 106 110 111 112
4 107 113 114 115
4 116 117 118 119
4 120 121 122 123
4 124 125 126 127
4 124 128 129 130
4 131 132 133 134
4 131 135 136 137
4 138 139 140 141
4 16 142 143 144
4 145 146 147 148
4 98 145 149 150
4 17 151 152 153
4 154 155 156 157
4 154 158 159 160
4 161 162 163 164
4 165 166 167 168
4 169 170 171 172
4 169 173 174 175
4 176 177 178 179
4 176 180 181 182
4 183 184 185 186
4 110 187 188 189
4 108 187 190 191
4 12 192 193 194
4 195 196 197 198
4 28 199 200 201
4 113 199 202 203
4 109 202 204 205
4 206 207 208 209
4 0 206 210 211
4 207 212 213 214
4 215 216 217 218
4 212 219 220 221
4 208 219 222 223
4 224 225 226 227
4 228 229 230 231
4 228 232 233 234
4 39 235 236 237
4 232 238 239 240
4 36 229 235 238
4 183 241 242 243
4 92 244 245 246
4 244 247 248 249
4 247 250 251 252
4 95 245 253 254
4 250 255 256 257
4 258 259 260 261
4 45 262 263 264
4 265 266 267 268
4 265 269 270 271
4 46 272 273 274
4 275 276 277 278
4 262 272 275 279
4 280 281 282 283
4 258 280 284 285
4 281 286 287 288
4 266 289 290 291
4 292 293 294 295
4 296 297 298 299
4 300 301 302 303
4 304 305 306 307
4 68 308 309 310
4 65 308 311 312
4 313 314 315 316
4 317 318 319 320
4 317 321 322 323
4 324 325 326 327
4 324 328 329 330
4 331 332 333 334
4 335 336 337 338
4 339 340 341 342
4 55 343 344 345
4 346 347 348 349
4 346 350 351 352
4 71 350 353 354
4 355 356 357 358
4 75 355 359 360
4 361 362 363 364
4 361 365 366 367
4 368 369 370 371
4 368 372 373 374
4 372 375 376 377
4 378 379 380 381
4 382 383 384 385
4 386 387 388 389
4 390 391 392 393
4 390 394 395 396
4 397 398 399 400
4 401 402 403 404
4 173 401 405 406
4 407 408 409 410
4 411 412 413 414
4 415 416 417 418
4 415 419 420 421
4 419 422 423 424
4 411 416 422 425
4 386 420 426 427
4 428 429 430 431
4 432 433 434 435
4 436 437 438 439
4 436 440 441 442
4 443 444 445 446
4 443 447 448 449
4 378 450 451 452
4 453 454 455 456
4 450 453 457 458
4 459 460 461 462
4 463 464 465 466
4 149 467 468 469
4 146 467 470 471
4 151 470 472 473
4 18 472 474 475
4 102 476 477 478
4 479 480 481 482
4 483 484 485 486
4 29 483 487 488
4 489 490 491 492
4 116 489 493 494
4 490 495 496 497
4 498 499 500 501
4 498 502 503 504
4 120 505 506 507
4 318 508 509 510
4 505 508 511 512
4 321 509 513 514
4 515 516 517 518
4 515 519 520 521
4 522 523 524 525
4 502 522 526 527
4 499 526 528 529
4 527 530 531 532
4 523 530 533 534
4 125 535 536 537
4 128 533 535 538
4 539 540 541 542
4 543 544 545 546
4 547 548 549 550
4 138 551 552 553
4 554 555 556 557
4 558 559 560 561
4 554 558 562 563
4 139 564 565 566
4 567 568 569 570
4 571 572 573 574
4 571 575 576 577
4 567 572 578 579
4 575 578 580 581
4 296 582 583 584
4 103 585 586 587
4 588 589 590 591
4 476 585 588 592
4 158 593 594 595
4 592 596 597 598
4 473 589 596 599
4 155 593 599 600
4 600 601 602 603
4 601 604 605 606
4 246 602 607 608
4 607 609 610 611
4 612 613 614 615
4 612 616 617 618
4 613 619 620 621
4 170 616 619 622
4 174 622 623 624
4 625 626 627 628
4 625 629 630 631
4 96 632 633 634
4 635 636 637 638
4 161 635 639 640
4 641 642 643 644
4 629 645 646 647
4 626 645 648 649
4 21 650 651 652
4 180 653 654 655
4 177 653 656 657
4 654 658 659 660
4 661 662 663 664
4 40 658 661 665
4 666 667 668 669
4 670 671 672 673
4 674 675 676 677
4 678 679 680 681
4 209 678 682 683
4 682 684 685 686
4 215 679 684 687
4 688 689 690 691
4 192 688 692 693
4 13 692 694 695
4 693 696 697 698
4 188 689 696 699
4 700 701 702 703
4 195 700 704 705
4 706 707 708 709
4 710 711 712 713
4 714 715 716 717
4 718 719 720 721
4 718 722 723 724
4 722 725 726 727
4 714 719 725 728
4 729 730 731 732
4 729 733 734 735
4 730 736 737 738
4 733 739 740 741
4 742 743 744 745
4 710 742 746 747
4 748 749 750 751
4 674 748 752 753
4 752 754 755 756
4 749 754 757 758
4 759 760 761 762
4 763 764 765 766
4 165 763 767 768
4 764 769 770 771
4 772 773 774 775
4 14 767 772 776
4 776 777 778 779
4 1 773 777 780
4 210 780 781 782
4 783 784 785 786
4 787 788 789 790
4 787 791 792 793
4 791 794 795 796
4 797 798 799 800
4 794 801 802 803
4 792 801 804 805
4 463 802 806 807
4 808 809 810 811
4 806 808 812 813
4 814 815 816 817
4 818 819 820 821
4 803 814 818 822
4 241 823 824 825
4 823 826 827 828
4 32 829 830 831
4 659 832 833 834
4 242 835 836 837
4 838 839 840 841
4 842 843 844 845
4 353 842 846 847
4 259 848 849 850
4 851 852 853 854
4 855 856 857 858
4 859 860 861 862
4 859 863 864 865
4 866 867 868 869
4 282 863 866 870
4 289 864 871 872
4 267 871 873 874
4 875 876 877 878
4 872 875 879 880
4 300 881 882 883
4 297 884 885 886
4 887 888 889 890
4 887 891 892 893
4 362 894 895 896
4 347 897 898 899
4 900 901 902 903
4 904 905 906 907
4 904 908 909 910
4 911 912 913 914
4 915 916 917 918
4 298 911 915 919
4 912 920 921 922
4 919 923 924 925
4 916 923 926 927
4 928 929 930 931
4 932 933 934 935
4 42 936 937 938
4 43 939 940 941
4 942 943 944 945
4 942 946 947 948
4 949 950 951 952
4 953 954 955 956
4 946 953 957 958
4 957 959 960 961
4 949 954 959 962
4 963 964 965 966
4 963 967 968 969
4 970 971 972 973
4 335 964 970 974
4 292 965 975 976
4 977 978 979 980
4 975 977 981 982
4 981 983 984 985
4 978 983 986 987
4 986 988 989 990
4 991 992 993 994
4 991 995 996 997
4 992 998 999 1000
4 998 1001 1002 1003
4 1004 1005 1006 1007
4 958 999 1004 1008
4 1008 1009 1010 1011
4 1005 1009 1012 1013
4 1014 1015 1016 1017
4 1014 1018 1019 1020
4 926 1021 1022 1023
4 309 1024 1025 1026
4 313 1024 1027 1028
4 314 1029 1030 1031
4 1029 1032 1033 1034
4 1027 1030 1035 1036
4 932 1037 1038 1039
4 1040 1041 1042 1043
4 993 1037 1040 1044
4 1044 1045 1046 1047
4 1041 1045 1048 1049
4 322 1050 1051 1052
4 1053 1054 1055 1056
4 1057 1058 1059 1060
4 487 1057 1061 1062
4 1058 1063 1064 1065
4 1063 1066 1067 1068
4 1069 1070 1071 1072
4 331 1069 1073 1074
4 1075 1076 1077 1078
4 1079 1080 1081 1082
4 336 1079 1083 1084
4 1085 1086 1087 1088
4 1085 1089 1090 1091
4 1089 1092 1093 1094
4 432 1086 1092 1095
4 47 1096 1097 1098
4 1096 1099 1100 1101
4 1102 1103 1104 1105
4 1106 1107 1108 1109
4 1083 1106 1110 1111
4 1112 1113 1114 1115
4 1116 1117 1118 1119
4 1112 1120 1121 1122
4 339 1116 1123 1124
4 1120 1125 1126 1127
4 1128 1129 1130 1131
4 670 1132 1133 1134
4 1132 1135 1136 1137
4 1135 1138 1139 1140
4 1141 1142 1143 1144
4 57 1145 1146 1147
4 1148 1149 1150 1151
4 1152 1153 1154 1155
4 1156 1157 1158 1159
4 1156 1160 1161 1162
4 60 1163 1164 1165
4 1163 1166 1167 1168
4 1169 1170 1171 1172
4 1173 1174 1175 1176
4 332 1177 1178 1179
4 1180 1181 1182 1183
4 1184 1185 1186 1187
4 1188 1189 1190 1191
4 1192 1193 1194 1195
4 819 1192 1196 1197
4 1196 1198 1199 1200
4 783 1193 1198 1201
4 1202 1203 1204 1205
4 72 1202 1206 1207
4 354 1206 1208 1209
4 1210 1211 1212 1213
4 1210 1214 1215 1216
4 1211 1217 1218 1219
4 1220 1221 1222 1223
4 939 1220 1224 1225
4 44 1224 1226 1227
4 1228 1229 1230 1231
4 1232 1233 1234 1235
4 1236 1237 1238 1239
4 846 1236 1240 1241
4 1242 1243 1244 1245
4 1246 1247 1248 1249
4 1242 1246 1250 1251
4 365 1252 1253 1254
4 375 1252 1255 1256
4 363 1253 1257 1258
4 373 1255 1259 1260
4 1247 1261 1262 1263
4 506 1264 1265 1266
4 1264 1267 1268 1269
4 1166 1270 1271 1272
4 1164 1270 1273 1274
4 374 1275 1276 1277
4 1278 1279 1280 1281
4 369 1275 1282 1283
4 1278 1282 1284 1285
4 1286 1287 1288 1289
4 426 1286 1290 1291
4 1292 1293 1294 1295
4 1296 1297 1298 1299
4 1300 1301 1302 1303
4 1304 1305 1306 1307
4 427 1308 1309 1310
4 1311 1312 1313 1314
4 1315 1316 1317 1318
4 387 1308 1315 1319
4 1320 1321 1322 1323
4 447 1324 1325 1326
4 405 1327 1328 1329
4 1327 1330 1331 1332
4 406 1333 1334 1335
4 402 1333 1336 1337
4 1336 1338 1339 1340
4 539 1341 1342 1343
4 1344 1345 1346 1347
4 1348 1349 1350 1351
4 1348 1352 1353 1354
4 428 1355 1356 1357
4 1284 1355 1358 1359
4 437 1356 1360 1361
4 440 1360 1362 1363
4 1361 1364 1365 1366
4 1367 1368 1369 1370
4 1371 1372 1373 1374
4 1367 1371 1375 1376
4 1377 1378 1379 1380
4 1381 1382 1383 1384
4 1385 1386 1387 1388
4 1385 1389 1390 1391
4 351 1392 1393 1394
4 1395 1396 1397 1398
4 1254 1395 1399 1400
4 1401 1402 1403 1404
4 1401 1405 1406 1407
4 352 1408 1409 1410
4 1405 1411 1412 1413
4 1414 1415 1416 1417
4 1386 1406 1414 1418
4 1418 1419 1420 1421
4 1392 1408 1415 1419
4 1422 1423 1424 1425
4 1411 1422 1426 1427
4 1237 1423 1428 1429
4 1426 1428 1430 1431
4 1240 1429 1432 1433
4 1434 1435 1436 1437
4 1250 1434 1438 1439
4 451 1440 1441 1442
4 1438 1443 1444 1445
4 379 1435 1440 1443
4 459 1446 1447 1448
4 1446 1449 1450 1451
4 135 1449 1452 1453
4 540 1454 1455 1456
4 1352 1457 1458 1459
4 1460 1461 1462 1463
4 150 1464 1465 1466
4 99 1464 1467 1468
4 812 1460 1467 1469
4 1470 1471 1472 1473
4 1470 1474 1475 1476
4 1474 1477 1478 1479
4 1475 1480 1481 1482
4 471 1471 1480 1483
4 359 1484 1485 1486
4 76 1483 1484 1487
4 1488 1489 1490 1491
4 765 1492 1493 1494
4 769 1492 1495 1496
4 1497 1498 1499 1500
4 699 1497 1501 1502
4 1495 1503 1504 1505
4 1506 1507 1508 1509
4 479 1506 1510 1511
4 1512 1513 1514 1515
4 500 1512 1516 1517
4 559 1516 1518 1519
4 564 1518 1520 1521
4 562 1519 1522 1523
4 140 1520 1524 1525
4 1526 1527 1528 1529
4 576 1521 1526 1530
4 1531 1532 1533 1534
4 1530 1535 1536 1537
4 1527 1531 1535 1538
4 1539 1540 1541 1542
4 1539 1543 1544 1545
4 630 1546 1547 1548
4 1180 1549 1550 1551
4 1552 1553 1554 1555
4 1556 1557 1558 1559
4 1066 1556 1560 1561
4 1562 1563 1564 1565
4 1566 1567 1568 1569
4 1570 1571 1572 1573
4 516 1574 1575 1576
4 1577 1578 1579 1580
4 1581 1582 1583 1584
4 1585 1586 1587 1588
4 1577 1585 1589 1590
4 1581 1591 1592 1593
4 1589 1594 1595 1596
4 1574 1582 1586 1594
4 200 1597 1598 1599
4 1600 1601 1602 1603
4 1604 1605 1606 1607
4 1600 1604 1608 1609
4 1610 1611 1612 1613
4 1608 1614 1615 1616
4 1605 1614 1617 1618
4 1610 1617 1619 1620
4 1136 1621 1622 1623
4 715 1624 1625 1626
4 728 1624 1627 1628
4 1625 1629 1630 1631
4 1629 1632 1633 1634
4 1635 1636 1637 1638
4 1639 1640 1641 1642
4 1643 1644 1645 1646
4 1647 1648 1649 1650
4 1647 1651 1652 1653
4 248 1654 1655 1656
4 1657 1658 1659 1660
4 604 1657 1661 1662
4 603 1661 1663 1664
4 340 1665 1666 1667
4 1668 1669 1670 1671
4 1123 1665 1672 1673
4 1674 1675 1676 1677
4 1128 1674 1678 1679
4 1680 1681 1682 1683
4 1680 1684 1685 1686
4 1687 1688 1689 1690
4 249 1691 1692 1693
4 1654 1687 1691 1694
4 1695 1696 1697 1698
4 1695 1699 1700 1701
4 196 1699 1702 1703
4 1704 1705 1706 1707
4 1702 1704 1708 1709
4 704 1703 1710 1711
4 1708 1712 1713 1714
4 1498 1705 1712 1715
4 1501 1715 1716 1717
4 1651 1718 1719 1720
4 1450 1721 1722 1723
4 1724 1725 1726 1727
4 543 1728 1729 1730
4 1728 1731 1732 1733
4 1734 1735 1736 1737
4 1734 1738 1739 1740
4 1738 1741 1742 1743
4 757 1735 1741 1744
4 220 1745 1746 1747
4 1748 1749 1750 1751
4 356 1752 1753 1754
4 360 1752 1755 1756
4 1757 1758 1759 1760
4 1757 1761 1762 1763
4 1758 1764 1765 1766
4 1767 1768 1769 1770
4 1771 1772 1773 1774
4 104 1767 1771 1775
4 1775 1776 1777 1778
4 1772 1776 1779 1780
4 1779 1781 1782 1783
4 1784 1785 1786 1787
4 1784 1788 1789 1790
4 1791 1792 1793 1794
4 1795 1796 1797 1798
4 1341 1795 1799 1800
4 541 1799 1801 1802
4 1788 1803 1804 1805
4 1785 1803 1806 1807
4 1808 1809 1810 1811
4 407 1806 1812 1813
4 1814 1815 1816 1817
4 1791 1807 1814 1818
4 1808 1815 1819 1820
4 1818 1819 1821 1822
4 1823 1824 1825 1826
4 1827 1828 1829 1830
4 636 1827 1831 1832
4 639 1831 1833 1834
4 1828 1835 1836 1837
4 1838 1839 1840 1841
4 175 1838 1842 1843
4 1844 1845 1846 1847
4 1848 1849 1850 1851
4 1848 1852 1853 1854
4 1852 1855 1856 1857
4 1858 1859 1860 1861
4 1862 1863 1864 1865
4 1862 1866 1867 1868
4 58 1869 1870 1871
4 1858 1872 1873 1874
4 1875 1876 1877 1878
4 1145 1869 1875 1879
4 1879 1880 1881 1882
4 1866 1872 1876 1880
4 1883 1884 1885 1886
4 1887 1888 1889 1890
4 1883 1887 1891 1892
4 1893 1894 1895 1896
4 1897 1898 1899 1900
4 1832 1897 1901 1902
4 1901 1903 1904 1905
4 166 1898 1903 1906
4 768 1906 1907 1908
4 1893 1909 1910 1911
4 1902 1909 1912 1913
4 1914 1915 1916 1917
4 1873 1914 1918 1919
4 1888 1910 1918 1920
4 1891 1920 1921 1922
4 1923 1924 1925 1926
4 1927 1928 1929 1930
4 1931 1932 1933 1934
4 1935 1936 1937 1938
4 1377 1935 1939 1940
4 1941 1942 1943 1944
4 1945 1946 1947 1948
4 1618 1945 1949 1950
4 1951 1952 1953 1954
4 224 1955 1956 1957
4 1958 1959 1960 1961
4 33 1955 1958 1962
4 1963 1964 1965 1966
4 1963 1967 1968 1969
4 1964 1970 1971 1972
4 666 1973 1974 1975
4 1976 1977 1978 1979
4 22 1973 1976 1980
4 1980 1981 1982 1983
4 1977 1981 1984 1985
4 1986 1987 1988 1989
4 667 1986 1990 1991
4 1974 1990 1992 1993
4 1994 1995 1996 1997
4 1994 1998 1999 2000
4 1998 2001 2002 2003
4 1070 1995 2001 2004
4 1073 2004 2005 2006
4 2007 2008 2009 2010
4 2011 2012 2013 2014
4 2015 2016 2017 2018
4 1137 2019 2020 2021
4 2022 2023 2024 2025
4 1621 2019 2022 2026
4 2027 2028 2029 2030
4 2031 2032 2033 2034
4 759 2035 2036 2037
4 2038 2039 2040 2041
4 9 2038 2042 2043
4 52 2042 2044 2045
4 683 2046 2047 2048
4 675 2046 2049 2050
4 2047 2051 2052 2053
4 753 2049 2054 2055
4 2056 2057 2058 2059
4 1099 2056 2060 2061
4 1097 2060 2062 2063
4 2064 2065 2066 2067
4 2061 2064 2068 2069
4 2070 2071 2072 2073
4 2068 2074 2075 2076
4 2065 2070 2074 2077
4 705 2078 2079 2080
4 2081 2082 2083 2084
4 701 2078 2085 2086
4 2057 2081 2085 2087
4 1552 2086 2088 2089
4 2090 2091 2092 2093
4 2090 2094 2095 2096
4 832 2097 2098 2099
4 660 2097 2100 2101
4 1923 2102 2103 2104
4 2105 2106 2107 2108
4 2109 2110 2111 2112
4 2102 2109 2113 2114
4 325 2115 2116 2117
4 1591 2118 2119 2120
4 2121 2122 2123 2124
4 2121 2125 2126 2127
4 2125 2128 2129 2130
4 760 2131 2132 2133
4 2134 2135 2136 2137
4 736 2134 2138 2139
4 731 2138 2140 2141
4 761 2142 2143 2144
4 2035 2142 2145 2146
4 2145 2147 2148 2149
4 2150 2151 2152 2153
4 2050 2147 2150 2154
4 2148 2155 2156 2157
4 2154 2158 2159 2160
4 671 2151 2158 2161
4 1133 2161 2162 2163
4 126 2164 2165 2166
4 2167 2168 2169 2170
4 1532 2167 2171 2172
4 1538 2171 2173 2174
4 2175 2176 2177 2178
4 2179 2180 2181 2182
4 797 2183 2184 2185
4 2186 2187 2188 2189
4 2190 2191 2192 2193
4 614 2190 2194 2195
4 798 2194 2196 2197
4 2183 2196 2198 2199
4 860 2200 2201 2202
4 865 2200 2203 2204
4 284 2205 2206 2207
4 2208 2209 2210 2211
4 2208 2212 2213 2214
4 285 2215 2216 2217
4 2212 2218 2219 2220
4 2205 2209 2215 2218
4 2221 2222 2223 2224
4 824 2221 2225 2226
4 2222 2227 2228 2229
4 2230 2231 2232 2233
4 2091 2234 2235 2236
4 2237 2238 2239 2240
4 2237 2241 2242 2243
4 835 2244 2245 2246
4 2247 2248 2249 2250
4 2247 2251 2252 2253
4 2251 2254 2255 2256
4 2241 2257 2258 2259
4 2260 2261 2262 2263
4 1768 2264 2265 2266
4 2267 2268 2269 2270
4 2267 2271 2272 2273
4 79 2274 2275 2276
4 2274 2277 2278 2279
4 301 2280 2281 2282
4 881 2280 2283 2284
4 83 2285 2286 2287
4 2288 2289 2290 2291
4 855 2288 2292 2293
4 2292 2294 2295 2296
4 982 2289 2294 2297
4 178 2298 2299 2300
4 879 2301 2302 2303
4 2304 2305 2306 2307
4 876 2301 2304 2308
4 2309 2310 2311 2312
4 1927 2313 2314 2315
4 1946 2309 2316 2317
4 2318 2319 2320 2321
4 2313 2318 2322 2323
4 1949 2316 2324 2325
4 348 2326 2327 2328
4 897 2326 2329 2330
4 2329 2331 2332 2333
4 2277 2334 2335 2336
4 2275 2334 2337 2338
4 2339 2340 2341 2342
4 2281 2335 2339 2343
4 847 2344 2345 2346
4 2343 2347 2348 2349
4 843 2340 2344 2347
4 2350 2351 2352 2353
4 884 2350 2354 2355
4 2354 2356 2357 2358
4 2351 2359 2360 2361
4 1724 2352 2362 2363
4 1477 2364 2365 2366
4 1476 2364 2367 2368
4 2369 2370 2371 2372
4 905 2365 2369 2373
4 900 2366 2374 2375
4 2373 2376 2377 2378
4 851 2370 2376 2379
4 2380 2381 2382 2383
4 105 2374 2380 2384
4 2384 2385 2386 2387
4 2268 2381 2385 2388
4 2271 2388 2389 2390
4 1212 2391 2392 2393
4 1214 2391 2394 2395
4 906 2396 2397 2398
4 2399 2400 2401 2402
4 936 2394 2399 2403
4 2404 2405 2406 2407
4 2403 2408 2409 2410
4 908 2396 2400 2408
4 901 2404 2411 2412
4 2375 2411 2413 2414
4 928 2415 2416 2417
4 2418 2419 2420 2421
4 2422 2423 2424 2425
4 2422 2426 2427 2428
4 2426 2429 2430 2431
4 2432 2433 2434 2435
4 1753 2429 2432 2436
4 2430 2437 2438 2439
4 2440 2441 2442 2443
4 1025 2444 2445 2446
4 2447 2448 2449 2450
4 84 2447 2451 2452
4 2453 2454 2455 2456
4 882 2457 2458 2459
4 2440 2460 2461 2462
4 2463 2464 2465 2466
4 2463 2467 2468 2469
4 2007 2470 2471 2472
4 937 2473 2474 2475
4 987 2476 2477 2478
4 988 2476 2479 2480
4 2094 2479 2481 2482
4 2092 2481 2483 2484
4 2485 2486 2487 2488
4 655 2482 2485 2489
4 23 2490 2491 2492
4 2489 2493 2494 2495
4 650 2486 2490 2493
4 1048 2496 2497 2498
4 2499 2500 2501 2502
4 1018 2499 2503 2504
4 1015 2503 2505 2506
4 2504 2507 2508 2509
4 310 2500 2507 2510
4 1049 2511 2512 2513
4 2496 2511 2514 2515
4 2514 2516 2517 2518
4 2519 2520 2521 2522
4 1028 2516 2519 2523
4 2517 2524 2525 2526
4 2523 2527 2528 2529
4 1053 2520 2527 2530
4 1067 2531 2532 2533
4 1061 2534 2535 2536
4 1075 2537 2538 2539
4 2103 2540 2541 2542
4 2543 2544 2545 2546
4 1924 2540 2543 2547
4 2548 2549 2550 2551
4 2548 2552 2553 2554
4 2537 2555 2556 2557
4 337 2558 2559 2560
4 2561 2562 2563 2564
4 1102 2561 2565 2566
4 2071 2567 2568 2569
4 1090 2567 2570 2571
4 2077 2568 2572 2573
4 2574 2575 2576 2577
4 1188 2574 2578 2579
4 441 2580 2581 2582
4 2069 2583 2584 2585
4 2586 2587 2588 2589
4 2586 2590 2591 2592
4 2593 2594 2595 2596
4 2597 2598 2599 2600
4 510 2593 2597 2601
4 2594 2602 2603 2604
4 2601 2605 2606 2607
4 2598 2605 2608 2609
4 2608 2610 2611 2612
4 2613 2614 2615 2616
4 2613 2617 2618 2619
4 1228 2617 2620 2621
4 2618 2622 2623 2624
4 2614 2622 2625 2626
4 2627 2628 2629 2630
4 2625 2631 2632 2633
4 2433 2627 2634 2635
4 2436 2634 2636 2637
4 2638 2639 2640 2641
4 2642 2643 2644 2645
4 2642 2646 2647 2648
4 2649 2650 2651 2652
4 2653 2654 2655 2656
4 2570 2657 2658 2659
4 2653 2660 2661 2662
4 2660 2663 2664 2665
4 2666 2667 2668 2669
4 87 2666 2670 2671
4 2672 2673 2674 2675
4 2638 2672 2676 2677
4 2027 2678 2679 2680
4 1157 2681 2682 2683
4 1158 2684 2685 2686
4 2687 2688 2689 2690
4 2687 2691 2692 2693
4 1160 2684 2691 2694
4 88 2694 2695 2696
4 421 2695 2697 2698
4 2697 2699 2700 2701
4 2670 2696 2702 2703
4 1169 2704 2705 2706
4 2707 2708 2709 2710
4 2711 2712 2713 2714
4 1271 2704 2711 2715
4 2716 2717 2718 2719
4 1177 2716 2720 2721
4 333 2720 2722 2723
4 2721 2724 2725 2726
4 1181 2717 2724 2727
4 2728 2729 2730 2731
4 2727 2728 2732 2733
4 2732 2734 2735 2736
4 2737 2738 2739 2740
4 2734 2737 2741 2742
4 1182 2743 2744 2745
4 2735 2746 2747 2748
4 2749 2750 2751 2752
4 2749 2753 2754 2755
4 2575 2753 2756 2757
4 2754 2758 2759 2760
4 2707 2750 2758 2761
4 2580 2756 2762 2763
4 2578 2757 2764 2765
4 442 2762 2766 2767
4 2768 2769 2770 2771
4 2763 2768 2772 2773
4 457 2774 2775 2776
4 2772 2777 2778 2779
4 454 2769 2774 2777
4 2780 2781 2782 2783
4 2784 2785 2786 2787
4 2784 2788 2789 2790
4 2791 2792 2793 2794
4 820 2795 2796 2797
4 2798 2799 2800 2801
4 2798 2802 2803 2804
4 2802 2805 2806 2807
4 2168 2799 2805 2808
4 2175 2808 2809 2810
4 2179 2809 2811 2812
4 2813 2814 2815 2816
4 1207 2817 2818 2819
4 2820 2821 2822 2823
4 2418 2820 2824 2825
4 1203 2817 2826 2827
4 2824 2828 2829 2830
4 2427 2821 2826 2828
4 304 2827 2831 2832
4 2833 2834 2835 2836
4 2415 2831 2833 2837
4 2838 2839 2840 2841
4 2837 2842 2843 2844
4 2834 2838 2842 2845
4 1213 2846 2847 2848
4 1217 2846 2849 2850
4 2419 2849 2851 2852
4 2825 2851 2853 2854
4 2855 2856 2857 2858
4 2416 2855 2859 2860
4 1251 2861 2862 2863
4 2864 2865 2866 2867
4 1243 2861 2864 2868
4 2868 2869 2870 2871
4 1427 2865 2869 2872
4 2873 2874 2875 2876
4 382 2873 2877 2878
4 2877 2879 2880 2881
4 1248 2874 2879 2882
4 2883 2884 2885 2886
4 1170 2883 2887 2888
4 2705 2887 2889 2890
4 66 2891 2892 2893
4 2894 2895 2896 2897
4 2741 2894 2898 2899
4 2898 2900 2901 2902
4 2899 2903 2904 2905
4 2895 2903 2906 2907
4 1173 2900 2908 2909
4 2901 2910 2911 2912
4 2736 2913 2914 2915
4 2916 2917 2918 2919
4 2746 2913 2916 2920
4 2921 2922 2923 2924
4 2925 2926 2927 2928
4 1272 2925 2929 2930
4 2902 2931 2932 2933
4 2929 2934 2935 2936
4 2910 2926 2931 2934
4 2937 2938 2939 2940
4 2755 2937 2941 2942
4 2941 2943 2944 2945
4 1279 2938 2943 2946
4 2780 2942 2947 2948
4 1285 2946 2949 2950
4 1290 2951 2952 2953
4 2954 2955 2956 2957
4 1287 2951 2954 2958
4 448 2959 2960 2961
4 2958 2962 2963 2964
4 452 2955 2962 2965
4 444 2959 2965 2966
4 2967 2968 2969 2970
4 2967 2971 2972 2973
4 1789 2974 2975 2976
4 1292 2977 2978 2979
4 1809 2980 2981 2982
4 1820 2980 2983 2984
4 2981 2985 2986 2987
4 542 2985 2988 2989
4 2986 2990 2991 2992
4 2988 2993 2994 2995
4 2996 2997 2998 2999
4 2583 2996 3000 3001
4 3002 3003 3004 3005
4 1300 3006 3007 3008
4 1304 3009 3010 3011
4 3009 3012 3013 3014
4 3012 3015 3016 3017
4 3018 3019 3020 3021
4 3022 3023 3024 3025
4 3010 3022 3026 3027
4 3028 3029 3030 3031
4 1316 3028 3032 3033
4 3029 3034 3035 3036
4 1319 3032 3037 3038
4 3039 3040 3041 3042
4 394 3039 3043 3044
4 391 3043 3045 3046
4 3047 3048 3049 3050
4 1293 3044 3047 3051
4 3051 3052 3053 3054
4 397 3048 3052 3055
4 1328 3056 3057 3058
4 3056 3059 3060 3061
4 3062 3063 3064 3065
4 3062 3066 3067 3068
4 3063 3069 3070 3071
4 3072 3073 3074 3075
4 648 3069 3072 3076
4 3070 3077 3078 3079
4 3080 3081 3082 3083
4 1337 3084 3085 3086
4 3087 3088 3089 3090
4 3080 3087 3091 3092
4 1338 3084 3093 3094
4 3091 3095 3096 3097
4 3064 3088 3093 3095
4 641 3094 3098 3099
4 3100 3101 3102 3103
4 1812 3098 3100 3104
4 3104 3105 3106 3107
4 3101 3105 3108 3109
4 3108 3110 3111 3112
4 3113 3114 3115 3116
4 1311 3117 3118 3119
4 1291 3113 3117 3120
4 3118 3121 3122 3123
4 3121 3124 3125 3126
4 425 3127 3128 3129
4 412 3127 3130 3131
4 3130 3132 3133 3134
4 3135 3136 3137 3138
4 1967 3135 3139 3140
4 3141 3142 3143 3144
4 649 3136 3141 3145
4 3146 3147 3148 3149
4 3139 3146 3150 3151
4 1965 3140 3152 3153
4 3154 3155 3156 3157
4 2470 3158 3159 3160
4 1358 3161 3162 3163
4 3164 3165 3166 3167
4 1364 3168 3169 3170
4 1357 3171 3172 3173
4 3174 3175 3176 3177
4 1399 3174 3178 3179
4 3178 3180 3181 3182
4 429 3171 3175 3180
4 1349 3183 3184 3185
4 433 3183 3186 3187
4 1353 3184 3188 3189
4 1095 3186 3190 3191
4 3192 3193 3194 3195
4 3187 3192 3196 3197
4 1365 3198 3199 3200
4 3196 3201 3202 3203
4 3168 3193 3198 3201
4 225 3204 3205 3206
4 3204 3207 3208 3209
4 1956 3205 3210 3211
4 1970 3212 3213 3214
4 1966 3212 3215 3216
4 1400 3217 3218 3219
4 3220 3221 3222 3223
4 1396 3217 3220 3224
4 3224 3225 3226 3227
4 1439 3221 3225 3228
4 3229 3230 3231 3232
4 3233 3234 3235 3236
4 3233 3237 3238 3239
4 3237 3240 3241 3242
4 3243 3244 3245 3246
4 577 3243 3247 3248
4 3249 3250 3251 3252
4 3249 3253 3254 3255
4 551 3253 3256 3257
4 141 3256 3258 3259
4 547 3257 3260 3261
4 3262 3263 3264 3265
4 534 3260 3262 3266
4 3266 3267 3268 3269
4 3263 3267 3270 3271
4 15 3272 3273 3274
4 4 3272 3275 3276
4 3273 3277 3278 3279
4 3280 3281 3282 3283
4 1447 3280 3284 3285
4 3250 3286 3287 3288
4 3254 3286 3289 3290
4 2813 3291 3292 3293
4 3291 3294 3295 3296
4 3297 3298 3299 3300
4 3122 3294 3297 3301
4 3295 3302 3303 3304
4 1488 3305 3306 3307
4 3308 3309 3310 3311
4 3312 3313 3314 3315
4 1487 3305 3312 3316
4 2795 3308 3317 3318
4 3316 3319 3320 3321
4 464 3313 3319 3322
4 807 3322 3323 3324
4 821 3317 3325 3326
4 1064 3327 3328 3329
4 3006 3330 3331 3332
4 1503 3333 3334 3335
4 1496 3333 3336 3337
4 3338 3339 3340 3341
4 1502 3334 3338 3342
4 1507 3335 3343 3344
4 488 3345 3346 3347
4 3342 3348 3349 3350
4 484 3339 3345 3348
4 3351 3352 3353 3354
4 3343 3351 3355 3356
4 1510 3344 3357 3358
4 3355 3359 3360 3361
4 3327 3352 3359 3362
4 1065 3362 3363 3364
4 1543 3365 3366 3367
4 3368 3369 3370 3371
4 1540 3365 3372 3373
4 1513 3374 3375 3376
4 1517 3374 3377 3378
4 3379 3380 3381 3382
4 3379 3383 3384 3385
4 2201 3386 3387 3388
4 3383 3389 3390 3391
4 3392 3393 3394 3395
4 2213 3392 3396 3397
4 3398 3399 3400 3401
4 706 3398 3402 3403
4 3404 3405 3406 3407
4 3408 3409 3410 3411
4 3404 3408 3412 3413
4 3414 3415 3416 3417
4 1560 3414 3418 3419
4 3418 3420 3421 3422
4 3415 3420 3423 3424
4 3423 3425 3426 3427
4 3428 3429 3430 3431
4 3432 3433 3434 3435
4 2531 3436 3437 3438
4 3436 3439 3440 3441
4 1068 3437 3442 3443
4 3444 3445 3446 3447
4 3428 3448 3449 3450
4 3451 3452 3453 3454
4 3444 3451 3455 3456
4 3448 3457 3458 3459
4 3455 3460 3461 3462
4 3419 3449 3452 3460
4 3457 3463 3464 3465
4 3466 3467 3468 3469
4 3399 3470 3471 3472
4 3473 3474 3475 3476
4 2088 3470 3473 3477
4 3402 3471 3478 3479
4 3480 3481 3482 3483
4 1117 3480 3484 3485
4 3481 3486 3487 3488
4 1124 3484 3489 3490
4 3491 3492 3493 3494
4 3485 3491 3495 3496
4 1583 3497 3498 3499
4 517 3500 3501 3502
4 3495 3503 3504 3505
4 519 3492 3500 3503
4 3506 3507 3508 3509
4 1562 3506 3510 3511
4 2649 3512 3513 3514
4 1121 3515 3516 3517
4 3518 3519 3520 3521
4 1570 3518 3522 3523
4 1113 3515 3524 3525
4 3522 3526 3527 3528
4 3496 3519 3524 3526
4 1764 3525 3529 3530
4 1759 3529 3531 3532
4 3533 3534 3535 3536
4 3530 3533 3537 3538
4 2587 3539 3540 3541
4 3542 3543 3544 3545
4 933 3542 3546 3547
4 1038 3546 3548 3549
4 3550 3551 3552 3553
4 3554 3555 3556 3557
4 3554 3558 3559 3560
4 3561 3562 3563 3564
4 3558 3565 3566 3567
4 3550 3555 3565 3568
4 3569 3570 3571 3572
4 1635 3573 3574 3575
4 3573 3576 3577 3578
4 3576 3579 3580 3581
4 2552 3582 3583 3584
4 1639 3574 3582 3585
4 3583 3586 3587 3588
4 3589 3590 3591 3592
4 1640 3589 3593 3594
4 3569 3595 3596 3597
4 3585 3593 3598 3599
4 1050 3600 3601 3602
4 3577 3600 3603 3604
4 3603 3605 3606 3607
4 323 3601 3608 3609
4 1054 3602 3610 3611
4 3610 3612 3613 3614
4 2530 3611 3615 3616
4 1652 3617 3618 3619
4 1718 3617 3620 3621
4 2362 3620 3622 3623
4 1643 3624 3625 3626
4 3624 3627 3628 3629
4 1457 3630 3631 3632
4 1354 3630 3633 3634
4 3635 3636 3637 3638
4 1454 3631 3635 3639
4 1700 3640 3641 3642
4 3639 3643 3644 3645
4 1696 3636 3640 3643
4 1678 3646 3647 3648
4 2353 3649 3650 3651
4 1675 3646 3652 3653
4 3654 3655 3656 3657
4 2359 3649 3654 3658
4 1125 3652 3659 3660
4 3658 3661 3662 3663
4 1666 3653 3655 3661
4 1122 3659 3664 3665
4 3666 3667 3668 3669
4 2619 3660 3666 3670
4 299 3671 3672 3673
4 3670 3674 3675 3676
4 582 3667 3671 3674
4 136 3677 3678 3679
4 3680 3681 3682 3683
4 3684 3685 3686 3687
4 132 3677 3684 3688
4 1748 3680 3689 3690
4 3688 3691 3692 3693
4 3681 3685 3691 3694
4 3695 3696 3697 3698
4 3689 3695 3699 3700
4 3699 3701 3702 3703
4 460 3696 3701 3704
4 1448 3704 3705 3706
4 3412 3707 3708 3709
4 3405 3707 3710 3711
4 1648 3710 3712 3713
4 3714 3715 3716 3717
4 1667 3712 3714 3718
4 1653 3713 3719 3720
4 3718 3721 3722 3723
4 1668 3715 3721 3724
4 1694 3725 3726 3727
4 1688 3725 3728 3729
4 3724 3730 3731 3732
4 1669 3728 3730 3733
4 1729 3734 3735 3736
4 544 3734 3737 3738
4 555 3737 3739 3740
4 3741 3742 3743 3744
4 3739 3741 3745 3746
4 563 3740 3747 3748
4 3745 3749 3750 3751
4 1461 3742 3749 3752
4 1469 3752 3753 3754
4 1590 3755 3756 3757
4 3758 3759 3760 3761
4 203 3758 3762 3763
4 1578 3755 3762 3764
4 1681 3764 3765 3766
4 251 3765 3767 3768
4 1684 3766 3769 3770
4 3767 3771 3772 3773
4 3774 3775 3776 3777
4 3774 3778 3779 3780
4 2023 3778 3781 3782
4 3783 3784 3785 3786
4 1619 3781 3783 3787
4 2026 3782 3788 3789
4 3787 3790 3791 3792
4 2319 3784 3790 3793
4 2322 3793 3794 3795
4 568 3796 3797 3798
4 788 3796 3799 3800
4 579 3797 3801 3802
4 3803 3804 3805 3806
4 3746 3798 3803 3807
4 3808 3809 3810 3811
4 3799 3808 3812 3813
4 793 3800 3814 3815
4 3690 3816 3817 3818
4 3807 3819 3820 3821
4 1749 3804 3816 3819
4 3822 3823 3824 3825
4 3694 3822 3826 3827
4 3826 3828 3829 3830
4 3809 3823 3828 3831
4 3812 3831 3832 3833
4 888 3834 3835 3836
4 3837 3838 3839 3840
4 1381 3837 3841 3842
4 3682 3843 3844 3845
4 19 3846 3847 3848
4 142 3846 3849 3850
4 2631 3849 3851 3852
4 3853 3854 3855 3856
4 1754 3851 3853 3857
4 2626 3852 3858 3859
4 2431 3860 3861 3862
4 3841 3863 3864 3865
4 3866 3867 3868 3869
4 2437 3860 3866 3870
4 3838 3863 3871 3872
4 3870 3873 3874 3875
4 349 3867 3871 3873
4 3834 3872 3876 3877
4 889 3876 3878 3879
4 3880 3881 3882 3883
4 3827 3877 3880 3884
4 3857 3885 3886 3887
4 3884 3888 3889 3890
4 3854 3881 3885 3888
4 1761 3891 3892 3893
4 3891 3894 3895 3896
4 1760 3892 3897 3898
4 3899 3900 3901 3902
4 1769 3893 3899 3903
4 3904 3905 3906 3907
4 518 3894 3904 3908
4 608 3909 3910 3911
4 3903 3912 3913 3914
4 609 3900 3909 3912
4 3908 3915 3916 3917
4 255 3905 3915 3918
4 252 3918 3919 3920
4 1770 3921 3922 3923
4 2264 3921 3924 3925
4 3895 3926 3927 3928
4 1800 3929 3930 3931
4 3932 3933 3934 3935
4 1796 3929 3936 3937
4 3938 3939 3940 3941
4 3932 3938 3942 3943
4 1344 3936 3944 3945
4 3942 3946 3947 3948
4 1792 3937 3939 3946
4 3949 3950 3951 3952
4 3185 3944 3949 3953
4 3953 3954 3955 3956
4 3950 3954 3957 3958
4 3959 3960 3961 3962
4 1296 3959 3963 3964
4 3109 3965 3966 3967
4 3963 3968 3969 3970
4 3960 3968 3971 3972
4 3110 3965 3971 3973
4 162 3973 3974 3975
4 3976 3977 3978 3979
4 2982 3974 3976 3980
4 640 3975 3981 3982
4 1813 3983 3984 3985
4 3986 3987 3988 3989
4 408 3983 3986 3990
4 3990 3991 3992 3993
4 3057 3987 3991 3994
4 3994 3995 3996 3997
4 1793 3998 3999 4000
4 4001 4002 4003 4004
4 211 4001 4005 4006
4 1823 4005 4007 4008
4 159 4009 4010 4011
4 4012 4013 4014 4015
4 1541 4016 4017 4018
4 4019 4020 4021 4022
4 538 4019 4023 4024
4 1829 4025 4026 4027
4 1912 4028 4029 4030
4 4023 4031 4032 4033
4 1835 4020 4025 4031
4 1844 4034 4035 4036
4 4037 4038 4039 4040
4 1842 4034 4037 4041
4 4042 4043 4044 4045
4 3071 4046 4047 4048
4 4041 4049 4050 4051
4 3077 4038 4046 4049
4 3142 4042 4052 4053
4 3145 4052 4054 4055
4 1874 4056 4057 4058
4 4059 4060 4061 4062
4 1859 4056 4059 4063
4 1853 4064 4065 4066
4 4063 4067 4068 4069
4 4060 4067 4070 4071
4 1849 4064 4070 4072
4 3081 4072 4073 4074
4 3092 4073 4075 4076
4 4077 4078 4079 4080
4 3972 4074 4077 4081
4 1911 4082 4083 4084
4 4081 4085 4086 4087
4 1894 4078 4082 4085
4 1913 4088 4089 4090
4 4028 4088 4091 4092
4 4091 4093 4094 4095
4 1915 4096 4097 4098
4 1919 4096 4099 4100
4 1984 4101 4102 4103
4 976 4104 4105 4106
4 4107 4108 4109 4110
4 293 4104 4107 4111
4 2547 4112 4113 4114
4 4111 4115 4116 4117
4 2323 4108 4115 4118
4 2544 4112 4118 4119
4 4120 4121 4122 4123
4 2558 4120 4124 4125
4 338 4124 4126 4127
4 4128 4129 4130 4131
4 1931 4128 4132 4133
4 4129 4134 4135 4136
4 2314 4137 4138 4139
4 2310 4132 4137 4140
4 4138 4141 4142 4143
4 2317 4140 4144 4145
4 4146 4147 4148 4149
4 4130 4146 4150 4151
4 1936 4150 4152 4153
4 4151 4154 4155 4156
4 4147 4154 4157 4158
4 1368 4152 4159 4160
4 1939 4153 4161 4162
4 4157 4163 4164 4165
4 4166 4167 4168 4169
4 4159 4166 4170 4171
4 1375 4160 4172 4173
4 4170 4174 4175 4176
4 4167 4174 4177 4178
4 4177 4179 4180 4181
4 4182 4183 4184 4185
4 1141 4186 4187 4188
4 4189 4190 4191 4192
4 1867 4186 4189 4193
4 4193 4194 4195 4196
4 4190 4194 4197 4198
4 1991 4199 4200 4201
4 283 4202 4203 4204
4 1987 4199 4205 4206
4 4207 4208 4209 4210
4 286 4202 4207 4211
4 4211 4212 4213 4214
4 4205 4208 4212 4215
4 848 4216 4217 4218
4 1959 4219 4220 4221
4 1962 4219 4222 4223
4 4224 4225 4226 4227
4 1975 4224 4228 4229
4 4228 4230 4231 4232
4 662 4225 4230 4233
4 665 4233 4234 4235
4 4236 4237 4238 4239
4 4240 4241 4242 4243
4 4244 4245 4246 4247
4 4244 4248 4249 4250
4 4248 4251 4252 4253
4 4254 4255 4256 4257
4 2015 4258 4259 4260
4 4261 4262 4263 4264
4 4261 4265 4266 4267
4 4240 4265 4268 4269
4 4270 4271 4272 4273
4 4274 4275 4276 4277
4 4278 4279 4280 4281
4 4282 4283 4284 4285
4 4286 4287 4288 4289
4 4290 4291 4292 4293
4 1148 4294 4295 4296
4 4297 4298 4299 4300
4 4294 4297 4301 4302
4 4301 4303 4304 4305
4 4262 4298 4303 4306
4 4266 4306 4307 4308
4 4309 4310 4311 4312
4 2028 4309 4313 4314
4 4315 4316 4317 4318
4 4315 4319 4320 4321
4 4319 4322 4323 4324
4 1330 4316 4322 4325
4 1329 4325 4326 4327
4 3995 4328 4329 4330
4 4331 4332 4333 4334
4 4331 4335 4336 4337
4 4338 4339 4340 4341
4 4342 4343 4344 4345
4 1630 4342 4346 4347
4 4346 4348 4349 4350
4 4343 4348 4351 4352
4 1892 4353 4354 4355
4 1884 4353 4356 4357
4 2048 4358 4359 4360
4 4356 4361 4362 4363
4 4364 4365 4366 4367
4 766 4357 4364 4368
4 4368 4369 4370 4371
4 2051 4358 4365 4369
4 4372 4373 4374 4375
4 59 4361 4372 4376
4 4362 4377 4378 4379
4 4376 4380 4381 4382
4 2155 4373 4380 4383
4 2149 4383 4384 4385
4 4386 4387 4388 4389
4 4390 4391 4392 4393
4 4386 4390 4394 4395
4 4394 4396 4397 4398
4 4391 4396 4399 4400
4 2663 4401 4402 4403
4 4404 4405 4406 4407
4 4408 4409 4410 4411
4 1091 4401 4408 4412
4 2661 4402 4413 4414
4 3474 4404 4415 4416
4 4412 4417 4418 4419
4 2082 4409 4417 4420
4 2087 4420 4421 4422
4 3477 4415 4423 4424
4 836 4425 4426 4427
4 4428 4429 4430 4431
4 2244 4425 4428 4432
4 2098 4433 4434 4435
4 2225 4436 4437 4438
4 511 4439 4440 4441
4 2115 4442 4443 4444
4 326 4442 4445 4446
4 4443 4447 4448 4449
4 4450 4451 4452 4453
4 4447 4450 4454 4455
4 4448 4456 4457 4458
4 4459 4460 4461 4462
4 4444 4459 4463 4464
4 512 4465 4466 4467
4 2602 4468 4469 4470
4 4463 4471 4472 4473
4 4439 4460 4465 4471
4 2595 4468 4474 4475
4 1739 4476 4477 4478
4 4479 4480 4481 4482
4 3559 4479 4483 4484
4 1059 4485 4486 4487
4 2131 4488 4489 4490
4 762 4488 4491 4492
4 2135 4489 4493 4494
4 4495 4496 4497 4498
4 758 4493 4495 4499
4 2139 4494 4500 4501
4 4499 4502 4503 4504
4 25 4496 4502 4505
4 30 4505 4506 4507
4 1060 4508 4509 4510
4 4511 4512 4513 4514
4 4485 4508 4511 4515
4 2126 4516 4517 4518
4 4515 4519 4520 4521
4 4490 4512 4519 4522
4 2128 4516 4522 4523
4 711 4523 4524 4525
4 746 4524 4526 4527
4 4528 4529 4530 4531
4 723 4525 4528 4532
4 1561 4533 4534 4535
4 4532 4536 4537 4538
4 1557 4529 4533 4536
4 4539 4540 4541 4542
4 4539 4543 4544 4545
4 4543 4546 4547 4548
4 4540 4546 4549 4550
4 3375 4551 4552 4553
4 4554 4555 4556 4557
4 4544 4558 4559 4560
4 392 4561 4562 4563
4 4564 4565 4566 4567
4 2966 4564 4568 4569
4 4568 4570 4571 4572
4 3229 4565 4570 4573
4 1201 4574 4575 4576
4 4577 4578 4579 4580
4 3813 4577 4581 4582
4 784 4574 4581 4583
4 1382 4583 4584 4585
4 1387 4584 4586 4587
4 3842 4585 4588 4589
4 4590 4591 4592 4593
4 3302 4590 4594 4595
4 3296 4594 4596 4597
4 2184 4598 4599 4600
4 4601 4602 4603 4604
4 1312 4601 4605 4606
4 3119 4605 4607 4608
4 4609 4610 4611 4612
4 2191 4609 4613 4614
4 2195 4613 4615 4616
4 4617 4618 4619 4620
4 4621 4622 4623 4624
4 809 4621 4625 4626
4 4625 4627 4628 4629
4 3396 4622 4627 4630
4 813 4626 4631 4632
4 3386 4630 4633 4634
4 2202 4633 4635 4636
4 3380 4634 4637 4638
4 4639 4640 4641 4642
4 491 4637 4639 4643
4 3384 4638 4644 4645
4 4646 4647 4648 4649
4 2214 4646 4650 4651
4 4650 4652 4653 4654
4 815 4647 4652 4655
4 4651 4656 4657 4658
4 822 4655 4659 4660
4 4656 4661 4662 4663
4 3150 4664 4665 4666
4 4667 4668 4669 4670
4 2230 4667 4671 4672
4 4673 4674 4675 4676
4 4673 4677 4678 4679
4 4680 4681 4682 4683
4 826 4680 4684 4685
4 825 4684 4686 4687
4 2226 4688 4689 4690
4 4691 4692 4693 4694
4 4691 4695 4696 4697
4 4695 4698 4699 4700
4 4436 4688 4692 4698
4 947 4701 4702 4703
4 2238 4701 4704 4705
4 4702 4706 4707 4708
4 2242 4704 4709 4710
4 2093 4711 4712 4713
4 2234 4705 4711 4714
4 2105 4715 4716 4717
4 4718 4719 4720 4721
4 2260 4718 4722 4723
4 4722 4724 4725 4726
4 1999 4719 4724 4727
4 2008 4727 4728 4729
4 2471 4728 4730 4731
4 4732 4733 4734 4735
4 2460 4732 4736 4737
4 2441 4736 4738 4739
4 1249 4740 4741 4742
4 4743 4744 4745 4746
4 1261 4740 4743 4747
4 2276 4748 4749 4750
4 4747 4751 4752 4753
4 1256 4744 4751 4754
4 80 4748 4754 4755
4 4755 4756 4757 4758
4 4759 4760 4761 4762
4 85 4756 4759 4763
4 4757 4764 4765 4766
4 4763 4767 4768 4769
4 4760 4767 4770 4771
4 4770 4772 4773 4774
4 1389 4775 4776 4777
4 1388 4775 4778 4779
4 1412 4780 4781 4782
4 2293 4783 4784 4785
4 4786 4787 4788 4789
4 2272 4786 4790 4791
4 856 4783 4790 4792
4 852 4792 4793 4794
4 2379 4793 4795 4796
4 4797 4798 4799 4800
4 880 4794 4797 4801
4 492 4802 4803 4804
4 4801 4805 4806 4807
4 495 4798 4802 4805
4 4808 4809 4810 4811
4 305 4808 4812 4813
4 2832 4812 4814 4815
4 4813 4816 4817 4818
4 2788 4809 4816 4819
4 2791 4819 4820 4821
4 3309 4820 4822 4823
4 4824 4825 4826 4827
4 3306 4822 4824 4828
4 3318 4823 4829 4830
4 4828 4831 4832 4833
4 2423 4825 4831 4834
4 2428 4834 4835 4836
4 2315 4837 4838 4839
4 4840 4841 4842 4843
4 1928 4837 4840 4844
4 4133 4845 4846 4847
4 4848 4849 4850 4851
4 4848 4852 4853 4854
4 4852 4855 4856 4857
4 1932 4845 4849 4855
4 2331 4858 4859 4860
4 894 4858 4861 4862
4 4863 4864 4865 4866
4 2336 4859 4863 4867
4 2330 4860 4868 4869
4 364 4861 4870 4871
4 4867 4872 4873 4874
4 920 4864 4872 4875
4 913 4875 4876 4877
4 885 4878 4879 4880
4 1021 4881 4882 4883
4 927 4881 4884 4885
4 4886 4887 4888 4889
4 1016 4882 4886 4890
4 4883 4891 4892 4893
4 4891 4894 4895 4896
4 4897 4898 4899 4900
4 4897 4901 4902 4903
4 1571 4901 4904 4905
4 4902 4906 4907 4908
4 4887 4898 4906 4909
4 3523 4904 4910 4911
4 2610 4905 4912 4913
4 4890 4909 4914 4915
4 2609 4912 4916 4917
4 4918 4919 4920 4921
4 4913 4918 4922 4923
4 4924 4925 4926 4927
4 4922 4928 4929 4930
4 4919 4924 4928 4931
4 4932 4933 4934 4935
4 2356 4932 4936 4937
4 2355 4936 4938 4939
4 3622 4940 4941 4942
4 2363 4943 4944 4945
4 4946 4947 4948 4949
4 4950 4951 4952 4953
4 1725 4943 4950 4954
4 4946 4955 4956 4957
4 4954 4958 4959 4960
4 137 4951 4955 4958
4 891 4956 4961 4962
4 4963 4964 4965 4966
4 4862 4961 4963 4967
4 890 4962 4968 4969
4 4967 4970 4971 4972
4 4878 4964 4970 4973
4 886 4973 4974 4975
4 4976 4977 4978 4979
4 1985 4980 4981 4982
4 4101 4980 4983 4984
4 4976 4983 4985 4986
4 4984 4987 4988 4989
4 4987 4990 4991 4992
4 4990 4993 4994 4995
4 2417 4996 4997 4998
4 4999 5000 5001 5002
4 929 4996 4999 5003
4 5003 5004 5005 5006
4 1241 5000 5004 5007
4 5008 5009 5010 5011
4 5008 5012 5013 5014
4 2518 5015 5016 5017
4 2011 5018 5019 5020
4 5021 5022 5023 5024
4 2524 5015 5021 5025
4 5025 5026 5027 5028
4 334 5018 5022 5026
4 5029 5030 5031 5032
4 2444 5029 5033 5034
4 1026 5033 5035 5036
4 4925 5037 5038 5039
4 1032 5037 5040 5041
4 5042 5043 5044 5045
4 1017 5038 5042 5046
4 4931 5039 5047 5048
4 1031 5040 5049 5050
4 5051 5052 5053 5054
4 1039 5041 5051 5055
4 5046 5056 5057 5058
4 2453 5043 5056 5059
4 2464 5060 5061 5062
4 5063 5064 5065 5066
4 838 5060 5067 5068
4 2467 5061 5069 5070
4 5071 5072 5073 5074
4 2282 5067 5071 5075
4 5075 5076 5077 5078
4 2285 5072 5076 5079
4 86 5079 5080 5081
4 5082 5083 5084 5085
4 5086 5087 5088 5089
4 5082 5086 5090 5091
4 5009 5092 5093 5094
4 5095 5096 5097 5098
4 5007 5095 5099 5100
4 5099 5101 5102 5103
4 839 5096 5101 5104
4 5068 5104 5105 5106
4 5107 5108 5109 5110
4 2405 5111 5112 5113
4 2412 5111 5114 5115
4 5116 5117 5118 5119
4 2395 5112 5116 5120
4 1110 5121 5122 5123
4 5124 5125 5126 5127
4 5124 5128 5129 5130
4 5128 5131 5132 5133
4 1107 5121 5125 5131
4 971 5134 5135 5136
4 974 5134 5137 5138
4 1000 5139 5140 5141
4 5142 5143 5144 5145
4 1001 5139 5142 5146
4 5146 5147 5148 5149
4 5129 5143 5147 5150
4 5135 5151 5152 5153
4 5154 5155 5156 5157
4 943 5154 5158 5159
4 948 5158 5160 5161
4 5162 5163 5164 5165
4 2510 5162 5166 5167
4 5166 5168 5169 5170
4 2448 5163 5168 5171
4 2451 5171 5172 5173
4 4764 5174 5175 5176
4 4758 5174 5177 5178
4 5179 5180 5181 5182
4 5167 5179 5183 5184
4 5185 5186 5187 5188
4 5175 5189 5190 5191
4 4456 5192 5193 5194
4 5192 5195 5196 5197
4 4449 5193 5198 5199
4 5200 5201 5202 5203
4 5200 5204 5205 5206
4 5204 5207 5208 5209
4 2538 5210 5211 5212
4 5213 5214 5215 5216
4 2553 5213 5217 5218
4 2555 5210 5217 5219
4 4119 5220 5221 5222
4 4121 5219 5220 5223
4 4125 5223 5224 5225
4 5221 5226 5227 5228
4 5222 5229 5230 5231
4 5232 5233 5234 5235
4 5226 5229 5232 5236
4 5237 5238 5239 5240
4 5214 5237 5241 5242
4 5236 5243 5244 5245
4 3779 5233 5243 5246
4 5218 5241 5247 5248
4 1575 5249 5250 5251
4 2562 5252 5253 5254
4 5255 5256 5257 5258
4 5252 5255 5259 5260
4 2565 5253 5261 5262
4 5259 5263 5264 5265
4 3926 5256 5263 5266
4 3896 5266 5267 5268
4 1576 5269 5270 5271
4 4469 5272 5273 5274
4 5275 5276 5277 5278
4 5249 5269 5275 5279
4 1592 5280 5281 5282
4 5283 5284 5285 5286
4 4464 5283 5287 5288
4 5287 5289 5290 5291
4 2118 5280 5284 5289
4 2667 5292 5293 5294
4 5295 5296 5297 5298
4 3030 5292 5295 5299
4 2671 5293 5300 5301
4 5299 5302 5303 5304
4 3018 5296 5302 5305
4 5306 5307 5308 5309
4 2569 5306 5310 5311
4 5310 5312 5313 5314
4 1345 5307 5312 5315
4 5316 5317 5318 5319
4 3945 5315 5320 5321
4 1794 5322 5323 5324
4 5325 5326 5327 5328
4 3998 5322 5325 5329
4 5316 5330 5331 5332
4 5311 5330 5333 5334
4 3996 5335 5336 5337
4 5326 5331 5335 5338
4 5329 5338 5339 5340
4 3445 5341 5342 5343
4 2584 5344 5345 5346
4 3456 5341 5347 5348
4 3432 5342 5349 5350
4 2058 5351 5352 5353
4 5354 5355 5356 5357
4 2596 5354 5358 5359
4 5358 5360 5361 5362
4 1636 5355 5360 5363
4 2590 5359 5364 5365
4 3575 5363 5366 5367
4 1103 5364 5368 5369
4 2588 5365 5370 5371
4 2566 5368 5372 5373
4 5374 5375 5376 5377
4 1111 5369 5374 5378
4 2554 5379 5380 5381
4 5378 5382 5383 5384
4 2549 5375 5379 5382
4 2635 5385 5386 5387
4 5388 5389 5390 5391
4 2628 5385 5392 5393
4 2620 5388 5392 5394
4 1232 5393 5395 5396
4 2852 5395 5397 5398
4 5399 5400 5401 5402
4 4338 5403 5404 5405
4 3507 5403 5406 5407
4 5408 5409 5410 5411
4 5406 5408 5412 5413
4 3510 5407 5414 5415
4 5412 5416 5417 5418
4 3433 5409 5416 5419
4 5349 5419 5420 5421
4 5399 5422 5423 5424
4 5425 5426 5427 5428
4 5343 5422 5425 5429
4 5423 5430 5431 5432
4 5429 5433 5434 5435
4 5344 5426 5433 5436
4 5430 5437 5438 5439
4 5440 5441 5442 5443
4 2639 5431 5440 5444
4 2585 5436 5445 5446
4 5447 5448 5449 5450
4 5444 5451 5452 5453
4 5441 5447 5451 5454
4 2650 5455 5456 5457
4 5458 5459 5460 5461
4 3512 5455 5458 5462
4 5463 5464 5465 5466
4 3076 5467 5468 5469
4 5470 5471 5472 5473
4 3073 5467 5470 5474
4 4197 5475 5476 5477
4 5474 5478 5479 5480
4 4071 5471 5478 5481
4 3137 5482 5483 5484
4 1138 5485 5486 5487
4 5488 5489 5490 5491
4 5492 5493 5494 5495
4 2657 5492 5496 5497
4 2571 5496 5498 5499
4 5497 5500 5501 5502
4 2651 5493 5500 5503
4 2579 5504 5505 5506
4 1189 5503 5504 5507
4 5333 5508 5509 5510
4 5511 5512 5513 5514
4 5294 5511 5515 5516
4 5517 5518 5519 5520
4 5521 5522 5523 5524
4 5525 5526 5527 5528
4 5521 5525 5529 5530
4 1152 5531 5532 5533
4 5529 5534 5535 5536
4 2692 5526 5531 5534
4 61 5532 5537 5538
4 1165 5537 5539 5540
4 5541 5542 5543 5544
4 4335 5538 5541 5545
4 5546 5547 5548 5549
4 5545 5550 5551 5552
4 5542 5546 5550 5553
4 5554 5555 5556 5557
4 5554 5558 5559 5560
4 2693 5561 5562 5563
4 5564 5565 5566 5567
4 2688 5561 5564 5568
4 2761 5569 5570 5571
4 5568 5572 5573 5574
4 2706 5565 5572 5575
4 2708 5569 5575 5576
4 383 5576 5577 5578
4 2878 5577 5579 5580
4 5581 5582 5583 5584
4 458 5578 5581 5585
4 2698 5586 5587 5588
4 5585 5589 5590 5591
4 2699 5582 5586 5589
4 1563 5592 5593 5594
4 2654 5592 5595 5596
4 5597 5598 5599 5600
4 4399 5593 5597 5601
4 3511 5594 5602 5603
4 2662 5595 5604 5605
4 5606 5607 5608 5609
4 2652 5596 5606 5610
4 2947 5611 5612 5613
4 5610 5614 5615 5616
4 2781 5607 5611 5614
4 2789 5617 5618 5619
4 4776 5620 5621 5622
4 5623 5624 5625 5626
4 2785 5617 5623 5627
4 5628 5629 5630 5631
4 2850 5628 5632 5633
4 2839 5632 5634 5635
4 2845 5634 5636 5637
4 1221 5635 5638 5639
4 5640 5641 5642 5643
4 4985 5638 5640 5644
4 1225 5639 5645 5646
4 5647 5648 5649 5650
4 5629 5647 5651 5652
4 2468 5653 5654 5655
4 5633 5651 5656 5657
4 5397 5658 5659 5660
4 5661 5662 5663 5664
4 2790 5661 5665 5666
4 2872 5667 5668 5669
4 2917 5670 5671 5672
4 5673 5674 5675 5676
4 2921 5670 5677 5678
4 2920 5671 5679 5680
4 5681 5682 5683 5684
4 2930 5677 5681 5685
4 5686 5687 5688 5689
4 5690 5691 5692 5693
4 5694 5695 5696 5697
4 5063 5694 5698 5699
4 5090 5700 5701 5702
4 5698 5703 5704 5705
4 5062 5695 5703 5706
4 5083 5700 5706 5707
4 4733 5707 5708 5709
4 5710 5711 5712 5713
4 4729 5708 5710 5714
4 4737 5709 5715 5716
4 5714 5717 5718 5719
4 2012 5711 5717 5720
4 5019 5720 5721 5722
4 5723 5724 5725 5726
4 2971 5723 5727 5728
4 5727 5729 5730 5731
4 548 5724 5729 5732
4 2974 5728 5733 5734
4 3261 5732 5735 5736
4 1790 5733 5737 5738
4 5739 5740 5741 5742
4 2968 5743 5744 5745
4 5743 5746 5747 5748
4 2972 5744 5749 5750
4 3368 5751 5752 5753
4 5754 5755 5756 5757
4 3000 5754 5758 5759
4 5758 5760 5761 5762
4 5317 5755 5760 5763
4 5448 5759 5764 5765
4 5332 5763 5766 5767
4 5454 5764 5768 5769
4 5770 5771 5772 5773
4 4328 5770 5774 5775
4 3997 5774 5776 5777
4 5778 5779 5780 5781
4 2997 5778 5782 5783
4 5782 5784 5785 5786
4 5779 5784 5787 5788
4 3001 5783 5789 5790
4 1301 5787 5791 5792
4 3007 5791 5793 5794
4 1297 5792 5795 5796
4 3964 5795 5797 5798
4 5799 5800 5801 5802
4 3002 5799 5803 5804
4 5803 5805 5806 5807
4 5800 5805 5808 5809
4 2643 5810 5811 5812
4 2646 5810 5813 5814
4 5815 5816 5817 5818
4 5808 5815 5819 5820
4 5819 5821 5822 5823
4 343 5816 5821 5824
4 3425 5820 5825 5826
4 56 5824 5827 5828
4 3424 5825 5829 5830
4 3330 5826 5831 5832
4 3008 5831 5833 5834
4 5835 5836 5837 5838
4 3356 5832 5835 5839
4 4363 5840 5841 5842
4 5839 5843 5844 5845
4 4377 5836 5840 5843
4 3019 5846 5847 5848
4 5305 5846 5849 5850
4 5851 5852 5853 5854
4 5855 5856 5857 5858
4 3026 5847 5855 5859
4 2678 5851 5860 5861
4 5859 5862 5863 5864
4 2031 5856 5862 5865
4 2029 5860 5866 5867
4 5868 5869 5870 5871
4 4320 5868 5872 5873
4 3023 5874 5875 5876
4 3027 5874 5877 5878
4 3011 5879 5880 5881
4 5882 5883 5884 5885
4 1305 5879 5882 5886
4 5887 5888 5889 5890
4 5886 5891 5892 5893
4 3033 5883 5891 5894
4 5887 5894 5895 5896
4 4602 5895 5897 5898
4 4606 5897 5899 5900
4 5901 5902 5903 5904
4 3058 5905 5906 5907
4 3059 5905 5908 5909
4 5908 5910 5911 5912
4 5336 5913 5914 5915
4 1413 5916 5917 5918
4 5919 5920 5921 5922
4 4780 5916 5919 5923
4 5667 5924 5925 5926
4 3013 5927 5928 5929
4 3015 5927 5930 5931
4 5930 5932 5933 5934
4 5935 5936 5937 5938
4 3154 5939 5940 5941
4 5939 5942 5943 5944
4 4681 5945 5946 5947
4 5948 5949 5950 5951
4 4677 5945 5948 5952
4 4685 5946 5953 5954
4 5955 5956 5957 5958
4 4220 5959 5960 5961
4 5962 5963 5964 5965
4 2252 5966 5967 5968
4 5969 5970 5971 5972
4 5962 5969 5973 5974
4 2248 5966 5975 5976
4 5973 5977 5978 5979
4 837 5970 5975 5977
4 2257 5976 5980 5981
4 2243 5980 5982 5983
4 4988 5984 5985 5986
4 5987 5988 5989 5990
4 1452 5991 5992 5993
4 5987 5994 5995 5996
4 3240 5994 5997 5998
4 3238 5997 5999 6000
4 6001 6002 6003 6004
4 3179 5998 6001 6005
4 4957 6006 6007 6008
4 6005 6009 6010 6011
4 4947 6002 6006 6009
4 3040 6012 6013 6014
4 3933 6015 6016 6017
4 3943 6015 6018 6019
4 5739 6016 6020 6021
4 6022 6023 6024 6025
4 5734 6020 6022 6026
4 6026 6027 6028 6029
4 2977 6023 6027 6030
4 1294 6030 6031 6032
4 3957 6033 6034 6035
4 5995 6036 6037 6038
4 6039 6040 6041 6042
4 1366 6039 6043 6044
4 6043 6045 6046 6047
4 5988 6036 6040 6045
4 260 6048 6049 6050
4 3207 6051 6052 6053
4 3206 6051 6054 6055
4 1372 6052 6056 6057
4 6058 6059 6060 6061
4 233 6056 6058 6062
4 1376 6057 6063 6064
4 6062 6065 6066 6067
4 867 6059 6065 6068
4 870 6068 6069 6070
4 6071 6072 6073 6074
4 6071 6075 6076 6077
4 6078 6079 6080 6081
4 1453 6082 6083 6084
4 6085 6086 6087 6088
4 5991 6082 6085 6089
4 6089 6090 6091 6092
4 5996 6086 6090 6093
4 3281 6094 6095 6096
4 3284 6094 6097 6098
4 1455 6099 6100 6101
4 3270 6102 6103 6104
4 2987 6105 6106 6107
4 6108 6109 6110 6111
4 2990 6105 6108 6112
4 6113 6114 6115 6116
4 3274 6117 6118 6119
4 6112 6120 6121 6122
4 6123 6124 6125 6126
4 3277 6117 6123 6127
4 6109 6120 6128 6129
4 6127 6130 6131 6132
4 1830 6124 6128 6130
4 6102 6129 6133 6134
4 3271 6133 6135 6136
4 6137 6138 6139 6140
4 3292 6141 6142 6143
4 6144 6145 6146 6147
4 2814 6141 6144 6148
4 6149 6150 6151 6152
4 6148 6153 6154 6155
4 2811 6145 6153 6156
4 6149 6156 6157 6158
4 4561 6157 6159 6160
4 393 6159 6161 6162
4 6163 6164 6165 6166
4 4569 6160 6163 6167
4 3123 6168 6169 6170
4 6167 6171 6172 6173
4 3124 6164 6168 6171
4 3307 6174 6175 6176
4 268 6177 6178 6179
4 6180 6181 6182 6183
4 1489 6174 6180 6184
4 269 6177 6185 6186
4 6184 6187 6188 6189
4 907 6181 6185 6187
4 276 6186 6190 6191
4 6192 6193 6194 6195
4 4215 6190 6192 6196
4 279 6191 6197 6198
4 6196 6199 6200 6201
4 2792 6193 6199 6202
4 4821 6202 6203 6204
4 6205 6206 6207 6208
4 3066 6205 6209 6210
4 3065 6209 6211 6212
4 6210 6213 6214 6215
4 3366 6206 6213 6216
4 5751 6217 6218 6219
4 3369 6216 6217 6220
4 2164 6220 6221 6222
4 127 6221 6223 6224
4 6225 6226 6227 6228
4 2973 6222 6225 6229
4 3099 6230 6231 6232
4 6229 6233 6234 6235
4 642 6226 6230 6233
4 4545 6236 6237 6238
4 6239 6240 6241 6242
4 4558 6236 6243 6244
4 6239 6243 6245 6246
4 4171 6247 6248 6249
4 4554 6244 6247 6250
4 6248 6251 6252 6253
4 3397 6254 6255 6256
4 3376 6257 6258 6259
4 6260 6261 6262 6263
4 3393 6254 6260 6264
4 4551 6257 6265 6266
4 6264 6267 6268 6269
4 4549 6261 6265 6267
4 6266 6270 6271 6272
4 6273 6274 6275 6276
4 2172 6270 6273 6277
4 6271 6278 6279 6280
4 6277 6281 6282 6283
4 4661 6274 6281 6284
4 4657 6284 6285 6286
4 3413 6287 6288 6289
4 1584 6290 6291 6292
4 3409 6287 6293 6294
4 6295 6296 6297 6298
4 3497 6290 6295 6299
4 6299 6300 6301 6302
4 3482 6293 6296 6300
4 3466 6294 6303 6304
4 6305 6306 6307 6308
4 3472 6303 6305 6309
4 6310 6311 6312 6313
4 6309 6314 6315 6316
4 6306 6310 6314 6317
4 3438 6318 6319 6320
4 2059 6321 6322 6323
4 3439 6318 6324 6325
4 6326 6327 6328 6329
4 5351 6321 6326 6330
4 5201 6324 6331 6332
4 6330 6333 6334 6335
4 5350 6325 6327 6333
4 6336 6337 6338 6339
4 6331 6336 6340 6341
4 5205 6332 6342 6343
4 6340 6344 6345 6346
4 1553 6337 6344 6347
4 2089 6347 6348 6349
4 6350 6351 6352 6353
4 4923 6350 6354 6355
4 6354 6356 6357 6358
4 3534 6351 6356 6359
4 3539 6355 6360 6361
4 3537 6359 6362 6363
4 2589 6360 6364 6365
4 3543 6361 6366 6367
4 6368 6369 6370 6371
4 5130 6366 6368 6372
4 3547 6367 6373 6374
4 6372 6375 6376 6377
4 5107 6369 6375 6378
4 4791 6379 6380 6381
4 6382 6383 6384 6385
4 4787 6379 6382 6386
4 6387 6388 6389 6390
4 3560 6387 6391 6392
4 6391 6393 6394 6395
4 1611 6388 6393 6396
4 6392 6397 6398 6399
4 1620 6396 6400 6401
4 6397 6402 6403 6404
4 6405 6406 6407 6408
4 6409 6410 6411 6412
4 3570 6409 6413 6414
4 6413 6415 6416 6417
4 1626 6410 6415 6418
4 3595 6414 6419 6420
4 328 6418 6421 6422
4 327 6421 6423 6424
4 2122 6422 6425 6426
4 2127 6425 6427 6428
4 6429 6430 6431 6432
4 734 6426 6429 6433
4 6433 6434 6435 6436
4 4282 6430 6434 6437
4 6438 6439 6440 6441
4 2515 6438 6442 6443
4 6442 6444 6445 6446
4 3579 6439 6444 6447
4 1012 6448 6449 6450
4 3578 6447 6451 6452
4 3584 6453 6454 6455
4 6456 6457 6458 6459
4 3586 6453 6456 6460
4 4351 6461 6462 6463
4 3612 6464 6465 6466
4 3604 6467 6468 6469
4 6470 6471 6472 6473
4 3596 6470 6474 6475
4 6474 6476 6477 6478
4 3605 6467 6471 6476
4 3613 6479 6480 6481
4 6464 6479 6482 6483
4 6482 6484 6485 6486
4 6487 6488 6489 6490
4 6487 6491 6492 6493
4 6494 6495 6496 6497
4 5672 6488 6494 6498
4 6498 6499 6500 6501
4 5673 6495 6499 6502
4 6503 6504 6505 6506
4 3285 6503 6507 6508
4 3287 6509 6510 6511
4 1456 6512 6513 6514
4 6515 6516 6517 6518
4 6099 6512 6515 6519
4 3625 6520 6521 6522
4 3627 6520 6523 6524
4 6507 6525 6526 6527
4 6523 6528 6529 6530
4 6531 6532 6533 6534
4 3632 6524 6531 6535
4 6535 6536 6537 6538
4 6504 6525 6532 6536
4 6539 6540 6541 6542
4 3621 6528 6539 6543
4 6529 6544 6545 6546
4 6543 6547 6548 6549
4 1721 6540 6547 6550
4 1451 6550 6551 6552
4 6553 6554 6555 6556
4 3733 6553 6557 6558
4 1662 6559 6560 6561
4 1658 6557 6559 6562
4 1129 6562 6563 6564
4 1679 6563 6565 6566
4 6567 6568 6569 6570
4 3850 6564 6567 6571
4 3683 6572 6573 6574
4 6571 6575 6576 6577
4 3843 6568 6572 6575
4 3768 6578 6579 6580
4 3568 6581 6582 6583
4 6584 6585 6586 6587
4 3771 6578 6584 6588
4 3551 6581 6589 6590
4 6588 6591 6592 6593
4 6585 6589 6591 6594
4 1745 6590 6595 6596
4 221 6595 6597 6598
4 6599 6600 6601 6602
4 1744 6596 6599 6603
4 3763 6604 6605 6606
4 6603 6607 6608 6609
4 3759 6600 6604 6607
4 3924 6610 6611 6612
4 6613 6614 6615 6616
4 6402 6613 6617 6618
4 4483 6619 6620 6621
4 6622 6623 6624 6625
4 5260 6622 6626 6627
4 6398 6617 6628 6629
4 6626 6630 6631 6632
4 4480 6619 6623 6630
4 6633 6634 6635 6636
4 3977 6633 6637 6638
4 6637 6639 6640 6641
4 5788 6634 6639 6642
4 3980 6638 6643 6644
4 480 6642 6645 6646
4 1511 6645 6647 6648
4 48 6646 6649 6650
4 6651 6652 6653 6654
4 1709 6649 6651 6655
4 1098 6650 6656 6657
4 6655 6658 6659 6660
4 2993 6652 6658 6661
4 2989 6661 6662 6663
4 6664 6665 6666 6667
4 6664 6668 6669 6670
4 6671 6672 6673 6674
4 4007 6671 6675 6676
4 6675 6677 6678 6679
4 5 6672 6677 6680
4 3275 6680 6681 6682
4 6113 6683 6684 6685
4 4006 6686 6687 6688
4 6689 6690 6691 6692
4 4002 6686 6689 6693
4 4008 6694 6695 6696
4 6697 6698 6699 6700
4 1824 6694 6697 6701
4 6701 6702 6703 6704
4 6594 6698 6702 6705
4 3561 6705 6706 6707
4 632 6706 6708 6709
4 97 6708 6710 6711
4 6712 6713 6714 6715
4 6709 6712 6716 6717
4 4009 6718 6719 6720
4 160 6718 6721 6722
4 6723 6724 6725 6726
4 6716 6719 6723 6727
4 4012 6720 6728 6729
4 6730 6731 6732 6733
4 1468 6728 6730 6734
4 6734 6735 6736 6737
4 4640 6731 6735 6738
4 4643 6738 6739 6740
4 4016 6741 6742 6743
4 1542 6741 6744 6745
4 6746 6747 6748 6749
4 4024 6742 6746 6750
4 4093 6743 6751 6752
4 6750 6753 6754 6755
4 6747 6753 6756 6757
4 4092 6751 6758 6759
4 6760 6761 6762 6763
4 6764 6765 6766 6767
4 6668 6764 6768 6769
4 6770 6771 6772 6773
4 4043 6774 6775 6776
4 6078 6774 6777 6778
4 4053 6775 6779 6780
4 6781 6782 6783 6784
4 4035 6776 6781 6785
4 6786 6787 6788 6789
4 6777 6786 6790 6791
4 1601 6792 6793 6794
4 1609 6792 6795 6796
4 6797 6798 6799 6800
4 1134 6793 6797 6801
4 216 6794 6802 6803
4 6804 6805 6806 6807
4 6802 6804 6808 6809
4 687 6803 6810 6811
4 1378 6812 6813 6814
4 3213 6812 6815 6816
4 6817 6818 6819 6820
4 1940 6813 6821 6822
4 6823 6824 6825 6826
4 6814 6817 6827 6828
4 4853 6823 6827 6829
4 4097 6830 6831 6832
4 6833 6834 6835 6836
4 6837 6838 6839 6840
4 6833 6837 6841 6842
4 6815 6843 6844 6845
4 4131 6846 6847 6848
4 2308 6849 6850 6851
4 6852 6853 6854 6855
4 4134 6846 6852 6856
4 2305 6849 6857 6858
4 6856 6859 6860 6861
4 234 6853 6857 6859
4 2298 6858 6862 6863
4 179 6862 6864 6865
4 6866 6867 6868 6869
4 2297 6863 6866 6870
4 4139 6871 6872 6873
4 6870 6874 6875 6876
4 4141 6867 6871 6874
4 4198 6877 6878 6879
4 6880 6881 6882 6883
4 5475 6877 6884 6885
4 5481 6880 6884 6886
4 6887 6888 6889 6890
4 6887 6891 6892 6893
4 6891 6894 6895 6896
4 184 6888 6894 6897
4 2223 6898 6899 6900
4 243 6897 6901 6902
4 6903 6904 6905 6906
4 2227 6898 6903 6907
4 6908 6909 6910 6911
4 4715 6912 6913 6914
4 6915 6916 6917 6918
4 4236 6915 6919 6920
4 6919 6921 6922 6923
4 6916 6921 6924 6925
4 6924 6926 6927 6928
4 3158 6926 6929 6930
4 2472 6929 6931 6932
4 6933 6934 6935 6936
4 6930 6933 6937 6938
4 6939 6940 6941 6942
4 6937 6943 6944 6945
4 6934 6939 6943 6946
4 2253 6947 6948 6949
4 6950 6951 6952 6953
4 2254 6947 6954 6955
4 2000 6950 6954 6956
4 4251 6955 6957 6958
4 6892 6957 6959 6960
4 4249 6958 6961 6962
4 6963 6964 6965 6966
4 6963 6967 6968 6969
4 6967 6970 6971 6972
4 6959 6973 6974 6975
4 6976 6977 6978 6979
4 6976 6980 6981 6982
4 6980 6983 6984 6985
4 2906 6986 6987 6988
4 6927 6989 6990 6991
4 1549 6992 6993 6994
4 6995 6996 6997 6998
4 6995 6999 7000 7001
4 7002 7003 7004 7005
4 2729 7002 7006 7007
4 2733 7006 7008 7009
4 4286 7010 7011 7012
4 7010 7013 7014 7015
4 7016 7017 7018 7019
4 1550 7013 7016 7020
4 7014 7021 7022 7023
4 7020 7024 7025 7026
4 1184 7017 7024 7027
4 7028 7029 7030 7031
4 3429 7028 7032 7033
4 3450 7032 7034 7035
4 7036 7037 7038 7039
4 4347 7036 7040 7041
4 5238 7042 7043 7044
4 5242 7042 7045 7046
4 7047 7048 7049 7050
4 7043 7051 7052 7053
4 5246 7047 7051 7054
4 7052 7055 7056 7057
4 7058 7059 7060 7061
4 7055 7058 7062 7063
4 7062 7064 7065 7066
4 732 7059 7064 7067
4 7053 7063 7068 7069
4 7067 7070 7071 7072
4 7070 7073 7074 7075
4 4476 7071 7076 7077
4 1740 7076 7078 7079
4 7080 7081 7082 7083
4 4484 7077 7080 7084
4 3780 7085 7086 7087
4 7084 7088 7089 7090
4 3775 7081 7085 7088
4 7091 7092 7093 7094
4 7095 7096 7097 7098
4 2673 7095 7099 7100
4 2676 7099 7101 7102
4 7103 7104 7105 7106
4 3458 7103 7107 7108
4 5432 7109 7110 7111
4 7107 7112 7113 7114
4 5437 7104 7109 7112
4 1153 7115 7116 7117
4 5533 7115 7118 7119
4 7116 7120 7121 7122
4 7091 7123 7124 7125
4 7126 7127 7128 7129
4 7123 7126 7130 7131
4 7130 7132 7133 7134
4 4332 7127 7132 7135
4 4336 7135 7136 7137
4 7138 7139 7140 7141
4 4270 7138 7142 7143
4 4278 7144 7145 7146
4 7147 7148 7149 7150
4 5558 7151 7152 7153
4 7154 7155 7156 7157
4 7154 7158 7159 7160
4 7161 7162 7163 7164
4 4337 7161 7165 7166
4 7165 7167 7168 7169
4 2922 7162 7167 7170
4 5678 7170 7171 7172
4 7173 7174 7175 7176
4 7177 7178 7179 7180
4 6491 7177 7181 7182
4 6489 7181 7183 7184
4 7185 7186 7187 7188
4 4339 7185 7189 7190
4 5404 7189 7191 7192
4 7190 7193 7194 7195
4 7166 7186 7193 7196
4 7173 7196 7197 7198
4 7178 7197 7199 7200
4 7201 7202 7203 7204
4 7040 7199 7201 7205
4 7182 7200 7206 7207
4 7208 7209 7210 7211
4 3164 7208 7212 7213
4 7212 7214 7215 7216
4 4403 7209 7214 7217
4 4405 7217 7218 7219
4 4416 7218 7220 7221
4 4387 7219 7222 7223
4 4395 7222 7224 7225
4 7226 7227 7228 7229
4 7223 7226 7230 7231
4 4432 7232 7233 7234
4 4429 7232 7235 7236
4 7237 7238 7239 7240
4 4714 7235 7237 7241
4 4433 7236 7242 7243
4 2099 7242 7244 7245
4 7246 7247 7248 7249
4 4696 7243 7246 7250
4 7251 7252 7253 7254
4 6072 7255 7256 7257
4 7258 7259 7260 7261
4 6053 7258 7262 7263
4 261 7264 7265 7266
4 7262 7267 7268 7269
4 6048 7259 7264 7267
4 4586 7270 7271 7272
4 7273 7274 7275 7276
4 4582 7277 7278 7279
4 7280 7281 7282 7283
4 4578 7277 7280 7284
4 2810 7285 7286 7287
4 7288 7289 7290 7291
4 2176 7285 7288 7292
4 7284 7293 7294 7295
4 7292 7296 7297 7298
4 3247 7289 7296 7299
4 7281 7293 7299 7300
4 7273 7300 7301 7302
4 7303 7304 7305 7306
4 7301 7303 7307 7308
4 6158 7309 7310 7311
4 7307 7312 7313 7314
4 6150 7304 7309 7312
4 4587 7315 7316 7317
4 3239 7318 7319 7320
4 7321 7322 7323 7324
4 7270 7315 7321 7325
4 3234 7318 7326 7327
4 7325 7328 7329 7330
4 7308 7322 7326 7328
4 3230 7327 7331 7332
4 4573 7331 7333 7334
4 7335 7336 7337 7338
4 3228 7332 7335 7339
4 1407 7340 7341 7342
4 7339 7343 7344 7345
4 1402 7336 7340 7343
4 4614 7346 7347 7348
4 2812 7349 7350 7351
4 4610 7346 7352 7353
4 7354 7355 7356 7357
4 2180 7349 7354 7358
4 7358 7359 7360 7361
4 1295 7352 7355 7359
4 5746 7353 7362 7363
4 5745 7362 7364 7365
4 2169 7366 7367 7368
4 4617 7369 7370 7371
4 7372 7373 7374 7375
4 2197 7369 7372 7376
4 7377 7378 7379 7380
4 7376 7381 7382 7383
4 1845 7373 7381 7384
4 6079 7377 7385 7386
4 4036 7384 7387 7388
4 6778 7385 7389 7390
4 1951 7391 7392 7393
4 6075 7391 7394 7395
4 7396 7397 7398 7399
4 1957 7392 7396 7400
4 6073 7394 7401 7402
4 7403 7404 7405 7406
4 6790 7395 7403 7407
4 3151 7408 7409 7410
4 7407 7411 7412 7413
4 3147 7404 7408 7411
4 4664 7414 7415 7416
4 7417 7418 7419 7420
4 6885 7417 7421 7422
4 3138 7423 7424 7425
4 7421 7426 7427 7428
4 5482 7418 7423 7426
4 7429 7430 7431 7432
4 7433 7434 7435 7436
4 7433 7437 7438 7439
4 4678 7429 7437 7440
4 2231 7438 7441 7442
4 6669 7441 7443 7444
4 4671 7442 7445 7446
4 7447 7448 7449 7450
4 4697 7447 7451 7452
4 7451 7453 7454 7455
4 829 7448 7453 7456
4 34 7456 7457 7458
4 7459 7460 7461 7462
4 7463 7464 7465 7466
4 7397 7463 7467 7468
4 7400 7467 7469 7470
4 7459 7471 7472 7473
4 7474 7475 7476 7477
4 7452 7471 7474 7478
4 7464 7472 7479 7480
4 7481 7482 7483 7484
4 4665 7479 7481 7485
4 7468 7480 7486 7487
4 7485 7488 7489 7490
4 6818 7482 7488 7491
4 6828 7491 7492 7493
4 7494 7495 7496 7497
4 7498 7499 7500 7501
4 5488 7498 7502 7503
4 7494 7504 7505 7506
4 7502 7507 7508 7509
4 7499 7504 7507 7510
4 7511 7512 7513 7514
4 2110 7511 7515 7516
4 2113 7515 7517 7518
4 7519 7520 7521 7522
4 4706 7519 7523 7524
4 7523 7525 7526 7527
4 7520 7525 7528 7529
4 4703 7524 7530 7531
4 1076 7528 7532 7533
4 2539 7532 7534 7535
4 2106 7533 7536 7537
4 7538 7539 7540 7541
4 2104 7536 7538 7542
4 4716 7537 7543 7544
4 7542 7545 7546 7547
4 7238 7539 7545 7548
4 7241 7548 7549 7550
4 4717 7551 7552 7553
4 6912 7551 7554 7555
4 7556 7557 7558 7559
4 6908 7554 7556 7560
4 7557 7561 7562 7563
4 4723 7564 7565 7566
4 2261 7564 7567 7568
4 4989 7569 7570 7571
4 950 7567 7572 7573
4 7574 7575 7576 7577
4 5981 7568 7574 7578
4 7578 7579 7580 7581
4 5984 7569 7575 7579
4 962 7572 7582 7583
4 7584 7585 7586 7587
4 2442 7573 7584 7588
4 5644 7589 7590 7591
4 7588 7592 7593 7594
4 5641 7585 7589 7592
4 4777 7595 7596 7597
4 7598 7599 7600 7601
4 5620 7595 7602 7603
4 7598 7602 7604 7605
4 1197 7606 7607 7608
4 5624 7603 7606 7609
4 7607 7610 7611 7612
4 5627 7609 7613 7614
4 4844 7615 7616 7617
4 7250 7618 7619 7620
4 4841 7615 7621 7622
4 7623 7624 7625 7626
4 7247 7618 7623 7627
4 7627 7628 7629 7630
4 2114 7621 7624 7628
4 5489 7622 7631 7632
4 7503 7631 7633 7634
4 7635 7636 7637 7638
4 4854 7632 7635 7639
4 7478 7640 7641 7642
4 7639 7643 7644 7645
4 7475 7636 7640 7643
4 7646 7647 7648 7649
4 507 7650 7651 7652
4 7653 7654 7655 7656
4 4903 7653 7657 7658
4 7659 7660 7661 7662
4 7659 7663 7664 7665
4 7663 7666 7667 7668
4 7657 7669 7670 7671
4 121 7650 7654 7669
4 4940 7672 7673 7674
4 7672 7675 7676 7677
4 3623 7673 7678 7679
4 3165 7680 7681 7682
4 7213 7680 7683 7684
4 7685 7686 7687 7688
4 3197 7681 7685 7689
4 6530 7690 7691 7692
4 7689 7693 7694 7695
4 6544 7686 7690 7693
4 7696 7697 7698 7699
4 7227 7696 7700 7701
4 4933 7702 7703 7704
4 7230 7700 7705 7706
4 7707 7708 7709 7710
4 4892 7702 7707 7711
4 4937 7703 7712 7713
4 7711 7714 7715 7716
4 7646 7708 7714 7717
4 4986 7718 7719 7720
4 7721 7722 7723 7724
4 4977 7718 7721 7725
4 5010 7726 7727 7728
4 7725 7729 7730 7731
4 2859 7722 7729 7732
4 5012 7726 7732 7733
4 7734 7735 7736 7737
4 4993 7734 7738 7739
4 4991 7738 7740 7741
4 5030 7742 7743 7744
4 5064 7742 7745 7746
4 7747 7748 7749 7750
4 5020 7743 7747 7751
4 5034 7744 7752 7753
4 5699 7745 7754 7755
4 7756 7757 7758 7759
4 2452 7746 7756 7760
4 7751 7761 7762 7763
4 2738 7748 7761 7764
4 2742 7764 7765 7766
4 2908 7767 7768 7769
4 7760 7770 7771 7772
4 1174 7757 7767 7770
4 5120 7773 7774 7775
4 7776 7777 7778 7779
4 5117 7773 7776 7780
4 5136 7781 7782 7783
4 7780 7784 7785 7786
4 5150 7777 7784 7787
4 5151 7781 7787 7788
4 5155 7788 7789 7790
4 7791 7792 7793 7794
4 2480 7789 7791 7795
4 5159 7790 7796 7797
4 7795 7798 7799 7800
4 2473 7792 7798 7801
4 938 7801 7802 7803
4 7804 7805 7806 7807
4 5183 7804 7808 7809
4 7808 7810 7811 7812
4 4894 7805 7810 7813
4 5189 7809 7814 7815
4 4893 7813 7816 7817
4 5176 7814 7818 7819
4 5185 7815 7820 7821
4 7822 7823 7824 7825
4 1283 7820 7822 7826
4 7827 7828 7829 7830
4 5180 7827 7831 7832
4 5184 7831 7833 7834
4 7821 7835 7836 7837
4 7838 7839 7840 7841
4 5186 7835 7838 7842
4 5194 7843 7844 7845
4 5195 7843 7846 7847
4 1062 7848 7849 7850
4 6311 7846 7851 7852
4 7853 7854 7855 7856
4 6341 7847 7853 7857
4 7857 7858 7859 7860
4 2534 7848 7854 7858
4 6317 7851 7861 7862
4 7863 7864 7865 7866
4 1593 7852 7863 7867
4 201 7868 7869 7870
4 7867 7871 7872 7873
4 1597 7864 7868 7871
4 7874 7875 7876 7877
4 7874 7878 7879 7880
4 7516 7881 7882 7883
4 7875 7884 7885 7886
4 7505 7878 7884 7887
4 7512 7881 7887 7888
4 7888 7889 7890 7891
4 7892 7893 7894 7895
4 7555 7889 7892 7896
4 7890 7897 7898 7899
4 5272 7900 7901 7902
4 4470 7900 7903 7904
4 5276 7901 7905 7906
4 7907 7908 7909 7910
4 5288 7902 7907 7911
4 735 7912 7913 7914
4 7915 7916 7917 7918
4 5254 7905 7915 7919
4 5279 7906 7920 7921
4 7911 7922 7923 7924
4 739 7908 7912 7922
4 7919 7925 7926 7927
4 7073 7916 7925 7928
4 7072 7928 7929 7930
4 7931 7932 7933 7934
4 1320 7931 7935 7936
4 3958 7937 7938 7939
4 7935 7940 7941 7942
4 6044 7932 7940 7943
4 6033 7937 7943 7944
4 7944 7945 7946 7947
4 7948 7949 7950 7951
4 6017 7945 7948 7952
4 7946 7953 7954 7955
4 7952 7956 7957 7958
4 6012 7949 7956 7959
4 3041 7959 7960 7961
4 7962 7963 7964 7965
4 7962 7966 7967 7968
4 883 7969 7970 7971
4 5398 7972 7973 7974
4 2457 7969 7975 7976
4 7977 7978 7979 7980
4 5658 7972 7977 7981
4 7981 7982 7983 7984
4 7975 7978 7982 7985
4 2454 7976 7986 7987
4 7988 7989 7990 7991
4 914 7986 7988 7992
4 5059 7987 7993 7994
4 7992 7995 7996 7997
4 5389 7989 7995 7998
4 5394 7998 7999 8000
4 5547 8001 8002 8003
4 5553 8001 8004 8005
4 5459 8002 8006 8007
4 2640 8008 8009 8010
4 8011 8012 8013 8014
4 5405 8006 8011 8015
4 5462 8007 8016 8017
4 8015 8018 8019 8020
4 5400 8012 8018 8021
4 5424 8021 8022 8023
4 8024 8025 8026 8027
4 8028 8029 8030 8031
4 4267 8024 8028 8032
4 8033 8034 8035 8036
4 4254 8033 8037 8038
4 7033 8039 8040 8041
4 8037 8042 8043 8044
4 724 8034 8042 8045
4 7029 8039 8045 8046
4 8047 8048 8049 8050
4 7144 8047 8051 8052
4 4279 8051 8053 8054
4 8055 8056 8057 8058
4 8059 8060 8061 8062
4 4290 8059 8063 8064
4 8055 8065 8066 8067
4 8063 8068 8069 8070
4 8029 8060 8065 8068
4 5463 8066 8071 8072
4 8073 8074 8075 8076
4 53 8071 8073 8077
4 8077 8078 8079 8080
4 1142 8074 8078 8081
4 4187 8081 8082 8083
4 1139 8084 8085 8086
4 8087 8088 8089 8090
4 5485 8084 8087 8091
4 8091 8092 8093 8094
4 7510 8088 8092 8095
4 6798 8096 8097 8098
4 6801 8096 8099 8100
4 8101 8102 8103 8104
4 4188 8101 8105 8106
4 4182 8105 8107 8108
4 4291 8107 8109 8110
4 8064 8109 8111 8112
4 8113 8114 8115 8116
4 4295 8110 8113 8117
4 7506 8118 8119 8120
4 8117 8121 8122 8123
4 7495 8114 8118 8121
4 8124 8125 8126 8127
4 8128 8129 8130 8131
4 8124 8128 8132 8133
4 5530 8134 8135 8136
4 8132 8137 8138 8139
4 5515 8129 8137 8140
4 5522 8134 8140 8141
4 5517 8141 8142 8143
4 8144 8145 8146 8147
4 8003 8142 8144 8148
4 8148 8149 8150 8151
4 8008 8145 8149 8152
4 2641 8152 8153 8154
4 3132 8155 8156 8157
4 5935 8158 8159 8160
4 8161 8162 8163 8164
4 7439 8165 8166 8167
4 8168 8169 8170 8171
4 7434 8165 8168 8172
4 5559 8173 8174 8175
4 8172 8176 8177 8178
4 7155 8169 8176 8179
4 7151 8173 8179 8180
4 7147 8180 8181 8182
4 8183 8184 8185 8186
4 8181 8183 8187 8188
4 8187 8189 8190 8191
4 5949 8184 8189 8192
4 5952 8192 8193 8194
4 5652 8195 8196 8197
4 994 8198 8199 8200
4 5648 8195 8201 8202
4 8203 8204 8205 8206
4 995 8198 8203 8207
4 8207 8208 8209 8210
4 2443 8201 8204 8208
4 5653 8202 8211 8212
4 2469 8211 8213 8214
4 8215 8216 8217 8218
4 7985 8212 8215 8219
4 5055 8220 8221 8222
4 8219 8223 8224 8225
4 5052 8216 8220 8223
4 6940 8226 8227 8228
4 6946 8226 8229 8230
4 7735 8227 8231 8232
4 8233 8234 8235 8236
4 8237 8238 8239 8240
4 7733 8231 8237 8241
4 7739 8232 8242 8243
4 5690 8244 8245 8246
4 5668 8247 8248 8249
4 5686 8244 8247 8250
4 8248 8251 8252 8253
4 5598 8254 8255 8256
4 8254 8257 8258 8259
4 5601 8255 8260 8261
4 7828 8262 8263 8264
4 7832 8262 8265 8266
4 8267 8268 8269 8270
4 8271 8272 8273 8274
4 8275 8276 8277 8278
4 8271 8279 8280 8281
4 8282 8283 8284 8285
4 8245 8272 8282 8286
4 6989 8275 8287 8288
4 6928 8287 8289 8290
4 8273 8291 8292 8293
4 8294 8295 8296 8297
4 8279 8291 8294 8298
4 2888 8299 8300 8301
4 8298 8302 8303 8304
4 2909 8295 8302 8305
4 2884 8299 8305 8306
4 4772 8306 8307 8308
4 4771 8307 8309 8310
4 8311 8312 8313 8314
4 2882 8308 8311 8315
4 8250 8316 8317 8318
4 8315 8319 8320 8321
4 5687 8312 8316 8319
4 5752 8322 8323 8324
4 8325 8326 8327 8328
4 6278 8325 8329 8330
4 6272 8329 8331 8332
4 2170 8333 8334 8335
4 8336 8337 8338 8339
4 7363 8336 8340 8341
4 8340 8342 8343 8344
4 7366 8333 8337 8342
4 8345 8346 8347 8348
4 5804 8349 8350 8351
4 3003 8349 8352 8353
4 5796 8345 8352 8354
4 2647 8355 8356 8357
4 1855 8353 8355 8358
4 8356 8359 8360 8361
4 1854 8358 8362 8363
4 5872 8364 8365 8366
4 5861 8367 8368 8369
4 8370 8371 8372 8373
4 5869 8364 8370 8374
4 5852 8367 8375 8376
4 8374 8377 8378 8379
4 5848 8371 8375 8377
4 8125 8376 8380 8381
4 8133 8380 8382 8383
4 8384 8385 8386 8387
4 2677 8381 8384 8388
4 8389 8390 8391 8392
4 8388 8393 8394 8395
4 8385 8389 8393 8396
4 8397 8398 8399 8400
4 5898 8397 8401 8402
4 4598 8401 8403 8404
4 8402 8405 8406 8407
4 5901 8398 8405 8408
4 2185 8403 8409 8410
4 4591 8404 8411 8412
4 4595 8411 8413 8414
4 3031 8415 8416 8417
4 5909 8418 8419 8420
4 8421 8422 8423 8424
4 3034 8415 8421 8425
4 5910 8418 8426 8427
4 8425 8428 8429 8430
4 7966 8422 8426 8428
4 398 8427 8431 8432
4 8433 8434 8435 8436
4 615 8431 8433 8437
4 3055 8432 8438 8439
4 8437 8440 8441 8442
4 5888 8434 8440 8443
4 5896 8443 8444 8445
4 5932 8446 8447 8448
4 5555 8446 8449 8450
4 5931 8447 8451 8452
4 8453 8454 8455 8456
4 8158 8448 8453 8457
4 5560 8449 8458 8459
4 3133 8460 8461 8462
4 8457 8463 8464 8465
4 8155 8454 8460 8463
4 3014 8466 8467 8468
4 5902 8466 8469 8470
4 8467 8471 8472 8473
4 8408 8469 8474 8475
4 8476 8477 8478 8479
4 8480 8481 8482 8483
4 4674 8480 8484 8485
4 4679 8484 8486 8487
4 849 8488 8489 8490
4 8491 8492 8493 8494
4 4216 8488 8491 8495
4 8496 8497 8498 8499
4 5665 8496 8500 8501
4 8500 8502 8503 8504
4 2856 8497 8502 8505
4 8241 8506 8507 8508
4 2860 8505 8509 8510
4 8511 8512 8513 8514
4 8238 8506 8511 8515
4 5955 8516 8517 8518
4 8516 8519 8520 8521
4 8522 8523 8524 8525
4 8476 8526 8527 8528
4 6074 8529 8530 8531
4 7255 8529 8532 8533
4 6250 8534 8535 8536
4 8537 8538 8539 8540
4 8541 8542 8543 8544
4 7263 8532 8541 8545
4 8545 8546 8547 8548
4 4555 8534 8542 8546
4 2186 8549 8550 8551
4 8552 8553 8554 8555
4 8556 8557 8558 8559
4 8412 8549 8556 8560
4 8560 8561 8562 8563
4 8557 8561 8564 8565
4 8522 8552 8566 8567
4 6095 8568 8569 8570
4 8571 8572 8573 8574
4 3244 8571 8575 8576
4 3248 8575 8577 8578
4 7302 8579 8580 8581
4 8582 8583 8584 8585
4 6093 8582 8586 8587
4 8586 8588 8589 8590
4 7274 8579 8583 8588
4 8591 8592 8593 8594
4 7953 8591 8595 8596
4 8595 8597 8598 8599
4 8587 8592 8597 8600
4 7947 8596 8601 8602
4 8568 8600 8603 8604
4 6096 8603 8605 8606
4 8572 8604 8607 8608
4 8609 8610 8611 8612
4 3255 8607 8609 8613
4 8576 8608 8614 8615
4 8613 8616 8617 8618
4 5740 8610 8616 8619
4 6021 8619 8620 8621
4 3288 8622 8623 8624
4 6509 8622 8625 8626
4 8627 8628 8629 8630
4 6516 8625 8631 8632
4 8633 8634 8635 8636
4 6508 8626 8633 8637
4 8637 8638 8639 8640
4 8627 8634 8638 8641
4 8642 8643 8644 8645
4 6134 8631 8642 8646
4 6519 8632 8647 8648
4 8646 8649 8650 8651
4 6137 8643 8649 8652
4 6114 8653 8654 8655
4 6683 8653 8656 8657
4 3276 8658 8659 8660
4 6138 8654 8658 8661
4 8659 8662 8663 8664
4 8652 8661 8665 8666
4 8667 8668 8669 8670
4 6240 8667 8671 8672
4 6245 8671 8673 8674
4 8672 8675 8676 8677
4 3367 8668 8675 8678
4 631 8679 8680 8681
4 1546 8678 8679 8682
4 6834 8682 8683 8684
4 8685 8686 8687 8688
4 3214 8683 8685 8689
4 6841 8684 8690 8691
4 8689 8692 8693 8694
4 6251 8686 8692 8695
4 6249 8695 8696 8697
4 6304 8698 8699 8700
4 7664 8701 8702 8703
4 8704 8705 8706 8707
4 3467 8698 8704 8708
4 7660 8701 8709 8710
4 8708 8711 8712 8713
4 7231 8705 8709 8711
4 7647 8710 8714 8715
4 7717 8714 8716 8717
4 8718 8719 8720 8721
4 7658 8715 8718 8722
4 3483 8723 8724 8725
4 8722 8726 8727 8728
4 3486 8719 8723 8726
4 5396 8729 8730 8731
4 8732 8733 8734 8735
4 1233 8729 8732 8736
4 6378 8737 8738 8739
4 8736 8740 8741 8742
4 5113 8733 8740 8743
4 5108 8737 8743 8744
4 1781 8744 8745 8746
4 1780 8745 8747 8748
4 8749 8750 8751 8752
4 3538 8746 8749 8753
4 2621 8754 8755 8756
4 8753 8757 8758 8759
4 1229 8750 8754 8757
4 8760 8761 8762 8763
4 6399 8760 8764 8765
4 8764 8766 8767 8768
4 3562 8761 8766 8769
4 6405 8765 8770 8771
4 6707 8769 8772 8773
4 6383 8770 8774 8775
4 8776 8777 8778 8779
4 493 8774 8776 8780
4 6386 8775 8781 8782
4 8780 8783 8784 8785
4 6724 8777 8783 8786
4 6727 8786 8787 8788
4 8789 8790 8791 8792
4 6406 8789 8793 8794
4 8793 8795 8796 8797
4 1950 8790 8795 8798
4 8771 8794 8799 8800
4 1941 8798 8801 8802
4 4163 8801 8803 8804
4 8805 8806 8807 8808
4 8803 8805 8809 8810
4 4158 8804 8811 8812
4 8809 8813 8814 8815
4 117 8806 8813 8816
4 494 8816 8817 8818
4 6448 8819 8820 8821
4 6443 8819 8822 8823
4 8822 8824 8825 8826
4 1013 8820 8827 8828
4 7529 8829 8830 8831
4 6457 8821 8829 8832
4 6460 8832 8833 8834
4 8830 8835 8836 8837
4 6483 8838 8839 8840
4 1183 8841 8842 8843
4 6484 8838 8844 8845
4 8846 8847 8848 8849
4 2743 8841 8846 8850
4 6461 8844 8851 8852
4 8850 8853 8854 8855
4 6490 8845 8847 8853
4 4352 8851 8856 8857
4 8858 8859 8860 8861
4 6475 8852 8858 8862
4 7015 8863 8864 8865
4 8862 8866 8867 8868
4 7021 8859 8863 8866
4 8869 8870 8871 8872
4 1566 8869 8873 8874
4 8873 8875 8876 8877
4 4400 8870 8875 8878
4 8267 8878 8879 8880
4 7666 8879 8881 8882
4 8883 8884 8885 8886
4 1265 8881 8883 8887
4 7665 8882 8888 8889
4 8887 8890 8891 8892
4 4451 8884 8890 8893
4 4454 8893 8894 8895
4 6610 8896 8897 8898
4 3925 8896 8899 8900
4 6614 8897 8901 8902
4 8903 8904 8905 8906
4 6627 8898 8903 8907
4 1084 8908 8909 8910
4 8911 8912 8913 8914
4 2273 8901 8911 8915
4 6618 8902 8916 8917
4 8907 8918 8919 8920
4 1080 8904 8908 8918
4 8915 8921 8922 8923
4 967 8912 8921 8924
4 966 8924 8925 8926
4 8927 8928 8929 8930
4 7156 8927 8931 8932
4 8933 8934 8935 8936
4 8931 8937 8938 8939
4 8928 8933 8937 8940
4 4310 8941 8942 8943
4 4313 8941 8944 8945
4 8030 8946 8947 8948
4 8942 8949 8950 8951
4 4268 8952 8953 8954
4 8955 8956 8957 8958
4 4241 8952 8955 8959
4 6670 8960 8961 8962
4 8959 8963 8964 8965
4 8966 8967 8968 8969
4 6665 8960 8966 8970
4 8956 8963 8971 8972
4 8970 8973 8974 8975
4 8932 8967 8971 8973
4 8949 8972 8976 8977
4 8943 8976 8978 8979
4 8980 8981 8982 8983
4 8977 8980 8984 8985
4 8986 8987 8988 8989
4 8984 8990 8991 8992
4 8981 8986 8990 8993
4 6756 8994 8995 8996
4 8997 8998 8999 9000
4 9001 9002 9003 9004
4 501 9001 9005 9006
4 9007 9008 9009 9010
4 6752 9007 9011 9012
4 6838 9011 9013 9014
4 9012 9015 9016 9017
4 6760 9008 9015 9018
4 6842 9013 9019 9020
4 6830 9014 9021 9022
4 4098 9021 9023 9024
4 9025 9026 9027 9028
4 9022 9025 9029 9030
4 6808 9031 9032 9033
4 9029 9034 9035 9036
4 6805 9026 9031 9034
4 9037 9038 9039 9040
4 6770 9037 9041 9042
4 9041 9043 9044 9045
4 5873 9038 9043 9046
4 5875 9047 9048 9049
4 9050 9051 9052 9053
4 6765 9050 9054 9055
4 6768 9054 9056 9057
4 8564 9058 9059 9060
4 9061 9062 9063 9064
4 8526 9061 9065 9066
4 8477 9065 9067 9068
4 6785 9069 9070 9071
4 9055 9072 9073 9074
4 9075 9076 9077 9078
4 6782 9069 9075 9079
4 9051 9072 9080 9081
4 9079 9082 9083 9084
4 9076 9080 9082 9085
4 9047 9081 9086 9087
4 5876 9086 9088 9089
4 9090 9091 9092 9093
4 9046 9087 9090 9094
4 1843 9095 9096 9097
4 9094 9098 9099 9100
4 1839 9091 9095 9098
4 9101 9102 9103 9104
4 6881 9101 9105 9106
4 9105 9107 9108 9109
4 2648 9102 9107 9110
4 6886 9106 9111 9112
4 6771 9110 9113 9114
4 9042 9113 9115 9116
4 8987 9114 9117 9118
4 8993 9117 9119 9120
4 9121 9122 9123 9124
4 6769 9118 9121 9125
4 9126 9127 9128 9129
4 6999 9126 9130 9131
4 4271 9130 9132 9133
4 9131 9134 9135 9136
4 6992 9127 9134 9137
4 4274 9132 9138 9139
4 7142 9133 9140 9141
4 1551 9137 9142 9143
4 9144 9145 9146 9147
4 4280 9138 9144 9148
4 7011 9149 9150 9151
4 9148 9152 9153 9154
4 4287 9145 9149 9152
4 7876 9155 9156 9157
4 9158 9159 9160 9161
4 7048 9158 9162 9163
4 7054 9162 9164 9165
4 2030 9166 9167 9168
4 8934 9166 9169 9170
4 9167 9171 9172 9173
4 8940 9169 9174 9175
4 2032 9170 9176 9177
4 8450 9176 9178 9179
4 5865 9177 9180 9181
4 9178 9182 9183 9184
4 3134 9185 9186 9187
4 2681 9185 9188 9189
4 1159 9188 9190 9191
4 9186 9192 9193 9194
4 9195 9196 9197 9198
4 7092 9195 9199 9200
4 7124 9199 9201 9202
4 9200 9203 9204 9205
4 7000 9196 9203 9206
4 7007 9207 9208 9209
4 7003 9206 9207 9210
4 6983 9210 9211 9212
4 6981 9211 9213 9214
4 9215 9216 9217 9218
4 7108 9215 9219 9220
4 9219 9221 9222 9223
4 9216 9224 9225 9226
4 4314 9227 9228 9229
4 7096 9217 9227 9230
4 7100 9230 9231 9232
4 9228 9233 9234 9235
4 9218 9236 9237 9238
4 5811 9239 9240 9241
4 9242 9243 9244 9245
4 9224 9236 9242 9246
4 3459 9247 9248 9249
4 9250 9251 9252 9253
4 5809 9250 9254 9255
4 9254 9256 9257 9258
4 3463 9247 9251 9256
4 9259 9260 9261 9262
4 6977 9263 9264 9265
4 6973 9259 9266 9267
4 9268 9269 9270 9271
4 6925 9263 9268 9272
4 6982 9264 9273 9274
4 6960 9266 9275 9276
4 9272 9277 9278 9279
4 6951 9269 9277 9280
4 6956 9280 9281 9282
4 9283 9284 9285 9286
4 6996 9283 9287 9288
4 6964 9289 9290 9291
4 7001 9287 9292 9293
4 9294 9295 9296 9297
4 4269 9289 9294 9298
4 6968 9290 9299 9300
4 9298 9301 9302 9303
4 4275 9295 9301 9304
4 9139 9304 9305 9306
4 9307 9308 9309 9310
4 7202 9307 9311 9312
4 9311 9313 9314 9315
4 5413 9308 9313 9316
4 7205 9312 9317 9318
4 1567 9316 9319 9320
4 8874 9319 9321 9322
4 5207 9320 9323 9324
4 9325 9326 9327 9328
4 4455 9323 9325 9329
4 5206 9324 9330 9331
4 9329 9332 9333 9334
4 1632 9326 9332 9335
4 1631 9335 9336 9337
4 9338 9339 9340 9341
4 3131 9338 9342 9343
4 8246 9344 9345 9346
4 9342 9347 9348 9349
4 5691 9339 9344 9347
4 5924 9350 9351 9352
4 5669 9350 9353 9354
4 8470 9355 9356 9357
4 9355 9358 9359 9360
4 9356 9361 9362 9363
4 9358 9364 9365 9366
4 8565 9367 9368 9369
4 9058 9359 9367 9370
4 3301 9371 9372 9373
4 3298 9371 9374 9375
4 9374 9376 9377 9378
4 9351 9379 9380 9381
4 3120 9382 9383 9384
4 9385 9386 9387 9388
4 3114 9382 9385 9389
4 7370 9390 9391 9392
4 9393 9394 9395 9396
4 4618 9390 9393 9397
4 5753 9398 9399 9400
4 9397 9401 9402 9403
4 8341 9394 9401 9404
4 8322 9398 9404 9405
4 8326 9405 9406 9407
4 9408 9409 9410 9411
4 6246 9406 9408 9412
4 8330 9407 9413 9414
4 9412 9415 9416 9417
4 8537 9409 9415 9418
4 9419 9420 9421 9422
4 7422 9419 9423 9424
4 9423 9425 9426 9427
4 9122 9420 9425 9428
4 9125 9428 9429 9430
4 7443 9431 9432 9433
4 9434 9435 9436 9437
4 7430 9434 9438 9439
4 9438 9440 9441 9442
4 2224 9435 9440 9443
4 7440 9439 9444 9445
4 9431 9446 9447 9448
4 7444 9446 9449 9450
4 7473 9451 9452 9453
4 9454 9455 9456 9457
4 7460 9451 9454 9458
4 9458 9459 9460 9461
4 9443 9455 9459 9462
4 9447 9463 9464 9465
4 9466 9467 9468 9469
4 7414 9466 9470 9471
4 4666 9470 9472 9473
4 9474 9475 9476 9477
4 9474 9478 9479 9480
4 9481 9482 9483 9484
4 2016 9485 9486 9487
4 7560 9488 9489 9490
4 6969 9491 9492 9493
4 9494 9495 9496 9497
4 6909 9488 9494 9498
4 6970 9491 9499 9500
4 9498 9501 9502 9503
4 6893 9495 9499 9501
4 6904 9500 9504 9505
4 9506 9507 9508 9509
4 4302 9504 9506 9510
4 6907 9505 9511 9512
4 9510 9513 9514 9515
4 7897 9507 9513 9516
4 7891 9516 9517 9518
4 9519 9520 9521 9522
4 2803 9523 9524 9525
4 4658 9526 9527 9528
4 9526 9529 9530 9531
4 7701 9532 9533 9534
4 7697 9532 9535 9536
4 7826 9537 9538 9539
4 7675 9535 9540 9541
4 9542 9543 9544 9545
4 7704 9536 9542 9546
4 9546 9547 9548 9549
4 7823 9537 9543 9547
4 9550 9551 9552 9553
4 7682 9540 9550 9554
4 7674 9541 9555 9556
4 9554 9557 9558 9559
4 3161 9551 9557 9560
4 1359 9560 9561 9562
4 7842 9563 9564 9565
4 2715 9566 9567 9568
4 7839 9563 9569 9570
4 9571 9572 9573 9574
4 2712 9566 9571 9575
4 9575 9576 9577 9578
4 2948 9569 9572 9576
4 8257 9570 9579 9580
4 8256 9579 9581 9582
4 9583 9584 9585 9586
4 8263 9580 9583 9587
4 5685 9588 9589 9590
4 9587 9591 9592 9593
4 5682 9584 9588 9591
4 9594 9595 9596 9597
4 7893 9594 9598 9599
4 9598 9600 9601 9602
4 9478 9595 9600 9603
4 7896 9599 9604 9605
4 9485 9603 9606 9607
4 2017 9606 9608 9609
4 9481 9607 9610 9611
4 9612 9613 9614 9615
4 7012 9610 9612 9616
4 9616 9617 9618 9619
4 7561 9613 9617 9620
4 7558 9620 9621 9622
4 5337 9623 9624 9625
4 9626 9627 9628 9629
4 7967 9626 9630 9631
4 9630 9632 9633 9634
4 5913 9623 9627 9632
4 9635 9636 9637 9638
4 5508 9635 9639 9640
4 5334 9639 9641 9642
4 5516 9643 9644 9645
4 9646 9647 9648 9649
4 9650 9651 9652 9653
4 5512 9643 9650 9654
4 9646 9655 9656 9657
4 9654 9658 9659 9660
4 9631 9651 9655 9658
4 9636 9656 9661 9662
4 9663 9664 9665 9666
4 5507 9661 9663 9667
4 9640 9662 9668 9669
4 9667 9670 9671 9672
4 5518 9664 9670 9673
4 8143 9673 9674 9675
4 8067 9676 9677 9678
4 9679 9680 9681 9682
4 8056 9676 9679 9683
4 8038 9684 9685 9686
4 9683 9687 9688 9689
4 9680 9687 9690 9691
4 4255 9684 9690 9692
4 4258 9692 9693 9694
4 2018 9693 9695 9696
4 9697 9698 9699 9700
4 4281 9694 9697 9701
4 8032 9702 9703 9704
4 9701 9705 9706 9707
4 8025 9698 9702 9705
4 7041 9708 9709 9710
4 8052 9711 9712 9713
4 9714 9715 9716 9717
4 7037 9708 9714 9718
4 8048 9711 9719 9720
4 9718 9721 9722 9723
4 8046 9715 9719 9721
4 9724 9725 9726 9727
4 7174 9724 9728 9729
4 7198 9728 9730 9731
4 8072 9732 9733 9734
4 9735 9736 9737 9738
4 5464 9732 9735 9739
4 5812 9740 9741 9742
4 9739 9743 9744 9745
4 9255 9736 9743 9746
4 9239 9740 9746 9747
4 9243 9747 9748 9749
4 9750 9751 9752 9753
4 8985 9748 9750 9754
4 9246 9749 9755 9756
4 9754 9757 9758 9759
4 8946 9751 9757 9760
4 8031 9760 9761 9762
4 8106 9763 9764 9765
4 9766 9767 9768 9769
4 8095 9766 9770 9771
4 9770 9772 9773 9774
4 8102 9763 9767 9772
4 8097 9775 9776 9777
4 9778 9779 9780 9781
4 1863 9778 9782 9783
4 1868 9782 9784 9785
4 8108 9786 9787 9788
4 9789 9790 9791 9792
4 4183 9786 9789 9793
4 9471 9794 9795 9796
4 9793 9797 9798 9799
4 9424 9790 9797 9800
4 9467 9794 9800 9801
4 9463 9801 9802 9803
4 9448 9802 9804 9805
4 9806 9807 9808 9809
4 9462 9803 9806 9810
4 4296 9811 9812 9813
4 9810 9814 9815 9816
4 1149 9807 9811 9814
4 9817 9818 9819 9820
4 8161 9817 9821 9822
4 9821 9823 9824 9825
4 9343 9818 9823 9826
4 9386 9826 9827 9828
4 9389 9827 9829 9830
4 9379 9828 9831 9832
4 9352 9831 9833 9834
4 9835 9836 9837 9838
4 8233 9835 9839 9840
4 9839 9841 9842 9843
4 8228 9836 9841 9844
4 5940 9845 9846 9847
4 3155 9844 9845 9848
4 4237 9848 9849 9850
4 9851 9852 9853 9854
4 8188 9849 9851 9855
4 6920 9850 9856 9857
4 9855 9858 9859 9860
4 5936 9852 9858 9861
4 8159 9861 9862 9863
4 8249 9864 9865 9866
4 9867 9868 9869 9870
4 8251 9864 9867 9871
4 5011 9872 9873 9874
4 9871 9875 9876 9877
4 5100 9868 9875 9878
4 5092 9872 9878 9879
4 5087 9879 9880 9881
4 9882 9883 9884 9885
4 6938 9880 9882 9886
4 5091 9881 9887 9888
4 9886 9889 9890 9891
4 8283 9883 9889 9892
4 8286 9892 9893 9894
4 9895 9896 9897 9898
4 5765 9895 9899 9900
4 5771 9899 9901 9902
4 9900 9903 9904 9905
4 8346 9896 9903 9906
4 8390 9901 9907 9908
4 5775 9902 9909 9910
4 8354 9906 9911 9912
4 8396 9907 9913 9914
4 9915 9916 9917 9918
4 4321 9908 9915 9919
4 8357 9920 9921 9922
4 9919 9923 9924 9925
4 8359 9916 9920 9923
4 8468 9926 9927 9928
4 4672 9929 9930 9931
4 9932 9933 9934 9935
4 8471 9926 9932 9936
4 4668 9929 9937 9938
4 9936 9939 9940 9941
4 9085 9933 9937 9939
4 9942 9943 9944 9945
4 9364 9942 9946 9947
4 9360 9946 9948 9949
4 9950 9951 9952 9953
4 5947 9950 9954 9955
4 5942 9954 9956 9957
4 5941 9956 9958 9959
4 4992 9960 9961 9962
4 5963 9957 9960 9963
4 9961 9964 9965 9966
4 5974 9963 9967 9968
4 7393 9969 9970 9971
4 8485 9972 9973 9974
4 9975 9976 9977 9978
4 1952 9969 9975 9979
4 8481 9972 9980 9981
4 9979 9982 9983 9984
4 8478 9976 9980 9982
4 9943 9981 9985 9986
4 9947 9985 9987 9988
4 9989 9990 9991 9992
4 9938 9986 9989 9993
4 6791 9994 9995 9996
4 9993 9997 9998 9999
4 6787 9990 9994 9997
4 10000 10001 10002 10003
4 8519 10004 10005 10006
4 8517 10004 10007 10008
4 8492 10005 10009 10010
4 10011 10012 10013 10014
4 4206 10009 10011 10015
4 8495 10010 10016 10017
4 10015 10018 10019 10020
4 5662 10012 10018 10021
4 5666 10021 10022 10023
4 8550 10024 10025 10026
4 10027 10028 10029 10030
4 2187 10024 10027 10031
4 7386 10032 10033 10034
4 10031 10035 10036 10037
4 7371 10028 10035 10038
4 7378 10032 10038 10039
4 8538 10039 10040 10041
4 10042 10043 10044 10045
4 8533 10040 10042 10046
4 9418 10041 10047 10048
4 10046 10049 10050 10051
4 7251 10043 10049 10052
4 10053 10054 10055 10056
4 8655 10053 10057 10058
4 8628 10057 10059 10060
4 1731 10059 10061 10062
4 8641 10060 10063 10064
4 10065 10066 10067 10068
4 3700 10061 10065 10069
4 1730 10062 10070 10071
4 10069 10072 10073 10074
4 6554 10066 10072 10075
4 6558 10075 10076 10077
4 10078 10079 10080 10081
4 3729 10078 10082 10083
4 10082 10084 10085 10086
4 10054 10079 10084 10087
4 1685 10088 10089 10090
4 10058 10087 10091 10092
4 8660 10093 10094 10095
4 10096 10097 10098 10099
4 8662 10093 10096 10100
4 8831 10101 10102 10103
4 10104 10105 10106 10107
4 8835 10101 10104 10108
4 4250 10109 10110 10111
4 10108 10112 10113 10114
4 7559 10105 10112 10115
4 4245 10109 10115 10116
4 1185 10116 10117 10118
4 7027 10117 10119 10120
4 10121 10122 10123 10124
4 1074 10118 10121 10125
4 8823 10126 10127 10128
4 10125 10129 10130 10131
4 8824 10122 10126 10129
4 8880 10132 10133 10134
4 10135 10136 10137 10138
4 8268 10132 10135 10139
4 6502 10140 10141 10142
4 10139 10143 10144 10145
4 8264 10136 10143 10146
4 5674 10140 10146 10147
4 2891 10147 10148 10149
4 67 10148 10150 10151
4 10152 10153 10154 10155
4 3614 10149 10152 10156
4 1266 10157 10158 10159
4 10156 10160 10161 10162
4 1267 10153 10157 10160
4 8994 10163 10164 10165
4 9005 10163 10166 10167
4 10166 10168 10169 10170
4 6757 10164 10171 10172
4 8997 10165 10173 10174
4 10175 10176 10177 10178
4 6713 10175 10179 10180
4 6717 10179 10181 10182
4 6684 10183 10184 10185
4 10186 10187 10188 10189
4 3738 10186 10190 10191
4 6729 10192 10193 10194
4 10190 10195 10196 10197
4 4013 10187 10192 10195
4 9006 10198 10199 10200
4 10201 10202 10203 10204
4 9002 10198 10201 10205
4 6685 10206 10207 10208
4 10205 10209 10210 10211
4 10191 10202 10209 10212
4 10183 10206 10212 10213
4 10176 10213 10214 10215
4 10216 10217 10218 10219
4 6676 10214 10216 10220
4 10180 10215 10221 10222
4 10220 10223 10224 10225
4 8998 10217 10223 10226
4 10173 10226 10227 10228
4 10229 10230 10231 10232
4 9163 10233 10234 10235
4 1140 10229 10236 10237
4 9159 10233 10236 10238
4 9155 10238 10239 10240
4 9479 10239 10241 10242
4 7877 10240 10243 10244
4 10241 10245 10246 10247
4 10248 10249 10250 10251
4 9171 10248 10252 10253
4 9168 10252 10254 10255
4 10253 10256 10257 10258
4 7125 10249 10256 10259
4 7117 10260 10261 10262
4 7120 10259 10260 10263
4 10263 10264 10265 10266
4 10267 10268 10269 10270
4 9189 10264 10267 10271
4 10265 10272 10273 10274
4 10271 10275 10276 10277
4 9182 10268 10275 10278
4 9179 10278 10279 10280
4 2907 10281 10282 10283
4 6986 10281 10284 10285
4 10266 10286 10287 10288
4 8276 10284 10289 10290
4 10291 10292 10293 10294
4 9212 10285 10291 10295
4 10295 10296 10297 10298
4 10272 10286 10292 10296
4 10299 10300 10301 10302
4 8274 10289 10299 10303
4 8288 10290 10304 10305
4 10303 10306 10307 10308
4 9192 10300 10306 10309
4 9187 10309 10310 10311
4 9284 10312 10313 10314
4 9260 10312 10315 10316
4 9288 10313 10317 10318
4 10319 10320 10321 10322
4 9291 10314 10319 10323
4 10324 10325 10326 10327
4 9265 10315 10324 10328
4 9267 10316 10329 10330
4 7157 10331 10332 10333
4 10323 10334 10335 10336
4 7158 10320 10331 10334
4 10328 10337 10338 10339
4 7148 10325 10337 10340
4 8182 10340 10341 10342
4 8162 10343 10344 10345
4 8234 10343 10346 10347
4 10348 10349 10350 10351
4 8160 10344 10348 10352
4 9822 10345 10353 10354
4 9840 10346 10355 10356
4 10357 10358 10359 10360
4 10347 10357 10361 10362
4 10352 10363 10364 10365
4 9361 10349 10363 10366
4 9357 10366 10367 10368
4 10369 10370 10371 10372
4 9370 10369 10373 10374
4 9062 10373 10375 10376
4 10374 10377 10378 10379
4 10358 10370 10377 10380
4 8523 10375 10381 10382
4 9066 10376 10383 10384
4 10361 10380 10385 10386
4 8566 10381 10387 10388
4 10389 10390 10391 10392
4 10006 10382 10389 10393
4 10393 10394 10395 10396
4 10000 10390 10394 10397
4 9523 10398 10399 10400
4 2804 10398 10401 10402
4 10403 10404 10405 10406
4 9527 10399 10403 10407
4 9519 10400 10408 10409
4 7608 10410 10411 10412
4 10407 10413 10414 10415
4 7610 10404 10410 10413
4 10416 10417 10418 10419
4 3293 10408 10416 10420
4 10420 10421 10422 10423
4 7599 10417 10421 10424
4 7604 10424 10425 10426
4 9611 10427 10428 10429
4 3594 10430 10431 10432
4 10433 10434 10435 10436
4 9482 10427 10433 10437
4 3590 10430 10438 10439
4 10437 10440 10441 10442
4 3597 10434 10438 10440
4 4283 10439 10443 10444
4 10445 10446 10447 10448
4 7044 10443 10445 10449
4 6437 10444 10450 10451
4 10449 10452 10453 10454
4 9475 10446 10452 10455
4 9480 10455 10456 10457
4 9657 10458 10459 10460
4 10461 10462 10463 10464
4 9647 10458 10461 10465
4 7936 10466 10467 10468
4 10465 10469 10470 10471
4 2773 10462 10469 10472
4 1321 10466 10472 10473
4 1324 10473 10474 10475
4 449 10474 10476 10477
4 10478 10479 10480 10481
4 3042 10475 10478 10482
4 7968 10483 10484 10485
4 10482 10486 10487 10488
4 7963 10479 10483 10486
4 9220 10489 10490 10491
4 9729 10492 10493 10494
4 10495 10496 10497 10498
4 9221 10489 10495 10499
4 9725 10492 10500 10501
4 10499 10502 10503 10504
4 9720 10496 10500 10502
4 7139 10501 10505 10506
4 10507 10508 10509 10510
4 7131 10505 10507 10511
4 7143 10506 10512 10513
4 10511 10514 10515 10516
4 9233 10508 10514 10517
4 9229 10517 10518 10519
4 10520 10521 10522 10523
4 9771 10520 10524 10525
4 10524 10526 10527 10528
4 6824 10521 10526 10529
4 9775 10525 10530 10531
4 6829 10529 10532 10533
4 8098 10530 10534 10535
4 9779 10531 10536 10537
4 10538 10539 10540 10541
4 9030 10536 10538 10542
4 9783 10537 10543 10544
4 10542 10545 10546 10547
4 6843 10539 10545 10548
4 6816 10548 10549 10550
4 10551 10552 10553 10554
4 9375 10555 10556 10557
4 9376 10555 10558 10559
4 9832 10551 10558 10560
4 7605 10561 10562 10563
4 5920 10559 10561 10564
4 10562 10565 10566 10567
4 5923 10564 10568 10569
4 4221 10570 10571 10572
4 9955 10573 10574 10575
4 5959 10570 10576 10577
4 10578 10579 10580 10581
4 9951 10573 10578 10582
4 10582 10583 10584 10585
4 8479 10576 10579 10583
4 5956 10577 10586 10587
4 10588 10589 10590 10591
4 4229 10586 10588 10592
4 8518 10587 10593 10594
4 10592 10595 10596 10597
4 9964 10589 10595 10598
4 9962 10598 10599 10600
4 10088 10601 10602 10603
4 10083 10601 10604 10605
4 10604 10606 10607 10608
4 1686 10602 10609 10610
4 189 10611 10612 10613
4 10097 10603 10611 10614
4 10612 10615 10616 10617
4 10100 10614 10618 10619
4 10620 10621 10622 10623
4 8810 10620 10624 10625
4 4179 10624 10626 10627
4 3389 10626 10628 10629
4 4178 10627 10630 10631
4 3385 10628 10632 10633
4 10634 10635 10636 10637
4 4550 10629 10634 10638
4 10167 10639 10640 10641
4 10638 10642 10643 10644
4 10168 10635 10639 10642
4 2043 10645 10646 10647
4 10237 10648 10649 10650
4 2039 10645 10651 10652
4 10653 10654 10655 10656
4 10230 10648 10653 10657
4 743 10651 10658 10659
4 10657 10660 10661 10662
4 2146 10652 10654 10660
4 10663 10664 10665 10666
4 9691 10658 10663 10667
4 747 10659 10668 10669
4 10667 10670 10671 10672
4 10245 10664 10670 10673
4 10242 10673 10674 10675
4 10409 10676 10677 10678
4 10679 10680 10681 10682
4 9520 10676 10679 10683
4 8567 10684 10685 10686
4 10683 10687 10688 10689
4 8551 10680 10687 10690
4 8553 10684 10690 10691
4 7252 10691 10692 10693
4 10052 10692 10694 10695
4 10696 10697 10698 10699
4 850 10693 10696 10700
4 9528 10701 10702 10703
4 10700 10704 10705 10706
4 9529 10697 10701 10704
4 10707 10708 10709 10710
4 10362 10707 10711 10712
4 8512 10711 10713 10714
4 10712 10715 10716 10717
4 10552 10708 10715 10718
4 8515 10713 10719 10720
4 10001 10714 10721 10722
4 10560 10718 10723 10724
4 10397 10721 10725 10726
4 10727 10728 10729 10730
4 8501 10722 10727 10731
4 10563 10732 10733 10734
4 10731 10735 10736 10737
4 10565 10728 10732 10735
4 707 10738 10739 10740
4 1644 10738 10741 10742
4 10743 10744 10745 10746
4 1701 10739 10743 10747
4 3403 10740 10748 10749
4 3626 10741 10750 10751
4 10752 10753 10754 10755
4 3711 10742 10752 10756
4 10747 10757 10758 10759
4 10615 10744 10757 10760
4 10613 10760 10761 10762
4 10605 10763 10764 10765
4 10756 10766 10767 10768
4 10606 10753 10763 10766
4 10769 10770 10771 10772
4 10621 10769 10773 10774
4 10773 10775 10776 10777
4 10174 10770 10775 10778
4 10625 10774 10779 10780
4 6761 10778 10781 10782
4 9018 10781 10783 10784
4 6690 10782 10785 10786
4 10787 10788 10789 10790
4 6809 10785 10787 10791
4 6693 10786 10792 10793
4 10791 10794 10795 10796
4 1942 10788 10794 10797
4 8802 10797 10798 10799
12 26 114 222 697 750 770 774 2052 3349 6608 10800 10801
12 239 277 651 656 663 668 868 873 2306 4209 10802 10803
12 384 1259 1262 1276 1280 2709 2751 2880 2939 4752 10804 10805
12 357 902 1234 1472 1478 1485 2406 2434 2629 8741 10806 10807
12 672 676 680 1602 1612 1742 1746 2024 3566 7089 10808 10809
12 143 597 605 1126 1130 1765 1773 2623 3913 8758 10810 10811
12 129 163 1804 1810 1836 3106 3268 5730 6110 6234 10812 10813
12 197 1087 1342 1346 1350 2062 2072 2083 3644 6659 10814 10815
12 270 273 278 652 657 874 2299 2302 2307 2487 10802 10816
12 1244 1257 1403 1409 1424 2332 2337 2345 3222 4745 10817 10818
12 263 1222 1982 1988 2843 2857 4810 4978 5663 6200 10819 10820
12 1218 1490 2392 2397 2409 2420 2424 2829 4826 6188 10821 10822
12 1235 1479 1486 1491 2393 2398 2407 2421 2425 2435 10806 10821
12 853 857 909 979 2295 2371 2401 2474 2477 7793 10823 10824
12 271 274 854 910 2296 2300 2303 2475 2478 2488 10816 10823
12 2283 2286 2449 2455 2458 2501 2505 5044 5073 5164 10825 10826
12 485 702 1554 1710 1713 1716 2535 3340 6338 7855 10827 10828
12 430 438 1397 1441 1444 2766 2775 2778 3176 3226 10829 10830
12 385 431 1260 1263 1281 1398 1445 2752 2767 2776 10804 10829
12 287 816 2216 2219 2793 2796 3310 4213 4648 6194 10831 10832
12 399 403 409 620 643 2969 2975 2978 3060 4611 10833 10834
12 400 410 1786 2976 2979 3049 3061 3992 5911 6024 10833 10835
12 1334 1840 1850 3078 3089 4323 5472 8360 9039 9103 10836 10837
12 1093 1362 2576 2664 2944 3162 3166 3202 5494 5615 10838 10839
12 895 898 1258 1404 1410 1420 2333 3218 3223 7337 10817 10840
12 439 445 1322 1442 2779 3177 3227 3231 3241 6046 10830 10841
12 556 565 573 1732 3282 3289 3702 3820 8573 8639 10842 10843
12 27 751 771 2053 2054 3336 3346 3350 4366 4497 10800 10844
12 10 744 3416 3430 4537 5465 5822 8035 9257 9681 10845 10846
12 256 1655 1670 1672 1689 3489 3501 3504 3716 3906 10847 10848
12 1033 1051 2512 2521 2599 3540 3548 3580 4929 5361 10849 10850
12 213 217 681 1603 1606 1613 1747 3552 3567 6389 10808 10851
12 198 434 1088 1351 2079 2084 3633 3641 3645 4410 10814 10852
12 257 1587 1682 1690 3490 3502 3708 3717 6297 10607 10847 10853
12 461 1719 1722 3697 3719 3722 3731 6541 6555 10067 10854 10855
12 77 465 795 1755 3314 3814 3829 3832 3855 3882 10856 10857
12 147 152 1462 1465 1750 3743 3805 3844 3847 6569 10858 10859
12 78 148 466 1463 3806 3815 3830 3845 3848 3856 10856 10858
12 785 796 1756 3315 3325 3833 3861 3864 3883 4832 10857 10860
12 1114 1656 1659 1671 1673 1676 3505 3897 3907 3910 10848 10861
12 606 1115 1127 1131 1660 1677 1766 3898 3911 3914 10810 10861
12 1302 1493 1508 1885 1895 1899 3969 3981 5844 6635 10862 10863
12 344 1856 1870 1877 3004 4057 4061 4065 5806 5817 10864 10865
12 1544 3067 3096 4017 4029 4075 4083 4086 4094 6214 10866 10867
12 1545 1547 3068 3074 4068 4076 4084 4095 4099 6839 10866 10868
12 496 861 877 3381 4148 4172 4180 6066 6854 8814 10869 10870
12 236 240 664 669 869 4200 4203 4210 4226 6060 10803 10871
12 2033 2232 3016 3024 5556 6666 8170 8938 9052 9934 10872 10873
12 435 708 2080 3628 3634 3642 4411 4423 7210 7694 10852 10874
12 2036 3328 3353 4378 4381 4384 4486 4491 4520 5837 10875 10876
12 2055 3337 3347 3354 4367 4379 4385 4487 4492 4498 10844 10875
12 528 536 3370 3372 4547 4552 6241 6754 8327 10169 10877 10878
12 404 621 623 644 1339 2970 4612 4615 5747 6227 10834 10879
12 100 290 1481 2377 3320 4631 4635 4641 4806 6182 10880 10881
12 3377 3747 3753 4628 4644 6262 6736 9003 10196 10643 10882 10883
12 569 580 789 804 1528 2173 4653 4659 4662 6275 10884 10885
12 581 790 1199 2174 2800 4579 4660 4663 7290 10414 10884 10886
12 2217 2786 2794 2797 4214 4217 4649 7611 9530 10019 10831 10887
12 984 989 1925 2095 4105 4109 4113 4712 7239 7540 10888 10889
12 951 996 1006 2005 2497 4725 4738 5023 5718 8825 10890 10891
12 1238 1245 1425 2338 2346 2348 2870 4741 4746 4749 10818 10892
12 1239 2349 2871 4742 4750 4761 5077 5102 8252 8320 10892 10893
12 1277 2710 2881 2889 2940 4753 4765 4773 5187 9573 10805 10894
12 101 468 1482 2367 2378 4642 4795 4803 4807 6732 10880 10895
12 786 1194 1383 3326 3862 3865 3868 4829 4833 4835 10860 10896
12 1195 1204 1384 1390 1393 3869 4817 4830 4836 5625 10896 10897
12 583 2615 2636 3874 3878 3886 4868 4876 4971 5390 10898 10899
12 1118 2357 3520 3662 3664 3672 4884 4907 7715 8727 10900 10901
12 917 3516 3521 3665 3673 3675 4885 4908 4910 4914 10900 10902
12 918 1230 3517 3535 3676 4911 4915 4920 5057 7996 10902 10903
12 315 319 1034 1052 1055 2522 2600 4916 4926 4930 10849 10904
12 122 311 316 320 1019 1056 4899 4917 4927 10161 10904 10905
12 366 370 376 4870 4879 4934 4938 4965 7824 9544 10906 10907
12 1649 3406 3410 3468 3618 4941 7228 7676 7698 8712 10908 10909
12 584 2616 3668 3858 3879 3887 3889 4968 4972 4974 10898 10910
12 3647 3650 3669 3686 3859 3890 4959 4969 4975 6576 10910 10911
12 2445 2450 2459 2502 5045 5049 5065 5069 5074 8224 10825 10912
12 1010 2550 2556 2559 5122 5148 5152 5160 6458 7521 10913 10914
12 921 1022 2278 2284 2287 2456 2506 5165 5177 7811 10826 10915
12 329 716 2532 4509 4517 4530 5198 5202 7859 9333 10916 10917
12 520 2591 2603 2611 3527 3531 5261 5267 5277 6357 10918 10919
12 521 1572 2604 2606 2612 3493 3528 5270 5273 5278 10918 10920
12 1573 2607 3487 3494 3498 4466 5271 5274 5285 7670 10920 10921
12 737 740 1598 4500 4503 4506 5281 5290 7865 7909 10922 10923
12 1816 2983 2998 3978 5318 5323 5327 5756 5785 6640 10924 10925
12 481 1100 3331 3360 3421 3442 5345 5347 5780 6328 10926 10927
12 1046 2513 3541 3544 3549 3581 5362 5366 5370 6440 10850 10928
12 2327 2438 2637 3875 4869 4873 4877 5386 5391 7990 10899 10929
12 1564 2655 4413 4418 4421 5352 5414 5417 5420 6334 10930 10931
12 2066 2656 2658 3513 4419 5353 5415 5421 5434 8019 10930 10932
12 1622 3788 3791 3794 4838 4842 5486 5490 7508 8093 10933 10934
12 1094 1363 2577 2581 3190 3199 3203 5495 5498 5505 10838 10935
12 2582 3191 3200 3955 5313 5499 5506 7933 9637 10463 10935 10936
12 1273 2713 2782 5456 5460 5539 5548 5551 5608 9577 10937 10938
12 1190 2714 2759 2783 5457 5519 5535 5540 5549 5566 10937 10939
12 1191 2760 2764 5520 5523 5536 5562 5567 5570 9665 10939 10940
12 2665 2945 2949 3163 3167 5604 5612 5616 7215 9552 10839 10941
12 73 306 1205 1391 1394 1416 4818 5618 5621 5626 10897 10942
12 74 307 930 1417 1432 4781 5619 5622 8503 10566 10942 10943
12 2461 2465 4997 5084 5093 5097 5636 5642 5649 7723 10944 10945
12 840 2466 2835 4998 5001 5098 5637 5650 5654 5656 10944 10946
12 302 841 844 2818 2836 2853 5002 5655 5657 7979 10946 10947
12 1983 1989 1992 2858 4979 4981 5664 7730 8498 10013 10819 10948
12 413 417 2875 5579 5587 5590 5688 5692 8313 9340 10949 10950
12 997 1042 2498 4739 5016 5024 5715 5719 5721 8209 10890 10951
12 3332 3422 3426 3461 5346 5348 5427 5781 5789 5793 10926 10952
12 3427 3462 3464 5428 5438 5449 5790 5794 5801 8347 10952 10953
12 1817 3966 3979 3984 5328 5757 5776 5786 5797 9904 10924 10954
12 345 1857 1878 4062 4195 5807 5813 6882 8079 9737 10864 10955
12 11 745 2040 3417 4526 4534 4538 5823 5827 5829 10845 10956
12 2037 2041 3329 4382 4521 4527 4535 5828 5830 5838 10876 10956
12 1298 1303 1886 1889 1896 3970 4079 5833 5841 5845 10862 10957
12 1299 1871 1890 3005 4058 4066 4080 5818 5834 5842 10865 10957
12 1978 2235 2239 2483 2491 2494 4102 5982 5985 7576 10958 10959
12 1979 2100 2236 2495 4231 4430 5978 5983 5986 9965 10958 10960
12 1787 3050 3993 3999 5912 5914 6013 6018 6025 7964 10835 10961
12 446 1323 1325 3232 3235 3242 4566 6037 6047 7941 10841 10962
12 237 4201 4204 4222 4227 5957 6049 6054 6061 8493 10871 10963
12 862 3382 3387 3390 4173 4175 4181 6063 6067 6069 10869 10964
12 2206 3388 3391 3394 4176 4541 4556 6064 6070 7268 10964 10965
12 1805 1811 1821 3269 5731 5735 5737 6103 6106 6111 10812 10966
12 1801 1822 3251 3940 5736 5738 5741 6104 6107 6517 10966 10967
12 690 694 1499 1706 2991 2994 6118 6121 6125 6653 10968 10969
12 691 1697 1707 2995 6100 6119 6122 8650 8663 10616 10968 10970
12 2192 3053 4596 4599 4603 6154 6161 6169 7356 8441 10971 10972
12 291 2203 3321 3323 4623 4632 4636 6175 6178 6183 10881 10973
12 288 817 2204 2220 3311 3324 4624 6176 6179 6195 10832 10973
12 264 1223 1226 2840 2844 4811 4814 6197 6201 6203 10820 10974
12 1219 1227 2410 2830 2841 4815 4827 6189 6198 6204 10822 10974
12 624 1340 4050 4616 5748 6211 6218 6228 7382 9395 10879 10975
12 130 164 1833 1837 3107 3111 4021 6223 6231 6235 10813 10976
12 1834 3097 3112 4018 4022 4030 4087 6215 6224 6232 10867 10976
12 810 1522 3378 3748 3750 3754 4629 6255 6258 6263 10882 10977
12 570 805 811 1523 1529 3751 4654 6256 6259 6276 10885 10977
12 49 703 1714 2536 3341 3357 3363 6319 6322 6339 10827 10978
12 50 482 1101 3358 3361 3364 3443 6320 6323 6329 10927 10978
12 1568 3475 4388 4392 4406 5208 6342 6345 6348 8876 10979 10980
12 1565 1569 4393 4407 4414 4422 5418 6335 6343 6349 10931 10979
12 1104 1762 2592 3532 5262 5264 5268 6358 6362 6364 10919 10981
12 1105 1108 1763 1782 3922 5265 6363 6365 6370 8919 10981 10982
12 2290 2324 4142 4144 4784 6380 6384 6407 6868 8796 10983 10984
12 294 2291 2320 2325 4143 6381 6400 6403 6408 8922 10983 10985
12 214 218 1607 3553 4003 6390 6699 8767 8791 10795 10851 10986
12 513 3606 3608 4440 4445 4461 6411 6419 6423 6472 10987 10988
12 514 1637 3591 3607 4462 4474 6420 6424 6431 7923 10987 10989
12 1002 1011 2551 5123 5132 5149 5376 6449 6454 6459 10913 10990
12 1003 1047 3545 5133 5367 5371 5377 6441 6450 6455 10928 10990
12 1268 1633 4344 4452 6462 6465 6485 8885 9327 10154 10991 10992
12 1269 1634 3609 4441 4446 4453 6412 6463 6466 6473 10988 10991
12 2528 2725 2747 2892 5027 5035 6480 6496 7762 8848 10993 10994
12 1802 3252 3930 3934 3941 5742 6510 6513 6518 8611 10967 10995
12 3188 3194 6034 6041 6091 6097 6533 6545 6551 8593 10996 10997
12 3169 3195 5989 5992 6042 6092 6546 6548 6552 7687 10996 10998
12 153 156 1466 1751 3735 3744 4014 6560 6570 10073 10859 10999
12 1726 3648 3651 3656 3678 3687 4960 6565 6573 6577 10911 11000
12 1720 1723 1727 3657 3679 3698 3723 6556 6566 6574 10854 11000
12 3556 3916 3919 3927 4481 5257 6579 6582 6586 6624 11001 11002
12 3756 3917 4477 4482 5250 5258 6580 6583 6601 7926 11001 11003
12 2 115 190 193 223 698 775 6597 6605 6609 10801 11004
12 3 6 191 194 1825 3769 6592 6598 6606 10098 11004 11005
12 1081 3776 4126 5224 5227 5244 6620 6631 7082 8905 11006 11007
12 253 610 633 2265 3563 3901 6611 6615 6628 8762 11008 11009
12 254 3557 3564 3902 3920 3928 6587 6612 6625 6629 11002 11008
12 167 637 1494 1504 1509 1900 3982 6636 6643 6647 10863 11010
12 168 638 695 1500 1505 2992 6126 6644 6648 6654 10969 11010
12 1343 1347 1797 2063 2073 2075 5308 6656 6660 6662 10815 11011
12 1798 2076 2984 2999 5309 5319 5324 6641 6657 6663 10925 11011
12 469 590 2368 2382 4788 4796 4804 6721 6733 8784 10895 11012
12 778 781 1904 1907 4089 6687 6691 6758 6762 9009 11013 11014
12 779 1905 3278 4026 6678 6688 6748 6759 6763 8999 11013 11015
12 1881 1916 2159 4354 4359 4374 6799 6810 9035 9780 11016 11017
12 627 1548 1860 3075 4069 4100 5479 6831 6835 6840 10868 11018
12 628 1861 1864 3215 5476 5480 5483 6832 6836 10546 11018 11019
12 1943 4155 4161 4164 6806 6821 6844 9027 10540 10789 11020 11021
12 3156 4720 4994 5964 5967 6922 6931 6941 6952 7580 11022 11023
12 3157 4238 5943 5965 5968 5971 6923 6948 6953 9270 11022 11024
12 1996 2009 2013 2722 2730 2739 6984 6987 6990 9278 11025 11026
12 2010 2014 2740 2896 3159 5712 6988 6991 7749 8277 11025 11027
12 1186 4246 6961 6974 6993 6997 7018 9128 9261 9285 11028 11029
12 3434 3446 3453 5410 7030 7034 7038 7203 9314 9722 11030 11031
12 2563 5239 5247 5372 5380 5383 7060 7068 7074 7917 11032 11033
12 1082 2564 5225 5245 5248 5384 6632 7069 7075 7083 11006 11032
12 673 677 755 1743 2020 2025 2152 7078 7086 7090 10809 11034
12 756 2021 2136 2143 2153 7049 7065 7079 7087 10231 11034 11035
12 2744 2918 7008 7133 7140 7163 7175 7183 9135 9197 11036 11037
12 181 985 1926 1929 2096 4110 6875 7240 7244 7625 10888 11038
12 2207 2210 3395 4542 4557 4559 6268 7265 7269 8543 10965 11039
12 133 3692 3810 3824 6083 6087 7275 7278 7282 8584 11040 11041
12 134 3825 3835 4588 5999 6007 6088 7276 7279 7323 11040 11042
12 892 3836 3839 4589 6000 6008 6010 7316 7319 7324 11042 11043
12 893 896 899 1421 3219 3840 6011 7317 7320 7338 10840 11043
12 3125 3299 4571 5917 5921 6165 7333 7341 7344 9377 11044 11045
12 3300 4778 5922 6142 6151 6166 7329 7334 7342 7600 11044 11046
12 2193 2198 2815 4592 4597 4600 6155 7347 7350 7357 10971 11047
12 2188 2199 2806 2816 4593 4619 7348 7351 8343 9521 11047 11048
12 549 552 1524 1533 1536 5725 5749 7364 7367 8338 11049 11050
12 553 1537 2177 3245 5726 6028 7360 7365 7368 8617 11049 11051
12 1369 1379 1971 3208 6252 7398 7401 7409 7489 8547 11052 11053
12 6899 6905 6965 6971 7159 7431 7435 8177 9441 10321 11054 11055
12 37 230 4135 4846 4856 6860 7454 7457 7476 7637 11056 11057
12 226 1370 1373 1380 1937 3209 7399 7486 7490 7492 11052 11058
12 227 231 1374 1938 4136 4857 7458 7477 7487 7493 11056 11058
12 2545 3789 3795 4843 5234 5487 7509 7517 7879 9160 10933 11059
12 972 2557 2560 4122 5153 5156 5161 7522 7530 7534 10914 11060
12 973 990 4106 4114 4123 4713 5157 7531 7535 7541 10889 11060
12 2245 2249 4252 4709 6895 6910 7526 7543 7549 10106 11061 11062
12 2246 6896 6901 6911 6913 7233 7544 7546 7550 9502 11061 11063
12 4721 4730 4995 6932 6942 6944 7565 7570 7581 7736 11023 11064
12 940 944 2240 2484 2492 4103 7577 7582 7590 7799 10959 11065
12 4779 6143 6146 6152 7271 7305 7330 7596 7601 10418 11046 11066
12 182 833 1930 6864 6872 6876 7245 7616 7619 7626 11038 11067
12 38 834 4847 6861 6865 6873 7455 7617 7620 7638 11057 11067
12 1150 2228 4693 7496 7513 7629 7633 7641 9456 9514 11068 11069
12 2119 3488 3499 4467 4472 5286 6301 7651 7671 8720 10921 11070
12 3170 3172 4952 5990 5993 6003 6549 7678 7688 9558 10998 11071
12 709 1645 3478 3629 4424 7211 7220 7683 7691 7695 10874 11072
12 1646 3407 3469 3479 3619 7221 7229 7677 7684 7692 10908 11072
12 2462 4734 5085 5088 5094 5643 7586 7719 7724 7727 10945 11073
12 4731 4735 5089 6945 7566 7571 7587 7720 7728 7737 11064 11073
12 69 2932 5169 5675 5679 5683 7752 7758 7765 7829 11074 11075
12 70 2748 2893 5036 5676 5680 6497 7753 7763 7766 10993 11074
12 968 2386 2389 2413 5114 5137 7774 7778 7782 8913 11076 11077
12 858 969 980 2372 2390 2402 2414 7775 7783 7794 10824 11076
12 941 945 955 5645 7583 7591 7593 7796 7800 7802 11065 11078
12 956 1215 5140 5630 5646 7594 7785 7797 7803 8205 11078 11079
12 81 922 924 1023 2279 4865 5178 7812 7816 7818 10915 11080
12 82 377 925 4866 4871 4880 4935 7817 7819 7825 10906 11080
12 1175 2933 2935 5170 5172 5684 7759 7830 7833 9585 11075 11081
12 741 2116 2123 4501 4507 4513 5291 7844 7849 7866 10922 11082
12 330 2117 2124 4510 4514 4518 5199 7845 7850 7860 10916 11082
12 111 486 1555 1711 1717 3400 7856 7861 7869 10758 10828 11083
12 1638 1641 3592 4284 4475 5356 6432 7903 7913 7924 10989 11084
12 1642 4285 5240 5357 5373 5381 7061 7904 7914 7918 11033 11084
12 738 1595 1599 1736 3760 4504 5282 7910 7920 7929 10923 11085
12 1596 1737 3757 3761 4478 5251 6602 7921 7927 7930 11003 11085
12 1326 3236 4562 4567 6038 7313 7942 7954 7960 8589 10962 11086
12 3947 4000 5339 5915 6014 6019 7950 7965 9628 10480 10961 11087
12 303 845 1208 2341 2819 2822 2854 7970 7973 7980 10947 11088
12 1209 2328 2342 2439 2823 4874 5387 7971 7974 7991 10929 11088
12 1231 3536 4921 5047 5058 6352 7993 7997 7999 8751 10903 11089
12 2067 2572 2659 3514 5435 5445 5501 8016 8020 8022 10932 11090
12 2573 5442 5446 5502 5509 5761 8017 8023 8150 9671 11090 11091
12 1627 3571 4259 4288 4349 8043 8053 8867 9483 9716 11092 11093
12 1615 1623 2311 3792 4839 4850 5491 8094 8099 10527 10934 11094
12 2674 2679 5543 7118 7128 8126 8135 8146 9234 10250 11095 11096
12 1309 3115 3128 5892 5899 5903 5928 8464 9819 10364 11097 11098
12 1216 2847 5118 5141 5144 5631 7786 8196 8199 8206 11079 11099
12 934 2848 5119 5145 5659 6376 8197 8200 8217 8734 11099 11100
12 1035 2446 5031 5050 5066 5070 5704 8213 8221 8225 10912 11101
12 1036 1043 5017 5032 5705 5716 5722 8210 8214 8222 10951 11101
12 3508 6500 7171 7194 7206 8260 8871 9309 9592 10137 11102 11103
12 4895 5181 7648 7661 7667 7709 7806 8265 8269 10144 11104 11105
12 4397 7662 7705 7710 7807 7836 8258 8266 8270 9548 11104 11106
12 2897 3160 5701 5713 7750 7754 7768 8278 8280 9890 11027 11107
12 414 2685 5573 5580 5588 5693 8292 8300 8314 9193 10949 11108
12 4762 5078 5080 5103 5105 8253 8309 8317 8321 9876 10893 11109
12 524 550 1514 1525 1534 2165 5750 8323 8331 8339 11050 11110
12 525 529 537 1515 2166 3371 4553 8324 8328 8332 10877 11110
12 3465 5439 5450 5452 5802 7105 8348 8350 9252 9897 10953 11111
12 1335 1851 3082 3085 3090 4324 4326 8361 8362 9917 10836 11112
12 2644 4311 6772 7097 8365 8368 8386 8991 9244 9924 11113 11114
12 4317 4329 5297 5513 5906 8378 8382 8391 8423 9633 11115 11116
12 1331 3020 4318 5298 5870 5907 8379 8416 8419 8424 11115 11117
12 171 1332 3021 5871 5877 5884 8417 8420 8435 9099 11117 11118
12 1313 3045 3054 4604 6162 6170 6172 8438 8442 8444 10972 11119
12 1314 2952 2960 3037 3046 6173 8429 8439 8445 10487 11119 11120
12 89 423 1306 1317 2682 5303 5863 8451 8461 9183 11121 11122
12 424 1307 1310 1318 3129 5893 5929 8452 8462 8465 11097 11121
12 799 1846 6783 7374 8406 8409 8472 8474 9083 9940 11123 11124
12 1960 4682 4689 7449 7461 7469 8486 9436 9977 10580 11125 11126
12 3210 4223 5958 5960 6050 6055 7260 8489 8494 8520 10963 11127
12 1953 6076 7253 7256 8524 8527 8554 9063 9983 10044 11128 11129
12 1954 3211 5961 7254 7257 7261 8490 8521 8525 8528 11127 11128
12 1972 3152 6253 7402 7410 7412 8530 8535 8548 8687 11053 11130
12 2211 4560 6269 6279 6285 7266 8544 9416 10050 10705 11039 11131
12 574 3283 3703 3705 3801 3817 3821 8569 8574 8577 10842 11132
12 3693 3706 3802 3811 3818 6084 7283 8570 8578 8585 11041 11132
12 395 4563 7310 7314 7955 7957 7961 8580 8590 8598 11086 11133
12 1458 3189 3951 6035 6098 6505 6534 8594 8601 8605 10997 11134
12 1459 3931 3935 3952 6506 6511 6514 8602 8606 8612 10995 11134
12 2178 2181 3246 6029 6031 7297 7361 8614 8618 8620 11051 11135
12 396 2182 6032 7298 7311 7958 8581 8599 8615 8621 11133 11135
12 545 557 560 566 1733 3258 3290 8623 8629 8640 10843 11136
12 503 546 561 3259 3264 6115 8624 8630 8644 10203 11136 11137
12 646 3143 4044 6080 7379 8539 8669 8673 8680 9410 11138 11139
12 3144 3153 6081 7413 8531 8536 8540 8674 8681 8688 11130 11138
12 2120 4457 4473 6302 6312 7652 8699 8702 8721 8891 11070 11140
12 341 1119 2358 2360 3663 7712 7716 8716 8724 8728 10901 11141
12 342 1650 2361 3411 4942 7699 7713 8713 8717 8725 10909 11141
12 935 5053 5660 6373 6377 7983 8218 8730 8735 8738 11100 11142
12 5048 5054 6353 6374 7984 7994 8000 8731 8739 8752 11089 11142
12 144 474 477 598 1774 2624 2632 8747 8755 8759 10811 11143
12 358 475 478 903 1473 2630 2633 8742 8748 8756 10807 11143
12 586 591 594 2269 2383 4789 6722 8781 8785 8787 11012 11144
12 587 595 611 634 2266 2270 6616 8763 8782 8788 11009 11144
12 497 878 4149 4799 6847 6850 6855 8811 8815 8817 10870 11145
12 4145 4785 4800 6385 6848 6851 6869 8797 8812 8818 10984 11145
12 952 960 1007 2002 2006 2262 4726 8826 8827 10123 10891 11146
12 1178 2525 3615 6445 6468 7025 8839 8842 8860 10130 11147 11148
12 1179 2526 2529 2726 3616 5028 6481 8840 8843 8849 10994 11147
12 4458 5196 6313 6315 8700 8703 8706 8888 8892 8894 11140 11149
12 3476 4389 5197 5209 6316 6346 8707 8877 8889 8895 10980 11149
12 1777 2387 5109 5115 5126 5138 7779 8899 8909 8914 11077 11150
12 1109 1778 1783 3923 5110 5127 6371 8900 8910 8920 10982 11150
12 295 2321 3785 4116 6394 6401 6404 8916 8923 8925 10985 11151
12 3777 3786 4117 4127 5228 6395 6621 8906 8917 8926 11007 11151
12 4312 5866 6773 8366 8369 8372 8978 8988 8992 9044 11113 11152
12 3279 4027 4032 6131 6679 6681 6749 8995 9000 10218 11015 11153
12 685 782 1908 1921 4090 4370 6692 9010 9023 9032 11014 11154
12 686 1917 1922 4355 4360 4371 6811 9024 9033 9036 11016 11154
12 2034 3025 5857 6667 8935 8939 8974 9048 9053 9056 10872 11155
12 5858 5867 8373 8936 8975 8979 8989 9045 9049 9057 11152 11155
12 4054 6766 6779 7424 7427 9070 9073 9077 9123 9421 11156 11157
12 617 800 1847 5880 5889 8407 8473 9084 9088 9096 11123 11158
12 172 618 5878 5881 5885 5890 8436 9089 9097 9100 11118 11158
12 1841 3079 4039 5468 5473 9040 9092 9104 9111 9115 10837 11159
12 4040 4055 5469 7428 9071 9074 9093 9112 9116 9124 11156 11159
12 2745 7141 7176 7179 7184 8854 9136 9140 9142 9726 11036 11160
12 2541 2546 5230 5235 7518 7880 7882 9156 9161 9164 11059 11161
12 2107 2542 5211 5231 7045 7883 7894 9157 9165 9476 11161 11162
12 90 1161 2683 5300 5304 5849 5864 9180 9184 10269 11122 11163
12 1171 2686 2689 5574 8293 8296 8301 9190 9194 10301 11108 11164
12 2914 2919 2923 7009 7134 7136 7164 9198 9201 9208 11037 11165
12 62 2904 2915 2924 2927 7121 7137 9202 9209 10297 11165 11166
12 2675 4333 5544 7129 8004 8009 8147 9231 9235 10509 11095 11167
12 185 4239 5944 5953 5972 6949 8190 9271 9275 10338 11024 11168
12 1071 1997 2718 2723 2731 6985 7004 9273 9279 9281 11026 11169
12 1072 1187 2719 6962 6994 6998 7005 9262 9274 9282 11028 11169
12 4272 7093 8929 8944 8957 9172 9292 9296 10335 10515 11170 11171
12 4247 6975 7019 7562 9129 9150 9286 9299 9305 9496 11029 11172
12 717 726 1558 2533 3440 4531 5203 9330 9334 9336 10917 11173
12 727 1559 3435 3441 3454 7031 7039 9315 9331 9337 11030 11173
12 6935 8163 8229 8235 8284 9345 9348 9824 9842 9884 11174 11175
12 380 418 1288 2862 2876 5591 5689 9341 9353 9387 10950 11176
12 4675 5937 5950 8185 8482 9362 9365 9853 9944 10350 11177 11178
12 381 1289 1436 2863 2866 2963 9354 9380 9383 9388 11176 11179
12 1437 2867 2964 3126 4572 5918 7345 9378 9381 9384 11045 11179
12 4047 4051 6207 6212 6219 7383 7387 9391 9396 9399 10975 11180
12 647 4045 4048 6208 7380 7388 8670 9392 9400 9411 11139 11180
12 4184 4292 8069 8947 8982 9119 9426 9429 9752 9798 11181 11182
12 3148 4669 6767 6780 6788 7425 9078 9422 9432 9468 11157 11183
12 4242 4304 6906 6966 7160 7436 8968 9442 9449 9815 11054 11184
12 1151 7497 7500 7634 7642 7644 8115 9452 9457 9808 11068 11185
12 3149 4670 6789 7405 7445 9433 9464 9469 9472 9991 11183 11186
12 1077 2108 5212 5215 7046 7552 7895 9477 9601 10447 11162 11187
12 720 1628 3572 4256 4260 6416 8044 9484 9486 10441 11092 11188
12 7563 9151 9153 9300 9302 9306 9489 9492 9497 9614 11172 11189
12 2111 2229 4437 4694 7248 7514 7630 9511 9515 9517 11069 11190
12 2112 4438 6902 6914 7234 7249 7547 9503 9512 9518 11063 11190
12 2189 2807 4620 8334 8344 9402 9522 9524 10036 10688 11048 11191
12 2950 5599 5605 5613 7216 7224 7840 9533 9538 9553 10941 11192
12 4398 5600 7225 7706 7837 7841 8259 9534 9539 9549 11106 11192
12 367 371 3181 4939 4944 4948 4966 9545 9555 9561 10907 11193
12 3173 3182 4945 4949 4953 6004 7679 9556 9559 9562 11071 11193
12 2885 2890 4766 4768 4774 5188 5190 9564 9567 9574 10894 11194
12 1176 2886 2936 4769 5173 5191 7834 9565 9568 9586 11081 11194
12 1274 4340 5461 5552 5602 5609 7168 9578 9581 9589 10938 11195
12 3509 4341 5603 7169 7172 7195 8261 9582 9590 9593 11102 11195
12 4263 9154 9303 9490 9493 9508 9604 9608 9615 9706 11189 11196
12 4330 5514 5772 8138 8383 8392 8394 9624 9634 9659 11116 11197
12 455 2668 2700 2702 2770 5583 9644 9648 9652 10470 11198 11199
12 2703 2765 2771 5524 5563 5571 5584 9645 9649 9666 10940 11198
12 5443 5510 5762 5766 5768 8151 8153 9668 9672 9674 11091 11200
12 5767 5769 5773 8139 8154 8395 9625 9660 9669 9675 11197 11200
12 3431 5466 8036 8040 9248 9258 9677 9682 9685 9744 10846 11201
12 4264 4299 7898 9509 9596 9605 9609 9695 9703 9707 11196 11202
12 4300 7885 7899 8061 8122 9597 9688 9696 9704 10246 11202 11203
12 4289 4350 8054 8856 8864 8868 9146 9709 9712 9717 11093 11204
12 7180 8855 8857 8865 9141 9143 9147 9710 9713 9727 11160 11204
12 3447 5401 5411 7035 7113 7191 7204 9723 9730 10497 11031 11205
12 4196 5814 6878 6883 8080 8082 9108 9733 9738 9741 10955 11206
12 4185 6879 8070 8083 9109 9120 9427 9734 9742 9753 11181 11206
12 7145 8026 8049 9222 9225 9699 9755 9758 9761 10503 11207 11208
12 8041 8050 9223 9249 9678 9686 9700 9745 9756 9762 11201 11207
12 1143 1146 2044 2156 2162 8085 9768 9776 9784 10655 11209 11210
12 1147 1882 2157 2160 2163 4375 6800 9777 9781 9785 11017 11209
12 6819 6825 7415 7483 9764 9773 9787 9791 9795 10522 11211 11212
12 6826 7484 7501 7645 8116 9453 9774 9788 9796 9809 11185 11211
12 4293 4307 8948 8961 8964 8983 9430 9799 9804 9812 11182 11213
12 4243 4305 4308 8962 8965 8969 9450 9805 9813 9816 11184 11213
12 6936 8156 8164 8285 8289 9349 9843 9856 9862 10307 11174 11214
12 8230 8236 8239 9346 9825 9833 9865 9873 9885 10716 11175 11215
12 5696 5702 7755 7769 7771 8281 8303 9887 9891 9893 11107 11216
12 5081 5106 5697 7772 8304 8310 8318 9877 9888 9894 11109 11216
12 3102 3961 3967 3985 3988 5777 5798 9905 9909 9911 10954 11217
12 3083 3086 3103 3962 3989 4327 8363 9910 9912 9918 11112 11217
12 2645 7098 7101 8387 9237 9240 9245 9913 9921 9925 11114 11218
12 5453 7102 7106 8351 9238 9241 9253 9898 9914 9922 11111 11218
12 2233 3017 5557 5933 8166 8171 8174 9927 9930 9935 10873 11219
12 4676 5934 5938 8167 8175 8186 9363 9928 9931 9945 11177 11219
12 6784 7375 7389 8410 8475 8562 9941 9948 9998 10029 11124 11220
12 2101 4232 4234 4426 4431 4434 5979 9966 9967 10590 10960 11221
12 7462 7465 7470 8487 9437 9444 9460 9970 9973 9978 11125 11222
12 7406 7446 7466 9445 9461 9465 9473 9971 9974 9992 11186 11222
12 1993 4982 7731 7740 8499 8507 10002 10007 10014 10596 10948 11223
12 2787 4218 7612 7613 9531 10016 10020 10022 10405 10698 10887 11224
12 7390 8563 9059 9949 9987 9995 9999 10025 10030 10033 11220 11225
12 6077 8555 9060 9064 9984 9988 9996 10026 10034 10045 11129 11225
12 462 3720 3732 6521 6526 6542 10063 10068 10085 10767 10855 11226
12 157 1663 3736 4010 4015 6561 10070 10074 10076 10188 10999 11227
12 7 1826 3770 3772 6593 6673 6703 10089 10094 10099 11005 11228
12 1692 3773 6674 6704 6710 8656 10080 10090 10095 10177 11228 11229
12 2250 2255 2258 4253 4707 4710 7527 10102 10107 10110 11062 11230
12 961 2003 2256 2259 2263 4708 8828 10103 10111 10124 11146 11230
12 6446 6451 6469 6477 7022 7026 8861 10119 10127 10131 11148 11231
12 3598 6452 6478 7023 8833 9618 10113 10120 10128 10435 11231 11232
12 6492 6501 7207 8872 9310 9317 9321 10133 10138 10141 11103 11233
12 4345 6486 6493 8886 9318 9322 9328 10134 10142 10155 10992 11233
12 123 312 1020 2508 4888 4900 7655 10150 10158 10162 10905 11234
12 2509 4889 4896 5182 7649 7656 7668 10145 10151 10159 11105 11234
12 3373 4548 6237 6242 6744 6755 8676 10170 10171 10636 10878 11235
12 93 1693 3726 6711 8657 10055 10081 10178 10181 10184 11229 11236
12 94 1664 3727 4011 10056 10071 10077 10182 10185 10189 11227 11236
12 504 531 3265 6116 6135 6139 8645 10199 10204 10207 11137 11237
12 532 4033 6132 6136 6140 6682 8996 10200 10208 10219 11153 11237
12 118 6714 6725 8778 8807 10221 10224 10227 10622 10776 11238 11239
12 2132 2137 2140 2144 7050 7056 7066 10232 10234 10661 11035 11240
12 7886 8057 8062 8111 8119 8123 9689 10243 10247 10665 11203 11241
12 2680 5527 5853 7119 8127 8130 8136 10251 10254 10261 11096 11242
12 1162 5301 5528 5850 5854 8131 9181 10255 10262 10270 11163 11242
12 6978 7149 7152 8458 9213 10273 10276 10279 10293 10326 11243 11244
12 63 1154 1167 2905 2911 2928 7122 10282 10287 10298 11166 11245
12 1155 1168 1172 2690 2912 8297 9191 10283 10288 10302 11164 11245
12 6917 8157 8290 8455 9857 9859 9863 10304 10308 10310 11214 11246
12 6918 6979 7150 8456 8459 9860 10277 10294 10305 10311 11243 11246
12 7094 8930 9173 9174 9204 9293 10257 10317 10332 10336 11170 11247
12 7153 9175 9205 9214 10258 10274 10280 10318 10327 10333 11244 11247
12 186 4686 5954 6889 8191 8193 9276 10329 10339 10341 11168 11248
12 4687 6890 6900 6972 7432 8178 8194 10322 10330 10342 11055 11248
12 3116 4607 5900 5904 8399 9820 9829 10353 10365 10367 11098 11249
12 4608 8400 8413 9368 9372 9830 10354 10359 10368 10553 11249 11250
12 5951 8483 9067 9366 9846 9854 9952 10351 10355 10378 11178 11251
12 9068 9837 9847 9953 9958 10356 10379 10383 10385 10584 11251 11252
12 1200 2801 4575 4580 7286 7291 7294 10401 10411 10415 10886 11253
12 4576 6147 7272 7287 7295 7306 7597 10402 10412 10419 11066 11253
12 3587 3599 8834 8836 9619 9621 10114 10428 10431 10436 11232 11254
12 1078 3588 5216 7553 8837 9602 9622 10429 10432 10448 11187 11254
12 712 721 4257 6417 6427 9487 10442 10450 10456 10671 11188 11255
12 3956 5314 5320 7934 7938 9638 9641 10459 10464 10467 10936 11256
12 3948 5321 5340 7939 7951 9629 9642 10460 10468 10481 11087 11256
12 388 2953 2956 2961 3035 3038 8430 10476 10484 10488 11120 11257
12 389 456 2669 2701 2957 3036 9653 10471 10477 10485 11199 11257
12 5402 7110 7114 7187 7192 8013 9731 10490 10493 10498 11205 11258
12 4334 7111 7188 8005 8010 8014 9232 10491 10494 10510 11167 11258
12 4273 4276 8945 8950 8953 8958 9297 10512 10516 10518 11171 11259
12 4277 7146 8027 8951 8954 9226 9759 10504 10513 10519 11208 11259
12 1616 1933 1947 2312 4851 6795 8100 10528 10532 10534 11094 11260
12 1934 1944 1948 4156 6796 6807 6822 10533 10535 10541 11020 11260
12 1865 1968 3216 4191 5477 5484 7419 10543 10547 10549 11019 11261
12 1969 4192 6820 7416 7420 9765 9792 10523 10544 10550 11212 11261
12 3303 8414 8558 9369 9373 10360 10371 10554 10556 10709 11250 11262
12 931 1430 1433 4782 5005 8504 8509 10567 10568 10729 10943 11263
12 827 830 1961 4683 4690 4699 7450 10571 10574 10581 11126 11264
12 828 831 4235 4427 4435 4700 9968 10572 10575 10591 11221 11264
12 7741 8242 8508 8513 10003 10008 10391 10593 10597 10599 11223 11265
12 8243 8514 9838 9959 10384 10386 10392 10585 10594 10600 11252 11265
12 1579 1588 1683 3709 6288 6291 6298 10608 10609 10754 10853 11266
12 1698 3637 6101 8647 8651 8664 8665 10617 10618 10745 10970 11267
12 6238 6745 8677 8690 8696 9016 10172 10630 10637 10771 11235 11268
12 4645 6737 6739 9004 10193 10197 10210 10632 10640 10644 10883 11269
12 119 6726 6740 10194 10211 10222 10228 10623 10633 10641 11238 11269
12 1144 2045 8075 8086 8089 8103 9769 10646 10649 10656 11210 11270
12 8058 8076 8090 8104 8112 8120 10244 10647 10650 10666 11241 11270
12 713 2129 6428 6435 10451 10453 10457 10668 10672 10674 11255 11271
12 2130 2133 2141 6436 7057 10235 10454 10662 10669 10675 11240 11271
12 7614 10017 10023 10395 10406 10425 10677 10685 10699 10736 11224 11272
12 6280 6282 6286 9413 9417 10047 10051 10694 10702 10706 11131 11273
12 6283 8335 9403 9414 9525 10037 10048 10689 10695 10703 11191 11273
12 5013 5925 8240 9834 9866 9869 9874 10717 10719 10723 11215 11274
12 1431 5006 5014 5926 8510 9870 10569 10720 10724 10730 11263 11274
12 10387 10396 10422 10426 10678 10681 10686 10725 10733 10737 11272 11275
12 3304 8559 10372 10388 10423 10557 10682 10710 10726 10734 11262 11275
12 112 204 3401 6307 7862 7870 7872 10748 10759 10761 11083 11276
12 205 1580 6289 6292 6308 7873 10610 10749 10755 10762 11266 11276
12 6522 6527 6537 8635 10064 10086 10091 10750 10764 10768 11226 11277
12 3638 6538 8636 8648 8666 10092 10619 10746 10751 10765 11267 11277
12 4168 8691 8693 8697 9017 9019 10631 10772 10779 10783 11268 11278
12 4162 4165 4169 6845 8694 9020 9028 10780 10784 10790 11021 11278
12 4004 6695 6700 8768 8772 8792 8799 10792 10796 10798 10986 11279
12 6696 6715 8773 8779 8800 8808 10225 10777 10793 10799 11239 11279
