4OFF
1200 5160 0 1560
-0.5257311121191337 -0.081229924058226599 -0.55675818220580342 0.63798810626403002
0.081229924058226433 0.50655532823424632 0.60696103617735975 -0.6069610361773603
-0.1314327780297832 -0.18163563200134042 -0.21266270208801005 0.9510565162951532
-0.1314327780297832 0.375122550204463 -0.68819096023558635 0.6069610361773603
0.55675818220580342 -0.63798810626403002 -0.5257311121191337 -0.081229924058226599
0.39429833408935011 -0.7383938142071429 -0.42532540417601916 0.34409548011779345
-0.081229924058227043 0.68819096023558624 0.050202853971556549 -0.71921803032225584
-0.081229924058227043 0.08122992405822653 0.93188073241026559 -0.34409548011779345
-0.60696103617735975 0.6069610361773603 0.081229924058226433 0.50655532823424632
-0.42532540417601994 0.29389262614623657 0.3751225502044625 -0.76942088429381261
0.31306841003112368 -0.21266270208801025 0.21266270208800961 0.90085366232359598
0.31306841003112368 0 -0.55675818220580298 0.76942088429381261
0.21266270208801005 -0.9510565162951532 -0.1314327780297832 -0.18163563200134042
0.31306841003112368 0.68819096023558624 -0.55675818220580253 0.34409548011779345
0.68819096023558635 -0.6069610361773603 -0.1314327780297832 0.375122550204463
0.21266270208801005 -0.42532540417601949 -0.7192180303222564 -0.50655532823424632
0.5257311121191337 0.081229924058226599 0.55675818220580342 -0.63798810626403002
-0.71921803032225584 0.68819096023558568 0.081229924058226044 0.050202853971556355
0.26286555605956707 -0.93188073241026514 0.13143277802978381 0.21266270208800958
0.26286555605956707 -0.50655532823424598 -0.81962373826536883 -0.050202853971556355
0.42532540417601916 -0.34409548011779345 0.39429833408935011 -0.7383938142071429
0.63798810626402946 -0.55675818220580242 0.081229924058227071 0.5257311121191327
-0.21266270208801041 0.60696103617735941 -0.52573111211913304 -0.5567581822058022
-0.21266270208801041 0.55675818220580287 0.60696103617735919 -0.5257311121191327
-0.050202853971556549 0.71921803032225584 -0.081229924058227043 0.68819096023558624
-0.21266270208801041 -0.37512255020446272 0.90085366232359543 0.050202853971556355
-0.93188073241026559 0.34409548011779345 -0.081229924058227043 0.08122992405822653
-0.050202853971556549 0.63798810626402946 0.21266270208801016 0.7383938142071429
-0.081229924058226433 -0.50655532823424632 -0.60696103617735975 0.6069610361773603
0.81962373826536949 -0.29389262614623635 -0.394298334089349 0.29389262614623601
-0.63798810626402946 0.55675818220580264 -0.08122992405822671 -0.52573111211913248
-0.63798810626402946 0.18163563200134028 0.68819096023558557 -0.29389262614623601
-0.3751225502044625 0.76942088429381261 -0.42532540417601994 0.29389262614623657
-0.76942088429381283 -0.031027070086669384 0 -0.63798810626402869
0.63798810626402946 -0.16245984811645336 0.55675818220580242 0.50655532823424576
0.63798810626402946 -0.375122550204463 -0.21266270208800986 0.63798810626402869
-0.21266270208800961 -0.90085366232359598 0.31306841003112368 -0.21266270208801025
0.63798810626402946 0.18163563200133997 -0.68819096023558579 0.29389262614623601
0.55675818220580298 -0.76942088429381261 0.31306841003112368 0
-0.21266270208800961 -0.76942088429381272 -0.52573111211913326 -0.29389262614623657
0.1314327780297832 0.18163563200134042 0.21266270208801005 -0.9510565162951532
0.63798810626402946 0.73839381420714256 -0.2126627020880093 -0.050202853971556355
0.55675818220580253 -0.34409548011779345 0.31306841003112368 0.68819096023558624
0.1314327780297832 -0.375122550204463 0.68819096023558635 -0.6069610361773603
-0.21266270208800961 -0.050202853971556244 -0.63798810626402958 -0.7383938142071429
0.7192180303222564 0.50655532823424632 0.21266270208801005 -0.42532540417601949
-0.55675818220580342 0.63798810626403002 0.5257311121191337 0.081229924058226599
0.76942088429381217 -0.37512255020446228 0.29389262614623646 -0.42532540417601911
-0.34409548011779334 0.81962373826536827 -0.26286555605956696 0.37512255020446256
-0.34409548011779334 0.73839381420714223 0.39429833408934933 0.42532540417601911
-0.081229924058226044 -0.050202853971556355 -0.71921803032225584 0.68819096023558568
-0.60696103617735941 0.60696103617735853 -0.50655532823424632 -0.081229924058225988
0.03102707008667055 -0.76942088429381172 0.63798810626402935 0
0.03102707008667055 -0.90085366232359565 -0.42532540417601877 0.081229924058225988
-0.13143277802978381 -0.21266270208800958 0.26286555605956707 -0.93188073241026514
0.031027070086670605 -0.081229924058226474 -0.90085366232359521 -0.42532540417601911
0.81962373826536883 0.050202853971556355 0.26286555605956707 -0.50655532823424598
-0.13143277802978381 -0.60696103617735964 0.37512255020446239 -0.68819096023558568
-0.39429833408935011 0.7383938142071429 0.42532540417601916 -0.34409548011779345
-0.95105651629515198 0.21266270208800914 -0.18163563200134064 -0.1314327780297827
0.60696103617735953 -0.60696103617735853 0.50655532823424587 0.081229924058225655
0.60696103617735953 -0.68819096023558568 -0.37512255020446184 0.1314327780297827
-0.081229924058227071 -0.5257311121191327 0.63798810626402946 -0.55675818220580242
-0.26286555605956696 0.29389262614623607 -0.90085366232359521 -0.18163563200133925
-0.26286555605956696 0.81962373826536905 0.050202853971556521 -0.50655532823424476
0.52573111211913304 0.5567581822058022 -0.21266270208801041 0.60696103617735941
-0.26286555605956696 0.21266270208800991 0.93188073241026481 -0.1314327780297827
-0.60696103617735919 0.5257311121191327 -0.21266270208801041 0.55675818220580287
0.52573111211913304 0.63798810626402913 0.081229924058226377 0.55675818220580253
0.081229924058227043 -0.68819096023558624 -0.050202853971556549 0.71921803032225584
-0.26286555605956696 -0.68819096023558557 0.52573111211913259 0.42532540417601911
-0.90085366232359543 -0.050202853971556355 -0.21266270208801041 -0.37512255020446272
0.081229924058227043 -0.08122992405822653 -0.93188073241026559 0.34409548011779345
0.52573111211913304 0.42532540417601916 0.26286555605956707 0.68819096023558568
-0.21266270208801016 -0.7383938142071429 -0.050202853971556549 0.63798810626402946
0.60696103617735975 -0.6069610361773603 -0.081229924058226433 -0.50655532823424632
-0.90085366232359543 0.18163563200133992 0.26286555605956546 0.29389262614623624
0.71921803032225551 -0.68819096023558524 -0.081229924058225822 -0.050202853971557632
0.71921803032225551 -0.29389262614623635 -0.55675818220580187 -0.29389262614623624
0.394298334089349 -0.29389262614623601 0.81962373826536949 -0.29389262614623635
0.95105651629515198 -0.21266270208800958 0.18163563200134059 0.13143277802978232
-0.6069610361773593 0.68819096023558568 0.37512255020446217 -0.13143277802978232
0.08122992405822671 0.52573111211913248 -0.63798810626402946 0.55675818220580264
-0.6069610361773593 0 0.73839381420714201 0.29389262614623629
-0.68819096023558557 0.29389262614623601 -0.63798810626402946 0.18163563200134028
0.081229924058226696 0.95105651629515231 -0.050202853971556827 0.29389262614623635
0.42532540417601994 -0.29389262614623657 -0.3751225502044625 0.76942088429381261
0.93188073241026526 0.26286555605956613 -0.21266270208800886 0.13143277802978248
-0.95105651629515198 0.21266270208801005 0.18163563200133942 -0.13143277802978248
0 0.63798810626402869 -0.76942088429381283 -0.031027070086669384
-0.81962373826536905 -0.34409548011779245 -0.37512255020446272 -0.26286555605956569
0.71921803032225551 -0.050202853971556924 0.68819096023558546 -0.081229924058226766
0.71921803032225551 -0.60696103617735941 0.21266270208800939 0.26286555605956569
-0.55675818220580242 -0.50655532823424576 0.63798810626402946 -0.16245984811645336
0.71921803032225551 -0.39429833408934956 -0.55675818220580242 0.13143277802978248
0.21266270208800986 -0.63798810626402869 0.63798810626402946 -0.375122550204463
-0.55675818220580242 -0.81962373826536927 -0.13143277802978304 0.031027070086669384
-0.31306841003112368 0.21266270208801025 -0.21266270208800961 -0.90085366232359598
0.71921803032225551 0.29389262614623618 -0.55675818220580209 -0.29389262614623629
0.68819096023558579 -0.29389262614623601 0.63798810626402946 0.18163563200133997
-0.31306841003112368 0 0.55675818220580298 -0.76942088429381261
-0.55675818220580242 -0.29389262614623607 -0.71921803032225584 -0.29389262614623635
0.52573111211913326 0.29389262614623657 -0.21266270208800961 -0.76942088429381272
-0.21266270208801005 0.9510565162951532 0.1314327780297832 0.18163563200134042
0.2126627020880093 0.050202853971556355 0.63798810626402946 0.73839381420714256
-0.31306841003112368 -0.68819096023558624 0.55675818220580253 -0.34409548011779345
-0.68819096023558635 0.6069610361773603 0.1314327780297832 -0.375122550204463
-0.55675818220580242 0.34409548011779356 -0.31306841003112329 -0.68819096023558579
-0.21266270208801005 0.42532540417601949 0.7192180303222564 0.50655532823424632
0.29389262614623612 -0.39429833408934867 0.29389262614623629 -0.8196237382653685
0.29389262614623612 -0.68819096023558513 0.18163563200134003 -0.63798810626402858
-0.29389262614623646 0.42532540417601911 0.76942088429381217 -0.37512255020446228
0.34409548011779256 -0.42532540417601816 0.73839381420714223 -0.39429833408934961
0.16245984811645214 0.6379881062640278 -0.50655532823424587 0.55675818220580275
0.16245984811645214 0.90085366232359487 0.081229924058225933 0.39429833408934961
0.26286555605956696 -0.37512255020446256 -0.34409548011779334 0.81962373826536827
0.16245984811645206 0.50655532823424543 0.55675818220580242 0.63798810626402858
-0.39429833408934933 -0.42532540417601911 -0.34409548011779334 0.73839381420714223
0.26286555605956696 0.34409548011779328 -0.81962373826536838 0.37512255020446228
-0.34409548011779301 0.42532540417601794 -0.73839381420714212 0.39429833408935011
-0.34409548011779301 0.93188073241026415 -0.081229924058227237 0.081229924058227043
0.50655532823424632 0.081229924058225988 -0.60696103617735941 0.60696103617735853
-0.21266270208800891 -0.3130684100311224 0.90085366232359487 -0.21266270208801039
-0.21266270208800891 -0.95105651629515164 0.13143277802978365 0.18163563200133892
-0.63798810626402935 0 0.03102707008667055 -0.76942088429381172
-0.21266270208800894 -0.52573111211913304 -0.81962373826536816 -0.081229924058226988
0.42532540417601877 -0.081229924058225988 0.03102707008667055 -0.90085366232359565
-0.63798810626402935 -0.26286555605956652 0.39429833408934972 -0.60696103617735853
-0.26286555605956707 0.93188073241026514 -0.13143277802978381 -0.21266270208800958
-0.21266270208800878 0.37512255020446222 -0.63798810626402869 -0.63798810626402869
0.90085366232359521 0.42532540417601911 0.031027070086670605 -0.081229924058226474
-0.26286555605956707 0.50655532823424598 0.81962373826536883 0.050202853971556355
-0.63798810626402924 -0.6379881062640288 0.21266270208800889 -0.37512255020446228
-0.37512255020446239 0.68819096023558568 -0.13143277802978381 -0.60696103617735964
-0.42532540417601916 0.34409548011779345 -0.39429833408935011 0.7383938142071429
0.90085366232359454 0.21266270208801005 0.21266270208801005 -0.31306841003112335
-0.76942088429381172 0.37512255020446128 -0.29389262614623618 0.42532540417601988
-0.76942088429381172 0.55675818220580187 0 0.31306841003112335
0.18163563200134064 0.1314327780297827 -0.95105651629515198 0.21266270208800914
-0.71921803032225462 0.050202853971556022 -0.68819096023558568 0.081229924058227487
0.34409548011779301 -0.93188073241026426 0.081229924058227002 -0.081229924058227487
-0.50655532823424587 -0.081229924058225655 0.60696103617735953 -0.60696103617735853
0.34409548011779301 -0.55675818220580242 -0.68819096023558479 -0.31306841003112335
0.37512255020446184 -0.1314327780297827 0.60696103617735953 -0.68819096023558568
-0.50655532823424587 -0.71921803032225518 0.42532540417601938 -0.21266270208800919
0.3942983340893495 0.29389262614623624 0.81962373826536883 0.29389262614623479
-0.21266270208800978 -0.13143277802978318 -0.93188073241026415 0.26286555605956691
-0.21266270208800978 0.76942088429381195 -0.52573111211913259 -0.29389262614623479
0.90085366232359521 0.18163563200133925 -0.26286555605956696 0.29389262614623607
-0.21266270208800975 0.71921803032225551 0.60696103617735864 -0.2628655560595653
-0.050202853971556521 0.50655532823424476 -0.26286555605956696 0.81962373826536905
0.90085366232359521 0.39429833408934972 -0.081229924058226932 0.16245984811645253
0.21266270208801041 -0.60696103617735941 0.52573111211913304 0.5567581822058022
-0.21266270208800994 -0.21266270208800936 0.90085366232359454 0.3130684100311234
-0.93188073241026481 0.1314327780297827 -0.26286555605956696 0.21266270208800991
0.21266270208801041 -0.55675818220580287 -0.60696103617735919 0.5257311121191327
0.90085366232359521 0.31306841003112323 0.21266270208800994 0.21266270208800919
-0.081229924058226377 -0.55675818220580253 0.52573111211913304 0.63798810626402913
0.050202853971556549 -0.71921803032225584 0.081229924058227043 -0.68819096023558624
-0.52573111211913259 -0.42532540417601911 -0.26286555605956696 -0.68819096023558557
0.21266270208801041 0.37512255020446272 -0.90085366232359543 -0.050202853971556355
0.93188073241026559 -0.34409548011779345 0.081229924058227043 -0.08122992405822653
0.90085366232359521 0.050202853971556216 0.2126627020880103 0.37512255020446228
0.050202853971556549 -0.63798810626402946 -0.21266270208801016 -0.7383938142071429
0.63798810626402847 0 -0.03102707008666894 -0.76942088429381172
-0.52573111211913237 0.55675818220580153 0.21266270208800886 0.60696103617735964
-0.52573111211913237 0.29389262614623601 0.21266270208800889 0.76942088429381172
-0.26286555605956546 -0.29389262614623624 -0.90085366232359543 0.18163563200133992
0.34409548011779267 -0.81962373826536772 0.26286555605956641 -0.3751225502044635
0.34409548011779267 -0.7383938142071419 -0.39429833408934867 -0.42532540417601983
0.081229924058225822 0.050202853971557632 0.71921803032225551 -0.68819096023558524
0.34409548011779267 -0.18163563200134009 -0.50655532823424521 -0.76942088429381184
0.55675818220580187 0.29389262614623624 0.71921803032225551 -0.29389262614623635
0.081229924058225822 -0.76942088429381195 0.60696103617735941 -0.18163563200133981
-0.81962373826536949 0.29389262614623635 0.394298334089349 -0.29389262614623601
-0.90085366232359432 -0.21266270208800969 -0.21266270208801041 0.31306841003112373
0.7694208842938115 -0.5567581822058022 0 -0.31306841003112373
-0.18163563200134059 -0.13143277802978232 0.95105651629515198 -0.21266270208800958
-0.34409548011779256 0.5567581822058022 0.6881909602355849 0.31306841003112373
-0.37512255020446217 0.13143277802978232 -0.6069610361773593 0.68819096023558568
0.50655532823424576 0.71921803032225506 -0.42532540417601961 0.21266270208800958
-0.34409548011779256 -0.18163563200133981 0.50655532823424532 0.76942088429381184
-0.73839381420714201 -0.29389262614623629 -0.6069610361773593 0
0.63798810626402946 -0.18163563200134028 -0.68819096023558557 0.29389262614623601
0.50655532823424576 0.76942088429381195 0.34409548011779301 0.18163563200133986
0.050202853971556827 -0.29389262614623635 0.081229924058226696 0.95105651629515231
0.3751225502044625 -0.76942088429381261 0.42532540417601994 -0.29389262614623657
-0.73839381420714212 -0.39429833408934933 0.34409548011779173 0.42532540417601972
0.90085366232359454 -0.18163563200133953 -0.2628655560595658 -0.29389262614623718
0.90085366232359454 0.031027070086669328 -0.0812299240582256 -0.42532540417601972
0.21266270208800886 -0.13143277802978248 0.93188073241026526 0.26286555605956613
-0.76942088429381128 0.37512255020446256 0.29389262614623557 0.42532540417601972
-0.18163563200133942 0.13143277802978248 -0.95105651629515198 0.21266270208801005
0.18163563200134003 0.90085366232359521 -0.29389262614623662 -0.26286555605956613
0.76942088429381283 0.031027070086669384 0 0.63798810626402869
0.68819096023558546 0.71921803032225462 0.050202853971557271 -0.081229924058227349
-0.90085366232359454 0.16245984811645317 -0.39429833408934972 0.081229924058227349
0.37512255020446272 0.26286555605956569 -0.81962373826536905 -0.34409548011779245
-0.5567581822058022 -0.52573111211913215 -0.60696103617735897 0.2126627020880103
0.52573111211913237 -0.60696103617735897 0.55675818220580198 -0.2126627020880103
-0.68819096023558546 0.081229924058226766 0.71921803032225551 -0.050202853971556924
0.52573111211913237 -0.81962373826536838 -0.21266270208800969 -0.081229924058227349
-0.21266270208800939 -0.26286555605956569 0.71921803032225551 -0.60696103617735941
-0.68819096023558546 -0.55675818220580287 0.31306841003112329 0.34409548011779245
-0.63798810626402946 0.16245984811645336 -0.55675818220580242 -0.50655532823424576
0.52573111211913237 -0.26286555605956596 -0.68819096023558501 -0.42532540417601966
0.55675818220580242 -0.13143277802978248 0.71921803032225551 -0.39429833408934956
-0.63798810626402946 0.375122550204463 0.21266270208800986 -0.63798810626402869
-0.68819096023558546 -0.42532540417601961 -0.5257311121191327 0.26286555605956613
0.13143277802978304 -0.031027070086669384 -0.55675818220580242 -0.81962373826536927
0.21266270208800961 0.90085366232359598 -0.31306841003112368 0.21266270208801025
0.55675818220580209 0.29389262614623629 0.71921803032225551 0.29389262614623618
-0.63798810626402946 -0.18163563200133997 0.68819096023558579 -0.29389262614623601
-0.55675818220580298 0.76942088429381261 -0.31306841003112368 0
-0.68819096023558546 0.29389262614623624 -0.63798810626402902 -0.18163563200133981
0.21266270208800961 0.76942088429381272 0.52573111211913326 0.29389262614623657
-0.63798810626402946 -0.73839381420714256 0.2126627020880093 0.050202853971556355
-0.7192180303222564 -0.50655532823424632 -0.21266270208801005 0.42532540417601949
0.050202853971557049 0.0812299240582256 -0.68819096023558479 0.71921803032225484
-0.29389262614623557 -0.26286555605956535 0.18163563200134003 -0.90085366232359476
-0.29389262614623557 -0.55675818220580164 0.29389262614623618 -0.71921803032225484
-0.29389262614623629 0.8196237382653685 0.29389262614623612 -0.39429833408934867
-0.29389262614623557 -0.73839381420714156 0 -0.60696103617735875
-0.18163563200134003 0.63798810626402858 0.29389262614623612 -0.68819096023558513
-0.29389262614623629 0.050202853971556327 0.95105651629515142 0.081229924058226655
-0.050202853971556521 -0.081229924058225211 0.6881909602355849 -0.71921803032225484
-0.050202853971556521 -0.81962373826536761 0.50655532823424587 -0.26286555605956641
-0.73839381420714223 0.39429833408934961 0.34409548011779256 -0.42532540417601816
0.60696103617735808 0.21266270208800864 -0.55675818220580209 0.52573111211913304
0.60696103617735808 0.71921803032225462 -0.26286555605956685 0.21266270208801019
0.50655532823424587 -0.55675818220580275 0.16245984811645214 0.6379881062640278
0.60696103617735808 0.6379881062640288 0.394298334089349 0.26286555605956646
-0.081229924058225933 -0.39429833408934961 0.16245984811645214 0.90085366232359487
0.50655532823424587 -0.21266270208800936 -0.71921803032225529 0.42532540417601816
0.60696103617735808 0.081229924058226419 0.50655532823424565 0.60696103617735886
-0.55675818220580242 -0.63798810626402858 0.16245984811645206 0.50655532823424543
0.50655532823424587 0.60696103617735919 -0.6069610361773583 -0.081229924058226655
0.81962373826536838 -0.37512255020446228 0.26286555605956696 0.34409548011779328
0.21266270208800875 0.13143277802978418 0.93188073241026381 -0.26286555605956718
0.05020285397155641 0.81962373826536727 -0.50655532823424587 0.26286555605956718
0.73839381420714212 -0.39429833408935011 -0.34409548011779301 0.42532540417601794
0.050202853971556355 0.90085366232359454 0.37512255020446139 0.21266270208800997
0.081229924058227237 -0.081229924058227043 -0.34409548011779301 0.93188073241026415
0.73839381420714212 0.2126627020880093 -0.63798810626402869 0.050202853971555828
0.18163563200133992 -0.13143277802978393 -0.9510565162951512 -0.21266270208800828
-0.37512255020446184 0.26286555605956646 0.81962373826536772 -0.34409548011779328
-0.37512255020446184 -0.63798810626402847 0.63798810626402869 0.21266270208800828
-0.90085366232359487 0.21266270208801039 -0.21266270208800891 -0.3130684100311224
-0.37512255020446184 -0.76942088429381217 -0.42532540417601838 0.29389262614623479
-0.13143277802978365 -0.18163563200133892 -0.21266270208800891 -0.95105651629515164
-0.90085366232359487 0.18163563200133989 0.26286555605956691 -0.2938926261462349
-0.03102707008667055 0.76942088429381172 -0.63798810626402935 0
-0.37512255020446195 0.050202853971556119 -0.90085366232359454 -0.21266270208800991
0.81962373826536816 0.081229924058226988 -0.21266270208800894 -0.52573111211913304
-0.03102707008667055 0.90085366232359565 0.42532540417601877 -0.081229924058225988
-0.90085366232359487 -0.21266270208800986 0.37512255020446195 -0.050202853971555814
-0.39429833408934972 0.60696103617735853 -0.63798810626402935 -0.26286555605956652
0.13143277802978381 0.21266270208800958 -0.26286555605956707 0.93188073241026514
0.63798810626402869 0.63798810626402869 -0.21266270208800878 0.37512255020446222
-0.031027070086670605 0.081229924058226474 0.90085366232359521 0.42532540417601911
-0.81962373826536883 -0.050202853971556355 -0.26286555605956707 0.50655532823424598
-0.90085366232359487 -0.42532540417601872 -0.03102707008667055 0.081229924058226682
0.13143277802978381 0.60696103617735964 -0.37512255020446239 0.68819096023558568
-0.50655532823424454 -0.55675818220580231 -0.16245984811645295 0.63798810626402847
0.6379881062640278 -0.21266270208800894 0.375122550204463 -0.63798810626402847
-0.21266270208801005 0.31306841003112335 0.90085366232359454 0.21266270208801005
-0.29389262614623579 0.39429833408934789 -0.2938926261462354 0.81962373826536883
-0.29389262614623579 0.68819096023558413 -0.18163563200134047 0.63798810626402913
0.29389262614623618 -0.42532540417601988 -0.76942088429381172 0.37512255020446128
-0.29389262614623579 0.68819096023558501 0.18163563200133898 0.63798810626402847
0 -0.31306841003112335 -0.76942088429381172 0.55675818220580187
0.29389262614623618 0.52573111211913215 -0.76942088429381172 -0.21266270208801002
0.55675818220580087 0.52573111211913282 0.60696103617735886 -0.21266270208801025
-0.52573111211913159 0.60696103617735797 -0.55675818220580287 0.21266270208801025
0.68819096023558568 -0.081229924058227487 -0.71921803032225462 0.050202853971556022
-0.05020285397155666 -0.90085366232359454 -0.37512255020446139 -0.21266270208801025
-0.081229924058227002 0.081229924058227487 0.34409548011779301 -0.93188073241026426
-0.73839381420714179 -0.21266270208800925 0.63798810626402891 -0.050202853971556022
-0.050202853971556605 -0.21266270208800975 -0.73839381420714134 -0.63798810626402847
0.68819096023558479 0.31306841003112335 0.34409548011779301 -0.55675818220580242
-0.73839381420714179 -0.63798810626402858 0.050202853971556521 0.21266270208801005
-0.42532540417601938 0.21266270208800919 -0.50655532823424587 -0.71921803032225518
-0.37512255020446172 -0.76942088429381184 -0.42532540417601933 -0.29389262614623446
0.55675818220580153 -0.29389262614623579 0.71921803032225551 0.29389262614623446
-0.81962373826536883 -0.29389262614623479 0.3942983340893495 0.29389262614623624
0 0.63798810626402835 0.76942088429381117 -0.031027070086670716
-0.081229924058226155 0.42532540417601894 -0.90085366232359421 0.031027070086670716
0.93188073241026415 -0.26286555605956691 -0.21266270208800978 -0.13143277802978318
-0.081229924058226266 0.95105651629515142 0.050202853971556494 -0.29389262614623446
0.52573111211913259 0.29389262614623479 -0.21266270208800978 0.76942088429381195
0.93188073241026426 0 -0.21266270208801025 -0.29389262614623624
0.26286555605956696 -0.29389262614623607 0.90085366232359521 0.18163563200133925
-0.081229924058226155 0.34409548011779278 0.93188073241026381 0.081229924058227126
-0.60696103617735864 0.2628655560595653 -0.21266270208800975 0.71921803032225551
0.26286555605956696 -0.81962373826536905 -0.050202853971556521 0.50655532823424476
0.93188073241026426 0.081229924058226988 0.081229924058226266 -0.34409548011779328
0.081229924058226932 -0.16245984811645253 0.90085366232359521 0.39429833408934972
-0.52573111211913304 -0.5567581822058022 0.21266270208801041 -0.60696103617735941
-0.90085366232359454 -0.3130684100311234 -0.21266270208800994 -0.21266270208800936
0.26286555605956696 -0.21266270208800991 -0.93188073241026481 0.1314327780297827
0.60696103617735919 -0.5257311121191327 0.21266270208801041 -0.55675818220580287
0.93188073241026426 -0.13143277802978298 0.26286555605956685 -0.21266270208801005
-0.52573111211913304 -0.63798810626402913 -0.081229924058226377 -0.55675818220580253
0.26286555605956696 0.68819096023558557 -0.52573111211913259 -0.42532540417601911
0.21266270208801016 0.7383938142071429 0.050202853971556549 -0.63798810626402946
0.13143277802978282 -0.21266270208800869 -0.26286555605956552 -0.93188073241026437
0.13143277802978282 -0.1816356320013397 0.21266270208800991 -0.95105651629515098
0.03102707008666894 0.76942088429381172 0.63798810626402847 0
0.050202853971556868 0.71921803032225362 0.0812299240582261 0.6881909602355859
0.050202853971556868 0.50655532823424487 0.26286555605956524 0.81962373826536838
-0.21266270208800886 -0.60696103617735964 -0.52573111211913237 0.55675818220580153
0.050202853971556827 0.29389262614623596 0.0812299240582261 0.95105651629515098
-0.21266270208800889 -0.76942088429381172 -0.52573111211913237 0.29389262614623601
-0.21266270208800886 0.29389262614623579 -0.9318807324102647 0
-0.16245984811645298 -0.63798810626402758 0.50655532823424498 -0.55675818220580298
-0.16245984811645298 -0.90085366232359398 -0.081229924058225794 -0.39429833408935011
-0.26286555605956641 0.3751225502044635 0.34409548011779267 -0.81962373826536772
-0.16245984811645298 -0.50655532823424532 -0.55675818220580131 -0.63798810626402869
0.39429833408934867 0.42532540417601983 0.34409548011779267 -0.7383938142071419
-0.26286555605956641 -0.34409548011779201 0.81962373826536872 -0.37512255020446184
-0.16245984811645295 0 -0.26286555605956619 -0.95105651629515109
0.50655532823424521 0.76942088429381184 0.34409548011779267 -0.18163563200134009
-0.71921803032225551 0.29389262614623635 0.55675818220580187 0.29389262614623624
-0.26286555605956641 -0.95105651629515142 0.16245984811645284 0
-0.60696103617735941 0.18163563200133981 0.081229924058225822 -0.76942088429381195
-0.394298334089349 0.29389262614623601 -0.81962373826536949 0.29389262614623635
0.50655532823424432 0.5567581822058022 0.16245984811645342 -0.63798810626402858
-0.63798810626402747 0 0.031027070086669217 0.76942088429381206
-0.63798810626402747 0.21266270208800933 -0.37512255020446322 0.63798810626402858
0.21266270208801041 -0.31306841003112373 -0.90085366232359432 -0.21266270208800969
0.29389262614623513 -0.68819096023558501 -0.18163563200133914 -0.63798810626402858
0 0.31306841003112373 0.7694208842938115 -0.5567581822058022
-0.29389262614623624 -0.52573111211913182 0.76942088429381217 0.21266270208800969
0.050202853971556993 0.21266270208800936 0.73839381420714134 0.63798810626402858
-0.6881909602355849 -0.31306841003112373 -0.34409548011779256 0.5567581822058022
0.7383938142071419 0.6379881062640288 -0.05020285397155691 -0.21266270208800972
0.42532540417601961 -0.21266270208800958 0.50655532823424576 0.71921803032225506
-0.50655532823424532 -0.76942088429381184 -0.34409548011779256 -0.18163563200133981
0.6069610361773593 0 -0.73839381420714201 -0.29389262614623629
0.68819096023558557 -0.29389262614623601 0.63798810626402946 -0.18163563200134028
0.73839381420714167 0.29389262614623574 0.60696103617735919 0
-0.081229924058226696 -0.95105651629515231 0.050202853971556827 -0.29389262614623635
0.26286555605956585 0.37512255020446245 -0.34409548011779173 -0.81962373826536838
-0.50655532823424476 0.081229924058225822 0.60696103617735808 0.60696103617735975
-0.50655532823424476 -0.2628655560595658 -0.050202853971557659 0.81962373826536838
-0.34409548011779173 -0.42532540417601972 -0.73839381420714212 -0.39429833408934933
0.52573111211913148 -0.5567581822058012 -0.21266270208800947 -0.60696103617735997
0.52573111211913148 -0.2938926261462354 -0.21266270208800864 -0.76942088429381217
0.2628655560595658 0.29389262614623718 0.90085366232359454 -0.18163563200133953
0.52573111211913148 -0.2126627020880098 0.081229924058226932 -0.81962373826536838
0.0812299240582256 0.42532540417601972 0.90085366232359454 0.031027070086669328
0.2628655560595658 -0.63798810626402802 0.60696103617735964 0.39429833408934933
-0.93188073241026526 -0.26286555605956613 0.21266270208800886 -0.13143277802978248
-0.29389262614623507 0.39429833408934922 0.29389262614623562 0.81962373826536838
-0.29389262614623557 -0.42532540417601972 -0.76942088429381128 0.37512255020446256
0.95105651629515198 -0.21266270208801005 -0.18163563200133942 0.13143277802978248
0.29389262614623579 0.81962373826536872 0.29389262614623551 -0.39429833408934939
0.29389262614623662 0.26286555605956613 0.18163563200134003 0.90085366232359521
0 -0.63798810626402869 0.76942088429381283 0.031027070086669384
-0.29389262614623562 -0.81962373826536794 0.29389262614623507 0.39429833408935006
0.73839381420714101 0.39429833408934922 -0.34409548011779234 -0.42532540417601999
0.73839381420714101 0.34409548011779206 0.42532540417601961 -0.39429833408935006
-0.050202853971557271 0.081229924058227349 0.68819096023558546 0.71921803032225462
-0.63798810626402747 0.60696103617735886 -0.26286555605956641 0.39429833408935011
0.39429833408934972 -0.081229924058227349 -0.90085366232359454 0.16245984811645317
0.2126627020880095 0.50655532823424521 -0.42532540417601983 -0.71921803032225473
0.81962373826536905 0.34409548011779245 0.37512255020446272 0.26286555605956569
0.18163563200133959 0.90085366232359432 0.2938926261462359 -0.26286555605956702
-0.50655532823424454 0.050202853971556952 -0.81962373826536816 0.26286555605956702
0.60696103617735897 -0.2126627020880103 -0.5567581822058022 -0.52573111211913215
0.1314327780297827 -0.93188073241026403 0.21266270208800922 -0.26286555605956696
-0.55675818220580198 0.2126627020880103 0.52573111211913237 -0.60696103617735897
-0.55675818220580198 -0.081229924058226599 0.63798810626402891 0.52573111211913215
0.1314327780297827 -0.71921803032225429 -0.55675818220580187 -0.39429833408935
0.21266270208800969 0.081229924058227349 0.52573111211913237 -0.81962373826536838
-0.71921803032225551 0.60696103617735941 -0.21266270208800939 -0.26286555605956569
-0.55675818220580198 -0.39429833408935006 -0.13143277802978298 0.71921803032225473
-0.31306841003112329 -0.34409548011779245 -0.68819096023558546 -0.55675818220580287
0.55675818220580242 0.50655532823424576 -0.63798810626402946 0.16245984811645336
0.68819096023558501 0.42532540417601966 0.52573111211913237 -0.26286555605956596
-0.71921803032225551 0.39429833408934956 0.55675818220580242 -0.13143277802978248
-0.21266270208800986 0.63798810626402869 -0.63798810626402946 0.375122550204463
-0.55675818220580198 0.1314327780297827 -0.71921803032225506 0.3942983340893495
0.55675818220580242 0.81962373826536927 0.13143277802978304 -0.031027070086669384
-0.71921803032225551 -0.29389262614623618 0.55675818220580209 0.29389262614623629
-0.52573111211913326 -0.29389262614623657 0.21266270208800961 0.76942088429381272
0.42532540417601883 0.39429833408934839 -0.73839381420714134 0.34409548011779245
0.68819096023558479 -0.71921803032225484 0.050202853971557049 0.0812299240582256
-0.76942088429381084 -0.21266270208800897 0.29389262614623601 -0.52573111211913226
-0.18163563200134003 0.90085366232359476 -0.29389262614623557 -0.26286555605956535
-0.76942088429381073 -0.50655532823424521 0.18163563200133978 -0.34409548011779245
-0.29389262614623618 0.71921803032225484 -0.29389262614623557 -0.55675818220580164
-0.18163563200134003 0.60696103617735853 0.7694208842938115 -0.0812299240582256
-0.76942088429381084 -0.50655532823424498 -0.18163563200134003 -0.34409548011779251
0 0.60696103617735875 -0.29389262614623557 -0.73839381420714156
-0.18163563200134014 -0.34409548011779284 0.76942088429381106 0.50655532823424543
-0.95105651629515142 -0.081229924058226655 -0.29389262614623629 0.050202853971556327
0.37512255020446256 -0.26286555605956707 -0.81962373826536683 0.34409548011779273
-0.4253254041760185 -0.39429833408934833 0.73839381420714167 -0.34409548011779273
-0.6881909602355849 0.71921803032225484 -0.050202853971556521 -0.081229924058225211
-0.42532540417601844 -0.9008536623235941 0.081229924058226849 -0.03102707008667005
-0.50655532823424587 0.26286555605956641 -0.050202853971556521 -0.81962373826536761
-0.6881909602355849 0.37512255020446222 0.60696103617735853 0.13143277802978398
-0.6881909602355849 -0.081229924058225211 0.71921803032225418 0.050202853971555744
0.8196237382653675 0.26286555605956591 -0.50655532823424543 -0.050202853971555744
0.55675818220580209 -0.52573111211913304 0.60696103617735808 0.21266270208800864
0.8196237382653675 0.52573111211913282 0.081229924058225766 -0.21266270208800866
0.26286555605956685 -0.21266270208801019 0.60696103617735808 0.71921803032225462
0.55675818220580209 -0.68819096023558513 -0.34409548011779306 0.31306841003112151
0.8196237382653675 0.1314327780297837 0.55675818220580187 0.031027070086669994
-0.394298334089349 -0.26286555605956646 0.60696103617735808 0.6379881062640288
0.55675818220580209 0.03102707008667005 -0.81962373826536772 -0.13143277802978404
0.71921803032225529 -0.42532540417601816 0.50655532823424587 -0.21266270208800936
-0.50655532823424565 -0.60696103617735886 0.60696103617735808 0.081229924058226419
0.55675818220580209 0.63798810626402824 -0.16245984811645178 -0.50655532823424543
0 -0.63798810626402858 -0.76942088429381039 0.031027070086670605
0.0812299240582256 -0.42532540417601755 0.90085366232359454 -0.031027070086670605
-0.93188073241026381 0.26286555605956718 0.21266270208800875 0.13143277802978418
0.4253254041760185 0.90085366232359398 -0.08122992405822721 0.031027070086670605
0.50655532823424587 -0.26286555605956718 0.05020285397155641 0.81962373826536727
0.68819096023558435 -0.37512255020446239 -0.60696103617735897 -0.13143277802978423
0.4253254041760185 0.52573111211913248 0.68819096023558413 0.26286555605956624
-0.37512255020446139 -0.21266270208800997 0.050202853971556355 0.90085366232359454
0.68819096023558457 0.2628655560595663 -0.42532540417601861 -0.52573111211913304
0.63798810626402869 -0.050202853971555828 0.73839381420714212 0.2126627020880093
-0.081229924058227265 0.52573111211913293 0.63798810626402791 0.55675818220580053
0 0.31306841003112218 -0.76942088429381184 -0.55675818220580053
0.9510565162951512 0.21266270208800828 0.18163563200133992 -0.13143277802978393
0.55675818220580187 -0.50655532823424554 -0.63798810626402758 -0.16245984811645164
-0.39429833408934911 -0.081229924058226266 0.9008536623235941 0.16245984811645164
-0.81962373826536772 0.34409548011779328 -0.37512255020446184 0.26286555605956646
-0.39429833408934911 -0.71921803032225506 0.13143277802978359 0.55675818220580053
-0.63798810626402869 -0.21266270208800828 -0.37512255020446184 -0.63798810626402847
-0.81962373826536772 0.55675818220580209 0.031027070086670383 0.13143277802978404
0.21266270208800891 0.3130684100311224 -0.90085366232359487 0.21266270208801039
-0.39429833408934917 -0.29389262614623662 -0.8196237382653675 0.29389262614623507
0.42532540417601838 -0.29389262614623479 -0.37512255020446184 -0.76942088429381217
0.21266270208800891 0.95105651629515164 -0.13143277802978365 -0.18163563200133892
-0.81962373826536772 0.29389262614623529 0.39429833408934944 0.29389262614623701
-0.26286555605956691 0.2938926261462349 -0.90085366232359487 0.18163563200133989
0.63798810626402935 0 -0.03102707008667055 0.76942088429381172
0.90085366232359454 0.21266270208800991 -0.37512255020446195 0.050202853971556119
0.21266270208800894 0.52573111211913304 0.81962373826536816 0.081229924058226988
-0.42532540417601877 0.081229924058225988 -0.03102707008667055 0.90085366232359565
-0.81962373826536772 -0.08122992405822671 0.21266270208800855 0.52573111211913304
0.63798810626402935 0.26286555605956652 -0.39429833408934972 0.60696103617735853
0.21266270208800878 -0.37512255020446222 0.63798810626402869 0.63798810626402869
0.37512255020446239 -0.68819096023558568 0.13143277802978381 0.60696103617735964
-0.26286555605956513 -0.37512255020446278 0.3440954801177924 0.81962373826536761
-0.26286555605956513 -0.21266270208800989 -0.60696103617735875 0.71921803032225418
0.16245984811645295 -0.63798810626402847 -0.50655532823424454 -0.55675818220580231
0.13143277802978248 -0.55675818220580142 0.39429833408934978 -0.71921803032225418
-0.375122550204463 0.63798810626402847 0.6379881062640278 -0.21266270208800894
0.031027070086669606 -0.13143277802978265 0.81962373826536794 0.55675818220580231
0.29389262614623579 0.26286555605956508 -0.18163563200133881 0.90085366232359432
0.29389262614623579 0.55675818220580042 -0.29389262614623596 0.71921803032225518
0.2938926261462354 -0.81962373826536883 -0.29389262614623579 0.39429833408934789
0.29389262614623574 0.7383938142071409 0 0.60696103617735875
0.18163563200134047 -0.63798810626402913 -0.29389262614623579 0.68819096023558413
0.2938926261462354 -0.050202853971557132 -0.95105651629515131 -0.08122992405822721
0.29389262614623579 0.55675818220580187 0.29389262614623535 0.71921803032225418
-0.18163563200133898 -0.63798810626402847 -0.29389262614623579 0.68819096023558501
0.2938926261462354 0.71921803032225462 -0.29389262614623574 -0.5567581822058022
0.76942088429381172 0.21266270208801002 0.29389262614623618 0.52573111211913215
-0.18163563200133809 -0.90085366232359421 -0.29389262614623562 0.2628655560595663
0.50655532823424365 -0.05020285397155598 0.81962373826536838 -0.2628655560595663
-0.60696103617735886 0.21266270208801025 0.55675818220580087 0.52573111211913282
-0.13143277802978232 0.93188073241026337 -0.21266270208801041 0.2628655560595663
0.55675818220580287 -0.21266270208801025 -0.52573111211913159 0.60696103617735797
0.55675818220580153 0.081229924058225544 -0.63798810626402824 -0.52573111211913282
-0.42532540417601905 -0.52573111211913237 -0.68819096023558401 -0.26286555605956635
0.37512255020446139 0.21266270208801025 -0.05020285397155666 -0.90085366232359454
-0.68819096023558424 -0.26286555605956652 0.42532540417601905 0.52573111211913282
-0.63798810626402891 0.050202853971556022 -0.73839381420714179 -0.21266270208800925
0.2126627020880085 0.95105651629515098 -0.13143277802978259 0.18163563200133875
-0.68819096023558368 -0.71921803032225518 -0.050202853971556133 0.081229924058227349
-0.68819096023558368 -0.2938926261462359 -0.63798810626402924 -0.18163563200133875
0.42532540417601933 0.29389262614623446 -0.37512255020446172 -0.76942088429381184
0.50655532823424421 -0.76942088429381128 0.34409548011779345 0.18163563200133875
-0.71921803032225551 -0.29389262614623446 0.55675818220580153 -0.29389262614623579
-0.60696103617735808 -0.18163563200133898 0.081229924058227015 0.76942088429381184
-0.3942983340893495 -0.29389262614623624 -0.81962373826536883 -0.29389262614623479
0.21266270208800986 -0.9008536623235941 -0.31306841003112257 -0.21266270208800828
0.18163563200133881 0.13143277802978301 0.95105651629515098 0.21266270208800828
-0.76942088429381117 0.031027070086670716 0 0.63798810626402835
0.081229924058226988 0.81962373826536772 -0.52573111211913204 -0.21266270208800822
0.90085366232359421 -0.031027070086670716 -0.081229924058226155 0.42532540417601894
0.60696103617735808 -0.39429833408934922 -0.2628655560595668 -0.63798810626402835
0.081229924058226932 0.76942088429381128 0.60696103617735808 -0.18163563200133873
-0.050202853971556494 0.29389262614623446 -0.081229924058226266 0.95105651629515142
0.21266270208800978 -0.76942088429381195 0.52573111211913259 0.29389262614623479
0.60696103617735819 -0.18163563200133892 -0.081229924058226821 -0.76942088429381172
0.21266270208801025 0.29389262614623624 0.93188073241026426 0
-0.90085366232359521 -0.18163563200133925 0.26286555605956696 -0.29389262614623607
-0.93188073241026381 -0.081229924058227126 -0.081229924058226155 0.34409548011779278
0.21266270208800975 -0.71921803032225551 -0.60696103617735864 0.2628655560595653
0.050202853971556521 -0.50655532823424476 0.26286555605956696 -0.81962373826536905
0.60696103617735819 -0.26286555605956519 0.21266270208800969 -0.71921803032225518
-0.90085366232359521 -0.39429833408934972 0.081229924058226932 -0.16245984811645253
0.21266270208800994 0.21266270208800936 -0.90085366232359454 -0.3130684100311234
0.081229924058226377 0.55675818220580253 -0.52573111211913304 -0.63798810626402913
-0.42532540417601894 -0.34409548011779134 -0.39429833408934867 -0.73839381420714179
-0.42532540417601894 -0.081229924058225877 -0.03102707008666894 -0.90085366232359387
0.26286555605956552 0.93188073241026437 0.13143277802978282 -0.21266270208800869
-0.425325404176019 -0.29389262614623574 0.375122550204462 -0.76942088429381084
-0.21266270208800991 0.95105651629515098 0.13143277802978282 -0.1816356320013397
0.26286555605956552 0.29389262614623601 0.90085366232359443 0.18163563200134009
0.60696103617735864 0.60696103617735719 -0.081229924058226155 0.50655532823424576
0.60696103617735864 0.52573111211913115 0.21266270208800869 0.5567581822058022
-0.0812299240582261 -0.6881909602355859 0.050202853971556868 0.71921803032225362
0.60696103617735864 0.26286555605956602 0.21266270208800872 0.71921803032225418
-0.26286555605956524 -0.81962373826536838 0.050202853971556868 0.50655532823424487
-0.0812299240582261 -0.16245984811645353 -0.90085366232359454 0.39429833408934845
0.60696103617735853 0.18163563200133986 -0.081229924058226211 0.76942088429381061
-0.0812299240582261 -0.95105651629515098 0.050202853971556827 0.29389262614623596
-0.081229924058225988 0.76942088429381128 -0.60696103617735875 -0.18163563200134011
0.9318807324102647 0 -0.21266270208800886 0.29389262614623579
-0.60696103617735886 -0.21266270208800864 0.55675818220580109 -0.52573111211913237
-0.60696103617735886 -0.71921803032225373 0.26286555605956619 -0.21266270208801011
-0.50655532823424498 0.55675818220580298 -0.16245984811645298 -0.63798810626402758
-0.60696103617735886 -0.6379881062640278 -0.39429833408934828 -0.26286555605956646
0.081229924058225794 0.39429833408935011 -0.16245984811645298 -0.90085366232359398
-0.50655532823424509 0.21266270208801027 0.71921803032225484 -0.42532540417601816
-0.60696103617735886 -0.081229924058226502 -0.50655532823424465 -0.60696103617735808
-0.81962373826536872 0.37512255020446184 -0.26286555605956641 -0.34409548011779201
0.26286555605956619 0.95105651629515109 -0.16245984811645295 0
-0.34409548011779267 0.18163563200134009 0.50655532823424521 0.76942088429381184
-0.55675818220580187 -0.29389262614623624 -0.71921803032225551 0.29389262614623635
-0.50655532823424509 -0.76942088429381128 -0.34409548011779267 0.18163563200134014
-0.081229924058225822 0.76942088429381195 -0.60696103617735941 0.18163563200133981
0.26286555605956485 0.21266270208800955 0.60696103617735897 -0.71921803032225418
-0.16245984811645342 0.63798810626402858 0.50655532823424432 0.5567581822058022
-0.13143277802978204 0.21266270208800789 0.26286555605956607 0.93188073241026415
-0.13143277802978204 0.18163563200133864 -0.21266270208801016 0.95105651629515076
-0.031027070086669217 -0.76942088429381206 -0.63798810626402747 0
-0.13143277802978198 0.55675818220580175 -0.39429833408934983 0.71921803032225418
0.37512255020446322 -0.63798810626402858 -0.63798810626402747 0.21266270208800933
-0.031027070086669217 0.1314327780297822 -0.81962373826536816 -0.5567581822058022
-0.29389262614623635 -0.55675818220580164 -0.29389262614623551 -0.71921803032225406
0.18163563200133914 0.63798810626402858 0.29389262614623513 -0.68819096023558501
-0.29389262614623562 -0.7192180303222544 0.29389262614623618 0.55675818220580209
-0.76942088429381217 -0.21266270208800969 -0.29389262614623624 -0.52573111211913182
0.34409548011779256 0.18163563200133981 -0.50655532823424532 -0.76942088429381184
-0.050202853971556827 0.29389262614623635 -0.081229924058226696 -0.95105651629515231
-0.08122992405822696 0.050202853971557271 -0.71921803032225384 -0.68819096023558524
-0.08122992405822696 0.394298334089349 0.16245984811645342 -0.90085366232359387
0.34409548011779173 0.81962373826536838 0.26286555605956585 0.37512255020446245
-0.081229924058225461 -0.081229924058226932 0.34409548011779145 0.93188073241026403
-0.60696103617735808 -0.60696103617735975 -0.50655532823424476 0.081229924058225822
-0.08122992405822542 -0.031027070086669162 -0.42532540417601927 0.90085366232359387
0.050202853971557659 -0.81962373826536838 -0.50655532823424476 -0.2628655560595658
-0.60696103617735808 0.13143277802978237 -0.68819096023558557 -0.37512255020446233
-0.050202853971557784 -0.71921803032225351 -0.081229924058226932 -0.68819096023558557
-0.050202853971557784 -0.50655532823424387 -0.26286555605956569 -0.81962373826536838
0.21266270208800947 0.60696103617735997 0.52573111211913148 -0.5567581822058012
-0.050202853971557798 -0.29389262614623535 -0.081229924058225489 -0.95105651629515076
0.21266270208800864 0.76942088429381217 0.52573111211913148 -0.2938926261462354
0.21266270208800947 -0.29389262614623474 0.93188073241026448 0
-0.050202853971557687 -0.37512255020446228 0.21266270208800958 -0.90085366232359387
-0.081229924058226932 0.81962373826536838 0.52573111211913148 -0.2126627020880098
-0.90085366232359454 -0.031027070086669328 0.0812299240582256 0.42532540417601972
0.21266270208800941 -0.90085366232359432 0.050202853971557521 0.37512255020446233
-0.60696103617735964 -0.39429833408934933 0.2628655560595658 -0.63798810626402802
-0.21266270208800886 0.13143277802978248 -0.93188073241026526 -0.26286555605956613
-0.29389262614623562 -0.81962373826536838 -0.29389262614623507 0.39429833408934922
0.76942088429381128 -0.37512255020446256 -0.29389262614623557 -0.42532540417601972
0.18163563200133942 -0.13143277802978248 0.95105651629515198 -0.21266270208801005
0.2938926261462354 0.42532540417601927 0.76942088429381128 -0.37512255020446239
-0.18163563200134003 -0.90085366232359521 0.29389262614623662 0.26286555605956613
-0.29389262614623479 -0.42532540417601888 0.76942088429381073 0.37512255020446295
-0.29389262614623479 -0.71921803032225406 -0.29389262614623657 0.55675818220580209
-0.29389262614623507 -0.39429833408935006 -0.29389262614623562 -0.81962373826536794
0.50655532823424365 -0.081229924058225877 -0.60696103617735864 -0.60696103617735919
0.50655532823424365 0.26286555605956652 0.050202853971557104 -0.81962373826536827
0.34409548011779234 0.42532540417601999 0.73839381420714101 0.39429833408934922
0.50655532823424365 -0.16245984811645309 0.63798810626402858 -0.55675818220580209
-0.42532540417601961 0.39429833408935006 0.73839381420714101 0.34409548011779206
0.34409548011779223 -0.26286555605956541 0.37512255020446311 0.81962373826536794
-0.13143277802978187 0.81962373826536761 -0.031027070086669772 0.55675818220580209
0.26286555605956641 -0.39429833408935011 -0.63798810626402747 0.60696103617735886
0.90085366232359454 -0.16245984811645317 0.39429833408934972 -0.081229924058227349
-0.031027070086669883 0.5567581822058022 0.13143277802978226 -0.81962373826536794
0.42532540417601983 0.71921803032225473 0.2126627020880095 0.50655532823424521
-0.37512255020446272 -0.26286555605956569 0.81962373826536905 0.34409548011779245
0.29389262614623468 0.81962373826536761 -0.29389262614623596 -0.39429833408934967
0.29389262614623468 0.5257311121191317 0.76942088429381139 -0.21266270208801005
-0.2938926261462359 0.26286555605956702 0.18163563200133959 0.90085366232359432
-0.26286555605956491 0.60696103617735842 -0.7192180303222544 0.21266270208801005
0.81962373826536816 -0.26286555605956702 -0.50655532823424454 0.050202853971556952
0.16245984811645262 -0.08122992405822671 -0.39429833408934978 -0.90085366232359432
-0.31306841003112323 -0.90085366232359365 -0.21266270208800947 -0.21266270208801
-0.21266270208800922 0.26286555605956696 0.1314327780297827 -0.93188073241026403
-0.2126627020880093 -0.21266270208801014 0.31306841003112318 0.90085366232359432
-0.63798810626402891 -0.52573111211913215 -0.55675818220580198 -0.081229924058226599
0.55675818220580187 0.39429833408935 0.1314327780297827 -0.71921803032225429
-0.52573111211913237 0.81962373826536838 0.21266270208800969 0.081229924058227349
0.21266270208800939 0.26286555605956569 -0.71921803032225551 0.60696103617735941
-0.21266270208800936 -0.081229924058227182 -0.52573111211913226 0.81962373826536794
0.68819096023558546 0.55675818220580287 -0.31306841003112329 -0.34409548011779245
-0.52573111211913237 0.26286555605956596 0.68819096023558501 0.42532540417601966
-0.13143277802978304 0.031027070086669384 0.55675818220580242 0.81962373826536927
0.63798810626402769 0.55675818220580109 -0.50655532823424498 -0.16245984811645245
0.73839381420714134 -0.34409548011779245 0.42532540417601883 0.39429833408934839
0.37512255020446167 -0.81962373826536772 -0.34409548011779206 -0.26286555605956669
-0.95105651629515009 -0.081229924058226488 0.29389262614623579 0.050202853971556619
-0.29389262614623601 0.52573111211913226 -0.76942088429381084 -0.21266270208800897
0 0.93188073241026392 0.29389262614623596 -0.21266270208800825
-0.95105651629515009 -0.26286555605956652 0 0.16245984811645248
-0.18163563200133978 0.34409548011779245 -0.76942088429381073 -0.50655532823424521
0 0.16245984811645242 0.95105651629515053 0.26286555605956657
-0.7694208842938115 0.0812299240582256 -0.18163563200134003 0.60696103617735853
0.18163563200134003 0.34409548011779251 -0.76942088429381084 -0.50655532823424498
0 -0.60696103617735864 0.29389262614623513 0.73839381420714145
-0.55675818220580242 0.50655532823424532 0.63798810626402636 0.16245984811645212
0.39429833408934933 0.081229924058225211 -0.90085366232359354 -0.16245984811645212
0.81962373826536683 -0.34409548011779273 0.37512255020446256 -0.26286555605956707
-0.63798810626402758 -0.55675818220580131 0.50655532823424543 0.16245984811645217
-0.73839381420714167 0.34409548011779273 -0.4253254041760185 -0.39429833408934833
-0.37512255020446145 0.81962373826536761 0.34409548011779234 0.26286555605956707
-0.63798810626402747 -0.63798810626402824 -0.37512255020446156 0.21266270208800905
-0.081229924058226849 0.03102707008667005 -0.42532540417601844 -0.9008536623235941
-0.3751225502044615 0.21266270208800905 0.63798810626402769 0.63798810626402869
-0.60696103617735853 -0.13143277802978398 -0.6881909602355849 0.37512255020446222
-0.55675818220580164 -0.21266270208800847 0.52573111211913248 0.60696103617735742
-0.71921803032225418 -0.050202853971555744 -0.6881909602355849 -0.081229924058225211
0.71921803032225395 0.2126627020880098 -0.26286555605956652 -0.6069610361773573
0.50655532823424543 0.050202853971555744 0.8196237382653675 0.26286555605956591
0.39429833408934861 -0.90085366232359432 0.16245984811645195 0.081229924058225156
0.71921803032225395 0.1314327780297842 0.39429833408934856 -0.55675818220580109
-0.081229924058225766 0.21266270208800866 0.8196237382653675 0.52573111211913282
0.39429833408934861 -0.5567581822058012 -0.7192180303222544 -0.13143277802978426
0.34409548011779306 -0.31306841003112151 0.55675818220580209 -0.68819096023558513
-0.55675818220580187 -0.031027070086669994 0.8196237382653675 0.1314327780297837
0.39429833408934872 0.26286555605956646 -0.60696103617735764 -0.63798810626402869
-0.21266270208801086 0.90085366232359343 0.31306841003112168 0.21266270208800875
-0.18163563200133809 -0.13143277802978404 -0.95105651629515031 -0.21266270208800875
0.76942088429381039 -0.031027070086670605 0 -0.63798810626402858
-0.081229924058226821 -0.81962373826536661 0.52573111211913282 0.21266270208800875
-0.90085366232359454 0.031027070086670605 0.0812299240582256 -0.42532540417601755
-0.6069610361773573 0.39429833408934972 0.26286555605956569 0.63798810626402869
0.6379881062640278 0.63798810626402824 0.37512255020446106 -0.21266270208800872
0.08122992405822721 -0.031027070086670605 0.4253254041760185 0.90085366232359398
0.37512255020446089 -0.21266270208800878 -0.63798810626402802 -0.6379881062640288
0.60696103617735897 0.13143277802978423 0.68819096023558435 -0.37512255020446239
0.37512255020446084 0.76942088429381172 0.42532540417601733 0.29389262614623535
0.37512255020446084 0.13143277802978381 0.60696103617735919 0.68819096023558379
-0.63798810626402791 -0.55675818220580053 -0.081229924058227265 0.52573111211913293
-0.18163563200133914 0.63798810626402791 -0.29389262614623685 -0.68819096023558379
0.76942088429381184 0.55675818220580053 0 0.31306841003112218
0.76942088429380995 -0.21266270208801025 0.29389262614623546 -0.52573111211913293
-0.18163563200133992 0.13143277802978393 0.9510565162951512 0.21266270208800828
0.21266270208800978 -0.2628655560595663 -0.7192180303222544 -0.60696103617735719
0.63798810626402758 0.16245984811645164 0.55675818220580187 -0.50655532823424554
-0.26286555605956635 -0.39429833408934906 0.63798810626402813 0.60696103617735719
-0.9008536623235941 -0.16245984811645164 -0.39429833408934911 -0.081229924058226266
-0.42532540417601794 0.71921803032225462 -0.21266270208800864 0.50655532823424554
-0.26286555605956635 -0.52573111211913259 -0.42532540417601805 0.68819096023558379
-0.13143277802978359 -0.55675818220580053 -0.39429833408934911 -0.71921803032225506
0.37512255020446184 0.63798810626402847 -0.63798810626402869 -0.21266270208800828
-0.42532540417601788 0.68819096023558401 0.26286555605956652 0.52573111211913293
-0.031027070086670383 -0.13143277802978404 -0.81962373826536772 0.55675818220580209
0.90085366232359487 -0.21266270208801039 0.21266270208800891 0.3130684100311224
0.8196237382653675 -0.29389262614623507 -0.39429833408934917 -0.29389262614623662
0.37512255020446184 0.76942088429381217 0.42532540417601838 -0.29389262614623479
0.13143277802978365 0.18163563200133892 0.21266270208800891 0.95105651629515164
-0.42532540417601794 0.29389262614623474 0.37512255020446161 0.76942088429381195
0.90085366232359487 -0.18163563200133989 -0.26286555605956691 0.2938926261462349
0.37512255020446195 -0.050202853971556119 0.90085366232359454 0.21266270208800991
0.39429833408934972 -0.60696103617735853 0.63798810626402935 0.26286555605956652
0.081229924058227015 -0.05020285397155741 0.71921803032225429 0.68819096023558401
0.081229924058227015 -0.39429833408935 -0.16245984811645281 0.90085366232359321
-0.3440954801177924 -0.81962373826536761 -0.26286555605956513 -0.37512255020446278
0.081229924058227015 0.21266270208800883 -0.81962373826536772 0.52573111211913137
0.60696103617735875 -0.71921803032225418 -0.26286555605956513 -0.21266270208800989
-0.34409548011779245 -0.31306841003112307 -0.55675818220580142 -0.68819096023558479
-0.42532540417601883 -0.68819096023558446 0.26286555605956635 -0.52573111211913137
-0.39429833408934978 0.71921803032225418 0.13143277802978248 -0.55675818220580142
0.26286555605956652 -0.5257311121191317 0.42532540417601866 0.68819096023558479
-0.81962373826536794 -0.55675818220580231 0.031027070086669606 -0.13143277802978265
0.76942088429381073 0.21266270208800814 -0.29389262614623501 0.52573111211913226
0.18163563200133881 -0.90085366232359432 0.29389262614623579 0.26286555605956508
0.76942088429381084 0.50655532823424387 -0.18163563200134036 0.34409548011779267
0.29389262614623596 -0.71921803032225518 0.29389262614623579 0.55675818220580042
0.18163563200133881 -0.60696103617735875 -0.76942088429381106 0.081229924058225517
0.76942088429381073 0.50655532823424487 0.18163563200133881 0.34409548011779223
0.95105651629515131 0.08122992405822721 0.2938926261462354 -0.050202853971557132
-0.2938926261462339 -0.52573111211913237 -0.76942088429381106 0.21266270208800886
0.29389262614623562 -0.2628655560595663 -0.18163563200133809 -0.90085366232359421
0.26286555605956463 -0.60696103617735742 0.71921803032225484 -0.21266270208800891
-0.81962373826536838 0.2628655560595663 0.50655532823424365 -0.05020285397155598
-0.16245984811645223 0.081229924058227265 0.39429833408934845 0.90085366232359421
0.31306841003112296 0.90085366232359365 0.21266270208800836 0.21266270208800886
0.21266270208801041 -0.2628655560595663 -0.13143277802978232 0.93188073241026337
0.21266270208800833 0.21266270208800908 -0.31306841003112296 -0.9008536623235941
0.63798810626402824 0.52573111211913282 0.55675818220580153 0.081229924058225544
0.5567581822058002 0.63798810626402847 -0.52573111211913226 0.081229924058225794
0.5567581822058002 0.76942088429381106 0.31306841003112362 0
0.13143277802978259 -0.18163563200133875 0.2126627020880085 0.95105651629515098
-0.73839381420713968 -0.34409548011779356 -0.42532540417601883 0.39429833408934944
0.050202853971556133 -0.081229924058227349 -0.68819096023558368 -0.71921803032225518
-0.73839381420713979 0.29389262614623568 -0.60696103617735964 0
0.63798810626402924 0.18163563200133875 -0.68819096023558368 -0.2938926261462359
0.050202853971556133 0.2938926261462344 0.081229924058226058 -0.95105651629515098
0.26286555605956496 -0.95105651629515064 -0.1624598481164517 0
-0.34409548011779345 -0.18163563200133875 0.50655532823424421 -0.76942088429381128
-0.55675818220580153 0.29389262614623579 -0.71921803032225551 -0.29389262614623446
-0.16245984811645151 0 -0.26286555605956508 0.95105651629515098
-0.081229924058227015 -0.76942088429381184 -0.60696103617735808 -0.18163563200133898
0.81962373826536883 0.29389262614623479 -0.3942983340893495 -0.29389262614623624
-0.21266270208800817 -0.95105651629515031 0.13143277802978365 -0.18163563200133914
-0.21266270208800817 -0.6379881062640278 -0.63798810626402824 -0.37512255020446117
0.31306841003112257 0.21266270208800828 0.21266270208800986 -0.9008536623235941
0.2938926261462344 -0.4253254041760185 0.76942088429381128 0.37512255020446117
-0.95105651629515098 -0.21266270208800828 0.18163563200133881 0.13143277802978301
-0.29389262614623496 0.26286555605956674 -0.18163563200133909 0.9008536623235941
0.21266270208801002 0.90085366232359376 0.050202853971556438 -0.37512255020446111
0.52573111211913204 0.21266270208800822 0.081229924058226988 0.81962373826536772
0.050202853971556188 -0.37512255020446122 -0.21266270208801008 -0.9008536623235941
0.2628655560595668 0.63798810626402835 0.60696103617735808 -0.39429833408934922
-0.60696103617735808 0.18163563200133873 0.081229924058226932 0.76942088429381128
0.081229924058226266 -0.95105651629515142 -0.050202853971556494 0.29389262614623446
-0.52573111211913259 -0.29389262614623479 0.21266270208800978 -0.76942088429381195
0.05020285397155623 -0.29389262614623446 0.081229924058226155 -0.95105651629515098
-0.93188073241026426 0 0.21266270208801025 0.29389262614623624
0.081229924058226155 -0.34409548011779278 -0.93188073241026381 -0.081229924058227126
-0.081229924058226932 0.16245984811645253 -0.90085366232359521 -0.39429833408934972
-0.8196237382653675 0.050202853971557299 -0.26286555605956513 -0.50655532823424465
0.39429833408934867 0.73839381420714179 -0.42532540417601894 -0.34409548011779134
-0.8196237382653675 0.081229924058226266 0.21266270208800972 -0.52573111211913126
0.03102707008666894 0.90085366232359387 -0.42532540417601894 -0.081229924058225877
0.39429833408934867 0.60696103617735897 0.6379881062640278 -0.26286555605956519
-0.81962373826536761 -0.29389262614623568 0.39429833408934845 -0.29389262614623518
-0.375122550204462 0.76942088429381084 -0.425325404176019 -0.29389262614623574
0.39429833408934861 -0.29389262614623546 0.81962373826536772 0.29389262614623596
-0.90085366232359443 -0.18163563200134009 0.26286555605956552 0.29389262614623601
-0.55675818220580264 -0.6379881062640268 0.52573111211913137 -0.081229924058226696
0.93188073241026348 0.34409548011779134 0.081229924058225933 0.081229924058226696
0.081229924058226155 -0.50655532823424576 0.60696103617735864 0.60696103617735719
0.93188073241026337 0.1314327780297827 0.26286555605956502 0.21266270208800916
-0.21266270208800869 -0.5567581822058022 0.60696103617735864 0.52573111211913115
0.0812299240582261 -0.55675818220580264 -0.52573111211913193 0.63798810626402702
0.93188073241026359 -0.081229924058225961 0.081229924058226044 0.34409548011779145
-0.21266270208800872 -0.71921803032225418 0.60696103617735864 0.26286555605956602
0.0812299240582261 0.34409548011779184 -0.93188073241026381 0.081229924058225739
0.90085366232359454 -0.39429833408934845 -0.0812299240582261 -0.16245984811645353
0.081229924058226211 -0.76942088429381061 0.60696103617735853 0.18163563200133986
0.081229924058226211 0.95105651629515053 -0.050202853971556549 -0.29389262614623596
0.68819096023558524 0.081229924058225933 -0.71921803032225329 -0.050202853971556355
-0.81962373826536772 -0.26286555605956519 0.50655532823424454 0.050202853971556355
-0.55675818220580109 0.52573111211913237 -0.60696103617735886 -0.21266270208800864
-0.81962373826536772 -0.52573111211913137 -0.08122992405822585 0.21266270208800897
-0.26286555605956619 0.21266270208801011 -0.60696103617735886 -0.71921803032225373
-0.5567581822058012 0.68819096023558535 0.3440954801177924 -0.31306841003112207
-0.81962373826536772 -0.13143277802978309 -0.55675818220580087 -0.031027070086669328
-0.71921803032225484 0.42532540417601816 -0.50655532823424509 0.21266270208801027
0.16245984811645295 0 0.26286555605956619 0.95105651629515109
0.60696103617735941 -0.18163563200133981 -0.081229924058225822 0.76942088429381195
-0.081229924058227376 -0.21266270208800905 0.81962373826536783 -0.52573111211913104
-0.60696103617735897 0.71921803032225418 0.26286555605956485 0.21266270208800955
0.34409548011779201 0.31306841003112329 0.55675818220580131 0.6881909602355849
0.42532540417601927 0.34409548011779079 0.39429833408934956 0.73839381420714101
0.42532540417601927 0.081229924058224545 0.031027070086669106 0.90085366232359343
-0.26286555605956607 -0.93188073241026415 -0.13143277802978204 0.21266270208800789
0.42532540417601927 0.29389262614623479 -0.37512255020446272 0.76942088429381017
0.21266270208801016 -0.95105651629515076 -0.13143277802978204 0.18163563200133864
-0.26286555605956613 -0.29389262614623668 -0.90085366232359343 -0.18163563200134031
0.42532540417601927 0.68819096023558457 -0.26286555605956602 0.52573111211913093
0.39429833408934983 -0.71921803032225418 -0.13143277802978198 0.55675818220580175
-0.26286555605956607 0.52573111211913126 -0.42532540417601916 -0.6881909602355849
0.81962373826536816 0.5567581822058022 -0.031027070086669217 0.1314327780297822
-0.39429833408934961 0.42532540417601894 -0.34409548011779134 -0.73839381420714079
0.71921803032225384 0.68819096023558524 -0.08122992405822696 0.050202853971557271
-0.39429833408934961 0.26286555605956563 0.6069610361773583 -0.63798810626402702
-0.16245984811645342 0.90085366232359387 -0.08122992405822696 0.394298334089349
0.71921803032225373 0.42532540417601933 0.50655532823424521 0.21266270208800975
0.37512255020446278 -0.21266270208800969 -0.050202853971557576 0.9008536623235931
-0.34409548011779145 -0.93188073241026403 -0.081229924058225461 -0.081229924058226932
-0.63798810626402791 -0.050202853971557965 -0.73839381420714134 0.21266270208800903
0.37512255020446289 0.21266270208800966 -0.63798810626402758 0.63798810626402702
0.42532540417601927 -0.90085366232359387 -0.08122992405822542 -0.031027070086669162
-0.63798810626402791 0.63798810626402758 -0.37512255020446278 -0.21266270208800958
0.68819096023558557 0.37512255020446233 -0.60696103617735808 0.13143277802978237
-0.60696103617735908 -0.60696103617735742 0.081229924058225489 -0.50655532823424476
-0.60696103617735908 -0.52573111211913037 -0.21266270208800947 -0.55675818220580164
0.081229924058226932 0.68819096023558557 -0.050202853971557784 -0.71921803032225351
-0.60696103617735908 -0.2628655560595648 -0.21266270208800853 -0.71921803032225384
0.26286555605956569 0.81962373826536838 -0.050202853971557784 -0.50655532823424387
0.081229924058226932 0.16245984811645403 0.90085366232359376 -0.39429833408934895
-0.60696103617735908 -0.18163563200133936 0.081229924058226821 -0.76942088429380984
-0.93188073241026448 0 0.21266270208800947 -0.29389262614623474
-0.21266270208800958 0.90085366232359387 -0.050202853971557687 -0.37512255020446228
-0.52573111211913148 0.2126627020880098 -0.081229924058226932 0.81962373826536838
-0.0812299240582256 -0.42532540417601972 -0.90085366232359454 -0.031027070086669328
0.081229924058226821 -0.81962373826536772 -0.52573111211913126 0.21266270208800966
-0.2628655560595658 0.63798810626402802 -0.60696103617735964 -0.39429833408934933
0.29389262614623507 -0.39429833408934922 -0.29389262614623562 -0.81962373826536838
-0.29389262614623662 -0.26286555605956613 -0.18163563200134003 -0.90085366232359521
-0.1816356320013382 -0.63798810626402824 0.2938926261462349 0.68819096023558446
-0.76942088429381073 -0.37512255020446295 -0.29389262614623479 -0.42532540417601888
-0.1816356320013382 -0.34409548011779162 -0.76942088429381128 0.50655532823424454
0.29389262614623657 -0.55675818220580209 -0.29389262614623479 -0.71921803032225406
-0.76942088429381073 -0.081229924058227321 -0.18163563200134025 -0.60696103617735842
0.081229924058224753 -0.52573111211913115 -0.63798810626402824 -0.55675818220580164
0.081229924058224753 0.081229924058227543 -0.34409548011779206 -0.93188073241026337
0.60696103617735864 0.60696103617735919 0.50655532823424365 -0.081229924058225877
0.081229924058224795 0.031027070086670272 0.42532540417601927 -0.90085366232359332
-0.050202853971557104 0.81962373826536827 0.50655532823424365 0.26286555605956652
0.60696103617735853 -0.13143277802978182 0.68819096023558479 0.37512255020446161
0.081229924058224767 -0.6069610361773583 0.6069610361773583 -0.50655532823424454
-0.63798810626402858 0.55675818220580209 0.50655532823424365 -0.16245984811645309
0.60696103617735853 -0.50655532823424476 -0.081229924058225045 0.60696103617735842
-0.37512255020446311 -0.81962373826536794 0.34409548011779223 -0.26286555605956541
0.031027070086669772 -0.55675818220580209 -0.13143277802978187 0.81962373826536761
0.63798810626402747 -0.60696103617735886 0.26286555605956641 -0.39429833408935011
-0.39429833408934972 0.081229924058227349 0.90085366232359454 -0.16245984811645317
-0.26286555605956646 0.39429833408934967 0.63798810626402735 -0.60696103617735842
-0.2126627020880095 -0.50655532823424521 0.42532540417601983 0.71921803032225473
0.29389262614623413 0.42532540417601866 -0.76942088429381106 -0.37512255020446195
0.29389262614623413 0.71921803032225451 0.29389262614623562 -0.55675818220580142
0.29389262614623596 0.39429833408934967 0.29389262614623468 0.81962373826536761
0.29389262614623413 -0.050202853971556868 0.95105651629515076 -0.081229924058226544
-0.76942088429381139 0.21266270208801005 0.29389262614623468 0.5257311121191317
0.29389262614623596 0.21266270208801002 0 0.93188073241026337
0.081229924058227543 0.93188073241026315 -0.34409548011779223 0.081229924058226544
0.7192180303222544 -0.21266270208801005 -0.26286555605956491 0.60696103617735842
-0.34409548011779267 0.081229924058226599 -0.081229924058227265 -0.93188073241026348
0.39429833408934978 0.90085366232359432 0.16245984811645262 -0.08122992405822671
-0.1314327780297827 0.71921803032225429 0.55675818220580187 0.39429833408935
0.31306841003112329 0.34409548011779245 0.68819096023558546 0.55675818220580287
0.60696103617735764 0.50655532823424465 -0.081229924058226488 -0.60696103617735775
0.50655532823424498 0.16245984811645245 0.63798810626402769 0.55675818220580109
-0.081229924058226766 -0.60696103617735786 -0.60696103617735786 -0.50655532823424509
0.34409548011779206 0.26286555605956669 0.37512255020446167 -0.81962373826536772
-0.76942088429381017 0.0812299240582256 0.18163563200133959 0.60696103617735786
-0.29389262614623579 -0.050202853971556619 -0.95105651629515009 -0.081229924058226488
0.18163563200133978 0.60696103617735808 0.76942088429381084 -0.081229924058225433
-0.29389262614623596 0.21266270208800825 0 0.93188073241026392
0 -0.16245984811645248 -0.95105651629515009 -0.26286555605956652
0.18163563200133981 -0.34409548011779251 0.76942088429381028 0.50655532823424498
-0.21266270208801008 0.26286555605956691 0.71921803032225329 0.60696103617735764
-0.63798810626402636 -0.16245984811645212 -0.55675818220580242 0.50655532823424532
0.26286555605956607 0.39429833408934789 -0.63798810626402802 -0.60696103617735742
0.90085366232359354 0.16245984811645212 0.39429833408934933 0.081229924058225211
0.42532540417601716 -0.71921803032225418 0.21266270208800966 -0.50655532823424532
-0.60696103617735764 -0.50655532823424498 0.08122992405822678 0.60696103617735764
-0.50655532823424543 -0.16245984811645217 -0.63798810626402758 -0.55675818220580131
0.081229924058227099 0.60696103617735764 0.60696103617735797 0.50655532823424532
-0.34409548011779234 -0.26286555605956707 -0.37512255020446145 0.81962373826536761
-0.21266270208800919 -0.2628655560595658 0.13143277802978415 0.9318807324102627
-0.52573111211913248 -0.60696103617735742 -0.55675818220580164 -0.21266270208800847
-0.63798810626402669 0.52573111211913248 -0.55675818220580164 0.081229924058227487
0.34409548011779229 0.081229924058227376 0.081229924058225711 -0.93188073241026248
0.26286555605956652 0.6069610361773573 0.71921803032225395 0.2126627020880098
0.081229924058225572 -0.93188073241026292 -0.34409548011779273 -0.081229924058227543
-0.16245984811645195 -0.081229924058225156 0.39429833408934861 -0.90085366232359432
-0.39429833408934856 0.55675818220580109 0.71921803032225395 0.1314327780297842
0.081229924058225655 -0.21266270208800836 -0.81962373826536705 -0.52573111211913248
0.2126627020880073 0.63798810626402802 0.63798810626402713 0.37512255020446184
-0.31306841003112168 -0.21266270208800875 -0.21266270208801086 0.90085366232359343
-0.29389262614623424 0.42532540417601716 -0.76942088429381106 -0.37512255020446178
0.95105651629515031 0.21266270208800875 -0.18163563200133809 -0.13143277802978404
0.29389262614623418 -0.26286555605956696 0.18163563200134025 -0.90085366232359343
-0.21266270208800936 -0.9008536623235931 -0.050202853971555411 0.37512255020446178
-0.52573111211913282 -0.21266270208800875 -0.081229924058226821 -0.81962373826536661
-0.050202853971555189 0.37512255020446195 0.21266270208800947 0.90085366232359354
-0.26286555605956569 -0.63798810626402869 -0.6069610361773573 0.39429833408934972
0.68819096023558335 0.29389262614623718 0.63798810626402735 0.18163563200133923
-0.42532540417601733 -0.29389262614623535 0.37512255020446084 0.76942088429381172
0.68819096023558335 -0.31306841003112201 0.34409548011779367 0.5567581822058012
-0.60696103617735919 -0.68819096023558379 0.37512255020446084 0.13143277802978381
-0.42532540417601727 -0.21266270208800811 -0.50655532823424521 0.71921803032225462
-0.2938926261462349 0.71921803032225418 0.29389262614623418 -0.5567581822058012
0.29389262614623685 0.68819096023558379 -0.18163563200133914 0.63798810626402791
0 -0.31306841003112218 0.76942088429381184 0.55675818220580053
0.29389262614623374 -0.55675818220580164 0.29389262614623507 -0.71921803032225462
-0.29389262614623546 0.52573111211913293 0.76942088429380995 -0.21266270208801025
-0.9510565162951512 -0.21266270208800828 -0.18163563200133992 0.13143277802978393
-0.21266270208800842 0.081229924058226183 -0.52573111211913248 -0.81962373826536639
0.7192180303222544 0.60696103617735719 0.21266270208800978 -0.2628655560595663
0.31306841003112146 -0.34409548011779295 0.68819096023558401 -0.55675818220580187
-0.031027070086670383 -0.55675818220580175 0.1314327780297834 0.8196237382653665
-0.63798810626402813 -0.60696103617735719 -0.26286555605956635 -0.39429833408934906
0.13143277802978381 0.81962373826536683 0.031027070086670494 0.55675818220580187
0.21266270208800864 -0.50655532823424554 -0.42532540417601794 0.71921803032225462
0.42532540417601805 -0.68819096023558379 -0.26286555605956635 -0.52573111211913259
0.39429833408934911 0.71921803032225506 -0.13143277802978359 -0.55675818220580053
0.63798810626402869 0.21266270208800828 0.37512255020446184 0.63798810626402847
0.13143277802978381 0.5567581822058002 0.39429833408934883 0.71921803032225462
0.81962373826536772 -0.55675818220580209 -0.031027070086670383 -0.13143277802978404
0.39429833408934917 0.29389262614623662 0.8196237382653675 -0.29389262614623507
0.26286555605956691 -0.2938926261462349 0.90085366232359487 -0.18163563200133989
0.394298334089349 -0.42532540417601938 0.34409548011779212 0.73839381420713979
-0.71921803032225429 -0.68819096023558401 0.081229924058227015 -0.05020285397155741
0.39429833408934889 -0.26286555605956674 -0.60696103617735819 0.63798810626402669
0.16245984811645281 -0.90085366232359321 0.081229924058227015 -0.39429833408935
-0.71921803032225429 -0.42532540417601888 -0.5065553282342441 -0.21266270208800939
0.39429833408934889 0.55675818220580109 -0.71921803032225384 0.13143277802978226
0.81962373826536772 -0.52573111211913137 0.081229924058227015 0.21266270208800883
-0.71921803032225429 0.13143277802978259 -0.394298334089349 -0.55675818220580109
0.55675818220580142 0.68819096023558479 -0.34409548011779245 -0.31306841003112307
0.95105651629514998 0.081229924058225433 -0.29389262614623562 -0.050202853971556327
0.29389262614623501 -0.52573111211913226 0.76942088429381073 0.21266270208800814
0 -0.93188073241026359 -0.29389262614623546 0.21266270208800875
0.95105651629514987 0.26286555605956563 0 -0.16245984811645256
0.76942088429381106 -0.081229924058225517 0.18163563200133881 -0.60696103617735875
-0.29389262614623418 0.050202853971556008 -0.95105651629515031 0.081229924058225322
0.76942088429381106 -0.21266270208800886 -0.2938926261462339 -0.52573111211913237
-0.2938926261462359 -0.21266270208801008 0 -0.93188073241026292
-0.081229924058226793 -0.93188073241026248 0.34409548011779267 -0.081229924058225378
-0.71921803032225484 0.21266270208800891 0.26286555605956463 -0.60696103617735742
0.34409548011779323 -0.081229924058225544 0.081229924058226544 0.93188073241026292
-0.39429833408934845 -0.90085366232359421 -0.16245984811645223 0.081229924058227265
0.68819096023558279 0.60696103617735919 -0.13143277802978248 -0.3751225502044615
0.52573111211913226 -0.081229924058225794 0.5567581822058002 0.63798810626402847
0.68819096023558279 0.29389262614623562 0.63798810626402869 -0.18163563200133892
-0.31306841003112362 0 0.5567581822058002 0.76942088429381106
0.52573111211913226 -0.29389262614623429 -0.21266270208800939 0.76942088429381084
-0.50655532823424343 0.16245984811645114 -0.63798810626402858 0.55675818220580109
0.42532540417601883 -0.39429833408934944 -0.73839381420713968 -0.34409548011779356
-0.34409548011779345 0.26286555605956491 -0.37512255020446139 -0.81962373826536705
-0.50655532823424343 0.76942088429381073 -0.34409548011779306 0.18163563200133881
0.60696103617735964 0 -0.73839381420713979 0.29389262614623568
-0.34409548011779351 0.18163563200133892 0.50655532823424387 -0.76942088429381084
-0.081229924058226058 0.95105651629515098 0.050202853971556133 0.2938926261462344
0.1624598481164517 0 0.26286555605956496 -0.95105651629515064
-0.50655532823424421 0.76942088429381128 -0.34409548011779345 -0.18163563200133875
0.71921803032225551 0.29389262614623446 -0.55675818220580153 0.29389262614623579
0.34409548011779345 0.18163563200133875 -0.50655532823424398 0.76942088429381084
0.60696103617735808 0.18163563200133898 -0.081229924058227015 -0.76942088429381184
-0.55675818220579987 -0.76942088429381106 -0.31306841003112229 0
-0.13143277802978365 0.18163563200133914 -0.21266270208800817 -0.95105651629515031
-0.55675818220579976 -0.13143277802978287 -0.71921803032225462 -0.39429833408934856
0.63798810626402824 0.37512255020446117 -0.21266270208800817 -0.6379881062640278
-0.13143277802978365 -0.031027070086670772 0.5567581822058012 -0.81962373826536727
0.29389262614623418 -0.81962373826536705 0.29389262614623612 0.39429833408934856
-0.76942088429381128 -0.37512255020446117 0.2938926261462344 -0.4253254041760185
0.29389262614623657 0.39429833408934878 -0.29389262614623446 0.81962373826536727
0.18163563200133909 -0.9008536623235941 -0.29389262614623496 0.26286555605956674
-0.081229924058226932 -0.76942088429381128 -0.60696103617735808 0.18163563200133873
-0.21266270208801025 -0.29389262614623624 -0.93188073241026426 0
-0.9008536623235931 0.42532540417601838 -0.031027070086668884 -0.081229924058225586
0.26286555605956513 0.50655532823424465 -0.8196237382653675 0.050202853971557299
0.37512255020446184 0.68819096023558513 0.13143277802978273 -0.60696103617735719
-0.90085366232359321 0.21266270208800864 0.37512255020446167 0.050202853971557493
-0.21266270208800972 0.52573111211913126 -0.8196237382653675 0.081229924058226266
0.37512255020446184 0.050202853971557271 0.90085366232359365 -0.21266270208800875
-0.6379881062640278 0.26286555605956519 0.39429833408934867 0.60696103617735897
-0.39429833408934845 0.29389262614623518 -0.81962373826536761 -0.29389262614623568
0.37512255020446184 -0.76942088429381061 0.4253254041760185 0.29389262614623557
-0.68819096023558479 -0.60696103617735675 0.13143277802978293 0.37512255020446184
-0.52573111211913137 0.081229924058226696 -0.55675818220580264 -0.6379881062640268
0.9008536623235931 -0.050202853971556882 0.21266270208800836 -0.37512255020446184
-0.081229924058225933 -0.081229924058226696 0.93188073241026348 0.34409548011779134
0.21266270208800853 -0.7383938142071419 0.050202853971556799 0.6379881062640268
0.90085366232359321 -0.31306841003112212 0.21266270208800847 -0.21266270208800986
-0.26286555605956502 -0.21266270208800916 0.93188073241026337 0.1314327780297827
0.21266270208800853 -0.2126627020880098 -0.90085366232359387 0.31306841003112196
0.52573111211913193 -0.63798810626402702 0.0812299240582261 -0.55675818220580264
-0.081229924058226044 -0.34409548011779145 0.93188073241026359 -0.081229924058225961
0.21266270208800864 0.71921803032225395 -0.60696103617735808 -0.26286555605956613
0.55675818220580187 0.21266270208800853 -0.52573111211913115 -0.60696103617735764
0.71921803032225329 0.050202853971556355 0.68819096023558524 0.081229924058225933
-0.71921803032225395 -0.21266270208800866 0.26286555605956607 0.60696103617735764
-0.50655532823424454 -0.050202853971556355 -0.81962373826536772 -0.26286555605956519
-0.39429833408934806 0.90085366232359387 -0.16245984811645292 -0.081229924058225933
-0.71921803032225373 -0.13143277802978287 -0.394298334089348 0.55675818220580142
-0.3440954801177924 0.31306841003112207 -0.5567581822058012 0.68819096023558535
-0.39429833408934911 -0.55675818220580109 0.71921803032225351 -0.13143277802978176
-0.81962373826536783 0.52573111211913104 -0.081229924058227376 -0.21266270208800905
0.71921803032225418 -0.13143277802978215 0.39429833408934911 0.55675818220580142
-0.55675818220580131 -0.6881909602355849 0.34409548011779201 0.31306841003112329
0.81962373826536705 -0.050202853971558326 0.26286555605956591 0.5065553282342441
-0.39429833408934956 -0.73839381420714101 0.42532540417601927 0.34409548011779079
0.81962373826536705 -0.081229924058227321 -0.21266270208801014 0.52573111211913082
-0.031027070086669106 -0.90085366232359343 0.42532540417601927 0.081229924058224545
-0.39429833408934944 -0.60696103617735886 -0.6379881062640268 0.26286555605956508
0.81962373826536705 0.29389262614623518 -0.39429833408934922 0.29389262614623429
0.90085366232359343 0.18163563200134031 -0.26286555605956613 -0.29389262614623668
-0.55675818220580175 0.63798810626402758 0.16245984811645325 -0.50655532823424354
0.34409548011779134 0.73839381420714079 -0.39429833408934961 0.42532540417601894
0.81962373826536705 0.37512255020446295 0.26286555605956563 -0.34409548011779179
-0.55675818220580175 0.031027070086669217 0.81962373826536672 -0.1314327780297819
-0.6069610361773583 0.63798810626402702 -0.39429833408934961 0.26286555605956563
0.81962373826536705 -0.13143277802978226 0.55675818220580198 -0.031027070086669328
-0.50655532823424521 -0.21266270208800975 0.71921803032225373 0.42532540417601933
0.68819096023558457 -0.2628655560595658 -0.42532540417601883 0.52573111211913026
0.050202853971557576 -0.9008536623235931 0.37512255020446278 -0.21266270208800969
-0.42532540417601883 0.52573111211913071 -0.6881909602355849 0.26286555605956596
0.73839381420714134 -0.21266270208800903 -0.63798810626402791 -0.050202853971557965
0.63798810626402758 -0.63798810626402702 0.37512255020446289 0.21266270208800966
-0.42532540417601888 0.90085366232359343 0.081229924058225642 0.031027070086669439
-0.93188073241026337 -0.3440954801177909 -0.081229924058226877 -0.081229924058225794
-0.081229924058225489 0.50655532823424476 -0.60696103617735908 -0.60696103617735742
-0.93188073241026326 -0.13143277802978154 -0.26286555605956552 -0.21266270208800861
0.21266270208800947 0.55675818220580164 -0.60696103617735908 -0.52573111211913037
-0.081229924058225544 0.55675818220580253 0.52573111211913104 -0.6379881062640278
-0.93188073241026337 0.081229924058226988 -0.081229924058225433 -0.3440954801177909
-0.90085366232359376 0.39429833408934895 0.081229924058226932 0.16245984811645403
0.050202853971557687 0.37512255020446228 -0.21266270208800958 0.90085366232359387
0.60696103617735964 0.39429833408934933 -0.2628655560595658 0.63798810626402802
0 -0.6069610361773583 -0.29389262614623618 0.73839381420713979
-0.2938926261462349 -0.68819096023558446 -0.1816356320013382 -0.63798810626402824
-0.95105651629515031 0.081229924058224864 -0.2938926261462354 -0.05020285397155641
0 0.162459848116453 -0.95105651629514987 0.26286555605956485
0.76942088429381128 -0.50655532823424454 -0.1816356320013382 -0.34409548011779162
-0.95105651629515053 0.26286555605956519 0 -0.16245984811645273
0.18163563200134025 0.60696103617735842 -0.76942088429381073 -0.081229924058227321
-0.37512255020446283 -0.13143277802978148 -0.60696103617735797 -0.68819096023558346
0.63798810626402824 0.55675818220580164 0.081229924058224753 -0.52573111211913115
-0.37512255020446272 0.21266270208801064 0.05020285397155716 -0.90085366232359221
0.34409548011779206 0.93188073241026337 0.081229924058224753 0.081229924058227543
0.63798810626402824 0.050202853971557951 0.73839381420714023 -0.21266270208800969
-0.37512255020446272 -0.21266270208800864 0.63798810626402791 -0.63798810626402636
-0.68819096023558479 -0.37512255020446161 0.60696103617735853 -0.13143277802978182
-0.6069610361773583 0.50655532823424454 0.081229924058224767 -0.6069610361773583
0.63798810626402813 -0.55675818220580187 -0.50655532823424365 0.16245984811645275
0.13143277802978187 -0.81962373826536761 0.031027070086669772 -0.55675818220580209
-0.42532540417601983 -0.71921803032225473 -0.2126627020880095 -0.50655532823424521
0.18163563200133823 0.63798810626402847 -0.29389262614623557 -0.68819096023558346
0.76942088429381106 0.37512255020446195 0.29389262614623413 0.42532540417601866
0.1816356320013382 0.34409548011779284 0.76942088429381061 -0.50655532823424398
-0.29389262614623562 0.55675818220580142 0.29389262614623413 0.71921803032225451
0.76942088429381106 0.081229924058227154 0.18163563200133948 0.60696103617735753
0.18163563200133817 -0.60696103617735797 0.76942088429381039 0.081229924058226599
-0.95105651629515076 0.081229924058226544 0.29389262614623413 -0.050202853971556868
0.76942088429381106 0.081229924058226599 -0.18163563200133834 0.60696103617735786
0 -0.93188073241026337 0.29389262614623596 0.21266270208801002
-0.18163563200133959 -0.60696103617735786 -0.76942088429381017 0.0812299240582256
0.29389262614623579 0.050202853971556313 0.95105651629514965 0.081229924058226599
0.21266270208800853 -0.081229924058225017 0.5257311121191317 0.81962373826536639
-0.71921803032225329 -0.60696103617735764 -0.21266270208801008 0.26286555605956691
-0.31306841003112074 0.34409548011779245 -0.68819096023558468 0.55675818220580098
0.031027070086669495 0.55675818220580076 -0.1314327780297839 -0.81962373826536639
0.63798810626402802 0.60696103617735742 0.26286555605956607 0.39429833408934789
-0.13143277802978426 -0.81962373826536672 -0.03102707008666955 -0.55675818220580098
-0.21266270208800966 0.50655532823424532 0.42532540417601716 -0.71921803032225418
0.21266270208800919 -0.21266270208800972 -0.31306841003112085 0.90085366232359299
-0.13143277802978415 -0.9318807324102627 -0.21266270208800919 -0.2628655560595658
-0.3130684100311209 0.90085366232359343 -0.21266270208800903 0.21266270208800986
0.55675818220580164 -0.081229924058227487 -0.63798810626402669 0.52573111211913248
-0.081229924058225711 0.93188073241026248 0.34409548011779229 0.081229924058227376
-0.26286555605956663 -0.60696103617735686 -0.71921803032225373 -0.2126627020880098
0.55675818220579953 0.13143277802978387 0.71921803032225362 0.39429833408934922
-0.63798810626402713 -0.37512255020446184 0.2126627020880073 0.63798810626402802
0.13143277802978393 0.03102707008667055 -0.55675818220580198 0.81962373826536605
-0.2938926261462349 0.81962373826536572 -0.2938926261462364 -0.39429833408934922
0.76942088429381106 0.37512255020446178 -0.29389262614623424 0.42532540417601716
-0.29389262614623696 -0.39429833408934933 0.29389262614623501 -0.81962373826536605
-0.18163563200134025 0.90085366232359343 0.29389262614623418 -0.26286555605956696
0.73839381420714012 -0.29389262614623357 0.60696103617735853 0
-0.63798810626402735 -0.18163563200133923 0.68819096023558335 0.29389262614623718
-0.050202853971554856 -0.29389262614623529 -0.081229924058227182 0.95105651629514976
0.73839381420714001 -0.63798810626402724 -0.050202853971554939 0.21266270208800972
-0.34409548011779367 -0.5567581822058012 0.68819096023558335 -0.31306841003112201
-0.050202853971554717 0.21266270208801 -0.73839381420714056 0.63798810626402735
0.50655532823424521 -0.71921803032225462 -0.42532540417601727 -0.21266270208800811
-0.29389262614623418 0.5567581822058012 -0.2938926261462349 0.71921803032225418
0.18163563200133914 -0.63798810626402791 0.29389262614623685 0.68819096023558379
-0.76942088429381184 -0.55675818220580053 0 -0.31306841003112218
-0.29389262614623707 -0.68819096023558335 0.18163563200133881 -0.63798810626402735
-0.76942088429380995 0.21266270208801025 -0.29389262614623546 0.52573111211913293
-0.55675818220580031 0.39429833408934867 -0.13143277802978398 -0.71921803032225329
0.52573111211913248 0.81962373826536639 -0.21266270208800842 0.081229924058226183
-0.13143277802978426 -0.71921803032225395 0.55675818220580031 -0.39429833408934883
-0.68819096023558401 0.55675818220580187 0.31306841003112146 -0.34409548011779295
0.26286555605956635 0.52573111211913259 0.42532540417601805 -0.68819096023558379
0.031027070086670383 0.13143277802978404 0.81962373826536772 -0.55675818220580209
0.55675818220580064 -0.63798810626402824 -0.16245984811645262 0.50655532823424321
-0.34409548011779212 -0.73839381420713979 0.394298334089349 -0.42532540417601938
-0.81962373826536727 -0.37512255020446184 -0.26286555605956491 0.3440954801177919
0.55675818220580053 -0.03102707008667005 -0.81962373826536705 0.1314327780297819
0.60696103617735819 -0.63798810626402669 0.39429833408934889 -0.26286555605956674
-0.81962373826536727 0.13143277802978226 -0.55675818220580098 0.031027070086670161
0.5065553282342441 0.21266270208800939 -0.71921803032225429 -0.42532540417601888
0.76942088429380984 -0.081229924058226488 -0.18163563200134006 -0.60696103617735753
0.29389262614623546 -0.21266270208800875 0 -0.93188073241026359
-0.18163563200133906 0.60696103617735697 -0.76942088429381028 -0.081229924058227487
0.95105651629515031 -0.081229924058225322 -0.29389262614623418 0.050202853971556008
-0.76942088429381084 -0.081229924058227376 0.18163563200133931 -0.60696103617735697
0 0.93188073241026292 -0.2938926261462359 -0.21266270208801008
0.55675818220580009 0.34409548011779345 0.31306841003112329 -0.68819096023558302
0.13143277802978248 0.3751225502044615 0.68819096023558279 0.60696103617735919
0.71921803032225462 -0.50655532823424365 0.21266270208800833 0.42532540417601794
0.5567581822058002 -0.29389262614623529 0.7192180303222544 -0.29389262614623407
-0.63798810626402869 0.18163563200133892 0.68819096023558279 0.29389262614623562
0.71921803032225473 -0.29389262614623429 -0.55675818220580053 0.29389262614623513
0.21266270208800939 -0.76942088429381084 0.52573111211913226 -0.29389262614623429
-0.081229924058225642 0.60696103617735653 -0.60696103617735897 0.50655532823424365
0.37512255020446139 0.81962373826536705 -0.34409548011779345 0.26286555605956491
0.34409548011779306 -0.18163563200133881 -0.50655532823424343 0.76942088429381073
-0.60696103617735941 0 0.73839381420713945 -0.29389262614623518
-0.26286555605956496 0.95105651629515064 0.1624598481164517 0
0.081229924058227015 0.76942088429381184 0.60696103617735808 0.18163563200133898
-0.68819096023558268 -0.2938926261462364 -0.63798810626402758 0.18163563200133903
0.31306841003112229 0 -0.55675818220579987 -0.76942088429381106
-0.52573111211913248 0.29389262614623463 0.21266270208800961 -0.76942088429380961
-0.68819096023558268 0.42532540417601816 -0.52573111211913215 -0.26286555605956602
0.71921803032225462 0.39429833408934856 -0.55675818220579976 -0.13143277802978287
-0.52573111211913259 -0.26286555605956652 0.68819096023558302 -0.42532540417601805
-0.5567581822058012 0.81962373826536727 -0.13143277802978365 -0.031027070086670772
-0.63798810626402691 0.63798810626402658 0.21266270208800958 0.3751225502044625
0.031027070086668884 0.081229924058225586 -0.9008536623235931 0.42532540417601838
0.2126627020880095 0.37512255020446239 0.63798810626402735 -0.6379881062640268
-0.13143277802978273 0.60696103617735719 0.37512255020446184 0.68819096023558513
-0.37512255020446167 -0.050202853971557493 -0.90085366232359321 0.21266270208800864
0.21266270208800947 -0.52573111211913115 0.81962373826536694 -0.0812299240582261
-0.55675818220580076 -0.34409548011779095 -0.31306841003112174 0.68819096023558424
-0.13143277802978293 -0.37512255020446184 -0.68819096023558479 -0.60696103617735675
-0.71921803032225284 0.50655532823424521 -0.2126627020880103 -0.42532540417601794
0.52573111211913104 -0.42532540417601772 0.2628655560595648 -0.68819096023558424
-0.21266270208800836 0.37512255020446184 0.9008536623235931 -0.050202853971556882
0.2628655560595648 -0.68819096023558457 -0.52573111211913159 0.42532540417601794
-0.050202853971556799 -0.6379881062640268 0.21266270208800853 -0.7383938142071419
-0.21266270208800847 0.21266270208800986 0.90085366232359321 -0.31306841003112212
0.2628655560595648 0.21266270208800925 -0.93188073241026292 -0.13143277802978282
0.21266270208800916 0.26286555605956491 -0.13143277802978287 -0.93188073241026248
0.52573111211913115 0.60696103617735764 0.55675818220580187 0.21266270208800853
0.63798810626402647 -0.52573111211913193 0.55675818220580175 -0.081229924058226211
-0.34409548011779173 -0.081229924058226211 -0.081229924058225683 0.93188073241026248
0.16245984811645292 0.081229924058225933 -0.39429833408934806 0.90085366232359387
0.90085366232359232 -0.42532540417601938 0.031027070086669051 0.081229924058225517
-0.26286555605956591 -0.5065553282342441 0.81962373826536705 -0.050202853971558326
-0.37512255020446256 -0.68819096023558435 -0.13143277802978184 0.60696103617735719
0.90085366232359232 -0.21266270208800925 -0.3751225502044625 -0.050202853971557757
0.6379881062640268 -0.26286555605956508 -0.39429833408934944 -0.60696103617735886
-0.50655532823424432 0.60696103617735719 0.60696103617735786 -0.081229924058224753
-0.16245984811645325 0.50655532823424354 -0.55675818220580175 0.63798810626402758
0.60696103617735786 -0.081229924058225059 0.50655532823424476 -0.60696103617735764
-0.26286555605956563 0.34409548011779179 0.81962373826536705 0.37512255020446295
0.42532540417601883 -0.52573111211913026 0.68819096023558457 -0.2628655560595658
-0.050202853971557326 0.90085366232359265 -0.37512255020446245 0.21266270208800941
-0.90085366232359232 0.050202853971557826 -0.21266270208800919 0.37512255020446217
0.081229924058226877 0.081229924058225794 -0.93188073241026337 -0.3440954801177909
-0.21266270208800842 0.73839381420714079 -0.050202853971557701 -0.63798810626402735
-0.90085366232359254 0.31306841003112307 -0.21266270208800839 0.21266270208801008
-0.52573111211913104 0.6379881062640278 -0.081229924058225544 0.55675818220580253
0.18163563200134009 -0.34409548011779217 -0.76942088429381061 0.50655532823424276
0.29389262614623618 -0.73839381420713979 0 -0.6069610361773583
-0.76942088429381073 0.50655532823424321 -0.1816356320013402 0.34409548011779256
0.2938926261462354 0.05020285397155641 -0.95105651629515031 0.081229924058224864
0.95105651629514987 -0.26286555605956485 0 0.162459848116453
-0.76942088429381084 0.50655532823424432 0.18163563200133825 0.3440954801177919
-0.68819096023558413 0.3130684100311239 -0.34409548011779167 -0.55675818220579965
0.60696103617735797 0.68819096023558346 -0.37512255020446283 -0.13143277802978148
0.42532540417601894 0.21266270208801008 0.50655532823424321 -0.71921803032225406
-0.6881909602355839 0.2628655560595668 0.42532540417601872 -0.52573111211912971
-0.73839381420714023 0.21266270208800969 0.63798810626402824 0.050202853971557951
0 0.60696103617735897 0.2938926261462354 -0.73839381420713912
0.29389262614623557 0.68819096023558346 0.18163563200133823 0.63798810626402847
0.95105651629515031 -0.081229924058225503 0.29389262614623446 0.050202853971555883
0 -0.16245984811645167 0.95105651629514965 -0.26286555605956463
-0.18163563200133948 -0.60696103617735753 0.76942088429381106 0.081229924058227154
0.55675818220580076 -0.39429833408934734 0.13143277802978387 0.71921803032225318
-0.5257311121191317 -0.81962373826536639 0.21266270208800853 -0.081229924058225017
0.13143277802978426 0.71921803032225362 -0.55675818220580087 0.3942983340893475
0.68819096023558468 -0.55675818220580098 -0.31306841003112074 0.34409548011779245
0.31306841003112085 -0.90085366232359299 0.21266270208800919 -0.21266270208800972
0.13143277802978426 0.93188073241026204 0.21266270208800933 0.26286555605956563
0.68819096023558313 -0.42532540417601672 0.52573111211913159 0.26286555605956641
-0.71921803032225362 -0.39429833408934922 0.55675818220579953 0.13143277802978387
0.52573111211913204 0.26286555605956657 -0.68819096023558335 0.42532540417601666
0.55675818220580198 -0.81962373826536605 0.13143277802978393 0.03102707008667055
0.50655532823424432 -0.76942088429380862 0.34409548011779334 -0.18163563200133942
0.081229924058227182 -0.95105651629514976 -0.050202853971554856 -0.29389262614623529
0.050202853971554939 -0.21266270208800972 0.73839381420714001 -0.63798810626402724
0.34409548011779378 0.55675818220580109 -0.6881909602355829 0.3130684100311214
0.2938926261462349 -0.71921803032225418 -0.29389262614623418 0.5567581822058012
0.29389262614623546 -0.52573111211913293 -0.76942088429380995 0.21266270208801025
0.50655532823424321 -0.60696103617735775 -0.60696103617735764 0.081229924058225295
0.16245984811645262 -0.50655532823424321 0.55675818220580064 -0.63798810626402824
-0.60696103617735775 0.081229924058225642 -0.50655532823424365 0.60696103617735808
0.26286555605956491 -0.3440954801177919 -0.81962373826536727 -0.37512255020446184
0.21266270208800883 -0.050202853971555467 0.63798810626402802 -0.7383938142071389
-0.31306841003112329 0.68819096023558302 0.55675818220580009 0.34409548011779345
0.63798810626402813 -0.73839381420713934 -0.21266270208800914 0.050202853971555328
-0.21266270208800833 -0.42532540417601794 0.71921803032225462 -0.50655532823424365
-0.7192180303222544 0.29389262614623407 0.5567581822058002 -0.29389262614623529
0.63798810626402824 -0.18163563200133881 -0.68819096023558257 -0.29389262614623585
-0.55675818220580009 0.29389262614623413 -0.71921803032225373 0.2938926261462344
-0.21266270208800961 0.76942088429380961 -0.52573111211913248 0.29389262614623463
-0.21266270208800958 -0.3751225502044625 -0.63798810626402691 0.63798810626402658
-0.031027070086668995 -0.081229924058225739 0.90085366232359287 -0.42532540417601805
-0.21266270208800805 0.050202853971556854 -0.63798810626402602 0.73839381420714079
0.31306841003112174 -0.68819096023558424 -0.55675818220580076 -0.34409548011779095
-0.63798810626402613 0.73839381420714101 0.21266270208800836 -0.050202853971556799
0.2126627020880103 0.42532540417601794 -0.71921803032225284 0.50655532823424521
-0.2628655560595648 0.68819096023558424 0.52573111211913104 -0.42532540417601772
0.21266270208800819 -0.37512255020446128 -0.90085366232359299 0.050202853971556799
-0.2126627020880093 0.21266270208800844 0.31306841003112151 -0.90085366232359254
-0.55675818220580175 0.081229924058226211 0.63798810626402647 -0.52573111211913193
0.63798810626402591 -0.63798810626402713 -0.21266270208800994 -0.37512255020446206
0.13143277802978184 -0.60696103617735719 -0.37512255020446256 -0.68819096023558435
-0.52573111211912993 0.42532540417601872 -0.26286555605956513 0.68819096023558401
0.050202853971557701 0.63798810626402735 -0.21266270208800842 0.73839381420714079
0.76942088429381061 -0.50655532823424276 0.18163563200134009 -0.34409548011779217
-0.29389262614623579 0.73839381420713956 0 0.60696103617735808
-0.73839381420713923 0.63798810626402802 0.050202853971557132 -0.21266270208800744
-0.50655532823424321 0.71921803032225406 0.42532540417601894 0.21266270208801008
-0.18163563200133914 0.34409548011779301 0.76942088429380995 -0.50655532823424276
-0.29389262614623446 -0.050202853971555883 0.95105651629515031 -0.081229924058225503
3 191 76 438
3 191 821 438
3 191 76 821
3 821 76 438
3 1126 1031 3
3 966 3 1031
3 1126 966 1031
3 966 3 1126
3 997 137 433
3 997 137 1141
3 137 1141 433
3 1141 433 997
3 292 650 265
3 609 265 292
3 609 265 650
3 609 292 650
3 959 727 303
3 658 303 959
3 658 303 727
3 727 658 959
3 584 303 727
3 727 462 584
3 303 727 462
3 462 303 584
3 6 581 784
3 1032 6 784
3 784 581 1032
3 1032 6 581
3 427 130 903
3 130 736 427
3 736 903 130
3 736 427 903
3 1103 269 1021
3 1021 27 1103
3 269 27 1021
3 27 1103 269
3 1110 265 292
3 292 131 1110
3 292 131 265
3 265 131 1110
3 145 211 574
3 421 145 574
3 421 145 211
3 574 211 421
3 944 89 1076
3 1076 286 944
3 944 89 286
3 89 1076 286
3 743 138 434
3 434 743 1003
3 138 434 1003
3 743 138 1003
3 179 917 966
3 1031 179 966
3 1031 917 966
3 1031 179 917
3 935 493 731
3 493 388 731
3 731 388 935
3 493 388 935
3 647 22 768
3 768 391 647
3 22 768 391
3 391 22 647
3 1126 82 1087
3 82 3 1087
3 1087 3 1126
3 3 1126 82
3 592 232 848
3 592 232 448
3 848 448 592
3 448 232 848
3 848 185 232
3 185 1051 848
3 232 848 1051
3 1051 232 185
3 493 255 352
3 731 352 493
3 493 255 731
3 255 352 731
3 1134 136 430
3 1134 136 1138
3 430 1138 136
3 1138 430 1134
3 946 191 821
3 821 639 946
3 191 821 639
3 639 191 946
3 1125 613 46
3 855 46 613
3 855 46 1125
3 613 855 1125
3 1199 66 814
3 814 224 1199
3 66 814 224
3 224 66 1199
3 256 147 794
3 256 147 732
3 147 732 794
3 256 794 732
3 434 160 743
3 743 941 160
3 941 434 743
3 434 160 941
3 251 1076 89
3 515 89 251
3 251 515 1076
3 515 89 1076
3 949 970 203
3 235 203 949
3 235 203 970
3 235 949 970
3 1066 7 787
3 1066 7 1181
3 7 1181 787
3 1181 787 1066
3 787 331 1066
3 787 331 1020
3 331 1020 1066
3 787 1066 1020
3 1175 398 319
3 1053 319 398
3 1053 319 1175
3 398 1053 1175
3 319 202 1175
3 202 757 1175
3 319 202 757
3 757 319 1175
3 875 131 392
3 131 392 1110
3 392 875 1110
3 131 1110 875
3 839 333 629
3 839 333 362
3 839 362 629
3 629 362 333
3 1128 839 108
3 629 108 839
3 629 108 1128
3 1128 629 839
3 927 121 778
3 778 11 927
3 121 11 927
3 778 11 121
3 313 944 286
3 439 286 944
3 439 286 313
3 313 439 944
3 881 798 393
3 783 393 881
3 783 881 798
3 783 393 798
3 66 814 1113
3 245 66 1113
3 814 245 1113
3 245 66 814
3 1113 111 245
3 245 1198 111
3 1113 111 1198
3 245 1113 1198
3 964 213 925
3 1099 925 213
3 964 925 1099
3 964 213 1099
3 815 111 1198
3 111 23 1198
3 1198 23 815
3 23 815 111
3 488 285 307
3 285 835 488
3 835 307 488
3 307 835 285
3 559 307 488
3 488 254 559
3 307 254 559
3 488 254 307
3 706 858 2
3 1118 2 858
3 1118 2 706
3 1118 706 858
3 915 621 526
3 526 343 621
3 343 621 915
3 526 343 915
3 343 621 466
3 621 466 599
3 599 343 466
3 599 343 621
3 448 181 867
3 592 867 448
3 448 181 592
3 592 181 867
3 955 224 429
3 429 1199 224
3 429 955 1199
3 955 224 1199
3 623 181 410
3 867 410 181
3 181 867 623
3 410 623 867
3 599 322 1084
3 599 322 466
3 1084 466 599
3 322 1084 466
3 1060 260 610
3 260 610 1131
3 610 1060 1131
3 1060 260 1131
3 610 328 1060
3 1060 293 328
3 610 293 1060
3 293 328 610
3 1021 659 269
3 269 165 1021
3 269 165 659
3 1021 165 659
3 946 166 639
3 166 639 665
3 639 946 665
3 166 665 946
3 353 166 665
3 353 166 586
3 353 586 665
3 586 166 665
3 1091 634 103
3 634 1040 1091
3 1040 103 634
3 103 1091 1040
3 896 386 1165
3 1165 378 896
3 386 378 1165
3 378 896 386
3 1165 118 386
3 118 386 1185
3 118 1185 1165
3 386 1165 1185
3 485 251 515
3 729 251 515
3 729 251 485
3 515 729 485
3 658 1006 271
3 959 271 1006
3 959 271 658
3 658 959 1006
3 941 271 1006
3 1006 160 941
3 1006 160 271
3 160 941 271
3 702 521 543
3 521 543 1115
3 702 521 1115
3 1115 543 702
3 772 9 922
3 922 371 772
3 772 9 371
3 371 9 922
3 1018 1032 394
3 784 394 1032
3 784 1032 1018
3 784 394 1018
3 786 462 885
3 885 584 462
3 885 584 786
3 786 462 584
3 930 825 97
3 320 97 930
3 320 97 825
3 825 320 930
3 973 516 486
3 516 666 973
3 666 486 516
3 666 486 973
3 445 289 999
3 445 289 763
3 289 763 999
3 445 999 763
3 1121 332 1151
3 1151 25 1121
3 332 25 1151
3 25 1121 332
3 81 809 752
3 1064 81 752
3 752 1064 809
3 1064 81 809
3 809 46 1125
3 1125 81 809
3 46 1125 81
3 809 46 81
3 691 114 1157
3 1157 546 691
3 546 114 1157
3 691 114 546
3 532 353 586
3 532 353 864
3 353 586 864
3 586 864 532
3 836 489 714
3 714 489 533
3 836 533 714
3 489 533 836
3 1164 202 757
3 757 225 1164
3 202 757 225
3 225 202 1164
3 967 398 1053
3 93 967 398
3 398 93 1053
3 1053 93 967
3 1181 177 1150
3 7 1181 177
3 1150 7 1181
3 177 7 1150
3 748 384 1159
3 1159 284 384
3 748 284 1159
3 284 384 748
3 452 392 875
3 392 149 875
3 875 149 452
3 149 452 392
3 855 576 178
3 613 178 576
3 613 178 855
3 613 576 855
3 576 108 1128
3 1128 178 576
3 576 108 178
3 108 1128 178
3 1057 152 677
3 682 677 1057
3 152 677 682
3 682 152 1057
3 506 1028 483
3 492 483 506
3 1028 492 506
3 483 1028 492
3 256 605 794
3 859 256 605
3 605 859 794
3 859 256 794
3 947 605 859
3 859 63 947
3 605 63 859
3 605 63 947
3 1131 175 494
3 494 260 1131
3 175 494 260
3 1131 175 260
3 494 876 175
3 607 494 876
3 607 175 876
3 607 175 494
3 1002 154 196
3 396 154 1002
3 396 196 1002
3 154 196 396
3 154 196 1134
3 430 154 1134
3 1134 196 430
3 430 154 196
3 993 396 654
3 993 396 1002
3 654 1002 396
3 1002 654 993
3 63 947 563
3 252 63 947
3 252 63 563
3 252 563 947
3 121 228 778
3 1160 121 228
3 228 1160 778
3 1160 121 778
3 228 37 1160
3 37 926 228
3 926 1160 37
3 926 228 1160
3 35 824 916
3 824 756 916
3 756 35 916
3 756 35 824
3 118 1185 672
3 596 118 1185
3 1185 672 596
3 596 118 672
3 810 14 1067
3 1067 21 810
3 21 14 810
3 14 1067 21
3 1042 145 211
3 626 211 1042
3 626 145 211
3 626 145 1042
3 866 409 340
3 409 961 866
3 961 340 409
3 340 866 961
3 774 340 866
3 866 694 774
3 774 340 694
3 694 340 866
3 901 733 712
3 712 291 733
3 901 291 712
3 291 733 901
3 517 1012 141
3 1098 141 517
3 1098 141 1012
3 1012 517 1098
3 1012 100 704
3 704 141 1012
3 1012 100 141
3 100 704 141
3 933 704 100
3 854 100 933
3 854 704 933
3 100 704 854
3 996 59 247
3 996 59 1005
3 59 247 1005
3 1005 247 996
3 796 502 907
3 863 907 502
3 796 502 863
3 796 907 863
3 774 1116 694
3 694 231 1116
3 694 231 774
3 774 231 1116
3 684 366 1019
3 1019 156 366
3 156 366 684
3 684 156 1019
3 1019 1033 684
3 684 508 1033
3 1019 508 1033
3 684 508 1019
3 835 350 442
3 350 285 835
3 442 285 350
3 442 285 835
3 350 442 492
3 506 350 492
3 506 350 442
3 492 442 506
3 606 505 1048
3 1048 288 505
3 288 505 606
3 606 288 1048
3 1048 254 559
3 1048 254 606
3 254 606 559
3 1048 559 606
3 769 736 151
3 130 736 769
3 151 130 736
3 151 130 769
3 229 41 1062
3 1062 771 41
3 229 41 771
3 771 229 1062
3 1062 180 229
3 1088 229 180
3 229 1062 1088
3 180 1088 1062
3 1039 183 233
3 921 233 183
3 183 921 1039
3 233 1039 921
3 921 274 1070
3 1070 183 921
3 183 921 274
3 1070 183 274
3 985 29 240
3 1085 240 29
3 985 29 1085
3 1085 240 985
3 985 35 824
3 824 240 985
3 35 824 240
3 240 35 985
3 744 1120 161
3 888 161 744
3 1120 744 888
3 888 161 1120
3 1140 161 1120
3 80 1140 161
3 1120 80 1140
3 1120 80 161
3 1195 24 578
3 1195 24 267
3 578 267 1195
3 24 578 267
3 308 578 24
3 308 882 578
3 882 24 578
3 882 24 308
3 858 422 1118
3 1118 344 422
3 344 422 858
3 858 344 1118
3 410 372 623
3 410 372 984
3 984 623 372
3 984 410 623
3 659 8 165
3 8 1100 165
3 165 659 1100
3 659 8 1100
3 1141 8 1100
3 1141 8 137
3 1100 137 1141
3 8 1100 137
3 846 531 425
3 827 425 531
3 425 846 827
3 846 531 827
3 846 1081 116
3 425 116 846
3 116 1081 425
3 1081 425 846
3 1084 402 322
3 1084 402 1146
3 1146 322 1084
3 1146 322 402
3 113 1087 82
3 1154 82 1087
3 1154 82 113
3 113 1154 1087
3 1138 67 363
3 136 67 1138
3 363 136 1138
3 67 363 136
3 587 119 381
3 587 119 987
3 987 381 587
3 381 119 987
3 545 543 702
3 545 591 702
3 591 543 702
3 545 543 591
3 699 44 544
3 44 544 278
3 544 278 699
3 278 44 699
3 394 365 1018
3 394 365 500
3 365 500 1018
3 500 394 1018
3 342 693 477
3 542 342 693
3 542 342 477
3 693 477 542
3 693 521 1115
3 1115 342 693
3 342 693 521
3 1115 342 521
3 842 156 738
3 842 156 366
3 738 366 156
3 842 366 738
3 797 157 816
3 157 816 612
3 816 612 797
3 612 157 797
3 653 157 739
3 739 816 157
3 653 157 816
3 653 739 816
3 828 116 1081
3 759 116 1081
3 828 116 759
3 1081 759 828
3 309 1103 27
3 309 887 1103
3 887 27 1103
3 887 27 309
3 851 40 711
3 924 711 40
3 40 924 851
3 711 851 924
3 573 851 471
3 711 471 851
3 711 471 573
3 711 573 851
3 701 469 1073
3 1073 338 469
3 1073 338 701
3 338 701 469
3 923 114 85
3 1157 85 114
3 114 1157 923
3 85 923 1157
3 600 526 915
3 915 690 600
3 600 526 690
3 526 915 690
3 600 547 690
3 600 690 641
3 600 547 641
3 547 641 690
3 266 1056 1192
3 1056 134 266
3 266 1192 134
3 1056 134 1192
3 293 328 1192
3 293 134 1192
3 134 1192 328
3 293 134 328
3 255 604 352
3 713 352 604
3 713 255 604
3 713 255 352
3 376 117 1106
3 1106 263 376
3 376 117 263
3 117 1106 263
3 444 833 560
3 560 484 833
3 484 444 833
3 484 444 560
3 484 833 719
3 327 719 484
3 833 327 719
3 833 327 484
3 1164 170 225
3 1172 225 170
3 225 1164 1172
3 1164 170 1172
3 1151 246 332
3 742 332 246
3 742 332 1151
3 246 742 1151
3 429 153 955
3 429 153 583
3 153 583 955
3 429 955 583
3 1197 49 1173
3 1173 618 1197
3 618 1173 49
3 1197 49 618
3 531 49 1173
3 1173 531 827
3 827 49 1173
3 827 49 531
3 667 483 1028
3 483 190 1028
3 1028 190 667
3 190 667 483
3 733 190 291
3 190 667 291
3 733 190 667
3 667 291 733
3 22 768 992
3 129 22 992
3 129 992 768
3 129 22 768
3 850 84 754
3 84 700 850
3 754 700 84
3 850 700 754
3 551 963 473
3 963 551 931
3 931 473 963
3 931 473 551
3 313 192 439
3 905 439 192
3 905 313 439
3 313 192 905
3 382 325 1178
3 1178 368 382
3 368 325 1178
3 382 325 368
3 987 325 119
3 1178 119 325
3 1178 119 987
3 987 325 1178
3 468 86 1089
3 1089 468 893
3 893 86 468
3 893 86 1089
3 468 233 1039
3 468 1039 893
3 893 233 1039
3 468 233 893
3 529 381 587
3 587 529 1179
3 381 587 1179
3 529 381 1179
3 1179 239 529
3 529 1179 1130
3 1179 239 1130
3 239 529 1130
3 1054 596 672
3 672 218 1054
3 672 218 596
3 596 218 1054
3 50 218 1182
3 1054 50 218
3 218 1054 1182
3 50 1182 1054
3 1101 138 1003
3 72 1101 138
3 1003 72 138
3 1003 72 1101
3 92 897 1082
3 237 92 1082
3 897 237 1082
3 237 92 897
3 374 170 1172
3 374 170 530
3 530 170 1172
3 374 530 1172
3 558 306 722
3 54 558 306
3 306 54 722
3 722 54 558
3 710 707 39
3 1041 39 710
3 1041 707 710
3 39 707 1041
3 1105 557 416
3 890 416 557
3 416 1105 890
3 557 890 1105
3 889 238 348
3 945 348 889
3 945 348 238
3 238 945 889
3 718 585 730
3 567 585 718
3 730 567 585
3 730 567 718
3 567 348 585
3 567 348 889
3 567 585 889
3 348 889 585
3 409 91 961
3 91 983 961
3 983 409 961
3 409 91 983
3 721 127 562
3 562 504 721
3 127 562 504
3 721 127 504
3 127 388 562
3 935 127 388
3 562 388 935
3 935 127 562
3 789 88 250
3 789 88 1024
3 1024 250 789
3 88 1024 250
3 638 250 789
3 728 789 638
3 250 789 728
3 728 250 638
3 772 522 1189
3 371 772 1189
3 522 371 1189
3 522 371 772
3 691 184 644
3 546 644 691
3 546 184 644
3 546 184 691
3 1116 184 231
3 184 644 1116
3 644 231 184
3 231 1116 644
3 581 223 1147
3 1147 6 581
3 6 581 223
3 223 6 1147
3 980 406 878
3 980 878 45
3 406 45 878
3 406 45 980
3 640 379 804
3 640 272 804
3 272 379 804
3 640 272 379
3 804 321 640
3 804 321 696
3 696 640 804
3 696 640 321
3 149 58 452
3 149 58 1186
3 452 1186 149
3 452 58 1186
3 730 556 718
3 730 556 663
3 718 663 730
3 556 663 718
3 663 367 556
3 356 367 663
3 556 356 663
3 556 356 367
3 1045 147 732
3 147 732 389
3 732 389 1045
3 389 147 1045
3 897 387 1052
3 1052 92 897
3 387 92 1052
3 92 897 387
3 1123 355 1077
3 1077 287 1123
3 1077 287 355
3 287 1123 355
3 1077 516 666
3 1077 666 355
3 516 355 666
3 516 355 1077
3 94 29 1085
3 588 29 1085
3 94 588 1085
3 94 29 588
3 535 266 1056
3 266 150 1056
3 1056 150 535
3 150 535 266
3 150 535 1193
3 262 150 1193
3 262 1193 535
3 262 150 535
3 791 327 719
3 719 443 791
3 327 719 443
3 791 327 443
3 791 714 836
3 443 836 791
3 714 443 836
3 714 443 791
3 1092 857 215
3 1092 852 857
3 215 1092 852
3 852 215 857
3 857 574 852
3 574 852 421
3 857 421 852
3 857 421 574
3 806 215 1092
3 241 215 1092
3 1092 241 806
3 241 215 806
3 806 634 1040
3 241 1040 806
3 634 241 1040
3 634 241 806
3 1090 522 1189
3 1189 31 522
3 522 1090 31
3 1189 31 1090
3 632 200 403
3 632 200 981
3 403 981 200
3 403 632 981
3 981 31 200
3 981 31 1090
3 1090 200 981
3 200 31 1090
3 1159 277 748
3 1159 277 1013
3 748 1013 277
3 748 1159 1013
3 1038 32 920
3 920 48 32
3 1038 32 48
3 48 1038 920
3 754 273 850
3 273 850 982
3 754 273 982
3 982 754 850
3 273 32 920
3 920 273 982
3 982 32 273
3 982 32 920
3 67 363 1135
3 655 67 1135
3 655 67 363
3 1135 363 655
3 1135 267 1195
3 267 655 1195
3 1135 267 655
3 1195 655 1135
3 1188 545 591
3 591 316 1188
3 545 316 1188
3 591 316 545
3 9 922 316
3 1188 9 316
3 922 316 1188
3 1188 9 922
3 751 544 877
3 544 877 44
3 751 44 877
3 751 44 544
3 1007 377 674
3 845 377 1007
3 845 674 1007
3 377 674 845
3 699 651 856
3 699 856 278
3 651 278 856
3 278 699 651
3 474 418 525
3 525 1010 418
3 474 525 1010
3 474 418 1010
3 826 321 696
3 383 826 696
3 383 321 696
3 383 321 826
3 1010 383 826
3 418 383 1010
3 383 826 418
3 826 418 1010
3 899 601 1143
3 1143 598 899
3 598 899 601
3 1143 598 601
3 928 471 573
3 573 102 928
3 573 102 471
3 471 102 928
3 34 969 913
3 234 34 913
3 234 34 969
3 969 234 913
3 891 336 577
3 42 891 336
3 577 42 891
3 577 42 336
3 1042 424 626
3 1042 424 807
3 424 626 807
3 626 1042 807
3 677 737 152
3 446 152 737
3 446 737 677
3 446 152 677
3 446 838 737
3 873 737 838
3 446 737 873
3 873 446 838
3 1033 68 508
3 508 582 68
3 582 508 1033
3 1033 68 582
3 1088 13 979
3 979 180 1088
3 13 979 180
3 180 13 1088
3 113 13 1154
3 113 13 979
3 979 1154 13
3 979 113 1154
3 1094 642 171
3 572 171 642
3 572 642 1094
3 572 171 1094
3 209 171 1094
3 1094 589 209
3 209 171 589
3 589 171 1094
3 197 499 817
3 611 499 817
3 611 197 817
3 611 197 499
3 274 747 1070
3 411 274 747
3 1070 411 747
3 411 274 1070
3 747 338 411
3 411 701 338
3 411 747 701
3 747 338 701
3 712 668 901
3 901 351 712
3 901 351 668
3 351 668 712
3 351 668 490
3 948 351 668
3 948 351 490
3 490 948 668
3 1143 236 601
3 695 601 1143
3 601 695 236
3 236 695 1143
3 378 896 695
3 378 236 695
3 378 236 896
3 896 236 695
3 361 45 980
3 45 980 279
3 980 279 361
3 361 45 279
3 1184 758 595
3 595 17 1184
3 17 1184 758
3 595 17 758
3 618 595 1197
3 1197 595 758
3 758 618 1197
3 595 758 618
3 654 298 993
3 993 90 298
3 993 90 654
3 90 298 654
3 90 298 798
3 393 90 798
3 798 298 393
3 393 90 298
3 577 407 336
3 407 1029 577
3 1029 336 407
3 1029 336 577
3 607 876 991
3 261 607 991
3 876 261 607
3 876 261 991
3 498 261 991
3 498 261 678
3 498 678 991
3 261 991 678
3 865 248 312
3 975 312 865
3 248 312 975
3 865 248 975
3 723 604 713
3 734 604 713
3 723 713 734
3 734 604 723
3 723 444 560
3 734 560 723
3 723 444 734
3 444 560 734
3 504 219 1047
3 721 1047 504
3 721 219 504
3 721 219 1047
3 1047 54 219
3 1047 54 558
3 54 219 558
3 219 1047 558
3 1150 122 177
3 958 177 122
3 958 177 1150
3 1150 122 958
3 122 25 1121
3 122 25 958
3 958 1121 25
3 122 958 1121
3 259 952 650
3 650 259 609
3 259 609 952
3 609 650 952
3 739 395 653
3 653 569 395
3 739 395 569
3 739 569 653
3 153 583 395
3 583 395 569
3 569 153 583
3 395 153 569
3 873 296 453
3 838 296 873
3 838 453 873
3 296 453 838
3 259 952 453
3 453 952 296
3 296 259 952
3 296 259 453
3 992 608 129
3 426 129 608
3 426 129 992
3 992 426 608
3 426 608 725
3 725 426 537
3 537 608 426
3 608 537 725
3 705 473 551
3 551 214 705
3 473 214 705
3 551 214 473
3 705 1096 214
3 749 214 705
3 749 214 1096
3 749 705 1096
3 635 252 834
3 252 834 563
3 635 252 563
3 635 563 834
3 834 765 635
3 635 834 939
3 939 635 765
3 834 765 939
3 707 275 550
3 550 39 707
3 550 39 275
3 275 39 707
3 1163 370 894
3 370 341 1163
3 894 341 370
3 894 341 1163
3 722 861 306
3 1075 306 861
3 1075 306 722
3 1075 722 861
3 933 276 854
3 805 854 276
3 933 805 854
3 933 276 805
3 924 276 805
3 805 40 924
3 805 40 276
3 276 40 924
3 62 808 314
3 1063 62 808
3 1063 62 314
3 314 1063 808
3 358 745 52
3 745 358 1023
3 1023 52 358
3 52 745 1023
3 358 1023 416
3 1023 416 1105
3 416 358 1105
3 1105 358 1023
3 1049 91 983
3 339 91 1049
3 983 339 1049
3 91 983 339
3 1096 51 749
3 51 749 780
3 1096 51 780
3 780 749 1096
3 213 51 925
3 925 51 780
3 780 213 925
3 213 51 780
3 17 399 1184
3 1184 399 1196
3 1196 17 399
3 1196 17 1184
3 433 26 997
3 26 940 997
3 433 26 940
3 433 997 940
3 1005 26 59
3 1005 26 940
3 26 940 59
3 940 59 1005
3 978 30 1014
3 978 30 106
3 1014 106 978
3 30 1014 106
3 752 106 1064
3 752 106 978
3 1064 978 106
3 978 752 1064
3 402 380 1146
3 1146 380 689
3 689 402 1146
3 380 689 402
3 380 689 1176
3 689 174 1176
3 380 174 1176
3 380 174 689
3 1078 638 728
3 728 33 1078
3 33 1078 638
3 638 33 728
3 648 151 769
3 151 769 681
3 681 769 648
3 681 151 648
3 133 64 1133
3 64 676 1133
3 133 64 676
3 133 1133 676
3 647 133 391
3 133 391 1133
3 647 133 1133
3 391 647 1133
3 223 1035 1147
3 995 223 1035
3 995 1035 1147
3 995 223 1147
3 23 815 995
3 1035 23 995
3 1035 23 815
3 995 815 1035
3 58 221 1186
3 871 58 221
3 58 1186 871
3 221 871 1186
3 676 221 871
3 871 64 676
3 64 676 221
3 221 64 871
3 879 143 631
3 575 631 143
3 879 143 575
3 879 575 631
3 1127 143 575
3 575 16 143
3 575 16 1127
3 16 1127 143
3 441 148 976
3 87 441 148
3 976 87 441
3 976 87 148
3 984 83 372
3 372 83 1050
3 1050 372 984
3 984 83 1050
3 403 83 632
3 1050 403 632
3 632 1050 83
3 83 1050 403
3 277 212 1013
3 212 479 277
3 479 277 1013
3 1013 212 479
3 517 212 1098
3 517 212 479
3 1098 479 212
3 517 479 1098
3 288 505 790
3 128 790 505
3 288 128 790
3 288 128 505
3 1045 128 790
3 1045 128 389
3 128 389 790
3 389 1045 790
3 930 620 803
3 930 620 320
3 803 320 930
3 803 320 620
3 803 209 589
3 803 209 620
3 620 589 803
3 209 589 620
3 751 877 919
3 751 919 281
3 877 281 751
3 281 919 877
3 432 159 785
3 432 785 501
3 432 159 501
3 159 501 785
3 365 500 841
3 994 365 500
3 841 500 994
3 994 365 841
3 994 611 817
3 994 611 841
3 841 817 611
3 841 817 994
3 503 356 367
3 715 367 503
3 503 356 715
3 356 367 715
3 878 195 406
3 406 195 335
3 878 335 406
3 195 335 878
3 195 335 771
3 195 41 771
3 195 41 335
3 41 771 335
3 829 912 414
3 912 829 1008
3 414 912 1008
3 1008 414 829
3 598 899 912
3 899 414 912
3 598 414 899
3 598 414 912
3 636 253 1074
3 1074 189 253
3 189 253 636
3 636 189 1074
3 900 87 441
3 860 87 900
3 87 441 860
3 860 441 900
3 1025 486 973
3 973 194 1025
3 194 1025 486
3 973 194 486
3 440 513 1025
3 194 1025 440
3 513 194 1025
3 513 194 440
3 880 797 612
3 612 509 880
3 797 509 880
3 612 509 797
3 1057 447 682
3 953 682 447
3 682 1057 953
3 447 953 1057
3 767 953 294
3 447 294 953
3 447 953 767
3 447 294 767
3 779 12 703
3 140 12 703
3 703 140 779
3 779 12 140
3 738 685 842
3 1149 842 685
3 738 685 1149
3 1149 738 842
3 685 580 1149
3 1149 301 580
3 685 301 1149
3 301 580 685
3 819 309 887
3 460 309 887
3 819 887 460
3 460 309 819
3 230 42 1152
3 230 42 891
3 891 1152 42
3 891 230 1152
3 1152 21 230
3 810 230 21
3 1152 21 810
3 230 1152 810
3 1193 455 262
3 872 262 455
3 872 262 1193
3 455 872 1193
3 65 766 455
3 766 455 872
3 872 65 766
3 455 65 872
3 642 369 572
3 572 205 369
3 642 205 572
3 205 369 642
3 1132 537 725
3 55 1132 537
3 725 55 537
3 725 55 1132
3 1132 837 55
3 244 55 837
3 1132 244 837
3 244 55 1132
3 404 1097 781
3 243 404 781
3 1097 243 404
3 1097 243 781
3 243 37 926
3 926 243 781
3 781 37 926
3 781 37 243
3 1011 172 643
3 1011 172 914
3 643 914 172
3 914 643 1011
3 914 272 379
3 172 914 272
3 379 172 272
3 379 172 914
3 886 73 510
3 886 73 760
3 760 510 73
3 760 510 886
3 73 760 460
3 760 460 819
3 819 73 760
3 460 73 819
3 669 407 1029
3 104 1029 669
3 407 104 1029
3 407 104 669
3 362 104 333
3 362 104 669
3 669 333 362
3 104 669 333
3 962 385 1043
3 962 385 480
3 480 1043 385
3 962 480 1043
3 344 422 480
3 422 385 480
3 385 344 422
3 385 344 480
3 1043 472 962
3 962 187 472
3 187 472 1043
3 1043 187 962
3 472 284 384
3 187 472 284
3 384 187 284
3 384 187 472
3 520 282 337
3 520 282 849
3 849 282 337
3 849 337 520
3 616 203 869
3 869 203 970
3 970 616 869
3 203 970 616
3 302 1017 783
3 881 302 783
3 1017 783 881
3 881 302 1017
3 57 220 1112
3 1059 57 220
3 57 1112 1059
3 220 1059 1112
3 496 57 1112
3 496 57 451
3 1112 451 496
3 57 1112 451
3 182 476 753
3 624 182 753
3 182 476 624
3 624 476 753
3 753 139 624
3 139 624 1072
3 753 139 1072
3 624 753 1072
3 84 700 139
3 700 139 1072
3 1072 84 700
3 1072 84 139
3 656 570 461
3 461 310 570
3 461 310 656
3 570 310 656
3 1122 461 570
3 570 74 1122
3 74 1122 461
3 570 74 461
3 865 686 975
3 354 686 865
3 975 354 865
3 975 354 686
3 1104 192 905
3 905 146 1104
3 905 146 192
3 146 1104 192
3 1058 498 678
3 678 390 1058
3 678 390 498
3 498 390 1058
3 482 275 853
3 275 853 550
3 550 482 853
3 482 275 550
3 703 482 12
3 853 12 482
3 12 703 853
3 482 853 703
3 793 534 938
3 938 53 793
3 53 793 534
3 938 53 534
3 370 1156 894
3 370 168 1156
3 370 168 894
3 894 168 1156
3 1156 186 168
3 186 1162 1156
3 1162 168 186
3 168 1156 1162
3 963 481 931
3 481 931 101
3 963 101 931
3 963 101 481
3 631 43 879
3 631 43 1169
3 1169 879 43
3 1169 631 879
3 808 43 1169
3 43 1169 62
3 1169 62 808
3 62 43 808
3 112 1083 79
3 1129 79 112
3 1129 79 1083
3 1083 112 1129
3 820 238 945
3 820 238 566
3 945 566 820
3 566 238 945
3 566 557 890
3 566 557 820
3 566 820 890
3 557 890 820
3 399 375 1196
3 375 968 399
3 968 399 1196
3 1196 375 968
3 1145 207 909
3 227 207 1145
3 909 227 1145
3 207 909 227
3 1145 174 1176
3 1145 174 227
3 1176 227 1145
3 227 1176 174
3 76 417 438
3 76 438 943
3 943 76 417
3 438 417 943
3 88 1024 417
3 1024 417 943
3 417 88 943
3 943 88 1024
3 770 281 919
3 919 107 770
3 281 107 919
3 107 770 281
3 999 679 445
3 1046 445 679
3 1046 445 999
3 679 1046 999
3 148 976 679
3 976 679 1046
3 1046 148 976
3 679 148 1046
3 258 507 648
3 648 258 681
3 507 681 258
3 648 507 681
3 258 65 766
3 258 65 507
3 258 507 766
3 766 507 65
3 1008 594 829
3 326 594 1008
3 829 326 1008
3 829 326 594
3 1020 1 331
3 1 1102 331
3 1102 331 1020
3 1020 1 1102
3 1065 1 1102
3 1065 1 554
3 1 1102 554
3 1102 554 1065
3 643 465 1011
3 1011 206 465
3 206 465 643
3 643 206 1011
3 206 465 1083
3 206 79 465
3 206 79 1083
3 465 79 1083
3 773 85 923
3 773 85 467
3 923 467 773
3 467 85 923
3 467 48 773
3 467 48 1038
3 467 1038 773
3 773 48 1038
3 950 845 1007
3 1007 523 845
3 1007 523 950
3 523 845 950
3 746 503 715
3 503 437 715
3 503 437 746
3 715 437 746
3 633 477 542
3 960 542 633
3 960 477 633
3 477 542 960
3 633 469 1073
3 633 469 960
3 1073 633 960
3 469 960 1073
3 360 423 932
3 932 423 625
3 932 360 625
3 625 360 423
3 932 928 102
3 625 102 932
3 928 625 932
3 102 928 625
3 189 253 290
3 977 189 253
3 977 189 290
3 290 253 977
3 900 290 860
3 860 290 977
3 860 977 900
3 290 977 900
3 162 971 463
3 463 162 1022
3 1022 162 971
3 971 463 1022
3 510 463 886
3 510 463 1022
3 886 1022 463
3 1022 510 886
3 14 1155 1067
3 408 14 1155
3 408 14 1067
3 1067 408 1155
3 1015 408 61
3 1155 61 408
3 1155 61 1015
3 408 1155 1015
3 868 34 969
3 602 34 868
3 34 969 602
3 969 602 868
3 602 868 1082
3 602 1082 237
3 868 237 602
3 237 1082 868
3 532 864 664
3 532 311 864
3 532 311 664
3 311 864 664
3 549 2 706
3 242 2 706
3 706 242 549
3 549 2 242
3 1148 68 582
3 68 582 457
3 582 457 1148
3 457 68 1148
3 1148 308 882
3 882 1148 457
3 457 308 882
3 457 308 1148
3 1171 142 918
3 918 15 1171
3 15 1171 142
3 142 15 918
3 1171 651 15
3 856 15 651
3 651 856 1171
3 856 15 1171
3 802 373 450
3 831 450 802
3 802 373 831
3 373 450 831
3 907 249 796
3 907 249 555
3 796 555 249
3 796 555 907
3 1139 299 364
3 459 364 1139
3 459 299 1139
3 299 364 459
3 397 364 956
3 956 364 299
3 397 299 956
3 397 299 364
3 1114 197 499
3 197 499 614
3 614 197 1114
3 614 499 1114
3 1114 459 1139
3 1114 459 614
3 614 1114 1139
3 1139 614 459
3 135 56 295
3 951 135 295
3 295 56 951
3 56 951 135
3 903 135 427
3 903 135 295
3 903 295 427
3 135 427 295
3 951 904 56
3 649 56 904
3 56 951 649
3 951 649 904
3 755 10 697
3 910 697 755
3 697 910 10
3 755 10 910
3 547 641 697
3 697 641 755
3 755 547 697
3 755 547 641
3 830 913 234
3 645 234 830
3 913 645 830
3 234 913 645
3 830 759 828
3 830 759 645
3 645 830 828
3 828 645 759
3 564 312 248
3 464 248 564
3 564 312 464
3 464 248 312
3 376 646 263
3 844 263 376
3 844 263 646
3 844 376 646
3 646 235 844
3 235 844 949
3 949 646 844
3 235 949 646
3 511 540 431
3 431 359 540
3 359 540 511
3 511 359 431
3 431 74 1122
3 431 74 511
3 511 1122 74
3 431 511 1122
3 514 568 123
3 568 514 1026
3 123 514 1026
3 1026 123 568
3 246 70 742
3 246 70 972
3 742 972 70
3 246 742 972
3 359 70 972
3 70 972 540
3 359 540 972
3 359 70 540
3 869 413 616
3 616 869 735
3 413 616 735
3 413 735 869
3 413 93 967
3 413 93 735
3 735 967 93
3 413 735 967
3 1001 302 1017
3 302 222 1001
3 1017 222 1001
3 1017 222 302
3 590 282 671
3 282 337 671
3 671 337 590
3 282 337 590
3 216 892 280
3 892 280 475
3 280 216 475
3 475 216 892
3 217 1069 334
3 1069 334 698
3 698 217 1069
3 334 217 698
3 368 382 777
3 622 368 382
3 622 368 777
3 777 382 622
3 495 5 1111
3 536 1111 495
3 5 1111 536
3 495 5 536
3 880 69 509
3 812 509 880
3 69 812 509
3 880 69 812
3 1000 69 812
3 69 812 458
3 1000 69 458
3 812 458 1000
3 1111 456 5
3 1166 5 456
3 456 1166 1111
3 5 1111 1166
3 1166 294 767
3 767 456 1166
3 294 767 456
3 456 294 1166
3 837 329 244
3 244 837 724
3 724 244 329
3 837 329 724
3 1187 329 724
3 724 19 329
3 724 19 1187
3 329 19 1187
3 1058 132 390
3 132 390 782
3 390 1058 782
3 1058 132 782
3 415 1027 534
3 938 415 534
3 415 1027 938
3 1027 534 938
3 345 101 481
3 345 101 470
3 345 470 481
3 101 481 470
3 1041 345 470
3 710 470 1041
3 345 470 710
3 710 345 1041
3 205 369 1177
3 369 78 1177
3 205 78 1177
3 205 78 369
3 451 109 496
3 451 874 496
3 451 109 874
3 496 109 874
3 95 688 112
3 688 112 1129
3 1129 95 688
3 1129 95 112
3 173 95 688
3 173 95 1086
3 1086 688 95
3 688 173 1086
3 1108 968 375
3 524 375 968
3 524 375 1108
3 524 1108 968
3 1078 124 788
3 124 1078 33
3 788 33 1078
3 788 33 124
3 788 502 863
3 124 788 502
3 863 124 788
3 502 124 863
3 1009 97 825
3 1009 97 401
3 825 401 1009
3 401 97 825
3 1080 326 594
3 594 318 1080
3 594 318 326
3 326 318 1080
3 885 304 786
3 942 786 885
3 885 304 942
3 304 942 786
3 990 103 1091
3 120 103 990
3 1091 120 990
3 120 103 1091
3 964 1099 990
3 120 964 990
3 1099 120 990
3 1099 120 964
3 523 204 950
3 523 950 898
3 950 898 204
3 523 204 898
3 525 210 474
3 525 210 823
3 210 823 474
3 474 525 823
3 239 210 1130
3 1130 210 823
3 210 823 239
3 823 239 1130
3 404 98 1097
3 708 404 1097
3 1097 708 98
3 98 708 404
3 423 98 360
3 360 98 708
3 360 423 708
3 98 708 423
3 1052 77 387
3 1052 77 1174
3 387 1174 77
3 387 1052 1174
3 424 283 807
3 424 99 283
3 807 99 283
3 424 99 807
3 405 283 1158
3 283 1158 99
3 99 283 405
3 405 99 1158
3 971 741 162
3 661 162 971
3 661 741 971
3 661 162 741
3 741 80 1140
3 741 80 661
3 1140 661 80
3 1140 661 741
3 357 311 664
3 822 311 664
3 664 822 357
3 357 311 822
3 670 185 1051
3 692 185 1051
3 670 185 692
3 670 1051 692
3 489 533 998
3 489 257 533
3 257 998 533
3 489 257 998
3 1183 450 373
3 373 169 1183
3 373 169 450
3 169 1183 450
3 249 555 305
3 555 305 717
3 717 249 555
3 305 249 717
3 305 717 687
3 795 305 687
3 795 305 717
3 717 687 795
3 680 561 934
3 561 680 18
3 934 18 680
3 934 18 561
3 934 490 948
3 680 490 934
3 948 680 934
3 490 948 680
3 720 18 561
3 764 561 720
3 720 18 764
3 18 561 764
3 518 216 892
3 518 216 1153
3 216 1153 892
3 892 518 1153
3 1107 674 377
3 377 317 674
3 377 317 1107
3 317 1107 674
3 317 831 1107
3 802 317 831
3 802 831 1107
3 802 317 1107
3 908 323 709
3 908 709 36
3 323 36 908
3 323 36 709
3 314 105 1063
3 314 105 1068
3 1068 314 1063
3 1068 1063 105
3 862 123 514
3 762 514 862
3 862 123 762
3 123 514 762
3 464 564 762
3 862 464 564
3 862 464 762
3 762 564 862
3 777 527 622
3 777 527 1093
3 1093 622 777
3 1093 622 527
3 1170 179 917
3 179 0 917
3 917 0 1170
3 0 1170 179
3 683 536 1167
3 1167 495 536
3 683 495 1167
3 495 536 683
3 1167 19 683
3 1187 683 19
3 683 1167 1187
3 19 1187 1167
3 956 268 397
3 397 956 1136
3 956 268 1136
3 1136 397 268
3 297 132 782
3 297 675 782
3 297 132 675
3 132 782 675
3 1059 297 675
3 675 220 297
3 675 220 1059
3 297 220 1059
3 415 125 1027
3 415 125 792
3 125 1027 792
3 792 415 1027
3 939 125 792
3 125 792 765
3 792 765 939
3 939 125 765
3 1086 226 173
3 1086 226 986
3 986 173 1086
3 986 173 226
3 986 36 908
3 986 36 226
3 908 226 986
3 36 908 226
3 201 77 1174
3 201 673 1174
3 673 77 1174
3 201 77 673
3 988 78 420
3 988 78 1177
3 1177 420 988
3 1177 420 78
3 988 94 588
3 588 420 988
3 420 94 988
3 94 588 420
3 989 38 478
3 478 60 989
3 38 478 60
3 989 38 60
3 405 1158 989
3 60 405 989
3 1158 60 405
3 1158 60 989
3 954 47 615
3 615 1194 47
3 1194 615 954
3 954 47 1194
3 954 580 301
3 615 301 954
3 615 301 580
3 615 580 954
3 30 1014 519
3 519 1061 1014
3 1061 30 519
3 1061 30 1014
3 770 519 1061
3 770 1061 107
3 519 107 770
3 519 107 1061
3 909 1095 207
3 909 324 1095
3 324 207 1095
3 324 207 909
3 1095 401 1009
3 1095 401 324
3 1009 324 1095
3 1009 324 401
3 832 1080 318
3 1144 318 832
3 1144 318 1080
3 1080 832 1144
3 374 530 832
3 832 530 1144
3 1144 374 530
3 1144 374 832
3 554 539 1065
3 554 1065 818
3 554 539 818
3 1065 818 539
3 304 942 539
3 942 539 818
3 539 304 818
3 818 304 942
3 541 785 432
3 785 541 801
3 801 432 785
3 801 432 541
3 1142 204 617
3 1142 204 898
3 204 898 617
3 898 617 1142
3 524 617 1108
3 1108 617 1142
3 1142 524 1108
3 1142 524 617
3 746 193 437
3 437 746 1079
3 746 193 1079
3 437 1079 193
3 729 193 485
3 729 193 1079
3 193 1079 485
3 1079 485 729
3 916 419 756
3 916 419 775
3 419 756 775
3 775 756 916
3 775 10 419
3 775 10 910
3 910 419 775
3 10 910 419
3 927 1044 11
3 1119 927 1044
3 1119 11 1044
3 1119 11 927
3 1044 549 1119
3 242 1119 549
3 1044 242 1119
3 1044 242 549
3 159 501 538
3 538 501 571
3 571 159 501
3 571 159 538
3 538 571 657
3 553 657 571
3 553 538 571
3 553 538 657
3 478 1161 38
3 627 38 1161
3 627 478 1161
3 38 478 627
3 1161 140 627
3 627 1161 779
3 140 627 779
3 1161 140 779
3 637 52 745
3 52 745 974
3 637 745 974
3 637 52 974
3 568 1026 637
3 1026 637 974
3 974 568 1026
3 974 568 637
3 1016 110 158
3 1016 110 1137
3 110 1137 158
3 1137 158 1016
3 937 720 764
3 902 720 937
3 902 764 937
3 720 764 902
3 937 53 902
3 793 902 53
3 937 793 902
3 937 53 793
3 671 1037 590
3 590 315 1037
3 590 315 671
3 671 315 1037
3 1163 315 341
3 341 1163 1037
3 1037 341 315
3 315 1037 1163
3 323 709 776
3 776 323 400
3 709 400 323
3 709 400 776
3 96 911 400
3 911 400 776
3 776 96 400
3 776 96 911
3 597 50 1182
3 50 1182 449
3 1182 449 597
3 597 50 449
3 512 270 799
3 512 270 660
3 799 512 660
3 270 799 660
3 660 72 1101
3 660 72 512
3 512 660 1101
3 512 1101 72
3 167 1104 146
3 435 146 1104
3 435 146 167
3 167 435 1104
3 354 167 686
3 354 167 435
3 435 686 354
3 686 167 435
3 334 698 965
3 840 698 965
3 840 334 965
3 840 334 698
3 840 965 1170
3 0 840 1170
3 965 0 1170
3 965 0 840
3 155 579 268
3 579 268 1136
3 268 155 1136
3 1136 155 579
3 1168 61 1015
3 4 1168 61
3 1015 4 1168
3 61 4 1015
3 1123 188 287
3 1123 188 662
3 662 287 1123
3 188 662 287
3 813 47 1194
3 1194 300 813
3 813 47 300
3 300 47 1194
3 687 436 795
3 347 436 687
3 795 347 436
3 795 347 687
3 1071 186 1162
3 199 186 1162
3 1162 199 1071
3 1071 186 199
3 361 628 279
3 652 279 361
3 652 361 628
3 652 279 628
3 628 16 652
3 652 1127 16
3 1127 628 652
3 628 16 1127
3 801 71 541
3 71 726 541
3 726 541 801
3 801 71 726
3 247 71 996
3 247 71 726
3 247 996 726
3 71 726 996
3 1036 86 115
3 1036 86 1089
3 115 1036 1089
3 1089 115 86
3 692 115 670
3 692 115 1036
3 1036 670 692
3 670 115 1036
3 716 440 513
3 716 440 761
3 440 513 761
3 761 513 716
3 761 357 716
3 761 357 822
3 822 716 761
3 357 822 716
3 1191 553 657
3 163 1191 553
3 657 163 553
3 657 163 1191
3 1191 330 800
3 800 163 330
3 800 163 1191
3 163 1191 330
3 105 1068 144
3 811 105 1068
3 811 105 144
3 1068 144 811
3 1153 144 518
3 1153 144 811
3 518 1153 811
3 518 811 144
3 750 217 1069
3 750 217 1030
3 217 1030 1069
3 1069 750 1030
3 750 475 280
3 1030 280 750
3 280 475 1030
3 1030 475 750
3 117 847 1106
3 847 870 1106
3 870 117 847
3 117 1106 870
3 847 597 870
3 597 870 449
3 847 449 870
3 847 449 597
3 169 603 1183
3 603 1055 1183
3 1055 169 603
3 1055 169 1183
3 603 201 1055
3 1055 201 673
3 673 603 1055
3 201 673 603
3 918 630 142
3 918 428 630
3 428 142 630
3 142 918 428
3 630 4 1168
3 630 4 428
3 428 630 1168
3 1168 428 4
3 188 662 906
3 662 906 565
3 565 188 906
3 565 188 662
3 110 843 1137
3 957 110 843
3 1137 843 957
3 957 110 1137
3 957 813 300
3 843 300 957
3 843 300 813
3 843 813 957
3 904 264 649
3 264 649 497
3 904 497 649
3 904 264 497
3 330 800 884
3 346 330 884
3 346 884 800
3 346 330 800
3 1049 412 339
3 339 1049 1117
3 412 1117 1049
3 1117 339 412
3 412 199 1117
3 1071 412 1117
3 1117 1071 199
3 412 199 1071
3 936 289 763
3 289 763 454
3 454 289 936
3 763 454 936
3 936 257 998
3 936 257 454
3 998 454 936
3 998 454 257
3 1001 1034 222
3 552 222 1001
3 552 222 1034
3 552 1034 1001
3 1034 158 1016
3 1034 158 552
3 1016 552 1034
3 158 1016 552
3 929 619 528
3 528 929 548
3 548 619 929
3 548 528 619
3 528 96 911
3 528 96 929
3 911 528 929
3 96 929 911
3 895 182 476
3 593 476 895
3 895 182 593
3 593 182 476
3 895 520 849
3 895 849 593
3 593 520 895
3 593 520 849
3 656 28 310
3 28 1180 310
3 656 28 1180
3 310 656 1180
3 799 28 270
3 799 28 1180
3 1180 270 799
3 28 1180 270
3 740 579 155
3 883 579 740
3 883 155 579
3 883 155 740
3 740 458 1000
3 740 458 883
3 458 883 1000
3 1000 740 883
3 744 176 888
3 744 176 1004
3 1004 744 888
3 176 1004 888
3 874 20 109
3 20 1109 874
3 109 874 1109
3 20 109 1109
3 264 20 1109
3 1109 264 497
3 497 20 1109
3 497 20 264
3 1074 164 636
3 1074 164 491
3 1074 491 636
3 491 636 164
3 1124 565 906
3 906 487 565
3 906 487 1124
3 487 1124 565
3 1124 347 436
3 1124 347 487
3 487 436 1124
3 347 436 487
3 548 208 619
3 619 198 548
3 619 198 208
3 198 208 548
3 527 208 1093
3 198 208 527
3 527 198 1093
3 1093 198 208
3 884 75 346
3 1190 346 884
3 884 75 1190
3 75 1190 346
3 1004 75 176
3 1004 75 1190
3 75 1190 176
3 1190 176 1004
3 861 126 1075
3 861 349 1075
3 861 126 349
3 349 1075 126
3 491 126 164
3 491 126 349
3 164 126 349
3 349 164 491
3 26 1134 997
4 137 997 1134 1138
3 137 433 1138
4 26 433 1138 1134
3 997 76 417
4 997 1141 191 76
3 1141 438 191
4 417 438 1141 997
3 485 303 959
3 727 193 584
4 959 727 193 485
4 303 584 193 485
3 292 66 1110
3 265 224 650
4 265 1110 66 224
4 650 292 66 224
3 768 394 647
4 992 768 394 500
3 500 22 992
4 394 500 22 647
3 1182 549 597
4 1044 549 1182 218
3 1044 50 218
4 549 1044 50 597
4 322 466 946 191
3 322 191 438
3 821 466 946
4 438 821 466 322
3 1021 531 1103
3 269 49 659
4 49 531 1021 659
4 269 1103 531 49
3 66 7 1113
4 814 1113 7 177
3 814 177 1199
4 66 1199 177 7
3 1139 434 138
3 160 1114 743
4 1114 1139 138 743
4 1139 1114 160 434
3 560 76 723
4 560 833 821 76
3 821 444 833
4 723 444 821 76
3 7 1113 787
3 1198 1066 331
4 1113 1198 331 787
4 1198 1113 7 1066
4 1098 1012 202 319
3 1098 319 398
3 1175 1012 202
4 1098 1012 1175 398
3 157 152 737
4 677 737 157 612
3 677 612 1057
4 157 612 1057 152
3 1076 256 605
4 147 256 1076 515
3 147 515 794
4 605 794 515 1076
3 549 597 706
3 847 2 858
4 706 858 847 597
4 597 847 2 549
3 529 89 251
4 529 587 944 89
3 1076 587 944
4 529 587 1076 251
3 944 605 1076
3 286 63 313
4 286 1076 605 63
4 313 944 605 63
3 66 1110 1113
4 875 1110 1113 111
3 111 245 875
4 66 245 875 1110
3 1198 772 815
4 1198 245 522 772
3 522 111 245
4 522 772 815 111
3 1125 380 809
4 613 1125 380 402
3 402 46 613
4 380 402 46 809
4 285 488 149 392
4 307 559 149 392
3 307 392 285
3 488 149 559
3 1070 37 921
4 37 243 274 921
3 274 243 747
4 37 243 747 1070
3 839 526 621
4 600 526 839 362
4 621 915 362 839
3 915 362 600
3 526 665 621
4 466 621 665 946
3 946 343 466
4 343 526 665 946
3 621 108 839
4 108 576 599 621
3 576 599 1128
4 839 1128 599 621
4 322 599 576 613
3 1084 576 599
4 576 613 402 1084
3 613 322 402
3 328 1170 1060
3 610 965 260
4 965 1170 1060 260
4 328 610 965 1170
3 293 67 1192
4 67 136 1060 293
3 328 136 1060
4 67 136 328 1192
3 719 639 166
4 719 833 821 639
3 946 833 821
4 719 833 946 166
4 165 1021 353 166
3 353 1021 665
3 166 165 639
4 639 665 1021 165
4 634 1091 595 618
3 618 103 634
3 1091 595 990
4 103 990 595 618
3 118 386 434
3 896 1165 941
4 434 941 1165 118
4 434 941 896 386
3 89 251 1006
3 485 959 515
4 959 1006 89 515
4 959 1006 251 485
3 1006 896 941
3 271 236 658
4 271 941 896 236
4 658 1006 896 236
3 941 89 1006
4 743 941 89 286
3 286 160 743
4 160 1006 89 286
3 772 815 922
3 1035 9 316
4 815 1035 9 772
4 1035 815 922 316
3 825 591 1009
3 543 97 930
4 543 591 825 930
4 543 591 1009 97
3 1025 445 679
4 289 445 1025 513
4 513 1025 679 999
3 289 513 999
3 848 547 592
4 547 697 232 592
3 697 232 185
4 697 547 848 185
3 1103 353 1021
4 864 353 1103 309
4 27 1021 353 864
3 864 27 309
3 262 82 113
3 1087 535 1126
4 262 535 1087 113
4 262 535 1126 82
3 445 121 228
4 445 763 927 121
3 778 763 927
4 445 763 778 228
5 165 166 791 1192 1135
4 165 269 1195 1135
4 266 1192 791 714
10 1195 269 1021 353 586 836 714 266 1056 267
4 166 586 836 791
4 1056 1192 1135 267
3 202 62 1175
3 757 43 1164
4 43 62 202 1164
4 43 62 1175 757
3 157 737 739
4 737 873 395 739
3 395 653 873
4 873 737 157 653
4 81 1125 452 58
3 81 58 752
3 809 452 1125
4 809 752 58 452
4 1040 1091 1048 254
5 595 81 58 1048 1091
4 559 1048 58 149
10 1197 618 634 1040 254 559 149 452 1125 46
4 595 1197 46 81
4 1125 855 392 452
3 131 392 855
3 1125 875 452
4 855 1125 875 131
3 108 839 425
3 1103 425 531
3 526 353 665
5 526 839 425 1103 353
5 531 108 621 665 1021
3 531 108 425
4 1081 425 839 333
4 425 1081 629 108
3 629 1081 333
3 576 265 1128
3 178 131 855
4 265 131 178 1128
4 576 855 131 265
3 749 605 256
4 705 749 605 947
3 859 705 947
4 705 749 256 859
3 725 63 563
4 608 725 63 859
3 947 608 859
4 947 563 725 608
3 494 154 1131
3 154 26 1134
3 154 1131 1134
3 494 560 1131
5 560 76 997 1134 1131
5 26 417 723 494 154
3 723 494 560
3 417 26 997
3 723 417 76
4 154 396 876 494
4 175 1131 154 396
3 396 175 876
4 26 59 1002 154
3 196 59 1002
4 196 1134 26 59
4 136 1134 1131 1060
3 136 1060 430
4 154 430 1060 1131
3 298 991 993
4 876 991 993 396
3 396 654 876
4 876 991 298 654
3 71 993 996
4 59 996 993 1002
3 1002 247 59
4 1002 993 71 247
3 121 228 1039
3 824 468 985
3 973 679 1025
3 985 1039 468
3 824 973 985
5 121 468 824 1025 445
3 468 121 1039
5 1039 228 679 973 985
3 1025 824 973
3 679 228 445
3 921 1160 37
3 1160 118 386
3 921 364 1070
3 138 118 434
3 386 37 1160
5 138 118 1160 921 364
3 364 138 1139
5 37 386 434 1139 1070
3 364 1070 1139
4 37 228 1039 921
4 921 1039 121 1160
4 86 468 824 916
3 86 35 916
4 86 468 985 35
4 119 381 1087 3
4 1003 743 286 439
10 1185 82 1087 381 587 944 286 743 434 118
4 439 944 587 119
4 3 82 1185 672
5 1003 672 3 119 439
4 434 1003 672 118
3 119 3 1031
3 1126 381 1087
4 119 381 1126 1031
3 927 596 778
4 218 596 778 11
4 218 596 927 1044
3 218 11 1044
3 596 1185 778
4 1160 778 1185 386
4 778 1160 118 596
3 192 1003 439
3 286 743 313
4 743 1003 192 313
3 483 145 506
4 506 1028 626 145
3 1028 626 667
4 483 667 626 145
4 366 842 340 774
3 866 366 774
4 409 866 366 842
3 842 340 409
3 712 283 733
4 668 712 283 405
4 901 733 283 405
3 901 405 668
3 225 100 933
4 202 225 100 1012
3 704 202 1012
4 202 225 933 704
3 638 996 789
4 1005 996 789 88
3 88 1005 250
4 996 1005 250 638
3 909 371 1145
3 207 9 1095
4 207 1145 371 9
4 9 371 909 1095
3 502 825 907
4 320 825 502 796
4 320 825 907 249
3 249 320 796
3 502 219 907
3 863 721 788
4 502 788 721 219
4 219 721 863 907
3 694 421 1116
3 774 211 866
4 694 866 211 421
4 211 421 1116 774
3 366 774 1019
4 366 684 231 774
3 684 231 1033
4 231 774 1019 1033
3 770 647 768
3 391 519 133
4 647 133 519 770
4 519 770 768 391
3 292 350 1110
3 350 348 492
3 492 292 350
5 350 348 787 1113 1110
3 238 787 348
3 238 7 787
3 492 238 348
5 292 66 7 238 492
4 1110 392 285 350
3 285 131 392
4 285 350 292 131
4 350 835 585 348
3 585 442 835
4 442 492 348 585
4 350 506 609 292
3 483 609 506
4 483 492 292 609
4 585 718 488 835
3 730 835 585
4 556 730 835 488
3 718 488 556
3 1048 1091 505
3 254 606 1040
4 505 606 1040 1091
3 505 221 1048
4 505 790 64 221
3 288 64 790
4 1048 288 64 221
4 516 973 679 148
3 486 148 516
4 148 679 1025 486
4 985 1085 183 1039
3 233 1085 183
4 985 1085 233 468
4 364 397 233 921
3 397 183 233
4 364 397 183 1070
4 666 973 985 29
3 29 666 240
4 666 973 824 240
3 240 14 1155
4 240 35 810 14
3 1067 35 810
4 35 240 1155 1067
3 578 269 1195
3 269 1195 659
3 923 578 773
3 634 49 618
3 103 634 923
5 269 578 923 634 49
3 578 773 1195
3 49 618 659
3 773 103 923
5 103 618 659 1195 773
4 27 269 1195 24
4 27 269 578 308
3 27 24 308
3 848 1118 422
4 1051 848 1118 2
4 848 1051 858 422
3 2 858 1051
3 623 343 372
4 372 410 915 343
3 410 915 181
4 915 343 623 181
3 8 1135 165
3 639 8 165
3 67 8 1135
3 293 791 1192
5 8 67 293 719 639
3 719 293 791
3 791 166 719
3 67 1192 1135
4 8 659 1195 1135
4 639 191 1141 8
4 639 191 1100 165
3 1100 191 1141
5 529 1154 1165 941 89
3 13 1154 1165
3 239 1154 529
3 239 13 1154
3 896 13 1165
5 13 896 1006 251 239
3 251 239 529
4 1165 1185 82 1154
4 381 529 1154 1087
3 82 113 1185
4 13 113 1185 1165
4 8 137 1138 67
3 363 137 1138
4 8 137 363 1135
3 587 944 987
3 273 850 987
5 256 51 273 587 1076
3 587 273 987
3 273 51 850
5 605 944 987 850 749
3 850 749 51
3 256 51 749
3 439 119 325
4 439 944 987 325
3 545 581 702
3 521 1032 543
4 1032 581 702 521
4 581 1032 543 545
4 377 1007 44 278
3 377 278 1107
3 674 44 1007
4 44 278 1107 674
3 521 394 1032
4 365 394 521 342
3 1018 342 365
4 342 521 1032 1018
3 930 521 543
4 803 930 521 693
4 930 803 1115 543
3 693 803 1115
4 427 736 156 842
3 738 736 156
4 685 738 736 427
3 842 427 685
3 653 181 410
4 181 448 816 653
3 867 816 448
4 653 816 867 410
4 11 121 468 1089
4 756 824 1025 440
10 11 927 763 289 513 440 756 916 86 1089
3 830 211 1042
3 828 145 574
4 211 574 828 830
4 828 830 1042 145
4 846 1081 574 857
3 1081 574 828
3 857 116 846
4 857 574 828 116
4 116 425 1103 887
4 531 846 887 1103
3 116 846 887
3 763 455 936
3 596 82 1185
3 936 262 455
5 113 455 763 778 1185
3 455 113 262
5 262 82 596 927 936
3 763 927 936
4 65 455 763 999
3 289 65 999
4 289 936 455 65
3 573 164 928
3 471 126 851
4 126 164 928 471
4 126 164 573 851
3 711 702 40
4 702 1115 471 711
4 702 1115 851 40
3 471 1115 851
3 1048 58 221
3 595 81 1184
3 595 1184 990
3 81 1184 752
3 221 752 58
5 505 221 752 1184 990
3 990 505 1091
4 882 578 923 114
4 882 578 773 85
3 882 85 114
3 1010 1157 691
4 474 1010 1157 85
3 474 114 85
4 474 1010 691 114
4 526 690 532 353
3 532 690 586
4 665 586 690 526
3 547 592 690
3 600 181 915
4 547 600 181 592
4 181 592 690 915
10 333 1081 116 887 309 864 532 690 600 362
3 134 966 266
3 535 1126 1056
4 966 1126 1056 134
4 266 535 1126 966
3 179 134 966
3 714 134 266
3 179 1182 966
3 533 266 714
3 533 706 714
5 266 533 549 1182 966
3 549 533 706
5 179 134 714 706 597
3 597 179 1182
3 917 328 1170
4 134 328 917 966
4 179 1170 328 134
4 134 293 791 714
3 1106 344 376
4 858 344 376 117
3 858 117 847
4 1106 847 858 344
3 376 334 1106
4 376 646 217 334
3 263 217 646
4 263 1106 334 217
4 484 560 1131 610
3 484 260 610
4 484 560 494 260
10 821 833 484 610 1060 136 1138 137 1141 191
4 719 484 610 293
3 610 327 484
4 791 327 610 293
3 225 1066 170
5 100 772 1198 1066 225
3 772 100 922
3 922 933 100
3 933 170 225
3 815 331 1198
5 331 170 933 922 815
3 331 170 1066
4 1181 1066 225 757
3 1164 1181 757
4 1066 1181 1164 170
4 319 757 1181 177
3 122 319 177
3 1150 757 1181
4 319 757 1150 122
3 398 122 319
4 398 967 1121 122
4 319 1053 1121 122
3 967 1121 1053
3 224 429 650
4 153 429 650 952
3 153 952 955
4 650 952 955 224
3 637 742 745
4 742 1151 358 745
3 1151 52 358
4 742 1151 52 637
4 178 613 1197 1173
10 576 178 1173 49 659 165 639 946 466 599
5 322 613 1197 1100 191
4 659 1100 1197 49
4 46 855 1173 1197
3 1173 855 178
3 46 613 1197
4 108 178 1173 531
3 827 178 1173
4 827 425 108 178
3 859 129 608
3 22 794 992
4 794 859 608 992
4 859 794 22 129
4 473 705 947 252
3 473 252 963
3 947 551 705
4 551 963 252 947
3 325 192 439
4 905 439 325 368
3 905 368 1104
4 325 368 1104 192
3 382 917 1178
3 84 1178 754
3 754 136 430
5 136 328 917 1178 754
3 382 84 1178
3 430 84 754
5 84 430 1060 1170 382
3 1170 382 917
3 119 1031 325
4 1031 917 1178 119
4 325 382 917 1031
4 273 754 1178 987
4 987 1178 84 850
4 11 121 1039 893
3 893 11 1089
4 587 1179 32 273
10 920 32 1179 529 251 515 147 732 925 213
4 920 273 51 213
4 256 732 925 51
3 381 32 1179
4 32 273 987 381
3 1179 1087 381
4 1154 1087 1179 239
3 672 3 1054
4 3 82 596 1054
3 3 1031 1054
4 3 966 1182 1054
4 1054 1182 179 1031
3 1003 672 1101
3 672 1054 1101
5 1031 325 192 1101 1054
3 1101 192 1003
4 138 1101 672 118
3 246 413 332
4 413 967 1121 332
3 1151 967 1121
4 1151 246 413 967
3 789 352 493
5 789 996 993 991 352
3 638 493 789
3 298 71 993
3 991 352 498
3 352 498 493
3 498 298 991
5 493 638 71 298 498
3 638 71 996
3 211 1042 866
4 866 961 424 1042
4 961 866 211 626
3 961 626 424
3 1155 29 240
3 1085 1015 94
4 1015 1155 29 94
4 1015 1155 240 1085
10 111 1198 331 1020 567 585 835 285 392 875
4 23 111 875 149
4 23 1198 331 1
5 1 718 488 149 23
4 567 718 1 1020
4 1020 787 348 567
4 889 238 787 1020
3 567 1020 889
3 141 127 517
3 1012 504 704
4 127 504 1012 517
4 141 704 504 127
3 1078 127 388
3 788 562 721
4 127 721 788 1078
4 388 562 788 1078
4 789 1024 604 352
4 789 1024 255 493
3 1024 255 604
10 396 1002 59 1005 88 1024 604 713 607 876
4 352 713 607 991
4 494 607 713 723
4 26 1005 88 417
4 723 604 1024 417
3 728 388 1078
4 388 493 789 728
4 388 493 638 1078
3 141 1189 517
3 371 141 1189
3 371 1189 1145
5 388 728 1145 1189 517
3 388 517 127
3 1145 728 909
5 1078 127 141 371 909
3 728 909 1078
4 1090 1189 141 1098
3 1098 1090 212
4 212 517 1189 1090
10 7 1113 245 522 1189 141 1012 202 757 1181
5 319 1098 1090 814 177
4 522 1090 814 245
4 100 141 1189 772
4 100 141 371 922
3 694 804 1116
4 696 804 1116 184
4 804 696 231 694
3 696 231 184
3 1147 545 581
3 316 223 1035
4 316 545 1147 1035
4 316 545 581 223
3 581 539 1147
3 304 6 784
4 581 784 304 539
4 304 539 1147 6
3 304 784 786
3 885 1018 462
4 885 304 784 1018
4 784 1018 462 786
4 406 980 427 130
3 980 427 135
4 406 980 135 903
3 130 406 903
4 878 980 379 640
10 406 130 736 156 366 774 694 804 640 878
5 379 980 427 842 340
4 379 804 694 340
3 1014 676 978
4 133 676 978 30
3 133 30 519
4 519 1014 676 133
3 1186 559 149
4 559 1048 221 1186
3 452 111 875
4 23 111 452 1186
3 149 23 1186
3 143 631 1172
3 43 879 1164
4 43 631 1172 1164
4 1164 1172 143 879
3 272 730 804
4 663 730 804 321
3 321 663 640
4 663 730 272 640
4 367 556 488 254
3 367 254 606
3 488 556 559
4 559 606 367 556
3 147 22 794
3 732 391 1045
4 22 391 732 794
4 147 1045 391 22
10 666 29 1085 183 921 37 926 976 148 516
4 679 976 926 228
3 897 1120 1052
4 888 1120 1052 77
3 77 888 387
4 888 1120 897 387
3 897 14 1052
4 1082 897 14 21
3 92 21 1082
4 92 1052 14 21
3 1120 355 1140
3 355 29 666
3 355 1140 666
3 14 1155 1052
5 1120 355 29 1155 1052
3 1140 897 1120
5 240 666 1140 897 14
4 287 355 1140 161
3 287 161 744
4 1120 744 287 355
4 1077 666 29 588
5 588 274 243 441 1077
4 588 1085 183 274
4 1077 516 148 441
4 441 976 926 243
3 1077 588 1123
4 355 1123 588 29
3 588 274 988
3 1123 900 1077
3 274 988 747
3 1077 441 900
3 441 243 404
3 747 404 243
3 900 404 441
3 588 1123 988
5 404 900 1123 988 747
3 183 94 1085
4 183 274 988 94
4 150 266 714 489
4 150 1056 267 24
5 24 150 489 864 27
4 864 586 836 489
3 489 150 998
4 150 266 533 998
3 535 267 1056
4 24 267 535 1193
3 150 24 1193
3 150 998 1193
4 150 262 936 998
4 936 998 1193 455
3 586 443 836
3 836 1118 443
3 592 422 848
3 443 422 1118
5 586 443 422 592 690
3 836 532 586
5 532 836 1118 848 547
3 547 532 690
4 719 443 586 166
4 706 1118 836 533
4 1118 706 714 443
3 1084 632 83
4 200 632 1084 1146
4 83 403 1146 1084
3 200 403 1146
3 599 83 1084
3 632 224 429
5 265 576 1084 632 224
5 599 1128 650 429 83
3 1128 650 265
3 429 83 632
3 343 372 466
4 343 599 83 372
4 83 372 466 1084
3 806 827 1092
4 827 846 857 1092
4 215 806 827 846
3 846 215 857
5 392 307 806 1173 855
4 634 806 1173 618
4 806 1040 254 307
3 1173 806 827
5 827 178 131 285 1092
3 1092 285 307
3 806 307 1092
4 634 806 827 49
10 1128 108 425 846 857 852 442 350 292 265
4 285 442 852 1092
4 442 506 574 852
5 574 506 609 629 1081
4 265 609 629 1128
3 442 421 852
3 145 506 574
4 442 506 145 421
5 835 730 804 1116 852
3 1116 852 421
3 442 835 852
3 585 272 730
3 694 272 804
5 421 694 272 585 442
4 644 1116 852 215
4 307 835 852 1092
10 663 321 696 184 644 215 1092 307 488 556
3 215 857 644
4 1116 644 857 421
4 691 644 215 241
4 254 307 1092 241
5 254 367 826 691 241
4 663 367 826 321
4 184 691 826 696
3 691 241 1157
4 215 241 1157 546
3 546 215 644
3 254 241 1040
4 241 634 923 1157
3 241 1040 1157
4 923 1157 1040 103
10 806 827 531 1103 27 308 882 114 1157 241
3 31 1176 522
5 380 1125 875 245 31
3 245 31 522
3 380 31 1176
5 452 809 1176 522 111
3 380 809 1176
4 1145 1176 31 1189
4 1176 1145 371 522
3 814 981 1199
4 632 981 814 224
4 632 981 1199 429
3 1090 814 981
3 981 212 1090
5 1199 981 212 398 122
3 1199 122 177
3 398 212 1098
10 814 66 1110 131 855 613 402 1146 200 981
4 245 814 981 31
4 1146 380 31 200
4 212 277 403 981
4 277 212 1090 200
3 277 200 403
4 1199 955 25 122
10 955 429 632 403 277 1013 93 967 1121 25
4 212 1013 93 398
4 925 964 389 732
4 1130 1179 32 1038
4 920 1038 964 213
4 529 1130 729 251
5 389 964 1038 1130 729
4 729 515 147 389
4 136 363 982 754
3 363 982 1138
4 754 982 1138 430
3 982 213 920
4 51 213 982 850
10 1192 67 363 982 273 987 119 1031 966 134
3 267 48 655
4 267 578 773 48
4 655 1195 773 48
3 267 1056 655
5 655 32 381 1126 1056
3 655 32 48
5 1179 48 267 535 1087
3 1179 48 32
4 67 655 1056 1192
4 655 363 982 32
3 920 363 982
4 655 363 920 48
3 591 276 1188
3 545 40 702
4 40 276 1188 545
4 40 276 591 702
3 591 1188 1009
3 276 1188 854
3 54 219 854
3 276 54 854
5 591 276 54 907 825
3 907 54 219
5 219 854 1188 1009 502
3 1009 502 825
3 9 1095 316
4 1009 1095 316 591
4 1095 1009 1188 9
4 922 1188 276 933
4 100 854 1188 922
3 826 367 503
3 826 691 1010
3 503 606 367
3 1010 503 826
5 503 606 1040 1157 1010
4 356 503 826 321
3 356 321 663
3 418 1062 525
3 210 1088 474
4 418 474 1088 1062
4 1062 1088 210 525
3 383 184 696
4 383 1010 691 184
3 899 584 727
4 584 885 414 899
3 462 414 885
4 462 727 899 414
3 1143 727 899
3 236 601 658
4 658 727 899 601
4 658 727 1143 236
3 342 102 477
4 342 1115 471 102
3 693 471 1115
4 102 471 693 477
4 287 1077 900 290
3 188 290 287
4 290 900 1123 188
3 463 366 1019
3 463 1019 886
3 1042 234 830
5 234 463 366 866 1042
5 211 830 886 1019 774
3 463 234 886
3 234 830 886
4 738 366 463 162
3 162 156 738
4 156 1019 463 162
4 508 1019 886 73
4 463 510 508 1019
3 73 508 510
3 486 741 516
4 1140 741 516 355
4 1140 741 486 666
3 157 70 739
3 816 540 797
4 816 739 70 540
4 157 797 540 70
3 336 34 913
3 969 42 868
4 42 336 34 868
4 42 336 913 969
3 419 1152 756
4 35 756 1152 810
4 810 1152 419 916
3 35 810 916
4 34 234 1042 807
3 913 807 34
4 830 913 807 1042
4 463 971 969 234
10 961 424 807 34 969 971 162 738 842 409
3 283 733 807
3 667 424 626
4 667 733 807 626
4 667 733 283 424
3 446 336 407
3 712 446 838
3 712 838 733
3 838 407 446
5 283 34 336 446 712
3 913 407 336
5 733 838 407 913 807
3 283 34 807
4 446 677 577 407
4 446 677 891 336
3 677 577 891
3 1033 184 231
3 546 644 582
4 1033 582 644 231
4 184 546 582 1033
4 455 766 979 113
10 1165 386 1160 228 445 999 65 766 979 13
4 210 239 1154 979
3 979 210 1088
4 210 239 13 1088
3 1094 699 209
4 651 699 1094 642
3 651 171 642
4 171 209 699 651
4 542 693 803 209
3 542 209 1094
3 693 589 803
4 1094 589 693 542
3 499 160 1114
4 160 271 817 499
3 271 197 817
4 1114 197 271 160
5 286 63 725 499 160
3 725 499 1132
3 63 313 563
3 1132 563 725
5 563 313 743 1114 1132
3 1114 1132 499
3 1177 411 338
4 338 747 988 1177
4 274 411 1177 988
3 152 351 737
3 70 739 742
5 351 737 739 742 745
3 745 351 490
3 637 70 742
3 490 152 351
5 70 157 152 490 637
3 637 490 745
4 838 737 351 712
4 351 712 446 152
4 41 229 695 1143
3 695 229 180
3 41 1062 1143
4 695 1143 1062 180
4 13 180 378 1165
3 378 180 695
4 13 180 695 896
3 361 379 980
3 640 45 878
4 379 640 45 361
3 1141 758 1100
3 758 46 1197
3 758 1100 1197
3 322 438 402
5 758 1141 438 402 46
3 137 17 433
4 433 1141 758 17
4 137 1100 758 17
4 46 81 1184 758
4 659 1100 758 618
3 541 90 798
4 298 798 541 71
4 993 90 541 71
3 90 895 798
4 881 798 895 520
3 520 393 881
4 520 895 90 393
4 232 448 816 612
10 547 592 448 816 157 737 446 407 1029 641
5 612 677 577 697 232
4 641 697 577 1029
3 713 261 607
4 352 713 261 498
3 713 284 734
4 284 748 255 713
4 604 734 284 748
3 604 748 255
3 734 607 713
4 560 734 607 494
4 385 422 592 867
3 448 385 867
4 848 448 385 422
3 472 623 962
4 867 623 962 385
3 385 1043 867
4 623 867 1043 472
5 472 372 466 821 444
3 472 372 623
5 623 962 833 946 343
3 833 962 444
3 472 444 962
3 504 1047 704
4 854 704 1047 54
4 219 504 704 854
3 504 220 1047
3 1047 57 220
5 57 62 202 704 1047
3 62 57 314
3 62 1175 314
5 1175 314 220 504 1012
3 220 314 57
3 721 297 562
4 220 297 562 504
4 220 297 721 1047
3 25 955 958
4 955 1199 177 958
3 416 25 958
4 358 416 25 1151
4 958 1121 358 416
3 1121 358 1151
3 629 609 259
3 483 259 609
3 333 259 629
5 145 828 333 259 483
3 828 333 1081
10 153 952 259 629 839 621 343 372 984 583
4 410 984 583 395
4 453 952 153 395
5 362 915 410 395 453
4 362 629 259 453
4 629 1128 650 259
4 429 583 984 83
4 569 739 742 332
3 569 246 332
4 70 246 569 739
3 984 569 583
3 410 395 653
4 569 653 410 984
3 153 25 955
4 25 332 569 153
3 583 332 569
4 25 332 583 955
3 190 296 291
3 296 153 952
3 952 190 296
5 153 296 291 416 25
3 416 291 557
3 416 958 557
5 557 958 955 952 190
3 557 190 291
4 296 838 712 291
4 733 190 296 838
4 296 873 395 153
3 453 395 873
4 609 952 190 483
4 259 296 190 483
4 499 611 426 725
10 859 608 426 611 817 271 1006 89 1076 605
3 537 611 426
4 537 1132 499 611
4 129 426 544 751
3 129 751 608
4 544 751 608 537
3 544 426 537
4 368 1178 84 139
3 368 139 777
4 777 382 84 139
3 705 204 551
3 617 214 1096
4 204 617 1096 705
4 551 214 617 204
10 947 63 313 439 325 1178 84 700 214 705
5 473 139 368 905 252
4 63 252 905 313
4 214 473 139 700
4 700 850 749 214
3 1096 700 214
4 850 700 1096 51
3 252 963 834
3 905 252 834
3 777 624 139
3 473 139 624
3 473 624 963
3 1104 834 905
3 368 1104 777
5 777 1104 834 963 624
4 635 252 963 481
3 635 481 765
4 765 834 963 481
4 563 834 905 313
4 660 1101 672 218
4 660 1101 1054 50
3 50 218 660
4 498 390 731 352
4 935 493 498 390
3 731 390 935
3 306 109 861
4 306 558 496 109
4 109 496 722 861
3 722 496 558
3 861 924 306
4 924 851 1075 306
3 1075 851 126
4 851 924 861 126
3 1172 805 374
4 933 805 1172 225
4 805 933 170 374
3 805 306 924
3 924 374 805
3 143 20 631
5 631 109 306 805 1172
3 20 109 631
3 374 143 1172
3 861 20 109
5 20 861 924 374 143
4 54 306 805 854
4 276 924 306 54
3 832 40 711
4 374 832 40 805
4 924 711 832 374
4 745 1023 901 351
10 395 569 332 1151 358 1023 901 712 838 873
4 490 668 1023 745
3 1023 668 901
4 416 1023 901 291
4 557 1105 901 291
3 1105 901 1023
3 566 1150 890
4 1150 958 557 566
4 1150 958 416 890
3 1181 566 1150
3 112 43 879
3 566 79 890
5 566 79 879 1164 1181
3 879 79 112
5 43 112 890 1150 757
3 79 890 112
4 238 566 1150 7
4 1181 787 238 566
3 780 732 925
4 780 749 256 732
3 399 213 1099
3 1099 17 399
5 982 1138 433 399 213
3 17 399 433
5 137 363 920 1099 17
3 1099 920 213
4 1099 925 375 399
4 375 399 213 780
3 925 375 780
4 990 1099 399 1184
4 17 595 990 1099
3 940 88 1005
4 997 940 88 417
4 106 752 1184 1196
3 106 1064 1196
4 81 1064 1196 1184
4 689 1176 31 200
3 689 200 1146
3 1033 648 684
4 507 648 1033 68
4 508 684 648 507
3 68 507 508
3 156 151 736
4 156 684 769 736
3 648 684 769
4 156 684 648 151
5 1065 832 40 545 1147
3 539 1147 1065
3 711 318 832
5 711 318 539 581 702
3 318 1065 832
3 539 318 1065
4 585 889 172 272
3 567 172 889
4 730 567 172 272
4 889 945 1011 172
3 465 945 1011
4 889 945 465 643
3 643 889 172
3 394 1032 647
3 6 1133 784
4 647 1133 6 1032
4 647 1133 784 394
4 64 133 1045 790
3 64 790 1133
3 1045 133 391
4 1045 790 1133 391
4 815 995 1 331
3 23 1 995
3 223 1035 871
3 871 978 676
3 676 223 871
3 978 207 1014
5 978 207 9 1035 871
5 223 676 1014 1095 316
3 207 1095 1014
4 871 1186 23 1035
3 23 1186 995
4 871 1186 995 223
4 978 752 221 676
4 752 978 871 58
3 64 6 1133
4 676 1133 6 223
4 64 871 223 6
3 575 264 1127
4 20 264 575 631
4 143 1127 264 20
3 516 87 148
3 736 87 151
5 87 516 741 738 736
3 87 151 148
5 151 156 162 486 148
3 486 162 741
3 162 738 741
4 87 900 1077 516
4 384 472 372 1050
4 734 444 472 284
10 284 734 723 76 438 322 1084 83 1050 384
3 984 384 1050
4 623 984 384 472
3 384 1159 1050
5 332 583 1050 1159 413
3 1050 583 984
3 616 384 1159
3 616 246 413
5 246 616 384 984 569
3 1159 413 616
4 403 1050 1159 277
4 403 1050 384 748
3 277 403 748
4 1050 632 429 583
4 1159 1013 93 413
4 277 479 731 255
10 479 212 1090 31 1176 174 250 789 493 731
5 277 255 1024 689 200
4 250 1024 689 174
3 277 255 748
4 255 731 1013 748
3 479 731 1013
4 479 517 388 731
4 250 728 1145 174
3 935 479 731
4 517 479 935 127
3 479 93 1013
4 93 398 1098 479
10 964 128 790 64 676 978 106 1196 399 1099
4 990 964 128 505
4 925 964 128 1045
4 1196 375 30 106
5 30 375 925 1045 133
3 925 1045 732
3 389 964 128
4 544 877 620 209
10 620 877 751 129 992 500 365 342 693 803
4 500 841 426 992
4 365 841 542 342
5 841 542 209 544 426
3 544 209 699
3 620 44 877
4 620 209 699 44
5 521 930 919 768 394
3 930 919 97
3 919 768 770
5 97 770 647 1032 543
3 770 97 919
4 877 919 930 620
4 751 919 768 129
4 97 320 877 919
3 877 320 620
3 281 129 751
4 281 770 768 129
3 798 432 541
3 159 783 785
4 159 432 798 783
4 798 783 785 541
3 281 950 751
5 551 947 608 751 950
3 204 950 551
5 129 281 204 705 859
3 281 204 950
4 950 1007 44 751
4 281 877 1007 950
3 44 877 1007
10 44 544 537 725 563 252 963 931 845 1007
4 845 950 551 931
3 918 329 1171
3 142 19 630
4 329 19 142 1171
4 918 630 19 329
3 500 303 994
3 462 365 1018
4 365 994 303 462
4 1018 500 303 462
5 794 992 994 959 515
3 500 992 994
3 959 994 303
5 147 485 303 500 22
3 485 147 515
4 611 994 992 426
4 817 994 959 271
3 841 426 611
3 271 817 658
4 303 658 817 994
3 715 288 746
3 715 786 746
5 64 288 715 304 6
3 715 304 786
3 288 746 790
5 784 1133 790 746 786
4 503 746 288 606
4 367 715 288 606
5 684 231 696 195 769
4 640 696 195 878
4 406 195 769 130
3 696 195 383
3 769 195 771
3 195 383 771
5 383 771 648 1033 184
3 771 648 769
4 321 383 195 878
3 878 321 640
4 335 771 769 130
3 335 130 406
4 383 418 1062 771
3 418 41 1062
4 383 418 41 195
3 841 542 633
3 342 365 477
4 477 633 841 365
3 633 611 841
5 537 699 1094 633 611
3 699 537 544
3 1094 633 542
4 197 611 633 1073
3 197 1073 817
4 817 841 633 1073
4 912 1008 45 406
4 1008 912 335 878
3 912 406 335
3 45 878 1008
3 899 41 1143
4 41 335 912 899
4 41 335 598 1143
3 598 335 912
3 253 625 1074
4 625 928 636 253
3 164 636 928
4 928 625 1074 164
3 906 253 1074
3 189 188 290
4 290 253 906 188
4 188 906 1074 189
4 736 903 860 87
4 130 151 87 860
3 860 130 903
3 756 194 440
4 756 824 973 194
3 612 232 880
3 797 448 816
4 232 448 797 880
3 612 880 1057
4 1057 953 509 612
3 69 953 509
4 1057 953 69 880
3 685 409 842
3 580 983 1149
4 842 1149 983 409
4 580 685 409 983
10 427 903 860 900 1077 355 1140 80 1149 685
4 80 741 738 1149
4 80 161 301 1149
3 301 161 954
3 580 80 1149
4 954 580 80 161
4 116 759 819 887
4 104 362 600 641
4 690 641 664 532
4 104 333 1081 759
4 864 664 819 309
5 664 641 104 759 819
4 677 682 230 891
3 677 891 1057
3 682 230 447
4 447 1057 891 230
3 42 1152 868
4 1082 868 42 230
4 868 1082 21 1152
3 1082 230 21
3 447 21 230
4 447 767 810 230
4 447 767 1067 21
3 810 767 1067
4 308 1148 887 27
5 1148 546 215 846 887
4 114 546 1148 882
3 887 1148 460
3 309 308 27
4 309 460 1148 308
3 582 460 1148
5 116 460 582 644 857
3 460 116 887
3 1148 546 582
4 73 460 582 508
3 73 68 508
4 73 460 1148 68
4 262 872 979 113
3 872 979 766
3 369 1124 572
3 171 436 642
4 436 1124 572 171
4 1124 436 642 369
3 469 369 572
4 338 469 572 205
3 338 205 1177
4 1177 369 469 338
3 703 201 779
3 603 12 482
4 482 703 201 603
4 12 779 201 603
4 699 856 55 537
4 572 1094 633 469
10 651 856 55 1132 499 197 1073 469 572 642
5 278 377 481 635 55
4 563 635 55 725
4 278 544 537 55
4 481 931 845 377
3 635 55 837
3 278 55 856
3 856 837 55
3 345 377 481
3 278 856 1107
3 765 345 481
3 1107 345 377
5 345 1107 856 837 765
3 635 837 765
4 837 1132 563 635
4 55 244 1171 856
3 1171 244 329
4 329 837 856 1171
4 459 1114 1132 244
10 244 459 1139 138 1003 192 905 834 635 837
4 781 1097 601 695
4 441 976 781 404
4 151 681 976 87
4 681 769 771 229
5 229 681 976 781 695
10 1097 601 1143 41 771 769 151 87 441 404
3 695 781 378
3 1097 236 601
4 781 1097 236 378
3 976 781 926
4 378 386 1160 926
3 926 378 781
4 378 386 37 781
3 340 409 914
3 379 340 914
3 685 135 427
3 361 135 980
3 914 361 379
5 685 409 914 361 135
4 914 1011 961 340
3 91 961 1011
4 914 1011 91 409
10 145 506 492 348 889 172 914 340 866 211
4 492 1028 945 348
5 1011 961 626 1028 945
4 272 914 340 694
10 73 508 1033 231 1116 421 574 828 759 760
4 760 886 830 759
4 460 760 759 116
3 819 759 760
5 181 600 669 873 653
3 453 669 873
3 362 600 669
3 453 362 669
4 446 873 669 407
4 600 641 1029 669
4 838 453 669 407
3 641 104 1029
4 333 669 453 259
4 480 962 833 327
10 166 719 327 480 385 867 181 915 526 665
3 327 480 484
3 344 327 480
3 344 376 480
5 484 260 334 376 480
3 334 260 965
5 344 327 610 965 1106
3 334 1106 965
4 480 962 444 484
4 480 422 443 327
4 344 1118 443 327
3 734 187 284
3 187 203 284
5 280 261 713 284 203
3 280 203 949
3 949 187 203
3 280 261 750
3 750 607 261
5 187 949 750 607 734
3 280 949 750
4 444 734 187 962
4 284 1159 616 203
4 203 616 384 187
4 280 216 869 203
10 869 216 892 678 498 352 255 748 1159 616
4 280 892 678 261
3 970 216 869
4 216 280 949 970
4 57 496 558 1047
4 1047 558 1112 220
3 496 558 1112
3 478 92 989
4 1161 478 92 387
3 387 38 1161
4 92 387 38 989
3 476 90 895
4 654 90 476 753
3 654 182 753
4 182 895 90 654
4 777 1093 182 624
4 1093 777 139 753
3 182 1093 753
3 196 1072 1002
4 753 1072 196 396
4 753 1072 1002 654
3 753 396 654
3 1072 214 700
4 624 1072 214 473
3 700 196 1072
4 754 700 196 430
4 84 1072 196 430
4 1122 461 117 263
3 461 117 656
3 570 263 1122
4 570 656 117 263
4 364 956 72 138
10 72 956 397 233 1039 121 778 596 672 1101
4 298 393 1058 498
3 678 393 1058
4 298 393 678 991
4 518 892 678 390
3 390 518 132
4 518 892 1058 132
3 678 892 1058
3 1163 482 12
3 275 853 1037
4 12 853 1037 1163
4 275 482 1163 1037
3 550 534 707
3 275 53 853
4 550 853 53 534
4 275 707 534 53
4 370 1163 12 140
3 370 140 1156
3 894 12 1163
4 12 140 1156 894
3 845 101 931
4 101 345 377 845
3 931 476 101
4 476 624 963 101
4 476 624 473 931
10 43 1164 225 933 854 54 558 496 451 1169
4 109 451 1169 631
3 1169 95 808
4 95 112 43 808
4 95 112 879 1169
4 62 1169 451 57
3 808 451 1169
4 314 808 451 57
4 492 1028 820 238
3 945 1028 820
10 1199 177 1150 566 820 1028 483 609 650 224
4 190 1028 820 557
3 820 667 1028
3 820 465 945
3 465 91 1011
3 424 91 961
5 424 667 820 465 91
4 557 820 667 291
4 945 566 79 465
4 820 890 79 465
3 161 954 744
3 176 888 1194
4 161 888 1194 954
4 1194 954 744 176
4 433 940 968 399
10 26 1134 430 754 850 51 780 375 968 940
3 1196 940 968
4 433 940 1196 17
3 227 106 1064
3 174 250 227
3 1064 174 227
5 88 174 1064 1196 940
3 174 88 250
3 968 106 1196
3 940 968 1005
5 227 250 1005 968 106
4 207 227 1064 978
4 227 207 1014 106
10 772 815 23 1186 58 752 1064 227 1145 371
4 250 728 909 227
4 809 1064 227 1176
4 809 1064 174 380
5 403 748 604 943 1146
4 438 943 1146 322
4 604 723 76 943
3 689 943 1146
3 943 604 1024
3 1024 689 943
4 438 943 689 402
10 1184 17 433 997 417 943 689 380 809 81
4 174 689 943 88
4 445 1046 926 228
3 1046 926 976
3 976 681 1046
4 151 681 1046 148
4 258 648 771 229
10 68 507 258 229 1062 418 1010 691 546 582
3 681 229 258
4 258 766 979 180
3 258 180 229
3 1088 766 979
4 258 766 1088 229
5 258 180 378 926 1046
4 65 258 1046 999
3 1046 258 681
4 507 681 1046 999
3 65 999 507
10 1102 1 995 1035 316 1188 276 805 374 530
4 995 1147 1065 1
4 530 832 1065 1102
4 331 1102 530 170
4 170 530 1020 1066
3 1020 530 1102
3 1 995 554
3 718 1 554
3 556 554 718
5 556 554 995 1186 559
4 995 1147 539 554
3 1102 567 1020
4 567 718 554 1102
4 1083 465 91 339
3 339 206 1083
4 206 1011 91 339
10 465 945 238 787 1066 170 1172 143 575 206
4 1172 530 16 143
5 16 530 1020 889 643
4 206 643 16 575
4 79 206 575 879
3 206 575 1083
4 879 575 1083 112
10 1130 467 773 578 24 1193 262 113 1154 239
5 210 85 882 872 979
4 1193 872 882 24
4 210 1130 467 85
4 48 467 1130 1179
3 1130 1038 467
4 432 501 1007 523
3 845 432 523
4 432 501 674 845
3 1007 501 674
10 502 825 97 919 281 950 523 432 785 863
5 877 320 796 501 1007
4 501 785 863 796
3 931 523 845
5 101 895 798 432 845
5 90 541 523 931 476
3 432 523 541
3 895 101 476
4 204 523 931 551
5 41 418 437 584 899
3 437 418 525
3 193 584 437
5 525 1062 1143 727 193
3 525 193 437
4 437 503 826 418
4 584 786 715 437
10 383 195 335 912 414 885 786 715 503 826
4 437 503 1010 525
10 525 437 746 288 505 1091 103 923 85 474
4 584 786 746 193
3 1097 701 98
5 601 658 817 1073 98
3 1073 98 701
3 701 197 1073
5 197 701 1097 236 271
3 601 98 1097
4 701 747 243 1097
4 747 701 98 404
3 469 572 960
3 469 423 960
3 960 625 423
3 423 253 625
5 906 369 469 423 253
3 906 369 1124
5 960 625 1074 1124 572
3 906 1074 1124
4 1094 572 960 542
4 960 1073 98 423
10 633 841 994 303 727 899 598 360 423 960
4 598 601 98 360
4 469 701 98 423
3 829 102 932
4 594 829 932 928
3 573 594 928
4 594 829 102 573
5 462 414 932 477 365
3 932 414 829
3 932 477 102
3 414 829 885
5 102 829 885 1018 342
4 598 414 932 360
4 477 960 423 932
4 912 829 932 360
3 912 360 598
4 477 960 625 102
4 486 194 1022 162
10 1022 463 1019 684 648 681 1046 679 1025 194
3 971 194 1022
4 194 486 741 971
5 510 513 999 507 508
4 1022 510 513 194
3 1022 969 971
3 440 1022 194
3 419 42 1152
3 971 868 969
5 194 971 868 1152 756
3 440 419 756
5 419 440 1022 969 42
4 886 1022 969 234
3 1015 536 1168
3 61 5 408
4 408 1015 536 5
4 61 1168 536 5
10 405 1158 602 868 42 891 677 152 351 668
4 283 1158 602 34
4 989 1158 602 1082
5 1082 230 682 948 989
4 351 948 682 152
4 668 948 989 405
3 1158 237 602
3 1082 989 92
4 1158 989 92 237
3 489 864 311
3 24 1193 308
3 311 309 864
5 311 309 308 1193 998
3 998 311 489
4 489 836 532 311
3 513 510 716
3 68 65 507
3 716 73 510
3 716 289 513
5 289 716 73 68 65
4 1022 510 716 440
3 891 10 577
3 10 577 697
3 880 185 232
5 10 891 1057 880 185
3 185 10 697
4 10 419 1152 891
4 577 42 419 10
5 474 114 457 766 1088
3 457 114 882
3 766 457 872
3 872 882 457
3 210 85 474
4 457 582 546 114
4 68 457 766 507
4 68 457 872 65
4 308 457 872 1193
4 651 1171 205 642
3 1171 205 918
3 642 15 651
4 15 918 205 642
3 15 651 802
4 802 1107 856 15
4 278 651 802 1107
3 450 15 802
3 373 142 1183
4 373 802 15 142
4 15 142 1183 450
3 831 39 710
3 707 373 550
4 707 710 831 373
4 831 373 550 39
4 907 555 722 54
10 40 702 543 930 320 249 555 722 306 924
4 907 555 558 219
3 558 555 722
4 1139 299 72 138
3 299 72 956
5 338 614 244 1171 205
4 338 1073 197 614
4 499 614 244 1132
3 614 338 411
3 614 244 459
3 459 411 614
3 244 459 329
5 459 411 1177 918 329
3 205 918 1177
4 411 701 197 614
10 1114 614 411 747 243 781 378 896 941 160
4 614 1139 1070 411
4 411 1070 364 459
10 625 932 829 1008 45 980 135 295 189 253
4 636 189 295 56
4 980 279 56 135
4 594 1008 45 279
5 279 56 636 928 594
4 295 903 977 189
5 912 406 903 977 360
4 360 625 253 977
4 295 903 860 290
5 301 295 290 287 161
4 301 685 427 295
3 189 295 290
3 860 903 977
3 301 295 951
3 951 189 295
3 954 951 301
5 744 188 189 951 954
3 744 188 287
4 301 685 135 951
3 636 56 904
4 951 904 636 189
3 279 56 628
4 361 628 56 135
3 904 628 56
3 1127 649 264
4 628 1127 649 56
4 1127 628 904 264
3 641 1029 755
4 577 1029 755 10
4 547 755 664 532
10 706 533 489 311 664 755 697 185 1051 2
3 664 641 755
4 913 645 104 407
3 104 1029 645
4 913 645 1029 336
3 760 645 759
4 234 645 760 886
10 104 669 453 296 190 667 626 1042 830 645
4 828 645 104 333
3 759 104 645
3 570 248 564
4 312 564 570 310
3 312 310 865
4 248 865 310 570
5 844 385 448 797 431
3 844 385 1043
3 235 844 431
3 1043 235 844
3 797 431 540
5 235 540 816 867 1043
3 540 235 431
4 376 844 385 344
4 431 1122 263 844
4 74 431 797 509
10 74 509 880 232 848 422 344 376 263 1122
4 480 1043 844 376
4 431 1122 646 235
3 263 1122 646
4 203 235 1043 187
4 949 844 1043 187
4 511 540 797 509
3 511 509 74
3 862 74 511
4 862 564 570 74
4 862 564 1122 511
3 1122 564 570
3 800 450 1191
3 795 171 436
3 450 1191 802
5 171 651 802 1191 795
3 1191 795 800
5 15 450 800 436 642
3 800 436 795
4 514 568 359 511
3 514 511 862
3 359 123 568
4 359 511 862 123
4 616 970 972 246
3 972 869 970
4 413 869 972 246
10 410 653 739 70 972 970 203 187 472 623
4 568 637 70 359
3 359 568 972
4 742 972 568 637
4 540 972 970 235
3 970 359 972
4 359 431 235 970
4 1013 1159 616 735
4 216 518 735 869
5 390 731 1013 735 518
3 93 735 1013
3 302 159 783
4 159 538 1017 783
3 1017 538 1001
4 302 1001 538 159
3 671 39 282
3 590 275 1037
4 39 275 1037 671
4 590 282 39 275
4 282 520 881 1017
3 1017 282 671
4 337 671 1017 881
3 881 337 520
3 678 475 892
4 750 475 678 261
4 750 1069 175 607
3 175 1069 876
4 750 1069 876 261
10 444 560 494 175 1069 217 646 844 1043 962
4 646 949 750 217
4 175 260 334 1069
4 965 698 175 260
3 698 175 1069
4 146 905 834 939
3 939 146 167
4 939 834 1104 167
3 268 1167 397
3 536 1168 1167
3 536 268 1167
5 1085 233 268 536 1015
3 268 233 397
5 183 397 1167 1168 94
3 1168 94 1015
3 299 1187 956
4 268 956 1187 1167
4 299 397 1167 1187
5 117 461 812 1051 858
4 880 812 1051 232
4 812 509 74 461
3 812 1051 670
3 812 461 1000
3 670 2 1051
3 461 1000 656
3 117 847 656
3 1000 670 812
5 2 847 656 1000 670
4 812 880 185 670
3 74 69 509
4 74 461 1000 69
3 294 69 953
4 767 953 69 458
4 294 1166 458 69
3 767 458 1166
3 937 5 456
4 793 937 456 1111
3 495 793 1111
4 793 937 5 495
3 456 408 5
4 456 767 1067 408
3 767 1067 1166
4 408 1067 1166 5
4 299 459 244 724
4 724 837 635 939
5 72 146 939 724 299
4 146 192 1003 72
3 724 299 1187
4 329 1187 299 459
3 297 562 782
3 302 782 783
3 302 297 782
5 562 782 783 785 788
3 788 785 863
3 863 159 785
5 721 863 159 302 297
4 935 562 782 390
3 935 132 390
4 132 297 562 935
4 1058 782 783 393
4 782 1058 881 302
3 393 881 1058
4 938 1027 686 865
3 938 865 312
4 975 312 938 1027
3 686 1027 975
3 707 415 534
4 125 415 707 1041
4 707 1041 1027 534
3 1041 1027 125
3 1086 168 186
4 168 370 986 1086
3 370 1156 986
4 986 1086 186 1156
10 159 783 881 520 849 470 345 377 674 501
4 101 470 849 895
4 1041 345 765 125
4 470 481 765 125
3 470 125 1041
4 710 470 849 282
3 710 282 39
4 282 849 1041 39
3 470 1041 849
3 451 110 874
4 110 158 1112 451
4 110 158 496 874
3 496 158 1112
3 451 1169 874
4 631 1169 874 20
3 1086 808 95
5 168 110 451 808 1086
3 168 110 843
3 168 843 186
3 186 95 1086
3 110 843 874
5 95 1169 874 843 186
4 112 688 1105 890
10 958 122 319 1175 62 808 95 688 1105 416
4 890 1105 1129 79
3 688 1105 1129
4 358 1105 688 173
4 1053 1175 62 1063
4 95 173 1063 808
5 358 1121 1053 1063 173
3 52 173 358
4 173 688 1023 52
3 1023 688 1105
3 375 30 1108
4 968 1108 30 106
3 375 1108 780
5 519 391 732 780 1108
3 30 1108 519
5 196 700 1096 524 59
3 524 59 247
3 1096 524 617
5 214 1072 1002 247 617
3 617 247 524
4 524 968 940 59
4 1096 780 375 524
4 524 968 1005 247
4 780 1096 617 1108
10 1108 30 1014 207 909 728 638 996 247 524
3 594 279 1080
3 326 45 1008
4 1080 326 45 279
3 1080 573 594
3 279 628 1080
5 164 904 628 1080 573
3 904 164 636
4 711 573 594 318
4 573 711 832 1080
4 885 942 1008 414
5 878 321 356 942 1008
4 356 715 786 942
4 885 942 326 829
3 326 942 1008
10 1115 521 1032 784 304 942 326 594 573 471
4 942 539 318 326
4 103 120 1038 773
3 467 120 1038
4 467 923 103 120
10 758 595 990 120 1038 48 655 1135 8 1100
3 128 120 964
4 128 505 1091 120
4 1038 920 1099 120
3 964 1038 120
10 658 236 695 180 1088 210 823 729 485 959
4 525 823 729 193
3 823 467 1130
4 85 467 823 474
4 251 729 823 239
3 1130 729 823
5 130 860 708 598 335
4 1097 708 598 601
4 441 860 708 404
3 360 598 708
3 860 708 977
3 977 360 708
4 977 900 404 708
4 977 253 423 708
3 1174 408 61
3 779 1174 201
3 764 456 937
5 408 456 764 779 1174
3 703 764 779
3 937 703 764
5 201 703 937 5 61
3 201 61 1174
4 1174 1052 1155 61
4 14 408 1174 1052
10 94 1015 61 1174 77 888 744 287 1123 588
4 779 1161 387 1174
3 1161 77 387
4 77 201 779 1161
4 99 424 91 1049
3 983 99 1049
4 961 983 99 424
10 733 291 557 890 79 1083 339 1049 99 283
3 602 99 1158
4 807 99 602 34
5 602 661 1149 983 99
3 237 602 661
3 80 1149 661
3 237 80 661
3 1049 580 983
3 1049 1158 99
5 80 580 1049 1158 237
4 661 971 969 602
4 1149 738 162 661
4 661 971 868 237
10 810 21 1082 237 661 741 486 973 824 35
4 661 1140 897 237
4 237 897 1120 80
3 357 819 664
4 309 819 357 311
3 760 357 819
5 645 760 357 755 1029
3 755 357 664
4 357 716 510 760
4 716 357 819 73
4 185 692 910 697
4 257 533 706 242
4 2 242 692 1051
4 755 910 822 664
5 242 692 910 822 257
4 822 311 489 257
3 373 1183 550
3 482 169 603
4 1183 603 482 550
4 169 373 550 482
3 330 169 884
4 330 1191 450 169
4 169 450 800 884
5 305 1075 851 1115 803
4 249 305 803 320
4 305 555 722 1075
3 803 305 589
3 1075 305 687
3 305 589 687
5 471 693 589 687 126
3 687 126 1075
3 620 249 320
4 249 305 589 620
4 687 717 722 1075
3 555 722 717
4 795 305 589 171
4 436 687 589 171
3 934 447 682
3 948 682 934
3 478 948 989
3 934 478 948
5 92 478 934 447 21
4 953 682 934 561
3 294 561 953
4 294 447 934 561
10 568 359 540 797 612 1057 682 934 680 1026
4 561 680 1026 514
5 514 561 953 509 511
4 490 934 682 152
4 637 1026 680 490
3 561 514 720
4 514 1026 18 720
3 1026 18 680
3 720 294 561
5 69 74 862 720 294
3 720 862 514
4 764 561 294 456
4 937 720 294 456
3 123 323 568
3 216 1153 869
5 359 970 216 400 123
3 400 216 1153
3 400 123 323
5 568 972 869 1153 323
3 1153 323 400
5 282 1017 538 317 710
4 710 345 377 317
4 317 674 501 538
3 710 317 831
3 317 657 831
3 538 317 657
3 1001 671 1017
3 1001 657 538
5 671 1001 657 831 39
4 831 1107 345 710
4 657 1191 802 317
4 1191 657 831 450
4 341 370 908 709
4 764 18 140 703
5 370 140 18 1026 908
4 323 908 1026 123
10 703 764 720 514 123 323 709 341 1163 12
4 341 370 986 36
3 908 370 986
3 341 36 709
4 105 314 1175 1053
3 105 1063 1053
3 911 464 762
4 564 762 911 528
3 248 528 564
4 248 464 911 528
3 683 630 19
3 415 683 534
5 19 415 707 373 142
3 415 19 683
5 534 683 630 1183 550
3 142 630 1183
4 683 536 1168 630
4 630 1168 1167 19
4 495 683 415 938
3 938 495 793
4 534 793 495 683
4 155 268 536 1111
4 155 268 1167 495
3 495 155 1111
4 1136 956 72 660
5 11 893 1136 660 218
4 397 1136 893 233
4 1059 297 302 222
3 675 222 1059
4 222 302 782 675
4 314 1068 675 220
10 1053 398 1098 517 127 562 297 675 1068 105
4 314 1068 1059 57
3 675 1068 1059
4 415 792 724 19
10 1171 15 802 831 710 1041 125 792 724 329
3 1187 792 724
4 683 1187 792 415
3 792 167 939
4 1027 792 167 686
4 167 686 125 939
3 686 125 1027
4 765 792 724 837
3 939 724 792
4 1063 808 1086 226
3 1063 173 226
10 226 1063 314 57 1112 158 1016 894 370 986
4 168 894 1016 110
4 341 894 1016 1034
4 36 226 1063 1068
5 1034 1059 1068 36 341
4 158 1034 1059 1112
3 226 52 173
3 967 105 1053
3 226 105 1063
5 226 52 1151 967 105
4 948 668 60 478
3 668 60 405
3 47 615 649
3 615 339 412
3 412 47 615
3 1127 206 575
5 206 1127 649 615 339
3 412 1083 339
5 47 412 1083 575 264
3 264 47 649
4 301 615 649 951
4 649 951 954 47
4 339 983 580 615
4 580 615 412 1049
10 581 545 591 1009 401 1061 519 133 1133 6
4 1014 1061 401 1095
4 97 401 1061 770
4 919 107 401 97
3 401 107 1061
4 324 909 1078 124
10 100 922 9 1095 324 124 788 721 504 704
4 324 909 728 33
3 324 33 124
4 207 324 1061 1014
3 1061 324 401
4 324 1009 502 124
4 401 825 502 124
3 401 124 324
3 530 1102 1144
4 1065 1102 1144 318
3 530 16 1144
4 16 143 374 1144
5 640 663 818 326 45
3 356 818 663
3 818 326 942
3 942 356 818
4 718 663 818 554
4 818 1065 318 326
10 272 379 361 279 1080 318 1065 554 718 730
4 356 556 554 818
10 221 1048 606 367 356 818 539 1147 223 871
4 304 818 356 715
10 1078 33 801 541 798 393 1058 390 935 388
4 801 71 638 33
4 33 788 785 801
4 801 785 863 124
3 33 124 801
4 107 281 950 898
4 523 898 801 432
5 107 401 124 801 898
4 204 1142 107 281
10 256 794 22 768 770 107 1142 617 1096 749
3 898 107 1142
4 1108 1142 107 519
4 1142 1108 30 1061
3 107 1061 1142
3 1079 128 389
4 746 1079 128 288
4 746 1079 389 790
5 128 120 467 823 1079
3 1079 823 729
3 729 389 1079
4 525 823 1079 437
10 394 1018 462 584 193 1079 389 1045 391 647
4 1079 485 147 389
10 812 670 692 775 419 1152 230 447 953 69
4 775 916 115 692
5 115 458 767 810 916
4 458 812 670 115
4 185 692 775 10
3 910 692 775
10 1126 3 1054 218 1044 1119 257 998 150 535
4 1119 927 936 257
4 257 533 549 1119
3 257 242 1119
3 501 674 571
3 796 501 571
3 571 249 796
5 674 571 249 620 44
4 657 571 674 317
4 159 571 796 863
10 1059 220 1047 219 907 796 571 538 1001 222
4 571 553 717 249
4 555 796 571 553
3 555 553 717
10 589 305 717 553 657 317 1107 278 699 209
4 717 795 1191 553
4 478 627 18 934
3 680 627 18
4 680 948 478 627
3 140 627 1156
4 38 627 1156 1162
3 38 1161 1162
4 1156 1162 1161 140
10 1067 14 1052 387 1161 627 18 561 294 767
4 627 779 764 18
3 140 18 627
5 627 1156 986 974 680
3 908 974 986
3 974 680 1026
3 1026 908 974
4 173 986 974 52
4 974 745 490 680
10 1162 186 1086 173 52 745 490 948 478 38
4 226 908 974 52
4 568 974 908 323
3 1137 894 1016
3 1016 1163 894
3 330 1137 884
5 330 169 482 1163 1016
3 1016 330 1137
3 169 884 603
5 12 894 1137 884 603
4 843 1137 894 168
4 720 902 464 862
10 937 456 1166 458 1000 461 570 564 464 902
3 902 853 53
4 764 902 853 703
4 853 703 937 53
3 464 902 762
4 720 902 762 514
3 464 53 902
4 902 793 312 464
3 793 312 938
4 312 464 53 938
3 315 222 1034
4 315 671 1017 222
4 315 671 1001 1034
3 315 1034 341
4 1034 1016 1163 315
3 144 735 518
4 735 869 1153 144
5 93 479 935 132 144
3 144 93 735
3 144 132 518
4 144 105 1053 93
4 144 1068 675 132
4 105 144 735 967
4 216 475 96 400
4 400 911 762 123
10 96 475 280 949 235 431 511 862 762 911
4 96 400 1153 892
3 892 96 475
5 776 1037 853 902 762
3 590 1037 776
3 776 762 911
5 275 53 464 911 590
3 911 590 776
4 709 776 1037 341
4 323 776 762 123
3 709 315 341
4 315 590 776 709
10 1153 518 132 782 302 1017 671 590 776 400
5 337 881 1058 892 96
4 337 590 776 96
5 512 167 792 1187 956
3 72 956 512
3 146 72 512
3 146 512 167
4 956 1136 270 512
4 799 512 167 354
10 683 1167 268 1136 270 799 354 686 1027 415
3 270 660 1136
4 1101 512 146 192
10 1182 50 660 512 146 1104 368 382 917 179
4 435 1104 368 622
4 146 435 799 512
4 382 622 0 917
4 1182 449 0 179
5 622 435 799 449 0
4 50 449 799 660
4 527 777 1104 435
3 622 435 527
3 354 435 799
10 101 476 182 1093 527 435 167 939 765 481
10 840 965 260 1131 154 196 1072 139 777 622
4 840 698 1093 622
5 396 753 1093 698 175
4 382 622 840 1170
3 622 0 840
3 579 893 1136
3 11 1044 1089
3 579 270 1136
3 270 50 660
5 270 579 1089 1044 50
3 1089 579 893
4 268 579 893 233
10 1111 5 408 1155 240 985 468 893 579 155
4 155 1136 270 28
5 28 865 938 495 155
4 354 865 28 799
4 662 1123 988 78
4 420 588 1123 662
3 78 662 420
10 78 1177 338 701 98 708 977 290 188 662
4 906 662 78 369
3 813 1071 1194
3 1162 813 1071
3 813 176 1194
5 1071 1194 888 387 38
3 1071 38 1162
5 77 1161 1162 813 176
3 176 77 888
4 615 1194 1071 412
4 412 1071 813 47
4 843 813 1071 186
4 843 813 1162 168
4 688 1086 186 199
3 688 199 1129
4 186 199 1129 95
5 199 688 1023 668 60
4 199 1162 38 60
5 172 652 1144 1102 567
3 652 172 643
3 16 652 1144
3 643 16 652
4 172 379 361 652
4 1144 1080 279 652
4 914 643 652 361
10 56 951 301 580 983 91 1011 643 652 628
4 16 628 1080 1144
4 206 643 652 1127
4 541 726 898 523
10 753 654 993 71 726 898 204 551 473 624
3 726 898 801
4 617 898 726 247
5 726 33 324 1061 1142
4 33 638 996 726
4 524 1142 726 247
3 726 33 801
3 1142 726 898
3 1036 1119 242
4 1089 1036 1119 11
4 1036 1089 1044 242
3 775 1036 692
4 916 775 1036 86
3 916 115 86
3 692 242 1036
4 2 242 1036 670
4 440 761 910 419
3 775 761 910
4 756 775 761 440
10 761 910 10 577 336 913 234 886 510 716
4 755 910 761 357
3 761 910 822
4 717 795 800 163
5 163 158 496 722 717
4 163 330 1137 158
10 800 795 687 1075 861 109 874 110 1137 330
3 717 163 553
4 105 811 36 226
3 1068 36 811
10 637 742 246 413 735 144 811 36 908 974
4 1153 811 36 323
3 36 709 811
5 222 315 709 811 675
3 811 675 1068
3 222 1034 1059
4 400 709 811 1153
4 518 811 675 132
4 646 949 280 1030
3 217 1030 646
5 1030 646 1122 564 528
4 475 1030 528 96
3 619 217 1030
3 1030 528 619
3 619 248 528
5 619 248 570 263 217
4 870 1106 965 0
10 0 1170 328 293 791 443 1118 858 847 870
3 0 840 870
4 870 1106 334 840
4 0 179 597 870
3 449 0 870
3 155 28 740
4 579 740 28 270
5 312 793 1111 740 310
4 1000 740 310 461
4 1111 1166 458 740
3 28 740 310
3 865 28 310
3 155 1111 740
4 1000 740 28 656
10 4 1168 536 495 793 53 853 482 603 1055
4 4 630 1183 1055
4 201 1055 4 61
4 4 61 1174 673
3 673 4 1055
4 428 918 1177 420
10 19 630 428 420 988 274 1070 364 299 1187
4 78 205 918 428
3 428 78 420
4 142 428 1055 1183
3 4 428 1055
4 428 1168 94 420
4 94 420 4 1015
3 420 4 428
4 78 369 1124 565
3 565 78 662
4 75 176 1194 300
4 75 176 813 957
3 300 75 957
4 75 884 1137 957
4 330 346 957 1137
3 75 957 346
5 405 901 1105 1129 1117
4 99 405 1117 1049
4 1083 1129 1117 339
3 60 1117 405
3 199 1117 1129
3 199 60 1117
4 1117 1049 1158 60
10 412 1117 60 989 92 897 1120 161 954 615
4 199 412 1083 1129
4 38 60 1117 1071
5 1036 1119 454 761 775
3 761 454 822
3 257 1119 454
3 822 257 454
4 289 454 761 513
4 454 763 927 1119
4 289 454 822 716
10 872 455 936 454 822 357 819 460 1148 457
4 311 822 454 998
5 553 555 558 1112 552
4 1001 552 553 538
4 222 552 1112 1059
3 163 552 553
3 158 1112 552
3 163 158 552
4 552 1001 657 163
10 450 1191 163 552 1034 315 1037 275 550 373
4 163 330 1016 552
3 1093 698 208
3 840 527 622
4 208 527 840 698
3 1069 208 698
5 182 654 876 1069 208
3 208 182 1093
4 1030 1069 208 619
4 217 698 208 619
3 929 475 96
3 337 96 929
5 678 393 520 929 475
3 337 929 520
4 619 929 475 1030
10 312 938 534 707 39 282 337 929 528 248
4 548 929 337 849
4 528 548 975 248
5 849 1041 1027 975 548
4 337 590 911 929
4 593 476 101 470
3 593 470 849
10 298 90 895 593 548 619 1030 750 261 991
4 208 548 593 182
4 548 929 520 593
3 849 548 593
3 1180 870 449
3 1180 354 799
3 799 449 1180
5 354 1180 870 840 527
3 527 354 435
4 1180 656 847 449
4 656 1180 870 117
4 354 865 310 1180
4 270 1180 449 50
4 883 579 1089 115
10 549 597 449 1180 28 740 883 115 1036 242
5 86 35 1067 1166 883
3 458 1166 883
3 883 86 115
3 458 115 883
4 1166 1111 155 883
4 579 883 86 893
4 115 670 1000 883
4 188 565 1004 744
10 47 1194 176 1004 565 906 1074 636 904 649
4 287 662 1004 744
5 673 4 420 662 1004
4 1004 888 77 673
3 565 662 1004
4 300 843 874 1109
4 110 957 1109 874
3 300 1109 957
10 20 631 879 112 1129 199 1071 813 300 1109
4 264 1109 300 47
4 47 300 497 649
3 497 300 1109
10 928 102 477 542 1094 171 436 347 491 164
4 491 1074 1124 347
4 687 347 491 126
4 487 906 1074 491
4 75 1004 565 487
5 75 487 491 497 300
4 497 904 636 491
3 347 491 487
4 487 436 800 346
10 1183 142 918 205 369 1124 487 346 884 169
4 347 795 800 346
3 347 346 487
4 248 975 198 619
3 198 975 548
10 117 656 310 865 975 198 208 698 334 1106
4 354 975 198 527
4 435 686 198 527
3 686 198 975
5 686 198 593 470 125
4 1093 198 593 182
3 593 198 548
4 884 1190 1055 169
3 673 1190 1055
4 603 673 1190 884
5 78 428 1055 1190 565
4 487 565 1190 346
3 1190 565 1004
3 1004 673 1190
10 957 75 1190 673 201 779 140 1156 168 843
3 487 75 346
4 176 1190 673 77
4 109 1109 349 861
5 1109 957 346 347 349
4 349 1075 687 347
3 1109 349 497
4 861 349 497 20
3 349 347 491
3 349 497 491
10 16 1127 264 497 349 126 851 711 832 1144
4 164 349 497 904
4 0 1 2 3
4 4 5 6 7
4 8 9 10 11
4 12 13 14 15
4 16 17 18 19
4 20 21 22 23
4 24 25 26 27
4 28 29 30 31
4 32 33 34 35
4 36 37 38 39
4 40 41 42 43
4 44 45 46 47
4 48 49 50 51
4 52 53 54 55
4 56 57 58 59
4 60 61 62 63
4 64 65 66 67
4 68 69 70 71
4 72 73 74 75
4 76 77 78 79
4 80 81 82 83
4 84 85 86 87
4 88 89 90 91
4 92 93 94 95
4 96 97 98 99
4 100 101 102 103
4 104 105 106 107
4 108 109 110 111
4 112 113 114 115
4 116 117 118 119
4 120 121 122 123
4 124 125 126 127
4 128 129 130 131
4 132 133 134 135
4 136 137 138 139
4 140 141 142 143
4 144 145 146 147
4 148 149 150 151
4 152 153 154 155
4 156 157 158 159
4 160 161 162 163
4 164 165 166 167
4 168 169 170 171
4 172 173 174 175
4 176 177 178 179
4 180 181 182 183
4 184 185 186 187
4 188 189 190 191
4 192 193 194 195
4 196 197 198 199
4 200 201 202 203
4 204 205 206 207
4 208 209 210 211
4 212 213 214 215
4 216 217 218 219
4 220 221 222 223
4 224 225 226 227
4 228 229 230 231
4 232 233 234 235
4 236 237 238 239
4 240 241 242 243
4 244 245 246 247
4 248 249 250 251
4 252 253 254 255
4 256 257 258 259
4 260 261 262 263
4 264 265 266 267
4 268 269 270 271
4 272 273 274 275
4 276 277 278 279
4 280 281 282 283
4 284 285 286 287
4 288 289 290 291
4 292 293 294 295
4 296 297 298 299
4 300 301 302 303
4 304 305 306 307
4 308 309 310 311
4 312 313 314 315
4 316 317 318 319
4 320 321 322 323
4 324 325 326 327
4 328 329 330 331
4 332 333 334 335
4 336 337 338 339
4 340 341 342 343
4 344 345 346 347
4 348 349 350 351
4 352 353 354 355
4 356 357 358 359
4 360 361 362 363
4 364 365 366 367
4 368 369 370 371
4 372 373 374 375
4 376 377 378 379
4 380 381 382 383
4 384 385 386 387
4 388 389 390 391
4 392 393 394 395
4 396 397 398 399
4 400 401 402 403
4 404 405 406 407
4 408 409 410 411
4 412 413 414 415
4 416 417 418 419
4 420 421 422 423
4 424 425 426 427
4 428 429 430 431
4 432 433 434 435
4 436 437 438 439
4 440 441 442 443
4 444 445 446 447
4 448 449 450 451
4 452 453 454 455
4 456 457 458 459
4 460 461 462 463
4 464 465 466 467
4 468 469 470 471
4 472 473 474 475
4 476 477 478 479
4 480 481 482 483
4 484 485 486 487
4 488 489 490 491
4 492 493 494 495
4 496 497 498 499
4 500 501 502 503
4 504 505 506 507
4 508 509 510 511
4 512 513 514 515
4 516 517 518 519
4 520 521 522 523
4 524 525 526 527
4 528 529 530 531
4 532 533 534 535
4 536 537 538 539
4 540 541 542 543
4 544 545 546 547
4 548 549 550 551
4 552 553 554 555
4 556 557 558 559
4 560 561 562 563
4 564 565 566 567
4 568 569 570 571
4 572 573 574 575
4 576 577 578 579
4 580 581 582 583
4 584 585 586 587
4 588 589 590 591
4 592 593 594 595
4 596 597 598 599
4 600 601 602 603
4 604 605 606 607
4 608 609 610 611
4 612 613 614 615
4 616 617 618 619
4 620 621 622 623
4 624 625 626 627
4 628 629 630 631
4 632 633 634 635
4 636 637 638 639
4 640 641 642 643
4 644 645 646 647
4 648 649 650 651
4 652 653 654 655
4 656 657 658 659
4 660 661 662 663
4 664 665 666 667
4 668 669 670 671
4 672 673 674 675
4 676 677 678 679
4 680 681 682 683
4 684 685 686 687
4 688 689 690 691
4 692 693 694 695
4 696 697 698 699
4 700 701 702 703
4 704 705 706 707
4 708 709 710 711
4 712 713 714 715
4 716 717 718 719
4 720 721 722 723
4 724 725 726 727
4 728 729 730 731
4 732 733 734 735
4 736 737 738 739
4 740 741 742 743
4 744 745 746 747
4 748 749 750 751
4 752 753 754 755
4 756 757 758 759
4 760 761 762 763
4 764 765 766 767
4 768 769 770 771
4 772 773 774 775
4 776 777 778 779
4 780 781 782 783
4 784 785 786 787
4 788 789 790 791
4 792 793 794 795
4 796 797 798 799
4 800 801 802 803
4 804 805 806 807
4 808 809 810 811
4 812 813 814 815
4 816 817 818 819
4 820 821 822 823
4 824 825 826 827
4 828 829 830 831
4 832 833 834 835
4 836 837 838 839
4 840 841 842 843
4 844 845 846 847
4 848 849 850 851
4 852 853 854 855
4 856 857 858 859
4 860 861 862 863
4 864 865 866 867
4 868 869 870 871
4 872 873 874 875
4 876 877 878 879
4 880 881 882 883
4 884 885 886 887
4 888 889 890 891
4 892 893 894 895
4 896 897 898 899
4 900 901 902 903
4 904 905 906 907
4 908 909 910 911
4 912 913 914 915
4 916 917 918 919
4 920 921 922 923
4 924 925 926 927
4 928 929 930 931
4 932 933 934 935
4 936 937 938 939
4 940 941 942 943
4 944 945 946 947
4 948 949 950 951
4 952 953 954 955
4 956 957 958 959
4 960 961 962 963
4 964 965 966 967
4 968 969 970 971
4 972 973 974 975
4 976 977 978 979
4 980 981 982 983
4 984 985 986 987
4 988 989 990 991
4 992 993 994 995
4 996 997 998 999
4 1000 1001 1002 1003
4 1004 1005 1006 1007
4 1008 1009 1010 1011
4 1012 1013 1014 1015
4 1016 1017 1018 1019
4 1020 1021 1022 1023
4 1024 1025 1026 1027
4 1028 1029 1030 1031
4 1032 1033 1034 1035
4 1036 1037 1038 1039
4 1040 1041 1042 1043
4 1044 1045 1046 1047
4 1048 1049 1050 1051
4 1052 1053 1054 1055
4 1056 1057 1058 1059
4 1060 1061 1062 1063
4 1064 1065 1066 1067
4 1068 1069 1070 1071
4 1072 1073 1074 1075
4 1076 1077 1078 1079
4 1080 1081 1082 1083
4 1084 1085 1086 1087
4 1088 1089 1090 1091
4 1092 1093 1094 1095
4 1096 1097 1098 1099
4 1100 1101 1102 1103
4 1104 1105 1106 1107
4 1108 1109 1110 1111
4 1112 1113 1114 1115
4 1116 1117 1118 1119
4 1120 1121 1122 1123
4 1124 1125 1126 1127
4 1128 1129 1130 1131
4 1132 1133 1134 1135
4 1136 1137 1138 1139
4 1140 1141 1142 1143
4 1144 1145 1146 1147
4 1148 1149 1150 1151
4 1152 1153 1154 1155
4 1156 1157 1158 1159
4 1160 1161 1162 1163
4 1164 1165 1166 1167
4 1168 1169 1170 1171
4 1172 1173 1174 1175
4 1176 1177 1178 1179
4 1180 1181 1182 1183
4 1184 1185 1186 1187
4 1188 1189 1190 1191
4 1192 1193 1194 1195
4 1196 1197 1198 1199
4 1200 1201 1202 1203
4 1204 1205 1206 1207
4 1208 1209 1210 1211
4 1212 1213 1214 1215
4 1216 1217 1218 1219
4 1220 1221 1222 1223
4 1224 1225 1226 1227
4 1228 1229 1230 1231
4 1232 1233 1234 1235
4 1236 1237 1238 1239
4 1240 1241 1242 1243
4 1244 1245 1246 1247
4 1248 1249 1250 1251
4 1252 1253 1254 1255
4 1256 1257 1258 1259
4 1260 1261 1262 1263
4 1264 1265 1266 1267
4 1268 1269 1270 1271
4 1272 1273 1274 1275
4 1276 1277 1278 1279
4 1280 1281 1282 1283
4 1284 1285 1286 1287
4 1288 1289 1290 1291
4 1292 1293 1294 1295
4 1296 1297 1298 1299
4 1300 1301 1302 1303
4 1304 1305 1306 1307
4 1308 1309 1310 1311
4 1312 1313 1314 1315
4 1316 1317 1318 1319
4 1320 1321 1322 1323
4 1324 1325 1326 1327
4 1328 1329 1330 1331
4 1332 1333 1334 1335
4 1336 1337 1338 1339
4 1340 1341 1342 1343
4 1344 1345 1346 1347
4 1348 1349 1350 1351
4 1352 1353 1354 1355
4 1356 1357 1358 1359
4 1360 1361 1362 1363
4 1364 1365 1366 1367
4 1368 1369 1370 1371
4 1372 1373 1374 1375
4 1376 1377 1378 1379
4 1380 1381 1382 1383
4 1384 1385 1386 1387
4 1388 1389 1390 1391
4 1392 1393 1394 1395
4 1396 1397 1398 1399
4 1400 1401 1402 1403
4 1404 1405 1406 1407
4 1408 1409 1410 1411
4 1412 1413 1414 1415
4 1416 1417 1418 1419
4 1420 1421 1422 1423
4 1424 1425 1426 1427
4 1428 1429 1430 1431
4 1432 1433 1434 1435
4 1436 1437 1438 1439
4 1440 1441 1442 1443
4 1444 1445 1446 1447
4 1448 1449 1450 1451
4 1452 1453 1454 1455
4 1456 1457 1458 1459
4 1460 1461 1462 1463
4 1464 1465 1466 1467
4 1468 1469 1470 1471
4 1472 1473 1474 1475
4 1476 1477 1478 1479
4 1480 1481 1482 1483
4 1484 1485 1486 1487
4 1488 1489 1490 1491
4 1492 1493 1494 1495
4 1496 1497 1498 1499
4 1500 1501 1502 1503
4 1504 1505 1506 1507
4 1508 1509 1510 1511
4 1512 1513 1514 1515
4 1516 1517 1518 1519
4 1520 1521 1522 1523
4 1524 1525 1526 1527
4 1528 1529 1530 1531
4 1532 1533 1534 1535
4 1536 1537 1538 1539
4 1540 1541 1542 1543
4 1544 1545 1546 1547
4 1548 1549 1550 1551
4 1552 1553 1554 1555
4 1556 1557 1558 1559
4 1560 1561 1562 1563
4 1564 1565 1566 1567
4 1568 1569 1570 1571
4 1572 1573 1574 1575
4 1576 1577 1578 1579
4 1580 1581 1582 1583
4 1584 1585 1586 1587
4 1588 1589 1590 1591
4 1592 1593 1594 1595
4 1596 1597 1598 1599
4 1600 1601 1602 1603
4 1604 1605 1606 1607
4 1608 1609 1610 1611
4 1612 1613 1614 1615
4 1616 1617 1618 1619
4 1620 1621 1622 1623
4 1624 1625 1626 1627
4 1628 1629 1630 1631
4 1632 1633 1634 1635
4 1636 1637 1638 1639
4 1640 1641 1642 1643
4 1644 1645 1646 1647
4 1648 1649 1650 1651
4 1652 1653 1654 1655
4 1656 1657 1658 1659
4 1660 1661 1662 1663
4 1664 1665 1666 1667
4 1668 1669 1670 1671
4 1672 1673 1674 1675
4 1676 1677 1678 1679
4 1680 1681 1682 1683
4 1684 1685 1686 1687
4 1688 1689 1690 1691
4 1692 1693 1694 1695
4 1696 1697 1698 1699
4 1700 1701 1702 1703
4 1704 1705 1706 1707
4 1708 1709 1710 1711
4 1712 1713 1714 1715
4 1716 1717 1718 1719
4 1720 1721 1722 1723
4 1724 1725 1726 1727
4 1728 1729 1730 1731
4 1732 1733 1734 1735
4 1736 1737 1738 1739
4 1740 1741 1742 1743
4 1744 1745 1746 1747
4 1748 1749 1750 1751
4 1752 1753 1754 1755
4 1756 1757 1758 1759
4 1760 1761 1762 1763
4 1764 1765 1766 1767
4 1768 1769 1770 1771
4 1772 1773 1774 1775
4 1776 1777 1778 1779
4 1780 1781 1782 1783
4 1784 1785 1786 1787
4 1788 1789 1790 1791
4 1792 1793 1794 1795
4 1796 1797 1798 1799
4 1800 1801 1802 1803
4 1804 1805 1806 1807
4 1808 1809 1810 1811
4 1812 1813 1814 1815
4 1816 1817 1818 1819
4 1820 1821 1822 1823
4 1824 1825 1826 1827
4 1828 1829 1830 1831
4 1832 1833 1834 1835
4 1836 1837 1838 1839
4 1840 1841 1842 1843
4 1844 1845 1846 1847
4 1848 1849 1850 1851
4 1852 1853 1854 1855
4 1856 1857 1858 1859
4 1860 1861 1862 1863
4 1864 1865 1866 1867
4 1868 1869 1870 1871
4 1872 1873 1874 1875
4 1876 1877 1878 1879
4 1880 1881 1882 1883
4 1884 1885 1886 1887
4 1888 1889 1890 1891
4 1892 1893 1894 1895
4 1896 1897 1898 1899
4 1900 1901 1902 1903
4 1904 1905 1906 1907
4 1908 1909 1910 1911
4 1912 1913 1914 1915
4 1916 1917 1918 1919
4 1920 1921 1922 1923
4 1924 1925 1926 1927
4 1928 1929 1930 1931
4 1932 1933 1934 1935
4 1936 1937 1938 1939
4 1940 1941 1942 1943
4 1944 1945 1946 1947
4 1948 1949 1950 1951
4 1952 1953 1954 1955
4 1956 1957 1958 1959
4 1960 1961 1962 1963
4 1964 1965 1966 1967
4 1968 1969 1970 1971
4 1972 1973 1974 1975
4 1976 1977 1978 1979
4 1980 1981 1982 1983
4 1984 1985 1986 1987
4 1988 1989 1990 1991
4 1992 1993 1994 1995
4 1996 1997 1998 1999
4 2000 2001 2002 2003
4 2004 2005 2006 2007
4 2008 2009 2010 2011
4 2012 2013 2014 2015
4 2016 2017 2018 2019
4 2020 2021 2022 2023
4 2024 2025 2026 2027
4 2028 2029 2030 2031
4 2032 2033 2034 2035
4 2036 2037 2038 2039
4 2040 2041 2042 2043
4 2044 2045 2046 2047
4 2048 2049 2050 2051
4 2052 2053 2054 2055
4 2056 2057 2058 2059
4 2060 2061 2062 2063
4 2064 2065 2066 2067
4 2068 2069 2070 2071
4 2072 2073 2074 2075
4 2076 2077 2078 2079
4 2080 2081 2082 2083
4 2084 2085 2086 2087
4 2088 2089 2090 2091
4 2092 2093 2094 2095
4 2096 2097 2098 2099
4 2100 2101 2102 2103
4 2104 2105 2106 2107
4 2108 2109 2110 2111
4 2112 2113 2114 2115
4 2116 2117 2118 2119
4 2120 2121 2122 2123
4 2124 2125 2126 2127
4 2128 2129 2130 2131
4 2132 2133 2134 2135
4 2136 2137 2138 2139
4 2140 2141 2142 2143
4 2144 2145 2146 2147
4 2148 2149 2150 2151
4 2152 2153 2154 2155
4 2156 2157 2158 2159
4 2160 2161 2162 2163
4 2164 2165 2166 2167
4 2168 2169 2170 2171
4 2172 2173 2174 2175
4 2176 2177 2178 2179
4 2180 2181 2182 2183
4 2184 2185 2186 2187
4 2188 2189 2190 2191
4 2192 2193 2194 2195
4 2196 2197 2198 2199
4 2200 2201 2202 2203
4 2204 2205 2206 2207
4 2208 2209 2210 2211
4 2212 2213 2214 2215
4 2216 2217 2218 2219
4 2220 2221 2222 2223
4 2224 2225 2226 2227
4 2228 2229 2230 2231
4 2232 2233 2234 2235
4 2236 2237 2238 2239
4 2240 2241 2242 2243
4 2244 2245 2246 2247
4 2248 2249 2250 2251
4 2252 2253 2254 2255
4 2256 2257 2258 2259
4 2260 2261 2262 2263
4 2264 2265 2266 2267
4 2268 2269 2270 2271
4 2272 2273 2274 2275
4 2276 2277 2278 2279
4 2280 2281 2282 2283
4 2284 2285 2286 2287
4 2288 2289 2290 2291
4 2292 2293 2294 2295
4 2296 2297 2298 2299
4 2300 2301 2302 2303
4 2304 2305 2306 2307
4 2308 2309 2310 2311
4 2312 2313 2314 2315
4 2316 2317 2318 2319
4 2320 2321 2322 2323
4 2324 2325 2326 2327
4 2328 2329 2330 2331
4 2332 2333 2334 2335
4 2336 2337 2338 2339
4 2340 2341 2342 2343
4 2344 2345 2346 2347
4 2348 2349 2350 2351
4 2352 2353 2354 2355
4 2356 2357 2358 2359
4 2360 2361 2362 2363
4 2364 2365 2366 2367
4 2368 2369 2370 2371
4 2372 2373 2374 2375
4 2376 2377 2378 2379
4 2380 2381 2382 2383
4 2384 2385 2386 2387
4 2388 2389 2390 2391
4 2392 2393 2394 2395
4 2396 2397 2398 2399
6 8 1144 2400 2401 2402 2403
6 0 1508 2404 2405 2406 2407
6 16 20 2408 2409 2410 2411
6 12 36 2412 2413 2414 2415
6 60 652 2416 2417 2418 2419
6 696 2144 2420 2421 2422 2423
6 1 84 2424 2425 2426 2427
6 32 212 2428 2429 2430 2431
6 92 152 2432 2433 2434 2435
6 48 100 2436 2437 2438 2439
6 616 1032 2440 2441 2442 2443
6 112 116 2444 2445 2446 2447
6 120 124 2448 2449 2450 2451
6 328 936 2452 2453 2454 2455
6 96 336 2456 2457 2458 2459
6 176 1624 2460 2461 2462 2463
6 44 104 2464 2465 2466 2467
6 45 144 2468 2469 2470 2471
6 153 156 2472 2473 2474 2475
6 157 164 2476 2477 2478 2479
6 88 284 2480 2481 2482 2483
6 168 172 2484 2485 2486 2487
6 468 968 2488 2489 2490 2491
6 180 592 2492 2493 2494 2495
6 181 184 2496 2497 2498 2499
6 136 324 2500 2501 2502 2503
6 200 520 2504 2505 2506 2507
6 204 208 2508 2509 2510 2511
6 209 604 2512 2513 2514 2515
6 85 216 2516 2517 2518 2519
6 217 220 2520 2521 2522 2523
6 224 1840 2524 2525 2526 2527
6 228 232 2528 2529 2530 2531
6 105 236 2532 2533 2534 2535
6 240 244 2536 2537 2538 2539
6 101 245 2540 2541 2542 2543
6 252 888 2544 2545 2546 2547
6 264 1828 2548 2549 2550 2551
6 272 1520 2552 2553 2554 2555
6 68 72 2556 2557 2558 2559
6 33 572 2560 2561 2562 2563
6 64 524 2564 2565 2566 2567
6 140 368 2568 2569 2570 2571
12 213 221 600 828 880 2520 2572 2573 2574 2575 2576 2577
6 125 300 2578 2579 2580 2581
6 564 1056 2582 2583 2584 2585
6 280 285 2586 2587 2588 2589
12 225 286 448 784 1000 2524 2586 2590 2591 2592 2593 2594
6 128 316 2595 2596 2597 2598
12 2428 2492 2496 2500 2521 2560 2599 2600 2601 2602 2603 2604
6 132 137 2599 2605 2606 2607
6 320 325 2608 2609 2610 2611
6 337 340 2612 2613 2614 2615
6 341 364 2616 2617 2618 2619
12 2400 2404 2440 2620 2621 2622 2623 2624 2625 2626 2627 2628
6 344 348 2620 2629 2630 2631
6 352 356 2621 2632 2633 2634
6 80 357 2622 2635 2636 2637
6 360 1004 2638 2639 2640 2641
6 416 2208 2642 2643 2644 2645
12 2552 2568 2646 2647 2648 2649 2650 2651 2652 2653 2654 2655
12 2436 2488 2528 2656 2657 2658 2659 2660 2661 2662 2663 2664
6 369 372 2646 2656 2665 2666
6 376 476 2647 2667 2668 2669
12 49 65 145 380 532 2670 2671 2672 2673 2674 2675 2676
6 4 66 2670 2677 2678 2679
6 141 2084 2680 2681 2682 2683
6 233 381 2657 2684 2685 2686
6 146 664 2671 2687 2688 2689
6 332 644 2690 2691 2692 2693
6 392 396 2694 2695 2696 2697
6 400 976 2698 2699 2700 2701
6 408 412 2702 2703 2704 2705
6 748 752 2706 2707 2708 2709
6 1500 2032 2710 2711 2712 2713
6 420 1648 2714 2715 2716 2717
6 421 1824 2718 2719 2720 2721
6 397 424 2722 2723 2724 2725
6 428 432 2726 2727 2728 2729
6 61 1180 2730 2731 2732 2733
12 2412 2432 2444 2472 2734 2735 2736 2737 2738 2739 2740 2741
6 37 129 2734 2742 2743 2744
6 436 440 2735 2745 2746 2747
6 333 441 2736 2748 2749 2750
6 728 788 2751 2752 2753 2754
6 444 449 2590 2755 2756 2757
6 445 1228 2758 2759 2760 2761
6 268 1288 2648 2762 2763 2764
6 464 680 2649 2765 2766 2767
6 465 469 2658 2768 2769 2770
6 472 477 2650 2771 2772 2773
6 384 1604 2774 2775 2776 2777
12 2429 2525 2778 2779 2780 2781 2782 2783 2784 2785 2786 2787
6 488 492 2778 2788 2789 2790
6 177 496 2791 2792 2793 2794
6 196 500 2795 2796 2797 2798
12 2512 2516 2522 2572 2799 2800 2801 2802 2803 2804 2805 2806
6 214 504 2573 2779 2799 2807
6 505 508 2800 2808 2809 2810
12 2464 2529 2532 2536 2540 2811 2812 2813 2814 2815 2816 2817
12 46 102 234 525 684 2465 2530 2541 2672 2811 2818 2819
6 526 952 2812 2818 2820 2821
6 528 876 2801 2822 2823 2824
12 2456 2466 2468 2612 2825 2826 2827 2828 2829 2830 2831 2832
6 533 672 2673 2825 2833 2834
6 248 536 2835 2836 2837 2838
6 896 1928 2839 2840 2841 2842
6 256 544 2843 2844 2845 2846
6 249 552 2847 2848 2849 2850
6 556 1312 2851 2852 2853 2854
6 188 197 2855 2856 2857 2858
12 142 273 377 676 1292 2553 2569 2651 2667 2859 2860 2861
6 40 388 2862 2863 2864 2865
6 516 568 2866 2867 2868 2869
6 512 517 2600 2870 2871 2872
12 2564 2570 2680 2684 2820 2873 2874 2875 2876 2877 2878 2879
6 274 2304 2873 2880 2881 2882
6 580 920 2883 2884 2885 2886
6 576 581 2887 2888 2889 2890
12 2526 2587 2591 2755 2758 2891 2892 2893 2894 2895 2896 2897
6 588 1556 2780 2898 2899 2900
6 288 589 2901 2902 2903 2904
6 222 292 2601 2905 2906 2907
6 593 596 2908 2909 2910 2911
12 133 293 518 573 594 2493 2561 2602 2605 2870 2905 2912
6 601 816 2913 2914 2915 2916
12 2420 2460 2913 2917 2918 2919 2920 2921 2922 2923 2924 2925
6 52 1956 2917 2926 2927 2928
6 602 605 2574 2802 2918 2929
6 612 2252 2930 2931 2932 2933
6 613 1700 2934 2935 2936 2937
6 205 345 2623 2938 2939 2940
12 2 9 81 206 617 2401 2405 2441 2624 2635 2938 2941
12 86 210 509 529 620 2513 2517 2803 2808 2822 2941 2942
6 621 824 2804 2942 2943 2944
12 2445 2476 2544 2702 2945 2946 2947 2948 2949 2950 2951 2952
6 301 624 2945 2953 2954 2955
6 308 1044 2956 2957 2958 2959
6 121 304 2960 2961 2962 2963
6 192 632 2964 2965 2966 2967
6 1120 2108 2968 2969 2970 2971
12 87 201 321 506 636 2424 2504 2809 2972 2973 2974 2975
6 89 322 2972 2976 2977 2978
12 185 215 218 326 640 2430 2497 2501 2523 2603 2973 2979
6 513 641 2604 2979 2980 2981
6 653 1072 2982 2983 2984 2985
6 660 1080 2986 2987 2988 2989
6 665 1444 2990 2991 2992 2993
12 2508 2514 2636 2926 2994 2995 2996 2997 2998 2999 3000 3001
6 668 673 2994 3002 3003 3004
6 656 868 2826 2995 3005 3006
6 677 681 2652 2859 3007 3008
12 97 106 685 872 1136 2457 2467 2827 3009 3010 3011 3012
6 534 686 2828 3009 3013 3014
6 687 688 2813 2819 3015 3016
6 382 692 2674 2874 3017 3018
6 5 53 2919 3019 3020 3021
12 2675 2677 2687 2833 2990 3002 3017 3019 3022 3023 3024 3025
6 50 700 2659 2676 3022 3026
6 276 628 3027 3028 3029 3030
12 2638 2642 2706 3031 3032 3033 3034 3035 3036 3037 3038 3039
6 389 932 3040 3041 3042 3043
6 473 812 3044 3045 3046 3047
12 165 169 317 729 1540 2484 2751 3048 3049 3050 3051 3052
12 117 130 158 437 732 2446 2473 2737 2742 2745 3048 3053
6 724 733 2738 3053 3054 3055
6 404 409 3056 3057 3058 3059
6 740 744 3060 3061 3062 3063
6 76 608 3031 3064 3065 3066
12 361 417 609 749 1016 2639 2643 2707 3032 3064 3067 3068
12 349 353 1028 1148 1512 2625 2629 2632 3067 3069 3070 3071
6 753 1168 3033 3072 3073 3074
12 2710 3056 3060 3072 3075 3076 3077 3078 3079 3080 3081 3082
6 405 1224 3075 3083 3084 3085
12 126 154 309 406 848 2433 2448 2956 3083 3086 3087 3088
12 113 159 302 410 756 2447 2477 2703 2946 2953 3086 3089
6 253 757 2947 3076 3089 3090
6 425 764 3091 3092 3093 3094
6 768 1184 3095 3096 3097 3098
6 24 769 3099 3100 3101 3102
6 260 1836 3103 3104 3105 3106
6 28 1672 3107 3108 3109 3110
12 29 398 557 772 776 2694 2851 3107 3111 3112 3113 3114
6 1152 2024 3115 3116 3117 3118
6 785 1192 2592 2891 3119 3120
6 318 786 3049 3121 3122 3123
6 1200 1476 3124 3125 3126 3127
6 777 780 3128 3129 3130 3131
6 173 450 3132 3133 3134 3135
6 98 796 3136 3137 3138 3139
12 269 373 466 474 1524 2653 2665 2762 2765 2771 3140 3141
6 800 1868 3142 3143 3144 3145
6 704 801 3146 3147 3148 3149
12 2772 2774 3044 3142 3146 3150 3151 3152 3153 3154 3155 3156
6 480 484 3150 3157 3158 3159
12 470 808 813 1208 1356 2489 3140 3160 3161 3162 3163 3164
6 804 809 3151 3160 3165 3166
12 2490 3161 3165 3167 3168 3169 3170 3171 3172 3173 3174 3175
6 814 2004 3162 3167 3176 3177
12 34 294 296 489 817 2562 2575 2788 3178 3179 3180 3181
6 297 1896 2920 3178 3182 3183
6 818 820 3179 3184 3185 3186
6 821 1332 2875 3187 3188 3189
12 2556 2791 2906 2908 3190 3191 3192 3193 3194 3195 3196 3197
6 825 829 2576 2805 3190 3198
6 298 830 2921 3191 3199 3200
6 852 1216 3201 3202 3203 3204
12 2413 2502 2505 2608 2964 3201 3205 3206 3207 3208 3209 3210
6 186 202 3205 3211 3212 3213
6 832 840 3214 3215 3216 3217
12 90 174 319 637 844 2485 2593 2595 2976 3218 3219 3220
12 2486 2596 2609 2743 2977 2980 3214 3218 3221 3222 3223 3224
6 638 642 2781 3219 3221 3225
12 38 327 438 514 833 2610 2744 2981 3215 3222 3226 3227
12 13 138 442 519 836 2606 2748 2866 3226 3228 3229 3230
6 41 837 3228 3231 3232 3233
12 2722 2746 2752 3091 3128 3231 3234 3235 3236 3237 3238 3239
12 170 765 781 789 834 2753 3092 3129 3234 3240 3241 3242
6 835 838 3235 3240 3243 3244
6 171 439 3223 3227 3236 3241
12 175 760 792 841 908 3132 3242 3245 3246 3247 3248 3249
6 289 761 3245 3250 3251 3252
6 842 845 3220 3224 3246 3253
6 226 846 2782 3254 3255 3256
12 35 493 590 643 847 2431 2783 2789 2898 3225 3254 3257
12 2474 2478 2480 2588 2597 3121 3258 3259 3260 3261 3262 3263
6 758 849 3077 3258 3264 3265
6 93 193 3206 3266 3267 3268
12 2434 2449 2957 2960 3084 3087 3266 3269 3270 3271 3272 3273
12 39 94 323 521 853 2414 2506 2611 3202 3207 3267 3274
12 91 131 155 856 1160 2475 2481 2598 3259 3274 3275 3276
6 850 857 3088 3260 3269 3275
6 854 858 3270 3277 3278 3279
12 194 305 855 1048 1220 2961 3268 3271 3277 3280 3281 3282
12 160 237 689 797 864 3010 3283 3284 3285 3286 3287 3288
6 82 530 2996 3289 3290 3291
6 869 873 2829 3011 3292 3293
12 54 531 606 674 870 2515 2927 2997 3003 3005 3289 3294
6 490 881 2784 3295 3296 3297
12 2565 2678 2914 3013 3015 3184 3295 3298 3299 3300 3301 3302
6 877 882 2577 2806 3298 3303
12 6 535 603 874 878 2679 2915 3014 3294 3299 3303 3304
6 865 875 3300 3304 3305 3306
6 537 884 3307 3308 3309 3310
12 2548 2714 2718 3307 3311 3312 3313 3314 3315 3316 3317 3318
6 885 889 3311 3319 3320 3321
6 413 1108 2948 3312 3322 3323
12 2756 2901 3133 3247 3250 3253 3255 3324 3325 3326 3327 3328
6 793 1260 3248 3324 3329 3330
6 904 1852 3331 3332 3333 3334
6 909 912 3249 3325 3335 3336
6 21 261 3337 3338 3339 3340
6 916 984 3341 3342 3343 3344
6 548 553 3345 3346 3347 3348
6 805 2180 3168 3349 3350 3351
12 2695 2723 2726 2862 3040 3352 3353 3354 3355 3356 3357 3358
6 429 558 3352 3359 3360 3361
6 1368 1600 3353 3362 3363 3364
6 270 810 3152 3365 3366 3367
6 560 565 3368 3369 3370 3371
6 924 1612 3372 3373 3374 3375
6 378 2076 3376 3377 3378 3379
6 925 1688 3354 3380 3381 3382
12 393 559 926 933 1596 2696 3041 3355 3359 3380 3383 3384
6 934 1872 3385 3386 3387 3388
12 2698 3372 3381 3385 3389 3390 3391 3392 3393 3394 3395 3396
6 928 1012 3389 3397 3398 3399
6 762 766 3400 3401 3402 3403
12 235 275 370 953 1336 2571 2685 2821 2876 2880 3404 3405
6 948 954 2814 3406 3407 3408
6 956 960 3409 3410 3411 3412
6 961 1240 3413 3414 3415 3416
6 964 1660 3417 3418 3419 3420
12 2437 2469 2542 2616 2688 3417 3421 3422 3423 3424 3425 3426
6 969 972 3169 3427 3428 3429
12 2452 2582 2968 3368 3430 3431 3432 3433 3434 3435 3436 3437
6 937 940 3390 3430 3438 3439
6 456 460 3440 3441 3442 3443
6 229 988 2815 3444 3445 3446
6 773 992 3111 3447 3448 3449
12 2406 2425 2482 2507 2810 2974 2978 3450 3451 3452 3453 3454
6 10 510 3450 3455 3456 3457
6 996 1001 2594 2892 3451 3458
6 639 1002 2785 2975 3452 3459
6 1005 1008 3034 3460 3461 3462
6 148 1009 3463 3464 3465 3466
12 69 561 938 1013 1684 2453 2557 3397 3467 3468 3469 3470
6 1017 1020 3035 3068 3471 3472
6 610 1029 3473 3474 3475 3476
6 1030 1033 2626 3069 3477 3478
6 70 189 3192 3479 3480 3481
6 1384 1392 3482 3483 3484 3485
12 2426 2442 2498 2518 2795 3211 3482 3486 3487 3488 3489 3490
6 1036 1040 3313 3491 3492 3493
12 2450 2578 2704 3057 3491 3494 3495 3496 3497 3498 3499 3500
6 741 1037 3494 3501 3502 3503
6 1045 1049 3272 3280 3504 3505
6 277 1050 3506 3507 3508 3509
12 2607 2690 2749 2863 2867 3229 3232 3510 3511 3512 3513 3514
12 134 182 501 1060 1068 2494 2796 3515 3516 3517 3518 3519
12 139 187 633 1052 1212 2503 2965 3208 3212 3515 3520 3521
6 14 1053 3209 3230 3510 3520
6 629 1720 3431 3522 3523 3524
6 1057 1061 3516 3525 3526 3527
6 634 1062 3528 3529 3530 3531
12 2966 3504 3506 3528 3532 3533 3534 3535 3536 3537 3538 3539
6 401 648 3391 3532 3540 3541
6 1064 1069 3517 3533 3542 3543
6 1054 1070 3511 3534 3544 3545
12 47 246 342 965 1076 2470 2543 2617 3418 3421 3546 3547
6 1077 1344 3422 3546 3548 3549
6 1073 1078 3550 3551 3552 3553
6 669 1752 2998 3554 3555 3556
6 1081 1084 3557 3558 3559 3560
12 365 666 670 1082 1428 2986 2991 3554 3561 3562 3563 3564
12 147 343 657 675 1085 2471 2613 2830 2834 3006 3561 3565
6 1086 1132 2831 3565 3566 3567
12 2987 2992 3555 3562 3568 3569 3570 3571 3572 3573 3574 3575
6 1088 1092 3568 3576 3577 3578
6 366 1089 3423 3563 3569 3579
6 693 697 3023 3580 3581 3582
6 56 77 3036 3583 3584 3585
6 712 1104 3586 3587 3588 3589
6 1105 2392 3590 3591 3592 3593
6 625 708 2949 3594 3595 3596
12 3124 3586 3590 3594 3597 3598 3599 3600 3601 3602 3603 3604
6 1109 1112 3314 3597 3605 3606
6 577 1113 3598 3607 3608 3609
12 630 941 977 1058 1121 2583 2969 3432 3438 3522 3610 3611
6 978 980 3433 3610 3612 3613
12 278 402 1063 1065 1124 3507 3529 3535 3540 3542 3611 3614
6 720 1125 3536 3614 3615 3616
6 721 1492 3537 3617 3618 3619
12 2579 2954 2958 3125 3617 3620 3621 3622 3623 3624 3625 3626
6 114 310 2739 3620 3627 3628
6 1133 1137 2832 3012 3629 3630
12 2402 2823 3290 3292 3305 3455 3631 3632 3633 3634 3635 3636
6 161 1138 3631 3637 3638 3639
6 997 1140 2893 3632 3640 3641
6 1145 1149 2627 3070 3642 3643
6 281 1156 2894 3644 3645 3646
6 1161 1164 3261 3276 3647 3648
6 433 944 3649 3650 3651 3652
6 452 1172 3653 3654 3655 3656
12 2835 2887 3095 3099 3308 3607 3657 3658 3659 3660 3661 3662
6 730 734 3237 3663 3664 3665
6 1360 1548 3666 3667 3668 3669
6 25 257 3670 3671 3672 3673
6 1176 1181 3674 3675 3676 3677
6 166 1188 2950 3050 3678 3679
12 2545 2711 3096 3115 3319 3680 3681 3682 3683 3684 3685 3686
6 1185 1189 3680 3687 3688 3689
6 1193 1196 2895 3681 3690 3691
6 1177 1197 3682 3692 3693 3694
6 1201 1204 3599 3695 3696 3697
12 2763 2852 3360 3365 3653 3698 3699 3700 3701 3702 3703 3704
6 1209 1284 3163 3170 3698 3705
12 3 203 1034 1213 1396 2427 2443 3213 3486 3706 3707 3708
6 502 1214 3487 3706 3709 3710
12 3027 3523 3525 3530 3709 3711 3712 3713 3714 3715 3716 3717
6 312 860 3711 3718 3719 3720
12 279 635 861 1217 1732 3028 3281 3531 3712 3718 3721 3722
6 1215 1218 3210 3521 3713 3721
12 78 750 859 1165 1221 3065 3278 3647 3723 3724 3725 3726
6 862 1222 3723 3727 3728 3729
12 57 754 851 1225 1504 3073 3078 3085 3264 3724 3730 3731
6 58 745 3079 3730 3732 3733
6 1223 1226 3273 3282 3734 3735
12 1141 1157 1198 1229 1844 2759 2896 3640 3644 3690 3736 3737
12 162 1153 1178 1232 1496 3116 3637 3674 3736 3738 3739 3740
6 798 1233 3283 3738 3741 3742
12 549 892 1074 1241 1252 3413 3550 3743 3744 3745 3746 3747
6 540 893 3743 3748 3749 3750
12 2416 2549 2730 2836 2843 2847 3670 3751 3752 3753 3754 3755
12 545 554 654 1236 1244 2417 2844 2848 3744 3751 3756 3757
6 265 1237 3752 3756 3758 3759
6 1245 1516 3753 3757 3760 3761
6 1248 2056 3762 3763 3764 3765
12 2614 2618 2982 2988 3551 3557 3760 3766 3767 3768 3769 3770
6 894 1246 3766 3771 3772 3773
12 367 661 895 1079 1564 2619 2989 3552 3767 3771 3774 3775
6 1636 2268 3776 3777 3778 3779
6 546 1253 3780 3781 3782 3783
12 2408 2418 2458 2533 2983 3136 3780 3784 3785 3786 3787 3788
12 107 241 338 1075 1256 2459 2534 2984 3547 3784 3789 3790
6 1254 1257 3745 3785 3789 3791
6 17 242 3786 3790 3792 3793
12 2760 3100 3103 3671 3675 3692 3794 3795 3796 3797 3798 3799
6 1261 1568 3326 3794 3800 3801
12 426 430 453 782 1264 2727 3093 3112 3654 3802 3803 3804
12 2728 3094 3335 3400 3649 3655 3802 3805 3806 3807 3808 3809
6 783 910 3803 3805 3810 3811
6 1265 1268 3804 3806 3812 3813
6 457 1269 3807 3814 3815 3816
6 550 1572 3746 3817 3818 3819
12 3409 3414 3548 3553 3747 3748 3791 3817 3820 3821 3822 3823
6 966 1258 3820 3824 3825 3826
6 774 1266 3827 3828 3829 3830
6 917 1276 3831 3832 3833 3834
6 1280 2364 3835 3836 3837 3838
6 1281 1588 3839 3840 3841 3842
6 30 454 3699 3843 3844 3845
6 1289 1293 2654 2860 3846 3847
6 562 1296 3467 3848 3849 3850
6 1297 1760 3851 3852 3853 3854
6 1313 1316 3855 3856 3857 3858
12 31 811 1285 1314 1884 2853 3366 3700 3705 3843 3859 3860
6 1317 2020 3861 3862 3863 3864
12 569 597 1320 1380 1620 2912 3865 3866 3867 3868 3869 3870
6 329 1300 3871 3872 3873 3874
6 1324 1328 3875 3876 3877 3878
6 385 1329 3879 3880 3881 3882
12 290 515 574 843 1632 2871 3216 3251 3257 3883 3884 3885
6 575 1321 3883 3886 3887 3888
12 2868 2872 3217 3243 3252 3401 3884 3886 3889 3890 3891 3892
6 945 1628 3889 3893 3894 3895
6 1333 1337 2877 3404 3896 3897
6 957 1340 3898 3899 3900 3901
6 1341 1800 3902 3903 3904 3905
6 1308 1456 3906 3907 3908 3909
12 900 958 967 1345 1576 3410 3549 3821 3824 3910 3911 3912
12 541 897 1090 1346 1472 2839 3576 3774 3913 3914 3915 3916
12 2840 3577 3913 3917 3918 3919 3920 3921 3922 3923 3924 3925
6 1347 1348 3424 3914 3917 3926
6 542 901 3822 3910 3915 3918
6 1349 1776 3919 3927 3928 3929
12 51 667 1091 1350 1664 2438 2689 3425 3579 3926 3930 3931
12 458 985 1173 1210 1352 3440 3932 3933 3934 3935 3936 3937
6 986 989 3932 3938 3939 3940
6 1353 1357 3164 3171 3933 3941
6 374 1358 2660 3942 3943 3944
12 2697 2854 3108 3113 3447 3855 3945 3946 3947 3948 3949 3950
6 394 736 3945 3951 3952 3953
12 334 390 395 725 1361 2691 3042 3666 3951 3954 3955 3956
6 778 1364 3114 3238 3946 3957
12 42 399 443 735 1365 2724 2747 3233 3239 3663 3954 3957
12 43 427 434 1369 1692 2725 2729 2864 3356 3362 3958 3959
12 570 767 839 946 1372 2869 3244 3402 3890 3893 3958 3960
6 1322 1373 3865 3891 3960 3961
12 2495 2584 2797 2855 2909 3518 3526 3543 3962 3963 3964 3965
12 190 566 598 942 1376 2585 2856 2910 3468 3962 3966 3967
6 943 1066 3392 3963 3966 3968
6 1377 1381 3866 3964 3967 3969
6 135 1382 3512 3519 3965 3970
12 183 198 219 622 1385 2499 2519 2798 3483 3488 3971 3972
12 2509 2930 2934 2939 2943 3973 3974 3975 3976 3977 3978 3979
6 618 623 3489 3971 3973 3980
6 497 1388 3193 3974 3981 3982
12 191 223 595 826 1389 2907 2911 3194 3198 3479 3972 3981
12 3471 3473 3477 3983 3984 3985 3986 3987 3988 3989 3990 3991
6 1393 1397 3490 3707 3983 3992
6 313 1398 3714 3984 3993 3994
12 314 611 1021 1404 1744 3472 3474 3985 3993 3995 3996 3997
6 108 1405 3986 3995 3998 3999
6 1412 1416 3495 4000 4001 4002
6 2008 2100 4003 4004 4005 4006
6 1420 2328 4007 4008 4009 4010
6 1421 1424 3570 4011 4012 4013
6 354 362 4014 4015 4016 4017
6 1425 1429 3564 3571 4018 4019
6 658 1430 2999 4020 4021 4022
6 1432 1436 4023 4024 4025 4026
12 371 383 467 701 1656 2661 2666 2686 2768 3026 4027 4028
6 1022 1448 3037 4029 4030 4031
6 1449 1784 4032 4033 4034 4035
6 1452 1457 4036 4037 4038 4039
6 1096 1453 4040 4041 4042 4043
6 1100 1464 4044 4045 4046 4047
6 1473 1792 3916 3920 4048 4049
6 662 1474 3572 4050 4051 4052
12 626 713 1110 1477 1804 3126 3587 3595 3600 3605 4053 4054
6 1478 1480 3621 4055 4056 4057
12 303 414 1041 1417 1481 2580 2705 3492 3496 4000 4053 4058
6 1116 1482 3497 4058 4059 4060
6 726 1488 2740 3955 4061 4062
12 15 95 311 335 1489 2415 2435 2741 2750 3627 4061 4063
12 195 645 1046 1055 1493 2967 3505 3538 3544 3618 4063 4064
12 2692 3043 3386 3667 3952 3956 4062 4065 4066 4067 4068 4069
6 646 649 3539 4064 4065 4070
6 1490 1494 3622 4066 4071 4072
6 481 2352 4073 4074 4075 4076
12 83 871 1139 1146 1497 2403 3291 3293 3633 3638 4077 4078
6 1142 1498 3634 4077 4079 4080
12 2708 3642 3645 4079 4081 4082 4083 4084 4085 4086 4087 4088
6 1154 1158 3683 4081 4089 4090
12 254 1159 1190 1194 1501 2546 2712 3684 3687 3691 4089 4091
6 1502 1505 3080 3731 4082 4092
12 167 282 759 787 1506 2479 2589 3122 3262 3265 4091 4093
6 1166 1507 3263 4083 4093 4094
12 315 522 1031 1219 1509 3203 3475 3708 3719 4095 4096 4097
12 3066 3204 3279 3476 3648 3720 3725 3727 4095 4098 4099 4100
6 523 1162 3453 4096 4098 4101
6 1510 1513 2628 3071 4097 4099
12 11 287 998 1163 1511 2407 2483 3454 3456 3458 4101 4102
12 283 1143 1147 1167 1514 3643 3646 4080 4084 4094 4102 4103
6 751 1515 3726 4085 4100 4103
6 1521 1525 2655 3141 4104 4105
6 1211 1526 3701 3934 4106 4107
12 459 763 913 947 1528 3336 3403 3650 3808 3814 4108 4109
6 1174 1529 3809 3935 4108 4110
6 461 949 4111 4112 4113 4114
12 230 375 950 1522 1532 3405 3444 3942 4104 4111 4115 4116
12 3441 3445 3936 3938 3941 3943 4105 4106 4110 4112 4115 4117
6 1530 1533 4116 4117 4118 4119
12 886 1114 1186 1544 2044 3097 3309 3608 3657 4120 4121 4122
12 709 890 1111 1191 1541 2547 2951 3322 3596 3678 4120 4123
6 118 1542 2952 4123 4124 4125
12 2487 2754 3051 3119 3123 3134 3679 3688 4126 4127 4128 4129
6 1545 2048 3658 4121 4126 4130
6 1543 1546 3052 4127 4131 4132
6 1549 1552 4067 4133 4134 4135
12 119 710 727 1205 1550 3054 3668 4124 4136 4137 4138 4139
12 115 627 1202 1491 1553 2955 3127 3623 3628 4071 4136 4140
6 1484 1554 3624 4140 4141 4142
12 494 955 1334 1557 1856 2899 3406 3896 4143 4144 4145 4146
12 491 527 690 822 1560 2566 3016 3185 3296 3301 4143 4147
6 866 1561 3284 3302 4147 4148
6 898 1565 4149 4150 4151 4152
12 266 422 1247 1249 1566 2715 3758 3772 4149 4153 4154 4155
12 3460 3463 3762 4007 4048 4050 4150 4156 4157 4158 4159 4160
6 1567 1848 3768 3775 4156 4161
12 2409 3331 3337 3341 3442 3815 3831 4162 4163 4164 4165 4166
12 262 914 1270 1277 1569 3338 3816 3832 4162 4167 4168 4169
6 905 915 3327 4163 4167 4170
12 227 446 591 906 1570 2757 2902 3256 3328 3800 4170 4171
6 1571 2068 3795 4164 4168 4172
12 2537 3342 3419 3792 3825 3939 4173 4174 4175 4176 4177 4178
6 1354 1860 3172 4173 4179 4180
12 3835 3839 3898 3902 4181 4182 4183 4184 4185 4186 4187 4188
6 1573 1577 3823 3911 4181 4189
12 18 918 1259 1578 1864 3343 3793 3826 4174 4190 4191 4192
6 584 1579 4175 4182 4190 4193
6 921 1584 4194 4195 4196 4197
12 2845 3104 3339 3345 3781 3818 4194 4198 4199 4200 4201 4202
12 22 1255 1278 1574 1580 3340 3782 3819 4191 4198 4203 4204
6 1272 1279 4199 4203 4205 4206
6 1581 1585 4183 4200 4204 4207
12 431 1175 1290 1527 1597 2764 3361 3656 3702 4107 4208 4209
6 1598 1880 3703 4208 4210 4211
12 435 1294 1523 1531 1601 2554 3363 3651 4118 4209 4212 4213
12 3373 3376 3846 3875 4210 4214 4215 4216 4217 4218 4219 4220
6 1599 1602 3357 3383 4214 4221
6 1608 2176 4222 4223 4224 4225
12 929 939 979 1613 1876 2699 3374 3393 3398 3439 4226 4227
12 330 981 1325 1616 2012 3871 3876 4226 4228 4229 4230 4231
6 705 1617 4228 4232 4233 4234
12 2563 2790 3180 3182 3186 3187 3887 4235 4236 4237 4238 4239
6 295 1621 3181 3195 4235 4240
12 2555 2881 3364 3652 3894 4119 4212 4241 4242 4243 4244 4245
6 1295 2220 4213 4215 4241 4246
12 2454 2558 3399 3469 3848 3851 3872 4247 4248 4249 4250 4251
6 930 1326 4216 4247 4252 4253
12 2900 2903 3332 3407 3897 4113 4144 4254 4255 4256 4257 4258
12 291 462 907 1534 1629 2904 3333 4109 4114 4254 4259 4260
6 1630 1633 3885 3892 4255 4259
6 1338 1535 4242 4256 4260 4261
6 495 1634 4145 4236 4257 4262
6 1637 1640 4263 4264 4265 4266
6 902 1641 3921 4267 4268 4269
6 1644 1900 4270 4271 4272 4273
6 716 1097 4274 4275 4276 4277
12 267 538 714 1115 1649 2550 2716 3310 3315 3606 4278 4279
6 715 1042 3316 4278 4280 4281
6 1652 1657 2662 4027 4282 4283
12 585 1342 1351 1642 1661 3903 3912 3927 4263 4284 4285 4286
12 3427 3776 3904 3928 4264 4284 4287 4288 4289 4290 4291 4292
6 586 973 4176 4285 4287 4293
12 247 974 990 1355 1662 2538 3420 3940 4177 4179 4293 4294
6 1663 1665 3426 3930 4286 4288
12 103 231 970 1359 1666 2439 2491 2531 2663 3944 4294 4295
6 1653 1667 2664 4289 4295 4296
12 993 1282 1536 1586 1668 3836 4195 4297 4298 4299 4300 4301
12 775 1273 1582 1589 1673 3109 3827 4205 4297 4302 4303 4304
12 485 806 1318 1592 1674 3157 3349 3859 3861 4305 4306 4307
6 1590 1593 4302 4305 4308 4309
12 3158 3350 3840 3862 4073 4306 4308 4310 4311 4312 4313 4314
6 1669 1675 3947 4307 4310 4315
6 1670 1676 4298 4311 4316 4317
6 994 2196 3948 4299 4318 4319
6 1677 2288 4320 4321 4322 4323
6 1680 1685 3470 4248 4324 4325
12 73 178 299 1622 1686 2559 2792 3196 3199 4240 4326 4327
6 599 1687 3197 3867 4326 4328
6 1014 1378 3394 4329 4330 4331
6 1689 1693 3358 3959 4332 4333
12 650 935 1067 1379 1690 3382 3387 3395 3541 3968 4329 4334
12 391 647 1071 1383 1694 2693 2865 3513 3545 3970 4334 4335
6 571 1695 3514 3868 4335 4336
6 1024 1696 4337 4338 4339 4340
12 2857 3369 3480 3484 3849 4341 4342 4343 4344 4345 4346 4347
12 71 1298 1390 1701 1712 3481 3850 4341 4348 4349 4350 4351
6 1386 1391 3975 4342 4348 4352
6 1702 1704 4343 4349 4353 4354
6 109 1705 3987 4344 4355 4356
6 1708 1713 4345 4350 4357 4358
6 1437 1714 4359 4360 4361 4362
12 3411 3899 4265 4267 4270 4363 4364 4365 4366 4367 4368 4369
6 1716 1944 4370 4371 4372 4373
6 1406 1728 3715 4374 4375 4376
12 503 1059 1399 1407 1721 3524 3527 3710 3716 3994 4374 4377
6 1722 1724 3434 4378 4379 4380
12 110 199 567 1394 1725 2858 3370 3485 4346 4355 4377 4381
6 1709 1726 4347 4381 4382 4383
12 79 863 1450 1729 1924 3583 3728 3996 4032 4384 4385 4386
6 1730 1733 3717 3722 4384 4387
6 1408 1736 4388 4389 4390 4391
6 1740 2128 4392 4393 4394 4395
6 1400 1741 4396 4397 4398 4399
6 1745 2248 3988 3997 4400 4401
6 350 1018 3989 4402 4403 4404
12 351 1035 1395 1706 2244 3478 3990 3992 4356 4402 4405 4406
12 346 619 1387 1703 1748 2935 2940 3976 3980 4352 4405 4407
6 1749 2164 3977 4407 4408 4409
6 1445 2156 3573 4410 4411 4412
12 2766 2769 3045 3176 4222 4413 4414 4415 4416 4417 4418 4419
6 1658 1968 4413 4420 4421 4422
12 74 498 614 1438 1761 2793 2931 4023 4351 4423 4424 4425
12 2461 2794 2932 4024 4423 4426 4427 4428 4429 4430 4431 4432
6 75 1892 4249 4424 4426 4433
6 1762 1764 4425 4427 4434 4435
6 1304 1772 4436 4437 4438 4439
6 1756 1768 4440 4441 4442 4443
6 1769 1773 4444 4445 4446 4447
12 702 1093 1446 1654 1777 3931 4282 4410 4448 4449 4450 4451
6 1778 1780 4290 4448 4452 4453
12 2719 3061 3501 3763 4388 4454 4455 4456 4457 4458 4459 4460
6 1785 1972 4454 4461 4462 4463
6 149 1409 4455 4464 4465 4466
6 1025 1440 4467 4468 4469 4470
6 1788 1980 4471 4472 4473 4474
6 1465 1468 4475 4476 4477 4478
12 150 899 1250 1793 2332 3464 3764 4049 4151 4157 4479 4480
6 1794 1796 3922 4481 4482 4483
6 717 1797 4484 4485 4486 4487
6 1418 1805 4488 4489 4490 4491
6 1806 2356 3601 4054 4492 4493
12 4055 4059 4475 4488 4492 4494 4495 4496 4497 4498 4499 4500
12 127 722 1047 1483 1808 2581 2959 3619 3625 4056 4501 4502
6 1485 1809 3626 4501 4503 4504
12 122 1051 1117 1126 1812 2962 3508 4502 4505 4506 4507 4508
6 1122 1127 4505 4509 4510 4511
6 1499 1816 3739 4086 4512 4513
12 2731 3117 3137 3629 3639 3676 3740 3741 4512 4514 4515 4516
12 2633 2644 3558 3566 4014 4018 4020 4517 4518 4519 4520 4521
12 358 659 1134 1150 1817 2634 3567 4021 4078 4517 4522 4523
6 418 1151 4087 4518 4522 4524
6 1818 2064 4514 4519 4523 4525
12 419 755 1155 1503 1819 2709 4088 4090 4092 4513 4524 4526
6 1537 1832 4300 4527 4528 4529
12 2883 3837 4196 4301 4316 4318 4320 4527 4530 4531 4532 4533
6 1833 2040 3659 4530 4534 4535
12 911 1262 1267 1274 1837 3329 3810 3828 4169 4536 4537 4538
6 1275 1538 4201 4536 4539 4540
12 258 555 922 1539 1838 2846 3105 3346 4197 4202 4539 4541
12 26 250 582 1834 2052 2837 2888 3101 3660 4534 4541 4542
6 1558 1562 2786 4543 4544 4545
12 507 883 1003 1563 1841 2527 2787 2807 3297 3459 4543 4546
6 1842 1845 2897 3737 4547 4548
12 511 867 879 999 1846 2824 3306 3457 3635 3641 4546 4549
6 163 1847 3285 3636 4549 4550
12 19 463 987 1853 2072 2410 3334 3344 3443 4165 4551 4552
6 1854 1857 4146 4258 4553 4554
12 238 243 951 991 1858 2535 2539 2816 3408 3446 4551 4555
6 691 1859 2817 3286 4555 4556
12 455 919 1271 1286 1861 3812 3833 3844 3937 4557 4558 4559
12 3110 3813 3829 3834 3845 4206 4303 4309 4557 4560 4561 4562
6 1862 1865 4178 4192 4558 4560
6 1287 1594 3173 4559 4561 4563
6 1583 1866 4184 4304 4562 4564
12 3906 4223 4440 4444 4565 4566 4567 4568 4569 4570 4571 4572
6 1605 1609 3153 4565 4573 4574
12 482 807 815 1610 1869 3046 3143 3154 3159 3166 4573 4575
6 1870 1996 4566 4576 4577 4578
6 737 1128 4068 4579 4580 4581
12 651 1129 1495 1555 1873 3388 4069 4070 4072 4133 4579 4582
6 1874 1877 3396 4227 4583 4584
12 3856 3863 4232 4580 4583 4585 4586 4587 4588 4589 4590 4591
12 738 1315 1614 1875 1881 3384 3857 4581 4584 4585 4592 4593
6 1615 1618 4217 4586 4592 4594
12 379 1291 1330 1619 1882 3377 3847 3877 4211 4218 4594 4595
6 1883 1885 3704 3860 4587 4593
6 486 1886 3155 4588 4596 4597
12 271 386 478 706 1887 2773 2775 3147 3156 3367 4595 4596
6 1623 1888 3869 4237 4598 4599
12 3870 3961 3969 4324 4328 4330 4332 4336 4598 4600 4601 4602
6 1370 1374 4243 4600 4603 4604
12 1625 1681 1889 1893 1897 4327 4605 4606 4607 4608 4609 4610
6 1901 2260 4611 4612 4613 4614
6 2232 2292 4363 4615 4616 4617
12 251 578 1106 1238 1904 2849 2889 3591 4279 4618 4619 4620
12 2850 2884 2890 3347 3415 3592 4618 4621 4622 4623 4624 4625
6 1239 1242 4619 4621 4626 4627
6 1905 1908 4620 4622 4628 4629
6 1909 2188 4364 4623 4630 4631
12 3148 3873 3878 3879 4003 4229 4233 4632 4633 4634 4635 4636
6 1301 1305 4632 4637 4638 4639
12 1299 1302 1710 1717 1912 3852 4357 4370 4637 4640 4641 4642
6 982 1916 3435 4230 4633 4643
12 331 563 1727 1917 2112 2455 3371 3436 4378 4640 4643 4644
6 1913 1920 4641 4645 4646 4647
12 3853 4358 4359 4371 4434 4436 4638 4642 4645 4648 4649 4650
6 1921 2120 4567 4648 4651 4652
12 3998 4372 4375 4379 4382 4653 4654 4655 4656 4657 4658 4659
12 1401 1410 1798 1929 2092 4389 4396 4479 4484 4660 4661 4662
12 4274 4390 4392 4397 4485 4660 4663 4664 4665 4666 4667 4668
6 1930 1932 3923 4661 4663 4669
6 1645 1933 4365 4664 4670 4671
12 1101 1309 1718 1922 1936 4044 4646 4672 4673 4674 4675 4676
6 1937 1992 4672 4677 4678 4679
6 1118 1940 3498 4506 4680 4681
6 1697 1948 4682 4683 4684 4685
12 3777 4040 4271 4275 4471 4611 4686 4687 4688 4689 4690 4691
6 1960 1964 4414 4686 4692 4693
6 1460 1789 4687 4694 4695 4696
6 1757 1961 4415 4697 4698 4699
12 143 682 694 1969 2152 2681 3007 3580 4028 4700 4701 4702
6 1973 1976 4456 4703 4704 4705
12 123 407 742 1941 1977 2451 3058 3499 3502 4680 4706 4707
6 1413 1978 3500 4706 4708 4709
12 718 1638 1646 1781 1981 3778 4272 4276 4472 4688 4710 4711
6 1782 1965 4689 4710 4712 4713
6 1982 1984 4714 4715 4716 4717
12 1643 1779 1799 1934 1985 3924 3929 4268 4481 4669 4711 4718
6 1094 1986 3925 4449 4718 4719
6 1813 1988 4494 4507 4720 4721
12 1119 1419 1466 1989 2116 4060 4476 4489 4495 4720 4722 4723
12 1102 1414 1942 1993 2316 4677 4708 4722 4724 4725 4726 4727
12 2963 2970 3029 3509 4508 4509 4681 4721 4728 4729 4730 4731
6 2009 2013 4231 4634 4732 4733
12 3695 4134 4141 4321 4734 4735 4736 4737 4738 4739 4740 4741
6 2016 2021 4312 4734 4742 4743
6 1130 2296 4589 4735 4744 4745
12 770 887 1179 2025 2036 3098 3118 3320 3685 3693 4746 4747
12 27 539 1182 1829 2028 2551 2732 2838 3672 3754 4746 4748
6 1517 2029 3755 4748 4749 4750
12 255 411 743 1820 2033 2713 3059 3062 3081 3090 4751 4752
6 1169 1821 3082 4751 4753 4754
6 2034 2037 3686 4747 4755 4756
12 415 891 1038 1825 2038 2720 3317 3321 3323 3493 4752 4757
6 1830 2039 3318 4757 4758 4759
6 2041 2045 3661 4122 4760 4761
6 711 2046 3602 4137 4762 4763
12 3130 3330 3448 3811 3830 4528 4537 4540 4764 4765 4766 4767
12 779 790 995 1835 2049 3131 3449 4529 4764 4768 4769 4770
6 791 794 4128 4765 4768 4771
12 451 795 1187 1195 2050 3120 3135 3689 4129 4130 4771 4772
6 2051 2053 3662 4542 4766 4769
12 447 771 1199 1263 2054 2761 3102 3694 3796 3801 4772 4773
6 1839 2055 3797 4538 4767 4773
12 59 1010 1170 1451 2204 3038 3074 3461 3584 4029 4774 4775
12 151 746 1786 1822 2057 3063 3765 4457 4461 4464 4774 4776
6 1823 1826 4458 4776 4777 4778
12 1518 1827 1831 1849 2058 4153 4749 4758 4777 4779 4780 4781
12 339 655 1087 1519 2060 2615 2985 3559 3761 3769 4782 4783
6 1850 2061 3770 4779 4782 4784
12 62 99 1135 2030 2065 2733 3138 3630 4515 4525 4783 4785
6 2026 2031 4516 4785 4786 4787
6 1230 1234 3798 4788 4789 4790
12 3287 3742 4148 4544 4547 4550 4553 4556 4788 4791 4792 4793
12 1231 1559 1843 1855 2069 4171 4545 4548 4554 4789 4791 4794
12 259 263 1183 1235 2070 3106 3673 3677 3799 4172 4790 4795
6 2071 2073 4166 4552 4792 4794
12 23 63 547 799 2074 2411 2419 3139 3783 3787 4795 4796
6 239 2075 3288 3788 4793 4796
12 1306 1331 1765 2077 2216 3378 3880 4437 4797 4798 4799 4800
12 1303 1327 1763 1894 2080 3854 3874 4250 4252 4433 4797 4801
6 1682 2081 4251 4605 4801 4802
12 67 695 823 2085 2308 2567 2682 2878 3018 3188 4803 4804
12 7 698 819 1898 2088 2421 2916 2922 3020 3183 4803 4805
6 1626 2089 2923 4606 4805 4806
12 2717 2841 3749 3759 3773 4152 4154 4626 4807 4808 4809 4810
6 2093 2096 4662 4665 4807 4811
6 1251 2094 4155 4459 4808 4812
12 423 1039 1737 1979 2095 2721 3503 4391 4460 4703 4812 4813
6 1650 1906 4809 4814 4815 4816
12 543 1243 1907 1931 2097 2842 3750 4627 4810 4811 4814 4817
12 903 962 1910 1935 2228 3412 4269 4366 4630 4670 4817 4818
6 1914 1918 4635 4819 4820 4821
6 2101 2104 4822 4823 4824 4825
12 387 802 1307 1915 2102 3149 3881 4004 4636 4639 4819 4826
12 1606 1774 1871 1923 2105 4445 4568 4574 4576 4651 4826 4827
6 1310 2106 4569 4673 4827 4828
12 4045 4477 4647 4674 4678 4820 4822 4828 4829 4830 4831 4832
12 1469 1919 1990 2103 2109 4478 4821 4823 4829 4833 4834 4835
6 1991 1994 4728 4830 4833 4836
6 2110 2113 3437 4644 4831 4834
6 1719 2114 4653 4675 4832 4837
12 3907 4036 4046 4612 4615 4838 4839 4840 4841 4842 4843 4844
6 2117 2280 4496 4723 4838 4845
12 1439 1766 1775 1949 2121 4360 4435 4438 4649 4652 4846 4847
6 2122 2124 4570 4848 4849 4850
6 1945 1950 4650 4846 4851 4852
6 1461 2125 4853 4854 4855 4856
6 1738 2312 4666 4857 4858 4859
6 1103 2132 4724 4839 4860 4861
6 1925 2240 4385 4654 4862 4863
12 3585 3729 3732 3734 4033 4386 4387 4462 4862 4864 4865 4866
12 306 747 1227 1974 2236 3733 3735 4463 4707 4864 4867 4868
6 307 1734 4729 4865 4867 4869
12 111 1711 1746 1946 2140 3999 4373 4383 4655 4870 4871 4872
6 1747 1926 4656 4870 4873 4874
12 4037 4041 4393 4682 4848 4851 4853 4875 4876 4877 4878 4879
12 1458 1947 2123 2133 2136 4038 4676 4849 4852 4875 4880 4881
6 2129 2134 4876 4880 4882 4883
6 2137 2141 4657 4871 4877 4881
12 1411 1742 1787 1927 2142 4034 4398 4465 4873 4884 4885 4886
12 4283 4411 4420 4450 4452 4712 4714 4719 4887 4888 4889 4890
12 1966 1970 1983 2148 2160 4421 4713 4715 4887 4891 4892 4893
6 2149 2153 4700 4888 4891 4894
12 55 671 699 1447 2154 2993 3004 3021 3024 3581 4895 4896
6 703 2155 3025 4451 4889 4895
12 1753 1957 2145 2150 2157 4896 4897 4898 4899 4900 4901 4902
6 1754 1952 3574 4897 4903 4904
6 2158 2161 4890 4892 4898 4905
12 1095 1422 1475 1953 2159 3575 3578 4011 4051 4412 4903 4906
12 347 355 1426 1954 2165 2630 4012 4015 4408 4907 4908 4909
12 207 359 1431 1755 2168 2510 2637 3000 3556 4022 4907 4910
6 1958 2169 3001 4899 4910 4911
12 2422 2683 3008 3582 4701 4894 4912 4913 4914 4915 4916 4917
12 475 683 1611 1758 2172 2767 3047 4224 4416 4697 4918 4919
6 1971 2173 4417 4702 4912 4918
12 1441 1790 1962 2174 2340 4467 4694 4698 4893 4920 4921 4922
6 2000 2005 3174 4923 4924 4925
12 587 1591 1801 1867 2276 3841 3905 4185 4193 4564 4926 4927
12 975 1595 1863 2001 2181 3175 3351 3428 4180 4563 4923 4926
12 3144 4005 4074 4577 4824 4928 4929 4930 4931 4932 4933 4934
6 2017 2184 4736 4928 4935 4936
6 1470 2192 4497 4929 4937 4938
6 1810 1814 4498 4939 4940 4941
12 983 1123 1815 2010 2193 3612 4510 4732 4835 4939 4942 4943
12 3055 3664 3669 4125 4131 4138 4760 4762 4944 4945 4946 4947
12 731 1366 1547 2042 2197 3665 4132 4761 4770 4944 4948 4949
6 1362 1367 3949 4945 4948 4950
12 739 1319 1363 1671 2198 3858 3950 3953 4315 4319 4950 4951
6 2199 2200 4531 4946 4949 4952
6 1206 2201 4139 4737 4947 4953
12 1131 1551 1678 2022 2202 4135 4322 4738 4742 4744 4951 4953
12 663 1006 1423 1851 2205 3462 4008 4052 4158 4161 4954 4955
6 2059 2206 4159 4780 4954 4956
12 363 1083 1427 2062 2209 2645 3560 4016 4019 4520 4955 4957
12 1171 2027 2035 2066 2210 4526 4753 4755 4786 4958 4959 4960
12 4750 4754 4756 4759 4778 4781 4784 4787 4956 4958 4961 4962
6 2207 2211 3039 4775 4959 4961
6 2063 2067 4521 4957 4960 4962
6 2086 2090 4913 4963 4964 4965
6 2212 2217 4798 4966 4967 4968
6 1895 2218 4428 4607 4969 4970
6 2078 2082 4219 4971 4972 4973
12 927 931 1603 2083 2221 3375 4220 4221 4246 4253 4971 4974
12 1015 1371 1683 1691 2224 4325 4331 4333 4601 4603 4974 4975
6 1890 2225 4602 4608 4975 4976
12 1107 1807 1911 2118 2233 3588 4490 4628 4977 4978 4979 4980
6 2229 2234 4367 4818 4977 4981
6 1943 2237 4725 4730 4982 4983
12 631 1735 1995 2111 2238 2971 3030 4731 4836 4869 4982 4984
12 1723 1731 1938 2115 2241 4376 4380 4658 4837 4863 4984 4985
12 4679 4704 4709 4726 4857 4860 4882 4983 4986 4987 4988 4989
6 1939 2138 4659 4985 4986 4990
12 1739 1975 2130 2139 2242 4705 4858 4883 4884 4987 4990 4991
6 2239 2243 4866 4868 4988 4991
6 2245 2249 3991 4406 4992 4993
12 1707 1715 1951 2250 2324 4353 4361 4683 4872 4992 4994 4995
12 2936 4025 4337 4354 4362 4684 4993 4994 4996 4997 4998 4999
12 211 499 827 2170 2253 2511 2933 2944 3978 3982 5000 5001
6 2166 2171 3979 5000 5002 5003
12 179 607 831 1959 2256 2462 2924 2928 2929 3200 5001 5004
6 2146 2257 2925 4900 5004 5005
6 2175 2344 4914 4920 5006 5007
12 1433 1698 1770 2126 2348 4338 4441 4847 4854 5008 5009 5010
12 4339 4442 4468 4695 4699 4855 4921 5006 5008 5011 5012 5013
6 1434 2336 4429 5009 5011 5014
12 1454 1462 1963 2261 2272 4042 4613 4690 4692 4696 5015 5016
12 1459 1759 2127 2177 2264 3908 4225 4443 4571 4850 5015 5017
6 1997 2265 4572 5017 5018 5019
12 971 1655 1783 2002 2269 3429 3779 4291 4296 4453 5020 5021
6 1802 2003 4292 5020 5022 5023
6 2270 2273 4691 5016 5024 5025
12 471 1659 1967 2006 2274 2770 3177 4418 4422 4693 5021 5026
6 2178 2275 4419 5026 5027 5028
6 2277 2368 4186 4927 5029 5030
6 2185 2284 4930 5031 5032 5033
6 2293 2384 4840 5034 5035 5036
12 403 723 1486 1878 2297 2700 3615 4503 4582 5037 5038 5039
12 2701 3613 3616 4504 4511 4733 4940 4942 5037 5040 5041 5042
6 1879 2014 4590 5038 5040 5043
12 487 707 2015 2023 2298 3864 4234 4591 4597 4745 5043 5044
6 2299 2300 4739 5039 5041 5045
12 483 803 2011 2018 2301 3145 4006 4075 4931 4935 5044 5046
6 2194 2302 4932 4943 5042 5046
12 4609 4802 4806 4963 4966 4969 4972 4976 5047 5048 5049 5050
12 2079 2087 2213 2222 2305 2861 4964 4967 4973 5047 5051 5052
6 2223 2226 4244 5048 5051 5053
12 1339 1375 1631 2227 2306 2882 3895 4245 4261 4604 5053 5054
6 2307 2309 2879 4804 5049 5052
12 1323 1335 1635 1891 2310 3189 3888 4238 4262 4599 5054 5055
6 1899 2311 4239 4610 5050 5055
12 1043 1415 1651 2098 2313 4001 4280 4813 4815 5056 5057 5058
12 3589 4002 4281 4491 4629 4816 4978 4981 5056 5059 5060 5061
6 2099 2230 4667 5057 5059 5062
6 2314 2317 4727 4989 5058 5060
12 1098 1647 2131 2231 2315 4277 4394 4668 4671 4859 5062 5063
12 1455 1902 2135 2235 2318 4039 4614 4616 4841 4861 5063 5064
6 2119 2319 4842 4979 5061 5064
6 1955 2380 4908 5065 5066 5067
12 2631 2640 4009 4013 4017 4403 4409 4909 5065 5068 5069 5070
6 1750 2246 4996 5068 5071 5072
12 3465 4030 4035 4399 4400 4466 4874 4885 5073 5074 5075 5076
6 2320 2325 4995 4997 5073 5077
12 719 1026 1402 1791 2321 4469 4473 4486 5078 5079 5080 5081
12 1099 1463 1699 1743 2326 4043 4395 4685 4856 4878 5078 5082
6 2143 2327 4879 4886 5074 5082
6 2329 2333 4160 4480 5083 5084
12 1007 1019 2247 2330 2376 2641 4010 4404 5069 5071 5085 5086
12 1011 1023 2251 2322 2334 3466 4031 4401 5075 5077 5085 5087
6 1403 2335 5076 5079 5087 5088
12 4901 4904 4905 4911 5002 5005 5066 5089 5090 5091 5092 5093
6 2254 2258 4430 5089 5094 5095
6 2337 2341 4922 5012 5090 5096
6 2151 2342 4902 4915 5091 5097
12 2091 2147 2214 2343 2345 2423 4916 4965 5007 5097 5098 5099
12 2668 2776 3379 3882 4439 4446 4799 4968 5100 5101 5102 5103
12 479 678 1607 1771 2346 2669 2777 4447 4919 5100 5104 5105
6 2347 2349 5010 5013 5101 5104
6 679 2215 4917 5098 5102 5105
6 1767 2350 4431 4800 5103 5106
12 1627 2219 2259 2338 2351 2463 4432 4970 5014 5094 5099 5106
12 1283 1679 2019 2278 2353 3842 4076 4313 4317 4743 5107 5108
12 1998 2007 2179 2182 2354 4575 4924 5018 5027 5109 5110 5111
6 2183 2279 4314 5107 5109 5112
6 2281 2285 4499 5113 5114 5115
12 1479 1811 2195 2286 2357 4057 4493 4500 4937 4941 5113 5116
12 1203 1487 2186 2303 2360 3696 4142 4740 4936 5045 5116 5117
6 2289 2361 4741 5117 5118 5119
12 959 1575 1587 2365 2372 3838 3900 4187 4189 4207 5120 5121
12 551 923 963 2189 2396 2885 3348 3416 4624 4631 5120 5122
12 2187 2290 2366 2369 2388 5031 5108 5118 5123 5124 5125 5126
6 2370 2373 4188 5121 5123 5127
12 1343 1639 1903 2294 2374 3901 4266 4273 4368 4617 5128 5129
6 2190 2375 4369 5128 5130 5131
6 2323 2377 4998 5080 5132 5133
12 615 1027 1435 1751 2378 2937 4026 4340 4999 5072 5132 5134
12 1442 2167 2255 2339 2381 5003 5067 5092 5095 5096 5134 5135
6 1443 2162 5093 5135 5136 5137
12 1795 1987 2163 2331 2382 4482 4716 4906 5083 5136 5138 5139
12 4470 4474 4483 4487 4717 5081 5084 5088 5133 5137 5138 5140
6 2379 2383 5070 5086 5139 5140
6 2262 2266 4843 5141 5142 5143
12 1803 2263 2271 2371 2385 5022 5024 5029 5129 5141 5144 5145
12 4925 5019 5023 5025 5028 5030 5110 5112 5142 5144 5146 5147
12 1311 1467 2267 2282 2386 3909 4047 4844 4845 5034 5143 5148
6 2387 2389 5124 5145 5146 5149
12 1471 1999 2107 2287 2390 4578 4825 4933 4938 5032 5148 5150
6 2355 2391 4934 5111 5147 5150
12 2191 2283 2295 2358 2393 4980 5035 5114 5130 5151 5152 5153
6 2359 2362 3603 5151 5154 5155
12 5033 5036 5115 5119 5125 5127 5131 5149 5152 5154 5156 5157
12 579 1207 2047 2363 2394 3593 3604 3609 3697 4763 5155 5158
6 2395 2397 4625 5122 5153 5156
12 583 2043 2203 2291 2398 2886 4323 4532 4535 4952 5158 5159
6 2367 2399 4533 5126 5157 5159
