4OFF
1200 5280 0 1080
-0.57539440903556016 -0.060971551936859124 -0.53255963775562376 0.61772483853138693
0.13780019039050007 0.4934134914284633 0.59125149444775438 -0.62287711815253877
-0.17548268183430848 -0.13780018970782798 -0.20947654854031708 0.95201707532184565
-0.17548268183430848 0.39475944804779578 -0.65222304638461348 0.62287711815253877
0.53255963775562376 -0.61772483853138693 -0.57539440903556016 -0.060971551936859124
0.35242901732752396 -0.73738824770214895 -0.42410537616001254 0.39011150945400497
-0.04748270911697916 0.65222304638461337 0.039146146327159966 -0.75552502892188644
-0.04748270911697916 0.060971551936859068 0.91751886758847578 -0.39011150945400497
-0.59125149444775438 0.62287711815253877 0.13780019039050007 0.4934134914284633
-0.37662266628628593 0.27044810047717616 0.39475944804779528 -0.79320752036569475
0.29145746539066497 -0.16199383866658992 0.1936194623713732 0.92267114720962784
0.29145746539066497 0.047482709873727158 -0.53255963775562332 0.79320752036569475
0.20947654854031708 -0.95201707532184565 -0.17548268183430848 -0.13780018970782798
0.29145746539066497 0.69970575625834064 -0.52275941954068006 0.39011150945400497
0.65222304638461348 -0.62287711815253877 -0.17548268183430848 0.39475944804779578
0.20947654854031708 -0.37662266628628549 -0.755525028921887 -0.4934134914284633
0.57539440903556016 0.060971551936859124 0.53255963775562376 -0.61772483853138693
-0.70804231904815906 0.69970575625834031 0.094965418990705486 -0.0083365635465675325
0.25231131906350512 -0.91751886758847534 0.14613675325439518 0.27044810082501425
0.25231131906350512 -0.49341349142846286 -0.83235366669285438 0.0083365635465675325
0.42410537616001254 -0.39011150945400497 0.35242901732752396 -0.73738824770214895
0.6177248385313866 -0.53255963775562298 0.060971551936859603 0.57539440903555905
-0.2146288276196967 0.56190556586784035 -0.52791169916183212 -0.5995880579943208
-0.2146288276196967 0.52275941954068039 0.59125149444775382 -0.57539440903555905
-0.039146146327159966 0.75552502892188644 -0.04748270911697916 0.65222304638461337
-0.2146288276196967 -0.39475944804779545 0.89332521862971359 -0.0083365635465675325
-0.91751886758847578 0.39011150945400497 -0.04748270911697916 0.060971551936859068
-0.039146146327159966 0.61772483853138638 0.2704481008250148 0.73738824770214895
-0.13780019039050007 -0.4934134914284633 -0.59125149444775438 0.62287711815253877
0.78487095681912789 -0.29979402905708963 -0.42925765578116387 0.33141965276187324
-0.6177248385313866 0.53255963775562321 -0.060971551936859249 -0.57539440903555883
-0.6177248385313866 0.13780018970782787 0.69970575625834008 -0.33141965276187324
-0.39475944804779528 0.79320752036569475 -0.37662266628628593 0.27044810047717616
-0.74718846537531958 -0.055819272663545361 0.047482709873726991 -0.66055960993117979
0.64707076711130007 -0.12431134722278149 0.52275941954067995 0.54089620130219007
0.64707076711130007 -0.31793080959415471 -0.20947654854031691 0.66055960993117979
-0.1936194623713732 -0.92267114720962784 0.29145746539066497 -0.16199383866658992
0.64707076711130007 0.21462882816146855 -0.65222304638461293 0.33141965276187324
0.53255963775562332 -0.79320752036569475 0.29145746539066497 0.047482709873727158
-0.1936194623713732 -0.74718846537531936 -0.57539440903555961 -0.27044810047717616
0.17548268183430848 0.13780018970782798 0.20947654854031708 -0.95201707532184565
0.64707076711130007 0.73738824770214861 -0.1936194623713729 0.0083365635465675325
0.52275941954068006 -0.39011150945400497 0.29145746539066497 0.69970575625834064
0.17548268183430848 -0.39475944804779578 0.65222304638461348 -0.62287711815253877
-0.1936194623713732 0.0083365635465677268 -0.64707076711130029 -0.73738824770214895
0.755525028921887 0.4934134914284633 0.20947654854031708 -0.37662266628628549
-0.53255963775562376 0.61772483853138693 0.57539440903556016 0.060971551936859124
0.79320752036569431 -0.394759448047795 0.27044810047717605 -0.3766226662862851
-0.36076558087409122 0.83235366669285393 -0.2756003800983281 0.31793080959415443
-0.36076558087409122 0.73738824770214839 0.42925765578116426 0.3766226662862851
-0.094965418990705486 0.0083365635465675325 -0.70804231904815906 0.69970575625834031
-0.62287711815253799 0.59125149444775316 -0.49341349142846325 -0.13780019039049957
0.055819272663546582 -0.74718846537531824 0.66055960993118035 0.047482709873726714
0.055819272663546582 -0.89332521862971359 -0.42410537616001215 0.13780019039049957
-0.14613675325439518 -0.27044810082501425 0.25231131906350512 -0.91751886758847534
0.055819272663546748 -0.060971551936859034 -0.92267114720962706 -0.3766226662862851
0.83235366669285438 -0.0083365635465675325 0.25231131906350512 -0.49341349142846286
-0.14613675325439518 -0.62287711815253821 0.3179308095941541 -0.69970575625834031
-0.35242901732752396 0.73738824770214895 0.42410537616001254 -0.39011150945400497
-0.95201707532184443 0.20947654854031617 -0.13780018970782823 -0.17548268183430793
0.62287711815253821 -0.59125149444775327 0.49341349142846286 0.13780019039049923
0.62287711815253821 -0.65222304638461281 -0.39475944804779461 0.17548268183430793
-0.060971551936859603 -0.57539440903555905 0.6177248385313866 -0.53255963775562298
-0.29979402893723217 0.25695925765729527 -0.89332521862971337 -0.21462882816146789
-0.29979402893723217 0.78487095681912744 0.039146146327159952 -0.54089620130218907
0.52791169916183212 0.5995880579943208 -0.2146288276196967 0.56190556586784035
-0.29979402893723217 0.19361946237137354 0.91751886758847512 -0.17548268183430793
-0.59125149444775382 0.57539440903555905 -0.2146288276196967 0.52275941954068039
0.52791169916183212 0.64707076711129985 0.13780019039050001 0.53255963775562298
0.04748270911697916 -0.65222304638461337 -0.039146146327159966 0.75552502892188644
-0.29979402893723223 -0.69970575625834008 0.52791169916183156 0.3766226662862851
-0.89332521862971359 0.0083365635465675325 -0.2146288276196967 -0.39475944804779545
0.04748270911697916 -0.060971551936859068 -0.91751886758847578 0.39011150945400497
0.52791169916183212 0.37662266628628516 0.29979402893723228 0.69970575625834031
-0.2704481008250148 -0.73738824770214895 -0.039146146327159966 0.61772483853138638
0.59125149444775438 -0.62287711815253877 -0.13780019039050007 -0.4934134914284633
-0.89332521862971359 0.2146288281614685 0.29979402893723073 0.25695925765729544
0.70804231904815884 -0.69970575625833975 -0.094965418990705291 0.0083365635465663113
0.70804231904815884 -0.27044810047717593 -0.59958805799432036 -0.25695925765729544
0.42925765578116387 -0.33141965276187324 0.78487095681912789 -0.29979402905708963
0.95201707532184443 -0.20947654854031664 0.1378001897078282 0.17548268183430754
-0.62287711815253799 0.65222304638461293 0.39475944804779495 -0.17548268183430754
0.060971551936859249 0.57539440903555883 -0.6177248385313866 0.53255963775562321
-0.62287711815253799 -0.047482709873727103 0.73738824770214806 0.25695925765729544
-0.69970575625834008 0.33141965276187324 -0.6177248385313866 0.13780018970782787
0.060971551936859242 0.95201707532184465 0.0083365635465670884 0.29979402905708963
0.37662266628628593 -0.27044810047717616 -0.39475944804779528 0.79320752036569475
0.91751886758847556 0.25231131906350401 -0.27044810082501347 0.14613675325439401
-0.95201707532184454 0.16199383866658978 0.21462882816146811 -0.14613675325439401
-0.047482709873726991 0.66055960993117979 -0.74718846537531958 -0.055819272663545361
-0.8323536666928546 -0.36076558087409016 -0.31793080959415448 -0.27560038009832688
0.755525028921886 -0.039146146327160361 0.65222304638461259 -0.047482709116978883
0.755525028921886 -0.56190556586784035 0.19361946237137304 0.27560038009832688
-0.52275941954067995 -0.54089620130219007 0.64707076711130007 -0.12431134722278149
0.755525028921886 -0.35242901732752341 -0.53255963775562276 0.14613675325439401
0.20947654854031691 -0.66055960993117979 0.64707076711130007 -0.31793080959415471
-0.52275941954067995 -0.83235366669285482 -0.17548268183430826 0.055819272663545361
-0.29145746539066497 0.16199383866658992 -0.1936194623713732 -0.92267114720962784
0.755525028921886 0.29979402905708957 -0.52275941954067962 -0.25695925765729544
0.65222304638461293 -0.33141965276187324 0.64707076711130007 0.21462882816146855
-0.29145746539066497 -0.047482709873727158 0.53255963775562332 -0.79320752036569475
-0.52275941954067995 -0.25695925765729527 -0.75552502892188644 -0.29979402905708963
0.57539440903555961 0.27044810047717616 -0.1936194623713732 -0.74718846537531936
-0.20947654854031708 0.95201707532184565 0.17548268183430848 0.13780018970782798
0.1936194623713729 -0.0083365635465675325 0.64707076711130007 0.73738824770214861
-0.29145746539066497 -0.69970575625834064 0.52275941954068006 -0.39011150945400497
-0.65222304638461348 0.62287711815253877 0.17548268183430848 -0.39475944804779578
-0.52275941954067995 0.39011150945400497 -0.29145746539066464 -0.69970575625834031
-0.20947654854031708 0.37662266628628549 0.755525028921887 0.4934134914284633
0.33141965276187335 -0.42925765578116359 0.29979402905708968 -0.78487095681912677
0.33141965276187335 -0.69970575625833964 0.13780018970782762 -0.61772483853138571
-0.27044810047717605 0.3766226662862851 0.79320752036569431 -0.394759448047795
0.39011150945400408 -0.42410537616001148 0.73738824770214839 -0.35242901732752352
0.1243113472227802 0.64707076711129852 -0.54089620130219018 0.52275941954068028
0.1243113472227802 0.92267114720962651 0.094965418990705402 0.35242901732752352
0.2756003800983281 -0.31793080959415443 -0.36076558087409122 0.83235366669285393
0.12431134722278017 0.49341349142846236 0.5995880579943208 0.61772483853138571
-0.42925765578116426 -0.3766226662862851 -0.36076558087409122 0.73738824770214839
0.2756003800983281 0.39011150945400469 -0.78487095681912666 0.394759448047795
-0.39011150945400447 0.42410537616001132 -0.73738824770214806 0.35242901732752402
-0.39011150945400447 0.91751886758847445 -0.060971551936859825 0.047482709116979216
0.49341349142846325 0.13780019039049957 -0.62287711815253799 0.59125149444775316
-0.16199383866658859 -0.29145746539066386 0.92267114720962662 -0.19361946237137406
-0.16199383866658859 -0.9520170753218441 0.1461367532543951 0.21462882816146744
-0.66055960993118035 -0.047482709873726714 0.055819272663546582 -0.74718846537531824
-0.16199383866658862 -0.527911699161832 -0.83235366669285371 -0.047482709116979216
0.42410537616001215 -0.13780019039049957 0.055819272663546582 -0.89332521862971359
-0.66055960993118035 -0.29979402893723178 0.35242901732752363 -0.59125149444775316
-0.25231131906350512 0.91751886758847534 -0.14613675325439518 -0.27044810082501425
-0.16199383866658854 0.394759448047795 -0.66055960993117968 -0.61772483853138571
0.92267114720962706 0.3766226662862851 0.055819272663546748 -0.060971551936859034
-0.25231131906350512 0.49341349142846286 0.83235366669285438 -0.0083365635465675325
-0.66055960993118024 -0.61772483853138571 0.16199383866658856 -0.394759448047795
-0.3179308095941541 0.69970575625834031 -0.14613675325439518 -0.62287711815253821
-0.42410537616001254 0.39011150945400497 -0.35242901732752396 0.73738824770214895
0.9226711472096264 0.19361946237137373 0.16199383866658987 -0.29145746539066475
-0.79320752036569386 0.39475944804779406 -0.27044810047717571 0.37662266628628593
-0.79320752036569386 0.53255963775562232 0.047482709873726353 0.29145746539066475
0.13780018970782823 0.17548268183430793 -0.95201707532184443 0.20947654854031617
-0.75552502892188511 0.039146146327159514 -0.65222304638461281 0.04748270911697966
0.39011150945400441 -0.91751886758847467 0.060971551936859561 -0.04748270911697966
-0.49341349142846286 -0.13780019039049923 0.62287711815253821 -0.59125149444775327
0.39011150945400447 -0.52275941954067995 -0.6997057562583392 -0.29145746539066469
0.39475944804779461 -0.17548268183430793 0.62287711815253821 -0.65222304638461281
-0.49341349142846286 -0.75552502892188578 0.37662266628628538 -0.20947654854031619
0.42925765578116443 0.33141965276187341 0.784870956819127 0.29979402905708807
-0.27044810082501441 -0.14613675325439462 -0.91751886758847445 0.25231131906350474
-0.27044810082501441 0.74718846537531869 -0.52791169916183167 -0.29979402905708807
0.89332521862971337 0.21462882816146789 -0.29979402893723217 0.25695925765729527
-0.27044810082501441 0.70804231904815873 0.59125149444775327 -0.27560038009832644
-0.039146146327159952 0.54089620130218907 -0.29979402893723217 0.78487095681912744
0.89332521862971337 0.42925765578116459 -0.047482709116979105 0.1243113472227807
0.2146288276196967 -0.56190556586784035 0.52791169916183212 0.5995880579943208
-0.27044810082501458 -0.20947654854031633 0.8933252186297127 0.29145746539066475
-0.91751886758847512 0.17548268183430793 -0.29979402893723217 0.19361946237137354
0.2146288276196967 -0.52275941954068039 -0.59125149444775382 0.57539440903555905
0.89332521862971337 0.29145746539066453 0.27044810082501458 0.20947654854031625
-0.13780019039050001 -0.53255963775562298 0.52791169916183212 0.64707076711129985
0.039146146327159966 -0.75552502892188644 0.04748270911697916 -0.65222304638461337
-0.52791169916183156 -0.3766226662862851 -0.29979402893723223 -0.69970575625834008
0.2146288276196967 0.39475944804779545 -0.89332521862971359 0.0083365635465675325
0.91751886758847578 -0.39011150945400497 0.04748270911697916 -0.060971551936859068
0.89332521862971337 -0.0083365635465676435 0.21462882761969659 0.394759448047795
0.039146146327159966 -0.61772483853138638 -0.2704481008250148 -0.73738824770214895
0.66055960993117957 -0.047482709873727047 -0.055819272663544972 -0.74718846537531847
-0.52791169916183156 0.59958805799432002 0.2146288276196951 0.56190556586784057
-0.52791169916183156 0.29979402905708935 0.27044810082501347 0.74718846537531847
-0.29979402893723073 -0.25695925765729544 -0.89332521862971359 0.2146288281614685
0.3607655808740905 -0.83235366669285338 0.27560038009832766 -0.31793080959415532
0.3607655808740905 -0.73738824770214806 -0.42925765578116354 -0.37662266628628593
0.094965418990705291 -0.0083365635465663113 0.70804231904815884 -0.69970575625833975
0.3607655808740905 -0.13780018970782767 -0.54089620130218952 -0.74718846537531847
0.59958805799432036 0.25695925765729544 0.70804231904815884 -0.27044810047717593
0.094965418990705291 -0.79320752036569409 0.56190556586784035 -0.2146288281614685
-0.78487095681912789 0.29979402905708963 0.42925765578116387 -0.33141965276187324
-0.92267114720962629 -0.19361946237137337 -0.16199383866659023 0.29145746539066503
0.79320752036569353 -0.53255963775562265 -0.047482709873726464 -0.29145746539066503
-0.1378001897078282 -0.17548268183430754 0.95201707532184443 -0.20947654854031664
-0.39011150945400397 0.52275941954067973 0.69970575625833942 0.29145746539066503
-0.39475944804779495 0.17548268183430754 -0.62287711815253799 0.65222304638461293
0.49341349142846264 0.75552502892188556 -0.3766226662862856 0.20947654854031664
-0.39011150945400402 -0.21462882816146839 0.49341349142846225 0.74718846537531847
-0.73738824770214806 -0.25695925765729544 -0.62287711815253799 -0.047482709873727103
0.6177248385313866 -0.13780018970782787 -0.69970575625834008 0.33141965276187324
0.49341349142846264 0.74718846537531869 0.39011150945400447 0.2146288281614685
-0.0083365635465670884 -0.29979402905708963 0.060971551936859242 0.95201707532184465
0.39475944804779528 -0.79320752036569475 0.37662266628628593 -0.27044810047717616
-0.73738824770214828 -0.35242901732752319 0.39011150945400319 0.42410537616001298
0.89332521862971292 -0.21462882816146817 -0.29979402893723095 -0.25695925765729638
0.89332521862971292 0.055819272663545305 -0.13780019039049918 -0.42410537616001298
0.27044810082501347 -0.14613675325439401 0.91751886758847556 0.25231131906350401
-0.79320752036569353 0.31793080959415432 0.29979402905708885 0.42410537616001309
-0.21462882816146811 0.14613675325439401 -0.95201707532184454 0.16199383866658978
0.13780018970782765 0.92267114720962695 -0.25695925765729577 -0.25231131906350401
0.74718846537531958 0.055819272663545361 -0.047482709873726991 0.66055960993117979
0.69970575625833997 0.70804231904815784 -0.0083365635465665611 -0.094965418990706763
-0.9226711472096264 0.12431134722278137 -0.35242901732752357 0.094965418990706763
0.31793080959415448 0.27560038009832688 -0.8323536666928546 -0.36076558087409016
-0.59958805799432069 -0.52791169916183134 -0.5619055658678398 0.21462882761969654
0.57539440903555872 -0.5912514944477536 0.5227594195406795 -0.21462882761969654
-0.65222304638461259 0.047482709116978883 0.755525028921886 -0.039146146327160361
0.57539440903555872 -0.78487095681912655 -0.20947654854031672 -0.094965418990706763
-0.19361946237137304 -0.27560038009832688 0.755525028921886 -0.56190556586784035
-0.65222304638461259 -0.59958805799432136 0.29145746539066464 0.36076558087409016
-0.64707076711130007 0.12431134722278149 -0.52275941954067995 -0.54089620130219007
0.57539440903555872 -0.25231131906350385 -0.65222304638461215 -0.42410537616001298
0.53255963775562276 -0.14613675325439401 0.755525028921886 -0.35242901732752341
-0.64707076711130007 0.31793080959415471 0.20947654854031691 -0.66055960993117979
-0.65222304638461259 -0.42410537616001298 -0.57539440903555905 0.25231131906350412
0.17548268183430826 -0.055819272663545361 -0.52275941954067995 -0.83235366669285482
0.1936194623713732 0.92267114720962784 -0.29145746539066497 0.16199383866658992
0.52275941954067962 0.25695925765729544 0.755525028921886 0.29979402905708957
-0.64707076711130007 -0.21462882816146855 0.65222304638461293 -0.33141965276187324
-0.53255963775562332 0.79320752036569475 -0.29145746539066497 -0.047482709873727158
-0.65222304638461259 0.33141965276187341 -0.64707076711129963 -0.2146288281614685
0.1936194623713732 0.74718846537531936 0.57539440903555961 0.27044810047717616
-0.64707076711130007 -0.73738824770214861 0.1936194623713729 -0.0083365635465675325
-0.755525028921887 -0.4934134914284633 -0.20947654854031708 0.37662266628628549
-0.0083365635465667554 0.094965418990705014 -0.69970575625833931 0.70804231904815806
-0.25695925765729472 -0.29979402893723051 0.21462882816146855 -0.89332521862971292
-0.25695925765729472 -0.59958805799432002 0.27044810047717577 -0.70804231904815806
-0.29979402905708968 0.78487095681912677 0.33141965276187335 -0.42925765578116359
-0.25695925765729477 -0.73738824770214773 -0.047482709873727408 -0.62287711815253732
-0.13780018970782762 0.61772483853138571 0.33141965276187335 -0.69970575625833964
-0.29979402905708968 -0.0083365635465675048 0.95201707532184376 0.060971551936859242
0.0083365635465673382 -0.094965418990704709 0.69970575625833931 -0.70804231904815818
0.0083365635465673382 -0.83235366669285304 0.49341349142846275 -0.25231131906350435
-0.73738824770214839 0.35242901732752352 0.39011150945400408 -0.42410537616001148
0.56190556586783891 0.21462882761969493 -0.59958805799432047 0.52791169916183212
0.56190556586783891 0.75552502892188511 -0.27560038009832799 0.19361946237137387
0.54089620130219018 -0.52275941954068028 0.1243113472227802 0.64707076711129852
0.56190556586783891 0.66055960993117979 0.42925765578116393 0.25231131906350435
-0.094965418990705402 -0.35242901732752352 0.1243113472227802 0.92267114720962651
0.54089620130219018 -0.16199383866658909 -0.7080423190481584 0.42410537616001148
0.56190556586783891 0.060971551936858999 0.54089620130218974 0.62287711815253732
-0.5995880579943208 -0.61772483853138571 0.12431134722278017 0.49341349142846236
0.54089620130219007 0.62287711815253766 -0.56190556586783913 -0.060971551936859242
0.78487095681912666 -0.394759448047795 0.2756003800983281 0.39011150945400469
0.27044810082501342 0.14613675325439562 0.91751886758847401 -0.25231131906350512
-0.0083365635465674492 0.83235366669285282 -0.4934134914284628 0.25231131906350512
0.73738824770214806 -0.35242901732752402 -0.39011150945400447 0.42410537616001132
-0.0083365635465675048 0.89332521862971281 0.39475944804779406 0.21462882761969626
0.060971551936859825 -0.047482709116979216 -0.39011150945400447 0.91751886758847445
0.73738824770214817 0.27044810082501392 -0.61772483853138571 0.039146146327159279
0.13780018970782754 -0.17548268183430904 -0.95201707532184354 -0.20947654854031525
-0.3179308095941536 0.27560038009832766 0.83235366669285316 -0.360765580874091
-0.3179308095941536 -0.64707076711129896 0.66055960993117979 0.20947654854031525
-0.92267114720962662 0.19361946237137406 -0.16199383866658859 -0.29145746539066386
-0.31793080959415365 -0.7932075203656942 -0.4241053761600117 0.29979402905708807
-0.1461367532543951 -0.21462882816146744 -0.16199383866658859 -0.9520170753218441
-0.92267114720962673 0.13780018970782745 0.25231131906350479 -0.25695925765729416
-0.055819272663546582 0.74718846537531824 -0.66055960993118035 -0.047482709873726714
-0.31793080959415376 0.039146146327159591 -0.92267114720962617 -0.21462882761969621
0.83235366669285371 0.047482709116979216 -0.16199383866658862 -0.527911699161832
-0.055819272663546582 0.89332521862971359 0.42410537616001215 -0.13780019039049957
-0.92267114720962673 -0.21462882761969615 0.31793080959415371 -0.039146146327159272
-0.35242901732752363 0.59125149444775316 -0.66055960993118035 -0.29979402893723178
0.14613675325439518 0.27044810082501425 -0.25231131906350512 0.91751886758847534
0.66055960993117968 0.61772483853138571 -0.16199383866658854 0.394759448047795
-0.055819272663546748 0.060971551936859034 0.92267114720962706 0.3766226662862851
-0.83235366669285438 0.0083365635465675325 -0.25231131906350512 0.49341349142846286
-0.92267114720962662 -0.37662266628628471 -0.055819272663546582 0.060971551936859249
0.14613675325439518 0.62287711815253821 -0.3179308095941541 0.69970575625834031
-0.54089620130218874 -0.52275941954067984 -0.12431134722278109 0.64707076711129929
0.6605596099311789 -0.20947654854031603 0.31793080959415482 -0.64707076711129929
-0.16199383866658987 0.29145746539066475 0.9226711472096264 0.19361946237137373
-0.33141965276187296 0.42925765578116287 -0.29979402905708874 0.78487095681912722
-0.33141965276187296 0.69970575625833864 -0.13780018970782815 0.61772483853138616
0.27044810047717571 -0.37662266628628593 -0.79320752036569386 0.39475944804779406
-0.33141965276187296 0.65222304638461215 0.2146288281614675 0.64707076711129929
-0.047482709873726353 -0.29145746539066475 -0.79320752036569386 0.53255963775562232
0.27044810047717571 0.5753944090355585 -0.74718846537531836 -0.1936194623713737
0.59958805799431936 0.52791169916183178 0.5619055658678398 -0.21462882761969659
-0.57539440903555794 0.59125149444775271 -0.52275941954068028 0.21462882761969659
0.65222304638461281 -0.04748270911697966 -0.75552502892188511 0.039146146327159514
0.0083365635465671994 -0.89332521862971259 -0.39475944804779417 -0.21462882761969665
-0.060971551936859561 0.04748270911697966 0.39011150945400441 -0.91751886758847467
-0.73738824770214795 -0.27044810082501392 0.61772483853138593 -0.039146146327159514
0.008336563546567255 -0.1936194623713734 -0.73738824770214739 -0.64707076711129918
0.6997057562583392 0.29145746539066469 0.39011150945400447 -0.52275941954067995
-0.73738824770214795 -0.64707076711129929 -0.0083365635465673937 0.19361946237137373
-0.37662266628628538 0.20947654854031619 -0.49341349142846286 -0.75552502892188578
-0.39475944804779456 -0.79320752036569386 -0.37662266628628538 -0.27044810047717416
0.59958805799432013 -0.25695925765729505 0.70804231904815873 0.27044810047717416
-0.784870956819127 -0.29979402905708807 0.42925765578116443 0.33141965276187341
0.04748270987372713 0.66055960993117935 0.7471884653753178 -0.055819272663546748
-0.13780019039049968 0.4241053761600122 -0.89332521862971248 0.055819272663546748
0.91751886758847445 -0.25231131906350474 -0.27044810082501441 -0.14613675325439462
-0.13780019039049979 0.95201707532184376 0.039146146327159972 -0.27044810047717416
0.52791169916183167 0.29979402905708807 -0.27044810082501441 0.74718846537531869
0.91751886758847445 0.04748270987372738 -0.21462882761969648 -0.33141965276187335
0.29979402893723217 -0.25695925765729527 0.89332521862971337 0.21462882816146789
-0.13780019039049968 0.36076558087409055 0.91751886758847423 0.094965418990706651
-0.59125149444775327 0.27560038009832644 -0.27044810082501441 0.70804231904815873
0.29979402893723217 -0.78487095681912744 -0.039146146327159952 0.54089620130218907
0.91751886758847445 0.094965418990706485 0.13780019039049984 -0.36076558087409094
0.047482709116979105 -0.1243113472227807 0.89332521862971337 0.42925765578116459
-0.52791169916183212 -0.5995880579943208 0.2146288276196967 -0.56190556586784035
-0.8933252186297127 -0.29145746539066475 -0.27044810082501458 -0.20947654854031633
0.29979402893723217 -0.19361946237137354 -0.91751886758847512 0.17548268183430793
0.59125149444775382 -0.57539440903555905 0.2146288276196967 -0.52275941954068039
0.91751886758847445 -0.17548268183430815 0.299794028937232 -0.1936194623713737
-0.52791169916183212 -0.64707076711129985 -0.13780019039050001 -0.53255963775562298
0.29979402893723223 0.69970575625834008 -0.52791169916183156 -0.3766226662862851
0.2704481008250148 0.73738824770214895 0.039146146327159966 -0.61772483853138638
0.14613675325439432 -0.27044810082501325 -0.2523113190635034 -0.91751886758847467
0.14613675325439432 -0.21462882816146833 0.16199383866658962 -0.95201707532184354
0.055819272663544972 0.74718846537531847 0.66055960993117957 -0.047482709873727047
0.03914614632716025 0.75552502892188411 0.047482709116978272 0.65222304638461326
0.03914614632716025 0.54089620130218907 0.29979402893723045 0.78487095681912677
-0.2146288276196951 -0.56190556586784057 -0.52791169916183156 0.59958805799432002
0.039146146327160215 0.27044810047717555 0.13780019039049962 0.95201707532184343
-0.27044810082501347 -0.74718846537531847 -0.52791169916183156 0.29979402905708935
-0.2146288276196951 0.33141965276187302 -0.91751886758847512 0.047482709873727047
-0.12431134722278112 -0.6470707671112983 0.54089620130218918 -0.5227594195406805
-0.12431134722278112 -0.92267114720962584 -0.094965418990705319 -0.35242901732752419
-0.27560038009832766 0.31793080959415532 0.3607655808740905 -0.83235366669285338
-0.12431134722278113 -0.49341349142846225 -0.5995880579943198 -0.61772483853138571
0.42925765578116354 0.37662266628628593 0.3607655808740905 -0.73738824770214806
-0.27560038009832766 -0.39011150945400352 0.784870956819127 -0.39475944804779461
-0.1243113472227811 0.047482709873727186 -0.27560038009832727 -0.95201707532184354
0.54089620130218952 0.74718846537531847 0.3607655808740905 -0.13780018970782767
-0.70804231904815884 0.27044810047717593 0.59958805799432036 0.25695925765729544
-0.27560038009832766 -0.95201707532184376 0.12431134722278095 -0.047482709873726991
-0.56190556586784035 0.2146288281614685 0.094965418990705291 -0.79320752036569409
-0.42925765578116387 0.33141965276187324 -0.78487095681912789 0.29979402905708963
0.54089620130218874 0.52275941954067973 0.12431134722278162 -0.64707076711129929
-0.66055960993117857 0.047482709873726325 0.055819272663545305 0.74718846537531891
-0.66055960993117857 0.20947654854031644 -0.31793080959415504 0.64707076711129929
0.16199383866659023 -0.29145746539066503 -0.92267114720962629 -0.19361946237137337
0.33141965276187235 -0.65222304638461237 -0.21462882816146767 -0.64707076711129929
0.047482709873726464 0.29145746539066503 0.79320752036569353 -0.53255963775562265
-0.27044810047717582 -0.57539440903555816 0.74718846537531869 0.19361946237137337
-0.0083365635465668109 0.19361946237137306 0.73738824770214739 0.64707076711129929
-0.69970575625833942 -0.29145746539066503 -0.39011150945400397 0.52275941954067973
0.73738824770214795 0.64707076711129941 0.0083365635465669496 -0.1936194623713734
0.3766226662862856 -0.20947654854031664 0.49341349142846264 0.75552502892188556
-0.49341349142846225 -0.74718846537531847 -0.39011150945400402 -0.21462882816146839
0.62287711815253799 0.047482709873727103 -0.73738824770214806 -0.25695925765729544
0.69970575625834008 -0.33141965276187324 0.6177248385313866 -0.13780018970782787
0.73738824770214784 0.25695925765729494 0.62287711815253766 0.047482709873727075
-0.060971551936859242 -0.95201707532184465 -0.0083365635465670884 -0.29979402905708963
0.2756003800983271 0.31793080959415415 -0.36076558087408939 -0.83235366669285393
-0.4934134914284618 0.1378001903904994 0.62287711815253644 0.59125149444775438
-0.4934134914284618 -0.25231131906350379 0.0083365635465662002 0.83235366669285393
-0.39011150945400319 -0.42410537616001298 -0.73738824770214828 -0.35242901732752319
0.52791169916183056 -0.59958805799431969 -0.21462882761969582 -0.56190556586784091
0.52791169916183056 -0.29979402905708874 -0.27044810082501325 -0.74718846537531902
0.29979402893723095 0.25695925765729638 0.89332521862971292 -0.21462882816146817
0.52791169916183056 -0.16199383866658953 0.047482709116979271 -0.83235366669285393
0.13780019039049918 0.42410537616001298 0.89332521862971292 0.055819272663545305
0.29979402893723095 -0.66055960993117913 0.59125149444775427 0.35242901732752319
-0.91751886758847556 -0.25231131906350401 0.27044810082501347 -0.14613675325439401
-0.33141965276187224 0.35242901732752319 0.27044810047717527 0.83235366669285393
-0.29979402905708885 -0.42410537616001309 -0.79320752036569353 0.31793080959415432
0.95201707532184454 -0.16199383866658978 -0.21462882816146811 0.14613675325439401
0.27044810047717549 0.83235366669285415 0.33141965276187274 -0.35242901732752324
0.25695925765729577 0.25231131906350401 0.13780018970782765 0.92267114720962695
0.047482709873726991 -0.66055960993117979 0.74718846537531958 0.055819272663545361
-0.29979402905708902 -0.78487095681912611 0.33141965276187224 0.42925765578116487
0.73738824770214717 0.35242901732752319 -0.39011150945400375 -0.42410537616001331
0.73738824770214717 0.36076558087408972 0.3766226662862856 -0.42925765578116487
0.0083365635465665611 0.094965418990706763 0.69970575625833997 0.70804231904815784
-0.66055960993117857 0.5619055658678398 -0.25231131906350429 0.42925765578116493
0.35242901732752357 -0.094965418990706763 -0.9226711472096264 0.12431134722278137
0.16199383866658934 0.54089620130218963 -0.42410537616001309 -0.70804231904815784
0.8323536666928546 0.36076558087409016 0.31793080959415448 0.27560038009832688
0.21462882816146822 0.89332521862971226 0.25695925765729521 -0.29979402893723223
-0.54089620130218874 0.039146146327160396 -0.78487095681912633 0.29979402893723223
0.5619055658678398 -0.21462882761969654 -0.59958805799432069 -0.52791169916183134
0.17548268183430787 -0.91751886758847423 0.19361946237137287 -0.29979402893723217
-0.5227594195406795 0.21462882761969654 0.57539440903555872 -0.5912514944477536
-0.53255963775562243 -0.13780019039050018 0.64707076711129952 0.52791169916183134
0.17548268183430787 -0.7080423190481574 -0.53255963775562232 -0.42925765578116482
0.20947654854031672 0.094965418990706763 0.57539440903555872 -0.78487095681912655
-0.755525028921886 0.56190556586784035 -0.19361946237137304 -0.27560038009832688
-0.53255963775562243 -0.42925765578116493 -0.17548268183430821 0.70804231904815784
-0.29145746539066464 -0.36076558087409016 -0.65222304638461259 -0.59958805799432136
0.52275941954067995 0.54089620130219007 -0.64707076711130007 0.12431134722278149
0.65222304638461215 0.42410537616001298 0.57539440903555872 -0.25231131906350385
-0.755525028921886 0.35242901732752341 0.53255963775562276 -0.14613675325439401
-0.20947654854031691 0.66055960993117979 -0.64707076711130007 0.31793080959415471
-0.53255963775562243 0.14613675325439421 -0.75552502892188556 0.35242901732752335
0.52275941954067995 0.83235366669285482 0.17548268183430826 -0.055819272663545361
-0.755525028921886 -0.29979402905708957 0.52275941954067962 0.25695925765729544
-0.57539440903555961 -0.27044810047717616 0.1936194623713732 0.74718846537531936
0.37662266628628505 0.42925765578116321 -0.7373882477021475 0.36076558087409027
0.69970575625833931 -0.70804231904815806 -0.0083365635465667554 0.094965418990705014
-0.74718846537531747 -0.27044810082501353 0.29979402905708924 -0.52791169916183134
-0.21462882816146855 0.89332521862971292 -0.25695925765729472 -0.29979402893723051
-0.74718846537531736 -0.54089620130218929 0.13780018970782748 -0.36076558087409027
-0.27044810047717577 0.70804231904815806 -0.25695925765729472 -0.59958805799432002
-0.21462882816146855 0.56190556586783957 0.79320752036569364 -0.094965418990705014
-0.74718846537531747 -0.49341349142846191 -0.21462882816146861 -0.39011150945400397
0.047482709873727408 0.62287711815253732 -0.25695925765729477 -0.73738824770214773
-0.21462882816146867 -0.3901115094540043 0.74718846537531758 0.49341349142846236
-0.95201707532184376 -0.060971551936859242 -0.29979402905708968 -0.0083365635465675048
0.31793080959415437 -0.27560038009832827 -0.83235366669285238 0.36076558087409061
-0.3766226662862846 -0.42925765578116315 0.73738824770214773 -0.36076558087409061
-0.69970575625833931 0.70804231904815818 0.0083365635465673382 -0.094965418990704709
-0.37662266628628449 -0.92267114720962584 0.060971551936859471 -0.055819272663546082
-0.49341349142846275 0.25231131906350435 0.0083365635465673382 -0.83235366669285304
-0.69970575625833942 0.31793080959415398 0.62287711815253699 0.14613675325439546
-0.65222304638461215 -0.04748270911697744 0.75552502892188467 0.03914614632715914
0.78487095681912566 0.29979402893723106 -0.54089620130218963 -0.03914614632715914
0.59958805799432047 -0.52791169916183212 0.56190556586783891 0.21462882761969493
0.78487095681912566 0.57539440903555905 0.094965418990705208 -0.20947654854031567
0.27560038009832799 -0.19361946237137387 0.56190556586783891 0.75552502892188511
0.59958805799432047 -0.65222304638461226 -0.36076558087409083 0.29145746539066292
0.78487095681912589 0.14613675325439512 0.59958805799432036 0.055819272663546082
-0.42925765578116393 -0.25231131906350435 0.56190556586783891 0.66055960993117979
0.59958805799432058 0.055819272663546138 -0.78487095681912611 -0.14613675325439551
0.7080423190481584 -0.42410537616001148 0.54089620130219018 -0.16199383866658909
-0.54089620130218974 -0.62287711815253732 0.56190556586783891 0.060971551936858999
0.59958805799432047 0.61772483853138527 -0.12431134722277989 -0.49341349142846236
-0.047482709873725853 -0.66055960993117957 -0.74718846537531713 0.055819272663546637
0.13780019039049907 -0.42410537616001093 0.8933252186297127 -0.055819272663546637
-0.91751886758847401 0.25231131906350512 0.27044810082501342 0.14613675325439562
0.37662266628628466 0.92267114720962562 -0.060971551936859811 0.055819272663546637
0.4934134914284628 -0.25231131906350512 -0.0083365635465674492 0.83235366669285282
0.69970575625833886 -0.31793080959415415 -0.62287711815253743 -0.14613675325439562
0.3766226662862846 0.52791169916183156 0.69970575625833864 0.29979402893723145
-0.39475944804779406 -0.21462882761969626 -0.0083365635465675048 0.89332521862971281
0.69970575625833897 0.29979402893723145 -0.37662266628628482 -0.52791169916183212
0.61772483853138571 -0.039146146327159279 0.73738824770214817 0.27044810082501392
-0.060971551936859797 0.57539440903555927 0.61772483853138493 0.53255963775562087
-0.047482709873726825 0.29145746539066364 -0.79320752036569397 -0.53255963775562087
0.95201707532184354 0.20947654854031525 0.13780018970782754 -0.17548268183430904
0.52275941954067939 -0.54089620130218974 -0.64707076711129818 -0.12431134722277981
-0.35242901732752302 -0.094965418990705708 0.92267114720962584 0.12431134722277981
-0.83235366669285316 0.360765580874091 -0.3179308095941536 0.27560038009832766
-0.35242901732752302 -0.75552502892188544 0.14613675325439499 0.53255963775562087
-0.66055960993117979 -0.20947654854031525 -0.3179308095941536 -0.64707076711129896
-0.83235366669285327 0.5227594195406795 0.055819272663546471 0.17548268183430904
0.16199383866658859 0.29145746539066386 -0.92267114720962662 0.19361946237137406
-0.35242901732752308 -0.33141965276187368 -0.83235366669285293 0.2704481004771746
0.4241053761600117 -0.29979402905708807 -0.31793080959415365 -0.7932075203656942
0.16199383866658859 0.9520170753218441 -0.1461367532543951 -0.21462882816146744
-0.83235366669285327 0.27044810047717477 0.3524290173275233 0.33141965276187418
-0.25231131906350479 0.25695925765729416 -0.92267114720962673 0.13780018970782745
0.66055960993118035 0.047482709873726714 -0.055819272663546582 0.74718846537531824
0.92267114720962617 0.21462882761969621 -0.31793080959415376 0.039146146327159591
0.16199383866658862 0.527911699161832 0.83235366669285371 0.047482709116979216
-0.42410537616001215 0.13780019039049957 -0.055819272663546582 0.89332521862971359
-0.83235366669285327 -0.047482709116978938 0.16199383866658831 0.52791169916183212
0.66055960993118035 0.29979402893723178 -0.35242901732752363 0.59125149444775316
0.16199383866658854 -0.394759448047795 0.66055960993117968 0.61772483853138571
0.3179308095941541 -0.69970575625834031 0.14613675325439518 0.62287711815253821
-0.27560038009832633 -0.31793080959415465 0.36076558087409011 0.83235366669285327
-0.27560038009832633 -0.19361946237137354 -0.56190556586783968 0.75552502892188478
0.12431134722278109 -0.64707076711129929 -0.54089620130218874 -0.52275941954067984
0.14613675325439393 -0.53255963775562187 0.35242901732752374 -0.75552502892188478
-0.31793080959415482 0.64707076711129929 0.6605596099311789 -0.20947654854031603
0.055819272663545527 -0.17548268183430782 0.83235366669285349 0.52275941954067995
0.25695925765729505 0.29979402893723023 -0.21462882816146744 0.8933252186297127
0.25695925765729505 0.59958805799431891 -0.27044810047717549 0.70804231904815851
0.29979402905708874 -0.78487095681912722 -0.33141965276187296 0.42925765578116287
0.25695925765729499 0.73738824770214695 0.047482709873726325 0.62287711815253743
0.13780018970782815 -0.61772483853138616 -0.33141965276187296 0.69970575625833864
0.29979402905708863 0.0083365635465667276 -0.95201707532184354 -0.060971551936859762
0.25695925765729505 0.52275941954067939 0.29979402905708846 0.75552502892188478
-0.2146288281614675 -0.64707076711129929 -0.33141965276187296 0.65222304638461215
0.29979402905708874 0.75552502892188511 -0.25695925765729494 -0.52275941954067984
0.74718846537531836 0.1936194623713737 0.27044810047717571 0.5753944090355585
-0.21462882816146689 -0.89332521862971248 -0.25695925765729494 0.2997940289372315
0.54089620130218774 -0.039146146327159459 0.78487095681912677 -0.2997940289372315
-0.5619055658678398 0.21462882761969659 0.59958805799431936 0.52791169916183178
-0.17548268183430743 0.91751886758847356 -0.19361946237137409 0.2997940289372315
0.52275941954068028 -0.21462882761969659 -0.57539440903555794 0.59125149444775271
0.53255963775562187 0.13780019039049907 -0.64707076711129896 -0.52791169916183189
-0.37662266628628505 -0.52791169916183134 -0.69970575625833842 -0.29979402893723156
0.39475944804779417 0.21462882761969665 0.0083365635465671994 -0.89332521862971259
-0.69970575625833886 -0.29979402893723173 0.37662266628628505 0.52791169916183189
-0.61772483853138593 0.039146146327159514 -0.73738824770214795 -0.27044810082501392
0.20947654854031558 0.95201707532184332 -0.17548268183430771 0.13780018970782643
-0.6997057562583382 -0.70804231904815829 0.0083365635465676713 0.094965418990706818
-0.6997057562583382 -0.33141965276187296 -0.61772483853138627 -0.13780018970782643
0.37662266628628538 0.27044810047717416 -0.39475944804779456 -0.79320752036569386
0.54089620130218841 -0.74718846537531802 0.36076558087409111 0.13780018970782643
-0.70804231904815873 -0.27044810047717416 0.59958805799432013 -0.25695925765729505
-0.56190556586783913 -0.21462882816146767 0.09496541899070654 0.79320752036569386
-0.42925765578116443 -0.33141965276187341 -0.784870956819127 -0.29979402905708807
0.19361946237137345 -0.92267114720962584 -0.29145746539066403 -0.16199383866658809
0.21462882816146744 0.14613675325439449 0.95201707532184332 0.16199383866658809
-0.7471884653753178 0.055819272663546748 0.04748270987372713 0.66055960993117935
0.04748270911697916 0.83235366669285327 -0.52791169916183112 -0.16199383866658804
0.89332521862971248 -0.055819272663546748 -0.13780019039049968 0.4241053761600122
0.59125149444775282 -0.35242901732752308 -0.29979402893723195 -0.66055960993117935
0.047482709116979049 0.79320752036569342 0.59125149444775271 -0.13780018970782643
-0.039146146327159972 0.27044810047717416 -0.13780019039049979 0.95201707532184376
0.27044810082501441 -0.74718846537531869 0.52791169916183167 0.29979402905708807
0.59125149444775282 -0.13780018970782654 -0.047482709116979105 -0.79320752036569386
0.21462882761969648 0.33141965276187335 0.91751886758847445 0.04748270987372738
-0.89332521862971337 -0.21462882816146789 0.29979402893723217 -0.25695925765729527
-0.91751886758847423 -0.094965418990706651 -0.13780019039049968 0.36076558087409055
0.27044810082501441 -0.70804231904815873 -0.59125149444775327 0.27560038009832644
0.039146146327159952 -0.54089620130218907 0.29979402893723217 -0.78487095681912744
0.59125149444775293 -0.27560038009832633 0.2704481008250143 -0.70804231904815851
-0.89332521862971337 -0.42925765578116459 0.047482709116979105 -0.1243113472227807
0.27044810082501458 0.20947654854031633 -0.8933252186297127 -0.29145746539066475
0.13780019039050001 0.53255963775562298 -0.52791169916183212 -0.64707076711129985
-0.4241053761600122 -0.39011150945400275 -0.35242901732752258 -0.73738824770214795
-0.4241053761600122 -0.13780019039049934 -0.055819272663544972 -0.89332521862971204
0.2523113190635034 0.91751886758847467 0.14613675325439432 -0.27044810082501325
-0.42410537616001232 -0.29979402905708896 0.31793080959415387 -0.79320752036569298
-0.16199383866658962 0.95201707532184354 0.14613675325439432 -0.21462882816146833
0.25231131906350335 0.25695925765729521 0.92267114720962629 0.1378001897078277
0.59125149444775327 0.62287711815253588 -0.13780019039049962 0.4934134914284628
0.59125149444775327 0.57539440903555761 0.21462882761969493 0.52275941954067984
-0.047482709116978272 -0.65222304638461326 0.03914614632716025 0.75552502892188411
0.59125149444775327 0.2756003800983271 0.27044810082501325 0.70804231904815751
-0.29979402893723045 -0.78487095681912677 0.03914614632716025 0.54089620130218907
-0.047482709116978272 -0.12431134722278164 -0.89332521862971281 0.42925765578116332
0.59125149444775316 0.13780018970782756 -0.047482709116978383 0.79320752036569275
-0.13780019039049962 -0.95201707532184343 0.039146146327160215 0.27044810047717555
-0.047482709116978161 0.79320752036569342 -0.59125149444775338 -0.13780018970782776
0.91751886758847512 -0.047482709873727047 -0.2146288276196951 0.33141965276187302
-0.5619055658678398 -0.21462882761969493 0.59958805799431958 -0.52791169916183156
-0.5619055658678398 -0.75552502892188422 0.27560038009832727 -0.19361946237137384
-0.54089620130218918 0.5227594195406805 -0.12431134722278112 -0.6470707671112983
-0.5619055658678398 -0.66055960993117901 -0.42925765578116315 -0.2523113190635044
0.094965418990705319 0.35242901732752419 -0.12431134722278112 -0.92267114720962584
-0.54089620130218929 0.16199383866659003 0.70804231904815818 -0.42410537616001154
-0.5619055658678398 -0.060971551936859103 -0.54089620130218885 -0.62287711815253655
-0.784870956819127 0.39475944804779461 -0.27560038009832766 -0.39011150945400352
0.27560038009832727 0.95201707532184354 -0.1243113472227811 0.047482709873727186
-0.3607655808740905 0.13780018970782767 0.54089620130218952 0.74718846537531847
-0.59958805799432036 -0.25695925765729544 -0.70804231904815884 0.27044810047717593
-0.54089620130218918 -0.7471884653753178 -0.36076558087409055 0.13780018970782779
-0.094965418990705291 0.79320752036569409 -0.56190556586784035 0.2146288281614685
0.27560038009832599 0.1936194623713732 0.56190556586784002 -0.75552502892188467
-0.12431134722278162 0.64707076711129929 0.54089620130218874 0.52275941954067973
-0.14613675325439354 0.27044810082501242 0.25231131906350407 0.91751886758847467
-0.14613675325439354 0.21462882816146722 -0.16199383866658998 0.95201707532184332
-0.055819272663545305 -0.74718846537531891 -0.66055960993117857 0.047482709873726325
-0.14613675325439354 0.53255963775562232 -0.35242901732752363 0.75552502892188467
0.31793080959415504 -0.64707076711129929 -0.66055960993117857 0.20947654854031644
-0.055819272663545194 0.17548268183430737 -0.83235366669285371 -0.52275941954067973
-0.25695925765729566 -0.52275941954067928 -0.2997940290570888 -0.75552502892188467
0.21462882816146767 0.64707076711129929 0.33141965276187235 -0.65222304638461237
-0.29979402905708891 -0.75552502892188489 0.25695925765729549 0.52275941954067973
-0.74718846537531869 -0.19361946237137337 -0.27044810047717582 -0.57539440903555816
0.39011150945400402 0.21462882816146839 -0.49341349142846225 -0.74718846537531847
0.0083365635465670884 0.29979402905708963 -0.060971551936859242 -0.95201707532184465
-0.094965418990706291 -0.0083365635465665056 -0.70804231904815695 -0.69970575625833975
-0.094965418990706291 0.35242901732752285 0.12431134722278159 -0.92267114720962584
0.36076558087408939 0.83235366669285393 0.2756003800983271 0.31793080959415415
-0.060971551936858111 -0.047482709116979105 0.39011150945400275 0.91751886758847445
-0.62287711815253644 -0.59125149444775438 -0.4934134914284618 0.1378001903904994
-0.060971551936858048 -0.055819272663545194 -0.37662266628628538 0.92267114720962584
-0.0083365635465662002 -0.83235366669285393 -0.4934134914284618 -0.25231131906350379
-0.62287711815253644 0.1461367532543939 -0.69970575625834008 -0.3179308095941541
-0.039146146327161242 -0.755525028921884 -0.047482709116979105 -0.65222304638461281
-0.039146146327161242 -0.5408962013021883 -0.29979402893723078 -0.78487095681912677
0.21462882761969582 0.56190556586784091 0.52791169916183056 -0.59958805799431969
-0.039146146327161249 -0.27044810047717499 -0.1378001903904989 -0.95201707532184332
0.27044810082501325 0.74718846537531902 0.52791169916183056 -0.29979402905708874
0.21462882761969571 -0.33141965276187191 0.91751886758847467 -0.047482709873727158
-0.039146146327161124 -0.3179308095941541 0.21462882761969587 -0.92267114720962584
-0.047482709116979271 0.83235366669285393 0.52791169916183056 -0.16199383866658953
-0.89332521862971292 -0.055819272663545305 0.13780019039049918 0.42410537616001298
0.21462882761969565 -0.92267114720962617 0.039146146327160902 0.31793080959415415
-0.59125149444775427 -0.35242901732752319 0.29979402893723095 -0.66055960993117913
-0.27044810082501347 0.14613675325439401 -0.91751886758847556 -0.25231131906350401
-0.27044810047717527 -0.83235366669285393 -0.33141965276187224 0.35242901732752319
0.79320752036569353 -0.31793080959415432 -0.29979402905708885 -0.42410537616001309
0.21462882816146811 -0.14613675325439401 0.95201707532184454 -0.16199383866658978
0.29979402905708885 0.42410537616001254 0.79320752036569342 -0.31793080959415421
-0.13780018970782765 -0.92267114720962695 0.25695925765729577 0.25231131906350401
-0.27044810047717449 -0.37662266628628494 0.79320752036569275 0.39475944804779584
-0.27044810047717449 -0.70804231904815729 -0.25695925765729577 0.59958805799432058
-0.33141965276187224 -0.42925765578116487 -0.29979402905708902 -0.78487095681912611
0.49341349142846064 -0.13780019039049934 -0.62287711815253699 -0.59125149444775404
0.49341349142846064 0.25231131906350429 -0.0083365635465666166 -0.83235366669285382
0.39011150945400375 0.42410537616001331 0.73738824770214717 0.35242901732752319
0.49341349142846064 -0.12431134722278125 0.6177248385313856 -0.59958805799432058
-0.3766226662862856 0.42925765578116487 0.73738824770214717 0.36076558087408972
0.39011150945400369 -0.27560038009832655 0.39475944804779595 0.78487095681912611
-0.14613675325439329 0.78487095681912589 -0.055819272663545749 0.59958805799432058
0.25231131906350429 -0.42925765578116493 -0.66055960993117857 0.5619055658678398
0.9226711472096264 -0.12431134722278137 0.35242901732752357 -0.094965418990706763
-0.05581927266354586 0.5995880579943208 0.14613675325439371 -0.78487095681912622
0.42410537616001309 0.70804231904815784 0.16199383866658934 0.54089620130218963
-0.31793080959415448 -0.27560038009832688 0.8323536666928546 0.36076558087409016
0.29979402905708802 0.784870956819126 -0.33141965276187296 -0.42925765578116448
0.29979402905708802 0.52791169916183078 0.74718846537531802 -0.27044810082501464
-0.25695925765729521 0.29979402893723223 0.21462882816146822 0.89332521862971226
-0.27560038009832599 0.59125149444775305 -0.70804231904815773 0.27044810082501464
0.78487095681912633 -0.29979402893723223 -0.54089620130218874 0.039146146327160396
0.12431134722278075 -0.047482709116978827 -0.42925765578116465 -0.89332521862971226
-0.29145746539066453 -0.89332521862971181 -0.20947654854031655 -0.27044810082501453
-0.19361946237137287 0.29979402893723217 0.17548268183430787 -0.91751886758847423
-0.20947654854031642 -0.27044810082501475 0.29145746539066453 0.89332521862971226
-0.64707076711129952 -0.52791169916183134 -0.53255963775562243 -0.13780019039050018
0.53255963775562232 0.42925765578116482 0.17548268183430787 -0.7080423190481574
-0.57539440903555872 0.78487095681912655 0.20947654854031672 0.094965418990706763
0.19361946237137304 0.27560038009832688 -0.755525028921886 0.56190556586784035
-0.20947654854031644 -0.094965418990706568 -0.57539440903555861 0.78487095681912622
0.65222304638461259 0.59958805799432136 -0.29145746539066464 -0.36076558087409016
-0.57539440903555872 0.25231131906350385 0.65222304638461215 0.42410537616001298
-0.17548268183430826 0.055819272663545361 0.52275941954067995 0.83235366669285482
0.61772483853138482 0.59958805799431958 -0.49341349142846197 -0.1243113472227806
0.7373882477021475 -0.36076558087409027 0.37662266628628505 0.42925765578116321
0.39475944804779439 -0.784870956819126 -0.39011150945400341 -0.27560038009832788
-0.95201707532184243 -0.13780019039049995 0.27044810047717543 0.039146146327159924
-0.29979402905708924 0.52791169916183134 -0.74718846537531747 -0.27044810082501353
-0.047482709873727214 0.91751886758847423 0.33141965276187318 -0.2146288276196946
-0.95201707532184243 -0.2756003800983276 -0.04748270987372738 0.12431134722278067
-0.13780018970782748 0.36076558087409027 -0.74718846537531736 -0.54089620130218929
-0.047482709873727269 0.12431134722278059 0.95201707532184288 0.27560038009832788
-0.79320752036569364 0.094965418990705014 -0.21462882816146855 0.56190556586783957
0.21462882816146861 0.39011150945400397 -0.74718846537531747 -0.49341349142846191
-0.047482709873727325 -0.6228771181525371 0.25695925765729433 0.7373882477021475
-0.52275941954068006 0.54089620130218963 0.64707076711129718 0.12431134722278026
0.3524290173275233 0.094965418990704625 -0.9226711472096254 -0.12431134722278026
0.83235366669285238 -0.36076558087409061 0.31793080959415437 -0.27560038009832827
-0.6177248385313846 -0.5995880579943198 0.49341349142846236 0.12431134722278026
-0.73738824770214773 0.36076558087409061 -0.3766226662862846 -0.42925765578116315
-0.39475944804779411 0.78487095681912589 0.39011150945400386 0.27560038009832816
-0.6177248385313846 -0.66055960993117924 -0.39475944804779417 0.16199383866658884
-0.060971551936859471 0.055819272663546082 -0.37662266628628449 -0.92267114720962584
-0.39475944804779423 0.16199383866658887 0.6177248385313846 0.66055960993117979
-0.62287711815253699 -0.14613675325439546 -0.69970575625833942 0.31793080959415398
-0.52275941954067928 -0.21462882761969476 0.57539440903555883 0.59125149444775205
-0.75552502892188467 -0.03914614632715914 -0.65222304638461215 -0.04748270911697744
0.70804231904815729 0.27044810082501441 -0.27560038009832771 -0.59125149444775194
0.54089620130218963 0.03914614632715914 0.78487095681912566 0.29979402893723106
0.42925765578116343 -0.89332521862971237 0.12431134722278012 0.04748270911697744
0.70804231904815729 0.17548268183430926 0.42925765578116337 -0.53255963775562143
-0.094965418990705208 0.20947654854031567 0.78487095681912566 0.57539440903555905
0.42925765578116343 -0.53255963775562154 -0.70804231904815773 -0.17548268183430937
0.36076558087409083 -0.29145746539066292 0.59958805799432047 -0.65222304638461226
-0.59958805799432036 -0.055819272663546082 0.78487095681912589 0.14613675325439512
0.42925765578116354 0.25231131906350435 -0.56190556586783869 -0.66055960993117979
-0.19361946237137456 0.92267114720962518 0.29145746539066314 0.16199383866658851
-0.21462882816146661 -0.14613675325439546 -0.95201707532184277 -0.16199383866658851
0.74718846537531713 -0.055819272663546637 -0.047482709873725853 -0.66055960993117957
-0.04748270911697916 -0.83235366669285216 0.52791169916183189 0.16199383866658854
-0.8933252186297127 0.055819272663546637 0.13780019039049907 -0.42410537616001093
-0.59125149444775194 0.35242901732752374 0.29979402893723095 0.66055960993117957
0.61772483853138493 0.66055960993117913 0.39475944804779373 -0.16199383866658848
0.060971551936859811 -0.055819272663546637 0.37662266628628466 0.92267114720962562
0.39475944804779362 -0.16199383866658851 -0.61772483853138516 -0.66055960993117979
0.62287711815253743 0.14613675325439562 0.69970575625833886 -0.31793080959415415
0.3947594480477935 0.79320752036569386 0.37662266628628349 0.27044810047717482
0.3947594480477935 0.17548268183430887 0.62287711815253766 0.65222304638461093
-0.61772483853138493 -0.53255963775562087 -0.060971551936859797 0.57539440903555927
-0.21462882816146756 0.64707076711129852 -0.33141965276187396 -0.65222304638461082
0.79320752036569397 0.53255963775562087 -0.047482709873726825 0.29145746539066364
0.74718846537531669 -0.1936194623713739 0.27044810047717505 -0.57539440903555927
-0.13780018970782754 0.17548268183430904 0.95201707532184354 0.20947654854031525
0.19361946237137351 -0.27560038009832738 -0.75552502892188478 -0.56190556586783813
0.64707076711129818 0.12431134722277981 0.52275941954067939 -0.54089620130218974
-0.2523113190635044 -0.42925765578116393 0.66055960993117901 0.56190556586783813
-0.92267114720962584 -0.12431134722277981 -0.35242901732752302 -0.094965418990705708
-0.42410537616001132 0.70804231904815773 -0.16199383866658842 0.54089620130218974
-0.2523113190635044 -0.57539440903555894 -0.42410537616001143 0.65222304638461093
-0.14613675325439499 -0.53255963775562087 -0.35242901732752302 -0.75552502892188544
0.3179308095941536 0.64707076711129896 -0.66055960993117979 -0.20947654854031525
-0.4241053761600112 0.65222304638461126 0.2523113190635044 0.57539440903555927
-0.055819272663546471 -0.17548268183430904 -0.83235366669285327 0.5227594195406795
0.92267114720962662 -0.19361946237137406 0.16199383866658859 0.29145746539066386
0.83235366669285293 -0.2704481004771746 -0.35242901732752308 -0.33141965276187368
0.31793080959415365 0.7932075203656942 0.4241053761600117 -0.29979402905708807
0.1461367532543951 0.21462882816146744 0.16199383866658859 0.9520170753218441
-0.4241053761600112 0.29979402905708802 0.31793080959415337 0.79320752036569409
0.92267114720962673 -0.13780018970782745 -0.25231131906350479 0.25695925765729416
0.31793080959415376 -0.039146146327159591 0.92267114720962617 0.21462882761969621
0.35242901732752363 -0.59125149444775316 0.66055960993118035 0.29979402893723178
0.094965418990706485 0.008336563546566339 0.70804231904815751 0.69970575625833853
0.094965418990706485 -0.35242901732752385 -0.12431134722278099 0.92267114720962495
-0.36076558087409011 -0.83235366669285327 -0.27560038009832633 -0.31793080959415465
0.094965418990706485 0.20947654854031592 -0.78487095681912611 0.57539440903555772
0.56190556586783968 -0.75552502892188478 -0.27560038009832633 -0.19361946237137354
-0.36076558087409011 -0.29145746539066442 -0.59958805799431991 -0.65222304638461193
-0.4241053761600122 -0.6522230463846117 0.25231131906350424 -0.57539440903555761
-0.35242901732752374 0.75552502892188478 0.14613675325439393 -0.53255963775562187
0.25231131906350435 -0.57539440903555805 0.42410537616001204 0.65222304638461204
-0.83235366669285349 -0.52275941954067995 0.055819272663545527 -0.17548268183430782
0.74718846537531758 0.27044810082501269 -0.29979402905708846 0.52791169916183134
0.21462882816146744 -0.8933252186297127 0.25695925765729505 0.29979402893723023
0.74718846537531758 0.54089620130218807 -0.13780018970782804 0.3607655808740905
0.27044810047717549 -0.70804231904815851 0.25695925765729505 0.59958805799431891
0.21462882816146744 -0.5619055658678398 -0.7932075203656932 0.094965418990705014
0.74718846537531736 0.49341349142846175 0.21462882816146739 0.39011150945400364
0.95201707532184354 0.060971551936859762 0.29979402905708863 0.0083365635465667276
-0.29979402905708724 -0.52791169916183134 -0.7471884653753178 0.27044810082501342
0.25695925765729494 -0.2997940289372315 -0.21462882816146689 -0.89332521862971248
0.27560038009832577 -0.59125149444775216 0.70804231904815818 -0.27044810082501347
-0.78487095681912677 0.2997940289372315 0.54089620130218774 -0.039146146327159459
-0.12431134722278044 0.047482709116979605 0.42925765578116343 0.89332521862971226
0.29145746539066442 0.8933252186297117 0.20947654854031539 0.27044810082501342
0.19361946237137409 -0.2997940289372315 -0.17548268183430743 0.91751886758847356
0.20947654854031536 0.27044810082501358 -0.29145746539066442 -0.89332521862971226
0.64707076711129896 0.52791169916183189 0.53255963775562187 0.13780019039049907
0.53255963775562054 0.61772483853138549 -0.5753944090355585 0.060971551936858312
0.53255963775562054 0.7932075203656932 0.29145746539066497 -0.047482709873727436
0.17548268183430771 -0.13780018970782643 0.20947654854031558 0.95201707532184332
-0.73738824770214562 -0.36076558087409133 -0.37662266628628505 0.42925765578116432
-0.0083365635465676713 -0.094965418990706818 -0.6997057562583382 -0.70804231904815829
-0.73738824770214584 0.25695925765729499 -0.62287711815253799 0.047482709873727436
0.61772483853138627 0.13780018970782643 -0.6997057562583382 -0.33141965276187296
-0.0083365635465676713 0.2997940290570878 0.060971551936858548 -0.95201707532184332
0.27560038009832605 -0.9520170753218431 -0.12431134722277991 -0.047482709873727436
-0.36076558087409111 -0.13780018970782643 0.54089620130218841 -0.74718846537531802
-0.59958805799432013 0.25695925765729505 -0.70804231904815873 -0.27044810047717416
-0.12431134722277978 -0.047482709873727269 -0.2756003800983261 0.95201707532184332
-0.09496541899070654 -0.79320752036569386 -0.56190556586783913 -0.21462882816146767
0.784870956819127 0.29979402905708807 -0.42925765578116443 -0.33141965276187341
-0.20947654854031525 -0.95201707532184277 0.17548268183430865 -0.13780018970782679
-0.20947654854031525 -0.66055960993117868 -0.64707076711129885 -0.31793080959415299
0.29145746539066403 0.16199383866658809 0.19361946237137345 -0.92267114720962584
0.29979402905708763 -0.42410537616001193 0.79320752036569342 0.31793080959415299
-0.95201707532184332 -0.16199383866658809 0.21462882816146744 0.14613675325439449
-0.25695925765729427 0.25231131906350457 -0.13780018970782676 0.92267114720962584
0.21462882761969632 0.9226711472096254 0.039146146327159938 -0.31793080959415293
0.52791169916183112 0.16199383866658804 0.04748270911697916 0.83235366669285327
0.039146146327159653 -0.3179308095941531 -0.21462882761969637 -0.92267114720962584
0.29979402893723195 0.66055960993117935 0.59125149444775282 -0.35242901732752308
-0.59125149444775271 0.13780018970782643 0.047482709116979049 0.79320752036569342
0.13780019039049979 -0.95201707532184376 -0.039146146327159972 0.27044810047717416
-0.52791169916183167 -0.29979402905708807 0.27044810082501441 -0.74718846537531869
0.039146146327159702 -0.27044810047717405 0.13780019039049962 -0.95201707532184332
-0.91751886758847445 -0.04748270987372738 0.21462882761969648 0.33141965276187335
0.13780019039049968 -0.36076558087409055 -0.91751886758847423 -0.094965418990706651
-0.047482709116979105 0.1243113472227807 -0.89332521862971337 -0.42925765578116459
-0.83235366669285304 -0.00833656354656645 -0.25231131906350307 -0.49341349142846169
0.35242901732752258 0.73738824770214795 -0.4241053761600122 -0.39011150945400275
-0.83235366669285304 0.047482709116978494 0.16199383866658956 -0.52791169916183034
0.055819272663544972 0.89332521862971204 -0.4241053761600122 -0.13780019039049934
0.35242901732752258 0.5912514944477536 0.6605596099311789 -0.29979402893723034
-0.83235366669285304 -0.27044810047717538 0.35242901732752246 -0.3314196527618723
-0.31793080959415387 0.79320752036569298 -0.42410537616001232 -0.29979402905708896
0.35242901732752252 -0.33141965276187257 0.83235366669285338 0.2704481004771756
-0.92267114720962629 -0.1378001897078277 0.25231131906350335 0.25695925765729521
-0.53255963775562298 -0.61772483853138382 0.57539440903555761 -0.060971551936859394
0.91751886758847379 0.39011150945400286 0.047482709116978161 0.060971551936859394
0.13780019039049962 -0.4934134914284628 0.59125149444775327 0.62287711815253588
0.91751886758847367 0.17548268183430776 0.29979402893723023 0.19361946237137287
-0.21462882761969493 -0.52275941954067984 0.59125149444775327 0.57539440903555761
0.13780019039049962 -0.53255963775562309 -0.52791169916183112 0.64707076711129774
0.91751886758847379 -0.09496541899070543 0.13780019039049946 0.36076558087408922
-0.27044810082501325 -0.70804231904815751 0.59125149444775327 0.2756003800983271
0.13780019039049962 0.36076558087408966 -0.91751886758847412 0.094965418990705236
0.89332521862971281 -0.42925765578116332 -0.047482709116978272 -0.12431134722278164
0.047482709116978383 -0.79320752036569275 0.59125149444775316 0.13780018970782756
0.13780019039049968 0.95201707532184288 -0.039146146327159924 -0.2704481004771756
0.65222304638461259 0.047482709116978217 -0.75552502892188367 -0.039146146327159723
-0.784870956819126 -0.29979402893723028 0.54089620130218874 0.039146146327159723
-0.59958805799431958 0.52791169916183156 -0.5619055658678398 -0.21462882761969493
-0.78487095681912611 -0.57539440903555761 -0.094965418990705264 0.20947654854031589
-0.27560038009832727 0.19361946237137384 -0.5619055658678398 -0.75552502892188422
-0.59958805799431958 0.65222304638461259 0.36076558087409022 -0.29145746539066342
-0.78487095681912611 -0.14613675325439457 -0.59958805799431936 -0.055819272663545361
-0.70804231904815818 0.42410537616001154 -0.54089620130218929 0.16199383866659003
0.1243113472227811 -0.047482709873727186 0.27560038009832727 0.95201707532184354
0.56190556586784035 -0.2146288281614685 -0.094965418990705291 0.79320752036569409
-0.09496541899070679 -0.20947654854031619 0.78487095681912611 -0.57539440903555727
-0.56190556586784002 0.75552502892188467 0.27560038009832599 0.1936194623713732
0.36076558087408966 0.29145746539066475 0.59958805799431991 0.65222304638461215
0.42410537616001259 0.39011150945400219 0.35242901732752352 0.73738824770214717
0.42410537616001259 0.13780019039049812 0.055819272663545139 0.89332521862971181
-0.25231131906350407 -0.91751886758847467 -0.14613675325439354 0.27044810082501242
0.42410537616001259 0.29979402905708813 -0.31793080959415471 0.79320752036569231
0.16199383866658998 -0.95201707532184332 -0.14613675325439354 0.21462882816146722
-0.25231131906350412 -0.25695925765729594 -0.9226711472096254 -0.13780018970782798
0.42410537616001265 0.65222304638461182 -0.2523113190635039 0.57539440903555739
0.35242901732752363 -0.75552502892188467 -0.14613675325439354 0.53255963775562232
-0.25231131906350407 0.57539440903555761 -0.42410537616001243 -0.65222304638461215
0.83235366669285371 0.52275941954067973 -0.055819272663545194 0.17548268183430737
-0.42925765578116443 0.37662266628628505 -0.36076558087408911 -0.73738824770214695
0.70804231904815695 0.69970575625833975 -0.094965418990706291 -0.0083365635465665056
-0.42925765578116443 0.25231131906350346 0.56190556586783935 -0.66055960993117813
-0.12431134722278159 0.92267114720962584 -0.094965418990706291 0.35242901732752285
0.70804231904815695 0.42410537616001265 0.54089620130218952 0.16199383866658956
0.3947594480477955 -0.21462882761969587 0.0083365635465662002 0.89332521862971126
-0.39011150945400275 -0.91751886758847445 -0.060971551936858111 -0.047482709116979105
-0.61772483853138482 -0.039146146327161457 -0.73738824770214761 0.27044810082501364
0.39475944804779567 0.16199383866658953 -0.6177248385313846 0.66055960993117802
0.37662266628628538 -0.92267114720962584 -0.060971551936858048 -0.055819272663545194
-0.61772483853138482 0.66055960993117868 -0.3947594480477955 -0.1619938386665894
0.69970575625834008 0.3179308095941541 -0.62287711815253644 0.1461367532543939
-0.59125149444775382 -0.62287711815253588 0.13780019039049896 -0.49341349142846169
-0.59125149444775382 -0.57539440903555683 -0.21462882761969565 -0.52275941954067928
0.047482709116979105 0.65222304638461281 -0.039146146327161242 -0.755525028921884
-0.59125149444775382 -0.27560038009832605 -0.27044810082501303 -0.70804231904815706
0.29979402893723078 0.78487095681912677 -0.039146146327161242 -0.5408962013021883
0.047482709116979105 0.1243113472227822 0.89332521862971204 -0.42925765578116382
-0.59125149444775371 -0.13780018970782709 0.047482709116979049 -0.79320752036569186
-0.91751886758847467 0.047482709873727158 0.21462882761969571 -0.33141965276187191
-0.21462882761969587 0.92267114720962584 -0.039146146327161124 -0.3179308095941541
-0.52791169916183056 0.16199383866658953 -0.047482709116979271 0.83235366669285393
-0.13780019039049918 -0.42410537616001298 -0.89332521862971292 -0.055819272663545305
0.047482709116978994 -0.83235366669285349 -0.52791169916183045 0.16199383866658948
-0.29979402893723095 0.66055960993117913 -0.59125149444775427 -0.35242901732752319
0.33141965276187224 -0.35242901732752319 -0.27044810047717527 -0.83235366669285393
-0.25695925765729577 -0.25231131906350401 -0.13780018970782765 -0.92267114720962695
-0.13780018970782593 -0.61772483853138527 0.33141965276187202 0.69970575625833897
-0.79320752036569275 -0.39475944804779584 -0.27044810047717449 -0.37662266628628494
-0.13780018970782593 -0.36076558087408939 -0.74718846537531802 0.54089620130218874
0.25695925765729577 -0.59958805799432058 -0.27044810047717449 -0.70804231904815729
-0.79320752036569275 -0.094965418990706707 -0.21462882816146894 -0.56190556586783935
0.060971551936857341 -0.5753944090355575 -0.61772483853138527 -0.53255963775562221
0.060971551936857341 0.04748270911697966 -0.39011150945400336 -0.91751886758847367
0.62287711815253699 0.59125149444775404 0.49341349142846064 -0.13780019039049934
0.060971551936857375 0.055819272663546193 0.37662266628628521 -0.92267114720962506
0.0083365635465666166 0.83235366669285382 0.49341349142846064 0.25231131906350429
0.62287711815253699 -0.14613675325439324 0.69970575625833931 0.31793080959415343
0.060971551936857347 -0.56190556586783935 0.62287711815253677 -0.54089620130218874
-0.6177248385313856 0.59958805799432058 0.49341349142846064 -0.12431134722278125
0.62287711815253699 -0.54089620130218907 -0.060971551936857618 0.56190556586783935
-0.39475944804779595 -0.78487095681912611 0.39011150945400369 -0.27560038009832655
0.055819272663545749 -0.59958805799432058 -0.14613675325439329 0.78487095681912589
0.66055960993117857 -0.5619055658678398 0.25231131906350429 -0.42925765578116493
-0.35242901732752357 0.094965418990706763 0.9226711472096264 -0.12431134722278137
-0.25231131906350429 0.42925765578116448 0.66055960993117846 -0.56190556586783935
-0.16199383866658934 -0.54089620130218963 0.42410537616001309 0.70804231904815784
0.27044810047717383 0.37662266628628482 -0.79320752036569309 -0.39475944804779473
0.27044810047717383 0.70804231904815773 0.25695925765729488 -0.59958805799431991
0.33141965276187296 0.42925765578116448 0.29979402905708802 0.784870956819126
0.27044810047717383 -0.039146146327160347 0.9520170753218431 -0.13780019039050007
-0.74718846537531802 0.27044810082501464 0.29979402905708802 0.52791169916183078
0.33141965276187302 0.21462882761969632 0.04748270987372788 0.91751886758847356
0.094965418990706957 0.91751886758847334 -0.36076558087408994 0.13780019039050007
0.70804231904815773 -0.27044810082501464 -0.27560038009832599 0.59125149444775305
-0.36076558087409027 0.13780019039050007 -0.094965418990706679 -0.91751886758847379
0.42925765578116465 0.89332521862971226 0.12431134722278075 -0.047482709116978827
-0.17548268183430787 0.7080423190481574 0.53255963775562232 0.42925765578116482
0.29145746539066464 0.36076558087409016 0.65222304638461259 0.59958805799432136
0.6228771181525361 0.54089620130218874 -0.060971551936859124 -0.5619055658678388
0.49341349142846197 0.1243113472227806 0.61772483853138482 0.59958805799431958
-0.060971551936859374 -0.56190556586783891 -0.62287711815253632 -0.54089620130218918
0.39011150945400341 0.27560038009832788 0.39475944804779439 -0.784870956819126
-0.79320752036569231 0.047482709116977828 0.13780018970782731 0.59125149444775249
-0.27044810047717543 -0.039146146327159924 -0.95201707532184243 -0.13780019039049995
0.13780018970782751 0.59125149444775271 0.79320752036569298 -0.047482709116977662
-0.33141965276187318 0.2146288276196946 -0.047482709873727214 0.91751886758847423
0.04748270987372738 -0.12431134722278067 -0.95201707532184243 -0.2756003800983276
0.13780018970782751 -0.36076558087409027 0.74718846537531691 0.54089620130218918
-0.19361946237137387 0.27560038009832799 0.75552502892188378 0.56190556586783846
-0.64707076711129718 -0.12431134722278026 -0.52275941954068006 0.54089620130218963
0.25231131906350396 0.42925765578116271 -0.66055960993117901 -0.56190556586783846
0.9226711472096254 0.12431134722278026 0.3524290173275233 0.094965418990704625
0.42410537616001048 -0.70804231904815751 0.16199383866658945 -0.54089620130218952
-0.6228771181525361 -0.54089620130218918 0.060971551936859429 0.56190556586783857
-0.49341349142846236 -0.12431134722278026 -0.6177248385313846 -0.5995880579943198
0.060971551936859734 0.56190556586783846 0.62287711815253655 0.54089620130218952
-0.39011150945400386 -0.27560038009832816 -0.39475944804779411 0.78487095681912589
-0.19361946237137295 -0.29979402893723089 0.17548268183430921 0.9175188675884729
-0.57539440903555883 -0.59125149444775205 -0.52275941954067928 -0.21462882761969476
-0.6470707671112973 0.52791169916183156 -0.53255963775562187 0.13780019039050095
0.36076558087409005 0.13780019039050073 0.094965418990705153 -0.91751886758847268
0.27560038009832771 0.59125149444775194 0.70804231904815729 0.27044810082501441
0.094965418990704931 -0.91751886758847323 -0.36076558087409044 -0.13780019039050095
-0.12431134722278012 -0.04748270911697744 0.42925765578116343 -0.89332521862971237
-0.42925765578116337 0.53255963775562143 0.70804231904815729 0.17548268183430926
0.094965418990705069 -0.20947654854031539 -0.78487095681912533 -0.57539440903555872
0.20947654854031428 0.66055960993117901 0.64707076711129785 0.31793080959415371
-0.29145746539066314 -0.16199383866658851 -0.19361946237137456 0.92267114720962518
-0.29979402905708741 0.42410537616001054 -0.7932075203656932 -0.31793080959415365
0.95201707532184277 0.16199383866658851 -0.21462882816146661 -0.14613675325439546
0.25695925765729349 -0.25231131906350485 0.13780018970782787 -0.92267114720962518
-0.21462882761969571 -0.92267114720962484 -0.039146146327158876 0.31793080959415371
-0.52791169916183189 -0.16199383866658854 -0.04748270911697916 -0.83235366669285216
-0.039146146327158599 0.31793080959415387 0.21462882761969587 0.92267114720962518
-0.29979402893723095 -0.66055960993117957 -0.59125149444775194 0.35242901732752374
0.69970575625833764 0.33141965276187424 0.61772483853138438 0.13780018970782693
-0.37662266628628349 -0.27044810047717482 0.3947594480477935 0.79320752036569386
0.69970575625833764 -0.29145746539066342 0.39011150945400497 0.52275941954067884
-0.62287711815253766 -0.65222304638461093 0.3947594480477935 0.17548268183430887
-0.37662266628628344 -0.20947654854031511 -0.49341349142846214 0.75552502892188511
-0.29979402905708813 0.75552502892188467 0.25695925765729349 -0.52275941954067873
0.33141965276187396 0.65222304638461082 -0.21462882816146756 0.64707076711129852
0.047482709873726825 -0.29145746539066364 0.79320752036569397 0.53255963775562087
0.25695925765729311 -0.52275941954067917 0.29979402905708818 -0.75552502892188511
-0.27044810047717505 0.57539440903555927 0.74718846537531669 -0.1936194623713739
-0.95201707532184354 -0.20947654854031525 -0.13780018970782754 0.17548268183430904
-0.20947654854031536 0.094965418990705652 -0.57539440903555872 -0.78487095681912478
0.75552502892188478 0.56190556586783813 0.19361946237137351 -0.27560038009832738
0.29145746539066286 -0.36076558087409066 0.65222304638461126 -0.59958805799432013
-0.055819272663546415 -0.59958805799432013 0.14613675325439482 0.78487095681912478
-0.66055960993117901 -0.56190556586783813 -0.2523113190635044 -0.42925765578116393
0.14613675325439518 0.78487095681912522 0.055819272663546471 0.59958805799432013
0.16199383866658842 -0.54089620130218974 -0.42410537616001132 0.70804231904815773
0.42410537616001143 -0.65222304638461093 -0.2523113190635044 -0.57539440903555894
0.35242901732752302 0.75552502892188544 -0.14613675325439499 -0.53255963775562087
0.66055960993117979 0.20947654854031525 0.3179308095941536 0.64707076711129896
0.14613675325439526 0.53255963775562054 0.35242901732752285 0.75552502892188511
0.83235366669285327 -0.5227594195406795 -0.055819272663546471 -0.17548268183430904
0.35242901732752308 0.33141965276187368 0.83235366669285293 -0.2704481004771746
0.25231131906350479 -0.25695925765729416 0.92267114720962673 -0.13780018970782745
0.42925765578116382 -0.3766226662862856 0.36076558087408978 0.73738824770214606
-0.70804231904815751 -0.69970575625833853 0.094965418990706485 0.008336563546566339
0.42925765578116371 -0.25231131906350462 -0.56190556586783935 0.66055960993117768
0.12431134722278099 -0.92267114720962495 0.094965418990706485 -0.35242901732752385
-0.70804231904815751 -0.4241053761600122 -0.5408962013021883 -0.16199383866658928
0.42925765578116382 0.53255963775562154 -0.70804231904815706 0.17548268183430732
0.78487095681912611 -0.57539440903555772 0.094965418990706485 0.20947654854031592
-0.70804231904815751 0.17548268183430771 -0.42925765578116387 -0.53255963775562143
0.59958805799431991 0.65222304638461193 -0.36076558087409011 -0.29145746539066442
0.95201707532184232 0.13780019039049884 -0.27044810047717527 -0.039146146327159716
0.29979402905708846 -0.52791169916183134 0.74718846537531758 0.27044810082501269
0.047482709873726214 -0.91751886758847379 -0.33141965276187269 0.21462882761969515
0.95201707532184221 0.27560038009832682 0.047482709873726214 -0.12431134722278071
0.7932075203656932 -0.094965418990705014 0.21462882816146744 -0.5619055658678398
-0.27044810047717383 0.039146146327159459 -0.95201707532184277 0.13780019039049873
0.7471884653753178 -0.27044810082501342 -0.29979402905708724 -0.52791169916183134
-0.33141965276187302 -0.21462882761969643 -0.047482709873726492 -0.91751886758847323
-0.094965418990706318 -0.91751886758847268 0.36076558087409039 -0.13780019039049884
-0.70804231904815818 0.27044810082501347 0.27560038009832577 -0.59125149444775216
0.36076558087409094 -0.13780019039049901 0.094965418990706069 0.91751886758847323
-0.42925765578116343 -0.89332521862971226 -0.12431134722278044 0.047482709116979605
0.65222304638461004 0.62287711815253766 -0.17548268183430754 -0.39475944804779434
0.5753944090355585 -0.060971551936858312 0.53255963775562054 0.61772483853138549
0.65222304638461004 0.33141965276187269 0.64707076711129941 -0.21462882816146756
-0.29145746539066497 0.047482709873727436 0.53255963775562054 0.7932075203656932
0.5753944090355585 -0.27044810047717394 -0.19361946237137301 0.74718846537531736
-0.49341349142846025 0.12431134722277934 -0.6177248385313856 0.59958805799431947
0.37662266628628505 -0.42925765578116432 -0.73738824770214562 -0.36076558087409133
-0.3901115094540048 0.27560038009832605 -0.39475944804779417 -0.78487095681912544
-0.49341349142846036 0.74718846537531736 -0.39011150945400441 0.21462882816146744
0.62287711815253799 -0.047482709873727436 -0.73738824770214584 0.25695925765729499
-0.39011150945400486 0.21462882816146739 0.4934134914284608 -0.74718846537531747
-0.060971551936858548 0.95201707532184332 -0.0083365635465676713 0.2997940290570878
0.12431134722277991 0.047482709873727436 0.27560038009832605 -0.9520170753218431
-0.54089620130218841 0.74718846537531802 -0.36076558087409111 -0.13780018970782643
0.70804231904815873 0.27044810047717416 -0.59958805799432013 0.25695925765729505
0.36076558087409116 0.1378001897078264 -0.54089620130218807 0.74718846537531736
0.56190556586783913 0.21462882816146767 -0.09496541899070654 -0.79320752036569386
-0.53255963775562032 -0.7932075203656932 -0.29145746539066364 0.047482709873727241
-0.17548268183430865 0.13780018970782679 -0.20947654854031525 -0.95201707532184277
-0.53255963775562021 -0.14613675325439421 -0.755525028921885 -0.35242901732752252
0.64707076711129885 0.31793080959415299 -0.20947654854031525 -0.66055960993117868
-0.17548268183430871 -0.055819272663546804 0.52275941954067862 -0.83235366669285282
0.27044810047717383 -0.8323536666928526 0.33141965276187313 0.35242901732752252
-0.79320752036569342 -0.31793080959415299 0.29979402905708763 -0.42410537616001193
0.33141965276187363 0.35242901732752263 -0.2704481004771741 0.83235366669285293
0.13780018970782676 -0.92267114720962584 -0.25695925765729427 0.25231131906350457
-0.047482709116979049 -0.79320752036569342 -0.59125149444775271 0.13780018970782643
-0.21462882761969648 -0.33141965276187335 -0.91751886758847445 -0.04748270987372738
-0.92267114720962495 0.37662266628628449 -0.055819272663544806 -0.06097155193685827
0.25231131906350307 0.49341349142846169 -0.83235366669285304 -0.00833656354656645
0.31793080959415376 0.69970575625833953 0.14613675325439424 -0.62287711815253566
-0.92267114720962506 0.21462882761969487 0.3179308095941536 0.039146146327160895
-0.16199383866658956 0.52791169916183034 -0.83235366669285304 0.047482709116978494
0.31793080959415376 0.039146146327160694 0.92267114720962551 -0.21462882761969498
-0.6605596099311789 0.29979402893723034 0.35242901732752258 0.5912514944477536
-0.35242901732752246 0.3314196527618723 -0.83235366669285304 -0.27044810047717538
0.31793080959415376 -0.79320752036569264 0.42410537616001176 0.29979402905708896
-0.65222304638461204 -0.62287711815253521 0.17548268183430815 0.39475944804779439
-0.57539440903555761 0.060971551936859394 -0.53255963775562298 -0.61772483853138382
0.89332521862971137 0.0083365635465668664 0.21462882761969471 -0.39475944804779439
-0.047482709116978161 -0.060971551936859394 0.91751886758847379 0.39011150945400286
0.27044810082501308 -0.73738824770214806 0.039146146327160188 0.61772483853138382
0.89332521862971126 -0.29145746539066336 0.27044810082501303 -0.20947654854031683
-0.29979402893723023 -0.19361946237137287 0.91751886758847367 0.17548268183430776
0.27044810082501303 -0.20947654854031686 -0.89332521862971181 0.29145746539066331
0.52791169916183112 -0.64707076711129774 0.13780019039049962 -0.53255963775562309
-0.13780019039049946 -0.36076558087408922 0.91751886758847379 -0.09496541899070543
0.27044810082501319 0.70804231904815729 -0.59125149444775271 -0.27560038009832721
0.5227594195406795 0.21462882761969482 -0.57539440903555739 -0.59125149444775227
0.75552502892188367 0.039146146327159723 0.65222304638461259 0.047482709116978217
-0.70804231904815718 -0.27044810082501319 0.27560038009832716 0.59125149444775227
-0.54089620130218874 -0.039146146327159723 -0.784870956819126 -0.29979402893723028
-0.42925765578116287 0.89332521862971215 -0.12431134722278107 -0.047482709116978161
-0.70804231904815706 -0.17548268183430787 -0.42925765578116276 0.53255963775562187
-0.36076558087409022 0.29145746539066342 -0.59958805799431958 0.65222304638461259
-0.42925765578116393 -0.53255963775562154 0.70804231904815684 -0.17548268183430682
-0.78487095681912611 0.57539440903555727 -0.09496541899070679 -0.20947654854031619
0.70804231904815729 -0.17548268183430721 0.42925765578116393 0.53255963775562176
-0.59958805799431991 -0.65222304638461215 0.36076558087408966 0.29145746539066475
0.83235366669285282 0.0083365635465654508 0.25231131906350374 0.49341349142846108
-0.35242901732752352 -0.73738824770214717 0.42410537616001259 0.39011150945400219
0.83235366669285282 -0.047482709116979605 -0.16199383866659001 0.52791169916182989
-0.055819272663545139 -0.89332521862971181 0.42410537616001259 0.13780019039049812
-0.35242901732752341 -0.5912514944477536 -0.66055960993117802 0.29979402893723023
0.83235366669285282 0.27044810047717494 -0.3524290173275233 0.33141965276187146
0.9226711472096254 0.13780018970782798 -0.25231131906350412 -0.25695925765729594
-0.59958805799432013 0.6177248385313846 0.12431134722278146 -0.49341349142846058
0.36076558087408911 0.73738824770214695 -0.42925765578116443 0.37662266628628505
0.78487095681912544 0.39475944804779572 0.27560038009832699 -0.39011150945400308
-0.59958805799432013 0.055819272663545139 0.784870956819125 -0.14613675325439338
-0.56190556586783935 0.66055960993117813 -0.42925765578116443 0.25231131906350346
0.78487095681912544 -0.14613675325439379 0.59958805799432047 -0.05581927266354525
-0.54089620130218952 -0.16199383866658956 0.70804231904815695 0.42410537616001265
0.69970575625833908 -0.29979402893723089 -0.37662266628628505 0.52791169916182934
-0.0083365635465662002 -0.89332521862971126 0.3947594480477955 -0.21462882761969587
-0.37662266628628494 0.52791169916182978 -0.69970575625833942 0.29979402893723101
0.73738824770214761 -0.27044810082501364 -0.61772483853138482 -0.039146146327161457
0.6177248385313846 -0.66055960993117802 0.39475944804779567 0.16199383866658953
-0.37662266628628499 0.92267114720962529 0.060971551936858284 0.055819272663545361
-0.91751886758847367 -0.39011150945400219 -0.047482709116979105 -0.060971551936858458
-0.13780019039049896 0.49341349142846169 -0.59125149444775382 -0.62287711815253588
-0.91751886758847367 -0.17548268183430671 -0.29979402893723056 -0.19361946237137237
0.21462882761969565 0.52275941954067928 -0.59125149444775382 -0.57539440903555683
-0.13780019039049907 0.53255963775562287 0.52791169916183001 -0.6470707671112983
-0.91751886758847367 0.094965418990706346 -0.1378001903904989 -0.36076558087408861
-0.89332521862971204 0.42925765578116382 0.047482709116979105 0.1243113472227822
0.039146146327161124 0.3179308095941541 -0.21462882761969587 0.92267114720962584
0.59125149444775427 0.35242901732752319 -0.29979402893723095 0.66055960993117913
0.047482709873728518 -0.62287711815253677 -0.25695925765729549 0.73738824770214595
-0.33141965276187202 -0.69970575625833897 -0.13780018970782593 -0.61772483853138527
-0.95201707532184265 0.060971551936857431 -0.2997940290570888 0.0083365635465672827
0.047482709873728574 0.12431134722278124 -0.95201707532184221 0.27560038009832599
0.74718846537531802 -0.54089620130218874 -0.13780018970782593 -0.36076558087408939
-0.95201707532184277 0.27560038009832638 -0.047482709873728407 -0.12431134722278098
0.21462882816146894 0.56190556586783935 -0.79320752036569275 -0.094965418990706707
-0.39475944804779561 -0.17548268183430665 -0.62287711815253655 -0.65222304638461082
0.61772483853138527 0.53255963775562221 0.060971551936857341 -0.5753944090355575
-0.39475944804779556 0.21462882761969687 -0.0083365635465665611 -0.89332521862971037
0.39011150945400336 0.91751886758847367 0.060971551936857341 0.04748270911697966
0.61772483853138516 0.039146146327161527 0.7373882477021465 -0.27044810082501419
-0.39475944804779556 -0.16199383866658854 0.61772483853138493 -0.66055960993117735
-0.69970575625833931 -0.31793080959415343 0.62287711815253699 -0.14613675325439324
-0.62287711815253677 0.54089620130218874 0.060971551936857347 -0.56190556586783935
0.61772483853138516 -0.59958805799432024 -0.49341349142846058 0.124311347222781
0.14613675325439329 -0.78487095681912589 0.055819272663545749 -0.59958805799432058
-0.42410537616001309 -0.70804231904815784 -0.16199383866658934 -0.54089620130218963
0.13780018970782587 0.61772483853138549 -0.33141965276187263 -0.69970575625833797
0.79320752036569309 0.39475944804779473 0.27044810047717383 0.37662266628628482
0.13780018970782584 0.36076558087409055 0.74718846537531736 -0.54089620130218818
-0.25695925765729488 0.59958805799431991 0.27044810047717383 0.70804231904815773
0.79320752036569309 0.094965418990706624 0.21462882816146805 0.56190556586783846
0.13780018970782582 -0.5912514944477526 0.79320752036569253 0.047482709116978772
-0.9520170753218431 0.13780019039050007 0.27044810047717383 -0.039146146327160347
0.7932075203656932 0.047482709116978827 -0.13780018970782595 0.59125149444775249
-0.04748270987372788 -0.91751886758847356 0.33141965276187302 0.21462882761969632
-0.13780018970782731 -0.59125149444775249 -0.79320752036569231 0.047482709116977828
0.27044810047717549 0.039146146327159674 0.9520170753218421 0.13780019039050007
0.2094765485403155 -0.094965418990704403 0.57539440903555794 0.78487095681912489
-0.75552502892188378 -0.56190556586783846 -0.19361946237137387 0.27560038009832799
-0.29145746539066208 0.36076558087409022 -0.65222304638461193 0.59958805799431936
0.055819272663545583 0.59958805799431902 -0.14613675325439535 -0.784870956819125
0.66055960993117901 0.56190556586783846 0.25231131906350396 0.42925765578116271
-0.14613675325439568 -0.78487095681912522 -0.055819272663545638 -0.59958805799431936
-0.16199383866658945 0.54089620130218952 0.42410537616001048 -0.70804231904815751
0.20947654854031619 -0.27044810082501425 -0.29145746539066231 0.89332521862971115
-0.17548268183430921 -0.9175188675884729 -0.19361946237137295 -0.29979402893723089
-0.2914574653906622 0.89332521862971159 -0.209476548540316 0.2704481008250143
0.53255963775562187 -0.13780019039050095 -0.6470707671112973 0.52791169916183156
-0.094965418990705153 0.91751886758847268 0.36076558087409005 0.13780019039050073
-0.27560038009832782 -0.59125149444775149 -0.70804231904815706 -0.2704481008250143
0.53255963775561987 0.14613675325439529 0.755525028921884 0.35242901732752319
-0.64707076711129785 -0.31793080959415371 0.20947654854031428 0.66055960993117901
0.17548268183430887 0.055819272663546637 -0.5227594195406795 0.8323536666928516
-0.27044810047717449 0.83235366669285127 -0.33141965276187352 -0.35242901732752319
0.7932075203656932 0.31793080959415365 -0.29979402905708741 0.42410537616001054
-0.33141965276187402 -0.35242901732752335 0.27044810047717466 -0.8323536666928516
-0.13780018970782787 0.92267114720962518 0.25695925765729349 -0.25231131906350485
0.73738824770214606 -0.25695925765729288 0.62287711815253699 -0.04748270987372738
-0.61772483853138438 -0.13780018970782693 0.69970575625833764 0.33141965276187424
0.0083365635465688925 -0.29979402905708841 -0.060971551936859734 0.95201707532184221
0.73738824770214606 -0.64707076711129785 0.0083365635465687815 0.1936194623713734
-0.39011150945400497 -0.52275941954067884 0.69970575625833764 -0.29145746539066342
0.0083365635465690591 0.19361946237137365 -0.7373882477021465 0.64707076711129796
0.49341349142846214 -0.75552502892188511 -0.37662266628628344 -0.20947654854031511
-0.25695925765729349 0.52275941954067873 -0.29979402905708813 0.75552502892188467
0.21462882816146756 -0.64707076711129852 0.33141965276187396 0.65222304638461082
-0.79320752036569397 -0.53255963775562087 0.047482709873726825 -0.29145746539066364
-0.33141965276187418 -0.65222304638461059 0.21462882816146728 -0.64707076711129785
-0.74718846537531669 0.1936194623713739 -0.27044810047717505 0.57539440903555927
-0.53255963775562065 0.42925765578116343 -0.17548268183430898 -0.70804231904815651
0.57539440903555872 0.78487095681912478 -0.20947654854031536 0.094965418990705652
-0.17548268183430926 -0.70804231904815706 0.53255963775562065 -0.42925765578116359
-0.65222304638461126 0.59958805799432013 0.29145746539066286 -0.36076558087409066
0.2523113190635044 0.57539440903555894 0.42410537616001143 -0.65222304638461093
0.055819272663546471 0.17548268183430904 0.83235366669285327 -0.5227594195406795
0.59958805799431913 -0.61772483853138527 -0.12431134722278092 0.49341349142846019
-0.36076558087408978 -0.73738824770214606 0.42925765578116382 -0.3766226662862856
-0.78487095681912544 -0.39475944804779456 -0.27560038009832605 0.3901115094540033
0.59958805799431913 -0.055819272663546027 -0.78487095681912533 0.14613675325439332
0.56190556586783935 -0.66055960993117768 0.42925765578116371 -0.25231131906350462
-0.78487095681912544 0.14613675325439374 -0.59958805799431936 0.055819272663546138
0.5408962013021883 0.16199383866658928 -0.70804231904815751 -0.4241053761600122
0.79320752036569198 -0.047482709116978772 -0.13780018970782779 -0.59125149444775227
0.33141965276187269 -0.21462882761969515 0.047482709873726214 -0.91751886758847379
-0.1378001897078267 0.59125149444775171 -0.79320752036569231 -0.047482709116979716
0.95201707532184277 -0.13780019039049873 -0.27044810047717383 0.039146146327159459
-0.79320752036569275 -0.047482709116979549 0.1378001897078269 -0.5912514944477516
0.047482709873726492 0.91751886758847323 -0.33141965276187302 -0.21462882761969643
0.52275941954067762 0.39011150945400475 0.29145746539066464 -0.69970575625833753
0.17548268183430754 0.39475944804779434 0.65222304638461004 0.62287711815253766
0.755525028921885 -0.49341349142846053 0.20947654854031542 0.37662266628628405
0.52275941954067773 -0.25695925765729472 0.75552502892188467 -0.29979402905708735
-0.64707076711129941 0.21462882816146756 0.65222304638461004 0.33141965276187269
0.75552502892188511 -0.29979402905708752 -0.52275941954067806 0.25695925765729444
0.19361946237137301 -0.74718846537531736 0.5753944090355585 -0.27044810047717394
-0.060971551936858159 0.56190556586783758 -0.62287711815253743 0.54089620130218774
0.39475944804779417 0.78487095681912544 -0.3901115094540048 0.27560038009832605
0.39011150945400441 -0.21462882816146744 -0.49341349142846036 0.74718846537531736
-0.62287711815253788 0.047482709873727352 0.73738824770214551 -0.25695925765729449
-0.27560038009832605 0.9520170753218431 0.12431134722277991 0.047482709873727436
0.09496541899070654 0.79320752036569386 0.56190556586783913 0.21462882816146767
-0.65222304638460982 -0.33141965276187346 -0.6470707671112983 0.2146288281614675
0.29145746539066364 -0.047482709873727241 -0.53255963775562032 -0.7932075203656932
-0.57539440903555872 0.27044810047717421 0.19361946237137329 -0.74718846537531625
-0.65222304638460971 0.42410537616001154 -0.57539440903555839 -0.25231131906350407
0.755525028921885 0.35242901732752252 -0.53255963775562021 -0.14613675325439421
-0.57539440903555883 -0.25231131906350435 0.65222304638461015 -0.42410537616001143
-0.52275941954067862 0.83235366669285282 -0.17548268183430871 -0.055819272663546804
-0.6605596099311779 0.6177248385313836 0.16199383866658945 0.39475944804779517
0.055819272663544806 0.06097155193685827 -0.92267114720962495 0.37662266628628449
0.16199383866658937 0.39475944804779511 0.66055960993117846 -0.61772483853138382
-0.14613675325439424 0.62287711815253566 0.31793080959415376 0.69970575625833953
-0.3179308095941536 -0.039146146327160895 -0.92267114720962506 0.21462882761969487
0.16199383866658934 -0.52791169916183023 0.8323536666928526 -0.047482709116978383
-0.5227594195406785 -0.3901115094540023 -0.29145746539066297 0.69970575625833875
-0.17548268183430815 -0.39475944804779439 -0.65222304638461204 -0.62287711815253521
-0.75552502892188333 0.49341349142846236 -0.20947654854031733 -0.37662266628628394
0.52791169916183012 -0.37662266628628394 0.29979402893722989 -0.69970575625833875
-0.21462882761969471 0.39475944804779439 0.89332521862971137 0.0083365635465668664
0.29979402893722989 -0.69970575625833886 -0.52791169916183078 0.37662266628628394
-0.039146146327160188 -0.61772483853138382 0.27044810082501308 -0.73738824770214806
-0.27044810082501303 0.20947654854031683 0.89332521862971126 -0.29145746539066336
0.29979402893722995 0.19361946237137295 -0.91751886758847334 -0.17548268183430793
0.19361946237137295 0.29979402893723006 -0.17548268183430799 -0.91751886758847268
0.57539440903555739 0.59125149444775227 0.5227594195406795 0.21462882761969482
0.64707076711129707 -0.52791169916183101 0.53255963775562221 -0.13780019039049957
-0.3607655808740895 -0.13780019039049968 -0.094965418990705069 0.91751886758847268
0.12431134722278107 0.047482709116978161 -0.42925765578116287 0.89332521862971215
0.92267114720962418 -0.37662266628628555 0.055819272663545028 0.060971551936858173
-0.25231131906350374 -0.49341349142846108 0.83235366669285282 0.0083365635465654508
-0.31793080959415454 -0.69970575625833886 -0.1461367532543934 0.62287711815253566
0.92267114720962418 -0.21462882761969548 -0.31793080959415448 -0.03914614632716127
0.66055960993117802 -0.29979402893723023 -0.35242901732752341 -0.5912514944477536
-0.54089620130218863 0.62287711815253566 0.56190556586783891 -0.060971551936857396
-0.12431134722278146 0.49341349142846058 -0.59958805799432013 0.6177248385313846
0.56190556586783902 -0.060971551936857687 0.54089620130218907 -0.6228771181525361
-0.27560038009832699 0.39011150945400308 0.78487095681912544 0.39475944804779572
0.37662266628628505 -0.52791169916182934 0.69970575625833908 -0.29979402893723089
0.00833656354656645 0.89332521862971104 -0.39475944804779517 0.21462882761969565
-0.8933252186297107 -0.0083365635465658672 -0.21462882761969543 0.39475944804779489
0.047482709116979105 0.060971551936858458 -0.91751886758847367 -0.39011150945400219
-0.27044810082501297 0.73738824770214695 -0.039146146327161138 -0.61772483853138438
-0.8933252186297107 0.29145746539066442 -0.27044810082501286 0.20947654854031714
-0.52791169916183001 0.6470707671112983 -0.13780019039049907 0.53255963775562287
0.21462882816146878 -0.39011150945400347 -0.74718846537531736 0.49341349142845975
0.25695925765729549 -0.73738824770214595 0.047482709873728518 -0.62287711815253677
-0.74718846537531736 0.49341349142846014 -0.21462882816146878 0.39011150945400386
0.2997940290570888 -0.0083365635465672827 -0.95201707532184265 0.060971551936857431
0.95201707532184221 -0.27560038009832599 0.047482709873728574 0.12431134722278124
-0.74718846537531758 0.54089620130218852 0.13780018970782598 0.36076558087408961
-0.69970575625833864 0.29145746539066525 -0.39011150945400302 -0.52275941954067717
0.62287711815253655 0.65222304638461082 -0.39475944804779561 -0.17548268183430665
0.37662266628628488 0.20947654854031722 0.49341349142846019 -0.75552502892188445
-0.69970575625833842 0.29979402893723178 0.37662266628628488 -0.52791169916182867
-0.7373882477021465 0.27044810082501419 0.61772483853138516 0.039146146327161527
-0.047482709873727991 0.62287711815253743 0.25695925765729472 -0.73738824770214517
0.33141965276187263 0.69970575625833797 0.13780018970782587 0.61772483853138549
0.95201707532184254 -0.060971551936858014 0.29979402905708774 -0.0083365635465677823
-0.047482709873728018 -0.12431134722277992 0.95201707532184199 -0.27560038009832577
-0.21462882816146805 -0.56190556586783846 0.79320752036569309 0.094965418990706624
0.53255963775562121 -0.42925765578116215 0.17548268183430898 0.7080423190481564
-0.57539440903555794 -0.78487095681912489 0.2094765485403155 -0.094965418990704403
0.17548268183430926 0.70804231904815684 -0.53255963775562121 0.42925765578116226
0.65222304638461193 -0.59958805799431936 -0.29145746539066208 0.36076558087409022
0.29145746539066231 -0.89332521862971115 0.20947654854031619 -0.27044810082501425
0.17548268183430937 0.91751886758847223 0.19361946237137309 0.29979402893723073
0.65222304638461026 -0.42410537616001004 0.57539440903555783 0.25231131906350446
-0.755525028921884 -0.35242901732752319 0.53255963775561987 0.14613675325439529
0.57539440903555816 0.25231131906350462 -0.65222304638461059 0.42410537616000998
0.5227594195406795 -0.8323536666928516 0.17548268183430887 0.055819272663546637
0.49341349142846114 -0.74718846537531525 0.39011150945400469 -0.21462882816146789
0.060971551936859734 -0.95201707532184221 0.0083365635465688925 -0.29979402905708841
-0.0083365635465687815 -0.1936194623713734 0.73738824770214606 -0.64707076711129785
0.39011150945400508 0.52275941954067862 -0.69970575625833731 0.29145746539066286
0.29979402905708813 -0.75552502892188467 -0.25695925765729349 0.52275941954067873
0.27044810047717505 -0.57539440903555927 -0.74718846537531669 0.1936194623713739
0.54089620130218741 -0.62287711815253621 -0.56190556586783869 0.060971551936857882
0.12431134722278092 -0.49341349142846019 0.59958805799431913 -0.61772483853138527
-0.5619055658678388 0.060971551936858229 -0.54089620130218785 0.62287711815253655
0.27560038009832605 -0.3901115094540033 -0.78487095681912544 -0.39475944804779456
0.19361946237137251 0.0083365635465681709 0.64707076711129874 -0.73738824770214484
-0.29145746539066464 0.69970575625833753 0.52275941954067762 0.39011150945400475
0.64707076711129874 -0.73738824770214528 -0.19361946237137273 -0.0083365635465683652
-0.20947654854031542 -0.37662266628628405 0.755525028921885 -0.49341349142846053
-0.75552502892188467 0.29979402905708735 0.52275941954067773 -0.25695925765729472
0.64707076711129874 -0.21462882816146728 -0.65222304638460971 -0.33141965276187291
-0.52275941954067762 0.25695925765729344 -0.75552502892188422 0.29979402905708763
-0.19361946237137329 0.74718846537531625 -0.57539440903555872 0.27044810047717421
-0.16199383866658945 -0.39475944804779517 -0.6605596099311779 0.6177248385313836
-0.055819272663544917 -0.060971551936858437 0.92267114720962462 -0.37662266628628416
-0.19361946237137184 -0.0083365635465668386 -0.64707076711129652 0.73738824770214695
0.29145746539066297 -0.69970575625833875 -0.5227594195406785 -0.3901115094540023
-0.64707076711129674 0.73738824770214717 0.19361946237137212 0.0083365635465669496
0.20947654854031733 0.37662266628628394 -0.75552502892188333 0.49341349142846236
-0.29979402893722989 0.69970575625833875 0.52791169916183012 -0.37662266628628394
0.21462882761969448 -0.39475944804779395 -0.89332521862971115 -0.0083365635465669496
-0.20947654854031625 0.27044810082501286 0.29145746539066286 -0.8933252186297107
-0.53255963775562221 0.13780019039049957 0.64707076711129707 -0.52791169916183101
0.66055960993117691 -0.61772483853138427 -0.16199383866658987 -0.39475944804779478
0.1461367532543934 -0.62287711815253566 -0.31793080959415454 -0.69970575625833886
-0.52791169916182912 0.37662266628628488 -0.29979402893723017 0.69970575625833853
0.039146146327161138 0.61772483853138438 -0.27044810082501297 0.73738824770214695
0.74718846537531736 -0.49341349142845975 0.21462882816146878 -0.39011150945400347
-0.25695925765729505 0.73738824770214573 -0.047482709873728379 0.62287711815253655
-0.73738824770214551 0.64707076711129874 -0.0083365635465665333 -0.19361946237137106
-0.49341349142846019 0.75552502892188445 0.37662266628628488 0.20947654854031722
-0.21462882816146767 0.39011150945400419 0.74718846537531669 -0.49341349142845969
-0.29979402905708774 0.0083365635465677823 0.95201707532184254 -0.060971551936858014
3 493 255 352
3 255 604 352
3 88 1024 250
3 789 88 250
3 493 352 789
3 493 250 789
4 352 789 88 604
4 1024 255 493 250
3 604 88 1024
3 604 255 1024
3 734 604 713
3 748 384 1159
3 713 255 604
3 1159 284 384
3 1159 255 748
3 713 284 734
4 713 284 1159 255
3 734 384 284
3 748 604 255
4 748 604 734 384
3 173 226 1086
3 168 186 1156
3 370 168 1156
3 986 173 226
3 186 168 1086
4 168 1086 226 370
3 370 226 986
3 370 1156 986
4 173 186 1156 986
3 186 173 1086
3 213 925 1099
3 968 399 1196
3 1196 375 968
3 780 213 925
4 375 925 1099 1196
3 925 375 780
3 399 1196 1099
3 375 968 780
3 399 213 1099
4 213 399 968 780
3 863 124 788
3 785 541 432
3 788 33 124
3 801 432 541
4 785 788 33 541
3 801 124 33
3 788 785 863
4 432 863 124 801
3 785 432 863
3 541 33 801
3 413 616 735
3 277 1013 748
3 1159 277 748
3 413 93 735
3 748 616 1159
3 277 93 1013
4 93 277 1159 413
4 735 1013 748 616
3 1013 735 93
3 616 413 1159
3 1123 355 1077
3 355 1077 666
3 94 588 1085
3 94 29 1085
4 94 1123 355 29
3 355 29 666
3 588 94 1123
4 1085 666 1077 588
3 29 1085 666
3 1077 588 1123
3 1071 186 1162
3 95 688 1086
3 1129 95 688
3 1162 199 1071
3 1129 1071 199
3 186 95 1086
4 95 186 1071 1129
3 688 199 1129
3 186 1162 1086
4 199 688 1086 1162
3 300 813 957
3 1162 168 186
3 843 300 957
3 813 300 1071
3 843 186 168
4 300 1071 186 843
3 1162 813 1071
3 957 168 843
4 1162 813 957 168
3 1009 324 401
3 591 316 1188
3 324 401 1095
3 1188 9 316
3 324 9 1095
3 1095 316 9
4 591 401 1095 316
3 591 1188 1009
4 9 324 1009 1188
3 591 401 1009
3 788 502 863
3 825 401 1009
3 124 788 324
3 401 124 324
4 124 401 825 863
3 502 863 825
3 1009 502 825
4 502 1009 324 788
3 1148 68 582
3 582 457 1148
3 65 766 507
3 872 65 766
3 766 457 872
4 1148 872 65 68
3 68 65 507
3 68 582 507
4 457 766 507 582
3 457 1148 872
3 1045 128 389
3 732 389 1045
3 964 213 1099
4 1045 925 1099 128
3 732 1045 925
3 1099 128 964
3 964 389 128
4 964 389 732 213
3 732 213 925
3 819 73 760
3 761 357 822
3 822 716 761
3 73 760 510
4 822 819 73 716
3 510 73 716
3 357 822 819
3 760 357 819
4 357 760 510 761
3 761 510 716
3 464 248 564
3 464 564 762
3 528 96 929
3 96 929 911
4 528 564 762 96
3 248 564 528
3 762 464 911
3 762 96 911
3 929 248 528
4 464 911 929 248
3 248 564 312
3 938 53 793
3 53 902 793
3 464 53 902
3 312 248 938
4 938 248 464 53
3 793 312 938
3 902 564 464
4 564 902 793 312
3 203 970 949
3 431 359 540
3 359 540 972
3 235 203 949
4 235 540 972 203
3 235 949 431
4 431 949 970 359
3 540 235 431
3 970 203 972
3 970 359 972
3 869 413 616
3 246 70 742
3 970 616 869
3 70 972 742
3 970 70 972
3 616 246 413
4 246 616 970 70
3 246 742 413
3 970 869 972
4 413 742 972 869
3 646 235 844
3 1030 280 750
3 750 217 1030
3 235 844 949
4 235 280 1030 646
3 217 1030 646
3 844 217 646
4 750 949 844 217
3 280 235 949
3 949 750 280
3 698 217 1069
3 198 208 548
3 619 198 548
3 217 1030 1069
3 619 217 1030
3 619 548 1030
3 1069 208 698
4 548 1030 1069 208
4 619 217 698 198
3 208 198 698
3 182 476 753
3 624 182 753
3 931 473 963
3 963 101 931
3 753 473 624
4 931 476 753 473
3 101 931 476
3 182 101 476
4 101 182 624 963
3 473 963 624
3 1153 144 518
3 518 216 1153
3 616 216 869
4 518 735 616 216
3 735 518 144
3 413 144 735
3 216 1153 869
4 144 413 869 1153
3 475 216 892
3 776 96 911
3 216 1153 892
3 911 400 776
3 96 911 475
4 216 400 911 475
3 892 96 475
4 776 1153 892 96
3 1153 776 400
3 400 216 1153
3 892 280 475
3 869 203 970
3 216 892 869
3 949 475 280
4 970 216 475 949
3 280 203 949
4 203 280 892 869
3 970 216 869
3 723 713 734
3 1024 417 943
3 943 76 417
3 723 417 76
3 734 76 723
4 713 1024 417 723
3 1024 713 604
3 943 604 1024
4 76 734 604 943
3 731 352 493
3 479 277 1013
3 748 352 255
4 731 1013 748 352
3 493 479 731
3 479 1013 731
4 255 277 479 493
3 277 255 748
3 985 35 824
3 35 824 916
3 893 86 1089
3 1089 468 893
4 35 86 893 985
3 985 893 468
3 86 35 916
3 86 1089 916
4 468 824 916 1089
3 824 468 985
3 569 153 583
3 153 583 955
3 1121 332 1151
3 1151 25 1121
3 25 1121 955
4 332 583 955 1121
3 583 332 569
3 332 1151 569
4 25 153 569 1151
3 153 25 955
3 1147 6 581
3 6 581 784
3 942 539 818
3 818 304 942
3 304 6 784
3 581 539 1147
3 1147 818 539
4 6 304 818 1147
4 539 581 784 942
3 304 942 784
3 705 473 551
3 551 214 705
3 139 624 1072
3 700 139 1072
3 624 551 473
4 551 624 1072 214
3 1072 214 700
3 214 705 700
3 473 139 624
4 139 473 705 700
3 462 885 584
3 715 437 746
3 786 462 885
3 746 193 437
4 437 584 885 715
3 786 746 715
4 193 462 786 746
3 584 437 193
3 885 715 786
3 462 193 584
3 1127 143 575
3 374 530 1172
3 1144 374 530
3 575 16 1127
3 374 143 1172
4 143 374 1144 1127
3 1144 1127 16
4 16 530 1172 575
3 1172 575 143
3 530 16 1144
3 783 393 881
3 393 798 881
3 432 159 785
4 785 783 393 541
3 159 785 783
3 881 159 783
3 541 393 798
4 432 798 881 159
3 541 432 798
3 1194 300 813
3 1190 176 1004
3 1004 75 1190
3 300 75 957
4 1194 1004 75 300
3 813 176 1194
3 1194 1004 176
3 75 1190 957
4 176 813 957 1190
3 173 95 1086
3 62 808 314
3 1063 62 314
3 226 173 1063
3 95 1086 808
4 808 1086 226 314
3 314 226 1063
3 95 62 808
4 62 95 173 1063
3 1023 52 358
3 1105 358 1023
3 52 358 173
3 1023 688 1105
3 688 95 1105
4 173 358 1105 95
3 1086 52 173
4 1023 688 1086 52
3 760 460 819
3 68 582 508
3 582 460 1148
4 819 1148 68 73
3 73 68 508
3 1148 819 460
4 460 582 508 760
3 73 760 508
3 47 615 1194
3 888 161 744
3 744 176 888
3 954 47 615
3 954 744 161
3 615 161 954
3 1194 888 176
4 161 615 1194 888
3 176 47 1194
4 744 954 47 176
3 427 130 903
3 406 45 878
3 903 135 427
3 45 878 980
3 878 130 406
3 135 45 980
4 45 135 903 406
4 427 980 878 130
3 980 427 135
3 130 903 406
3 951 135 295
3 1149 301 580
3 135 427 295
3 685 580 1149
3 1149 427 685
4 1149 427 295 301
3 301 295 951
3 951 580 301
4 580 951 135 685
3 427 135 685
3 598 899 912
3 195 41 771
3 195 335 771
3 1143 598 899
4 899 41 195 912
3 899 41 1143
3 335 195 912
3 1143 771 41
4 335 598 1143 771
3 598 335 912
3 727 462 584
3 598 414 912
4 885 912 899 584
3 727 584 899
3 414 912 885
3 462 414 885
4 414 462 727 598
3 727 598 899
3 1196 17 399
3 26 940 997
3 433 26 997
3 1196 940 968
4 1196 940 997 17
3 997 17 433
3 940 26 968
3 433 399 17
4 433 399 968 26
3 646 376 263
3 1069 334 698
3 1106 263 376
3 263 217 646
3 217 1069 646
4 217 263 1106 698
3 1106 698 334
4 334 376 646 1069
3 376 334 1106
3 844 263 646
3 74 1122 511
3 431 74 511
4 235 511 1122 646
3 1122 646 263
3 511 235 431
3 263 74 1122
4 74 263 844 431
3 235 844 431
3 656 28 310
3 461 310 656
3 458 1000 883
3 740 458 883
3 1000 656 461
4 656 1000 883 28
3 740 310 28
3 461 458 1000
4 461 458 740 310
3 883 28 740
3 28 1180 310
3 870 117 847
3 847 449 870
3 117 847 656
3 310 117 656
4 117 310 1180 870
4 28 449 847 656
3 449 28 1180
3 1180 870 449
3 27 1103 309
3 532 353 586
3 532 864 586
3 1021 27 1103
3 532 309 864
3 1103 353 1021
4 309 532 353 1103
3 1021 586 353
3 309 27 864
4 586 1021 27 864
3 442 285 835
3 852 215 857
3 215 857 1092
3 285 307 835
3 307 285 1092
4 442 857 1092 285
3 307 215 1092
3 857 442 852
4 215 307 835 852
3 852 835 442
3 111 245 1198
3 815 111 1198
3 522 371 1189
3 371 772 1189
3 772 371 815
4 815 371 522 111
3 1198 772 815
4 1198 772 1189 245
3 1189 245 522
3 245 111 522
3 1109 264 497
3 575 631 143
3 497 20 1109
3 20 1109 631
4 264 575 631 1109
3 575 264 1127
3 143 20 631
4 1127 497 20 143
3 1127 497 264
3 813 47 1194
3 264 649 497
3 1109 813 300
4 47 264 1109 813
3 264 47 649
3 497 300 1109
4 649 1194 300 497
3 47 1194 649
3 879 143 631
3 79 112 1083
3 206 79 1083
3 631 112 879
4 575 1083 112 631
3 206 1083 575
3 112 79 879
3 206 143 575
4 206 143 879 79
3 1164 170 225
3 170 225 1172
3 631 43 879
3 225 43 1164
3 1172 631 143
4 1172 631 43 225
3 1164 879 43
3 170 143 1172
4 143 170 1164 879
3 559 307 488
3 875 149 452
3 452 392 875
3 488 285 307
3 392 307 285
3 488 149 559
4 307 392 452 559
3 559 452 149
3 875 285 392
4 149 488 285 875
3 83 632 1050
3 403 83 632
3 632 277 403
4 277 632 1050 1159
3 384 1159 1050
3 384 83 1050
3 277 748 403
4 83 384 748 403
3 58 221 1186
3 254 606 559
3 149 58 1186
3 1048 254 606
3 606 221 1048
4 221 606 559 1186
4 149 254 1048 58
3 149 1186 559
3 254 149 559
3 221 58 1048
3 1032 6 784
3 784 394 1032
3 133 391 1133
3 647 133 391
3 1133 784 6
4 391 394 784 1133
3 394 391 647
3 133 6 1133
4 6 133 647 1032
3 394 1032 647
3 581 223 1147
3 64 676 1133
3 871 64 676
3 64 6 1133
3 676 223 871
3 223 1147 871
4 6 64 871 1147
4 581 1133 676 223
3 1133 581 6
3 1081 759 828
3 828 116 1081
3 460 887 819
4 887 1081 759 819
3 116 1081 887
3 460 116 887
4 116 460 760 828
3 819 759 760
3 759 828 760
3 887 27 309
3 457 882 1148
3 460 309 887
3 457 308 882
4 27 882 1148 887
3 882 27 308
3 1148 887 460
3 460 457 1148
4 460 457 308 309
3 27 309 308
3 773 85 923
3 85 114 923
3 24 578 308
3 882 24 308
3 308 114 882
3 114 85 882
4 578 923 114 308
3 923 578 773
3 578 24 773
4 85 882 24 773
3 683 536 1167
3 1167 495 536
3 793 534 938
3 938 415 534
3 1167 415 683
4 793 536 683 534
4 938 495 1167 415
3 793 536 495
3 938 495 793
3 683 534 415
3 627 38 1161
3 1161 140 627
3 1162 1161 38
3 168 140 1156
4 1162 1161 140 168
3 1156 627 140
4 38 186 1156 627
3 186 38 1162
3 1017 222 1001
3 671 1037 590
3 590 315 1037
3 1001 1034 222
4 590 1017 222 315
3 671 590 1017
3 315 222 1034
3 315 1037 1034
3 1001 671 1017
4 1034 1037 671 1001
3 1059 297 675
3 297 675 782
3 1001 302 1017
4 222 675 782 1017
3 302 1017 782
3 302 297 782
3 675 222 1059
4 1001 1059 297 302
3 1059 1001 222
3 583 395 569
3 296 952 453
3 873 296 453
3 453 395 873
4 395 453 952 583
3 952 583 153
3 873 569 395
4 153 296 873 569
3 296 153 952
3 569 653 395
3 372 623 984
3 410 372 623
3 653 623 410
3 583 569 984
4 653 623 984 569
3 410 395 653
4 410 395 583 372
3 583 372 984
3 246 332 742
3 739 395 653
3 653 70 739
3 332 246 569
4 246 569 653 70
3 395 332 569
4 742 739 395 332
3 70 742 739
3 207 1095 909
3 324 207 1095
3 728 33 1078
3 33 124 1078
3 1095 124 324
3 728 207 909
4 728 207 324 33
3 124 33 324
3 728 1078 909
4 909 1078 124 1095
3 1145 207 909
3 909 227 1145
3 106 978 1064
3 1014 106 978
3 227 1145 1064
3 227 106 1064
4 106 227 909 1014
4 1064 1145 207 978
3 978 207 1014
3 1014 909 207
3 473 963 551
3 63 947 563
3 252 63 563
4 963 563 947 551
3 705 551 947
3 963 563 252
3 705 63 947
3 473 252 963
4 252 473 705 63
3 895 182 476
3 654 298 993
3 993 90 298
3 895 298 90
3 654 993 753
3 654 182 753
4 895 298 654 182
4 90 476 753 993
3 476 90 895
3 498 261 991
3 261 607 991
3 352 255 498
3 991 352 498
4 604 607 991 352
3 607 261 713
4 713 261 498 255
3 607 604 713
3 504 219 1047
3 504 1047 721
3 502 907 863
3 721 504 788
3 863 721 788
4 907 1047 721 863
3 502 219 907
4 219 502 788 504
3 219 1047 907
3 881 302 783
3 132 390 782
3 1058 132 390
4 783 782 390 393
3 1058 881 393
4 132 302 881 1058
3 302 132 782
3 302 783 782
3 393 390 1058
3 280 750 475
3 498 678 991
3 678 498 892
3 261 991 750
4 475 678 991 750
3 678 475 892
3 280 261 750
4 261 280 892 498
3 385 1043 480
3 385 344 480
3 844 646 1043
4 1043 646 376 480
3 344 263 376
4 385 844 263 344
3 844 385 1043
3 344 480 376
3 570 74 1122
3 862 464 762
4 1122 564 762 511
3 1122 564 570
3 762 511 862
3 564 464 570
4 74 862 464 570
3 511 74 862
3 865 248 312
3 461 570 656
3 564 248 570
4 248 570 656 865
3 865 656 310
3 312 310 865
3 564 461 570
4 310 312 564 461
3 1122 461 570
3 69 812 509
3 1000 69 812
3 812 461 1000
4 1122 509 812 461
3 74 1122 509
3 1000 570 461
4 69 74 570 1000
3 74 69 509
3 527 622 1093
3 753 139 624
3 777 527 622
3 1093 753 182
3 527 182 1093
4 182 527 777 624
3 622 139 777
4 139 622 1093 753
3 777 624 139
3 840 334 965
3 334 698 965
3 527 208 1093
3 208 1093 698
3 334 208 698
4 840 527 208 334
3 965 622 840
4 1093 698 965 622
3 622 527 840
3 1093 198 208
3 593 476 895
3 895 548 593
3 208 182 1093
4 182 208 548 895
3 1093 476 182
3 548 198 593
4 198 593 476 1093
3 1053 93 967
3 93 967 735
3 811 105 1068
3 1068 144 811
3 967 105 1053
4 811 735 967 105
3 144 93 735
3 105 1068 1053
4 1068 1053 93 144
3 144 811 735
3 384 187 284
3 1159 869 616
3 187 284 203
4 203 284 1159 869
3 970 187 203
3 616 384 1159
4 384 616 970 187
3 943 88 1024
3 380 174 1176
3 380 689 1176
3 174 88 250
4 88 174 380 943
3 174 1176 250
4 1024 689 1176 250
3 689 380 943
3 1024 689 943
3 752 106 1064
3 1064 81 752
3 17 399 1184
3 1196 1064 106
4 17 81 1064 1196
3 399 106 1196
4 1184 752 106 399
3 1184 752 81
3 81 17 1184
3 967 398 1053
3 212 1098 479
3 1013 212 479
3 1013 967 93
3 479 93 1013
3 1098 1053 398
4 93 479 1098 1053
4 212 398 967 1013
3 398 212 1098
3 1188 545 591
3 223 1035 1147
3 1147 545 581
3 316 223 1035
4 223 316 591 581
3 316 1188 1035
4 1035 1188 545 1147
3 545 591 581
3 23 815 995
3 772 9 922
3 1035 23 995
3 922 316 9
3 772 23 815
3 772 922 815
4 922 815 995 316
4 772 23 1035 9
3 316 9 1035
3 995 316 1035
3 516 355 666
3 741 80 661
3 80 1140 661
3 666 486 516
3 355 80 1140
3 1140 666 355
4 486 661 1140 666
4 516 741 80 355
3 741 516 486
3 661 486 741
3 670 1051 692
3 1036 670 692
3 549 2 706
3 706 242 549
3 670 2 1051
3 1051 706 2
4 549 1036 670 2
3 1036 549 242
4 1051 706 242 692
3 692 242 1036
3 1102 331 1020
3 374 170 1172
3 331 1020 1066
3 331 170 1066
4 1102 374 170 331
3 530 374 1102
4 530 1020 1066 1172
3 170 1172 1066
3 1020 530 1102
3 1198 23 815
3 1020 1 1102
3 815 331 1198
4 331 815 995 1102
3 23 1 995
3 1 1102 995
3 1198 1020 331
4 1 23 1198 1020
3 362 104 669
3 669 333 362
3 828 645 759
4 759 104 362 1081
3 1081 362 333
3 759 104 645
3 828 333 1081
4 669 645 828 333
3 104 669 645
3 116 846 1081
3 425 116 846
3 629 108 839
3 839 333 629
3 333 116 1081
3 108 839 425
4 116 333 839 425
3 846 108 425
4 629 1081 846 108
3 1081 629 333
3 707 275 550
3 590 282 671
3 550 39 707
3 590 275 1037
3 39 707 282
4 707 282 590 275
3 1037 550 275
3 671 39 282
4 671 39 550 1037
3 630 4 428
3 1167 19 683
3 1168 428 4
4 4 536 683 630
3 1168 1167 536
3 536 4 1168
3 19 683 630
3 428 19 630
4 19 428 1168 1167
3 545 543 702
3 545 591 702
3 97 825 930
3 1009 97 825
3 825 591 1009
3 591 545 1009
4 97 543 545 1009
3 543 97 930
3 930 702 543
4 825 591 702 930
3 702 521 543
3 545 702 581
4 581 702 521 784
3 545 6 581
4 543 1032 6 545
3 1032 543 521
3 784 521 1032
3 975 354 686
3 865 686 975
3 799 28 1180
3 799 686 354
3 975 310 865
4 799 686 865 28
4 1180 354 975 310
3 310 28 865
3 1180 354 799
3 199 1071 1117
3 412 199 1117
3 813 199 1071
4 47 412 199 813
3 412 47 615
3 412 1117 615
3 813 1194 1071
4 1194 1071 1117 615
3 779 12 703
3 673 603 1055
3 1055 201 673
3 12 482 703
4 12 603 673 779
3 1055 482 603
4 1055 482 703 201
3 779 673 201
3 482 12 603
3 703 201 779
3 429 153 955
3 955 224 429
3 259 609 952
3 650 259 609
3 609 224 650
4 224 609 952 955
3 650 429 224
3 259 153 952
4 153 259 650 429
3 153 955 952
3 984 83 1050
3 429 955 632
4 955 632 1050 583
3 1050 583 984
3 429 83 632
3 583 153 984
4 984 153 429 83
3 224 429 1199
3 814 224 1199
3 632 200 403
3 200 981 403
3 429 403 632
3 429 224 632
4 403 429 1199 981
3 814 1199 981
3 814 200 981
4 632 224 814 200
3 122 25 958
3 122 177 958
3 429 25 955
3 224 177 1199
4 177 224 955 958
4 122 1199 429 25
3 25 958 955
3 177 122 1199
3 370 1156 894
3 1163 370 894
3 703 140 779
4 894 12 779 1156
3 1156 779 140
3 894 12 1163
3 1163 703 12
4 140 370 1163 703
3 370 140 1156
3 202 757 1175
3 1181 177 1150
3 319 202 1175
3 1150 122 177
3 757 202 1181
3 1150 757 1181
4 757 1150 122 1175
3 1175 122 319
3 319 177 122
4 1181 202 319 177
3 826 418 1010
3 746 503 715
3 418 1010 525
4 418 437 715 826
3 437 418 525
3 826 715 503
3 1010 503 826
3 437 746 525
4 746 525 1010 503
3 1080 326 594
3 539 818 1065
3 594 318 1080
3 539 318 1065
4 318 539 942 594
3 818 326 942
4 326 818 1065 1080
3 318 1080 1065
3 942 594 326
3 885 304 786
3 394 1032 1018
3 304 786 784
4 394 462 786 784
3 462 394 1018
3 1018 885 462
3 1032 304 784
4 885 1018 1032 304
3 304 942 786
3 715 367 503
3 503 356 367
3 715 304 786
3 818 367 356
4 304 715 367 818
3 715 503 786
4 503 786 942 356
3 942 356 818
3 1008 414 829
3 829 326 1008
3 786 414 885
4 414 786 942 1008
3 326 1008 942
3 885 829 414
3 326 304 942
4 304 326 829 885
3 303 727 959
3 1143 236 601
3 658 303 959
3 899 601 1143
3 1143 727 899
3 959 236 658
4 1143 727 959 236
3 658 601 236
4 658 601 899 303
3 727 303 899
3 729 193 1079
3 1079 485 729
3 584 303 727
3 727 193 584
3 193 1079 584
3 959 729 485
4 193 727 959 729
4 303 485 1079 584
3 485 303 959
3 210 823 474
3 1130 210 823
3 923 467 773
3 210 85 474
3 85 923 474
4 923 474 823 467
3 823 467 1130
3 1130 773 467
4 1130 773 85 210
3 827 49 1173
3 241 1040 806
3 634 241 1040
3 49 618 1173
3 1173 806 827
3 806 241 827
4 1173 806 1040 618
3 1040 618 634
4 49 634 241 827
3 618 49 634
3 1173 531 827
3 269 659 1021
3 1103 269 1021
3 1103 827 531
3 49 1173 659
4 531 1021 659 1173
4 1103 827 49 269
3 269 49 659
3 1021 531 1103
3 1092 241 806
3 806 215 1092
3 1157 546 691
3 546 644 691
4 1157 806 215 546
3 1157 806 241
4 1092 644 691 241
3 691 241 1157
3 546 215 644
3 215 1092 644
3 851 40 711
3 40 711 924
3 1075 306 861
3 861 126 1075
3 924 861 306
4 126 711 924 861
3 711 126 851
3 306 40 924
4 1075 851 40 306
3 126 1075 851
3 805 40 924
3 924 276 805
3 545 40 702
3 1188 805 276
4 40 545 1188 805
3 591 276 1188
3 40 924 702
4 702 924 276 591
3 100 704 933
3 854 100 933
3 1047 54 219
3 504 100 704
3 933 54 854
3 504 1047 704
4 704 1047 54 933
3 854 219 54
4 219 854 100 504
3 295 56 951
3 56 904 951
3 1074 189 253
3 636 253 1074
3 951 189 295
3 636 1074 904
4 904 1074 189 951
3 636 56 904
3 295 253 189
4 295 253 636 56
3 110 843 1137
3 1016 110 1137
4 843 1156 894 1137
3 168 110 843
3 168 1156 843
4 370 1016 110 168
3 1137 894 1016
3 894 370 1016
3 957 110 843
3 884 75 346
3 346 330 884
4 75 843 1137 884
3 957 346 75
3 843 75 957
3 1137 884 330
3 330 110 1137
4 346 957 110 330
3 808 43 1169
3 43 879 1169
3 688 112 1129
3 112 1129 879
3 1169 95 808
4 879 1129 95 1169
3 112 43 879
4 43 112 688 808
3 808 688 95
3 1169 62 808
3 1164 202 757
3 43 1169 1164
3 202 62 1175
4 1164 1169 62 202
3 757 43 1164
4 43 757 1175 808
3 1175 808 62
3 1112 451 496
3 496 57 1112
3 808 451 1169
3 1169 496 451
4 451 808 314 1112
3 62 57 314
4 1169 496 57 62
3 57 1112 314
3 757 225 1164
3 1012 100 704
3 225 100 933
4 100 225 757 1012
3 1012 757 202
3 225 1164 933
3 704 202 1012
4 933 1164 202 704
3 7 1181 787
3 1066 7 787
3 1066 225 170
4 225 1066 7 757
3 757 7 1181
3 1181 1164 757
3 787 170 1066
4 1181 1164 170 787
3 1150 7 1181
3 1199 66 814
3 66 814 1113
3 7 1181 1113
3 1199 1150 177
3 814 177 1199
4 177 814 1113 1181
3 66 7 1113
4 7 66 1199 1150
3 945 566 820
3 820 238 945
3 1150 820 566
3 1181 566 1150
3 238 945 787
4 945 787 1181 566
3 238 7 787
4 7 238 820 1150
3 1053 319 398
3 319 398 1175
3 314 105 1063
3 105 1063 1053
4 398 105 314 1175
3 398 105 1053
3 1175 314 62
3 319 62 1175
4 62 319 1053 1063
3 25 1121 958
3 967 25 1121
3 1121 1053 967
4 122 398 967 25
3 122 958 319
4 319 958 1121 1053
3 398 122 319
3 495 536 1111
3 1136 155 579
3 579 268 1136
3 1167 1136 268
4 155 495 1167 1136
3 1111 579 155
4 268 536 1111 579
3 536 268 1167
3 495 155 1111
3 236 601 695
3 229 41 1062
3 1062 180 229
3 1143 1062 41
3 236 180 695
4 180 236 1143 1062
4 229 695 601 41
3 695 229 180
3 601 41 1143
3 738 685 842
3 130 903 736
3 842 156 738
3 427 903 685
4 736 738 685 903
3 156 738 736
3 156 130 736
4 130 156 842 427
3 842 427 685
3 378 236 695
3 941 271 1006
3 378 896 695
3 1006 658 271
3 896 378 941
3 236 695 658
4 658 695 896 1006
4 236 271 941 378
3 271 236 658
3 1006 896 941
3 1084 466 599
3 191 821 438
3 599 322 1084
3 946 191 821
4 821 466 1084 438
3 821 466 946
3 946 599 466
4 191 322 599 946
3 322 1084 438
3 322 191 438
3 836 533 714
3 1118 2 858
3 2 858 706
3 714 443 836
3 533 2 706
4 836 1118 2 533
3 1118 836 443
3 858 443 1118
4 443 858 706 714
3 533 714 706
3 117 847 1106
3 1118 344 422
3 376 117 1106
3 858 422 1118
3 847 117 858
4 376 422 858 117
3 344 422 376
3 1106 344 376
3 1118 847 858
4 847 1118 344 1106
3 965 0 840
3 334 117 1106
3 1106 965 334
4 117 334 840 870
3 870 840 0
3 847 0 870
4 0 847 1106 965
3 719 443 791
3 344 422 480
3 791 327 719
3 344 327 480
3 443 422 1118
3 327 719 480
4 719 480 422 443
3 1118 791 443
4 327 344 1118 791
3 488 254 559
3 806 307 1092
4 488 1092 241 254
3 254 241 1040
4 559 1040 806 307
3 1040 559 254
3 1092 488 307
3 1113 111 245
3 787 331 1066
3 1198 1066 331
4 7 245 1198 1066
3 245 7 1113
4 111 331 787 1113
3 331 111 1198
3 1113 787 7
3 922 371 772
3 1145 772 371
3 1095 922 9
4 9 207 1145 772
3 207 9 1095
3 909 371 1145
4 371 909 1095 922
3 452 1186 149
3 1186 815 23
4 111 452 1186 815
3 149 23 1186
3 452 111 875
3 111 1198 875
4 23 149 875 1198
3 871 58 221
3 995 223 1035
3 58 23 1186
4 23 58 871 1035
3 223 1035 871
3 223 221 871
4 1186 995 223 221
3 1186 995 23
3 980 279 361
3 279 628 361
3 56 951 628
3 279 56 628
4 135 361 628 951
3 980 295 135
4 56 279 980 295
3 361 135 980
3 874 20 109
3 20 109 1109
3 300 20 1109
3 874 843 110
4 843 874 20 300
3 1109 957 300
3 110 109 874
4 957 1109 109 110
3 933 276 854
3 276 854 805
3 225 170 933
4 374 276 933 170
3 854 225 933
3 374 1172 805
4 805 1172 225 854
3 374 276 805
3 131 392 1110
3 292 131 1110
3 835 350 442
3 285 131 392
4 131 285 442 292
3 442 292 350
4 835 392 1110 350
3 285 835 392
3 292 1110 350
3 214 1096 705
3 898 617 1142
3 1142 204 898
3 204 898 551
4 1096 1142 204 705
4 551 898 617 214
3 617 1142 1096
3 705 204 551
3 617 214 1096
3 356 367 663
3 556 356 663
3 367 356 606
4 556 559 606 356
3 488 559 556
4 254 367 663 488
3 367 254 606
3 663 488 556
3 81 809 752
3 1125 81 809
3 58 1186 752
4 1186 752 809 452
4 58 81 1125 149
3 809 452 1125
3 452 149 1125
3 81 58 752
3 30 1014 519
3 133 64 1133
3 978 30 1014
3 1014 676 978
4 978 64 133 30
4 1014 676 1133 519
3 133 30 519
3 676 64 978
3 133 1133 519
3 1061 30 519
3 207 1095 1014
4 401 519 1014 1095
3 207 30 1014
4 324 1061 30 207
3 401 324 1061
3 519 401 1061
3 1078 638 728
3 801 71 726
3 71 726 996
3 638 71 996
3 996 728 638
4 33 726 996 728
3 726 33 801
4 1078 801 71 638
3 33 1078 801
3 638 789 728
3 1145 174 227
3 638 250 789
3 250 227 174
4 227 250 638 909
3 728 638 909
3 789 174 250
4 1145 728 789 174
3 1145 728 909
3 935 493 731
3 731 388 935
3 638 493 789
3 789 731 493
4 388 728 789 731
3 728 388 1078
4 1078 935 493 638
3 1078 935 388
3 676 221 871
3 1064 58 752
4 871 978 1064 58
3 978 871 676
3 676 106 978
4 752 221 676 106
3 752 221 58
3 128 389 790
3 64 1133 790
4 389 391 1133 790
4 64 128 1045 133
3 391 133 1045
3 128 64 790
3 391 389 1045
3 288 505 790
3 1048 288 505
3 288 64 790
3 1048 871 221
4 871 1048 288 64
3 790 676 64
4 221 505 790 676
3 505 221 1048
3 288 128 790
3 120 964 990
3 1091 120 990
3 964 790 128
3 505 288 1091
4 120 128 288 1091
3 128 120 964
4 790 964 990 505
3 990 505 1091
3 193 437 1079
3 288 790 746
4 193 389 790 746
3 437 288 746
4 288 437 1079 128
3 389 128 1079
3 389 193 1079
3 1040 103 634
3 606 505 1048
3 103 634 1091
4 254 634 1091 1048
3 1040 606 254
3 505 103 1091
4 606 1040 103 505
3 634 254 1040
3 1091 1048 505
3 1157 85 114
3 241 114 1157
3 1157 1040 241
3 103 85 923
4 85 103 1040 1157
4 114 241 634 923
3 923 634 103
3 857 421 852
3 421 852 574
3 846 116 857
4 116 857 421 828
3 852 846 857
4 852 846 1081 574
3 574 421 828
3 1081 574 828
3 184 231 644
3 1116 184 231
3 215 857 644
3 215 184 644
4 231 421 857 644
3 421 231 1116
4 184 215 852 1116
3 1116 852 421
3 425 531 846
3 309 116 887
4 846 887 27 531
3 531 27 1103
3 887 846 116
3 531 425 1103
4 1103 425 116 309
3 10 910 697
3 357 822 664
3 755 10 697
3 697 664 755
4 910 822 664 697
3 910 822 761
3 664 357 755
4 357 755 10 761
3 761 10 910
3 862 123 514
3 431 540 511
3 123 568 514
3 511 431 862
4 123 359 431 862
3 514 511 862
4 540 568 514 511
3 568 540 359
3 359 123 568
3 670 185 1051
3 775 10 910
3 185 1051 697
4 697 1051 692 910
3 910 692 775
4 10 185 670 775
3 185 10 697
3 692 670 775
3 161 1120 744
3 897 387 1052
3 1052 77 387
4 77 744 1120 1052
3 897 161 1120
3 888 387 77
4 888 387 897 161
3 1120 1052 897
3 744 77 888
3 1140 161 1120
3 1077 287 1123
4 1123 744 1120 355
3 1140 1077 355
4 1077 1140 161 287
3 287 161 744
3 1120 355 1140
3 287 1123 744
3 301 580 954
3 1120 80 1140
3 1149 1140 80
4 1149 1140 161 301
3 301 161 954
3 580 80 1149
4 80 580 954 1120
3 161 1120 954
3 989 38 478
3 478 60 989
3 1117 989 60
3 1071 38 1162
4 989 1117 1071 38
3 199 60 1117
3 1162 478 38
4 60 199 1162 478
3 528 619 929
4 96 280 1030 528
3 619 528 1030
3 750 619 1030
4 750 619 929 475
3 280 96 475
3 96 929 475
3 548 528 619
3 593 520 849
3 849 337 520
3 548 619 593
4 593 619 929 520
3 929 520 337
3 528 337 929
4 337 528 548 849
3 849 548 593
3 975 312 865
3 619 248 528
4 619 248 865 198
3 865 198 975
3 528 312 248
4 312 528 548 975
3 975 548 198
3 275 853 550
3 275 53 853
4 853 793 534 550
3 534 938 707
4 707 938 53 275
3 853 793 53
3 550 534 707
3 1028 190 667
3 296 259 952
3 667 483 1028
3 483 1028 609
4 190 952 609 1028
3 952 190 296
3 483 259 609
4 296 667 483 259
3 190 667 296
3 566 820 890
3 566 557 890
3 190 667 291
3 820 566 1028
4 1028 566 557 190
3 291 190 557
4 667 820 890 291
3 820 667 1028
3 890 291 557
3 52 358 745
3 901 351 668
3 351 668 490
3 901 358 1023
4 351 745 358 901
3 901 668 1023
3 490 351 745
3 490 52 745
4 52 490 668 1023
3 547 641 690
3 600 547 690
3 104 1029 669
4 362 690 641 104
3 690 362 600
4 600 669 1029 547
3 362 669 600
3 641 104 1029
3 641 547 1029
3 532 311 864
3 311 864 664
3 755 547 641
4 864 690 641 664
3 532 864 690
3 664 311 755
4 532 547 755 311
3 547 532 690
3 664 641 755
3 353 586 665
3 600 690 915
3 600 526 915
3 600 532 690
3 690 586 532
3 526 915 665
4 690 586 665 915
3 526 353 665
4 600 532 353 526
3 714 489 533
3 533 311 489
4 532 836 533 311
3 586 532 836
3 714 586 836
3 311 864 489
4 586 714 489 864
3 157 816 739
3 797 157 816
3 359 70 972
4 972 739 816 540
3 816 540 797
3 70 972 739
3 157 70 739
4 359 797 157 70
3 540 359 797
3 1151 246 332
3 967 93 1121
3 1151 967 1121
4 413 332 1121 93
4 246 735 967 1151
3 413 332 246
3 735 246 413
3 637 52 745
3 358 52 1151
4 637 246 1151 52
3 637 246 742
3 358 332 1151
4 332 358 745 742
3 637 745 742
3 1023 416 1105
3 1121 358 1151
3 1151 1023 358
3 416 1105 958
4 1105 958 1121 358
4 25 416 1023 1151
3 416 25 958
3 875 131 392
3 245 66 1113
3 875 245 111
4 66 131 875 245
3 131 66 1110
4 1113 1110 392 111
3 392 111 875
3 66 1113 1110
3 1189 31 522
3 174 227 1176
3 371 227 1145
4 227 371 522 1176
3 1176 522 31
3 174 31 1176
4 31 174 1145 1189
3 371 1189 1145
3 375 968 1108
3 968 106 1196
4 106 968 1108 1014
4 30 375 1196 978
3 1108 1014 30
3 375 30 1108
3 1196 978 106
3 396 196 1002
3 396 654 1002
3 654 624 753
3 654 396 753
4 624 654 1002 1072
3 196 139 1072
4 139 196 396 753
3 1072 1002 196
3 1058 498 678
3 90 298 798
3 393 90 798
3 298 90 991
3 498 298 991
4 991 90 393 678
3 678 393 1058
4 1058 798 298 498
3 1058 798 393
3 876 261 607
3 993 396 654
3 298 261 991
3 298 993 991
3 876 654 396
4 261 298 654 876
4 991 993 396 607
3 607 396 876
3 607 175 876
3 1030 261 750
3 217 175 1069
3 1069 876 175
4 876 1069 1030 261
4 175 217 750 607
3 750 607 261
3 721 127 562
3 127 388 562
3 721 124 788
4 562 788 33 388
3 721 562 788
3 388 127 1078
4 1078 127 721 124
3 388 33 1078
3 562 504 721
3 675 220 1059
4 220 504 562 675
3 721 297 562
3 297 675 562
4 1047 1059 297 721
3 504 220 1047
3 220 1059 1047
3 1098 141 517
3 517 212 1098
3 31 1090 522
3 522 141 1189
3 212 31 1090
4 517 1189 31 212
3 1189 517 141
3 212 1098 1090
4 141 522 1090 1098
3 678 390 1058
3 678 352 498
3 498 493 352
4 731 390 678 352
3 731 390 935
4 1058 935 493 498
3 390 1058 935
3 282 337 671
3 302 1017 783
3 520 282 337
3 520 337 881
4 881 337 671 302
3 671 302 1017
3 783 520 881
4 520 783 1017 282
3 671 282 1017
3 911 590 776
3 337 96 929
4 671 776 96 337
3 776 671 590
3 337 282 929
4 590 911 929 282
3 962 385 1043
3 484 444 833
3 833 327 484
3 1043 444 962
4 484 480 1043 444
3 327 484 480
3 962 833 444
4 962 833 327 385
3 385 327 480
3 1043 472 962
3 962 187 472
3 962 844 1043
4 962 844 949 187
4 472 203 235 1043
3 844 235 1043
3 949 187 203
3 187 472 203
3 181 410 867
3 623 181 410
4 410 472 1043 867
3 385 1043 867
3 472 410 623
3 472 962 623
4 181 385 962 623
3 385 181 867
3 494 260 1131
3 1131 175 494
3 1069 494 175
3 698 175 1069
4 260 334 1069 494
3 334 260 965
3 260 1131 965
4 175 698 965 1131
3 260 610 1131
3 1060 260 610
3 430 154 1134
3 1134 136 430
4 1131 1134 136 610
3 154 1134 1131
3 610 136 1060
3 1060 430 136
4 154 260 1060 430
3 260 154 1131
3 354 686 435
3 975 208 198
4 527 354 975 208
3 1093 435 527
3 686 198 975
4 1093 435 686 198
3 435 354 527
3 175 494 876
3 734 560 723
3 494 175 560
4 175 560 734 607
3 723 494 560
3 734 607 713
4 713 876 494 723
3 607 876 713
3 444 833 560
3 494 444 560
4 610 833 560 1131
3 494 1131 560
4 494 444 484 260
3 484 260 610
3 484 833 610
3 1005 26 940
3 1002 154 196
3 940 59 1005
3 154 196 1134
3 154 26 1134
4 1002 1005 26 154
3 59 1005 1002
3 1134 940 26
3 196 59 1002
4 59 196 1134 940
3 940 88 1005
3 417 26 997
4 88 940 997 943
3 997 943 417
4 1024 1005 26 417
3 88 1024 1005
3 323 400 709
3 144 811 518
3 323 36 709
4 400 518 811 709
3 518 400 1153
3 811 709 36
3 144 36 811
3 400 323 1153
4 36 144 1153 323
3 1050 372 984
3 599 343 466
4 1084 1050 372 466
3 343 466 372
3 1084 1050 83
3 599 83 1084
3 984 343 372
4 83 599 343 984
3 752 227 1064
4 227 752 809 1176
3 227 174 1064
4 1064 174 380 81
3 380 1176 809
3 380 81 809
3 1197 49 618
3 659 8 165
3 8 1100 165
3 758 618 1197
3 165 49 659
4 49 165 1100 1197
3 758 1197 1100
3 758 8 1100
4 618 659 8 758
3 659 618 49
3 704 141 1012
3 922 704 100
3 772 100 922
4 100 772 1189 1012
3 1189 1012 141
3 371 141 1189
4 922 704 141 371
3 100 9 922
3 100 933 922
4 276 316 922 933
3 316 276 1188
3 1188 854 276
4 9 100 854 1188
3 571 159 501
3 796 502 907
3 159 501 785
3 785 159 863
3 785 502 863
4 571 907 863 159
3 907 571 796
4 785 502 796 501
3 571 501 796
3 14 1155 1067
3 824 240 985
3 810 14 1067
4 1067 35 985 1155
3 240 14 1155
3 1155 985 240
4 14 240 824 810
3 1067 35 810
3 35 824 810
3 87 441 148
3 900 87 441
3 900 355 1077
4 355 900 87 516
3 148 87 516
4 441 1077 666 148
3 666 148 516
3 900 441 1077
3 1010 383 826
3 41 771 1062
4 195 826 418 41
3 418 41 1062
3 826 195 383
4 383 771 1062 1010
3 195 771 383
3 1062 1010 418
3 242 1119 549
3 597 50 1182
3 1044 242 1119
3 50 218 1182
3 549 242 597
4 597 242 1044 50
3 218 50 1044
3 1119 218 1044
3 1182 549 597
4 549 1182 218 1119
3 971 463 1022
3 1019 156 366
3 1022 162 971
3 156 366 738
3 162 156 738
4 1022 1019 156 162
3 162 971 738
3 463 1022 1019
4 366 463 971 738
3 463 366 1019
3 463 886 1022
3 716 440 513
3 513 194 440
3 510 463 886
3 513 510 716
3 1022 440 194
4 510 513 194 463
3 463 194 1022
3 510 886 716
4 1022 440 716 886
3 333 362 629
3 453 362 669
4 952 629 362 453
3 259 952 629
3 333 259 629
4 296 669 333 259
3 453 296 669
3 855 46 613
3 46 613 1125
3 855 392 131
3 1125 875 452
4 855 392 452 46
3 452 46 1125
4 131 613 1125 875
3 613 131 855
3 482 275 853
3 169 603 1183
3 373 169 1183
4 853 603 1183 550
3 482 853 603
3 482 169 603
3 373 275 550
4 169 482 275 373
3 373 1183 550
3 299 364 956
3 397 299 956
3 1070 183 921
3 183 233 921
3 233 183 397
3 364 299 1070
4 1070 299 397 183
3 921 364 1070
3 956 233 397
4 921 364 956 233
3 985 29 240
3 29 240 1085
3 468 233 1039
3 1039 183 233
3 468 240 985
4 468 240 1085 233
3 1085 233 183
3 183 29 1085
4 29 183 1039 985
3 468 1039 985
3 521 543 1115
3 711 471 851
3 40 711 702
4 471 521 702 711
3 543 40 702
4 1115 851 40 543
3 521 471 1115
3 1115 851 471
3 176 1004 888
3 201 673 1174
3 201 77 1174
3 176 77 888
3 77 1174 888
3 673 201 1190
4 1190 201 77 176
4 1174 888 1004 673
3 1004 673 1190
3 1055 169 603
3 75 1190 346
4 603 884 75 673
3 673 75 1190
3 884 603 169
3 346 169 884
3 1190 1055 673
4 169 346 1190 1055
3 315 341 1037
3 776 323 400
3 590 1037 776
4 315 709 400 590
3 590 400 776
3 341 315 709
4 323 341 1037 776
3 341 323 709
3 853 12 482
3 1163 315 341
3 1037 853 275
3 1163 482 12
3 315 275 1037
4 1163 482 275 315
4 12 341 1037 853
3 341 12 1163
3 495 5 1111
3 61 408 1015
3 1168 61 1015
3 5 1111 408
4 1015 536 1111 408
3 1015 536 1168
3 536 495 1168
4 5 61 1168 495
3 61 5 408
3 937 53 902
3 5 456 1111
3 495 53 793
4 495 53 937 5
3 495 1111 793
3 902 456 937
4 456 902 793 1111
3 456 5 937
3 986 36 908
3 894 341 1163
3 36 709 908
3 341 36 709
3 341 1163 709
3 986 894 370
4 36 341 894 986
4 1163 709 908 370
3 908 370 986
3 141 1012 517
3 202 141 1012
4 398 517 1012 1175
3 517 398 1098
3 202 1175 1012
3 398 319 1098
4 141 202 319 1098
3 504 721 704
4 517 562 504 1012
3 127 562 517
3 1012 504 704
3 141 127 517
4 127 141 704 721
3 715 288 746
3 1048 367 606
4 1048 367 715 288
3 606 503 367
3 746 505 288
4 746 505 606 503
3 383 321 696
3 383 826 696
3 503 383 826
4 663 696 826 367
3 503 367 826
4 321 356 503 383
3 321 696 663
3 356 321 663
3 326 594 1008
3 361 45 980
3 326 45 1008
4 45 326 1080 361
3 594 279 1080
3 1008 980 45
4 279 594 1008 980
3 1080 361 279
3 878 335 406
3 414 829 912
3 414 335 912
4 335 414 1008 878
3 1008 878 45
3 829 45 1008
4 406 912 829 45
3 912 406 335
3 51 749 780
3 925 51 780
3 256 147 794
3 147 732 794
3 780 732 925
3 256 794 749
4 794 749 780 732
3 732 147 925
3 256 51 749
4 925 147 256 51
3 827 425 531
4 215 846 531 806
3 806 1092 827
3 806 531 827
3 846 215 857
4 827 1092 857 425
3 846 425 857
3 1128 178 576
3 576 108 1128
3 827 178 1173
3 1173 576 178
4 1173 576 108 531
4 1128 425 827 178
3 531 108 425
3 108 1128 425
3 691 114 1157
3 474 418 525
3 474 114 85
3 691 1157 1010
3 525 85 474
4 85 525 1010 1157
3 691 418 1010
4 114 474 418 691
3 832 530 1144
3 711 40 832
3 924 374 805
4 711 1144 374 924
3 805 530 374
4 805 530 832 40
3 1144 711 832
3 1065 1 554
3 1144 318 832
3 1 1102 554
3 1065 832 318
3 530 1 1102
4 1 530 832 1065
3 554 318 1065
3 530 1144 1102
4 318 554 1102 1144
3 554 539 1065
3 1147 1065 539
3 539 223 1147
4 223 539 554 995
3 995 554 1
3 1035 1 995
4 1 1035 1147 1065
3 428 142 630
4 4 603 1183 630
3 603 4 1055
3 1183 630 142
3 169 142 1183
3 1055 428 4
4 1055 428 142 169
3 330 800 884
3 1191 330 800
3 373 450 1183
3 330 169 884
3 450 373 1191
4 1191 373 169 330
3 800 450 1191
3 169 1183 884
4 450 800 884 1183
3 305 717 687
3 163 1191 553
3 800 163 1191
3 795 305 687
3 795 687 800
4 687 800 163 717
3 553 163 717
3 1191 795 800
4 305 553 1191 795
3 553 305 717
3 306 861 722
3 555 305 717
3 861 687 1075
4 717 722 861 687
3 722 717 555
3 555 306 722
4 306 555 305 1075
3 687 305 1075
3 34 969 913
3 234 34 913
3 1022 969 971
3 969 34 971
4 234 463 971 34
3 234 913 886
4 969 1022 886 913
3 463 234 886
3 1003 72 1101
3 1139 299 364
3 1101 138 1003
3 299 72 956
4 72 299 1139 1003
3 1139 1003 138
3 364 138 1139
3 72 1101 956
4 138 364 956 1101
3 243 404 781
3 1097 243 404
3 378 243 781
4 404 601 695 781
3 781 695 378
3 601 404 1097
4 378 243 1097 236
3 601 236 1097
3 525 210 474
3 437 193 525
3 474 437 525
4 823 1079 437 474
3 729 1079 823
3 729 210 823
4 729 210 525 193
3 1033 68 508
3 648 258 681
3 684 508 1033
3 258 681 507
4 68 258 648 1033
3 68 508 507
3 1033 648 684
3 258 68 507
4 684 681 507 508
3 684 681 648
3 860 290 977
3 977 189 290
3 860 427 903
4 427 860 290 295
3 295 290 189
3 189 135 295
4 135 189 977 903
3 860 977 903
3 565 188 662
3 188 662 287
3 287 188 744
3 888 287 744
3 565 176 1004
4 188 744 176 565
4 662 1004 888 287
3 1004 662 565
3 191 76 438
3 723 444 560
4 191 833 560 76
3 560 76 723
4 444 821 438 723
3 821 444 833
3 723 438 76
3 821 191 833
3 76 417 438
3 137 1141 433
3 997 137 433
4 137 191 76 997
3 417 76 997
3 1141 438 191
3 433 417 997
4 417 433 1141 438
3 191 137 1141
3 570 263 1122
3 461 117 656
4 263 570 656 1106
3 117 1106 656
4 376 1122 461 117
3 1122 376 263
3 1117 339 412
3 1129 79 112
3 199 112 1129
4 112 199 412 1083
3 1083 412 339
3 1129 1117 199
4 79 339 1117 1129
3 339 79 1083
3 685 842 1149
3 91 983 961
3 409 91 961
4 842 961 983 1149
3 580 1149 983
3 580 91 983
3 409 961 842
4 409 685 580 91
3 685 409 842
3 661 162 741
4 661 1149 842 162
3 685 80 1149
3 1149 661 80
4 738 741 80 685
3 162 741 738
3 842 162 738
3 451 874 496
3 1137 158 1016
3 451 110 874
4 110 451 1112 1016
3 110 1137 874
4 874 1137 158 496
3 496 158 1112
3 1112 1016 158
3 451 109 874
3 879 20 631
3 1169 874 451
4 874 1169 879 20
3 451 43 1169
3 631 109 20
4 109 631 43 451
3 649 56 904
3 615 301 954
3 649 615 47
4 615 649 56 301
3 301 954 951
3 904 47 649
4 951 954 47 904
3 301 56 951
3 904 264 649
3 16 652 1127
3 628 16 652
3 1127 649 264
4 649 1127 652 56
3 264 16 1127
4 16 264 904 628
3 652 56 628
3 56 904 628
3 164 636 491
3 349 164 491
3 497 491 349
4 649 636 491 497
3 649 636 904
3 349 264 497
4 264 349 164 904
3 636 164 904
3 795 347 436
3 347 436 487
3 347 346 487
3 795 330 800
4 346 347 795 330
3 795 436 800
3 346 884 487
4 487 884 800 436
3 726 541 801
3 298 71 993
3 993 726 71
4 90 541 726 993
4 798 801 71 298
3 541 801 798
3 541 90 798
3 396 175 876
3 494 154 1131
4 876 1002 154 494
3 396 1002 876
3 1131 196 154
4 196 1131 175 396
3 947 605 859
3 859 256 605
3 749 214 1096
4 859 705 1096 256
3 1096 256 749
3 859 705 947
3 749 605 256
3 705 214 947
4 749 605 947 214
3 613 178 855
3 1173 855 178
3 178 49 1173
4 613 1197 49 178
4 46 618 1173 855
3 618 46 1197
3 1197 613 46
3 524 375 1108
3 524 617 1108
3 1096 51 749
3 375 1108 780
3 375 51 780
3 749 617 1096
4 617 749 780 1108
3 617 524 1096
4 51 375 524 1096
3 59 1005 247
3 940 1005 968
4 1005 968 1108 247
3 1108 247 524
3 940 375 968
3 247 59 524
4 940 375 524 59
3 996 59 247
3 996 789 638
3 1005 250 88
4 1005 250 638 247
3 638 247 996
4 789 996 59 88
3 88 59 1005
4 882 1157 546 1148
3 114 1157 882
3 457 114 882
3 1148 546 582
3 546 691 582
4 114 457 582 691
3 357 311 664
4 887 864 664 819
3 309 887 864
3 460 357 819
4 357 460 309 311
3 819 664 357
3 311 309 864
3 848 185 232
3 697 641 755
3 592 232 848
3 755 185 697
4 547 848 185 755
3 848 547 592
3 547 641 592
4 592 641 697 232
3 697 232 185
3 105 1063 1068
3 908 226 986
3 226 105 1063
4 105 226 908 811
3 1068 36 811
3 36 908 811
3 1063 986 226
4 1068 36 986 1063
3 185 232 1051
3 880 69 509
3 670 1051 812
4 812 1051 232 509
3 509 232 880
4 185 880 69 670
3 232 185 880
3 670 69 812
3 812 458 1000
3 692 115 1036
3 1000 670 812
4 883 1036 670 1000
3 458 115 883
3 115 1036 883
3 812 692 670
4 115 458 812 692
3 1051 858 2
4 232 422 858 1051
3 422 232 848
3 185 2 1051
4 848 1118 2 185
3 422 1118 848
3 593 849 895
3 593 90 895
4 393 520 593 90
3 520 393 881
3 881 849 520
4 798 895 849 881
3 895 798 90
3 415 125 1027
3 19 683 1187
3 125 1027 792
3 724 19 1187
3 415 1027 683
4 1187 792 1027 683
3 415 19 683
3 724 1187 792
3 724 125 792
4 724 125 415 19
3 415 534 1027
3 686 415 1027
4 415 686 865 938
3 534 312 938
3 938 865 312
4 312 534 1027 975
3 1027 975 686
3 345 470 481
3 345 101 481
3 470 345 849
4 345 849 895 101
3 895 101 476
3 101 481 476
3 593 470 849
4 481 476 593 470
3 939 125 792
3 1041 345 470
3 792 765 939
3 939 481 765
3 470 125 1041
4 125 470 481 939
4 345 765 792 1041
3 481 345 765
3 1041 792 125
3 653 157 739
3 448 181 867
4 410 739 816 867
3 448 867 816
3 739 410 653
4 653 181 448 157
3 410 181 653
3 448 157 816
3 935 127 388
3 479 212 731
4 517 388 731 212
3 935 479 731
3 1098 127 517
4 479 935 127 1098
3 517 388 127
3 247 71 996
3 71 996 993
3 654 71 993
4 993 996 59 396
4 247 1002 654 71
3 396 59 1002
3 1002 247 59
3 297 132 782
4 782 562 388 390
3 390 132 935
3 297 782 562
3 297 127 562
4 935 132 297 127
3 390 388 935
3 1041 39 710
3 39 710 707
3 534 39 707
4 39 534 1027 1041
3 534 415 707
3 1041 1027 125
3 710 125 1041
4 415 707 710 125
3 353 166 665
3 443 836 791
3 586 443 836
3 719 665 166
4 443 586 665 719
3 586 353 836
4 353 836 791 166
3 791 166 719
3 269 165 659
3 166 639 665
3 165 659 639
4 639 659 1021 665
3 1021 665 353
3 353 269 1021
4 353 269 165 166
3 166 165 639
3 1195 655 267
3 1135 267 655
3 655 8 1135
4 8 655 1195 659
3 1195 659 269
3 269 267 1195
4 267 269 165 1135
3 1135 165 8
3 610 328 1060
3 0 840 1170
3 965 610 260
3 1170 1060 328
4 260 840 1170 1060
3 840 260 965
3 328 0 1170
4 0 328 610 965
3 354 167 435
3 270 799 660
3 512 270 660
3 435 146 167
3 354 270 799
4 167 512 270 354
3 512 167 146
3 799 435 354
4 435 799 660 146
3 660 146 512
3 155 579 740
3 1180 270 799
3 1136 799 270
4 28 155 1136 799
3 155 28 740
3 28 1180 740
4 270 579 740 1180
3 579 270 1136
3 956 268 397
3 683 268 1167
4 956 1187 683 268
3 1167 397 268
3 1187 956 299
3 299 19 1187
4 19 299 397 1167
4 675 811 518 782
3 132 782 518
3 144 132 518
3 675 297 1068
4 132 144 1068 297
3 811 675 1068
3 678 216 892
4 518 390 678 216
3 678 1058 892
4 892 1058 132 1153
3 1153 132 518
3 518 390 132
3 187 472 284
3 962 560 444
4 962 560 734 187
3 284 187 734
4 472 444 723 284
3 472 444 962
3 723 284 734
3 84 700 754
3 1072 84 700
3 430 1134 754
3 430 84 754
4 1072 154 430 84
3 196 154 1072
3 700 196 1072
4 196 700 754 1134
3 519 107 1061
3 768 391 647
3 107 770 1061
3 519 391 133
3 1061 133 519
4 647 770 1061 133
3 768 647 770
3 768 107 770
4 519 391 768 107
3 1142 524 617
3 524 30 1108
3 1108 519 30
4 30 524 1142 1061
3 1142 1061 107
3 617 107 1142
4 519 1108 617 107
3 983 339 1049
3 339 412 1049
3 412 339 615
4 615 339 983 301
3 1049 580 983
4 1049 580 954 412
3 954 412 615
3 580 301 983
3 92 897 1082
3 237 92 1082
3 237 80 661
4 1120 92 237 80
3 897 92 1120
3 1140 897 1120
4 1140 897 1082 661
3 237 1082 661
3 408 14 1155
3 1166 5 456
3 767 456 1166
4 1166 1067 1155 5
3 1155 5 408
3 767 1166 1067
3 5 456 408
4 408 456 767 14
3 767 14 1067
3 736 769 151
3 406 195 335
3 151 130 736
3 769 195 771
4 406 736 769 195
3 130 736 406
3 769 151 771
4 151 771 335 130
3 335 130 406
3 870 597 449
3 847 2 858
4 549 449 847 2
3 549 449 597
3 847 870 858
4 858 870 597 706
3 549 706 597
3 489 257 998
3 489 533 998
3 533 489 706
4 489 706 242 257
3 257 242 1119
3 1119 998 257
3 549 533 706
4 1119 998 533 549
3 194 1025 440
3 973 194 1025
3 756 35 916
3 916 440 756
3 440 194 756
3 824 35 973
4 756 194 973 35
4 824 1025 440 916
3 1025 824 973
3 648 151 769
3 684 366 1019
3 156 151 736
3 648 769 684
4 1019 648 151 156
4 736 366 684 769
3 736 366 156
3 1019 648 684
3 761 513 716
3 936 289 763
3 763 454 936
4 822 936 289 716
3 716 289 513
3 289 763 513
4 454 761 513 763
3 761 454 822
3 454 936 822
3 486 973 516
3 666 240 29
4 824 486 666 240
3 516 29 666
4 29 516 973 985
3 824 486 973
3 824 985 973
3 976 87 148
3 648 769 681
3 1046 148 976
3 151 148 87
4 648 1046 148 151
3 681 648 1046
4 976 681 769 87
3 976 681 1046
3 769 87 151
3 926 243 781
4 441 243 926 148
4 87 404 781 976
3 926 781 976
3 926 148 976
3 404 243 441
3 404 87 441
3 1110 265 292
3 178 576 855
3 178 131 855
3 576 265 1128
4 131 178 1128 292
3 1128 292 265
3 131 1110 855
4 265 576 855 1110
3 265 650 292
3 224 1199 650
3 265 224 650
3 1110 814 66
4 224 265 1110 814
3 292 66 1110
4 1199 650 292 66
3 946 166 639
3 526 343 621
3 343 621 466
3 466 343 946
3 639 466 946
4 621 665 639 466
4 946 343 526 166
3 526 166 665
3 665 621 526
3 1146 322 402
3 689 402 1146
3 322 76 438
3 438 402 322
3 689 417 943
4 689 417 438 402
3 689 1146 943
4 76 322 1146 943
3 322 402 1084
3 576 178 599
4 613 322 599 178
3 402 322 613
3 1084 576 599
3 855 402 613
4 1084 576 855 402
3 921 274 1070
3 988 94 588
3 183 94 1085
4 274 588 1085 921
3 1085 921 183
3 274 1070 988
3 588 274 988
4 94 183 1070 988
3 1155 61 408
4 94 61 1155 29
3 240 29 1155
3 408 240 1155
4 240 408 1015 1085
3 94 61 1015
3 94 1085 1015
3 523 204 950
3 523 845 950
3 473 204 551
4 931 523 204 473
3 845 523 931
4 551 950 845 963
3 204 950 551
3 963 845 931
3 906 487 1124
3 1124 565 906
3 346 75 487
4 906 1004 75 487
3 1004 906 565
3 1124 346 487
3 1190 565 1004
4 346 1124 565 1190
3 762 514 862
3 776 762 911
3 911 862 762
4 123 400 911 862
4 323 514 762 776
3 123 514 323
3 400 123 323
3 859 63 947
3 1076 286 944
3 286 944 313
3 286 63 313
4 859 1076 286 63
3 1076 859 605
3 944 605 1076
3 63 947 313
4 944 605 947 313
3 725 426 537
3 426 537 608
3 563 63 725
4 63 725 426 859
3 608 426 859
4 537 563 947 608
3 947 608 859
3 563 537 725
3 1015 4 1168
3 1174 1015 61
3 4 1168 1055
4 61 201 1055 1168
4 1174 1015 4 673
3 201 61 1174
3 673 4 1055
3 883 155 740
3 86 115 1089
4 893 155 883 86
3 579 155 893
3 115 86 883
3 740 115 883
4 1089 579 740 115
3 1089 579 893
3 781 37 926
3 274 747 1070
3 243 781 747
4 243 274 921 926
3 37 926 921
4 747 781 37 1070
3 274 243 747
3 1070 37 921
3 1165 378 896
3 37 1160 926
3 896 386 1165
3 378 896 781
3 926 378 781
4 37 386 896 781
3 386 1165 1160
4 378 926 1160 1165
3 386 37 1160
3 902 764 937
3 53 902 853
3 482 53 853
4 53 482 703 937
4 902 853 12 764
3 703 12 764
3 937 703 764
3 1059 57 220
4 220 314 105 675
3 675 105 1068
3 1068 1059 675
3 314 220 57
3 1063 57 314
4 1059 1068 1063 57
3 538 501 571
3 302 159 783
4 1001 571 159 302
3 783 501 159
3 1001 571 538
4 783 501 538 1017
3 1017 538 1001
3 831 450 802
3 657 163 553
3 802 317 831
3 450 163 1191
3 1191 802 450
4 1191 802 317 553
3 317 831 657
4 831 657 163 450
3 553 317 657
3 321 640 696
3 383 335 195
4 383 335 878 321
3 696 195 383
4 406 640 696 195
3 640 321 878
3 640 406 878
3 485 729 515
3 1045 147 732
3 729 389 1079
3 1079 1045 389
4 732 515 729 389
4 147 485 1079 1045
3 147 732 515
3 485 147 515
3 108 839 1128
3 609 265 650
3 1128 650 265
3 839 259 629
4 650 1128 839 259
3 265 108 1128
4 609 629 108 265
3 629 609 259
3 546 184 644
4 691 826 696 644
3 826 691 1010
4 1010 546 184 383
3 696 644 184
3 383 184 696
3 691 546 1010
3 546 644 582
4 1033 184 546 68
3 231 184 1033
3 546 68 582
4 582 644 231 508
3 508 231 1033
3 556 663 718
3 539 356 818
4 556 554 539 356
3 556 554 718
3 818 663 356
4 718 1065 818 663
3 554 1065 718
3 57 220 1112
3 54 219 558
3 496 54 558
3 220 57 1047
4 1047 57 496 54
3 220 219 1047
4 1112 558 219 220
3 496 1112 558
3 558 306 722
3 722 54 558
3 854 558 54
3 805 306 924
4 558 854 805 306
3 276 54 854
3 924 722 306
4 924 722 54 276
3 868 237 602
3 237 602 1082
3 230 42 1152
3 1152 21 230
3 42 1152 868
3 602 42 868
3 237 21 1082
4 21 237 868 1152
4 230 1082 602 42
3 1082 230 21
3 969 602 868
3 162 971 741
4 661 602 969 162
3 661 602 237
3 969 868 971
3 969 162 971
3 741 237 661
4 237 741 971 868
3 807 99 283
3 99 1158 283
3 868 34 969
4 99 602 969 807
3 602 99 1158
3 34 969 807
4 1158 868 34 283
3 1158 868 602
3 283 34 807
3 197 499 817
3 611 197 817
3 1132 537 725
3 725 499 1132
4 725 499 817 426
3 817 426 611
3 611 537 426
3 499 197 1132
4 611 537 1132 197
3 1006 160 941
3 1114 197 499
3 499 160 1114
4 160 499 817 1006
3 1114 941 160
3 271 1006 817
4 197 271 941 1114
3 271 197 817
3 1104 192 905
3 905 146 1104
3 72 1101 512
3 146 72 512
4 72 146 905 1003
3 1003 905 192
3 1101 192 1003
4 1104 512 1101 192
3 146 1104 512
3 192 905 439
3 1178 368 382
3 382 325 1178
3 325 1178 439
3 905 368 1104
4 1178 439 905 368
3 325 192 439
4 192 325 382 1104
3 1104 382 368
3 1088 13 979
3 979 180 1088
3 180 1088 695
4 1088 695 896 13
3 378 180 695
3 896 13 1165
3 1165 979 13
4 1165 979 180 378
3 823 239 1130
3 13 1154 979
3 979 210 1088
3 1088 823 210
4 13 239 823 1088
3 1154 1130 239
4 1154 1130 210 979
3 239 13 1154
3 180 229 1088
3 258 65 507
3 1088 766 979
3 507 229 258
4 766 1088 229 507
3 229 180 258
3 766 65 979
4 258 180 979 65
4 1062 258 648 771
3 769 648 771
3 229 1062 258
4 229 681 769 41
3 681 229 258
3 769 41 771
3 206 465 1083
3 1049 91 983
3 1011 206 465
3 339 206 1083
4 206 339 983 1011
3 1011 983 91
4 91 465 1083 1049
3 465 91 1011
3 1083 1049 339
3 566 79 890
4 465 820 890 1083
3 820 465 945
3 465 206 945
4 206 945 566 79
3 79 1083 890
3 424 283 807
4 807 961 983 99
3 983 99 1049
4 1049 283 424 91
3 961 807 424
3 424 91 961
3 1049 283 99
3 860 441 900
3 903 900 860
4 903 900 87 736
3 736 87 151
3 87 441 151
4 860 130 151 441
3 860 130 903
3 1123 188 287
3 860 977 900
3 900 860 1077
4 860 1077 287 290
3 290 287 188
3 1123 900 1077
4 188 977 900 1123
3 977 188 290
3 565 906 662
3 189 253 290
3 189 188 290
3 906 565 1074
4 1074 565 188 189
3 906 253 1074
4 290 662 906 253
3 188 662 290
3 821 639 946
3 1141 8 1100
3 946 165 639
4 165 946 191 1100
3 1100 191 1141
3 1141 821 191
3 165 8 639
4 821 1141 8 639
3 595 758 1184
3 595 17 1184
3 1100 137 1141
3 1141 758 1100
3 17 1184 433
4 1141 758 1184 433
3 758 595 1100
4 1100 595 17 137
3 137 17 433
3 1197 595 758
3 990 103 1091
4 1197 634 1091 595
3 618 1197 634
3 1091 595 990
3 990 758 595
4 103 618 758 990
3 618 103 634
3 809 46 1125
4 81 595 1197 1125
3 1197 1125 46
3 758 46 1197
3 595 81 1184
3 1184 809 81
4 1184 809 46 758
3 136 1138 430
4 997 1134 136 137
3 1134 997 26
3 430 26 1134
3 137 136 1138
3 1138 433 137
4 26 430 1138 433
3 730 556 718
3 718 585 730
3 718 488 556
3 488 307 556
4 307 556 730 835
3 835 730 585
3 585 285 835
4 285 585 718 488
3 981 31 1090
3 245 1113 522
3 245 31 522
4 981 66 245 31
3 1090 814 981
4 1090 814 1113 522
3 814 66 981
3 1090 200 981
3 1146 380 689
3 380 31 1176
3 1176 1090 31
4 200 689 1176 1090
3 689 200 1146
4 31 380 1146 981
3 1146 981 200
3 496 451 558
3 306 109 861
4 109 306 558 451
3 109 874 861
4 861 874 496 722
3 722 496 558
3 126 1075 349
3 109 20 861
4 497 126 861 20
3 1109 349 497
3 1075 109 861
4 349 1109 109 1075
3 349 126 497
3 643 465 1011
3 1127 206 575
4 652 1011 206 1127
3 643 1011 652
4 465 575 16 643
3 575 465 206
3 643 16 652
3 318 1080 832
3 652 279 628
3 832 16 1144
4 628 1080 832 16
3 1080 628 279
3 318 279 1080
3 1144 652 16
4 279 318 1144 652
3 1124 347 487
3 1074 164 636
3 491 487 347
4 636 906 487 491
3 906 636 1074
4 164 347 1124 1074
3 347 164 491
3 906 1124 1074
3 491 126 349
3 687 436 795
3 349 347 491
3 1075 795 687
4 1075 795 347 349
3 491 436 347
3 687 126 1075
4 491 436 687 126
3 471 851 573
3 928 471 573
3 851 349 126
4 349 851 573 164
3 573 164 928
3 928 491 164
3 471 126 851
4 928 491 126 471
3 204 898 950
3 726 204 898
4 523 541 726 204
3 898 801 726
4 950 432 801 898
3 950 432 523
3 432 541 523
3 726 71 898
3 247 996 524
4 1142 726 996 524
3 1142 726 898
4 247 617 898 71
3 617 247 524
3 1099 120 964
3 964 399 1099
4 399 964 990 1184
3 595 1184 990
3 595 120 990
4 595 120 1099 17
3 399 17 1099
3 467 1038 773
3 103 1091 923
4 120 467 923 1091
3 467 120 1038
3 1038 990 120
4 1038 990 103 773
3 773 103 923
3 38 1161 478
3 948 680 934
3 934 18 680
3 18 680 627
4 627 680 948 38
3 1161 18 627
3 478 38 948
4 934 478 1161 18
3 934 478 948
3 612 880 797
3 612 509 880
3 880 74 509
4 431 797 880 74
3 540 431 797
3 74 511 509
4 509 511 540 612
3 612 540 797
3 712 668 901
3 446 838 737
3 446 152 737
3 712 901 838
4 901 838 737 351
4 446 712 668 152
3 668 152 351
3 152 737 351
3 712 446 838
3 1052 92 897
3 989 897 92
3 387 38 1161
4 38 387 897 989
3 1161 1052 387
4 92 478 1161 1052
3 478 92 989
3 405 99 1158
3 712 733 901
3 901 405 668
4 1158 668 712 283
3 405 1158 668
4 405 901 733 99
3 283 99 733
3 712 283 733
3 1158 60 405
3 99 1158 1049
4 60 412 1049 1158
3 412 60 1117
3 1117 405 60
4 1117 405 99 339
3 339 99 1049
3 890 416 557
3 416 557 1105
3 890 112 79
4 688 416 890 112
3 688 1129 1105
3 688 416 1105
4 79 557 1105 1129
3 557 79 890
3 566 177 1150
4 958 557 566 177
3 1150 890 566
4 122 416 890 1150
3 416 122 958
3 958 557 416
3 845 674 1007
3 101 931 481
3 1007 377 674
3 674 345 377
4 345 674 845 101
3 845 101 931
3 845 1007 931
4 377 481 931 1007
3 345 481 377
3 873 446 838
4 157 446 873 653
3 873 653 395
3 838 395 873
4 739 737 838 395
3 157 739 737
3 446 157 737
3 256 605 794
3 129 22 992
3 992 608 129
4 129 859 256 22
3 608 605 859
3 256 22 794
3 22 992 794
4 794 992 608 605
3 608 129 859
3 920 273 982
3 273 850 982
3 850 780 51
3 982 213 920
4 780 850 982 213
3 213 925 920
3 273 51 850
4 51 273 920 925
3 850 84 754
3 754 51 850
3 214 1096 700
4 1096 700 754 51
3 850 749 51
3 214 84 700
4 84 214 749 850
3 710 470 1041
3 337 39 282
3 520 470 849
4 39 337 849 1041
4 520 470 710 282
3 470 1041 849
3 39 710 282
3 802 373 450
3 550 450 373
3 707 373 550
3 710 39 831
4 39 831 450 550
3 802 710 831
4 373 707 710 802
3 134 1192 266
3 293 134 1192
3 836 266 714
4 791 1192 266 836
3 293 1192 791
3 443 293 791
4 293 443 714 134
3 266 134 714
3 448 592 867
3 848 448 592
3 422 344 848
4 385 448 848 344
3 448 385 867
3 592 422 848
3 867 480 385
4 480 867 592 422
4 448 547 600 181
3 547 690 592
3 600 181 915
3 915 867 181
4 915 867 592 690
3 547 448 592
3 327 719 484
3 1060 293 328
3 484 327 610
3 1060 484 610
3 719 293 791
4 484 1060 293 719
3 791 328 293
4 328 791 327 610
3 821 946 833
4 166 327 833 946
3 327 166 719
3 821 484 833
3 719 639 166
4 639 719 484 821
3 686 354 1027
4 354 1027 792 167
3 939 435 167
3 686 125 1027
4 939 435 686 125
3 792 167 939
3 459 364 1139
3 1187 329 724
3 724 244 329
3 724 299 1187
3 1187 364 299
4 724 299 1139 244
4 1187 364 459 329
3 1139 244 459
3 459 329 244
3 472 187 623
4 472 372 1050 284
3 472 372 623
3 984 384 1050
4 384 984 623 187
3 384 284 1050
3 1174 387 77
4 61 77 1052 1155
3 14 1155 1052
3 77 61 1174
3 1174 408 61
4 1174 408 14 387
3 387 14 1052
3 468 1039 893
3 268 1136 397
3 579 468 893
4 233 268 579 468
3 268 233 397
3 579 1136 893
4 1136 893 1039 397
3 233 1039 397
3 1067 21 810
3 897 14 1052
4 810 1082 897 14
3 14 1067 1052
3 1082 810 21
4 21 92 1052 1067
3 92 21 1082
3 140 627 779
3 387 77 1161
3 201 140 779
4 201 140 1161 77
3 201 1174 779
4 387 627 779 1174
3 627 387 1161
3 1166 294 767
3 294 767 953
3 1166 1000 458
4 69 294 1166 1000
3 767 458 1166
3 294 69 953
3 953 812 69
4 458 767 953 812
3 1182 449 597
3 1180 597 449
4 1180 597 50 270
3 270 50 660
3 799 449 1180
4 1182 660 799 449
3 50 1182 660
3 944 89 1076
3 160 941 743
3 286 160 743
4 160 286 1076 1006
3 89 1076 1006
3 941 89 1006
4 944 743 941 89
3 286 944 743
3 89 1076 251
3 515 89 251
3 605 89 1076
3 251 147 515
3 147 794 515
4 89 605 794 515
3 605 256 1076
4 147 251 1076 256
3 1195 24 578
3 27 1103 308
4 1103 308 578 269
3 578 269 1195
3 1195 1021 269
3 27 24 308
4 1021 1195 24 27
3 239 529 1130
3 1038 32 48
3 467 48 1038
3 1179 239 529
3 1130 1038 467
4 32 529 1130 1038
3 529 32 1179
3 467 239 1130
3 1179 48 32
4 48 1179 239 467
3 485 251 515
3 1130 729 823
3 729 485 823
4 1130 729 515 529
4 485 823 239 251
3 529 515 251
3 251 239 529
3 32 48 920
3 1038 964 120
3 120 48 1038
4 1099 920 48 120
4 32 213 964 1038
3 213 1099 920
3 213 32 920
3 381 587 1179
3 982 32 920
3 987 381 587
3 1179 920 32
3 587 273 987
4 273 587 1179 920
4 32 381 987 982
3 381 32 1179
3 987 982 273
3 529 381 1179
3 1179 251 529
3 251 89 529
3 1076 587 944
4 1076 587 1179 251
4 381 944 89 529
3 587 381 944
3 257 454 998
3 311 664 489
4 822 257 489 664
3 454 257 822
3 454 357 822
4 357 454 998 311
3 998 311 489
3 1056 150 535
3 535 266 1056
3 266 1056 714
3 998 535 150
3 489 150 998
4 714 1056 150 489
3 533 266 714
4 266 533 998 535
3 419 756 775
3 910 419 775
3 756 513 440
4 775 761 513 756
3 440 419 756
3 775 761 910
3 761 716 910
4 419 440 716 910
3 1036 86 115
3 916 419 756
3 916 115 86
3 756 86 916
4 86 756 775 1036
3 692 1036 775
3 692 419 775
4 692 419 916 115
3 778 11 927
3 927 121 778
3 1089 927 11
3 893 11 1089
4 1089 927 121 468
3 468 121 1039
4 778 1039 893 11
3 1039 778 121
3 445 679 999
3 445 289 999
3 289 999 513
3 440 289 513
4 513 999 679 194
3 679 194 1025
4 289 440 1025 445
3 679 445 1025
3 766 455 872
3 289 763 999
4 936 872 65 289
3 289 65 999
3 936 872 455
4 455 763 999 766
3 999 766 65
3 763 455 936
3 1025 486 973
3 486 162 741
4 1025 1022 162 486
3 971 194 1022
3 194 1025 1022
3 486 973 741
4 194 971 741 973
3 526 621 915
3 623 343 372
4 343 623 181 526
3 915 410 181
4 410 915 621 372
3 526 181 915
3 343 621 372
3 576 466 599
4 576 466 621 108
3 576 1128 599
3 621 108 839
3 621 343 839
4 599 1128 839 343
3 322 83 1084
3 1084 632 83
3 1146 403 200
4 83 322 1146 403
3 402 200 1146
4 1084 632 200 402
3 277 1013 403
3 1090 479 212
4 200 277 479 1090
4 403 1013 212 981
3 277 200 403
3 981 212 1090
3 1125 380 809
3 402 46 613
3 809 689 380
4 46 402 689 809
4 1146 613 1125 380
3 402 1146 613
3 660 72 512
3 270 268 1136
4 268 270 512 956
3 1136 660 270
3 956 512 72
4 72 397 1136 660
3 397 72 956
3 770 281 919
3 919 107 770
3 898 107 1142
4 107 898 950 919
3 950 919 281
4 204 281 770 1142
3 1142 770 107
3 281 204 950
3 647 22 768
3 732 391 1045
3 1045 647 391
4 22 147 1045 647
3 794 768 22
4 391 732 794 768
3 147 22 794
3 320 97 930
3 907 249 796
3 502 97 825
3 502 907 825
4 502 97 320 796
3 930 249 320
3 249 796 320
4 825 907 249 930
3 320 620 930
3 803 320 620
3 693 521 1115
3 543 521 930
3 543 320 930
4 320 543 1115 803
3 693 620 803
4 693 620 930 521
3 693 1115 803
3 281 751 919
3 877 281 751
3 281 97 919
3 97 930 919
4 877 320 97 281
3 620 320 877
3 751 620 877
4 620 751 919 930
3 22 768 992
4 129 281 770 22
3 919 768 770
3 768 22 770
3 281 129 751
3 129 992 751
4 919 768 992 751
3 588 420 988
3 1015 588 94
3 1168 94 1015
4 4 420 588 1015
3 420 988 428
4 988 428 1168 94
3 420 4 428
3 937 720 764
3 902 762 464
3 937 464 902
4 862 720 937 464
4 762 902 764 514
3 764 514 720
3 514 862 720
3 764 561 720
3 720 18 561
3 720 703 764
3 703 779 764
4 18 140 703 720
3 140 18 627
4 561 627 779 764
3 627 561 18
4 5 155 883 1166
3 155 5 1111
3 1111 740 155
3 458 456 1166
4 1111 740 458 456
3 1166 883 458
3 158 1016 552
3 1016 330 1137
3 163 1191 552
4 1191 552 1016 330
3 1137 800 330
4 800 1137 158 163
3 163 158 552
3 552 222 1034
3 1034 158 552
3 1059 1034 222
3 222 220 1059
4 552 1112 220 222
3 1112 552 158
3 158 57 1112
4 57 158 1034 1059
3 1007 523 845
3 432 785 523
3 501 159 674
4 523 785 501 1007
4 432 845 674 159
3 845 432 523
3 1007 501 674
3 377 317 1107
3 377 674 1107
3 538 571 657
3 501 377 674
4 377 501 538 317
3 674 571 501
3 538 317 657
4 657 1107 674 571
3 317 1107 657
3 553 538 657
3 1034 163 552
3 538 222 1001
4 553 552 222 538
3 163 553 552
3 1001 657 538
4 657 1001 1034 163
3 894 1163 1016
3 1034 341 315
3 552 315 1034
4 1016 1163 315 552
3 894 158 1016
4 341 1034 158 894
3 209 171 1094
3 209 589 1094
3 171 1094 436
3 795 171 436
4 209 305 795 171
3 305 209 589
3 305 687 589
4 436 1094 589 687
3 572 171 642
3 642 369 572
4 171 347 1124 572
3 347 171 436
3 171 642 436
3 487 369 1124
4 436 642 369 487
3 1124 572 369
3 711 318 832
4 594 471 711 318
3 711 851 832
4 832 851 573 1080
3 1080 573 594
3 573 471 594
3 102 932 928
3 573 102 928
3 573 928 594
3 829 1008 932
4 932 1008 594 928
3 829 102 932
3 573 326 594
4 326 573 102 829
3 625 102 932
3 928 636 164
4 102 164 1074 625
3 932 253 625
4 636 928 932 253
3 164 102 928
3 253 1074 625
3 684 1033 1019
3 886 73 510
3 73 510 508
4 508 510 463 684
3 684 463 1019
3 1033 73 508
4 886 1019 1033 73
3 1019 886 463
3 336 577 407
3 1029 336 407
3 1029 755 641
3 641 407 1029
4 577 697 641 407
3 10 697 577
4 1029 755 10 336
3 336 10 577
3 959 271 658
3 611 841 817
3 994 611 841
3 611 271 817
3 994 959 303
4 959 994 611 271
3 817 658 271
4 658 817 841 303
3 841 303 994
3 658 485 959
3 271 89 1006
4 485 658 1006 251
3 959 515 485
4 89 271 959 515
3 1006 251 89
3 313 192 439
3 252 834 563
3 63 563 313
3 439 63 313
3 834 192 905
4 192 834 563 313
3 834 252 905
4 252 905 439 63
3 743 138 434
3 439 286 313
3 138 1003 434
3 743 313 286
3 192 138 1003
4 138 192 313 743
3 1003 439 192
3 434 286 743
4 286 434 1003 439
3 1114 459 614
3 459 614 1139
3 434 160 743
3 1114 743 160
3 614 160 1114
4 434 1139 614 160
3 459 138 1139
4 138 459 1114 743
3 1139 434 138
3 988 78 420
3 588 287 1123
4 662 420 588 287
3 1123 988 588
4 78 188 1123 988
3 188 78 662
3 662 420 78
3 338 411 701
3 747 338 411
3 404 98 1097
3 411 243 747
3 747 404 243
4 243 411 701 1097
3 98 1097 701
4 98 338 747 404
3 338 98 701
3 635 252 834
3 55 837 1132
3 725 55 1132
3 1132 563 725
3 563 252 725
4 725 252 635 55
3 635 55 837
3 837 834 635
4 834 837 1132 563
3 635 765 834
3 939 635 765
3 146 1104 167
3 765 167 939
4 167 765 834 1104
3 167 146 939
4 146 939 635 905
3 834 635 905
3 1104 834 905
3 481 101 765
4 101 765 834 963
3 931 252 963
4 635 481 931 252
3 635 481 765
3 963 834 252
3 1062 525 418
3 1088 474 210
3 210 180 1088
4 180 210 525 1062
3 418 229 1062
4 229 418 474 1088
3 872 262 455
3 113 13 1154
3 979 872 766
3 113 1154 262
4 872 979 1154 262
4 766 13 113 455
3 766 13 979
3 455 113 262
3 694 231 1116
3 804 321 640
3 321 184 696
3 696 231 184
4 640 694 231 696
3 694 640 804
4 184 321 804 1116
3 694 1116 804
3 640 272 804
3 272 379 804
3 640 45 878
4 361 272 640 45
3 878 804 640
4 804 878 980 379
3 361 980 379
3 361 272 379
3 889 238 348
3 567 348 889
4 889 1020 1066 238
4 787 348 567 331
3 567 331 1020
3 1066 238 787
3 1020 889 567
3 787 348 238
3 633 469 960
3 469 960 1073
3 1073 817 197
4 841 960 1073 817
3 633 611 841
3 633 960 841
3 469 197 1073
4 197 469 633 611
3 67 363 1135
3 1138 67 363
3 1135 1100 8
4 137 363 1135 1100
3 137 1141 1138
3 363 137 1138
3 67 8 1135
4 1138 1141 8 67
3 1171 142 918
3 918 15 1171
3 373 142 1183
3 450 15 802
3 1183 918 142
4 1183 918 15 450
3 15 1171 802
4 142 373 802 1171
3 401 107 1061
4 825 919 107 401
3 919 825 97
3 1061 1009 401
4 97 770 1061 1009
3 770 97 919
3 816 612 797
3 880 848 232
4 448 797 880 848
3 797 448 816
3 816 592 448
4 592 816 612 232
3 612 232 880
3 677 737 152
3 1057 152 677
3 157 152 737
4 152 157 797 1057
3 157 816 737
3 1057 797 612
4 612 677 737 816
3 677 612 1057
3 891 336 577
4 446 336 891 152
3 677 152 891
3 737 407 446
4 577 677 737 407
3 677 577 891
3 407 336 446
3 1057 447 682
3 447 682 953
4 69 447 1057 880
3 953 509 69
4 612 682 953 509
3 682 612 1057
3 1057 880 612
3 447 69 953
3 934 490 948
3 682 677 1057
3 948 351 490
3 152 677 351
3 490 152 351
4 152 490 934 1057
3 682 1057 934
4 351 677 682 948
3 948 682 934
3 637 745 974
3 226 52 173
4 908 637 52 226
3 908 637 974
3 908 986 974
4 974 986 173 745
3 52 745 173
3 1026 637 974
3 974 680 1026
4 948 745 974 680
3 637 490 745
4 490 637 1026 934
3 490 948 745
3 1026 934 680
3 974 568 1026
3 637 974 742
3 637 70 742
4 359 1026 637 70
3 1026 359 568
3 359 972 568
4 974 742 972 568
3 838 453 873
3 407 104 1029
4 669 873 446 1029
3 453 873 669
3 407 1029 446
3 453 104 669
4 407 838 453 104
3 838 407 446
3 60 405 989
3 602 237 1158
4 60 92 237 1158
3 92 60 989
3 602 405 1158
4 405 602 1082 989
3 92 1082 989
3 317 831 1107
3 345 470 377
4 377 470 710 317
3 710 317 831
4 1041 831 1107 345
3 1107 345 377
3 710 1041 831
3 363 136 1138
3 754 273 850
3 850 430 754
3 363 1138 982
4 430 850 982 1138
3 430 136 754
4 136 754 273 363
3 363 273 982
3 1170 179 917
3 917 0 1170
3 449 0 870
3 0 1170 870
4 0 449 1182 917
3 1182 917 179
4 179 597 870 1170
3 597 179 1182
3 456 1166 937
4 1166 937 720 294
3 764 456 937
4 767 561 764 456
3 294 767 561
3 720 294 561
3 447 294 953
3 21 230 810
3 810 767 1067
3 767 294 1067
4 1067 294 447 21
3 230 21 447
3 953 230 447
4 810 767 953 230
3 774 340 866
3 340 409 866
3 366 156 774
3 738 409 842
4 842 340 774 156
3 409 340 842
4 738 409 866 366
3 866 366 774
3 655 67 1135
3 1135 48 655
4 920 363 1135 48
3 920 363 982
4 67 982 32 655
3 48 32 655
3 363 67 982
3 578 267 1195
3 48 1038 655
4 655 1038 773 1195
3 578 1195 773
3 578 467 773
3 267 48 655
4 578 467 48 267
3 1154 82 113
3 82 113 1087
3 239 113 1154
3 1154 529 239
4 82 381 529 1154
3 381 1179 1087
3 381 82 1087
4 113 239 1179 1087
3 150 535 1193
3 267 1195 1056
3 1193 578 24
3 150 24 1193
4 1056 1195 24 150
3 535 267 1056
4 267 535 1193 578
3 1119 11 1044
3 242 115 1036
4 115 242 1044 1089
3 86 11 1089
4 1036 1119 11 86
3 242 1119 1036
3 1089 1044 11
3 11 1044 927
3 936 257 454
3 763 11 927
4 454 1119 11 763
3 1119 454 257
3 1044 257 1119
3 763 936 927
4 927 936 257 1044
3 694 1116 774
3 684 231 1033
4 694 366 684 231
3 694 366 774
3 231 1116 1033
4 1033 1116 774 1019
3 366 1019 774
3 976 679 1046
3 486 148 516
4 1025 1046 148 486
3 679 1046 1025
3 148 976 516
4 973 679 976 516
3 973 679 1025
3 362 333 600
3 915 362 600
4 629 621 915 362
3 621 526 839
4 333 600 526 839
3 629 621 839
3 228 37 1160
3 1160 121 228
3 183 37 921
4 1039 228 37 183
3 1039 228 121
3 37 1160 921
3 233 121 1039
4 121 233 921 1160
3 426 129 608
3 751 44 877
3 877 544 44
4 44 537 608 751
3 751 608 129
3 537 426 544
3 537 44 544
4 426 544 877 129
3 877 129 751
3 841 500 994
3 611 608 426
3 500 994 992
4 608 611 994 992
3 841 426 611
4 426 841 500 129
3 500 129 992
3 365 500 1018
3 994 365 500
3 1018 584 462
4 584 1018 500 303
3 500 303 994
3 462 365 1018
4 365 462 727 994
3 994 727 303
3 394 365 1018
3 394 1018 647
4 22 500 1018 647
3 768 394 647
3 500 22 992
3 500 365 992
4 394 768 992 365
3 249 555 796
3 219 54 907
3 796 219 907
4 555 558 219 796
3 558 555 722
3 555 249 722
4 249 722 54 907
3 523 281 950
4 281 523 1007 877
3 1007 877 44
4 751 950 845 44
3 950 751 281
3 845 44 1007
3 932 423 625
3 625 360 423
3 829 625 932
4 625 829 912 360
3 829 414 932
4 414 932 423 598
3 598 423 360
3 912 360 598
3 960 542 633
3 633 477 542
4 102 542 960 625
3 542 102 477
3 102 932 477
4 932 477 633 423
3 633 423 960
3 960 625 423
3 342 693 477
3 1115 342 693
3 102 928 477
3 342 102 477
3 1115 573 471
4 102 342 1115 573
3 693 471 1115
4 928 477 693 471
3 733 190 291
3 424 626 807
4 283 291 667 424
3 626 424 667
3 291 283 733
3 626 190 667
4 190 626 807 733
3 283 807 733
3 42 1152 891
3 677 42 891
4 1057 891 1152 447
3 677 1057 891
4 230 682 677 42
3 682 230 447
3 230 1152 447
3 577 42 891
3 419 42 1152
4 775 1152 891 10
3 891 10 577
3 1152 775 419
3 10 910 577
4 910 577 42 419
3 672 218 1054
3 1054 596 672
3 218 11 1044
3 218 1054 1044
4 11 218 672 778
3 927 596 778
4 1044 1054 596 927
3 778 672 596
3 1054 50 218
3 660 218 50
4 218 660 72 672
3 1101 1054 672
4 1101 1054 50 512
3 512 50 660
3 672 72 1101
3 614 499 1114
3 244 55 837
3 1132 1114 499
3 499 55 1132
3 244 837 459
4 459 837 1132 1114
4 244 614 499 55
3 614 244 459
3 278 856 699
3 544 278 699
3 699 537 544
3 537 725 544
4 544 725 55 278
3 278 55 856
3 55 1132 856
4 856 1132 537 699
3 1073 338 701
3 1114 411 614
4 1114 411 701 197
3 701 197 1073
3 1073 499 197
4 1073 499 614 338
3 411 338 614
3 411 274 747
3 78 420 1177
3 420 274 988
3 988 747 274
4 420 274 411 1177
3 1177 411 338
4 78 338 747 988
3 338 78 1177
3 411 747 614
4 614 747 1070 1139
3 364 274 1070
4 274 364 459 411
3 459 411 614
3 364 1139 1070
3 556 321 663
3 663 640 321
4 640 663 718 272
3 718 272 730
4 321 556 730 804
3 272 804 730
3 866 694 774
3 914 272 379
3 804 774 694
4 340 379 804 774
3 379 340 914
3 694 272 804
4 272 694 866 914
3 914 866 340
3 1011 172 643
3 172 643 914
3 961 340 409
3 643 91 1011
4 409 914 643 91
3 914 409 340
3 1011 961 91
3 340 172 914
4 172 340 961 1011
3 238 348 945
4 238 465 643 889
3 465 1011 945
3 465 238 945
3 889 643 172
3 348 172 889
4 172 348 945 1011
3 98 708 1097
3 900 404 441
3 404 1097 441
4 860 708 1097 441
3 860 708 977
4 404 900 977 98
3 708 98 977
3 360 98 708
3 601 1143 1097
3 601 98 1097
4 360 899 601 98
3 899 360 598
4 598 708 1097 1143
3 360 708 598
3 293 328 1192
3 136 1138 1060
3 328 136 1060
3 293 67 1192
4 1060 1138 67 293
4 136 328 1192 363
3 1192 363 67
3 379 172 914
3 643 628 652
4 628 643 914 361
3 914 361 379
3 361 279 379
3 643 172 652
4 172 652 279 379
3 205 78 1177
3 205 369 1177
3 369 205 1124
3 906 369 1124
4 1177 662 906 369
3 78 1177 662
3 565 78 662
4 565 78 205 1124
3 142 630 918
3 142 19 630
3 19 1187 630
4 1187 630 918 329
3 918 329 1171
3 1171 724 329
4 19 142 1171 724
3 171 642 1094
4 960 572 171 542
3 542 171 1094
3 1094 633 542
3 469 960 572
3 642 469 572
4 633 1094 642 469
3 651 278 856
3 642 171 651
4 209 278 651 171
3 209 1094 699
3 278 209 699
3 856 642 651
4 1094 699 856 642
3 699 44 544
3 674 44 1007
3 1007 544 44
4 278 377 1007 544
4 1107 699 44 674
3 1107 699 278
3 377 278 1107
3 405 60 668
3 405 351 668
3 490 478 948
4 478 490 668 60
4 351 405 989 948
3 478 989 948
3 1026 123 568
3 908 36 974
3 709 123 323
4 908 1026 123 709
3 1026 908 974
3 123 568 323
4 323 568 974 36
3 712 291 733
3 901 712 1023
3 1105 901 1023
4 712 1023 416 291
3 416 291 557
4 557 733 901 1105
3 291 733 557
3 873 712 838
4 291 296 873 712
3 296 291 190
3 453 190 296
4 190 453 838 733
3 838 733 712
3 244 329 837
3 939 724 792
4 244 635 939 724
4 837 765 792 329
3 837 765 635
3 635 244 837
3 724 329 792
3 1056 134 266
3 267 266 1056
4 1135 1192 266 267
3 1192 1135 67
4 67 134 1056 655
3 1056 655 267
3 134 67 1192
3 622 368 777
3 435 167 527
4 167 527 777 1104
3 622 435 527
4 146 368 622 435
3 1104 777 368
3 368 146 1104
3 18 680 561
3 294 18 561
3 294 953 561
4 18 294 447 934
4 561 953 682 680
3 682 680 934
3 682 447 934
3 626 211 1042
3 1042 424 626
3 424 409 961
3 961 626 424
4 409 424 1042 866
3 211 1042 866
3 340 211 866
4 211 340 961 626
3 179 917 966
3 917 328 1170
3 328 293 1170
4 1170 293 134 179
4 328 917 966 1192
3 134 1192 966
3 179 134 966
3 455 1193 262
3 262 150 1193
3 455 454 936
4 1193 998 454 455
3 257 150 998
3 150 1193 998
3 455 262 936
4 150 257 936 262
3 457 882 872
3 457 455 872
4 455 457 308 1193
3 262 24 1193
4 24 262 872 882
3 1193 308 24
3 350 442 492
3 506 350 492
3 421 145 574
3 442 350 852
4 506 574 852 350
3 442 421 852
3 145 574 506
4 421 442 492 145
3 492 145 506
3 567 585 889
4 567 835 350 348
3 585 442 835
3 585 567 835
4 492 889 585 442
3 350 348 492
3 348 889 492
3 1046 445 679
3 999 507 65
4 679 681 507 999
3 681 679 1046
3 681 258 1046
3 445 65 999
4 258 1046 445 65
3 1046 926 976
3 926 37 976
4 228 679 976 37
3 679 228 445
3 228 1160 445
4 926 1046 445 1160
3 542 342 477
3 342 477 365
3 633 542 841
4 342 500 841 542
4 365 477 633 994
3 994 633 841
3 500 342 365
3 514 123 720
4 720 123 1026 18
3 680 18 1026
3 561 514 720
4 514 561 680 568
3 680 568 1026
3 717 249 555
3 620 589 803
3 249 555 320
3 620 249 320
4 589 717 249 620
3 305 717 589
4 320 555 305 803
3 803 305 589
3 571 538 796
4 553 555 796 538
3 555 553 717
3 571 249 796
4 657 717 249 571
3 717 657 553
3 803 209 589
3 620 44 877
3 544 209 699
4 209 544 877 803
4 44 620 589 699
3 699 589 209
3 877 803 620
3 360 423 708
3 253 189 625
4 977 360 625 189
3 423 253 625
3 708 360 977
4 290 708 423 253
3 708 290 977
3 542 477 1094
3 542 209 1094
4 803 342 542 209
3 693 342 803
3 693 589 803
4 477 1094 589 693
3 645 759 830
3 645 234 830
3 759 645 760
3 759 73 760
4 760 645 234 510
3 510 234 886
4 73 759 830 886
3 886 830 234
3 492 483 506
3 650 483 609
3 292 265 350
4 265 350 506 609
3 609 506 483
3 492 292 350
4 650 483 492 292
3 969 42 868
4 34 336 891 868
3 42 891 868
3 336 34 913
3 913 577 336
4 577 913 969 42
3 587 119 987
3 119 325 987
3 587 987 944
3 325 313 439
4 313 325 987 944
3 325 119 439
3 587 286 944
4 587 286 439 119
3 368 382 777
3 382 84 1178
4 84 382 777 1072
3 139 1072 777
3 1178 700 84
3 368 139 777
4 139 368 1178 700
3 1165 118 386
3 896 160 941
4 434 386 896 160
3 896 1165 941
4 118 743 941 1165
3 434 386 118
3 743 118 434
3 118 386 1185
3 1165 1154 13
4 386 13 113 1185
3 386 13 1165
4 82 118 1165 1154
3 118 82 1185
3 1185 113 82
3 3 1031 1126
3 966 3 1031
3 535 3 1126
4 134 1031 1126 1056
3 1126 1056 535
3 1031 134 966
3 966 266 134
4 266 966 3 535
3 572 205 369
3 15 651 1171
3 642 15 651
3 918 369 205
4 918 369 642 15
3 642 572 651
4 572 651 1171 205
3 1171 205 918
3 145 211 574
3 1116 574 421
3 694 421 1116
4 421 694 866 145
4 574 1116 774 211
3 774 211 866
3 211 145 866
3 730 567 585
3 554 1 718
3 730 554 718
3 1020 585 567
4 1020 585 718 1
3 1102 567 1020
4 1102 567 730 554
3 730 379 272
3 585 272 730
3 567 172 889
4 379 730 567 172
4 272 585 889 914
3 172 914 889
3 483 506 1028
3 820 483 1028
3 1028 945 820
3 348 238 492
4 238 492 483 820
3 506 348 492
4 348 506 1028 945
3 630 420 428
3 205 142 918
4 420 630 918 1177
3 205 1177 918
3 420 78 428
4 205 142 428 78
3 701 469 1073
3 469 369 572
4 701 1177 369 469
3 469 1073 572
4 1073 572 205 338
3 338 205 1177
3 1177 701 338
3 1073 98 701
4 360 960 1073 98
3 423 360 960
3 469 423 960
4 423 469 701 708
3 98 708 701
3 35 916 810
3 1152 756 419
3 35 21 810
4 756 1152 21 35
3 419 230 1152
4 916 810 230 419
3 856 15 651
3 802 651 15
4 802 651 278 317
3 317 278 1107
4 15 831 1107 856
3 1107 856 278
3 831 15 802
4 837 856 15 329
3 856 837 55
3 651 55 856
4 244 1171 651 55
3 329 244 1171
3 329 15 1171
3 1170 382 917
4 777 840 1170 382
3 840 777 622
3 622 0 840
4 368 917 0 622
3 382 368 917
3 121 228 778
3 763 289 927
4 927 289 445 121
3 228 121 445
4 763 778 228 999
3 999 228 445
3 778 763 927
3 521 394 1032
3 1018 342 365
3 521 1115 1032
4 342 1018 1032 1115
3 342 693 365
4 394 521 693 365
3 1042 145 211
3 759 574 828
3 574 145 828
4 1042 645 828 145
3 830 645 1042
4 574 759 830 211
3 830 211 1042
3 1028 626 667
3 483 145 506
4 145 483 667 1042
3 626 1042 667
3 506 211 145
4 211 506 1028 626
3 596 118 1185
3 596 672 1185
3 1003 672 1101
3 138 118 434
3 118 1185 434
4 672 1003 434 1185
3 672 596 1101
4 118 138 1101 596
4 228 386 1185 778
3 386 228 1160
3 386 118 1160
3 596 1185 778
3 596 121 778
4 596 121 1160 118
3 1087 3 1126
4 1126 381 987 1031
3 119 3 1031
3 1126 381 1087
3 1087 587 381
4 3 119 587 1087
3 1031 987 119
3 1178 119 325
3 1178 754 84
3 987 850 273
3 325 84 1178
4 84 325 987 850
4 119 273 754 1178
3 273 119 987
3 1031 179 966
3 218 3 1054
3 1054 1031 3
4 50 179 1031 1054
3 179 50 1182
3 1182 966 179
4 1182 966 3 218
3 234 830 913
3 104 1029 645
3 830 104 645
4 234 336 1029 645
4 407 913 830 104
3 913 407 336
3 336 234 913
3 1126 82 1087
3 3 1126 1054
3 672 3 1054
3 1185 1087 82
4 3 672 1185 1087
3 596 82 1185
4 1054 1126 82 596
3 1193 113 262
3 535 150 1126
3 1087 535 1126
4 535 1087 113 1193
3 113 82 262
4 150 1126 82 262
3 382 1178 917
3 1031 325 119
4 1031 325 382 179
3 382 179 917
4 917 1178 119 966
3 966 119 1031
3 424 34 807
3 830 626 1042
4 234 1042 424 34
4 830 626 807 913
3 34 913 807
3 830 234 1042
5 216 616 748 352 678
5 255 1159 869 892 498
5 632 277 93 1121 955
5 429 403 1013 967 25
5 41 418 437 584 899
5 195 912 885 715 826
5 371 227 752 1186 815
5 772 23 58 1064 1145
5 452 809 1176 522 111
5 786 784 1133 790 746
5 288 715 304 6 64
5 362 690 864 887 1081
5 664 641 104 759 819
5 528 1030 646 1122 564
5 235 280 96 762 511
5 217 263 570 248 619
5 226 52 1151 967 105
5 358 1121 1053 1063 173
5 90 991 750 619 593
5 298 895 548 1030 261
5 996 789 352 991 993
5 498 298 71 638 493
5 175 560 962 844 217
5 494 1069 646 1043 444
5 332 583 1050 1159 413
5 106 968 1005 250 227
5 88 174 1064 1196 940
5 124 721 704 922 1095
5 100 504 788 324 9
5 331 170 933 922 815
5 100 772 1198 1066 225
5 995 1102 374 276 316
5 309 532 600 333 116
5 275 53 464 911 590
5 762 902 853 1037 776
5 193 462 394 391 389
5 40 832 1065 1147 545
5 711 318 539 581 702
5 673 779 1156 843 75
5 12 894 1137 884 603
5 525 1062 1143 727 193
5 1129 879 20 300 1071
5 631 112 199 813 1109
5 7 245 1189 1012 757
5 141 522 1113 1181 202
5 95 1169 874 843 186
5 168 110 451 808 1086
5 638 247 1108 1014 909
5 9 1035 871 978 207
5 316 1095 1014 676 223
5 818 1147 871 1048 367
5 223 221 606 356 539
5 30 133 1045 925 375
5 128 1099 1196 978 64
5 531 806 1157 882 27
5 215 846 887 1148 546
5 858 1051 812 461 117
5 656 847 2 670 1000
5 264 47 412 1083 575
5 475 678 393 520 929
5 473 204 726 993 753
5 654 71 898 551 624
5 783 782 562 788 785
5 33 541 393 390 388
5 182 654 876 1069 208
5 396 753 1093 698 175
5 390 731 1013 735 518
5 750 949 187 734 607
5 235 540 816 867 1043
5 472 203 972 739 410
5 401 591 581 1133 519
5 207 30 524 996 728
5 307 806 1173 855 392
5 178 827 1092 285 131
5 799 686 415 1167 1136
5 268 683 1027 354 270
5 29 1155 1052 1120 355
5 77 61 94 1123 744
5 476 90 541 523 931
5 198 698 1106 656 865
5 117 310 975 208 334
5 4 536 793 853 603
5 550 1183 630 683 534
5 862 911 475 949 431
5 400 590 1017 782 518
5 222 315 709 811 675
5 359 123 400 216 970
5 5 1155 985 893 155
5 35 1067 1166 883 86
5 28 865 938 495 155
5 398 517 562 675 105
5 1175 314 220 504 1012
5 335 383 503 786 414
5 391 732 780 1108 519
5 241 114 308 1103 827
5 556 554 995 1186 559
5 43 225 854 558 451
5 933 1164 1169 496 54
5 602 661 1149 983 99
5 842 162 969 807 961
5 457 114 474 1088 766
5 210 85 882 872 979
5 206 1127 649 615 339
5 860 1077 1140 1149 427
5 355 80 685 903 900
5 301 295 290 287 161
5 634 254 149 1125 1197
5 1091 1048 58 81 595
5 560 76 997 1134 1131
5 136 137 191 833 610
5 26 417 723 494 154
5 380 81 17 997 943
5 232 509 1122 376 422
5 484 260 334 376 480
5 1 718 488 149 23
5 254 367 826 691 241
5 488 1092 644 696 663
5 31 245 875 1125 380
5 31 212 731 789 174
5 493 250 1176 1090 479
5 388 728 1145 1189 517
5 631 109 306 805 1172
5 20 861 924 374 143
5 126 711 1144 1127 497
5 983 301 56 652 1011
5 75 487 491 497 300
5 1109 957 346 347 349
5 649 1194 1004 906 636
5 33 726 1142 1061 324
5 107 898 801 124 401
5 503 606 1040 1157 1010
5 88 59 396 607 604
5 106 399 964 790 676
5 85 525 746 505 103
5 288 437 474 923 1091
5 224 609 1028 566 177
5 483 820 1150 1199 650
5 116 460 582 644 857
5 735 246 637 908 811
5 74 880 848 344 263
5 744 188 189 951 954
5 80 580 1049 1158 237
5 412 60 92 1120 954
5 557 958 955 952 190
5 337 881 1058 892 96
5 302 132 1153 776 671
5 93 479 935 132 144
5 159 863 721 297 302
5 1098 1053 1068 297 127
5 282 707 938 248 929
5 312 534 39 337 528
5 844 431 797 448 385
5 610 327 344 1106 965
5 512 167 792 1187 956
5 280 261 713 284 203
5 530 805 1188 1035 1
5 161 897 989 1117 615
5 1071 1194 888 387 38
5 77 176 813 1162 1161
5 14 897 1140 666 240
5 408 1111 579 468 240
5 1085 233 268 536 1015
5 354 1180 870 840 527
5 128 120 467 823 1079
5 389 964 1038 1130 729
5 2 185 755 311 533
5 706 1051 697 664 489
5 532 836 1118 848 547
5 549 449 28 883 1036
5 383 771 648 1033 184
5 1062 258 68 546 1010
5 65 68 73 716 289
5 1148 819 822 936 872
5 70 653 623 187 970
5 372 466 821 444 472
5 438 723 284 1050 1084
5 343 946 833 962 623
5 466 639 659 1173 576
5 49 165 946 599 178
5 1021 531 108 621 665
5 246 616 384 984 569
5 385 327 166 526 181
5 322 613 1197 1100 191
5 76 734 384 83 322
5 277 255 1024 689 200
5 46 452 559 1040 618
5 758 1141 438 402 46
5 588 287 888 1174 1015
5 863 432 950 919 825
5 1018 647 1045 1079 584
5 281 97 502 785 523
5 47 904 1074 565 176
5 183 397 1167 1168 94
5 482 1055 1168 495 53
5 937 5 61 201 703
5 168 140 201 1190 957
5 312 310 740 1111 793
5 226 314 1112 1016 370
5 330 169 482 1163 1016
5 1034 1059 1068 36 341
5 1001 1059 1047 907 571
5 57 62 202 704 1047
5 849 881 159 674 345
5 470 520 783 501 377
5 552 1191 373 275 315
5 163 1034 1037 550 450
5 83 429 650 1128 599
5 224 265 576 1084 632
5 425 1128 292 442 857
5 109 1075 795 330 110
5 1137 874 861 687 800
5 471 594 942 784 521
5 510 513 999 507 508
5 286 160 499 725 63
5 563 313 743 1114 1132
5 426 859 1076 1006 817
5 673 4 420 662 1004
5 614 747 781 896 160
5 243 378 941 1114 411
5 180 210 729 959 236
5 485 823 1088 695 658
5 878 321 356 942 1008
5 184 215 307 556 321
5 990 505 221 752 1184
5 433 1184 809 689 417
5 1078 127 141 371 909
5 256 22 770 1142 1096
5 129 281 204 705 859
5 713 876 1002 1005 1024
5 617 247 1002 1072 214
5 36 974 742 413 144
5 600 181 653 873 669
5 157 448 547 1029 446
5 43 112 890 1150 757
5 566 79 879 1164 1181
5 122 1175 808 688 416
5 26 968 780 850 430
5 375 51 754 1134 940
5 798 801 1078 935 1058
5 849 1041 1027 975 548
5 443 422 592 690 586
5 854 219 502 1009 1188
5 54 276 591 825 907
5 545 1009 1061 133 6
5 97 770 647 1032 543
5 458 456 902 564 461
5 570 464 937 1166 1000
5 486 824 810 1082 661
5 294 69 74 862 720
5 87 516 741 738 736
5 151 156 162 486 148
5 120 595 1100 1135 48
5 8 655 1038 990 758
5 363 137 17 1099 920
5 213 732 515 529 32
5 269 578 923 634 49
5 103 773 1195 659 618
5 115 458 767 810 916
5 242 115 740 1180 597
5 50 270 579 1089 1044
5 86 756 513 763 11
5 440 289 927 1089 916
5 1036 1119 454 761 775
5 684 231 696 195 769
5 648 1019 1022 1025 1046
5 362 453 395 410 915
5 583 372 621 629 952
5 480 719 665 915 867
5 526 839 425 1103 353
5 839 259 153 984 343
5 1199 981 212 398 122
5 403 748 604 943 1146
5 131 66 981 1146 613
5 605 89 271 611 608
5 147 485 303 500 22
5 521 930 919 768 394
5 749 617 107 768 794
5 12 341 323 514 764
5 709 1163 703 720 123
5 408 456 764 779 1174
5 219 220 222 538 796
5 553 555 558 1112 552
5 722 717 163 158 496
5 57 1063 986 894 158
5 877 320 796 501 1007
5 16 832 851 349 264
5 164 904 628 1080 573
5 194 971 868 1152 756
5 419 440 1022 969 42
5 148 666 1085 921 926
5 588 274 243 441 1077
5 229 507 582 691 418
5 736 406 640 694 366
5 640 663 818 326 45
5 272 718 1065 1080 361
5 130 156 774 804 878
5 628 951 580 91 643
5 1066 238 465 575 1172
5 16 530 1020 889 643
5 1141 1138 1060 484 821
5 982 1138 433 399 213
5 56 279 594 928 636
5 373 142 19 415 707
5 102 542 171 347 164
5 960 625 1074 1124 572
5 140 370 908 1026 18
5 332 395 838 901 358
5 569 1151 1023 712 873
5 737 739 742 745 351
5 199 688 1023 668 60
5 405 901 1105 1129 1117
5 319 62 95 1105 958
5 153 296 291 416 25
5 424 667 820 465 91
5 283 291 890 1083 1049
5 101 895 798 432 845
5 527 182 101 765 167
5 481 939 435 1093 476
5 777 1104 834 963 624
5 282 1017 538 317 710
5 686 198 593 470 125
5 269 353 836 266 267
5 1021 1195 1056 714 586
5 165 166 791 1192 1135
5 84 430 1060 1170 382
5 136 328 917 1178 754
5 260 840 777 1072 154
5 622 139 196 1131 965
5 627 680 974 986 1156
5 186 173 745 948 38
5 34 424 409 738 971
5 685 409 914 361 135
5 8 67 293 719 639
5 13 896 1006 251 239
5 1179 920 925 147 251
5 242 692 910 822 257
5 454 455 457 460 357
5 311 309 308 1193 998
5 231 421 828 760 508
5 108 846 852 350 265
5 679 194 463 684 681
5 695 781 976 681 229
5 41 601 404 87 769
5 378 180 258 1046 926
5 976 516 29 183 37
5 228 1039 985 973 679
5 319 1098 1090 814 177
5 402 855 1110 814 200
5 11 893 1136 660 218
5 72 299 724 939 146
5 992 994 959 515 794
5 14 387 627 561 767
5 294 1067 1052 1161 18
5 249 722 924 702 930
5 40 543 320 555 306
5 44 620 249 571 674
5 551 947 608 751 950
5 563 537 44 845 963
5 980 295 253 932 1008
5 45 829 625 189 135
5 912 406 903 977 360
5 436 1094 477 928 491
5 102 829 885 1018 342
5 462 414 932 477 365
5 1029 645 760 357 755
5 1081 574 506 609 629
5 668 1158 868 891 152
5 283 34 336 446 712
5 42 602 405 351 677
5 10 891 1057 880 185
5 69 447 1152 775 670
5 196 700 1096 524 59
5 37 1070 1139 434 386
5 171 651 802 1191 795
5 15 450 800 436 642
5 209 278 317 553 305
5 299 1070 988 428 19
5 274 364 1187 630 420
5 988 747 404 900 1123
5 379 980 427 842 340
5 73 1033 1116 574 759
5 111 392 835 567 331
5 350 348 787 1113 1110
5 279 379 730 554 318
5 835 730 804 1116 852
5 272 694 421 442 585
5 1020 1198 875 285 585
5 626 961 1011 945 1028
5 143 170 787 945 206
5 441 151 771 1143 1097
5 197 701 1097 236 271
5 487 884 1183 918 369
5 169 346 1124 205 142
5 601 658 817 1073 98
5 303 841 960 360 899
5 841 542 209 544 426
5 537 699 1094 633 611
5 252 931 1007 544 725
5 877 803 342 500 129
5 278 377 481 635 55
5 157 152 490 637 70
5 797 359 1026 934 1057
5 52 490 478 1162 1086
5 514 561 953 509 511
5 35 21 237 741 973
5 92 478 934 447 21
5 641 407 737 816 592
5 79 557 733 99 339
5 39 831 657 1001 671
5 244 1139 1003 905 635
5 622 435 799 449 0
5 0 328 791 1118 847
5 293 1170 870 858 443
5 568 540 612 682 680
5 568 972 869 1153 323
5 1130 773 24 262 1154
5 1193 113 239 467 578
5 150 257 1044 1054 1126
5 3 218 1119 998 535
5 24 150 489 864 27
5 121 468 824 1025 445
5 717 657 1107 699 589
5 803 1115 851 1075 305
5 304 1032 1115 573 326
5 598 423 633 994 727
5 906 369 469 423 253
5 130 860 708 598 335
5 662 290 708 701 1177
5 483 145 828 333 259
5 669 296 667 1042 645
5 612 677 577 697 232
5 529 1154 1165 941 89
5 386 228 999 766 13
5 113 455 763 778 1185
5 51 273 587 1076 256
5 605 944 987 850 749
5 214 947 313 325 84
5 439 63 705 700 1178
5 655 32 381 1126 1056
5 982 67 134 1031 987
5 172 652 1144 1102 567
5 1082 230 682 948 989
5 419 230 953 812 692
5 453 190 626 830 104
5 765 837 856 1107 345
5 329 792 1041 831 15
5 642 469 197 1132 856
5 499 55 651 572 1073
5 459 329 918 1177 411
5 138 459 837 834 192
5 205 1171 244 614 338
5 710 125 724 1171 802
5 146 660 1182 917 368
5 473 139 368 905 252
5 72 397 1039 778 672
5 693 365 992 751 620
5 471 693 589 687 126
5 145 492 889 914 866
5 292 66 7 238 492
5 445 65 979 1165 1160
5 1031 325 192 1101 1054
5 3 119 439 1003 672
5 512 50 179 382 1104
5 179 134 714 706 597
5 78 338 98 977 188
5 78 428 1055 1190 565
5 336 234 510 761 10
5 234 463 366 866 1042
5 733 838 407 913 807
5 910 577 913 886 716
5 211 774 1019 886 830
5 211 340 172 348 506
5 743 118 82 381 944
5 364 138 118 1160 921
5 267 535 1087 1179 48
5 286 434 1185 1087 587
5 262 936 927 596 82
5 233 956 1101 596 121
5 966 119 273 363 1192
5 966 1182 549 533 266
10 0 1 2 3 4 5 6 7 8 9
10 10 11 12 13 14 15 16 17 18 19
10 20 21 22 23 24 25 26 27 28 29
10 30 31 32 33 34 35 36 37 38 39
10 40 41 42 43 44 45 46 47 48 49
10 50 51 52 53 54 55 56 57 58 59
10 60 61 62 63 64 65 66 67 68 69
10 70 71 72 73 74 75 76 77 78 79
10 70 80 81 82 83 84 85 86 87 88
10 89 90 91 92 93 94 95 96 97 98
10 40 89 99 100 101 102 103 104 105 106
10 107 108 109 110 111 112 113 114 115 116
10 30 117 118 119 120 121 122 123 124 125
10 126 127 128 129 130 131 132 133 134 135
10 136 137 138 139 140 141 142 143 144 145
10 136 146 147 148 149 150 151 152 153 154
10 155 156 157 158 159 160 161 162 163 164
10 165 166 167 168 169 170 171 172 173 174
10 175 176 177 178 179 180 181 182 183 184
10 185 186 187 188 189 190 191 192 193 194
10 195 196 197 198 199 200 201 202 203 204
10 50 165 205 206 207 208 209 210 211 212
10 213 214 215 216 217 218 219 220 221 222
10 155 213 223 224 225 226 227 228 229 230
10 10 231 232 233 234 235 236 237 238 239
10 0 51 240 241 242 243 244 245 246 247
10 248 249 250 251 252 253 254 255 256 257
10 258 259 260 261 262 263 264 265 266 267
10 268 269 270 271 272 273 274 275 276 277
10 278 279 280 281 282 283 284 285 286 287
10 288 289 290 291 292 293 294 295 296 297
10 298 299 300 301 302 303 304 305 306 307
10 41 308 309 310 311 312 313 314 315 316
10 80 317 318 319 320 321 322 323 324 325
10 20 326 327 328 329 330 331 332 333 334
10 71 326 335 336 337 338 339 340 341 342
10 107 126 343 344 345 346 347 348 349 350
10 351 352 353 354 355 356 357 358 359 360
10 361 362 363 364 365 366 367 368 369 370
10 371 372 373 374 375 376 377 378 379 380
10 381 382 383 384 385 386 387 388 389 390
10 288 381 391 392 393 394 395 396 397 398
10 31 399 400 401 402 403 404 405 406 407
10 185 408 409 410 411 412 413 414 415 416
10 175 417 418 419 420 421 422 423 424 425
10 426 427 428 429 430 431 432 433 434 435
10 426 436 437 438 439 440 441 442 443 444
10 445 446 447 448 449 450 451 452 453 454
10 455 456 457 458 459 460 461 462 463 464
10 465 466 467 468 469 470 471 472 473 474
10 298 475 476 477 478 479 480 481 482 483
10 317 475 484 485 486 487 488 489 490 491
10 476 492 493 494 495 496 497 498 499 500
10 492 501 502 503 504 505 506 507 508 509
10 510 511 512 513 514 515 516 517 518 519
10 11 52 520 521 522 523 524 525 526 527
10 528 529 530 531 532 533 534 535 536 537
10 538 539 540 541 542 543 544 545 546 547
10 268 548 549 550 551 552 553 554 555 556
10 343 557 558 559 560 561 562 563 564 565
10 566 567 568 569 570 571 572 573 574 575
10 576 577 578 579 580 581 582 583 584 585
10 586 587 588 589 590 591 592 593 594 595
10 21 81 596 597 598 599 600 601 602 603
10 604 605 606 607 608 609 610 611 612 613
10 604 614 615 616 617 618 619 620 621 622
10 258 623 624 625 626 627 628 629 630 631
10 623 632 633 634 635 636 637 638 639 640
10 166 632 641 642 643 644 645 646 647 648
10 649 650 651 652 653 654 655 656 657 658
10 659 660 661 662 663 664 665 666 667 668
10 278 669 670 671 672 673 674 675 676 677
10 195 678 679 680 681 682 683 684 685 686
10 1 12 687 688 689 690 691 692 693 694
10 99 695 696 697 698 699 700 701 702 703
10 308 704 705 706 707 708 709 710 711 712
10 223 687 713 714 715 716 717 718 719 720
10 408 417 721 722 723 724 725 726 727 728
10 137 418 729 730 731 732 733 734 735 736
10 146 427 737 738 739 740 741 742 743 744
10 729 745 746 747 748 749 750 751 752 753
10 196 754 755 756 757 758 759 760 761 762
10 754 763 764 765 766 767 768 769 770 771
10 186 678 772 773 774 775 776 777 778 779
10 780 781 782 783 784 785 786 787 788 789
10 13 167 224 790 791 792 793 794 795 796
10 2 797 798 799 800 801 802 803 804 805
10 399 806 807 808 809 810 811 812 813 814
10 780 815 816 817 818 819 820 821 822 823
10 90 548 824 825 826 827 828 829 830 831
10 832 833 834 835 836 837 838 839 840 841
10 842 843 844 845 846 847 848 849 850 851
10 852 853 854 855 856 857 858 859 860 861
10 299 862 863 864 865 866 867 868 869 870
10 832 862 871 872 873 874 875 876 877 878
10 557 879 880 881 882 883 884 885 886 887
10 888 889 890 891 892 893 894 895 896 897
10 605 898 899 900 901 902 903 904 905 906
10 586 907 908 909 910 911 912 913 914 915
10 916 917 918 919 920 921 922 923 924 925
10 269 538 916 926 927 928 929 930 931 932
10 436 933 934 935 936 937 938 939 940 941
10 351 484 942 943 944 945 946 947 948 949
10 950 951 952 953 954 955 956 957 958 959
10 960 961 962 963 964 965 966 967 968 969
10 259 520 960 970 971 972 973 974 975 976
10 977 978 979 980 981 982 983 984 985 986
10 961 977 987 988 989 990 991 992 993 994
10 950 995 996 997 998 999 1000 1001 1002 1003
10 1004 1005 1006 1007 1008 1009 1010 1011 1012 1013
10 289 1014 1015 1016 1017 1018 1019 1020 1021 1022
10 270 1023 1024 1025 1026 1027 1028 1029 1030 1031
10 290 539 1032 1033 1034 1035 1036 1037 1038 1039
10 271 1040 1041 1042 1043 1044 1045 1046 1047 1048
10 1032 1040 1049 1050 1051 1052 1053 1054 1055 1056
10 1057 1058 1059 1060 1061 1062 1063 1064 1065 1066
10 1057 1067 1068 1069 1070 1071 1072 1073 1074 1075
10 576 1076 1077 1078 1079 1080 1081 1082 1083 1084
10 1085 1086 1087 1088 1089 1090 1091 1092 1093 1094
10 1085 1095 1096 1097 1098 1099 1100 1101 1102 1103
10 1104 1105 1106 1107 1108 1109 1110 1111 1112 1113
10 1114 1115 1116 1117 1118 1119 1120 1121 1122 1123
10 824 917 1124 1125 1126 1127 1128 1129 1130 1131
10 695 1132 1133 1134 1135 1136 1137 1138 1139 1140
10 1141 1142 1143 1144 1145 1146 1147 1148 1149 1150
10 22 995 1151 1152 1153 1154 1155 1156 1157 1158
10 1151 1159 1160 1161 1162 1163 1164 1165 1166 1167
10 72 1168 1169 1170 1171 1172 1173 1174 1175 1176
10 1004 1168 1177 1178 1179 1180 1181 1182 1183 1184
10 327 1177 1185 1186 1187 1188 1189 1190 1191 1192
10 1132 1178 1193 1194 1195 1196 1197 1198 1199 1200
10 501 1193 1201 1202 1203 1204 1205 1206 1207 1208
10 1005 1209 1210 1211 1212 1213 1214 1215 1216 1217
10 1201 1209 1218 1219 1220 1221 1222 1223 1224 1225
10 328 1226 1227 1228 1229 1230 1231 1232 1233 1234
10 815 987 1226 1235 1236 1237 1238 1239 1240 1241
10 587 1242 1243 1244 1245 1246 1247 1248 1249 1250
10 1058 1251 1252 1253 1254 1255 1256 1257 1258 1259
10 361 1260 1261 1262 1263 1264 1265 1266 1267 1268
10 1269 1270 1271 1272 1273 1274 1275 1276 1277 1278
10 1279 1280 1281 1282 1283 1284 1285 1286 1287 1288
10 1289 1290 1291 1292 1293 1294 1295 1296 1297 1298
10 1299 1300 1301 1302 1303 1304 1305 1306 1307 1308
10 437 763 1299 1309 1310 1311 1312 1313 1314 1315
10 1300 1316 1317 1318 1319 1320 1321 1322 1323 1324
10 510 1086 1104 1325 1326 1327 1328 1329 1330 1331
10 465 1202 1332 1333 1334 1335 1336 1337 1338 1339
10 649 659 833 1340 1341 1342 1343 1344 1345 1346
10 466 511 871 1347 1348 1349 1350 1351 1352 1353
10 528 834 1354 1355 1356 1357 1358 1359 1360 1361
10 371 1141 1362 1363 1364 1365 1366 1367 1368 1369
10 82 1159 1370 1371 1372 1373 1374 1375 1376 1377
10 502 863 1378 1379 1380 1381 1382 1383 1384 1385
10 455 1386 1387 1388 1389 1390 1391 1392 1393 1394
10 279 1395 1396 1397 1398 1399 1400 1401 1402 1403
10 529 1325 1404 1405 1406 1407 1408 1409 1410 1411
10 530 1347 1412 1413 1414 1415 1416 1417 1418 1419
10 549 1420 1421 1422 1423 1424 1425 1426 1427 1428
10 91 650 1420 1429 1430 1431 1432 1433 1434 1435
10 651 1436 1437 1438 1439 1440 1441 1442 1443 1444
10 660 1445 1446 1447 1448 1449 1450 1451 1452 1453
10 1436 1445 1454 1455 1456 1457 1458 1459 1460 1461
10 661 806 1354 1462 1463 1464 1465 1466 1467 1468
10 117 540 1421 1469 1470 1471 1472 1473 1474 1475
10 550 1462 1476 1477 1478 1479 1480 1481 1482 1483
10 1476 1484 1485 1486 1487 1488 1489 1490 1491 1492
10 291 1469 1484 1493 1494 1495 1496 1497 1498 1499
10 531 1500 1501 1502 1503 1504 1505 1506 1507 1508
10 577 1087 1500 1509 1510 1511 1512 1513 1514 1515
10 558 888 1516 1517 1518 1519 1520 1521 1522 1523
10 456 1516 1524 1525 1526 1527 1528 1529 1530 1531
10 445 566 889 1532 1533 1534 1535 1536 1537 1538
10 127 1539 1540 1541 1542 1543 1544 1545 1546 1547
10 156 1548 1549 1550 1551 1552 1553 1554 1555 1556
10 852 1539 1557 1558 1559 1560 1561 1562 1563 1564
10 352 1565 1566 1567 1568 1569 1570 1571 1572 1573
10 60 1565 1574 1575 1576 1577 1578 1579 1580 1581
10 372 1574 1582 1583 1584 1585 1586 1587 1588 1589
10 73 942 1590 1591 1592 1593 1594 1595 1596 1597
10 138 176 713 1598 1599 1600 1601 1602 1603 1604
10 1598 1605 1606 1607 1608 1609 1610 1611 1612 1613
10 187 737 1605 1614 1615 1616 1617 1618 1619 1620
10 147 588 898 1621 1622 1623 1624 1625 1626 1627
10 962 1628 1629 1630 1631 1632 1633 1634 1635 1636
10 1628 1637 1638 1639 1640 1641 1642 1643 1644 1645
10 335 1646 1647 1648 1649 1650 1651 1652 1653 1654
10 879 1655 1656 1657 1658 1659 1660 1661 1662 1663
10 1655 1664 1665 1666 1667 1668 1669 1670 1671 1672
10 446 1673 1674 1675 1676 1677 1678 1679 1680 1681
10 447 1289 1664 1682 1683 1684 1685 1686 1687 1688
10 157 1689 1690 1691 1692 1693 1694 1695 1696 1697
10 53 260 781 1698 1699 1700 1701 1702 1703 1704
10 641 1646 1698 1705 1706 1707 1708 1709 1710 1711
10 261 336 1235 1712 1713 1714 1715 1716 1717 1718
10 1332 1386 1719 1720 1721 1722 1723 1724 1725 1726
10 467 1446 1727 1728 1729 1730 1731 1732 1733 1734
10 32 662 1422 1735 1736 1737 1738 1739 1740 1741
10 280 755 1742 1743 1744 1745 1746 1747 1748 1749
10 714 1750 1751 1752 1753 1754 1755 1756 1757 1758
10 679 688 1759 1760 1761 1762 1763 1764 1765 1766
10 177 188 1759 1767 1768 1769 1770 1771 1772 1773
10 42 652 1774 1775 1776 1777 1778 1779 1780 1781
10 614 696 1782 1783 1784 1785 1786 1787 1788 1789
10 1727 1790 1791 1792 1793 1794 1795 1796 1797 1798
10 240 1454 1750 1799 1800 1801 1802 1803 1804 1805
10 704 1806 1807 1808 1809 1810 1811 1812 1813 1814
10 139 214 899 1806 1815 1816 1817 1818 1819 1820
10 721 1821 1822 1823 1824 1825 1826 1827 1828 1829
10 158 178 1830 1831 1832 1833 1834 1835 1836 1837
10 1821 1830 1838 1839 1840 1841 1842 1843 1844 1845
10 409 764 1846 1847 1848 1849 1850 1851 1852 1853
10 1854 1855 1856 1857 1858 1859 1860 1861 1862 1863
10 765 772 933 1864 1865 1866 1867 1868 1869 1870
10 231 1767 1871 1872 1873 1874 1875 1876 1877 1878
10 1822 1846 1854 1879 1880 1881 1882 1883 1884 1885
10 1886 1887 1888 1889 1890 1891 1892 1893 1894 1895
10 232 400 797 1886 1896 1897 1898 1899 1900 1901
10 205 1902 1903 1904 1905 1906 1907 1908 1909 1910
10 970 1279 1911 1912 1913 1914 1915 1916 1917 1918
10 798 807 1412 1728 1919 1920 1921 1922 1923 1924
10 1925 1926 1927 1928 1929 1930 1931 1932 1933 1934
10 468 1194 1340 1935 1936 1937 1938 1939 1940 1941
10 92 835 1133 1378 1942 1943 1944 1945 1946 1947
10 697 1948 1949 1950 1951 1952 1953 1954 1955 1956
10 248 1957 1958 1959 1960 1961 1962 1963 1964 1965
10 61 842 1966 1967 1968 1969 1970 1971 1972 1973
10 382 1014 1974 1975 1976 1977 1978 1979 1980 1981
10 1982 1983 1984 1985 1986 1987 1988 1989 1990 1991
10 1992 1993 1994 1995 1996 1997 1998 1999 2000 2001
10 2002 2003 2004 2005 2006 2007 2008 2009 2010 2011
10 624 880 1629 2012 2013 2014 2015 2016 2017 2018
10 512 1719 2019 2020 2021 2022 2023 2024 2025 2026
10 1621 2027 2028 2029 2030 2031 2032 2033 2034 2035
10 2036 2037 2038 2039 2040 2041 2042 2043 2044 2045
10 2046 2047 2048 2049 2050 2051 2052 2053 2054 2055
10 926 1114 2056 2057 2058 2059 2060 2061 2062 2063
10 318 2064 2065 2066 2067 2068 2069 2070 2071 2072
10 951 1160 2073 2074 2075 2076 2077 2078 2079 2080
10 606 1902 2081 2082 2083 2084 2085 2086 2087 2088
10 2027 2081 2089 2090 2091 2092 2093 2094 2095 2096
10 1242 2097 2098 2099 2100 2101 2102 2103 2104 2105
10 148 2097 2106 2107 2108 2109 2110 2111 2112 2113
10 996 2114 2115 2116 2117 2118 2119 2120 2121 2122
10 1006 1227 1790 2123 2124 2125 2126 2127 2128 2129
10 1774 1782 1935 2123 2130 2131 2132 2133 2134 2135
10 1015 1041 1477 1501 2136 2137 2138 2139 2140 2141
10 1042 1404 2142 2143 2144 2145 2146 2147 2148 2149
10 1023 1362 2150 2151 2152 2153 2154 2155 2156 2157
10 362 1049 2158 2159 2160 2161 2162 2163 2164 2165
10 2166 2167 2168 2169 2170 2171 2172 2173 2174 2175
10 457 1105 1532 2176 2177 2178 2179 2180 2181 2182
10 1095 2176 2183 2184 2185 2186 2187 2188 2189 2190
10 1016 1509 2191 2192 2193 2194 2195 2196 2197 2198
10 300 1115 1124 2199 2200 2201 2202 2203 2204 2205
10 2199 2206 2207 2208 2209 2210 2211 2212 2213 2214
10 825 1355 2206 2215 2216 2217 2218 2219 2220 2221
10 907 2028 2073 2222 2223 2224 2225 2226 2227 2228
10 2029 2229 2230 2231 2232 2233 2234 2235 2236 2237
10 2238 2239 2240 2241 2242 2243 2244 2245 2246 2247
10 1116 2238 2248 2249 2250 2251 2252 2253 2254 2255
10 1992 2002 2256 2257 2258 2259 2260 2261 2262 2263
10 2036 2264 2265 2266 2267 2268 2269 2270 2271 2272
10 1251 1269 2273 2274 2275 2276 2277 2278 2279 2280
10 1067 1076 1493 2281 2282 2283 2284 2285 2286 2287
10 2288 2289 2290 2291 2292 2293 2294 2295 2296 2297
10 363 373 2298 2299 2300 2301 2302 2303 2304 2305
10 353 2064 2306 2307 2308 2309 2310 2311 2312 2313
10 1280 1879 2314 2315 2316 2317 2318 2319 2320 2321
10 2314 2322 2323 2324 2325 2326 2327 2328 2329 2330
10 410 738 745 1301 2331 2332 2333 2334 2335 2336
10 493 943 2337 2338 2339 2340 2341 2342 2343 2344
10 374 2345 2346 2347 2348 2349 2350 2351 2352 2353
10 843 1260 2345 2354 2355 2356 2357 2358 2359 2360
10 1152 1185 2361 2362 2363 2364 2365 2366 2367 2368
10 503 1169 1370 2369 2370 2371 2372 2373 2374 2375
10 354 1142 2376 2377 2378 2379 2380 2381 2382 2383
10 2376 2384 2385 2386 2387 2388 2389 2390 2391 2392
10 485 2384 2393 2394 2395 2396 2397 2398 2399 2400
10 1161 2229 2401 2402 2403 2404 2405 2406 2407 2408
10 680 1437 1751 2409 2410 2411 2412 2413 2414 2415
10 1742 1847 1871 1887 2416 2417 2418 2419 2420 2421
10 1395 2422 2423 2424 2425 2426 2427 2428 2429 2430
10 1088 1925 2019 2431 2432 2433 2434 2435 2436 2437
10 2166 2438 2439 2440 2441 2442 2443 2444 2445 2446
10 1735 1888 2438 2447 2448 2449 2450 2451 2452 2453
10 3 1447 2447 2454 2455 2456 2457 2458 2459 2460
10 108 567 1106 2191 2461 2462 2463 2464 2465 2466
10 559 568 1665 2467 2468 2469 2470 2471 2472 2473
10 1666 2474 2475 2476 2477 2478 2479 2480 2481 2482
10 782 2114 2483 2484 2485 2486 2487 2488 2489 2490
10 746 1557 2491 2492 2493 2494 2495 2496 2497 2498
10 428 853 2499 2500 2501 2502 2503 2504 2505 2506
10 1290 1302 2474 2491 2507 2508 2509 2510 2511 2512
10 309 1606 1752 2513 2514 2515 2516 2517 2518 2519
10 2520 2521 2522 2523 2524 2525 2526 2527 2528 2529
10 589 934 1614 2530 2531 2532 2533 2534 2535 2536
10 773 2513 2537 2538 2539 2540 2541 2542 2543 2544
10 2537 2545 2546 2547 2548 2549 2550 2551 2552 2553
10 1689 1838 2554 2555 2556 2557 2558 2559 2560 2561
10 816 1455 1791 2562 2563 2564 2565 2566 2567 2568
10 1743 1760 2454 2569 2570 2571 2572 2573 2574 2575
10 705 1775 2562 2576 2577 2578 2579 2580 2581 2582
10 2520 2530 2583 2584 2585 2586 2587 2588 2589 2590
10 1316 1673 2591 2592 2593 2594 2595 2596 2597 2598
10 1096 2591 2599 2600 2601 2602 2603 2604 2605 2606
10 1926 2599 2607 2608 2609 2610 2611 2612 2613 2614
10 1309 1855 2615 2616 2617 2618 2619 2620 2621 2622
10 2623 2624 2625 2626 2627 2628 2629 2630 2631 2632
10 935 1243 2633 2634 2635 2636 2637 2638 2639 2640
10 908 2037 2521 2641 2642 2643 2644 2645 2646 2647
10 615 783 1903 2576 2648 2649 2650 2651 2652 2653
10 206 215 706 1799 2654 2655 2656 2657 2658 2659
10 1831 1872 2315 2660 2661 2662 2663 2664 2665 2666
10 1856 1889 2667 2668 2669 2670 2671 2672 2673 2674
10 541 2675 2676 2677 2678 2679 2680 2681 2682 2683
10 1429 2439 2675 2684 2685 2686 2687 2688 2689 2690
10 1582 2377 2691 2692 2693 2694 2695 2696 2697 2698
10 844 1583 2699 2700 2701 2702 2703 2704 2705 2706
10 1957 2707 2708 2709 2710 2711 2712 2713 2714 2715
10 383 2716 2717 2718 2719 2720 2721 2722 2723 2724
10 438 854 1291 2725 2726 2727 2728 2729 2730 2731
10 855 1982 2732 2733 2734 2735 2736 2737 2738 2739
10 249 2740 2741 2742 2743 2744 2745 2746 2747 2748
10 1993 2716 2749 2750 2751 2752 2753 2754 2755 2756
10 128 2757 2758 2759 2760 2761 2762 2763 2764 2765
10 845 1958 2046 2766 2767 2768 2769 2770 2771 2772
10 2749 2773 2774 2775 2776 2777 2778 2779 2780 2781
10 1966 2273 2773 2782 2783 2784 2785 2786 2787 2788
10 1387 2183 2789 2790 2791 2792 2793 2794 2795 2796
10 978 1210 2789 2797 2798 2799 2800 2801 2802 2803
10 2600 2804 2805 2806 2807 2808 2809 2810 2811 2812
10 233 2322 2813 2814 2815 2816 2817 2818 2819 2820
10 1281 2431 2790 2821 2822 2823 2824 2825 2826 2827
10 62 2038 2828 2829 2830 2831 2832 2833 2834 2835
10 63 2047 2098 2836 2837 2838 2839 2840 2841 2842
10 197 669 2843 2844 2845 2846 2847 2848 2849 2850
10 319 2074 2851 2852 2853 2854 2855 2856 2857 2858
10 216 1548 2082 2859 2860 2861 2862 2863 2864 2865
10 2422 2866 2867 2868 2869 2870 2871 2872 2873 2874
10 670 2866 2875 2876 2877 2878 2879 2880 2881 2882
10 952 2065 2099 2883 2884 2885 2886 2887 2888 2889
10 250 2633 2890 2891 2892 2893 2894 2895 2896 2897
10 2782 2828 2898 2899 2900 2901 2902 2903 2904 2905
10 2898 2906 2907 2908 2909 2910 2911 2912 2913 2914
10 953 2089 2106 2915 2916 2917 2918 2919 2920 2921
10 1228 1783 2483 2922 2923 2924 2925 2926 2927 2928
10 616 1807 1948 2929 2930 2931 2932 2933 2934 2935
10 2239 2936 2937 2938 2939 2940 2941 2942 2943 2944
10 2142 2158 2717 2945 2946 2947 2948 2949 2950 2951
10 118 1068 2952 2953 2954 2955 2956 2957 2958 2959
10 890 963 2960 2961 2962 2963 2964 2965 2966 2967
10 1107 1974 2143 2968 2969 2970 2971 2972 2973 2974
10 344 1524 2288 2968 2975 2976 2977 2978 2979 2980
10 1024 1405 2215 2981 2982 2983 2984 2985 2986 2987
10 1134 1186 2988 2989 2990 2991 2992 2993 2994 2995
10 1125 1379 2996 2997 2998 2999 3000 3001 3002 3003
10 3004 3005 3006 3007 3008 3009 3010 3011 3012 3013
10 2354 3004 3014 3015 3016 3017 3018 3019 3020 3021
10 3014 3022 3023 3024 3025 3026 3027 3028 3029 3030
10 2875 3031 3032 3033 3034 3035 3036 3037 3038 3039
10 1270 3031 3040 3041 3042 3043 3044 3045 3046 3047
10 2264 3048 3049 3050 3051 3052 3053 3054 3055 3056
10 3048 3057 3058 3059 3060 3061 3062 3063 3064 3065
10 1271 2906 3066 3067 3068 3069 3070 3071 3072 3073
10 1077 3066 3074 3075 3076 3077 3078 3079 3080 3081
10 109 3067 3082 3083 3084 3085 3086 3087 3088 3089
10 1252 1975 2289 2774 3090 3091 3092 3093 3094 3095
10 2691 3096 3097 3098 3099 3100 3101 3102 3103 3104
10 494 1218 1637 3096 3105 3106 3107 3108 3109 3110
10 2346 3022 3097 3111 3112 3113 3114 3115 3116 3117
10 1261 1967 2718 3118 3119 3120 3121 3122 3123 3124
10 1575 2298 3125 3126 3127 3128 3129 3130 3131 3132
10 1143 2306 3133 3134 3135 3136 3137 3138 3139 3140
10 1282 1927 3141 3142 3143 3144 3145 3146 3147 3148
10 2323 3149 3150 3151 3152 3153 3154 3155 3156 3157
10 1502 1928 3158 3159 3160 3161 3162 3163 3164 3165
10 1413 3149 3158 3166 3167 3168 3169 3170 3171 3172
10 401 1857 2324 3173 3174 3175 3176 3177 3178 3179
10 458 513 3180 3181 3182 3183 3184 3185 3186 3187
10 1211 1720 1792 3188 3189 3190 3191 3192 3193 3194
10 799 3188 3195 3196 3197 3198 3199 3200 3201 3202
10 2248 2361 2369 2996 3203 3204 3205 3206 3207 3208
10 477 1117 1371 3209 3210 3211 3212 3213 3214 3215
10 301 2385 3098 3216 3217 3218 3219 3220 3221 3222
10 2207 2386 3223 3224 3225 3226 3227 3228 3229 3230
10 2393 2851 3231 3232 3233 3234 3235 3236 3237 3238
10 2401 3209 3239 3240 3241 3242 3243 3244 3245 3246
10 2394 3239 3247 3248 3249 3250 3251 3252 3253 3254
10 43 2409 2843 3255 3256 3257 3258 3259 3260 3261
10 1396 1438 2569 2684 3262 3263 3264 3265 3266 3267
10 808 1485 3150 3268 3269 3270 3271 3272 3273 3274
10 1078 1486 3159 3275 3276 3277 3278 3279 3280 3281
10 596 3282 3283 3284 3285 3286 3287 3288 3289 3290
10 419 1549 3291 3292 3293 3294 3295 3296 3297 3298
10 1647 3299 3300 3301 3302 3303 3304 3305 3306 3307
10 1566 1590 3282 3308 3309 3310 3311 3312 3313 3314
10 3023 3299 3315 3316 3317 3318 3319 3320 3321 3322
10 2337 2692 3315 3323 3324 3325 3326 3327 3328 3329
10 1170 2338 3330 3331 3332 3333 3334 3335 3336 3337
10 988 1007 1638 3330 3338 3339 3340 3341 3342 3343
10 2538 3344 3345 3346 3347 3348 3349 3350 3351 3352
10 642 2554 3300 3353 3354 3355 3356 3357 3358 3359
10 2423 3360 3361 3362 3363 3364 3365 3366 3367 3368
10 33 2167 3369 3370 3371 3372 3373 3374 3375 3376
10 2424 2440 2667 3377 3378 3379 3380 3381 3382 3383
10 1607 1808 2583 3384 3385 3386 3387 3388 3389 3390
10 900 2584 2936 3391 3392 3393 3394 3395 3396 3397
10 1292 2592 3398 3399 3400 3401 3402 3403 3404 3405
10 722 1317 3406 3407 3408 3409 3410 3411 3412 3413
10 1656 1674 2555 3406 3414 3415 3416 3417 3418 3419
10 1318 2615 3420 3421 3422 3423 3424 3425 3426 3427
10 1823 2804 3141 3420 3428 3429 3430 3431 3432 3433
10 1864 2522 2545 2623 3434 3435 3436 3437 3438 3439
10 2265 3440 3441 3442 3443 3444 3445 3446 3447 3448
10 633 790 1911 2660 3449 3450 3451 3452 3453 3454
10 1567 2707 2836 3455 3456 3457 3458 3459 3460 3461
10 1244 2048 3462 3463 3464 3465 3466 3467 3468 3469
10 1959 2699 3308 3470 3471 3472 3473 3474 3475 3476
10 597 2066 3455 3477 3478 3479 3480 3481 3482 3483
10 747 2499 3484 3485 3486 3487 3488 3489 3490 3491
10 1983 2624 2634 3492 3493 3494 3495 3496 3497 3498
10 2867 3040 3499 3500 3501 3502 3503 3504 3505 3506
10 2168 3360 3507 3508 3509 3510 3511 3512 3513 3514
10 448 578 1097 3515 3516 3517 3518 3519 3520 3521
10 3522 3523 3524 3525 3526 3527 3528 3529 3530 3531
10 2952 3074 3522 3532 3533 3534 3535 3536 3537 3538
10 119 3268 3523 3539 3540 3541 3542 3543 3544 3545
10 3369 3546 3547 3548 3549 3550 3551 3552 3553 3554
10 3499 3507 3546 3555 3556 3557 3558 3559 3560 3561
10 1540 2467 2732 3562 3563 3564 3565 3566 3567 3568
10 1682 2733 3569 3570 3571 3572 3573 3574 3575 3576
10 2003 2757 3577 3578 3579 3580 3581 3582 3583 3584
10 2500 3577 3585 3586 3587 3588 3589 3590 3591 3592
10 251 3462 3593 3594 3595 3596 3597 3598 3599 3600
10 2004 2740 3601 3602 3603 3604 3605 3606 3607 3608
10 110 2758 3609 3610 3611 3612 3613 3614 3615 3616
10 1994 2741 3015 3617 3618 3619 3620 3621 3622 3623
10 634 1839 2805 3624 3625 3626 3627 3628 3629 3630
10 1912 2184 2806 2960 3631 3632 3633 3634 3635 3636
10 521 979 2813 2821 3637 3638 3639 3640 3641 3642
10 241 817 980 3195 3643 3644 3645 3646 3647 3648
10 2020 2814 3166 3196 3649 3650 3651 3652 3653 3654
10 2625 2641 3463 3655 3656 3657 3658 3659 3660 3661
10 1397 3255 3662 3663 3664 3665 3666 3667 3668 3669
10 2169 2676 2953 3670 3671 3672 3673 3674 3675 3676
10 918 1949 3677 3678 3679 3680 3681 3682 3683 3684
10 2056 3685 3686 3687 3688 3689 3690 3691 3692 3693
10 3677 3685 3694 3695 3696 3697 3698 3699 3700 3701
10 3361 3662 3694 3702 3703 3704 3705 3706 3707 3708
10 909 2829 2883 3709 3710 3711 3712 3713 3714 3715
10 730 2859 2915 3716 3717 3718 3719 3720 3721 3722
10 997 3477 3723 3724 3725 3726 3727 3728 3729 3730
10 429 2107 2708 2890 3731 3732 3733 3734 3735 3736
10 2230 2240 2362 3737 3738 3739 3740 3741 3742 3743
10 2922 2988 3744 3745 3746 3747 3748 3749 3750 3751
10 310 1950 3344 3752 3753 3754 3755 3756 3757 3758
10 2929 3759 3760 3761 3762 3763 3764 3765 3766 3767
10 607 2937 3744 3768 3769 3770 3771 3772 3773 3774
10 2090 2115 3737 3745 3775 3776 3777 3778 3779 3780
10 2241 3240 3781 3782 3783 3784 3785 3786 3787 3788
10 2402 3231 3789 3790 3791 3792 3793 3794 3795 3796
10 1025 2057 3223 3247 3797 3798 3799 3800 3801 3802
10 1050 2150 3803 3804 3805 3806 3807 3808 3809 3810
10 1144 3232 3803 3811 3812 3813 3814 3815 3816 3817
10 2005 2290 3818 3819 3820 3821 3822 3823 3824 3825
10 1541 2475 3826 3827 3828 3829 3830 3831 3832 3833
10 1059 3834 3835 3836 3837 3838 3839 3840 3841 3842
10 1272 3508 3532 3834 3843 3844 3845 3846 3847 3848
10 671 3057 3849 3850 3851 3852 3853 3854 3855 3856
10 3849 3857 3858 3859 3860 3861 3862 3863 3864 3865
10 3857 3866 3867 3868 3869 3870 3871 3872 3873 3874
10 2307 3125 3709 3875 3876 3877 3878 3879 3880 3881
10 2274 3882 3883 3884 3885 3886 3887 3888 3889 3890
10 3850 3891 3892 3893 3894 3895 3896 3897 3898 3899
10 3049 3900 3901 3902 3903 3904 3905 3906 3907 3908
10 198 3345 3891 3900 3909 3910 3911 3912 3913 3914
10 1253 2192 2281 3082 3915 3916 3917 3918 3919 3920
10 3075 3609 3921 3922 3923 3924 3925 3926 3927 3928
10 1525 2945 3929 3930 3931 3932 3933 3934 3935 3936
10 364 2151 3937 3938 3939 3940 3941 3942 3943 3944
10 864 1333 3945 3946 3947 3948 3949 3950 3951 3952
10 3032 3835 3953 3954 3955 3956 3957 3958 3959 3960
10 3142 3151 3961 3962 3963 3964 3965 3966 3967 3968
10 2231 3391 3969 3970 3971 3972 3973 3974 3975 3976
10 100 919 2677 3663 3977 3978 3979 3980 3981 3982
10 2476 3291 3407 3983 3984 3985 3986 3987 3988 3989
10 1690 3983 3990 3991 3992 3993 3994 3995 3996 3997
10 3301 3826 3990 3998 3999 4000 4001 4002 4003 4004
10 2492 3292 4005 4006 4007 4008 4009 4010 4011 4012
10 3991 4013 4014 4015 4016 4017 4018 4019 4020 4021
10 23 1705 2484 4022 4023 4024 4025 4026 4027 4028
10 3283 4013 4022 4029 4030 4031 4032 4033 4034 4035
10 168 1691 4029 4036 4037 4038 4039 4040 4041 4042
10 1657 3353 4043 4044 4045 4046 4047 4048 4049 4050
10 2700 3005 3323 4051 4052 4053 4054 4055 4056 4057
10 2546 3384 3759 4058 4059 4060 4061 4062 4063 4064
10 3173 3370 4065 4066 4067 4068 4069 4070 4071 4072
10 2725 3492 4073 4074 4075 4076 4077 4078 4079 4080
10 2709 3484 3716 3723 4081 4082 4083 4084 4085 4086
10 3470 3485 4087 4088 4089 4090 4091 4092 4093 4094
10 1262 1995 4095 4096 4097 4098 4099 4100 4101 4102
10 3539 3547 3961 4103 4104 4105 4106 4107 4108 4109
10 2607 3275 3524 4110 4111 4112 4113 4114 4115 4116
10 3525 3555 4117 4118 4119 4120 4121 4122 4123 4124
10 3515 3569 4110 4125 4126 4127 4128 4129 4130 4131
10 1984 2891 3585 4132 4133 4134 4135 4136 4137 4138
10 2759 4132 4139 4140 4141 4142 4143 4144 4145 4146
10 2750 3818 3929 4147 4148 4149 4150 4151 4152 4153
10 2766 2775 3617 4154 4155 4156 4157 4158 4159 4160
10 891 1675 2012 3624 4161 4162 4163 4164 4165 4166
10 2039 2049 4167 4168 4169 4170 4171 4172 4173 4174
10 2876 4175 4176 4177 4178 4179 4180 4181 4182 4183
10 3362 3836 4175 4184 4185 4186 4187 4188 4189 4190
10 391 1069 4191 4192 4193 4194 4195 4196 4197 4198
10 3670 3702 4191 4199 4200 4201 4202 4203 4204 4205
10 2989 2997 3678 4206 4207 4208 4209 4210 4211 4212
10 2844 3695 3752 4176 4213 4214 4215 4216 4217 4218
10 392 2159 4219 4220 4221 4222 4223 4224 4225 4226
10 3811 4219 4227 4228 4229 4230 4231 4232 4233 4234
10 3248 3804 4235 4236 4237 4238 4239 4240 4241 4242
10 1639 3111 4243 4244 4245 4246 4247 4248 4249 4250
10 3006 4005 4014 4251 4252 4253 4254 4255 4256 4257
10 1558 3578 4251 4258 4259 4260 4261 4262 4263 4264
10 3593 4139 4265 4266 4267 4268 4269 4270 4271 4272
10 3050 3655 4265 4273 4274 4275 4276 4277 4278 4279
10 3866 3892 4280 4281 4282 4283 4284 4285 4286 4287
10 3033 3893 4288 4289 4290 4291 4292 4293 4294 4295
10 3041 3882 4280 4296 4297 4298 4299 4300 4301 4302
10 3875 3883 4303 4304 4305 4306 4307 4308 4309 4310
10 2899 3440 3867 4303 4311 4312 4313 4314 4315 4316
10 2981 3180 3930 3937 4317 4318 4319 4320 4321 4322
10 3938 4095 4323 4324 4325 4326 4327 4328 4329 4330
10 2347 4331 4332 4333 4334 4335 4336 4337 4338 4339
10 3216 3945 4331 4340 4341 4342 4343 4344 4345 4346
10 3118 3126 3884 4347 4348 4349 4350 4351 4352 4353
10 384 1060 4347 4354 4355 4356 4357 4358 4359 4360
10 3421 3962 4065 4361 4362 4363 4364 4365 4366 4367
10 1363 3224 4332 4368 4369 4370 4371 4372 4373 4374
10 2852 3133 4375 4376 4377 4378 4379 4380 4381 4382
10 2523 3441 3969 4383 4384 4385 4386 4387 4388 4389
10 3789 3953 4227 4390 4391 4392 4393 4394 4395 4396
10 3781 4288 4390 4397 4398 4399 4400 4401 4402 4403
10 3346 3760 4289 4404 4405 4406 4407 4408 4409 4410
10 1591 1648 4015 4051 4411 4412 4413 4414 4415 4416
10 1904 2116 4036 4417 4418 4419 4420 4421 4422 4423
10 1712 3316 3331 4424 4425 4426 4427 4428 4429 4430
10 625 4043 4243 4424 4431 4432 4433 4434 4435 4436
10 2547 3442 3901 4437 4438 4439 4440 4441 4442 4443
10 2608 3398 4103 4444 4445 4446 4447 4448 4449 4450
10 756 2626 3902 4451 4452 4453 4454 4455 4456 4457
10 3284 4006 4087 4458 4459 4460 4461 4462 4463 4464
10 4096 4333 4465 4466 4467 4468 4469 4470 4471 4472
10 3399 4073 4361 4473 4474 4475 4476 4477 4478 4479
10 3562 4140 4480 4481 4482 4483 4484 4485 4486 4487
10 569 579 3921 4480 4488 4489 4490 4491 4492 4493
10 1517 4494 4495 4496 4497 4498 4499 4500 4501 4502
10 1388 3946 4494 4503 4504 4505 4506 4507 4508 4509
10 2291 3083 3601 4510 4511 4512 4513 4514 4515 4516
10 2907 4154 4167 4510 4517 4518 4519 4520 4521 4522
10 4184 4192 4228 4523 4524 4525 4526 4527 4528 4529
10 1550 3724 4417 4458 4530 4531 4532 4533 4534 4535
10 2249 3686 4536 4537 4538 4539 4540 4541 4542 4543
10 3761 3768 4206 4536 4544 4545 4546 4547 4548 4549
10 4177 4404 4537 4550 4551 4552 4553 4554 4555 4556
10 2299 3134 4220 4557 4558 4559 4560 4561 4562 4563
10 3782 4235 4523 4550 4564 4565 4566 4567 4568 4569
10 129 3819 4570 4571 4572 4573 4574 4575 4576 4577
10 2797 2961 4495 4578 4579 4580 4581 4582 4583 4584
10 2256 3024 3998 4258 4585 4586 4587 4588 4589 4590
10 2868 3858 4591 4592 4593 4594 4595 4596 4597 4598
10 281 2668 3058 4599 4600 4601 4602 4603 4604 4605
10 2908 3500 3868 4606 4607 4608 4609 4610 4611 4612
10 3922 4117 4606 4613 4614 4615 4616 4617 4618 4619
10 3570 4444 4620 4621 4622 4623 4624 4625 4626 4627
10 3790 3970 4628 4629 4630 4631 4632 4633 4634 4635
10 4147 4323 4496 4636 4637 4638 4639 4640 4641 4642
10 872 2208 3181 4643 4644 4645 4646 4647 4648 4649
10 4324 4368 4503 4643 4650 4651 4652 4653 4654 4655
10 1219 4340 4578 4656 4657 4658 4659 4660 4661 4662
10 2222 4304 4375 4383 4663 4664 4665 4666 4667 4668
10 4296 4376 4628 4669 4670 4671 4672 4673 4674 4675
10 3954 4354 4557 4669 4676 4677 4678 4679 4680 4681
10 2742 3007 3586 4088 4682 4683 4684 4685 4686 4687
10 2938 4058 4397 4688 4689 4690 4691 4692 4693 4694
10 4281 4437 4629 4688 4695 4696 4697 4698 4699 4700
10 2616 4074 4451 4599 4701 4702 4703 4704 4705 4706
10 3594 3602 3610 4707 4708 4709 4710 4711 4712 4713
10 1033 3687 4199 4236 4714 4715 4716 4717 4718 4719
10 881 4570 4636 4720 4721 4722 4723 4724 4725 4726
10 1630 4465 4656 4720 4727 4728 4729 4730 4731 4732
10 2266 3859 4733 4734 4735 4736 4737 4738 4739 4740
10 4168 4613 4707 4733 4741 4742 4743 4744 4745 4746
10 3548 4591 4620 4747 4748 4749 4750 4751 4752 4753
10 3377 4066 4592 4754 4755 4756 4757 4758 4759 4760
10 1985 4273 4621 4761 4762 4763 4764 4765 4766 4767
10 3827 4044 4571 4768 4769 4770 4771 4772 4773 4774
10 4266 4734 4747 4775 4776 4777 4778 4779 4780 4781
10 4118 4125 4481 4775 4782 4783 4784 4785 4786 4787
10 3059 4473 4754 4761 4788 4789 4790 4791 4792 4793
10 2257 4244 4466 4768 4794 4795 4796 4797 4798 4799
12 14 54 207 225 242 689 715 791 1800 2654 4800 4801
12 55 262 522 818 971 981 989 1236 1699 3643 4802 4803
7 292 385 393 1017 1976 4804 4805
12 469 663 836 1341 1348 1356 1414 1463 1729 1919 4806 4807
7 470 1349 1415 1730 1920 4806 4808
12 272 293 542 551 1034 1043 1470 1478 1494 2136 4809 4810
7 560 882 1658 1667 2468 4811 4812
7 140 179 420 731 1599 4813 4814
12 141 180 189 411 421 732 739 1600 1615 2331 4813 4815
12 329 337 784 1229 1237 1700 1706 1713 2485 4023 4816 4817
12 190 681 716 774 1601 1608 1753 1761 1768 2514 4818 4819
12 4 690 1439 1456 1754 1762 1801 2410 2455 2570 4820 4821
12 181 412 723 1769 1824 1832 1848 1873 1880 2661 4822 4823
7 56 263 523 972 1701 4802 4824
12 402 664 800 809 1448 1736 1896 1921 2448 2456 4825 4826
12 93 101 653 698 1135 1342 1776 1936 1942 2130 4827 4828
12 471 837 865 873 1195 1203 1334 1380 1937 1943 4829 4830
7 838 866 874 1381 1944 4829 4831
12 449 561 883 892 1533 1659 1668 1676 2469 4161 4811 4832
12 142 149 901 1622 1815 2083 2091 2860 2916 3717 4833 4834
7 294 543 1035 1471 1495 4809 4835
12 273 826 927 1026 1126 2058 2200 2209 2216 3797 4836 4837
7 954 998 1153 1162 2075 4838 4839
12 295 386 394 1018 1061 1070 1254 1977 2282 3915 4804 4840
12 74 83 478 486 495 944 1171 1372 2339 2370 4841 4842
7 472 1196 1204 1335 1938 4830 4843
12 473 1008 1197 1205 1212 1336 1793 1939 2124 3189 4843 4844
12 24 75 84 330 1154 1172 1187 1373 2363 2371 4845 4846
7 76 85 1173 1374 2372 4841 4845
7 665 1449 1737 2449 2457 4825 4847
7 666 839 1343 1357 1464 4807 4848
12 94 552 667 827 840 1344 1358 1423 1430 1465 4848 4849
12 274 532 553 1044 1359 1406 1479 2137 2217 2982 4850 4851
7 275 554 1045 1480 2138 4810 4850
7 34 120 1424 1472 1738 4852 4853
7 570 1108 1534 2177 2461 4854 4855
12 430 439 748 856 1303 2332 2493 2501 2507 2726 4856 4857
7 479 487 496 945 2340 4842 4858
7 717 1602 1609 1755 2515 4818 4859
12 199 282 682 1398 1744 2411 2571 2845 3256 3262 4860 4861
7 44 311 707 1777 2577 4862 4863
12 191 683 757 766 775 1745 1763 1770 1849 2416 4864 4865
7 192 684 776 1764 1771 4819 4864
7 57 208 243 1802 2655 4800 4866
7 182 1772 1833 1874 2662 4822 4867
7 159 1692 1834 1840 2556 4868 4869
7 95 555 828 1425 1431 4849 4870
12 654 668 1432 1440 1450 1739 2450 2458 2685 3263 4847 4871
12 459 514 1089 1326 1389 2021 2178 2185 2432 2791 4872 4873
12 590 936 1245 2524 2531 2627 2635 2642 3434 3656 4874 4875
7 64 1568 1576 2837 3456 4876 4877
7 200 685 2412 2846 3257 4860 4878
7 193 413 740 1616 2333 4815 4879
12 194 414 440 741 767 937 1310 1617 1865 2334 4879 4880
7 591 910 1623 2030 2223 4881 4882
12 143 160 183 217 226 422 733 1551 1603 2861 4814 4883
7 608 617 1905 2084 2648 4884 4885
7 161 218 227 1552 2862 4883 4886
7 252 1960 2710 2892 3731 4887 4888
7 592 938 1246 2532 2636 4874 4889
7 1230 1784 2125 2131 2923 4890 4891
12 296 387 395 1019 1046 1051 1978 2144 2160 2946 4805 4892
12 35 121 1426 1473 1740 2170 2441 2678 2686 3671 4852 4893
12 571 580 1090 1098 1109 1510 1535 2179 2462 3516 4854 4894
7 533 1360 1407 2218 2983 4851 4895
12 504 1136 1179 1188 1198 1382 2373 2990 2998 3203 4896 4897
7 2348 2355 3016 3025 3112 4898 4899
12 111 581 1079 2193 2463 3076 3084 3916 3923 4488 4900 4901
12 480 488 497 946 2341 2378 2387 2693 3099 3217 4858 4902
12 375 846 1263 1577 1584 1968 2300 2356 3119 3127 4903 4904
7 376 1578 1585 2301 3128 4903 4905
7 534 1416 1503 3160 3167 4906 4907
7 1858 1881 2316 2325 3174 4908 4909
12 234 1859 1875 1882 1890 1897 2317 2326 2417 3175 4908 4910
7 403 801 810 1898 1922 4826 4911
7 749 1304 2335 2494 2508 4856 4912
7 415 724 1825 1850 1883 4823 4913
12 515 535 875 1350 1361 1408 2219 2984 3182 4644 4895 4914
7 1110 1327 1409 2145 2969 4915 4916
12 474 1351 1417 1721 1731 1923 2022 3190 3197 3649 4808 4917
12 5 244 802 1451 1457 1732 1794 2563 3198 3644 4918 4919
7 1452 1458 1733 1795 2564 4918 4920
12 302 481 505 1118 1383 2201 2374 2999 3204 3210 4921 4922
7 506 1384 2375 3000 3205 4896 4921
7 303 482 1119 2202 3211 4922 4923
7 2379 2388 2694 3100 3218 4902 4924
12 320 489 1163 1375 2395 2403 2853 3212 3233 3241 4925 4926
7 321 490 2396 2854 3234 4925 4927
7 655 1433 1441 2687 3264 4871 4928
12 45 102 656 1434 1442 2688 3258 3265 3664 3977 4928 4929
12 1020 1111 1328 1410 1504 1511 2139 2146 2194 2970 4915 4930
7 6 691 1765 2459 2572 4820 4931
12 36 122 811 1427 1466 1474 1481 1487 1741 3269 4853 4932
12 1021 1080 1488 1496 1505 1512 2140 2195 2283 3276 4933 4934
7 1022 1506 1513 2141 2196 4930 4933
12 964 990 1213 1220 1631 1640 2798 3338 4579 4657 4935 4936
12 345 562 572 1112 1518 1526 1536 2180 2464 2975 4855 4937
7 785 1702 1707 2486 4024 4816 4938
12 423 725 750 1305 2336 2495 2509 3293 3408 3984 4912 4939
12 355 377 1145 1579 1586 2302 2308 2380 3129 3135 4905 4940
12 1587 2349 2357 2695 2701 3017 3026 3113 3324 4052 4898 4941
7 1588 2696 2702 3325 4053 4941 4942
7 965 991 1632 1641 3339 4935 4943
12 219 708 718 1604 1610 1756 1809 1816 2516 2656 4859 4944
7 220 709 1810 1817 2657 4944 4945
12 221 609 618 710 1811 1818 1906 2085 2649 2658 4884 4945
12 58 209 245 786 819 1803 2565 2578 2650 2659 4866 4946
12 46 312 619 699 711 1778 1785 1951 2579 2930 4862 4947
12 787 820 1231 1786 2126 2132 2566 2580 2651 2924 4890 4948
7 788 821 2567 2581 2652 4946 4948
12 144 150 902 1611 1618 1624 1819 2533 2585 3385 4949 4950
7 145 151 903 1625 1820 4833 4949
7 424 726 3294 3409 3985 4939 4951
12 162 425 727 1693 1835 1841 2557 3295 3410 3986 4868 4951
12 416 728 1306 1311 1319 1826 1851 1884 2617 3422 4913 4952
7 2525 2628 2643 3435 3657 4875 4953
12 15 184 228 692 719 792 1773 1836 1876 2663 4867 4954
7 16 229 693 720 793 4801 4954
12 829 841 867 876 1127 1385 1945 2203 2210 2220 4831 4955
7 830 1128 2204 2211 2221 4836 4955
12 356 947 1569 1589 1592 2697 2703 3309 3326 4054 4942 4956
12 86 322 357 598 948 1570 1593 2067 3310 3478 4957 4958
7 358 949 1571 1594 3311 4956 4957
12 65 847 1572 1580 1961 2704 2767 2838 3457 3471 4876 4959
12 253 1247 1962 2050 2100 2711 2839 2893 3464 3732 4887 4960
7 1248 2051 2101 2840 3465 4960 4961
7 441 768 939 1312 1866 4880 4962
7 1081 1489 1497 2284 3277 4934 4963
12 123 1082 1490 1498 2285 2954 3278 3526 3533 3540 4963 4964
12 857 1293 1542 1559 1669 1683 2477 2510 2734 3563 4965 4966
7 1294 1670 1684 2478 2511 4965 4967
7 431 442 858 2502 2727 4857 4968
7 1979 2292 2971 2976 3090 4969 4970
7 112 130 346 2760 3611 4971 4972
12 163 169 635 643 794 1694 1837 1842 2558 3449 4869 4973
7 1283 1913 2318 2664 3450 4974 4975
12 1284 1827 1843 1914 2319 2665 2807 3428 3451 3625 4974 4976
12 1099 1285 1929 2186 2433 2601 2808 2822 3143 3631 4977 4978
7 1100 2187 2602 2809 3632 4977 4979
12 59 170 264 524 636 644 795 973 1703 3452 4824 4980
7 171 637 645 796 3453 4973 4980
7 1828 1844 2810 3429 3626 4976 4981
7 1286 1930 2434 2823 3144 4978 4982
12 17 235 525 1287 1915 2320 2666 2815 3454 3637 4975 4983
7 7 246 803 3199 3645 4919 4984
7 516 1091 1329 2023 2435 4872 4985
12 517 536 1092 1330 1418 1507 2024 2436 3161 3168 4906 4985
12 1288 1931 2327 2437 2816 2824 3145 3152 3169 3650 4982 4986
12 66 1573 1581 2068 2309 2841 2884 3458 3710 3876 4877 4987
7 47 103 3259 3665 3978 4929 4988
12 297 544 1036 1071 1475 1499 2955 3672 4193 4200 4835 4989
12 48 104 1952 3260 3666 3679 3696 3753 3979 4213 4988 4990
12 323 359 491 1146 2310 2381 2397 2855 3136 3235 4927 4991
7 360 1147 2311 2382 3137 4940 4991
12 911 1249 2040 2052 2102 2644 2830 2842 3466 3711 4961 4992
12 593 912 955 1626 2031 2103 2108 2224 2885 2917 4881 4993
7 956 2104 2109 2886 2918 4993 4994
12 87 324 599 957 999 1155 1164 2069 2076 3479 4838 4995
7 88 325 600 2070 3480 4958 4995
12 152 432 594 742 940 1250 2110 2534 2637 3733 4889 4996
7 25 331 1156 1189 2364 4846 4997
12 958 1000 1157 1165 2032 2077 2092 2232 3738 3775 4839 4998
12 610 620 1907 2086 2117 2487 2653 2925 3746 3776 4885 4999
7 621 700 1787 1953 2931 4947 5000
12 1137 1180 1190 1199 1232 1788 2127 2133 2926 2991 4891 5001
7 1138 1181 1191 1200 2992 4897 5001
12 313 1812 2517 2539 2932 3347 3386 3754 3762 4059 5002 5003
12 611 904 2033 2093 2233 2939 3392 3739 3769 3777 5004 5005
7 2034 2094 2234 3740 3778 4998 5004
12 966 974 982 1916 2792 2799 2825 2962 3633 3638 5006 5007
7 460 1390 2181 2188 2793 4873 5008
12 1166 1376 2242 2250 2365 2404 3206 3213 3242 3741 5009 5010
7 1167 1377 2405 3214 3243 4926 5009
7 276 928 1027 2059 3798 4837 5011
12 113 131 347 2006 2293 2761 3603 3612 3820 4511 4971 5012
12 2869 2877 3034 3042 3501 3851 3860 3869 3894 4282 5013 5014
7 2870 2878 3035 3043 3502 5013 5015
7 2071 2312 2887 3712 3877 4987 5016
12 1273 2275 2900 2909 3044 3870 3885 4297 4311 4607 5017 5018
12 1062 1072 1255 1274 2286 3068 3077 3534 3843 3917 5019 5020
7 1063 1073 1256 2287 3918 4840 5019
7 1047 1052 2147 2161 2947 4892 5021
12 461 1113 1331 1411 1527 2148 2972 3183 3931 4317 4916 5022
7 812 1467 1482 1491 3270 4932 5023
12 537 813 1419 1468 1483 1492 1508 3162 3170 3271 4907 5023
12 404 804 814 1899 1924 2328 2817 3153 3171 3651 4911 5024
7 2329 2818 3154 3172 3652 4986 5024
12 657 1345 1453 1459 1734 1779 1796 1940 2134 2568 4920 5025
7 658 1346 1780 1941 2135 4827 5025
7 1399 2425 3363 3667 3703 5026 5027
7 236 1877 1891 1900 2418 4910 5028
7 283 1400 1746 2573 3266 4861 5029
12 8 237 694 1766 1878 1892 1901 2419 2460 2574 4931 5028
12 172 210 789 1704 1708 1908 2488 4025 4037 4418 4938 5030
7 1660 2559 3354 3414 4045 5031 5032
12 498 507 1009 1174 1182 1206 1221 3105 3332 3340 5033 5034
7 1010 1175 1183 3333 3341 5033 5035
12 37 405 1893 2442 2451 2669 3176 3371 3378 4067 5036 5037
7 1443 1460 1757 1804 2413 4821 5038
12 49 314 712 1444 1461 1758 1781 1805 2414 2582 4863 5038
7 1612 1619 2535 2586 3387 4950 5039
12 1295 1320 1671 1677 1685 2479 2512 2593 3411 3415 4967 5040
12 96 105 701 920 1129 1139 1946 3001 3680 4207 5041 5042
7 97 106 702 1140 1947 4828 5041
12 98 545 556 831 921 929 1428 1435 2679 3980 4870 5043
7 546 922 930 2680 3981 5043 5044
12 153 433 734 743 751 2111 3486 3718 3734 4081 5045 5046
7 154 434 744 2112 3735 4996 5045
7 848 1963 2705 2768 3472 4959 5047
7 735 752 3487 3719 4082 5046 5048
7 849 1264 1969 2358 3120 4904 5049
12 850 1265 1970 1996 2359 2751 2776 3121 3618 4155 5049 5050
12 1932 2609 3155 3163 3272 3279 3541 3963 4104 4111 5051 5052
7 3156 3273 3542 3964 4105 5051 5053
7 124 2956 3527 3535 3543 4964 5054
7 582 1093 1101 1514 3517 4894 5055
7 1933 2610 3164 3280 4112 5052 5056
12 583 1094 1102 1515 1934 2611 3165 3281 3518 4113 5055 5056
12 254 1964 2503 2712 2894 3488 3587 3736 4089 4682 4888 5057
12 435 443 859 1986 2504 2638 2728 2895 3493 4133 4968 5058
7 1987 2639 2896 3494 4134 5058 5059
12 255 2743 2762 3579 3588 3595 3604 4135 4141 4708 5060 5061
7 2763 3580 3589 4136 4142 5060 5062
12 1980 2294 2719 2752 2948 2973 2977 3091 3932 4148 4969 5063
7 1997 2753 2777 3619 4156 5050 5064
12 626 638 1661 2013 2560 3355 3416 3627 4046 4162 5031 5065
7 627 639 2014 3628 4163 5065 5066
12 1321 1678 1829 1845 2594 2811 3412 3417 3430 3629 4981 5067
7 1322 1679 2595 3413 3418 5040 5067
12 450 893 1103 1537 1680 2189 2603 2812 3634 4164 4979 5068
7 451 894 1538 1681 4165 4832 5068
12 628 640 967 975 1917 2015 2963 3630 3635 4166 5066 5069
7 968 976 1918 2964 3636 5006 5069
7 822 983 992 1238 3646 4803 5070
12 9 18 238 247 526 805 2819 3200 3639 3647 4984 5071
7 19 239 527 2820 3640 4983 5071
7 1722 2025 3191 3201 3653 4917 5072
12 2871 2879 3036 3045 3364 3503 3509 3837 3844 4185 5015 5073
7 1074 2957 3673 4194 4201 4989 5074
12 547 923 931 2681 3688 3697 3704 3982 4202 4714 5044 5075
12 1401 2171 2426 2443 2682 2689 3365 3668 3674 3705 5026 5076
7 2172 2444 2683 2690 3675 4893 5076
7 2087 2095 2863 2919 3720 4834 5077
12 1001 2088 2096 2118 2864 2920 3721 3725 4419 4530 5077 5078
12 959 2105 2113 2713 2888 2921 3459 3481 3726 4083 4994 5079
12 622 703 1789 1954 2933 2993 3747 3770 4208 4544 5000 5080
7 2994 3748 3771 4209 4545 5080 5081
7 2243 2251 2366 3207 3742 5010 5082
12 2244 2252 2367 2995 3208 3743 3749 3772 4210 4546 5081 5082
12 26 332 1158 1192 2119 2368 2489 2927 3750 3779 4997 5083
7 2120 2490 2928 3751 3780 4999 5083
7 1955 3681 3698 3755 4214 4990 5084
12 304 483 1120 2205 2389 2398 3215 3225 3249 3799 4923 5085
7 2390 2399 3226 3250 3800 5085 5086
12 2007 2258 2744 3008 3018 3581 3620 4259 4585 4683 5087 5088
7 67 1971 2783 2831 2901 5089 5090
12 114 1981 2197 2295 2465 2974 2978 3085 3092 3919 4970 5091
7 115 2198 2466 3086 3920 4900 5091
7 2720 2754 2949 3933 4149 5063 5092
12 1028 1048 1053 2149 2152 2162 2950 2985 3939 4318 5021 5093
7 1029 2153 2986 3940 4319 5093 5094
12 365 1266 2721 2755 2951 3934 3941 4097 4150 4325 5092 5095
12 378 1364 2350 2383 2391 2698 3101 3219 4334 4369 4924 5096
7 305 868 3220 3947 4341 5097 5098
12 1860 1885 2321 2330 3146 3177 3423 3431 3965 4362 4909 5099
12 38 406 3157 3178 3274 3372 3544 3966 4068 4106 5053 5100
7 39 407 3179 3373 4069 5036 5100
12 1148 1365 2154 2392 2400 3227 3251 3801 3805 3812 5086 5101
12 595 913 1627 2035 2225 2526 2587 3393 3971 4384 4882 5102
7 3236 3791 3813 4229 4391 5103 5104
7 1002 2121 3727 4420 4531 5078 5105
12 265 629 646 1649 1709 1714 3302 3356 4425 4431 5106 5107
7 647 1650 1710 3303 3357 5106 5108
12 77 338 1595 1651 2342 3317 3327 3334 4411 4426 5109 5110
12 333 339 1011 1176 1184 1233 1239 1715 3335 3342 5035 5111
7 334 340 1234 1240 1716 4817 5111
7 266 630 1717 4427 4432 5107 5112
12 267 631 969 993 1633 1642 1718 3343 4428 4433 4943 5112
7 1643 3102 3106 3114 4245 5113 5114
7 315 2518 2540 3348 3756 5002 5115
12 201 316 686 2415 2519 2541 2847 3261 3349 3757 4878 5115
12 202 758 777 1867 2542 2548 3436 3903 3909 4452 5116 5117
7 203 759 3904 3910 4453 5116 5118
7 1813 2934 3388 3763 4060 5003 5119
12 778 1613 1620 1868 2536 2543 2549 2588 3389 3437 5039 5120
7 779 1869 2544 2550 3438 5117 5120
12 452 1686 2596 2604 2612 3400 3519 3571 4126 4445 5121 5122
7 2597 2605 2613 3401 4446 5121 5123
12 1861 2618 2670 4070 4363 4474 4600 4701 4755 4788 5124 5125
7 1862 2619 2671 4601 4702 5124 5126
12 760 769 1747 1852 1863 2420 2620 2672 4602 4703 5126 5127
7 761 770 1748 1853 2421 4865 5127
12 27 601 1003 2122 3285 3728 4026 4030 4421 4532 5105 5128
7 28 602 3286 4027 4031 5128 5129
12 1998 2259 2351 2360 3019 3027 3115 4098 4467 4794 4899 5130
7 379 1366 2352 4335 4370 5096 5131
12 2598 2606 2614 3147 3402 3424 3432 3967 4364 4447 5123 5132
7 3148 3425 3433 3968 4365 5099 5132
7 1275 3069 3078 3536 3845 5020 5133
12 125 2173 2958 3374 3510 3528 3537 3545 3549 3556 5054 5134
7 860 1543 1560 2735 3564 4966 5135
12 861 1544 1561 2736 2764 3565 3582 3590 4137 4143 5062 5135
12 116 132 348 573 2470 2765 3566 3613 4482 4489 4972 5136
7 574 2471 3567 4483 4490 5136 5137
7 349 563 1519 1528 2979 4937 5138
12 462 895 1391 1520 2182 2190 2794 2965 4497 4580 5008 5139
7 2008 2296 3605 3821 4512 5012 5140
12 1999 2009 2297 2756 2778 3606 3621 3822 4157 4513 5064 5140
7 1257 2276 2779 2784 3093 5141 5142
12 1258 2277 2780 2785 2910 3070 3087 3094 4514 4517 5141 5143
12 68 1972 2053 2769 2786 2832 2902 4158 4169 4518 5089 5144
7 2054 2770 4159 4170 4519 5144 5145
12 823 984 994 1012 1214 1241 1797 2128 3192 3648 5070 5146
7 1013 1215 1798 2129 3193 4844 5146
12 985 1723 2026 2795 2800 2826 3194 3202 3641 3654 5072 5147
7 986 2796 2801 2827 3642 5007 5147
12 1988 2640 2897 3467 3495 3596 3658 4138 4267 4274 5059 5148
12 2267 2527 2629 2645 3051 3439 3443 3659 3905 4438 4953 5149
12 1075 2959 3366 3511 3676 3838 3846 4186 4195 4203 5074 5150
7 3367 3512 3839 3847 4187 5073 5150
7 2714 3460 3482 3729 4084 5079 5151
12 2715 3287 3312 3461 3473 3483 3730 4085 4090 4459 5151 5152
12 924 1121 1130 2060 2253 3002 3682 3689 4211 4538 5153 5154
12 1956 3683 3699 3758 3764 4215 4405 4539 4547 4551 5084 5155
7 925 1131 3003 3684 4212 5042 5153
7 672 2848 2880 4178 4216 5156 5157
12 673 1402 2427 2849 2881 3368 3669 3706 4179 4217 5027 5156
12 366 1149 1367 2155 2163 2303 3806 3814 4221 4558 5158 5159
7 1150 1368 2156 3807 3815 5101 5158
7 367 2164 2304 4222 4559 5159 5160
12 3237 3244 3252 3783 3792 3816 4230 4237 4392 4564 5103 5161
12 396 1037 1054 3808 4196 4223 4231 4238 4524 4715 5162 5163
12 133 564 884 1545 1662 1672 2472 3828 4572 4769 4812 5164
7 896 1521 2966 4498 4581 5139 5165
7 3028 3304 3318 3999 4586 5166 5167
12 3009 3029 3305 3319 4000 4016 4055 4252 4412 4587 5166 5168
7 1562 2496 4007 4253 4260 5169 5170
12 284 1403 1749 1894 2445 2452 2575 2673 3267 3379 5029 5171
7 1895 2446 2453 2674 3380 5037 5171
7 2903 2911 3871 4312 4608 5017 5172
12 2235 2245 2406 2940 3784 3793 3972 4398 4630 4689 5173 5174
7 2246 2941 3785 4399 4690 5173 5175
12 914 2041 2646 2833 3444 3713 4305 4313 4385 4663 5176 5177
12 69 1973 2787 2834 2904 3130 3878 3886 4306 4348 5090 5178
7 915 2042 2647 2835 3714 4992 5176
7 368 1267 3942 4099 4326 5095 5179
12 369 380 1268 1369 2353 3943 4100 4327 4336 4371 5131 5179
12 350 565 1522 1529 2980 3823 4151 4573 4637 4721 5138 5180
7 1337 1392 1724 3948 4504 5181 5182
12 1030 2157 2212 2987 3228 3944 4320 4372 4645 4650 5094 5183
7 463 1530 3184 3935 4321 5022 5184
12 464 1531 3185 3936 4322 4328 4499 4505 4638 4651 5184 5185
12 518 877 1338 1352 1393 1725 3186 3949 4506 4646 5181 5186
7 519 878 1353 3187 4647 4914 5186
12 1644 3103 3107 3116 4246 4337 4342 4468 4658 4727 5113 5187
12 306 499 508 869 1207 1222 3108 3221 3950 4343 5097 5188
7 500 509 1208 1223 3109 5034 5188
12 388 1259 2278 2722 2781 2788 3095 3122 4349 4355 5142 5189
7 1276 2279 3046 3887 4298 5018 5190
12 2078 2226 2236 2407 2856 3794 3973 4377 4631 4664 5191 5192
7 2237 2408 3795 3974 4632 5174 5191
12 1064 1277 2280 3047 3840 3888 3955 4299 4356 4676 5190 5193
7 1065 3841 3956 4357 4677 5193 5194
12 3037 3957 4180 4188 4290 4393 4400 4525 4552 4565 5195 5196
12 674 2850 2882 3350 3895 3911 4181 4218 4291 4406 5157 5197
7 4182 4189 4526 4553 4566 5195 5198
7 3351 3896 3912 4292 4407 5197 5199
12 648 1652 1695 1711 3306 3358 3992 4017 4032 4038 5108 5200
7 1696 3993 4018 4033 4039 5200 5201
12 29 78 341 603 1596 1653 3288 4028 4034 4413 5129 5202
7 79 342 1597 1654 4414 5109 5202
12 736 753 1553 3296 3489 3722 4008 4086 4460 4533 5048 5203
12 851 1965 2706 2745 2771 3010 3020 3474 3622 4684 5047 5204
7 2746 3011 3021 3623 4685 5087 5204
7 3289 3313 3475 4091 4461 5152 5205
12 1663 2480 2561 3359 3419 3829 3987 3994 4001 4047 5032 5206
7 2343 3320 3328 3336 4429 5110 5207
12 1645 2344 3104 3110 3117 3321 3329 3337 4247 4430 5114 5207
12 612 905 1814 2935 2942 3390 3394 3765 3773 4061 5119 5208
7 613 906 2943 3395 3774 5005 5208
7 2268 3052 3445 3906 4439 5149 5209
12 444 771 941 1313 1870 2630 3496 4075 4454 4704 4962 5210
12 1296 1307 1314 1323 2621 2729 3403 3426 4076 4475 5211 5212
7 1308 1315 1324 2622 3427 4952 5211
7 1554 3297 4009 4462 4534 5203 5213
12 1555 1697 3298 3995 4010 4019 4035 4040 4463 4535 5201 5213
12 164 173 211 222 230 1556 1909 2865 4041 4422 4886 5214
7 174 212 1910 4042 4423 5030 5214
12 584 1083 3079 3529 3924 4114 4119 4127 4491 4782 5215 5216
7 585 1084 3080 3925 4492 4901 5215
12 1989 2737 3572 4144 4268 4484 4622 4762 4776 4783 5217 5218
12 453 575 1687 2473 3520 3568 3573 4128 4485 4493 5137 5219
7 454 1688 3521 3574 4129 5122 5219
7 256 2747 3597 3607 4709 5061 5220
12 257 2055 2748 2772 3598 3608 4160 4171 4520 4710 5145 5220
7 3766 4408 4540 4548 4554 5155 5221
12 2247 2944 3767 3786 4401 4409 4541 4549 4555 4691 5175 5221
7 1122 2061 2254 3690 4542 5154 5222
12 277 932 1031 1038 1055 2062 3802 3809 4239 4716 5011 5223
7 1039 1056 3810 4240 4717 5162 5223
7 397 4197 4224 4232 4527 5163 5224
12 398 1066 3842 3958 4198 4225 4233 4358 4528 4678 5194 5224
12 3138 3238 3796 3817 4234 4378 4394 4560 4670 4679 5104 5225
7 389 2723 3123 4350 4359 5189 5226
12 370 390 2165 2305 2724 3124 4226 4351 4360 4561 5160 5226
7 3139 4379 4562 4671 4680 5225 5227
12 885 897 1523 1634 2016 2967 4500 4582 4722 4728 5165 5228
7 886 1635 2017 4723 4729 5228 5229
7 2481 3830 3988 3996 4002 5206 5230
12 1563 2482 2497 3831 3989 3997 4003 4011 4254 4261 5169 5230
12 1278 3071 3081 3504 3538 3557 3848 4120 4609 4614 5133 5231
7 3614 3926 4615 4711 4741 5232 5233
12 2174 2428 2872 3375 3381 3513 3550 3558 4593 4756 5234 5235
7 2175 3376 3514 3551 3559 5134 5234
12 285 675 2429 2873 3060 3382 3852 4594 4603 4757 5236 5237
7 2430 2874 3383 4595 4758 5235 5236
7 3552 4107 4448 4623 4748 5238 5239
12 307 870 2213 3222 3229 3951 4344 4373 4648 4652 5098 5240
7 2214 3230 4374 4649 4653 5183 5240
7 3012 4020 4056 4255 4415 5168 5241
12 3013 3290 3314 3476 4021 4057 4092 4256 4416 4464 5205 5241
12 1564 2498 2505 3490 3591 4012 4093 4257 4262 4686 5170 5242
7 2506 3491 3592 4094 4687 5057 5242
12 887 1636 2018 4048 4248 4434 4724 4730 4770 4795 5229 5243
7 2551 4062 4440 4692 4695 5244 5245
12 2552 3352 3897 3913 4063 4293 4410 4441 4693 4696 5199 5244
12 3038 3959 4283 4294 4300 4395 4402 4633 4672 4697 5246 5247
7 3039 3960 4295 4396 4403 5196 5246
7 3446 4307 4314 4386 4665 5177 5248
12 2269 3053 3447 3853 3861 3872 3898 3907 4284 4442 5209 5249
7 3854 3862 3873 3899 4285 5014 5249
7 4286 4301 4634 4673 4698 5247 5250
12 3448 4287 4302 4308 4315 4387 4635 4666 4674 4699 5248 5250
12 2528 2553 2589 3396 3975 4064 4388 4443 4694 4700 5245 5251
7 2529 2590 3397 3976 4389 5102 5251
7 2631 3497 4077 4455 4705 5210 5252
12 204 286 676 762 3061 3855 3908 3914 4456 4604 5118 5253
7 287 677 3062 3856 4605 5237 5253
7 3468 3599 3660 4269 4275 5148 5254
12 3691 3700 3707 4183 4190 4204 4529 4556 4567 4718 5198 5255
7 3692 3701 3708 4205 4719 5075 5255
12 1123 2063 2255 3245 3253 3693 3787 4241 4543 4568 5222 5256
7 3246 3254 3788 4242 4569 5161 5256
7 4329 4501 4507 4639 4654 5185 5257
12 1216 1224 1339 1394 1726 2802 3952 4508 4583 4659 5182 5258
7 1217 1225 2803 4584 4660 4936 5258
12 2912 3072 3088 3615 3927 4515 4521 4616 4712 4742 5232 5259
7 2913 3073 3089 4516 4522 5143 5259
12 3054 3063 3863 4276 4596 4735 4749 4763 4777 4789 5260 5261
7 3055 3064 4277 4764 4790 5260 5262
12 2632 3056 3065 3498 4078 4278 4457 4706 4765 4791 5252 5262
7 1297 2730 3404 4079 4476 5212 5263
7 3131 3879 3889 4309 4352 5178 5264
12 3132 3140 3880 3890 4310 4353 4380 4563 4675 4681 5227 5264
12 2072 2079 2227 2313 2857 2889 3715 3881 4381 4667 5016 5265
7 2080 2228 2858 4382 4668 5192 5265
7 134 1546 3832 4574 4771 5164 5266
7 2000 2260 4101 4469 4796 5130 5267
7 4049 4249 4435 4772 4797 5243 5268
12 3030 3307 3322 4004 4050 4250 4436 4588 4773 4798 5167 5268
12 135 1547 2010 2261 3583 3833 4263 4575 4589 4774 5266 5269
7 2011 2262 3584 4264 4590 5088 5269
7 3824 4152 4576 4640 4725 5180 5270
12 2001 2263 3825 4102 4153 4470 4577 4641 4726 4799 5267 5270
12 4330 4338 4345 4471 4502 4509 4642 4655 4661 4731 5257 5271
7 4339 4346 4472 4662 4732 5187 5271
7 3505 3560 4121 4610 4617 5231 5272
12 2043 2270 2905 2914 3874 4172 4316 4611 4736 4743 5172 5273
12 3530 3553 4108 4115 4122 4130 4449 4624 4750 4784 5238 5274
12 3506 3561 3864 4123 4597 4612 4618 4737 4751 4778 5272 5275
7 3531 4116 4124 4131 4785 5216 5274
7 3865 4598 4738 4752 4779 5261 5275
12 3616 3928 4145 4270 4486 4619 4713 4744 4780 4786 5233 5276
7 4146 4271 4487 4781 4787 5217 5276
12 2044 2271 3469 3600 3661 4173 4272 4279 4739 4745 5254 5277
7 2045 2272 4174 4740 4746 5273 5277
7 4071 4366 4477 4759 4792 5125 5278
12 3554 4072 4109 4367 4450 4478 4625 4753 4760 4793 5239 5278
12 1298 1990 2731 2738 3405 3575 4080 4479 4626 4766 5263 5279
7 1991 2739 3576 4627 4767 5218 5279
