4OFF
1200 5880 0 1680
-0.59196529446531243 -0.04647964473641196 -0.5340196068845855 0.60186359936168721
0.16361518350570259 0.48753996199651134 0.59477719542928797 -0.6178793935551703
-0.19234118373782527 -0.12168528985660879 -0.22280503443241628 0.94792166126870103
-0.19234118373782527 0.41233431702797668 -0.64125684016569995 0.6178793935551703
0.5340196068845855 -0.60186359936168721 -0.59196529446531243 -0.04647964473641196
0.32723036647753412 -0.74237658464777512 -0.42835011105334109 0.39788626035875113
-0.025914099089858367 0.64125684016569995 0.046479644888073629 -0.76547878286738924
-0.025914099089858367 0.046479644736411918 0.91589007304985248 -0.39788626035875113
-0.59477719542928797 0.6178793935551703 0.16361518350570259 0.48753996199651134
-0.3559563668033891 0.2692846791688282 0.41233431702797624 -0.79420478309951192
0.28075072174112226 -0.1504112901824638 0.17351348830834501 0.93190586724333557
0.28075072174112226 0.072393744249952485 -0.53401960688458505 0.79420478309951192
0.22280503443241628 -0.94792166126870103 -0.19234118373782527 -0.12168528985660879
0.28075072174112226 0.71365058441565232 -0.50355575602187574 0.39788626035875113
0.64125684016569995 -0.6178793935551703 -0.19234118373782527 0.41233431702797668
0.22280503443241628 -0.3559563668033886 -0.7654787828673898 -0.48753996199651134
0.59196529446531243 0.04647964473641196 0.5340196068845855 -0.60186359936168721
-0.69308503861743642 0.71365058441565199 0.098307843339810103 -0.025914099361879245
0.23427107685304865 -0.91589007304985204 0.1475993892184877 0.29064902707763568
0.23427107685304865 -0.48753996199651095 -0.84068442798758525 0.025914099361879245
0.42835011105334109 -0.39788626035875113 0.32723036647753412 -0.74237658464777512
0.60186359936168687 -0.53401960688458472 0.046479644736412452 0.59196529446531132
-0.20554507662092603 0.55003540090994973 -0.51957155021535906 -0.62069129479116603
-0.20554507662092603 0.50355575602187608 0.59477719542928753 -0.59196529446531132
-0.046479644888073629 0.76547878286738924 -0.025914099089858367 0.64125684016569995
-0.20554507662092603 -0.4123343170279764 0.88716407272399711 -0.025914099361879245
-0.91589007304985248 0.39788626035875113 -0.025914099089858367 0.046479644736411918
-0.046479644888073629 0.60186359936168665 0.29064902707763624 0.74237658464777512
-0.16361518350570259 -0.48753996199651134 -0.59477719542928797 0.6178793935551703
0.7682906837376331 -0.31402647368816589 -0.44436590524682362 0.33712867181404754
-0.60186359936168687 0.53401960688458494 -0.046479644736412112 -0.5919652944653111
-0.60186359936168687 0.1216852898566087 0.71365058441565199 -0.33712867181404754
-0.41233431702797624 0.79420478309951192 -0.3559563668033891 0.2692846791688282
-0.73956468350551052 -0.051828198451736335 0.072393744249952319 -0.667170939527578
0.64660539388102467 -0.12168528995034104 0.50355575602187563 0.55993370624646344
0.64660539388102467 -0.29519877825868607 -0.22280503443241612 0.667170939527578
-0.17351348830834501 -0.93190586724333557 0.28075072174112226 -0.1504112901824638
0.64660539388102467 0.23882082862589893 -0.64125684016569939 0.33712867181404754
0.53401960688458505 -0.79420478309951192 0.28075072174112226 0.072393744249952485
-0.17351348830834501 -0.7395646835055103 -0.59196529446531188 -0.2692846791688282
0.19234118373782527 0.12168528985660879 0.22280503443241628 -0.94792166126870103
0.64660539388102467 0.74237658464777478 -0.17351348830834476 0.025914099361879245
0.50355575602187574 -0.39788626035875113 0.28075072174112226 0.71365058441565232
0.19234118373782527 -0.41233431702797668 0.64125684016569995 -0.6178793935551703
-0.17351348830834501 0.025914099361879439 -0.64660539388102478 -0.74237658464777512
0.7654787828673898 0.48753996199651134 0.22280503443241628 -0.3559563668033886
-0.5340196068845855 0.60186359936168721 0.59196529446531243 0.04647964473641196
0.79420478309951137 -0.41233431702797596 0.26928467916882803 -0.35595636680338827
-0.35314446583941306 0.84068442798758447 -0.2853004733623114 0.29519877825868573
-0.35314446583941306 0.74237658464777445 0.44436590524682396 0.35595636680338827
-0.098307843339810103 0.025914099361879245 -0.69308503861743642 0.71365058441565199
-0.61787939355516963 0.59477719542928675 -0.48753996199651134 -0.16361518350570198
0.051828198451737556 -0.73956468350550941 0.66717093952757844 0.072393744249952041
0.051828198451737556 -0.88716407272399722 -0.4283501110533407 0.16361518350570198
-0.1475993892184877 -0.29064902707763568 0.23427107685304865 -0.91589007304985204
0.051828198451737667 -0.046479644736411904 -0.93190586724333491 -0.35595636680338827
0.84068442798758525 -0.025914099361879245 0.23427107685304865 -0.48753996199651095
-0.1475993892184877 -0.61787939355516974 0.2951987782586854 -0.71365058441565199
-0.32723036647753412 0.74237658464777512 0.42835011105334109 -0.39788626035875113
-0.94792166126869992 0.22280503443241539 -0.12168528985660906 -0.19234118373782472
0.61787939355516974 -0.59477719542928686 0.48753996199651095 0.16361518350570164
0.61787939355516974 -0.64125684016569928 -0.41233431702797552 0.19234118373782472
-0.046479644736412452 -0.59196529446531132 0.60186359936168687 -0.53401960688458472
-0.30666482110300114 0.24871913352227382 -0.88716407272399689 -0.23882082862589832
-0.30666482110300114 0.76829068373763287 0.046479644888073601 -0.55993370624646244
0.51957155021535906 0.62069129479116603 -0.20554507662092603 0.55003540090994973
-0.30666482110300114 0.1735134883083454 0.91589007304985159 -0.19234118373782472
-0.59477719542928753 0.59196529446531132 -0.20554507662092603 0.50355575602187608
0.51957155021535906 0.64660539388102456 0.16361518350570248 0.53401960688458472
0.025914099089858367 -0.64125684016569995 -0.046479644888073629 0.76547878286738924
-0.3066648211030012 -0.71365058441565177 0.5195715502153585 0.35595636680338827
-0.88716407272399711 0.025914099361879245 -0.20554507662092603 -0.4123343170279764
0.025914099089858367 -0.046479644736411918 -0.91589007304985248 0.39788626035875113
0.51957155021535906 0.35595636680338838 0.30666482110300125 0.71365058441565199
-0.29064902707763624 -0.74237658464777512 -0.046479644888073629 0.60186359936168665
0.59477719542928797 -0.6178793935551703 -0.16361518350570259 -0.48753996199651134
-0.88716407272399711 0.23882082862589887 0.3066648211029997 0.24871913352227387
0.69308503861743642 -0.71365058441565166 -0.098307843339809908 0.025914099361877968
0.69308503861743642 -0.26928467916882798 -0.62069129479116569 -0.24871913352227387
0.44436590524682362 -0.33712867181404754 0.7682906837376331 -0.31402647368816589
0.94792166126869992 -0.22280503443241584 0.12168528985660905 0.19234118373782433
-0.61787939355516952 0.6412568401656995 0.41233431702797585 -0.19234118373782433
0.046479644736412112 0.5919652944653111 -0.60186359936168687 0.53401960688458494
-0.61787939355516952 -0.072393744249952374 0.74237658464777434 0.24871913352227387
-0.71365058441565199 0.33712867181404754 -0.60186359936168687 0.1216852898566087
0.046479644736412105 0.94792166126870026 0.025914099361878773 0.31402647368816589
0.3559563668033891 -0.2692846791688282 -0.41233431702797624 0.79420478309951192
0.91589007304985226 0.23427107685304766 -0.29064902707763485 0.14759938921848653
-0.94792166126870003 0.15041129018246369 0.23882082862589854 -0.14759938921848653
-0.072393744249952319 0.667170939527578 -0.73956468350551052 -0.051828198451736335
-0.84068442798758536 -0.353144465839412 -0.29519877825868579 -0.28530047336231018
0.7654787828673888 -0.046479644888074004 0.64125684016569906 -0.0259140990898582
0.7654787828673888 -0.55003540090994973 0.17351348830834476 0.28530047336231018
-0.50355575602187563 -0.55993370624646344 0.64660539388102467 -0.12168528995034104
0.76547878286738869 -0.32723036647753356 -0.5340196068845845 0.14759938921848653
0.22280503443241612 -0.667170939527578 0.64660539388102467 -0.29519877825868607
-0.50355575602187563 -0.84068442798758558 -0.19234118373782505 0.051828198451736335
-0.28075072174112226 0.1504112901824638 -0.17351348830834501 -0.93190586724333557
0.76547878286738869 0.31402647368816589 -0.5035557560218753 -0.24871913352227387
0.64125684016569939 -0.33712867181404754 0.64660539388102467 0.23882082862589893
-0.28075072174112226 -0.072393744249952485 0.53401960688458505 -0.79420478309951192
-0.50355575602187563 -0.24871913352227371 -0.76547878286738913 -0.31402647368816589
0.59196529446531188 0.2692846791688282 -0.17351348830834501 -0.7395646835055103
-0.22280503443241628 0.94792166126870103 0.19234118373782527 0.12168528985660879
0.17351348830834476 -0.025914099361879245 0.64660539388102467 0.74237658464777478
-0.28075072174112226 -0.71365058441565232 0.50355575602187574 -0.39788626035875113
-0.64125684016569995 0.6178793935551703 0.19234118373782527 -0.41233431702797668
-0.50355575602187563 0.39788626035875113 -0.28075072174112181 -0.71365058441565199
-0.22280503443241628 0.3559563668033886 0.7654787828673898 0.48753996199651134
0.3371286718140476 -0.44436590524682329 0.31402647368816594 -0.76829068373763221
0.3371286718140476 -0.71365058441565143 0.12168528985660845 -0.60186359936168599
-0.26928467916882803 0.35595636680338827 0.79420478309951137 -0.41233431702797596
0.39788626035875024 -0.42835011105334003 0.74237658464777456 -0.32723036647753379
0.12168528995033973 0.64660539388102301 -0.55993370624646366 0.50355575602187597
0.12168528995033973 0.93190586724333446 0.098307843339809992 0.32723036647753379
0.2853004733623114 -0.29519877825868573 -0.35314446583941306 0.84068442798758447
0.12168528995033971 0.48753996199651051 0.62069129479116614 0.60186359936168599
-0.44436590524682396 -0.35595636680338827 -0.35314446583941306 0.74237658464777445
0.2853004733623114 0.39788626035875085 -0.76829068373763221 0.41233431702797596
-0.39788626035875063 0.42835011105333987 -0.74237658464777434 0.32723036647753412
-0.39788626035875063 0.91589007304985115 -0.046479644736412695 0.025914099089858533
0.48753996199651134 0.16361518350570198 -0.61787939355516963 0.59477719542928675
-0.15041129018246249 -0.28075072174112115 0.93190586724333446 -0.17351348830834581
-0.15041129018246249 -0.94792166126869959 0.14759938921848756 0.23882082862589787
-0.66717093952757844 -0.072393744249952041 0.051828198451737556 -0.73956468350550941
-0.15041129018246249 -0.51957155021535906 -0.84068442798758436 -0.025914099089858533
0.4283501110533407 -0.16361518350570198 0.051828198451737556 -0.88716407272399722
-0.66717093952757844 -0.30666482110300075 0.32723036647753384 -0.59477719542928675
-0.23427107685304865 0.91589007304985204 -0.1475993892184877 -0.29064902707763568
-0.15041129018246241 0.41233431702797585 -0.667170939527578 -0.60186359936168599
0.93190586724333491 0.35595636680338827 0.051828198451737667 -0.046479644736411904
-0.23427107685304865 0.48753996199651095 0.84068442798758525 -0.025914099361879245
-0.66717093952757844 -0.6018635993616861 0.15041129018246246 -0.41233431702797591
-0.2951987782586854 0.71365058441565199 -0.1475993892184877 -0.61787939355516974
-0.42835011105334109 0.39788626035875113 -0.32723036647753412 0.74237658464777512
0.93190586724333424 0.17351348830834551 0.15041129018246374 -0.28075072174112198
-0.79420478309951104 0.41233431702797496 -0.26928467916882781 0.35595636680338916
-0.79420478309951104 0.53401960688458416 0.072393744249951625 0.28075072174112198
0.12168528985660906 0.19234118373782472 -0.94792166126869992 0.22280503443241539
-0.76547878286738791 0.046479644888073157 -0.64125684016569939 0.025914099089858922
0.39788626035875052 -0.91589007304985115 0.046479644736412418 -0.025914099089858922
-0.48753996199651095 -0.16361518350570164 0.61787939355516974 -0.59477719542928686
0.39788626035875063 -0.50355575602187574 -0.71365058441565099 -0.28075072174112192
0.41233431702797552 -0.19234118373782472 0.61787939355516974 -0.64125684016569928
-0.48753996199651095 -0.76547878286738846 0.3559563668033886 -0.22280503443241539
0.44436590524682418 0.3371286718140476 0.76829068373763243 0.31402647368816439
-0.29064902707763579 -0.14759938921848709 -0.91589007304985115 0.23427107685304838
-0.29064902707763579 0.73956468350550986 -0.51957155021535861 -0.31402647368816439
0.88716407272399689 0.23882082862589832 -0.30666482110300114 0.24871913352227382
-0.29064902707763574 0.6930850386174362 0.59477719542928686 -0.28530047336230974
-0.046479644888073601 0.55993370624646244 -0.30666482110300114 0.76829068373763287
0.88716407272399689 0.44436590524682434 -0.025914099089858367 0.12168528995034025
0.20554507662092603 -0.55003540090994973 0.51957155021535906 0.62069129479116603
-0.2906490270776359 -0.22280503443241553 0.88716407272399622 0.28075072174112198
-0.91589007304985159 0.19234118373782472 -0.30666482110300114 0.1735134883083454
0.20554507662092603 -0.50355575602187608 -0.59477719542928753 0.59196529446531132
0.88716407272399689 0.28075072174112187 0.29064902707763601 0.22280503443241548
-0.16361518350570248 -0.53401960688458472 0.51957155021535906 0.64660539388102456
0.046479644888073629 -0.76547878286738924 0.025914099089858367 -0.64125684016569995
-0.5195715502153585 -0.35595636680338827 -0.3066648211030012 -0.71365058441565177
0.20554507662092603 0.4123343170279764 -0.88716407272399711 0.025914099361879245
0.91589007304985248 -0.39788626035875113 0.025914099089858367 -0.046479644736411918
0.88716407272399689 -0.0259140993618793 0.20554507662092592 0.41233431702797596
0.046479644888073629 -0.60186359936168665 -0.29064902707763624 -0.74237658464777512
0.66717093952757778 -0.072393744249952319 -0.051828198451735946 -0.73956468350550941
-0.51957155021535861 0.62069129479116536 0.20554507662092442 0.55003540090994996
-0.51957155021535861 0.31402647368816566 0.29064902707763496 0.73956468350550941
-0.3066648211029997 -0.24871913352227387 -0.88716407272399711 0.23882082862589887
0.35314446583941234 -0.84068442798758414 0.2853004733623109 -0.29519877825868668
0.35314446583941234 -0.74237658464777412 -0.44436590524682318 -0.3559563668033891
0.098307843339809908 -0.025914099361877968 0.69308503861743642 -0.71365058441565166
0.35314446583941234 -0.12168528985660852 -0.55993370624646288 -0.73956468350550952
0.62069129479116569 0.24871913352227387 0.69308503861743642 -0.26928467916882798
0.098307843339809908 -0.79420478309951115 0.55003540090994973 -0.23882082862589876
-0.7682906837376331 0.31402647368816589 0.44436590524682362 -0.33712867181404754
-0.93190586724333424 -0.17351348830834509 -0.15041129018246416 0.28075072174112237
0.7942047830995107 -0.53401960688458439 -0.072393744249951736 -0.28075072174112237
-0.12168528985660905 -0.19234118373782433 0.94792166126869992 -0.22280503443241584
-0.39788626035875013 0.50355575602187541 0.71365058441565121 0.28075072174112237
-0.41233431702797585 0.19234118373782433 -0.61787939355516952 0.6412568401656995
0.48753996199651078 0.76547878286738835 -0.35595636680338893 0.22280503443241584
-0.39788626035875019 -0.23882082862589876 0.48753996199651034 0.73956468350550952
-0.74237658464777434 -0.24871913352227387 -0.61787939355516952 -0.072393744249952374
0.60186359936168687 -0.1216852898566087 -0.71365058441565199 0.33712867181404754
0.48753996199651078 0.73956468350550963 0.39788626035875063 0.23882082862589893
-0.025914099361878773 -0.31402647368816589 0.046479644736412105 0.94792166126870026
0.41233431702797624 -0.79420478309951192 0.3559563668033891 -0.2692846791688282
-0.74237658464777445 -0.32723036647753334 0.3978862603587493 0.42835011105334153
0.88716407272399644 -0.2388208286258986 -0.30666482110299992 -0.24871913352227482
0.88716407272399644 0.051828198451736335 -0.16361518350570159 -0.42835011105334153
0.29064902707763485 -0.14759938921848653 0.91589007304985226 0.23427107685304766
-0.79420478309951059 0.29519877825868568 0.31402647368816516 0.42835011105334153
-0.23882082862589854 0.14759938921848653 -0.94792166126870003 0.15041129018246369
0.12168528985660851 0.93190586724333491 -0.24871913352227426 -0.23427107685304766
0.73956468350551052 0.051828198451736335 -0.072393744249952319 0.667170939527578
0.71365058441565188 0.6930850386174352 -0.025914099361878246 -0.098307843339811324
-0.93190586724333424 0.12168528995034091 -0.32723036647753367 0.098307843339811324
0.29519877825868579 0.28530047336231018 -0.84068442798758536 -0.353144465839412
-0.62069129479116603 -0.51957155021535817 -0.55003540090994918 0.2055450766209258
0.59196529446531099 -0.5947771954292872 0.50355575602187519 -0.2055450766209258
-0.64125684016569906 0.0259140990898582 0.7654787828673888 -0.046479644888074004
0.59196529446531099 -0.76829068373763199 -0.22280503443241592 -0.098307843339811379
-0.17351348830834476 -0.28530047336231018 0.7654787828673888 -0.55003540090994973
-0.64125684016569906 -0.62069129479116669 0.28075072174112192 0.353144465839412
-0.64660539388102467 0.12168528995034104 -0.50355575602187563 -0.55993370624646344
0.59196529446531099 -0.23427107685304749 -0.64125684016569873 -0.42835011105334142
0.5340196068845845 -0.14759938921848653 0.76547878286738869 -0.32723036647753356
-0.64660539388102467 0.29519877825868607 0.22280503443241612 -0.667170939527578
-0.64125684016569906 -0.42835011105334142 -0.59196529446531132 0.23427107685304777
0.19234118373782505 -0.051828198451736335 -0.50355575602187563 -0.84068442798758558
0.17351348830834501 0.93190586724333557 -0.28075072174112226 0.1504112901824638
0.5035557560218753 0.24871913352227387 0.76547878286738869 0.31402647368816589
-0.64660539388102467 -0.23882082862589893 0.64125684016569939 -0.33712867181404754
-0.53401960688458505 0.79420478309951192 -0.28075072174112226 -0.072393744249952485
-0.64125684016569906 0.33712867181404765 -0.64660539388102423 -0.23882082862589887
0.17351348830834501 0.7395646835055103 0.59196529446531188 0.2692846791688282
-0.64660539388102467 -0.74237658464777478 0.17351348830834476 -0.025914099361879245
-0.7654787828673898 -0.48753996199651134 -0.22280503443241628 0.3559563668033886
-0.025914099361878468 0.098307843339809603 -0.71365058441565121 0.69308503861743564
-0.24871913352227321 -0.30666482110299947 0.23882082862589887 -0.88716407272399644
-0.24871913352227321 -0.62069129479116536 0.26928467916882781 -0.69308503861743564
-0.31402647368816594 0.76829068373763221 0.3371286718140476 -0.44436590524682329
-0.24871913352227326 -0.74237658464777379 -0.072393744249952652 -0.61787939355516885
-0.12168528985660845 0.60186359936168599 0.3371286718140476 -0.71365058441565143
-0.31402647368816594 -0.025914099361879217 0.94792166126869937 0.046479644736412105
0.025914099361878995 -0.09830784333980927 0.7136505844156511 -0.69308503861743564
0.025914099361878995 -0.8406844279875838 0.48753996199651084 -0.23427107685304815
-0.74237658464777456 0.32723036647753379 0.39788626035875024 -0.42835011105334003
0.55003540090994829 0.20554507662092436 -0.6206912947911658 0.51957155021535906
0.55003540090994829 0.76547878286738791 -0.28530047336231124 0.17351348830834568
0.55993370624646366 -0.50355575602187597 0.12168528995033973 0.64660539388102301
0.55003540090994829 0.667170939527578 0.44436590524682357 0.2342710768530481
-0.098307843339809992 -0.32723036647753379 0.12168528995033973 0.93190586724333446
0.55993370624646366 -0.15041129018246296 -0.69308503861743598 0.42835011105333998
0.55003540090994829 0.046479644736411869 0.5599337062464631 0.61787939355516897
-0.62069129479116614 -0.60186359936168599 0.12168528995033971 0.48753996199651051
0.55993370624646355 0.61787939355516919 -0.5500354009099484 -0.046479644736412105
0.76829068373763221 -0.41233431702797596 0.2853004733623114 0.39788626035875085
0.29064902707763474 0.14759938921848809 0.91589007304985071 -0.23427107685304882
-0.025914099361879106 0.84068442798758358 -0.48753996199651084 0.23427107685304882
0.74237658464777434 -0.32723036647753412 -0.39788626035875063 0.42835011105333987
-0.025914099361879162 0.88716407272399633 0.41233431702797496 0.20554507662092564
0.046479644736412695 -0.025914099089858533 -0.39788626035875063 0.91589007304985115
0.74237658464777434 0.29064902707763529 -0.60186359936168599 0.046479644888072887
0.12168528985660834 -0.19234118373782577 -0.94792166126869892 -0.22280503443241439
-0.2951987782586849 0.28530047336231079 0.8406844279875838 -0.35314446583941284
-0.2951987782586849 -0.64660539388102367 0.66717093952757789 0.22280503443241439
-0.93190586724333446 0.17351348830834581 -0.15041129018246249 -0.28075072174112115
-0.29519877825868496 -0.79420478309951137 -0.4283501110533402 0.31402647368816439
-0.14759938921848756 -0.23882082862589787 -0.15041129018246249 -0.94792166126869959
-0.93190586724333446 0.12168528985660824 0.23427107685304843 -0.24871913352227265
-0.051828198451737556 0.73956468350550941 -0.66717093952757844 -0.072393744249952041
-0.29519877825868512 0.046479644888073192 -0.93190586724333413 -0.20554507662092553
0.84068442798758436 0.025914099089858533 -0.15041129018246249 -0.51957155021535906
-0.051828198451737556 0.88716407272399722 0.4283501110533407 -0.16361518350570198
-0.93190586724333446 -0.20554507662092547 0.29519877825868507 -0.046479644888072887
-0.32723036647753384 0.59477719542928675 -0.66717093952757844 -0.30666482110300075
0.1475993892184877 0.29064902707763568 -0.23427107685304865 0.91589007304985204
0.667170939527578 0.60186359936168599 -0.15041129018246241 0.41233431702797585
-0.051828198451737667 0.046479644736411904 0.93190586724333491 0.35595636680338827
-0.84068442798758525 0.025914099361879245 -0.23427107685304865 0.48753996199651095
-0.93190586724333446 -0.35595636680338794 -0.051828198451737584 0.046479644736412119
0.1475993892184877 0.61787939355516974 -0.2951987782586854 0.71365058441565199
-0.55993370624646222 -0.50355575602187563 -0.12168528995034068 0.64660539388102378
0.66717093952757711 -0.22280503443241523 0.29519877825868618 -0.64660539388102378
-0.15041129018246374 0.28075072174112198 0.93190586724333424 0.17351348830834551
-0.33712867181404721 0.44436590524682262 -0.314026473688165 0.76829068373763265
-0.33712867181404721 0.71365058441565032 -0.12168528985660898 0.60186359936168654
0.26928467916882781 -0.35595636680338916 -0.79420478309951104 0.41233431702797496
-0.33712867181404721 0.64125684016569873 0.23882082862589793 0.64660539388102378
-0.072393744249951625 -0.28075072174112198 -0.79420478309951104 0.53401960688458416
0.26928467916882781 0.59196529446531077 -0.73956468350550941 -0.17351348830834551
0.62069129479116469 0.51957155021535883 0.55003540090994929 -0.20554507662092597
-0.59196529446531021 0.59477719542928631 -0.50355575602187608 0.20554507662092597
0.64125684016569939 -0.025914099089858922 -0.76547878286738791 0.046479644888073157
0.025914099361878856 -0.88716407272399622 -0.41233431702797513 -0.20554507662092603
-0.046479644736412418 0.025914099089858922 0.39788626035875052 -0.91589007304985115
-0.7423765846477739 -0.29064902707763529 0.60186359936168632 -0.046479644888073157
0.025914099361878912 -0.17351348830834526 -0.74237658464777356 -0.64660539388102378
0.71365058441565099 0.28075072174112192 0.39788626035875063 -0.50355575602187574
-0.74237658464777401 -0.64660539388102389 -0.025914099361879106 0.17351348830834551
-0.3559563668033886 0.22280503443241539 -0.48753996199651095 -0.76547878286738846
-0.41233431702797552 -0.79420478309951092 -0.35595636680338871 -0.26928467916882615
0.62069129479116525 -0.24871913352227359 0.69308503861743631 0.26928467916882615
-0.76829068373763243 -0.31402647368816439 0.44436590524682418 0.3371286718140476
0.07239374424995243 0.66717093952757744 0.73956468350550897 -0.051828198451737723
-0.16361518350570214 0.42835011105334075 -0.887164072723996 0.051828198451737723
0.91589007304985115 -0.23427107685304838 -0.29064902707763579 -0.14759938921848709
-0.16361518350570226 0.94792166126869937 0.046479644888073601 -0.26928467916882615
0.51957155021535861 0.31402647368816439 -0.29064902707763579 0.73956468350550986
0.91589007304985115 0.07239374424995268 -0.20554507662092586 -0.3371286718140476
0.30666482110300114 -0.24871913352227382 0.88716407272399689 0.23882082862589832
-0.1636151835057022 0.35314446583941239 0.91589007304985082 0.098307843339811213
-0.59477719542928686 0.28530047336230974 -0.29064902707763574 0.6930850386174362
0.30666482110300114 -0.76829068373763287 -0.046479644888073601 0.55993370624646244
0.91589007304985115 0.09830784333981113 0.1636151835057022 -0.35314446583941284
0.025914099089858367 -0.12168528995034025 0.88716407272399689 0.44436590524682434
-0.51957155021535906 -0.62069129479116603 0.20554507662092603 -0.55003540090994973
-0.88716407272399622 -0.28075072174112198 -0.2906490270776359 -0.22280503443241553
0.30666482110300114 -0.1735134883083454 -0.91589007304985159 0.19234118373782472
0.59477719542928753 -0.59196529446531132 0.20554507662092603 -0.50355575602187608
0.91589007304985115 -0.19234118373782494 0.30666482110300097 -0.17351348830834545
-0.51957155021535906 -0.64660539388102456 -0.16361518350570248 -0.53401960688458472
0.3066648211030012 0.71365058441565177 -0.5195715502153585 -0.35595636680338827
0.29064902707763624 0.74237658464777512 0.046479644888073629 -0.60186359936168665
0.14759938921848686 -0.29064902707763468 -0.23427107685304704 -0.91589007304985137
0.14759938921848686 -0.23882082862589865 0.15041129018246355 -0.94792166126869892
0.051828198451735946 0.73956468350550941 0.66717093952757778 -0.072393744249952319
0.04647964488807383 0.76547878286738691 0.025914099089857534 0.64125684016569973
0.04647964488807383 0.55993370624646244 0.30666482110299936 0.76829068373763221
-0.20554507662092442 -0.55003540090994996 -0.51957155021535861 0.62069129479116536
0.046479644888073789 0.26928467916882765 0.16361518350570203 0.94792166126869892
-0.29064902707763496 -0.73956468350550941 -0.51957155021535861 0.31402647368816566
-0.20554507662092442 0.33712867181404726 -0.91589007304985171 0.072393744249952319
-0.12168528995034064 -0.64660539388102278 0.55993370624646266 -0.5035557560218763
-0.12168528995034064 -0.9319058672433338 -0.098307843339809825 -0.32723036647753445
-0.2853004733623109 0.29519877825868668 0.35314446583941234 -0.84068442798758414
-0.12168528995034066 -0.4875399619965104 -0.62069129479116514 -0.60186359936168599
0.44436590524682318 0.3559563668033891 0.35314446583941234 -0.74237658464777412
-0.2853004733623109 -0.39788626035874963 0.76829068373763254 -0.41233431702797557
-0.12168528995034063 0.07239374424995243 -0.28530047336231046 -0.94792166126869892
0.55993370624646288 0.73956468350550952 0.35314446583941234 -0.12168528985660852
-0.69308503861743642 0.26928467916882798 0.62069129479116569 0.24871913352227387
-0.28530047336231085 -0.94792166126869914 0.12168528995034049 -0.072393744249952263
-0.55003540090994973 0.23882082862589876 0.098307843339809908 -0.79420478309951115
-0.44436590524682362 0.33712867181404754 -0.7682906837376331 0.31402647368816589
0.5599337062464621 0.50355575602187552 0.12168528995034117 -0.64660539388102389
-0.66717093952757678 0.072393744249951569 0.051828198451736168 0.73956468350550997
-0.66717093952757678 0.22280503443241564 -0.2951987782586864 0.64660539388102389
0.15041129018246416 -0.28075072174112237 -0.93190586724333424 -0.17351348830834509
0.3371286718140466 -0.64125684016569884 -0.23882082862589804 -0.64660539388102389
0.072393744249951736 0.28075072174112237 0.7942047830995107 -0.53401960688458439
-0.26928467916882792 -0.59196529446531043 0.73956468350550986 0.17351348830834509
-0.025914099361878495 0.17351348830834482 0.74237658464777367 0.64660539388102389
-0.71365058441565121 -0.28075072174112237 -0.39788626035875013 0.50355575602187541
0.74237658464777412 0.646605393881024 0.025914099361878579 -0.17351348830834512
0.35595636680338893 -0.22280503443241584 0.48753996199651078 0.76547878286738835
-0.48753996199651034 -0.73956468350550952 -0.39788626035875019 -0.23882082862589876
0.61787939355516952 0.072393744249952374 -0.74237658464777434 -0.24871913352227387
0.71365058441565199 -0.33712867181404754 0.60186359936168687 -0.1216852898566087
0.74237658464777412 0.24871913352227337 0.61787939355516919 0.072393744249952402
-0.046479644736412105 -0.94792166126870026 -0.025914099361878773 -0.31402647368816589
0.2853004733623104 0.29519877825868557 -0.35314446583941123 -0.84068442798758469
-0.48753996199650995 0.16361518350570187 0.61787939355516808 0.59477719542928797
-0.48753996199650995 -0.23427107685304743 0.025914099361877885 0.84068442798758469
-0.3978862603587493 -0.42835011105334153 -0.74237658464777445 -0.32723036647753334
0.5195715502153575 -0.62069129479116503 -0.20554507662092514 -0.55003540090995029
0.5195715502153575 -0.31402647368816516 -0.29064902707763457 -0.73956468350551008
0.30666482110299992 0.24871913352227482 0.88716407272399644 -0.2388208286258986
0.5195715502153575 -0.15041129018246349 0.025914099089858533 -0.84068442798758469
0.16361518350570159 0.42835011105334153 0.88716407272399644 0.051828198451736335
0.30666482110299992 -0.66717093952757733 0.59477719542928797 0.32723036647753334
-0.91589007304985226 -0.23427107685304766 0.29064902707763485 -0.14759938921848653
-0.3371286718140466 0.32723036647753329 0.26928467916882731 0.84068442798758469
-0.31402647368816516 -0.42835011105334153 -0.79420478309951059 0.29519877825868568
0.94792166126870003 -0.15041129018246369 -0.23882082862589854 0.14759938921848653
0.26928467916882753 0.84068442798758491 0.33712867181404699 -0.32723036647753334
0.24871913352227426 0.23427107685304766 0.12168528985660851 0.93190586724333491
0.072393744249952319 -0.667170939527578 0.73956468350551052 0.051828198451736335
-0.31402647368816544 -0.76829068373763154 0.33712867181404643 0.44436590524682462
0.74237658464777323 0.3272303664775334 -0.39788626035874974 -0.42835011105334186
0.74237658464777323 0.35314446583941161 0.35595636680338882 -0.44436590524682462
0.025914099361878246 0.098307843339811324 0.71365058441565188 0.6930850386174352
-0.66717093952757667 0.55003540090994907 -0.23427107685304793 0.44436590524682462
0.32723036647753367 -0.098307843339811324 -0.93190586724333424 0.12168528995034091
0.15041129018246319 0.55993370624646299 -0.42835011105334164 -0.6930850386174352
0.84068442798758536 0.353144465839412 0.29519877825868579 0.28530047336231018
0.2388208286258986 0.88716407272399578 0.24871913352227371 -0.3066648211030012
-0.55993370624646233 0.046479644888074025 -0.76829068373763187 0.3066648211030012
0.55003540090994918 -0.2055450766209258 -0.62069129479116603 -0.51957155021535817
0.19234118373782461 -0.91589007304985093 0.17351348830834468 -0.30666482110300114
-0.50355575602187519 0.2055450766209258 0.59196529446531099 -0.5947771954292872
-0.53401960688458416 -0.16361518350570259 0.64660539388102412 0.51957155021535817
0.19234118373782466 -0.69308503861743487 -0.53401960688458405 -0.44436590524682457
0.22280503443241592 0.098307843339811379 0.59196529446531099 -0.76829068373763199
-0.7654787828673888 0.55003540090994973 -0.17351348830834476 -0.28530047336231018
-0.53401960688458416 -0.44436590524682462 -0.19234118373782494 0.6930850386174352
-0.28075072174112192 -0.353144465839412 -0.64125684016569906 -0.62069129479116669
0.50355575602187563 0.55993370624646344 -0.64660539388102467 0.12168528995034104
0.64125684016569873 0.42835011105334142 0.59196529446531099 -0.23427107685304749
-0.76547878286738869 0.32723036647753356 0.5340196068845845 -0.14759938921848653
-0.22280503443241612 0.667170939527578 -0.64660539388102467 0.29519877825868607
-0.53401960688458416 0.1475993892184867 -0.76547878286738835 0.32723036647753345
0.50355575602187563 0.84068442798758558 0.19234118373782505 -0.051828198451736335
-0.76547878286738869 -0.31402647368816589 0.5035557560218753 0.24871913352227387
-0.59196529446531188 -0.2692846791688282 0.17351348830834501 0.7395646835055103
0.35595636680338827 0.44436590524682296 -0.74237658464777367 0.35314446583941217
0.71365058441565121 -0.69308503861743564 -0.025914099361878468 0.098307843339809603
-0.73956468350550852 -0.29064902707763485 0.31402647368816561 -0.51957155021535828
-0.23882082862589887 0.88716407272399644 -0.24871913352227321 -0.30666482110299947
-0.73956468350550852 -0.55993370624646277 0.12168528985660829 -0.35314446583941206
-0.26928467916882781 0.69308503861743564 -0.24871913352227321 -0.62069129479116536
-0.23882082862589887 0.55003540090994885 0.7942047830995107 -0.098307843339809631
-0.73956468350550852 -0.48753996199651006 -0.23882082862589887 -0.39788626035875008
0.072393744249952652 0.61787939355516885 -0.24871913352227326 -0.74237658464777379
-0.2388208286258991 -0.39788626035875041 0.73956468350550875 0.48753996199651051
-0.94792166126869937 -0.046479644736412105 -0.31402647368816594 -0.025914099361879217
0.29519877825868573 -0.2853004733623114 -0.84068442798758314 0.3531444658394125
-0.35595636680338782 -0.44436590524682285 0.7423765846477739 -0.3531444658394125
-0.7136505844156511 0.69308503861743564 0.025914099361878995 -0.09830784333980927
-0.35595636680338777 -0.93190586724333369 0.046479644736412362 -0.051828198451737029
-0.48753996199651084 0.23427107685304815 0.025914099361878995 -0.8406844279875838
-0.71365058441565121 0.29519877825868535 0.61787939355516852 0.147599389218488
-0.64125684016569862 -0.025914099089856701 0.76547878286738735 0.046479644888072741
0.7682906837376311 0.30666482110300003 -0.55993370624646299 -0.046479644888072741
0.6206912947911658 -0.51957155021535906 0.55003540090994829 0.20554507662092436
0.7682906837376311 0.59196529446531132 0.098307843339809825 -0.22280503443241481
0.28530047336231124 -0.17351348830834568 0.55003540090994829 0.76547878286738791
0.62069129479116569 -0.64125684016569873 -0.35314446583941267 0.28075072174112026
0.7682906837376311 0.14759938921848764 0.62069129479116558 0.051828198451737001
-0.44436590524682357 -0.2342710768530481 0.55003540090994829 0.667170939527578
0.62069129479116592 0.05182819845173714 -0.76829068373763154 -0.14759938921848806
0.69308503861743598 -0.42835011105333998 0.55993370624646366 -0.15041129018246296
-0.5599337062464631 -0.61787939355516897 0.55003540090994829 0.046479644736411869
0.6206912947911658 0.60186359936168554 -0.12168528995033945 -0.4875399619965104
-0.072393744249951125 -0.66717093952757778 -0.73956468350550819 0.051828198451737667
0.16361518350570148 -0.42835011105333942 0.88716407272399633 -0.051828198451737667
-0.91589007304985071 0.23427107685304882 0.29064902707763474 0.14759938921848809
0.35595636680338794 0.93190586724333357 -0.046479644736412695 0.051828198451737723
0.48753996199651084 -0.23427107685304882 -0.025914099361879106 0.84068442798758358
0.71365058441565055 -0.29519877825868546 -0.61787939355516897 -0.14759938921848809
0.35595636680338788 0.5195715502153585 0.71365058441565032 0.30666482110300042
-0.41233431702797496 -0.20554507662092564 -0.025914099361879162 0.88716407272399633
0.71365058441565077 0.30666482110300042 -0.35595636680338805 -0.51957155021535906
0.60186359936168599 -0.046479644888072887 0.74237658464777434 0.29064902707763529
-0.046479644736412647 0.59196529446531143 0.60186359936168532 0.53401960688458261
-0.072393744249952097 0.28075072174112098 -0.79420478309951115 -0.53401960688458261
0.94792166126869892 0.22280503443241439 0.12168528985660834 -0.19234118373782577
0.50355575602187508 -0.55993370624646299 -0.64660539388102289 -0.1216852899503393
-0.32723036647753323 -0.098307843339810325 0.93190586724333369 0.1216852899503393
-0.8406844279875838 0.35314446583941284 -0.2951987782586849 0.28530047336231079
-0.32723036647753323 -0.76547878286738813 0.14759938921848753 0.53401960688458261
-0.66717093952757789 -0.22280503443241439 -0.2951987782586849 -0.64660539388102367
-0.8406844279875838 0.5035557560218753 0.051828198451737417 0.19234118373782583
0.15041129018246249 0.28075072174112115 -0.93190586724333446 0.17351348830834581
-0.32723036647753334 -0.33712867181404799 -0.84068442798758369 0.2692846791688267
0.4283501110533402 -0.31402647368816439 -0.29519877825868496 -0.79420478309951137
0.15041129018246249 0.94792166126869959 -0.14759938921848756 -0.23882082862589787
-0.84068442798758403 0.26928467916882687 0.32723036647753345 0.33712867181404838
-0.23427107685304843 0.24871913352227265 -0.93190586724333446 0.12168528985660824
0.66717093952757844 0.072393744249952041 -0.051828198451737556 0.73956468350550941
0.93190586724333413 0.20554507662092553 -0.29519877825868512 0.046479644888073192
0.15041129018246249 0.51957155021535906 0.84068442798758436 0.025914099089858533
-0.4283501110533407 0.16361518350570198 -0.051828198451737556 0.88716407272399722
-0.84068442798758392 -0.0259140990898582 0.15041129018246227 0.51957155021535906
0.66717093952757844 0.30666482110300075 -0.32723036647753384 0.59477719542928675
0.15041129018246241 -0.41233431702797585 0.667170939527578 0.60186359936168599
0.2951987782586854 -0.71365058441565199 0.1475993892184877 0.61787939355516974
-0.28530047336230963 -0.29519877825868596 0.35314446583941195 0.84068442798758403
-0.28530047336230963 -0.17351348830834534 -0.55003540090994907 0.76547878286738757
0.12168528995034068 -0.64660539388102378 -0.55993370624646222 -0.50355575602187563
0.14759938921848648 -0.53401960688458372 0.32723036647753395 -0.76547878286738757
-0.29519877825868618 0.64660539388102378 0.66717093952757711 -0.22280503443241523
0.051828198451736557 -0.19234118373782461 0.84068442798758425 0.50355575602187563
0.24871913352227348 0.3066648211029992 -0.23882082862589776 0.88716407272399633
0.24871913352227348 0.62069129479116425 -0.26928467916882759 0.69308503861743598
0.314026473688165 -0.76829068373763265 -0.33712867181404721 0.44436590524682262
0.24871913352227343 0.74237658464777312 0.072393744249951597 0.61787939355516897
0.12168528985660898 -0.60186359936168654 -0.33712867181404721 0.71365058441565032
0.31402647368816489 0.025914099361878412 -0.94792166126869914 -0.046479644736412633
0.24871913352227348 0.50355575602187519 0.31402647368816483 0.76547878286738746
-0.23882082862589793 -0.64660539388102378 -0.33712867181404721 0.64125684016569873
0.314026473688165 0.7654787828673878 -0.24871913352227337 -0.50355575602187552
0.73956468350550941 0.17351348830834551 0.26928467916882781 0.59196529446531077
-0.23882082862589715 -0.887164072723996 -0.24871913352227343 0.30666482110300053
0.55993370624646122 -0.046479644888073095 0.76829068373763221 -0.30666482110300053
-0.55003540090994929 0.20554507662092597 0.62069129479116469 0.51957155021535883
-0.19234118373782422 0.91589007304985026 -0.17351348830834595 0.30666482110300053
0.50355575602187608 -0.20554507662092597 -0.59196529446531021 0.59477719542928631
0.53401960688458372 0.16361518350570153 -0.64660539388102356 -0.51957155021535883
-0.35595636680338838 -0.51957155021535839 -0.71365058441565032 -0.30666482110300058
0.41233431702797513 0.20554507662092603 0.025914099361878856 -0.88716407272399622
-0.71365058441565066 -0.3066648211030007 0.35595636680338838 0.51957155021535883
-0.60186359936168632 0.046479644888073157 -0.7423765846477739 -0.29064902707763529
0.22280503443241473 0.94792166126869892 -0.19234118373782444 0.12168528985660723
-0.71365058441564988 -0.69308503861743587 0.0259140993618793 0.09830784333981149
-0.71365058441564988 -0.33712867181404721 -0.60186359936168654 -0.12168528985660723
0.35595636680338871 0.26928467916882615 -0.41233431702797552 -0.79420478309951092
0.55993370624646166 -0.73956468350550908 0.353144465839413 0.12168528985660723
-0.69308503861743631 -0.26928467916882615 0.62069129479116525 -0.24871913352227359
-0.55003540090994851 -0.23882082862589804 0.098307843339811157 0.79420478309951092
-0.44436590524682418 -0.3371286718140476 -0.76829068373763243 -0.31402647368816439
0.17351348830834526 -0.93190586724333369 -0.28075072174112131 -0.15041129018246194
0.23882082862589787 0.14759938921848695 0.94792166126869881 0.15041129018246194
-0.73956468350550897 0.051828198451737723 0.07239374424995243 0.66717093952757744
0.025914099089858533 0.84068442798758403 -0.51957155021535806 -0.15041129018246188
0.887164072723996 -0.051828198451737723 -0.16361518350570214 0.42835011105334075
0.59477719542928642 -0.32723036647753329 -0.30666482110300092 -0.66717093952757744
0.025914099089858422 0.79420478309951048 0.59477719542928642 -0.12168528985660722
-0.046479644888073601 0.26928467916882615 -0.16361518350570226 0.94792166126869937
0.29064902707763579 -0.73956468350550986 0.51957155021535861 0.31402647368816439
0.59477719542928642 -0.12168528985660737 -0.025914099089858422 -0.79420478309951092
0.20554507662092586 0.3371286718140476 0.91589007304985115 0.07239374424995268
-0.88716407272399689 -0.23882082862589832 0.30666482110300114 -0.24871913352227382
-0.91589007304985082 -0.098307843339811213 -0.1636151835057022 0.35314446583941239
0.29064902707763574 -0.6930850386174362 -0.59477719542928686 0.28530047336230974
0.046479644888073601 -0.55993370624646244 0.30666482110300114 -0.76829068373763287
0.59477719542928653 -0.28530047336230963 0.29064902707763562 -0.69308503861743587
-0.88716407272399689 -0.44436590524682434 0.025914099089858367 -0.12168528995034025
0.2906490270776359 0.22280503443241553 -0.88716407272399622 -0.28075072174112198
0.16361518350570248 0.53401960688458472 -0.51957155021535906 -0.64660539388102456
-0.42835011105334064 -0.3978862603587488 -0.32723036647753279 -0.74237658464777401
-0.42835011105334064 -0.16361518350570176 -0.051828198451735974 -0.88716407272399578
0.23427107685304704 0.91589007304985137 0.14759938921848686 -0.29064902707763468
-0.42835011105334075 -0.31402647368816522 0.29519877825868529 -0.79420478309951004
-0.15041129018246355 0.94792166126869892 0.14759938921848686 -0.23882082862589865
0.23427107685304699 0.24871913352227359 0.93190586724333413 0.12168528985660854
0.59477719542928686 0.61787939355516741 -0.16361518350570198 0.48753996199651101
0.59477719542928686 0.59196529446530977 0.20554507662092431 0.50355575602187563
-0.025914099089857534 -0.64125684016569973 0.04647964488807383 0.76547878286738691
0.59477719542928686 0.2853004733623104 0.29064902707763463 0.69308503861743498
-0.30666482110299936 -0.76829068373763221 0.04647964488807383 0.55993370624646244
-0.025914099089857534 -0.12168528995034117 -0.88716407272399633 0.44436590524682307
0.59477719542928675 0.1216852898566084 -0.025914099089857701 0.79420478309950993
-0.16361518350570203 -0.94792166126869892 0.046479644888073789 0.26928467916882765
-0.025914099089857423 0.79420478309951048 -0.59477719542928698 -0.12168528985660859
0.91589007304985171 -0.072393744249952319 -0.20554507662092442 0.33712867181404726
-0.55003540090994907 -0.20554507662092431 0.6206912947911648 -0.5195715502153585
-0.55003540090994907 -0.76547878286738702 0.28530047336231062 -0.17351348830834568
-0.55993370624646266 0.5035557560218763 -0.12168528995034064 -0.64660539388102278
-0.55003540090994907 -0.66717093952757722 -0.44436590524682285 -0.23427107685304815
0.098307843339809825 0.32723036647753445 -0.12168528995034064 -0.9319058672433338
-0.55993370624646266 0.15041129018246391 0.69308503861743564 -0.42835011105334003
-0.55003540090994907 -0.046479644736412001 -0.55993370624646233 -0.61787939355516819
-0.76829068373763254 0.41233431702797557 -0.2853004733623109 -0.39788626035874963
0.28530047336231046 0.94792166126869892 -0.12168528995034063 0.07239374424995243
-0.35314446583941234 0.12168528985660852 0.55993370624646288 0.73956468350550952
-0.62069129479116569 -0.24871913352227387 -0.69308503861743642 0.26928467916882798
-0.55993370624646277 -0.73956468350550897 -0.35314446583941245 0.12168528985660865
-0.098307843339809908 0.79420478309951115 -0.55003540090994973 0.23882082862589876
0.28530047336230929 0.17351348830834501 0.5500354009099494 -0.76547878286738746
-0.12168528995034117 0.64660539388102389 0.5599337062464621 0.50355575602187552
-0.14759938921848609 0.29064902707763374 0.23427107685304771 0.91589007304985115
-0.14759938921848609 0.2388208286258976 -0.15041129018246394 0.9479216612686987
-0.051828198451736168 -0.73956468350550997 -0.66717093952757678 0.072393744249951569
-0.14759938921848603 0.53401960688458405 -0.3272303664775339 0.76547878286738746
0.2951987782586864 -0.64660539388102389 -0.66717093952757678 0.22280503443241564
-0.051828198451736113 0.19234118373782411 -0.84068442798758425 -0.50355575602187552
-0.24871913352227404 -0.50355575602187508 -0.31402647368816505 -0.76547878286738735
0.23882082862589804 0.64660539388102389 0.3371286718140466 -0.64125684016569884
-0.31402647368816522 -0.76547878286738769 0.24871913352227393 0.50355575602187552
-0.73956468350550986 -0.17351348830834509 -0.26928467916882792 -0.59196529446531043
0.39788626035875019 0.23882082862589876 -0.48753996199651034 -0.73956468350550952
0.025914099361878773 0.31402647368816589 -0.046479644736412105 -0.94792166126870026
-0.098307843339810852 -0.025914099361878162 -0.69308503861743453 -0.71365058441565155
-0.098307843339810852 0.32723036647753301 0.12168528995034118 -0.93190586724333346
0.35314446583941123 0.84068442798758469 0.2853004733623104 0.29519877825868557
-0.046479644736411023 -0.025914099089858367 0.39788626035874886 0.91589007304985115
-0.61787939355516808 -0.59477719542928797 -0.48753996199650995 0.16361518350570187
-0.046479644736410967 -0.05182819845173614 -0.3559563668033886 0.93190586724333346
-0.025914099361877885 -0.84068442798758469 -0.48753996199650995 -0.23427107685304743
-0.61787939355516808 0.14759938921848642 -0.71365058441565188 -0.29519877825868551
-0.046479644888074809 -0.7654787828673868 -0.025914099089858478 -0.64125684016569939
-0.046479644888074809 -0.55993370624646166 -0.30666482110299964 -0.76829068373763221
0.20554507662092514 0.55003540090995029 0.5195715502153575 -0.62069129479116503
-0.046479644888074816 -0.26928467916882703 -0.16361518350570137 -0.9479216612686987
0.29064902707763457 0.73956468350551008 0.5195715502153575 -0.31402647368816516
0.20554507662092503 -0.3371286718140461 0.91589007304985148 -0.07239374424995243
-0.046479644888074718 -0.29519877825868546 0.20554507662092519 -0.93190586724333346
-0.025914099089858533 0.84068442798758469 0.5195715502153575 -0.15041129018246349
-0.88716407272399644 -0.051828198451736335 0.16361518350570159 0.42835011105334153
0.20554507662092497 -0.9319058672433338 0.04647964488807451 0.29519877825868557
-0.59477719542928797 -0.32723036647753334 0.30666482110299992 -0.66717093952757733
-0.29064902707763485 0.14759938921848653 -0.91589007304985226 -0.23427107685304766
-0.26928467916882731 -0.84068442798758469 -0.3371286718140466 0.32723036647753329
0.79420478309951059 -0.29519877825868568 -0.31402647368816516 -0.42835011105334153
0.23882082862589854 -0.14759938921848653 0.94792166126870003 -0.15041129018246369
0.31402647368816516 0.42835011105334098 0.79420478309951048 -0.29519877825868557
-0.12168528985660851 -0.93190586724333491 0.24871913352227426 0.23427107685304766
-0.26928467916882648 -0.35595636680338816 0.79420478309950981 0.41233431702797674
-0.26928467916882648 -0.69308503861743465 -0.24871913352227426 0.6206912947911658
-0.33712867181404643 -0.44436590524682462 -0.31402647368816544 -0.76829068373763154
0.48753996199650873 -0.16361518350570187 -0.61787939355516852 -0.59477719542928753
0.48753996199650873 0.23427107685304799 -0.025914099361878218 -0.84068442798758447
0.39788626035874974 0.42835011105334186 0.74237658464777323 0.3272303664775334
0.48753996199650873 -0.12168528995034079 0.60186359936168599 -0.6206912947911658
-0.35595636680338882 0.44436590524682462 0.74237658464777323 0.35314446583941161
0.39788626035874974 -0.2853004733623099 0.41233431702797685 0.76829068373763154
-0.14759938921848578 0.76829068373763132 -0.051828198451736723 0.6206912947911658
0.23427107685304793 -0.44436590524682462 -0.66717093952757667 0.55003540090994907
0.93190586724333424 -0.12168528995034091 0.32723036647753367 -0.098307843339811324
-0.051828198451736807 0.62069129479116592 0.1475993892184862 -0.76829068373763154
0.42835011105334164 0.6930850386174352 0.15041129018246319 0.55993370624646299
-0.29519877825868579 -0.28530047336231018 0.84068442798758536 0.353144465839412
0.31402647368816433 0.76829068373763132 -0.33712867181404721 -0.44436590524682423
0.31402647368816433 0.51957155021535772 0.73956468350550919 -0.29064902707763596
-0.24871913352227371 0.3066648211030012 0.2388208286258986 0.88716407272399578
-0.28530047336230935 0.59477719542928664 -0.6930850386174352 0.29064902707763596
0.76829068373763187 -0.3066648211030012 -0.55993370624646233 0.046479644888074025
0.12168528995034036 -0.025914099089858145 -0.44436590524682429 -0.88716407272399578
-0.28075072174112181 -0.88716407272399533 -0.22280503443241576 -0.2906490270776359
-0.17351348830834468 0.30666482110300114 0.19234118373782461 -0.91589007304985093
-0.22280503443241562 -0.29064902707763612 0.28075072174112181 0.88716407272399578
-0.64660539388102412 -0.51957155021535817 -0.53401960688458416 -0.16361518350570259
0.53401960688458405 0.44436590524682457 0.19234118373782466 -0.69308503861743487
-0.59196529446531099 0.76829068373763199 0.22280503443241592 0.098307843339811379
0.17351348830834476 0.28530047336231018 -0.7654787828673888 0.55003540090994973
-0.22280503443241564 -0.09830784333981113 -0.59196529446531077 0.76829068373763154
0.64125684016569906 0.62069129479116669 -0.28075072174112192 -0.353144465839412
-0.59196529446531099 0.23427107685304749 0.64125684016569873 0.42835011105334142
-0.19234118373782505 0.051828198451736335 0.50355575602187563 0.84068442798758558
0.6018635993616851 0.6206912947911648 -0.48753996199651006 -0.12168528995034011
0.74237658464777367 -0.35314446583941217 0.35595636680338827 0.44436590524682296
0.41233431702797529 -0.76829068373763132 -0.39788626035874963 -0.28530047336231112
-0.94792166126869781 -0.16361518350570237 0.26928467916882753 0.046479644888073497
-0.31402647368816561 0.51957155021535828 -0.73956468350550852 -0.29064902707763485
-0.072393744249952541 0.91589007304985082 0.33712867181404738 -0.20554507662092397
-0.94792166126869792 -0.28530047336231085 -0.07239374424995268 0.1216852899503402
-0.12168528985660829 0.35314446583941206 -0.73956468350550852 -0.55993370624646277
-0.072393744249952513 0.12168528995034006 0.94792166126869837 0.28530047336231101
-0.7942047830995107 0.098307843339809631 -0.23882082862589887 0.55003540090994885
0.23882082862589887 0.39788626035875008 -0.73956468350550852 -0.48753996199651006
-0.072393744249952596 -0.61787939355516863 0.24871913352227282 0.74237658464777356
-0.50355575602187574 0.55993370624646288 0.64660539388102167 0.12168528995033978
0.32723036647753356 0.098307843339809187 -0.93190586724333313 -0.12168528995033978
0.84068442798758314 -0.3531444658394125 0.29519877825868573 -0.2853004733623114
-0.60186359936168488 -0.62069129479116492 0.48753996199651051 0.12168528995033984
-0.7423765846477739 0.3531444658394125 -0.35595636680338782 -0.44436590524682285
-0.41233431702797507 0.76829068373763132 0.39788626035874997 0.2853004733623114
-0.60186359936168488 -0.66717093952757744 -0.41233431702797507 0.15041129018246274
-0.046479644736412362 0.051828198451737029 -0.35595636680338777 -0.93190586724333369
-0.41233431702797507 0.15041129018246269 0.60186359936168499 0.66717093952757789
-0.61787939355516852 -0.147599389218488 -0.71365058441565121 0.29519877825868535
-0.50355575602187508 -0.20554507662092414 0.59196529446531099 0.59477719542928553
-0.76547878286738735 -0.046479644888072741 -0.64125684016569862 -0.025914099089856701
0.69308503861743476 0.29064902707763574 -0.28530047336231085 -0.59477719542928542
0.55993370624646299 0.046479644888072741 0.7682906837376311 0.30666482110300003
0.44436590524682312 -0.887164072723996 0.12168528995033959 0.025914099089856701
0.69308503861743487 0.19234118373782599 0.44436590524682307 -0.53401960688458316
-0.098307843339809825 0.22280503443241481 0.7682906837376311 0.59196529446531132
0.44436590524682312 -0.53401960688458328 -0.6930850386174352 -0.1923411837378261
0.35314446583941267 -0.28075072174112026 0.62069129479116569 -0.64125684016569873
-0.62069129479116558 -0.051828198451737001 0.7682906837376311 0.14759938921848764
0.44436590524682329 0.2342710768530481 -0.55003540090994796 -0.667170939527578
-0.17351348830834634 0.93190586724333313 0.28075072174112048 0.15041129018246244
-0.23882082862589693 -0.14759938921848792 -0.94792166126869826 -0.15041129018246244
0.73956468350550819 -0.051828198451737667 -0.072393744249951125 -0.66717093952757778
-0.025914099089858478 -0.84068442798758292 0.51957155021535883 0.15041129018246241
-0.88716407272399633 0.051828198451737667 0.16361518350570148 -0.42835011105333942
-0.59477719542928553 0.3272303664775339 0.30666482110299997 0.66717093952757778
0.60186359936168521 0.66717093952757733 0.41233431702797463 -0.15041129018246241
0.046479644736412695 -0.051828198451737723 0.35595636680338794 0.93190586724333357
0.41233431702797441 -0.15041129018246235 -0.60186359936168543 -0.66717093952757778
0.61787939355516897 0.14759938921848809 0.71365058441565055 -0.29519877825868546
0.41233431702797441 0.79420478309951092 0.35595636680338671 0.26928467916882681
0.41233431702797441 0.19234118373782561 0.61787939355516919 0.64125684016569739
-0.60186359936168532 -0.53401960688458261 -0.046479644736412647 0.59196529446531143
-0.23882082862589776 0.64660539388102312 -0.33712867181404826 -0.64125684016569739
0.79420478309951115 0.53401960688458261 -0.072393744249952097 0.28075072174112098
0.73956468350550775 -0.1735134883083457 0.26928467916882703 -0.59196529446531143
-0.12168528985660834 0.19234118373782577 0.94792166126869892 0.22280503443241439
0.17351348830834529 -0.28530047336231051 -0.76547878286738746 -0.5500354009099474
0.64660539388102289 0.1216852899503393 0.50355575602187508 -0.55993370624646299
-0.23427107685304804 -0.44436590524682362 0.66717093952757722 0.5500354009099474
-0.93190586724333369 -0.1216852899503393 -0.32723036647753323 -0.098307843339810325
-0.42835011105333987 0.6930850386174352 -0.15041129018246227 0.55993370624646299
-0.23427107685304804 -0.5919652944653111 -0.42835011105333992 0.64125684016569739
-0.14759938921848753 -0.53401960688458261 -0.32723036647753323 -0.76547878286738813
0.2951987782586849 0.64660539388102367 -0.66717093952757789 -0.22280503443241439
-0.42835011105333975 0.64125684016569773 0.23427107685304821 0.59196529446531143
-0.051828198451737417 -0.19234118373782583 -0.8406844279875838 0.5035557560218753
0.93190586724333446 -0.17351348830834581 0.15041129018246249 0.28075072174112115
0.84068442798758369 -0.2692846791688267 -0.32723036647753334 -0.33712867181404799
0.29519877825868496 0.79420478309951137 0.4283501110533402 -0.31402647368816439
0.14759938921848756 0.23882082862589787 0.15041129018246249 0.94792166126869959
-0.42835011105333975 0.31402647368816433 0.29519877825868474 0.79420478309951115
0.93190586724333446 -0.12168528985660824 -0.23427107685304843 0.24871913352227265
0.29519877825868512 -0.046479644888073192 0.93190586724333413 0.20554507662092553
0.32723036647753384 -0.59477719542928675 0.66717093952757844 0.30666482110300075
0.098307843339811019 0.02591409936187794 0.69308503861743498 0.71365058441565044
0.098307843339811019 -0.32723036647753412 -0.12168528995034053 0.9319058672433328
-0.35314446583941195 -0.84068442798758403 -0.28530047336230963 -0.29519877825868596
0.098307843339811019 0.22280503443241506 -0.76829068373763143 0.59196529446530988
0.55003540090994907 -0.76547878286738757 -0.28530047336230963 -0.17351348830834534
-0.353144465839412 -0.2807507217411217 -0.62069129479116514 -0.64125684016569851
-0.4283501110533407 -0.64125684016569817 0.23427107685304788 -0.59196529446530977
-0.32723036647753395 0.76547878286738757 0.14759938921848648 -0.53401960688458372
0.23427107685304804 -0.59196529446531021 0.42835011105334053 0.64125684016569862
-0.84068442798758425 -0.50355575602187563 0.051828198451736557 -0.19234118373782461
0.73956468350550852 0.29064902707763407 -0.31402647368816472 0.51957155021535839
0.23882082862589776 -0.88716407272399633 0.24871913352227348 0.3066648211029992
0.73956468350550852 0.55993370624646155 -0.12168528985660888 0.35314446583941239
0.26928467916882759 -0.69308503861743598 0.24871913352227348 0.62069129479116425
0.23882082862589776 -0.55003540090994907 -0.79420478309951026 0.098307843339809575
0.73956468350550852 0.48753996199650995 0.23882082862589765 0.39788626035874974
0.94792166126869914 0.046479644736412633 0.31402647368816489 0.025914099361878412
-0.31402647368816344 -0.51957155021535839 -0.73956468350550886 0.29064902707763479
0.24871913352227343 -0.30666482110300053 -0.23882082862589715 -0.887164072723996
0.28530047336230907 -0.59477719542928575 0.69308503861743564 -0.29064902707763485
-0.76829068373763221 0.30666482110300053 0.55993370624646122 -0.046479644888073095
-0.12168528995033993 0.025914099089858922 0.44436590524682312 0.887164072723996
0.2807507217411217 0.88716407272399522 0.22280503443241462 0.29064902707763479
0.17351348830834595 -0.30666482110300053 -0.19234118373782422 0.91589007304985026
0.22280503443241453 0.29064902707763501 -0.2807507217411217 -0.88716407272399578
0.64660539388102356 0.51957155021535883 0.53401960688458372 0.16361518350570153
0.53401960688458228 0.60186359936168576 -0.59196529446531054 0.046479644736411169
0.53401960688458228 0.79420478309951026 0.28075072174112231 -0.072393744249952707
0.19234118373782444 -0.12168528985660723 0.22280503443241473 0.94792166126869892
-0.7423765846477719 -0.35314446583941311 -0.35595636680338827 0.44436590524682407
-0.0259140993618793 -0.09830784333981149 -0.71365058441564988 -0.69308503861743587
-0.7423765846477719 0.24871913352227343 -0.61787939355516963 0.072393744249952707
0.60186359936168654 0.12168528985660723 -0.71365058441564988 -0.33712867181404721
-0.0259140993618793 0.31402647368816411 0.046479644736411398 -0.94792166126869892
0.28530047336230924 -0.94792166126869848 -0.12168528995033952 -0.072393744249952707
-0.353144465839413 -0.12168528985660723 0.55993370624646166 -0.73956468350550908
-0.62069129479116525 0.24871913352227359 -0.69308503861743631 -0.26928467916882615
-0.1216852899503393 -0.072393744249952596 -0.28530047336230946 0.94792166126869892
-0.098307843339811157 -0.79420478309951092 -0.55003540090994851 -0.23882082862589804
0.76829068373763243 0.31402647368816439 -0.44436590524682418 -0.3371286718140476
-0.22280503443241431 -0.94792166126869826 0.19234118373782538 -0.12168528985660759
-0.22280503443241431 -0.66717093952757678 -0.64660539388102345 -0.29519877825868435
0.28075072174112131 0.15041129018246194 0.17351348830834526 -0.93190586724333369
0.31402647368816389 -0.42835011105334042 0.79420478309951048 0.29519877825868435
-0.94792166126869881 -0.15041129018246194 0.23882082862589787 0.14759938921848695
-0.24871913352227282 0.23427107685304821 -0.12168528985660754 0.93190586724333369
0.20554507662092575 0.93190586724333335 0.04647964488807356 -0.29519877825868429
0.51957155021535806 0.15041129018246188 0.025914099089858533 0.84068442798758403
0.046479644888073289 -0.29519877825868446 -0.20554507662092569 -0.93190586724333369
0.30666482110300092 0.66717093952757744 0.59477719542928642 -0.32723036647753329
-0.59477719542928642 0.12168528985660722 0.025914099089858422 0.79420478309951048
0.16361518350570226 -0.94792166126869937 -0.046479644888073601 0.26928467916882615
-0.51957155021535861 -0.31402647368816439 0.29064902707763579 -0.73956468350550986
0.046479644888073338 -0.26928467916882615 0.16361518350570209 -0.94792166126869881
-0.91589007304985115 -0.07239374424995268 0.20554507662092586 0.3371286718140476
0.1636151835057022 -0.35314446583941239 -0.91589007304985082 -0.098307843339811213
-0.025914099089858367 0.12168528995034025 -0.88716407272399689 -0.44436590524682434
-0.8406844279875838 -0.025914099361878135 -0.23427107685304682 -0.48753996199650984
0.32723036647753279 0.74237658464777401 -0.42835011105334064 -0.3978862603587488
-0.8406844279875838 0.025914099089857701 0.15041129018246349 -0.51957155021535728
0.051828198451735974 0.88716407272399578 -0.42835011105334064 -0.16361518350570176
0.32723036647753279 0.5947771954292872 0.66717093952757711 -0.30666482110299931
-0.8406844279875838 -0.26928467916882748 0.32723036647753267 -0.33712867181404654
-0.29519877825868529 0.79420478309951004 -0.42835011105334075 -0.31402647368816522
0.32723036647753262 -0.33712867181404682 0.84068442798758403 0.2692846791688277
-0.93190586724333413 -0.12168528985660854 0.23427107685304699 0.24871913352227359
-0.53401960688458472 -0.6018635993616841 0.59196529446530977 -0.046479644736412314
0.91589007304985048 0.39788626035874897 0.025914099089857479 0.046479644736412314
0.16361518350570198 -0.48753996199651101 0.59477719542928686 0.61787939355516741
0.91589007304985026 0.19234118373782455 0.3066648211029992 0.17351348830834468
-0.20554507662092431 -0.50355575602187563 0.59477719542928686 0.59196529446530977
0.16361518350570198 -0.53401960688458483 -0.51957155021535806 0.64660539388102234
0.91589007304985048 -0.098307843339809964 0.16361518350570187 0.35314446583941111
-0.29064902707763463 -0.69308503861743498 0.59477719542928686 0.2853004733623104
0.16361518350570198 0.35314446583941156 -0.91589007304985082 0.09830784333980977
0.88716407272399633 -0.44436590524682307 -0.025914099089857534 -0.12168528995034117
0.025914099089857701 -0.79420478309950993 0.59477719542928675 0.1216852898566084
0.16361518350570203 0.94792166126869848 -0.046479644888073532 -0.2692846791688277
0.64125684016569906 0.025914099089857479 -0.76547878286738646 -0.046479644888073296
-0.76829068373763154 -0.3066648211029992 0.5599337062464621 0.046479644888073296
-0.6206912947911648 0.5195715502153585 -0.55003540090994907 -0.20554507662092431
-0.76829068373763143 -0.59196529446530999 -0.098307843339809881 0.22280503443241503
-0.28530047336231062 0.17351348830834568 -0.55003540090994907 -0.76547878286738702
-0.6206912947911648 0.64125684016569917 0.353144465839412 -0.2807507217411207
-0.76829068373763154 -0.14759938921848706 -0.62069129479116447 -0.051828198451736363
-0.69308503861743564 0.42835011105334003 -0.55993370624646266 0.15041129018246391
0.12168528995034063 -0.07239374424995243 0.28530047336231046 0.94792166126869892
0.55003540090994973 -0.23882082862589876 -0.098307843339809908 0.79420478309951115
-0.098307843339811324 -0.22280503443241534 0.76829068373763154 -0.59196529446530943
-0.5500354009099494 0.76547878286738746 0.28530047336230929 0.17351348830834501
0.3531444658394115 0.28075072174112203 0.62069129479116503 0.64125684016569862
0.42835011105334109 0.3978862603587483 0.32723036647753373 0.74237658464777334
0.42835011105334109 0.16361518350570059 0.051828198451736029 0.88716407272399544
-0.23427107685304771 -0.91589007304985115 -0.14759938921848609 0.29064902707763374
0.42835011105334109 0.31402647368816444 -0.29519877825868607 0.79420478309950937
0.15041129018246394 -0.9479216612686987 -0.14759938921848609 0.2388208286258976
-0.23427107685304777 -0.24871913352227443 -0.93190586724333335 -0.12168528985660881
0.42835011105334109 0.64125684016569839 -0.23427107685304754 0.59196529446530954
0.3272303664775339 -0.76547878286738746 -0.14759938921848603 0.53401960688458405
-0.23427107685304771 0.59196529446530988 -0.42835011105334092 -0.64125684016569862
0.84068442798758425 0.50355575602187552 -0.051828198451736113 0.19234118373782411
-0.44436590524682407 0.35595636680338827 -0.353144465839411 -0.74237658464777301
0.69308503861743453 0.71365058441565155 -0.098307843339810852 -0.025914099361878162
-0.44436590524682407 0.2342710768530471 0.55003540090994885 -0.66717093952757622
-0.12168528995034118 0.93190586724333346 -0.098307843339810852 0.32723036647753301
0.69308503861743442 0.42835011105334109 0.55993370624646277 0.15041129018246344
0.4123343170279764 -0.20554507662092519 0.025914099361877885 0.88716407272399489
-0.39788626035874886 -0.91589007304985115 -0.046479644736411023 -0.025914099089858367
-0.60186359936168521 -0.046479644888075052 -0.74237658464777379 0.29064902707763496
0.41233431702797646 0.15041129018246346 -0.60186359936168499 0.66717093952757622
0.3559563668033886 -0.93190586724333346 -0.046479644736410967 -0.05182819845173614
-0.60186359936168521 0.66717093952757678 -0.41233431702797635 -0.15041129018246335
0.71365058441565188 0.29519877825868551 -0.61787939355516808 0.14759938921848642
-0.59477719542928731 -0.61787939355516741 0.16361518350570142 -0.4875399619965099
-0.59477719542928731 -0.59196529446530899 -0.20554507662092497 -0.50355575602187508
0.025914099089858478 0.64125684016569939 -0.046479644888074809 -0.7654787828673868
-0.59477719542928731 -0.28530047336230929 -0.2906490270776344 -0.69308503861743465
0.30666482110299964 0.76829068373763221 -0.046479644888074809 -0.55993370624646166
0.025914099089858478 0.12168528995034178 0.88716407272399556 -0.44436590524682351
-0.59477719542928731 -0.12168528985660794 0.025914099089858311 -0.79420478309950893
-0.91589007304985148 0.07239374424995243 0.20554507662092503 -0.3371286718140461
-0.20554507662092519 0.93190586724333346 -0.046479644888074718 -0.29519877825868546
-0.5195715502153575 0.15041129018246349 -0.025914099089858533 0.84068442798758469
-0.16361518350570159 -0.42835011105334153 -0.88716407272399644 -0.051828198451736335
0.025914099089858256 -0.84068442798758425 -0.5195715502153575 0.15041129018246338
-0.30666482110299992 0.66717093952757733 -0.59477719542928797 -0.32723036647753334
0.3371286718140466 -0.32723036647753329 -0.26928467916882731 -0.84068442798758469
-0.24871913352227426 -0.23427107685304766 -0.12168528985660851 -0.93190586724333491
-0.12168528985660682 -0.60186359936168554 0.33712867181404621 0.71365058441565077
-0.79420478309950981 -0.41233431702797674 -0.26928467916882648 -0.35595636680338816
-0.12168528985660682 -0.35314446583941123 -0.73956468350550897 0.5599337062464621
0.24871913352227426 -0.6206912947911658 -0.26928467916882648 -0.69308503861743465
-0.79420478309950981 -0.098307843339811268 -0.23882082862589932 -0.55003540090994874
0.046479644736410239 -0.59196529446530965 -0.60186359936168554 -0.53401960688458394
0.046479644736410239 0.025914099089858977 -0.39788626035874941 -0.91589007304985026
0.61787939355516852 0.59477719542928753 0.48753996199650873 -0.16361518350570187
0.046479644736410267 0.051828198451737195 0.35595636680338849 -0.93190586724333291
0.025914099361878218 0.84068442798758447 0.48753996199650873 0.23427107685304799
0.61787939355516841 -0.14759938921848573 0.71365058441565121 0.29519877825868485
0.046479644736410246 -0.55003540090994862 0.6178793935551683 -0.5599337062464621
-0.60186359936168599 0.6206912947911658 0.48753996199650873 -0.12168528995034079
0.61787939355516841 -0.55993370624646255 -0.046479644736410503 0.55003540090994874
-0.41233431702797685 -0.76829068373763154 0.39788626035874974 -0.2853004733623099
0.051828198451736723 -0.6206912947911658 -0.14759938921848578 0.76829068373763132
0.66717093952757667 -0.55003540090994907 0.23427107685304793 -0.44436590524682462
-0.32723036647753367 0.098307843339811324 0.93190586724333424 -0.12168528995034091
-0.23427107685304793 0.44436590524682423 0.66717093952757656 -0.55003540090994885
-0.15041129018246319 -0.55993370624646299 0.42835011105334164 0.6930850386174352
0.26928467916882581 0.35595636680338805 -0.79420478309951015 -0.41233431702797563
0.26928467916882581 0.69308503861743509 0.24871913352227337 -0.62069129479116525
0.33712867181404721 0.44436590524682423 0.31402647368816433 0.76829068373763132
0.26928467916882581 -0.046479644888073997 0.94792166126869848 -0.16361518350570242
-0.73956468350550919 0.29064902707763596 0.31402647368816433 0.51957155021535772
0.33712867181404721 0.20554507662092569 0.072393744249953207 0.91589007304985037
0.098307843339811546 0.91589007304985004 -0.35314446583941178 0.16361518350570242
0.6930850386174352 -0.29064902707763596 -0.28530047336230935 0.59477719542928664
-0.35314446583941211 0.16361518350570253 -0.098307843339811324 -0.91589007304985037
0.44436590524682429 0.88716407272399578 0.12168528995034036 -0.025914099089858145
-0.19234118373782466 0.69308503861743487 0.53401960688458405 0.44436590524682457
0.28075072174112192 0.353144465839412 0.64125684016569906 0.62069129479116669
0.61787939355516763 0.5599337062464621 -0.046479644736412043 -0.55003540090994818
0.48753996199651006 0.12168528995034011 0.6018635993616851 0.6206912947911648
-0.046479644736412279 -0.55003540090994818 -0.61787939355516797 -0.55993370624646255
0.39788626035874963 0.28530047336231112 0.41233431702797529 -0.76829068373763132
-0.79420478309950937 0.025914099089857201 0.1216852898566082 0.59477719542928598
-0.26928467916882753 -0.046479644888073497 -0.94792166126869781 -0.16361518350570237
0.1216852898566084 0.5947771954292862 0.79420478309951004 -0.025914099089857034
-0.33712867181404738 0.20554507662092397 -0.072393744249952541 0.91589007304985082
0.07239374424995268 -0.1216852899503402 -0.94792166126869792 -0.28530047336231085
0.1216852898566084 -0.35314446583941217 0.73956468350550808 0.55993370624646255
-0.17351348830834573 0.28530047336231129 0.76547878286738646 0.55003540090994785
-0.64660539388102167 -0.12168528995033978 -0.50355575602187574 0.55993370624646288
0.23427107685304777 0.4443659052468224 -0.66717093952757722 -0.55003540090994785
0.93190586724333313 0.12168528995033978 0.32723036647753356 0.098307843339809187
0.42835011105333898 -0.69308503861743498 0.15041129018246333 -0.55993370624646288
-0.61787939355516774 -0.55993370624646266 0.046479644736412334 0.55003540090994796
-0.48753996199651051 -0.12168528995033984 -0.60186359936168488 -0.62069129479116492
0.046479644736412633 0.55003540090994796 0.61787939355516808 0.55993370624646288
-0.39788626035874997 -0.2853004733623114 -0.41233431702797507 0.76829068373763132
-0.17351348830834479 -0.30666482110299986 0.19234118373782594 0.91589007304984948
-0.59196529446531099 -0.59477719542928553 -0.50355575602187508 -0.20554507662092414
-0.64660539388102189 0.51957155021535861 -0.5340196068845835 0.16361518350570331
0.35314446583941195 0.16361518350570314 0.09830784333980977 -0.91589007304984937
0.28530047336231085 0.59477719542928542 0.69308503861743476 0.29064902707763574
0.09830784333980952 -0.91589007304984982 -0.35314446583941234 -0.16361518350570331
-0.12168528995033959 -0.025914099089856701 0.44436590524682312 -0.887164072723996
-0.44436590524682307 0.53401960688458316 0.69308503861743487 0.19234118373782599
0.098307843339809659 -0.22280503443241451 -0.76829068373763065 -0.59196529446531099
0.22280503443241345 0.66717093952757722 0.64660539388102245 0.29519877825868507
-0.28075072174112048 -0.15041129018246244 -0.17351348830834634 0.93190586724333313
-0.31402647368816367 0.42835011105333909 -0.79420478309951037 -0.29519877825868496
0.94792166126869826 0.15041129018246244 -0.23882082862589693 -0.14759938921848792
0.24871913352227204 -0.2342710768530486 0.1216852898566087 -0.93190586724333313
-0.20554507662092519 -0.93190586724333269 -0.046479644888072415 0.29519877825868507
-0.51957155021535883 -0.15041129018246241 -0.025914099089858478 -0.84068442798758292
-0.046479644888072193 0.29519877825868523 0.20554507662092525 0.93190586724333313
-0.30666482110299997 -0.66717093952757778 -0.59477719542928553 0.3272303664775339
0.71365058441564944 0.33712867181404849 0.60186359936168465 0.12168528985660775
-0.35595636680338671 -0.26928467916882681 0.41233431702797441 0.79420478309951092
0.71365058441564944 -0.2807507217411207 0.39788626035875119 0.50355575602187452
-0.61787939355516919 -0.64125684016569739 0.41233431702797441 0.19234118373782561
-0.35595636680338671 -0.2228050344324142 -0.48753996199651023 0.76547878286738791
-0.31402647368816428 0.76547878286738746 0.24871913352227198 -0.50355575602187441
0.33712867181404826 0.64125684016569739 -0.23882082862589776 0.64660539388102312
0.072393744249952097 -0.28075072174112098 0.79420478309951115 0.53401960688458261
0.2487191335222716 -0.50355575602187486 0.31402647368816461 -0.76547878286738769
-0.26928467916882703 0.59196529446531143 0.73956468350550775 -0.1735134883083457
-0.94792166126869892 -0.22280503443241439 -0.12168528985660834 0.19234118373782577
-0.22280503443241448 0.098307843339810186 -0.59196529446531088 -0.76829068373762999
0.76547878286738746 0.5500354009099474 0.17351348830834529 -0.28530047336231051
0.28075072174112015 -0.35314446583941256 0.64125684016569762 -0.62069129479116547
-0.051828198451737362 -0.62069129479116536 0.14759938921848731 0.76829068373763021
-0.66717093952757722 -0.5500354009099474 -0.23427107685304804 -0.44436590524682362
0.1475993892184877 0.76829068373763065 0.051828198451737528 0.62069129479116547
0.15041129018246227 -0.55993370624646299 -0.42835011105333987 0.6930850386174352
0.42835011105333992 -0.64125684016569739 -0.23427107685304804 -0.5919652944653111
0.32723036647753323 0.76547878286738813 -0.14759938921848753 -0.53401960688458261
0.66717093952757789 0.22280503443241439 0.2951987782586849 0.64660539388102367
0.14759938921848778 0.53401960688458228 0.32723036647753306 0.7654787828673878
0.8406844279875838 -0.5035557560218753 -0.051828198451737417 -0.19234118373782583
0.32723036647753334 0.33712867181404799 0.84068442798758369 -0.2692846791688267
0.23427107685304843 -0.24871913352227265 0.93190586724333446 -0.12168528985660824
0.44436590524682351 -0.35595636680338888 0.35314446583941161 0.74237658464777212
-0.69308503861743498 -0.71365058441565044 0.098307843339811019 0.02591409936187794
0.44436590524682346 -0.23427107685304838 -0.55003540090994862 0.66717093952757589
0.12168528995034053 -0.9319058672433328 0.098307843339811019 -0.32723036647753412
-0.69308503861743498 -0.42835011105334075 -0.55993370624646177 -0.15041129018246319
0.44436590524682351 0.53401960688458328 -0.69308503861743465 0.19234118373782405
0.76829068373763143 -0.59196529446530988 0.098307843339811019 0.22280503443241506
-0.69308503861743498 0.19234118373782444 -0.44436590524682351 -0.53401960688458328
0.62069129479116514 0.64125684016569851 -0.353144465839412 -0.2807507217411217
0.94792166126869781 0.16361518350570126 -0.26928467916882737 -0.046479644888073289
0.31402647368816472 -0.51957155021535839 0.73956468350550852 0.29064902707763407
0.072393744249951486 -0.91589007304985048 -0.33712867181404688 0.20554507662092447
0.94792166126869781 0.28530047336231007 0.072393744249951458 -0.12168528995034029
0.79420478309951026 -0.098307843339809575 0.23882082862589776 -0.55003540090994907
-0.26928467916882581 0.046479644888073081 -0.94792166126869826 0.16361518350570109
0.73956468350550886 -0.29064902707763479 -0.31402647368816344 -0.51957155021535839
-0.33712867181404721 -0.2055450766209258 -0.072393744249951736 -0.91589007304984982
-0.098307843339810963 -0.91589007304984937 0.35314446583941228 -0.16361518350570126
-0.69308503861743564 0.29064902707763485 0.28530047336230907 -0.59477719542928575
0.35314446583941278 -0.16361518350570142 0.098307843339810685 0.91589007304984982
-0.44436590524682312 -0.887164072723996 -0.12168528995033993 0.025914099089858922
0.64125684016569651 0.61787939355516908 -0.19234118373782427 -0.41233431702797524
0.59196529446531054 -0.046479644736411169 0.53401960688458228 0.60186359936168576
0.64125684016569651 0.33712867181404693 0.64660539388102389 -0.23882082862589776
-0.28075072174112231 0.072393744249952707 0.53401960688458228 0.79420478309951026
0.59196529446531065 -0.26928467916882592 -0.17351348830834482 0.73956468350550852
-0.4875399619965084 0.12168528995033891 -0.60186359936168587 0.6206912947911648
0.35595636680338827 -0.44436590524682407 -0.7423765846477719 -0.35314446583941311
-0.39788626035875085 0.28530047336230918 -0.41233431702797513 -0.76829068373763088
-0.48753996199650851 0.73956468350550852 -0.39788626035875052 0.23882082862589776
0.61787939355516963 -0.072393744249952707 -0.7423765846477719 0.24871913352227343
-0.39788626035875091 0.23882082862589782 0.4875399619965089 -0.73956468350550852
-0.046479644736411398 0.94792166126869892 -0.0259140993618793 0.31402647368816411
0.12168528995033952 0.072393744249952707 0.28530047336230924 -0.94792166126869848
-0.55993370624646166 0.73956468350550908 -0.353144465839413 -0.12168528985660723
0.69308503861743631 0.26928467916882615 -0.62069129479116525 0.24871913352227359
0.35314446583941306 0.12168528985660725 -0.55993370624646155 0.73956468350550852
0.55003540090994851 0.23882082862589804 -0.098307843339811157 -0.79420478309951092
-0.53401960688458194 -0.79420478309951026 -0.28075072174112103 0.072393744249952541
-0.19234118373782538 0.12168528985660759 -0.22280503443241431 -0.94792166126869826
-0.53401960688458183 -0.14759938921848675 -0.76547878286738769 -0.32723036647753267
0.64660539388102345 0.29519877825868435 -0.22280503443241431 -0.66717093952757678
-0.19234118373782538 -0.051828198451737695 0.50355575602187441 -0.84068442798758358
0.26928467916882581 -0.84068442798758325 0.33712867181404732 0.32723036647753267
-0.79420478309951048 -0.29519877825868435 0.31402647368816389 -0.42835011105334042
0.33712867181404782 0.3272303664775329 -0.26928467916882604 0.84068442798758358
0.12168528985660754 -0.93190586724333369 -0.24871913352227282 0.23427107685304821
-0.025914099089858422 -0.79420478309951048 -0.59477719542928642 0.12168528985660722
-0.20554507662092586 -0.3371286718140476 -0.91589007304985115 -0.07239374424995268
-0.93190586724333269 0.35595636680338771 -0.051828198451735807 -0.046479644736411203
0.23427107685304682 0.48753996199650984 -0.8406844279875838 -0.025914099361878135
0.29519877825868507 0.71365058441565143 0.14759938921848673 -0.61787939355516708
-0.93190586724333269 0.20554507662092419 0.29519877825868496 0.046479644888074489
-0.15041129018246349 0.51957155021535728 -0.8406844279875838 0.025914099089857701
0.29519877825868507 0.046479644888074295 0.93190586724333335 -0.20554507662092431
-0.66717093952757711 0.30666482110299931 0.32723036647753279 0.5947771954292872
-0.32723036647753267 0.33712867181404654 -0.8406844279875838 -0.26928467916882748
0.29519877825868507 -0.7942047830995097 0.42835011105334031 0.31402647368816528
-0.64125684016569862 -0.61787939355516674 0.19234118373782488 0.41233431702797524
-0.59196529446530977 0.046479644736412314 -0.53401960688458472 -0.6018635993616841
0.88716407272399489 0.025914099361878551 0.20554507662092403 -0.41233431702797524
-0.025914099089857479 -0.046479644736412314 0.91589007304985048 0.39788626035874897
0.29064902707763446 -0.74237658464777412 0.046479644888073761 0.6018635993616841
0.88716407272399489 -0.2807507217411207 0.29064902707763435 -0.22280503443241595
-0.3066648211029992 -0.17351348830834468 0.91589007304985026 0.19234118373782455
0.29064902707763435 -0.22280503443241595 -0.88716407272399556 0.28075072174112059
0.51957155021535806 -0.64660539388102234 0.16361518350570198 -0.53401960688458483
-0.16361518350570187 -0.35314446583941111 0.91589007304985048 -0.098307843339809964
0.29064902707763457 0.69308503861743476 -0.59477719542928631 -0.28530047336231057
0.5035557560218753 0.20554507662092419 -0.59196529446530965 -0.59477719542928587
0.76547878286738646 0.046479644888073296 0.64125684016569906 0.025914099089857479
-0.69308503861743465 -0.29064902707763451 0.28530047336231029 0.59477719542928575
-0.5599337062464621 -0.046479644888073296 -0.76829068373763154 -0.3066648211029992
-0.44436590524682251 0.88716407272399567 -0.12168528995034054 -0.025914099089857423
-0.69308503861743453 -0.19234118373782466 -0.44436590524682251 0.53401960688458361
-0.353144465839412 0.2807507217411207 -0.6206912947911648 0.64125684016569917
-0.44436590524682362 -0.53401960688458328 0.69308503861743431 -0.19234118373782361
-0.76829068373763154 0.59196529446530943 -0.098307843339811324 -0.22280503443241534
0.69308503861743487 -0.192341183737824 0.44436590524682362 0.53401960688458361
-0.62069129479116503 -0.64125684016569862 0.3531444658394115 0.28075072174112203
0.84068442798758347 0.025914099361877052 0.23427107685304754 0.48753996199650929
-0.32723036647753373 -0.74237658464777334 0.42835011105334109 0.3978862603587483
0.84068442798758358 -0.025914099089858922 -0.15041129018246394 0.51957155021535684
-0.051828198451736029 -0.88716407272399544 0.42835011105334109 0.16361518350570059
-0.32723036647753362 -0.5947771954292872 -0.66717093952757611 0.3066648211029992
0.84068442798758336 0.26928467916882703 -0.32723036647753356 0.33712867181404566
0.93190586724333335 0.12168528985660881 -0.23427107685304777 -0.24871913352227443
-0.62069129479116536 0.60186359936168488 0.12168528995034104 -0.48753996199650868
0.353144465839411 0.74237658464777301 -0.44436590524682407 0.35595636680338827
0.76829068373763088 0.41233431702797663 0.28530047336231013 -0.39788626035874919
-0.62069129479116536 0.051828198451736196 0.76829068373763043 -0.14759938921848587
-0.55003540090994885 0.66717093952757622 -0.44436590524682407 0.2342710768530471
0.76829068373763076 -0.14759938921848628 0.62069129479116569 -0.051828198451736196
-0.55993370624646277 -0.15041129018246344 0.69308503861743442 0.42835011105334109
0.71365058441565088 -0.30666482110299981 -0.35595636680338821 0.51957155021535628
-0.025914099361877885 -0.88716407272399489 0.4123343170279764 -0.20554507662092519
-0.35595636680338816 0.51957155021535684 -0.71365058441565121 0.30666482110299992
0.74237658464777379 -0.29064902707763496 -0.60186359936168521 -0.046479644888075052
0.60186359936168499 -0.66717093952757622 0.41233431702797646 0.15041129018246346
-0.35595636680338816 0.93190586724333313 0.04647964473641121 0.051828198451736335
-0.91589007304985026 -0.3978862603587483 -0.025914099089858367 -0.046479644736411391
-0.16361518350570142 0.4875399619965099 -0.59477719542928731 -0.61787939355516741
-0.91589007304985026 -0.1923411837378235 -0.30666482110299947 -0.1735134883083442
0.20554507662092497 0.50355575602187508 -0.59477719542928731 -0.59196529446530899
-0.16361518350570142 0.53401960688458472 0.51957155021535706 -0.64660539388102289
-0.91589007304985026 0.098307843339810908 -0.16361518350570131 -0.3531444658394105
-0.88716407272399556 0.44436590524682351 0.025914099089858478 0.12168528995034178
0.046479644888074718 0.29519877825868546 -0.20554507662092519 0.93190586724333346
0.59477719542928797 0.32723036647753334 -0.30666482110299992 0.66717093952757733
0.07239374424995379 -0.6178793935551683 -0.24871913352227398 0.74237658464777201
-0.33712867181404621 -0.71365058441565077 -0.12168528985660682 -0.60186359936168554
-0.94792166126869815 0.046479644736410308 -0.31402647368816505 0.025914099361878912
0.072393744249953845 0.12168528995034078 -0.9479216612686977 0.28530047336230924
0.73956468350550897 -0.5599337062464621 -0.12168528985660682 -0.35314446583941123
-0.94792166126869826 0.28530047336230957 -0.072393744249953679 -0.12168528995034057
0.23882082862589932 0.55003540090994874 -0.79420478309950981 -0.098307843339811268
-0.41233431702797646 -0.19234118373782338 -0.61787939355516786 -0.64125684016569728
0.60186359936168554 0.53401960688458394 0.046479644736410239 -0.59196529446530965
-0.41233431702797646 0.20554507662092619 -0.025914099361878162 -0.887164072723994
0.39788626035874941 0.91589007304985026 0.046479644736410239 0.025914099089858977
0.60186359936168543 0.046479644888075163 0.74237658464777256 -0.29064902707763546
-0.41233431702797646 -0.15041129018246238 0.60186359936168532 -0.66717093952757545
-0.71365058441565121 -0.29519877825868485 0.61787939355516841 -0.14759938921848573
-0.6178793935551683 0.5599337062464621 0.046479644736410246 -0.55003540090994862
0.60186359936168554 -0.62069129479116547 -0.48753996199650873 0.12168528995034061
0.14759938921848578 -0.76829068373763132 0.051828198451736723 -0.6206912947911658
-0.42835011105334164 -0.6930850386174352 -0.15041129018246319 -0.55993370624646299
0.12168528985660673 0.60186359936168576 -0.33712867181404682 -0.71365058441564955
0.79420478309951015 0.41233431702797563 0.26928467916882581 0.35595636680338805
0.1216852898566067 0.35314446583941234 0.73956468350550841 -0.55993370624646144
-0.24871913352227337 0.62069129479116525 0.26928467916882581 0.69308503861743509
0.79420478309951015 0.098307843339811213 0.23882082862589848 0.55003540090994785
0.12168528985660668 -0.5947771954292862 0.79420478309950959 0.025914099089858145
-0.94792166126869848 0.16361518350570242 0.26928467916882581 -0.046479644888073997
0.79420478309951015 0.025914099089858089 -0.1216852898566068 0.59477719542928609
-0.072393744249953207 -0.91589007304985037 0.33712867181404721 0.20554507662092569
-0.1216852898566082 -0.59477719542928598 -0.79420478309950937 0.025914099089857201
0.26928467916882753 0.046479644888073247 0.94792166126869748 0.16361518350570248
0.22280503443241459 -0.098307843339809048 0.59196529446531032 0.76829068373763021
-0.76547878286738646 -0.55003540090994785 -0.17351348830834573 0.28530047336231129
-0.28075072174111942 0.35314446583941211 -0.64125684016569839 0.62069129479116447
0.051828198451736557 0.62069129479116436 -0.14759938921848784 -0.76829068373763021
0.66717093952757722 0.55003540090994785 0.23427107685304777 0.4443659052468224
-0.14759938921848825 -0.76829068373763065 -0.051828198451736668 -0.62069129479116458
-0.15041129018246333 0.55993370624646288 0.42835011105333898 -0.69308503861743498
0.22280503443241523 -0.29064902707763557 -0.28075072174111959 0.88716407272399467
-0.19234118373782594 -0.91589007304984948 -0.17351348830834479 -0.30666482110299986
-0.28075072174111948 0.88716407272399511 -0.22280503443241509 0.29064902707763562
0.5340196068845835 -0.16361518350570331 -0.64660539388102189 0.51957155021535861
-0.09830784333980977 0.91589007304984937 0.35314446583941195 0.16361518350570314
-0.28530047336231096 -0.59477719542928498 -0.69308503861743453 -0.29064902707763562
0.53401960688458161 0.14759938921848784 0.7654787828673868 0.32723036647753345
-0.64660539388102245 -0.29519877825868507 0.22280503443241345 0.66717093952757722
0.19234118373782561 0.051828198451737584 -0.5035557560218753 0.84068442798758225
-0.26928467916882648 0.84068442798758203 -0.33712867181404771 -0.3272303664775334
0.79420478309951037 0.29519877825868496 -0.31402647368816367 0.42835011105333909
-0.33712867181404832 -0.32723036647753345 0.2692846791688267 -0.84068442798758225
-0.1216852898566087 0.93190586724333313 0.24871913352227204 -0.2342710768530486
0.74237658464777223 -0.24871913352227132 0.61787939355516852 -0.072393744249952596
-0.60186359936168465 -0.12168528985660775 0.71365058441564944 0.33712867181404849
0.025914099361880577 -0.31402647368816466 -0.046479644736412612 0.94792166126869759
0.74237658464777201 -0.64660539388102245 0.025914099361880383 0.17351348830834529
-0.39788626035875119 -0.50355575602187452 0.71365058441564944 -0.2807507217411207
0.02591409936188066 0.17351348830834548 -0.74237658464777256 0.64660539388102267
0.48753996199651023 -0.76547878286738791 -0.35595636680338671 -0.2228050344324142
-0.24871913352227198 0.50355575602187441 -0.31402647368816428 0.76547878286738746
0.23882082862589776 -0.64660539388102312 0.33712867181404826 0.64125684016569739
-0.79420478309951115 -0.53401960688458261 0.072393744249952097 -0.28075072174112098
-0.33712867181404843 -0.64125684016569706 0.23882082862589771 -0.64660539388102245
-0.73956468350550775 0.1735134883083457 -0.26928467916882703 0.59196529446531143
-0.53401960688458239 0.44436590524682312 -0.19234118373782572 -0.69308503861743398
0.59196529446531088 0.76829068373762999 -0.22280503443241448 0.098307843339810186
-0.19234118373782599 -0.69308503861743453 0.53401960688458239 -0.44436590524682329
-0.64125684016569762 0.62069129479116547 0.28075072174112015 -0.35314446583941256
0.23427107685304804 0.5919652944653111 0.42835011105333992 -0.64125684016569739
0.051828198451737417 0.19234118373782583 0.8406844279875838 -0.5035557560218753
0.62069129479116436 -0.60186359936168554 -0.12168528995034045 0.4875399619965084
-0.35314446583941161 -0.74237658464777212 0.44436590524682351 -0.35595636680338888
-0.76829068373763099 -0.41233431702797546 -0.2853004733623094 0.3978862603587493
0.62069129479116436 -0.051828198451736973 -0.76829068373763088 0.14759938921848581
0.55003540090994862 -0.66717093952757589 0.44436590524682346 -0.23427107685304838
-0.76829068373763099 0.14759938921848623 -0.62069129479116458 0.051828198451737056
0.55993370624646177 0.15041129018246319 -0.69308503861743498 -0.42835011105334075
0.79420478309950915 -0.025914099089858145 -0.12168528985660866 -0.59477719542928575
0.33712867181404688 -0.20554507662092447 0.072393744249951486 -0.91589007304985048
-0.12168528985660756 0.59477719542928531 -0.79420478309950948 -0.025914099089859144
0.94792166126869826 -0.16361518350570109 -0.26928467916882581 0.046479644888073081
-0.79420478309950981 -0.025914099089858866 0.12168528985660773 -0.59477719542928531
0.072393744249951736 0.91589007304984982 -0.33712867181404721 -0.2055450766209258
0.5035557560218733 0.39788626035875085 0.28075072174112203 -0.71365058441564921
0.19234118373782427 0.41233431702797524 0.64125684016569651 0.61787939355516908
0.76547878286738769 -0.48753996199650862 0.22280503443241462 0.35595636680338738
0.50355575602187341 -0.24871913352227321 0.76547878286738746 -0.31402647368816361
-0.64660539388102389 0.23882082862589776 0.64125684016569651 0.33712867181404693
0.7654787828673878 -0.31402647368816383 -0.50355575602187375 0.24871913352227287
0.17351348830834482 -0.73956468350550852 0.59196529446531065 -0.26928467916882592
-0.04647964473641103 0.55003540090994696 -0.61787939355516897 0.5599337062464611
0.41233431702797513 0.76829068373763088 -0.39788626035875085 0.28530047336230918
0.39788626035875052 -0.23882082862589776 -0.48753996199650851 0.73956468350550852
-0.61787939355516941 0.072393744249952596 0.74237658464777168 -0.24871913352227293
-0.28530047336230924 0.94792166126869848 0.12168528995033952 0.072393744249952707
0.098307843339811157 0.79420478309951092 0.55003540090994851 0.23882082862589804
-0.6412568401656964 -0.33712867181404765 -0.64660539388102289 0.23882082862589793
0.28075072174112103 -0.072393744249952541 -0.53401960688458194 -0.79420478309951026
-0.59196529446531099 0.26928467916882631 0.17351348830834507 -0.73956468350550741
-0.64125684016569628 0.42835011105334003 -0.59196529446531054 -0.23427107685304771
0.76547878286738769 0.32723036647753267 -0.53401960688458183 -0.14759938921848675
-0.59196529446531099 -0.2342710768530481 0.64125684016569662 -0.42835011105333992
-0.50355575602187441 0.84068442798758358 -0.19234118373782538 -0.051828198451737695
-0.66717093952757611 0.60186359936168388 0.15041129018246338 0.41233431702797596
0.051828198451735807 0.046479644736411203 -0.93190586724333269 0.35595636680338771
0.15041129018246324 0.41233431702797596 0.66717093952757656 -0.6018635993616841
-0.14759938921848673 0.61787939355516708 0.29519877825868507 0.71365058441565143
-0.29519877825868496 -0.046479644888074489 -0.93190586724333269 0.20554507662092419
0.15041129018246321 -0.51957155021535728 0.84068442798758325 -0.025914099089857645
-0.5035557560218743 -0.39788626035874841 -0.28075072174112026 0.71365058441565044
-0.19234118373782488 -0.41233431702797524 -0.64125684016569862 -0.61787939355516674
-0.76547878286738602 0.48753996199651051 -0.22280503443241648 -0.35595636680338716
0.51957155021535706 -0.3559563668033871 0.30666482110299886 -0.71365058441565032
-0.20554507662092403 0.41233431702797524 0.88716407272399489 0.025914099361878551
0.30666482110299886 -0.71365058441565077 -0.51957155021535772 0.35595636680338727
-0.046479644888073761 -0.6018635993616841 0.29064902707763446 -0.74237658464777412
-0.29064902707763435 0.22280503443241595 0.88716407272399489 -0.2807507217411207
0.30666482110299886 0.17351348830834484 -0.91589007304984993 -0.19234118373782466
0.17351348830834484 0.30666482110299909 -0.19234118373782477 -0.91589007304984937
0.59196529446530965 0.59477719542928587 0.5035557560218753 0.20554507662092419
0.64660539388102167 -0.51957155021535795 0.53401960688458394 -0.16361518350570203
-0.35314446583941134 -0.16361518350570198 -0.098307843339809686 0.91589007304984937
0.12168528995034054 0.025914099089857423 -0.44436590524682251 0.88716407272399567
0.93190586724333202 -0.35595636680338871 0.051828198451735974 0.04647964473641112
-0.23427107685304754 -0.48753996199650929 0.84068442798758347 0.025914099361877052
-0.29519877825868596 -0.71365058441565066 -0.14759938921848589 0.61787939355516719
0.93190586724333191 -0.2055450766209248 -0.29519877825868585 -0.046479644888074857
0.66717093952757611 -0.3066648211029992 -0.32723036647753362 -0.5947771954292872
-0.55993370624646188 0.61787939355516719 0.55003540090994829 -0.046479644736410322
-0.12168528995034104 0.48753996199650868 -0.62069129479116536 0.60186359936168488
0.5500354009099484 -0.046479644736410593 0.55993370624646233 -0.61787939355516763
-0.28530047336231013 0.39788626035874919 0.76829068373763088 0.41233431702797663
0.35595636680338821 -0.51957155021535628 0.71365058441565088 -0.30666482110299981
0.025914099361878135 0.88716407272399467 -0.41233431702797596 0.20554507662092497
-0.88716407272399433 -0.025914099361877524 -0.20554507662092475 0.41233431702797574
0.025914099089858367 0.046479644736411391 -0.91589007304985026 -0.3978862603587483
-0.29064902707763429 0.74237658464777323 -0.046479644888074732 -0.60186359936168465
-0.88716407272399433 0.28075072174112176 -0.29064902707763424 0.22280503443241628
-0.51957155021535706 0.64660539388102289 -0.16361518350570142 0.53401960688458472
0.23882082862589921 -0.39788626035874952 -0.7395646835055083 0.48753996199650784
0.24871913352227398 -0.74237658464777201 0.07239374424995379 -0.6178793935551683
-0.73956468350550841 0.48753996199650829 -0.23882082862589904 0.39788626035874991
0.31402647368816505 -0.025914099361878912 -0.94792166126869815 0.046479644736410308
0.9479216612686977 -0.28530047336230924 0.072393744249953845 0.12168528995034078
-0.73956468350550852 0.55993370624646188 0.12168528985660687 0.35314446583941139
-0.71365058441565032 0.28075072174112253 -0.39788626035874908 -0.50355575602187297
0.61787939355516786 0.64125684016569728 -0.41233431702797646 -0.19234118373782338
0.35595636680338816 0.22280503443241645 0.48753996199650834 -0.76547878286738713
-0.71365058441565021 0.30666482110300075 0.35595636680338816 -0.51957155021535573
-0.74237658464777256 0.29064902707763546 0.60186359936168543 0.046479644888075163
-0.07239374424995329 0.61787939355516897 0.24871913352227326 -0.74237658464777134
0.33712867181404682 0.71365058441564955 0.12168528985660673 0.60186359936168576
0.94792166126869803 -0.046479644736410877 0.31402647368816405 -0.025914099361879384
-0.07239374424995329 -0.12168528995033948 0.94792166126869759 -0.28530047336230902
-0.23882082862589848 -0.55003540090994785 0.79420478309951015 0.098307843339811213
0.53401960688458283 -0.44436590524682185 0.19234118373782572 0.69308503861743387
-0.59196529446531032 -0.76829068373763021 0.22280503443241459 -0.098307843339809048
0.19234118373782605 0.69308503861743431 -0.53401960688458294 0.44436590524682196
0.64125684016569839 -0.62069129479116447 -0.28075072174111942 0.35314446583941211
0.28075072174111959 -0.88716407272399467 0.22280503443241523 -0.29064902707763557
0.1923411837378261 0.91589007304984882 0.17351348830834498 0.30666482110299964
0.64125684016569673 -0.42835011105333859 0.59196529446530999 0.23427107685304821
-0.7654787828673868 -0.32723036647753345 0.53401960688458161 0.14759938921848784
0.59196529446531043 0.23427107685304827 -0.64125684016569706 0.42835011105333853
0.5035557560218753 -0.84068442798758225 0.19234118373782561 0.051828198451737584
0.48753996199650929 -0.7395646835055063 0.3978862603587508 -0.23882082862589821
0.046479644736412612 -0.94792166126869759 0.025914099361880577 -0.31402647368816466
-0.025914099361880383 -0.17351348830834529 0.74237658464777201 -0.64660539388102245
0.39788626035875119 0.50355575602187441 -0.7136505844156491 0.28075072174112015
0.31402647368816428 -0.76547878286738746 -0.24871913352227198 0.50355575602187441
0.26928467916882703 -0.59196529446531143 -0.73956468350550775 0.1735134883083457
0.55993370624646088 -0.61787939355516774 -0.55003540090994818 0.046479644736410801
0.12168528995034045 -0.4875399619965084 0.62069129479116436 -0.60186359936168554
-0.55003540090994818 0.046479644736411141 -0.55993370624646122 0.61787939355516808
0.2853004733623094 -0.3978862603587493 -0.76829068373763099 -0.41233431702797546
0.17351348830834434 0.025914099361879772 0.64660539388102323 -0.74237658464777101
-0.28075072174112203 0.71365058441564921 0.5035557560218733 0.39788626035875085
0.64660539388102334 -0.74237658464777145 -0.17351348830834457 -0.025914099361879966
-0.22280503443241462 -0.35595636680338738 0.76547878286738769 -0.48753996199650862
-0.76547878286738746 0.31402647368816361 0.50355575602187341 -0.24871913352227321
0.64660539388102334 -0.23882082862589765 -0.64125684016569628 -0.3371286718140471
-0.50355575602187341 0.24871913352227193 -0.76547878286738702 0.31402647368816394
-0.17351348830834507 0.73956468350550741 -0.59196529446531099 0.26928467916882631
-0.15041129018246338 -0.41233431702797596 -0.66717093952757611 0.60186359936168388
-0.051828198451735918 -0.046479644736411377 0.93190586724333246 -0.35595636680338738
-0.17351348830834368 -0.025914099361878523 -0.64660539388102112 0.7423765846477729
0.28075072174112026 -0.71365058441565044 -0.5035557560218743 -0.39788626035874841
-0.64660539388102134 0.74237658464777334 0.17351348830834398 0.025914099361878634
0.22280503443241648 0.35595636680338716 -0.76547878286738602 0.48753996199651051
-0.30666482110299886 0.71365058441565032 0.51957155021535706 -0.3559563668033871
0.20554507662092381 -0.41233431702797479 -0.88716407272399478 -0.025914099361878634
-0.22280503443241542 0.29064902707763424 0.2807507217411202 -0.88716407272399422
-0.53401960688458394 0.16361518350570203 0.64660539388102167 -0.51957155021535795
0.66717093952757511 -0.60186359936168465 -0.15041129018246377 -0.41233431702797563
0.14759938921848589 -0.61787939355516719 -0.29519877825868596 -0.71365058441565066
-0.51957155021535606 0.35595636680338805 -0.30666482110299909 0.71365058441565021
0.046479644888074732 0.60186359936168465 -0.29064902707763429 0.74237658464777323
0.7395646835055083 -0.48753996199650784 0.23882082862589921 -0.39788626035874952
-0.24871913352227348 0.74237658464777168 -0.072393744249953623 0.61787939355516797
-0.74237658464777168 0.64660539388102323 -0.025914099361878162 -0.1735134883083429
-0.48753996199650834 0.76547878286738713 0.35595636680338816 0.22280503443241645
-0.2388208286258981 0.3978862603587503 0.73956468350550786 -0.48753996199650779
-0.31402647368816405 0.025914099361879384 0.94792166126869803 -0.046479644736410877
4 654 996 247 396
3 1142 214 617
4 996 617 1142 71
3 551 139 624
4 139 551 705 1072
4 624 396 1002 139
3 1002 139 1072
3 1072 705 214
3 247 996 617
3 396 247 1002
4 705 898 1142 214
3 1142 71 898
3 71 996 654
3 624 396 654
3 898 705 551
5 617 247 1002 1072 214
5 654 71 898 551 624
3 29 1085 355
3 666 355 1085
3 355 29 666
3 29 1085 666
3 400 323 518
3 400 323 1153
3 518 323 1153
3 518 400 1153
4 675 1001 1017 297
3 502 159 863
4 721 675 1059 504
4 501 907 502 159
4 863 504 1047 502
3 721 675 297
3 571 501 907
4 302 501 571 1017
3 907 502 1047
3 1047 504 1059
3 721 504 863
3 1017 571 1001
3 1017 297 302
3 159 501 302
3 1001 675 1059
5 721 863 159 302 297
5 571 907 1047 1059 1001
3 45 878 829
4 135 290 977 427
4 45 427 903 878
3 903 878 406
3 423 189 625
3 912 423 360
3 903 427 977
4 912 423 625 414
4 290 360 423 189
3 360 290 977
4 406 414 829 878
3 625 414 829
3 414 406 912
3 290 135 189
3 427 45 135
5 912 406 903 977 360
5 45 829 625 189 135
3 1039 240 468
3 985 240 1039
3 468 1039 985
3 468 240 985
3 1085 61 94
3 1077 94 1123
4 1085 355 1077 94
4 1085 61 408 29
4 161 1123 1077 1120
3 61 408 77
3 1052 161 1120
4 387 1155 408 77
3 1052 387 1155
3 408 29 1155
3 744 387 77
3 744 161 1123
3 1120 1077 355
4 744 387 1052 161
5 77 61 94 1123 744
5 29 1155 1052 1120 355
3 1015 61 1085
3 94 61 1015
3 94 1085 1015
3 588 94 1077
3 1077 588 1123
3 588 94 1123
3 921 94 1085
3 243 781 274
3 243 87 441
4 148 781 243 87
4 274 781 926 1070
4 588 1070 921 94
3 274 1070 588
3 441 355 1077
3 148 87 666
3 921 1070 926
3 781 148 926
4 87 666 355 441
5 588 274 243 441 1077
5 148 666 1085 921 926
3 463 886 684
3 886 684 1019
3 1019 886 463
3 684 463 1019
3 921 94 183
3 183 94 1085
3 1085 921 183
3 755 232 697
3 697 232 185
3 755 232 185
3 755 185 697
3 902 5 937
3 456 5 937
3 902 456 937
3 456 5 902
3 731 493 1013
3 479 1013 493
3 479 1013 731
3 493 479 731
3 731 638 789
3 493 731 638
3 638 493 789
3 789 731 493
3 674 544 44
4 674 544 699 377
3 699 377 1107
3 589 544 699
3 589 803 717
4 803 717 555 620
4 544 589 803 44
3 803 44 620
4 657 555 249 538
3 538 249 571
3 571 377 674
3 620 555 249
3 657 538 1107
4 538 1107 377 571
3 657 555 717
5 44 620 249 571 674
5 717 657 1107 699 589
3 1007 159 674
3 501 159 1007
3 1007 501 674
3 501 159 674
3 390 1058 731
3 935 731 1058
3 731 390 935
3 390 1058 935
4 1153 390 1058 216
3 776 216 1153
4 96 282 671 911
3 96 911 892
3 892 216 1058
3 881 390 1058
3 783 337 881
3 282 96 337
3 1153 390 132
4 282 302 783 337
3 911 671 776
3 302 282 671
3 783 132 302
4 216 776 911 892
5 337 881 1058 892 96
4 390 881 783 132
5 302 132 1153 776 671
3 858 185 1051
3 509 69 1122
3 232 185 509
4 812 570 1122 69
3 812 570 461
3 1118 117 858
4 1106 422 1118 117
4 185 509 69 1051
3 570 376 1122
3 812 69 1051
3 1118 232 422
3 376 1106 422
3 117 1106 461
4 1106 461 570 376
4 232 1118 858 185
5 232 422 376 1122 509
5 858 1051 812 461 117
3 870 449 1170
3 597 449 706
4 706 449 870 2
3 858 2 870
3 858 836 443
3 706 2 714
4 917 293 1192 179
4 597 917 1170 449
3 179 917 597
3 836 134 714
3 134 1192 179
3 917 293 1170
3 293 1192 443
4 1192 443 836 134
5 179 134 714 706 597
4 2 714 836 858
5 293 1170 870 858 443
3 0 1170 449
3 449 0 870
3 0 1170 870
3 1060 0 1170
3 1060 0 328
3 328 0 1170
3 1170 1060 328
3 137 1141 363
3 1138 363 1141
3 137 1141 1138
3 363 137 1138
3 398 319 517
3 517 319 1098
3 517 398 1098
3 398 319 1098
3 403 200 1013
3 1013 200 277
3 277 200 403
3 277 1013 403
3 935 212 731
3 1098 388 517
3 388 935 728
4 1145 638 789 227
4 1098 388 935 212
4 31 1098 517 522
4 728 935 731 638
3 728 638 1145
3 789 227 174
4 227 1189 522 174
3 522 517 1189
3 1145 227 1189
3 1098 31 212
3 31 522 174
5 1145 728 388 517 1189
5 31 212 731 789 174
3 479 212 935
3 935 479 731
3 479 212 731
3 1098 388 127
3 1098 127 517
3 517 388 127
3 935 728 1078
3 728 388 1078
3 1078 935 388
3 127 33 1078
3 388 127 1078
3 127 33 388
3 388 33 1078
3 967 479 1013
3 981 479 212
4 479 967 1053 212
3 1053 212 398
3 981 200 1199
3 403 224 429
4 958 398 1053 25
4 403 224 1199 200
3 1053 25 967
3 25 958 429
3 122 958 398
3 224 122 1199
4 122 224 429 958
4 981 479 1013 200
5 429 403 1013 967 25
5 1199 981 212 398 122
3 919 281 930
3 97 930 281
3 97 930 919
3 281 97 919
4 722 805 276 558
3 805 722 924
4 591 805 924 545
3 702 545 924
3 558 249 722
4 796 930 97 907
3 54 558 276
3 796 54 907
4 249 558 54 796
3 276 805 591
3 591 545 825
3 825 97 907
3 930 796 249
4 825 545 702 97
3 702 97 930
5 591 276 54 907 825
5 249 722 924 702 930
3 848 612 880
3 232 848 612
3 612 232 880
3 880 848 232
3 725 699 544
3 537 725 699
3 537 725 544
3 699 537 544
3 798 593 895
4 481 674 1007 101
3 881 785 159
3 895 481 101
4 481 895 593 345
4 785 845 1007 159
4 798 593 849 393
3 1007 101 845
3 593 345 849
3 674 481 345
3 849 393 881
3 845 785 432
3 432 393 798
5 159 881 849 345 674
4 393 432 785 881
5 101 895 798 432 845
4 683 397 956 19
3 660 268 270
4 397 512 660 268
3 660 167 512
4 125 354 435 792
3 354 125 1027
3 792 125 1187
3 512 397 956
3 683 397 268
4 435 270 660 167
3 435 270 354
3 792 435 167
4 1187 125 1027 19
3 683 19 1027
3 956 19 1187
5 268 683 1027 354 270
5 512 167 792 1187 956
3 512 218 50
3 512 218 660
3 660 218 50
3 512 50 660
3 910 891 577
3 969 34 1022
4 419 513 716 775
3 886 463 913
3 577 34 913
3 513 419 440
4 913 463 1022 34
3 969 891 42
4 42 775 910 891
3 463 440 1022
4 886 513 440 463
3 716 513 886
3 775 42 419
3 775 716 910
4 34 577 891 969
5 419 440 1022 969 42
5 910 577 913 886 716
3 880 511 74
4 848 612 797 592
3 612 431 797
4 511 880 612 431
3 797 592 448
4 385 646 263 480
3 646 74 263
3 480 263 344
3 592 344 848
4 480 448 592 344
3 844 511 431
3 646 385 844
3 385 480 448
5 74 880 848 344 263
4 511 844 646 74
5 844 431 797 448 385
3 151 736 441
3 736 441 87
3 87 441 151
3 736 87 151
3 496 451 722
3 722 451 558
3 496 451 558
3 722 496 558
3 518 413 735
3 413 144 735
3 735 518 144
3 144 518 413
3 735 277 1013
3 93 735 277
3 1013 735 93
3 277 93 1013
3 735 93 811
3 811 93 144
3 144 811 735
3 144 93 735
3 735 332 246
3 967 93 1151
4 93 811 1068 967
3 105 1068 967
4 1068 908 986 105
3 811 1068 908
3 986 105 226
4 745 246 332 52
4 735 332 1151 93
4 637 986 226 745
3 745 246 637
3 986 637 908
3 332 52 1151
3 52 745 226
5 735 246 637 908 811
5 52 226 105 967 1151
3 735 332 413
3 735 246 413
3 413 332 246
3 352 277 748
3 216 1153 616
3 616 413 748
3 1058 216 678
3 678 493 352
4 493 678 1058 731
4 748 413 735 277
3 1153 390 518
4 277 352 493 1013
5 216 616 748 352 678
5 390 731 1013 735 518
4 1153 616 413 518
3 896 378 1006
3 1006 378 941
3 896 378 941
3 1006 896 941
3 695 243 781
3 695 243 378
3 378 243 781
3 781 695 378
3 781 926 896
3 926 896 378
3 378 896 781
3 926 378 781
3 747 274 781
3 274 243 747
3 243 781 747
3 959 601 236
3 959 601 658
3 658 601 236
3 959 236 658
3 243 87 404
3 404 243 441
3 404 87 441
3 404 236 601
3 404 236 1097
3 601 404 1097
3 601 236 1097
4 229 236 601 1062
4 41 648 681 1062
3 236 229 695
4 695 243 404 236
3 769 148 87
3 648 41 769
3 781 148 976
3 681 648 976
3 229 1062 681
3 41 1062 601
5 41 601 404 87 769
5 695 781 976 681 229
4 976 648 769 148
3 655 165 8
3 655 165 1135
3 655 8 1135
3 1135 165 8
3 577 336 697
3 10 697 336
3 10 697 577
3 336 10 577
3 10 910 891
3 891 10 577
3 10 910 577
3 868 162 969
3 868 162 971
3 969 162 971
3 969 868 971
3 1022 34 971
3 969 34 971
3 1022 969 971
3 13 979 896
4 896 979 1088 378
3 695 378 1088
3 658 515 485
4 485 1130 239 515
4 1006 378 695 271
3 1130 13 239
3 1130 485 823
3 658 271 695
3 271 251 1006
3 515 239 251
4 251 271 658 515
4 979 823 1130 13
3 979 823 1088
5 13 896 1006 251 239
5 485 823 1088 695 658
3 65 507 445
3 507 445 999
3 445 65 999
3 999 507 65
3 267 1195 535
3 1056 535 1195
3 535 267 1056
3 267 1195 1056
3 655 266 1056
3 655 266 267
3 1056 655 267
3 267 266 1056
3 762 74 862
3 511 74 862
3 762 511 862
3 511 74 762
3 548 198 895
3 895 198 593
3 548 198 593
3 895 548 593
3 929 564 248
3 248 564 528
3 528 929 564
3 929 248 528
3 709 144 811
4 315 323 400 1037
4 811 297 782 144
3 675 297 811
3 323 315 709
3 518 144 782
3 1037 400 590
3 1001 590 1017
3 782 297 1017
3 1037 222 315
3 222 1001 675
4 518 323 709 144
5 400 518 782 1017 590
5 222 315 709 811 675
4 590 1001 222 1037
3 250 59 88
3 352 250 789
4 604 261 991 255
4 607 654 993 261
3 255 88 604
4 247 789 250 59
3 789 247 996
3 991 261 993
3 352 255 991
3 396 247 59
3 993 654 996
4 250 352 255 88
3 604 261 607
3 396 654 607
5 352 991 993 996 789
5 88 59 396 607 604
3 250 59 1005
3 88 59 1005
3 1005 250 88
3 90 798 593
3 593 90 895
3 895 798 90
3 255 352 277
3 748 352 255
3 277 255 748
3 352 250 493
3 493 352 789
3 493 250 789
3 461 248 570
3 564 248 570
3 564 461 570
3 461 248 564
3 870 28 449
3 1180 870 449
3 870 28 1180
3 449 28 1180
3 1061 617 1142
3 107 1061 617
3 617 107 1142
3 1142 1061 107
3 729 303 959
3 729 303 485
3 959 729 485
3 485 303 959
3 905 382 1104
4 218 512 72 1054
3 966 325 1031
4 218 1031 966 50
4 1101 905 1104 72
3 512 72 1104
4 905 382 1178 192
3 1054 72 1101
3 1031 218 1054
4 966 325 1178 179
3 966 50 179
3 1178 192 325
3 1178 179 382
3 1101 905 192
5 512 50 179 382 1104
5 1031 325 192 1101 1054
3 905 382 368
3 905 368 1104
3 1104 382 368
3 777 368 1072
4 840 610 1060 0
4 382 700 1072 368
3 777 0 840
4 700 154 1134 84
3 700 154 1072
4 368 1170 0 777
3 84 700 382
3 382 368 1170
3 610 430 1060
3 154 1134 260
3 840 610 260
3 1134 84 430
5 260 840 777 1072 154
4 430 610 260 1134
5 84 430 1060 1170 382
3 777 146 1104
3 777 146 368
3 1104 777 368
3 368 146 1104
3 139 1072 368
3 368 139 777
3 139 1072 777
3 1165 160 896
3 941 160 1165
3 896 160 941
3 896 1165 941
3 274 747 420
3 747 420 988
3 988 747 274
3 420 274 988
3 631 143 1109
3 20 1109 143
3 20 1109 631
3 143 20 631
3 93 967 479
3 479 93 1013
3 1013 967 93
3 1151 93 1121
3 967 93 1121
3 1151 967 1121
3 1005 940 1024
3 88 1024 940
3 88 1024 1005
3 940 88 1005
3 203 970 284
3 869 384 1159
4 384 713 604 1159
3 1159 604 255
3 713 384 284
3 475 203 280
3 869 970 892
3 991 255 498
3 498 475 892
4 475 498 991 280
3 261 991 280
4 384 869 970 284
3 604 261 713
5 255 1159 869 892 498
4 203 475 892 970
5 280 261 713 284 203
3 502 159 785
3 785 502 863
3 785 159 863
3 158 1016 496
4 163 305 687 1191
4 451 722 306 874
3 717 306 722
4 306 717 305 861
3 861 306 874
4 1137 451 496 1016
3 687 305 861
3 874 451 1137
3 1016 800 1137
3 1191 687 800
3 1191 158 163
4 158 1191 800 1016
3 305 163 717
5 800 687 861 874 1137
5 717 722 496 158 163
3 981 479 1090
3 981 212 1090
3 1090 479 212
3 674 544 1007
3 1007 544 44
3 674 44 1007
3 877 845 1007
3 845 44 1007
3 1007 877 44
3 44 877 845
3 768 22 919
3 919 22 770
3 768 22 770
3 919 768 770
3 898 770 107
3 898 770 1142
3 1142 770 107
3 898 107 1142
3 105 1063 398
4 517 319 1175 141
4 141 562 721 1012
3 1059 105 675
4 220 1063 105 1059
3 562 721 675
4 314 319 398 1063
3 517 141 562
3 1012 141 1175
3 319 314 1175
3 1063 220 314
3 220 1059 504
3 1012 721 504
5 398 517 562 675 105
5 1175 314 220 504 1012
3 894 703 1163
3 140 779 370
3 709 568 123
3 703 779 720
3 709 36 1163
4 908 894 1163 36
3 908 894 370
3 561 123 720
4 140 561 720 779
4 561 123 568 18
3 908 36 1026
4 894 703 779 370
3 18 561 140
3 568 18 1026
5 709 123 720 703 1163
5 140 370 908 1026 18
4 709 568 1026 36
3 894 703 12
3 1163 703 12
3 894 12 1163
3 1016 496 1112
3 1112 1016 158
3 496 158 1112
3 1163 158 894
3 1016 158 1163
3 894 158 1016
3 894 1163 1016
3 880 682 1057
3 612 880 682
3 1057 880 612
3 682 612 1057
3 797 677 1057
3 612 797 677
3 677 612 1057
3 1057 797 612
3 970 284 187
3 187 284 203
3 970 187 203
4 747 459 1139 274
3 1139 274 364
4 78 411 747 420
3 724 364 1187
3 411 747 459
4 724 364 1139 329
3 1139 329 459
3 411 78 1177
4 918 724 1187 142
3 420 78 630
4 1177 142 630 78
3 630 142 1187
3 918 724 329
3 918 142 1177
5 274 364 1187 630 420
5 459 411 1177 918 329
3 55 1132 278
3 278 699 377
3 1132 252 725
4 1132 252 834 55
4 101 635 834 931
3 931 834 252
3 931 101 1007
3 377 674 481
4 725 699 278 1132
3 834 55 635
3 481 101 635
5 252 931 1007 544 725
5 278 377 481 635 55
3 856 278 1132
3 278 55 856
3 55 1132 856
3 377 278 1107
3 1107 699 278
3 1070 274 1139
4 926 896 1165 37
3 614 459 747
4 434 459 614 743
4 743 386 1165 160
3 1070 926 37
3 1165 37 386
3 160 743 614
3 743 386 434
3 459 434 1139
5 614 747 781 896 160
5 37 1070 1139 434 386
3 364 274 1070
3 364 1139 1070
3 921 299 1070
3 364 299 921
3 364 299 1070
3 921 364 1070
3 988 588 1070
4 921 299 956 183
3 1168 588 94
4 1168 588 988 4
3 956 183 397
3 683 397 1167
3 956 19 299
3 19 683 428
3 428 4 988
4 428 683 1167 4
3 1167 4 1168
5 183 397 1167 1168 94
5 299 1070 988 428 19
3 588 274 988
3 274 1070 988
3 233 1039 268
3 397 268 1039
3 233 1039 397
3 268 233 397
3 233 29 1085
3 233 29 183
3 1085 233 183
3 183 29 1085
3 408 61 1111
4 29 233 1039 240
4 1136 468 1039 268
3 1136 468 579
3 579 495 1111
4 1015 495 1111 61
4 536 1136 579 495
3 240 29 408
3 268 1136 536
3 536 495 1015
5 408 1111 579 468 240
5 1085 233 268 536 1015
4 1003 596 1185 138
4 183 1160 228 233
3 233 228 121
3 1185 121 596
4 1185 121 228 118
4 364 1003 1101 299
3 228 118 1160
3 921 183 1160
3 956 299 1101
3 233 183 956
3 1003 596 1101
3 118 1185 138
3 138 1003 364
5 233 956 1101 596 121
5 364 138 118 1160 921
3 5 1111 61
3 61 5 408
3 5 1111 408
3 252 563 473
3 473 252 963
3 963 563 252
3 563 473 963
3 563 252 1132
3 563 252 725
3 1132 563 725
3 1087 596 1185
3 82 1087 596
3 596 82 1185
3 1185 1087 82
3 1126 587 1087
4 987 286 313 119
4 434 313 439 138
4 672 1126 1087 596
3 3 1126 672
3 987 3 119
3 987 286 587
4 1126 587 987 3
3 313 119 439
3 434 313 286
3 672 596 1003
3 439 138 1003
3 434 138 1185
5 286 434 1185 1087 587
5 439 119 3 672 1003
3 1126 587 381
3 1126 381 1087
3 1087 587 381
3 1087 82 1179
3 535 150 1087
3 113 82 1193
3 48 1038 267
4 267 1038 467 1195
4 1038 239 529 48
3 529 48 1179
4 113 529 1179 82
4 150 1087 82 1193
3 1038 239 467
3 529 113 239
3 1195 467 578
3 578 150 1193
4 535 1195 578 150
5 267 48 1179 1087 535
5 1193 113 239 467 578
3 1179 82 381
3 381 1179 1087
3 381 82 1087
3 1087 150 1126
3 1087 535 1126
3 535 150 1126
3 887 457 460
3 887 457 1148
3 460 457 1148
3 1148 887 460
3 779 370 1156
3 370 140 1156
3 1156 779 140
3 807 283 969
3 34 969 283
3 34 969 807
3 283 34 807
3 733 291 807
3 283 807 291
3 291 283 733
3 283 807 733
3 807 91 961
4 741 602 868 162
3 983 91 1149
4 91 1149 685 961
3 868 99 602
3 983 283 99
3 842 685 961
3 685 661 1149
4 983 283 807 91
3 741 602 661
4 842 741 661 685
3 842 741 162
4 283 969 868 99
5 842 162 969 807 961
5 602 661 1149 983 99
3 807 91 424
3 961 807 424
3 424 91 961
3 738 156 971
3 162 971 738
3 971 156 162
3 162 156 738
3 1097 98 1143
3 601 1143 1097
3 1143 98 601
3 601 98 1097
3 236 229 180
4 229 525 474 180
4 727 1079 729 303
3 727 303 1143
3 193 1079 727
3 1079 210 729
3 474 180 210
3 474 193 525
4 1079 210 474 193
3 1062 601 1143
3 525 229 1062
4 959 601 1143 303
5 236 959 729 210 180
5 525 1062 1143 727 193
3 406 321 640
3 406 321 878
3 640 406 878
3 640 321 878
3 404 1097 900
3 900 860 1123
4 287 977 860 1123
3 977 287 188
4 287 988 420 188
3 988 287 1123
4 411 404 1097 338
3 411 404 747
4 98 860 900 1097
3 98 1097 338
3 411 78 338
3 860 98 977
3 78 420 188
5 988 747 404 900 1123
5 78 338 98 977 188
3 1097 900 441
3 900 404 441
3 404 1097 441
3 1123 860 1077
3 1123 900 1077
3 900 860 1077
3 441 355 900
3 900 441 1077
3 900 355 1077
3 757 202 1150
4 1129 416 557 112
4 1150 202 1175 177
3 808 202 1175
4 757 1169 808 202
3 557 112 890
3 890 177 1150
3 1175 177 122
4 177 890 557 122
3 1169 688 808
3 43 1169 757
3 557 122 416
3 1129 416 688
4 1169 688 1129 43
3 1129 43 112
5 122 1175 808 688 416
5 43 112 890 1150 757
3 1150 202 1181
3 1150 757 1181
3 757 202 1181
3 516 240 29
4 985 486 516 240
3 973 486 985
3 233 228 1039
4 1160 679 1046 37
3 228 1160 679
3 37 1160 183
3 679 1046 973
3 1046 37 976
3 516 486 976
5 1039 228 679 973 985
5 976 37 183 29 516
4 973 1046 976 486
3 516 240 666
3 666 240 29
3 516 29 666
3 1025 35 973
4 916 194 1025 35
3 916 21 35
3 916 194 756
3 194 1025 971
4 230 756 916 21
3 756 230 1152
3 868 602 1152
3 741 602 237
3 741 162 973
4 230 237 602 1152
3 237 230 21
5 194 971 868 1152 756
4 971 1025 973 162
5 35 21 237 741 973
3 468 893 824
3 893 824 985
3 824 468 985
3 985 893 468
3 824 35 1025
3 1025 824 973
3 824 35 973
3 985 486 824
3 810 1067 824
3 14 1067 897
4 1067 824 985 14
3 985 14 240
3 666 80 1140
4 1140 92 1082 80
4 92 810 1067 897
3 897 92 1140
3 661 516 486
4 661 516 666 80
3 661 80 1082
3 810 92 1082
5 14 897 1140 666 240
5 486 824 810 1082 661
3 824 985 973
3 824 486 973
3 1067 824 35
3 1067 35 810
3 35 824 810
3 2 858 185
3 185 2 1051
3 1051 858 2
3 1051 10 185
3 697 10 1051
3 185 10 697
3 185 1051 697
3 660 268 1136
3 1136 660 270
3 270 268 1136
3 927 672 778
4 468 778 927 893
3 778 468 1039
3 893 468 1136
3 1054 11 218
4 927 672 1054 11
3 1054 72 672
3 72 512 397
3 11 927 893
5 672 778 1039 397 72
5 1136 893 11 218 660
3 927 672 596
3 927 596 778
3 778 672 596
3 778 289 927
3 121 778 468
3 999 121 445
3 289 999 440
4 778 289 999 121
3 440 194 916
4 440 999 445 194
3 445 194 1025
4 824 893 1089 35
3 927 893 1089
3 916 35 1089
5 121 468 824 1025 445
5 440 289 927 1089 916
3 936 11 763
3 927 11 936
3 763 936 927
3 763 11 927
3 763 289 778
3 778 763 927
3 763 289 927
3 468 121 1039
3 1039 778 121
3 1039 228 121
3 233 121 1039
3 228 121 999
3 999 228 445
3 228 121 445
3 778 121 1185
3 596 1185 778
3 596 121 778
3 218 50 1119
3 1119 50 1044
3 1119 218 1044
3 218 50 1044
3 513 419 756
4 454 1044 11 936
3 1044 454 1119
3 763 716 513
4 115 1119 1044 86
4 1036 419 756 115
3 761 716 775
3 454 936 761
3 756 115 86
3 11 1044 86
3 775 419 1036
3 1036 115 1119
5 86 756 513 763 11
5 1036 1119 454 761 775
4 761 936 763 716
3 706 449 549
3 549 706 597
3 549 449 597
3 535 489 998
3 150 535 489
3 998 535 150
3 489 150 998
3 509 880 511
3 74 511 509
3 880 74 509
3 1122 69 74
3 74 69 509
3 74 1122 509
3 509 185 880
3 232 185 880
3 509 232 880
3 810 21 916
3 35 916 810
3 35 21 810
3 144 36 811
3 36 709 144
3 811 709 36
3 123 568 323
3 709 123 323
3 323 709 568
3 405 1158 901
3 1117 112 1129
4 112 1117 412 79
3 557 112 79
3 412 79 339
3 412 405 1117
3 901 712 1105
3 712 99 733
3 99 1158 339
4 412 405 1158 339
4 1105 712 733 416
4 99 712 901 1158
3 1105 416 1129
3 557 416 733
5 733 557 79 339 99
5 405 901 1105 1129 1117
3 1149 91 580
3 580 91 983
3 580 1149 983
3 216 1153 869
3 616 216 869
3 869 616 1153
3 748 413 1159
3 748 616 1159
3 616 413 1159
3 246 742 616
3 246 742 413
3 742 616 413
3 616 246 413
3 869 384 616
3 1159 869 616
3 616 384 1159
3 1193 82 262
3 113 82 262
3 1193 113 262
3 13 1154 386
3 1154 386 1165
3 386 13 1165
3 1165 1154 13
3 979 896 1165
3 1165 979 13
3 896 13 1165
3 878 829 1008
3 829 45 1008
3 1008 878 45
3 234 913 463
3 234 913 886
3 463 234 886
3 577 34 336
3 913 577 336
3 336 34 913
3 34 913 424
3 807 424 913
3 424 34 807
3 34 913 807
3 483 211 145
4 211 645 759 145
3 759 145 828
3 1042 1028 667
3 645 211 1042
3 1028 259 483
4 952 667 1028 259
3 296 952 667
4 211 483 1028 1042
4 669 759 828 362
3 645 759 669
3 828 362 333
3 259 952 333
4 952 333 362 296
3 362 296 669
5 828 145 483 259 333
5 669 296 667 1042 645
3 171 1094 795
3 209 1094 278
4 209 687 795 1094
4 1094 278 856 171
3 856 171 651
3 687 209 305
3 278 856 317
3 795 687 1191
3 317 831 553
3 305 163 553
3 802 163 1191
3 831 651 802
4 831 651 856 317
5 209 278 317 553 305
5 171 651 802 1191 795
4 553 831 802 163
3 586 532 714
3 714 532 836
3 714 586 836
3 586 532 836
3 440 419 756
3 756 513 440
3 513 440 999
3 289 999 513
3 440 289 513
4 508 184 644 68
4 258 508 1033 681
3 826 546 1010
3 184 644 383
4 826 546 644 383
3 648 41 771
4 771 826 1010 41
3 383 826 771
3 644 68 546
3 508 184 1033
3 68 508 258
3 1033 681 648
3 1062 681 258
3 1010 41 1062
5 383 771 648 1033 184
5 1062 258 68 546 1010
3 180 1088 378
3 1088 65 979
3 1160 679 445
3 1160 37 1165
4 445 507 258 679
4 507 180 1088 65
3 507 180 258
3 679 258 1046
3 926 37 1046
5 445 65 979 1165 1160
5 378 180 258 1046 926
3 695 229 180
3 236 180 695
3 378 180 695
3 180 1088 695
3 455 872 763
3 763 455 936
3 936 872 455
3 872 763 936
3 454 262 936
3 454 262 455
3 455 262 936
3 455 454 936
3 113 1154 455
3 1154 455 262
3 455 113 262
3 113 1154 262
3 882 455 457
3 872 455 882
3 457 882 872
3 457 455 872
3 228 118 386
4 113 118 386 1154
3 118 113 1185
3 766 289 999
3 872 13 766
4 455 1154 13 872
5 113 455 763 778 1185
5 386 228 999 766 13
4 763 872 766 289
3 937 12 764
3 762 862 776
4 862 764 937 762
3 937 762 902
3 323 315 341
3 514 862 764
3 514 400 323
4 482 902 937 12
3 12 482 341
3 776 400 1037
4 341 482 853 315
3 853 482 902
3 853 315 1037
5 12 341 323 514 764
4 400 514 862 776
5 762 902 853 1037 776
3 703 12 937
3 937 703 764
3 703 12 764
3 937 764 1166
3 456 1166 764
3 764 456 937
3 456 1166 937
3 764 720 779
3 703 779 764
3 720 703 764
3 862 776 911
3 911 862 762
3 776 762 911
3 400 216 1153
3 776 216 400
3 1153 776 400
3 435 354 1093
3 435 354 527
3 1093 354 527
3 1093 435 527
3 476 298 895
3 182 476 208
3 548 217 1030
4 208 476 895 198
3 993 261 298
4 476 298 993 182
3 208 198 1069
3 993 182 654
3 654 607 876
3 1030 607 261
4 217 876 607 1030
3 876 217 1069
4 548 217 1069 198
5 298 895 548 1030 261
5 182 654 876 1069 208
3 593 849 619
3 849 619 548
3 849 548 593
3 548 619 593
3 1122 464 570
3 937 762 464
3 812 570 1000
3 862 764 720
4 767 1000 812 294
4 764 1166 767 720
3 294 767 720
3 69 812 294
3 1000 767 1166
5 294 69 74 862 720
5 570 464 937 1166 1000
4 1122 464 762 74
3 464 96 911
3 564 53 464
3 793 248 938
3 282 96 929
3 911 671 590
4 550 938 793 275
3 53 793 275
3 590 550 275
3 707 671 282
3 707 550 938
4 793 248 564 53
4 96 464 564 929
5 275 53 464 911 590
4 550 590 671 707
5 282 707 938 248 929
3 1122 564 570
3 564 464 570
3 564 464 1122
3 762 96 911
3 464 96 762
3 762 464 911
3 937 464 902
3 902 762 464
3 1159 604 748
3 943 713 604
4 417 734 713 943
3 1159 83 384
3 713 384 734
3 734 417 76
3 748 632 403
4 632 748 1159 83
3 403 402 1146
3 943 417 1146
4 402 403 632 322
4 76 402 1146 417
3 83 632 322
3 402 76 322
5 403 748 604 943 1146
5 734 76 322 83 384
3 255 88 1024
3 604 255 1024
3 604 88 1024
3 1159 255 748
3 748 604 255
3 943 713 1024
3 943 604 1024
3 1024 713 604
3 476 298 90
3 895 298 90
3 476 90 895
3 1000 570 461
3 812 461 1000
3 870 2 847
4 706 670 692 549
4 1000 692 1036 458
3 883 310 28
3 1000 692 670
3 2 706 670
3 883 458 1036
3 692 549 1036
3 656 458 1000
3 656 310 847
4 310 847 870 28
5 549 449 28 883 1036
5 656 847 2 670 1000
4 656 458 883 310
3 847 870 858
3 847 2 858
3 847 117 1118
3 1118 847 858
3 847 117 858
3 859 214 947
3 705 214 859
3 705 214 947
3 859 705 947
4 754 749 1096 84
4 325 754 850 119
3 850 119 987
3 1096 605 749
3 944 286 987
3 944 859 605
4 214 859 605 1096
3 1096 84 214
3 313 119 325
3 313 286 947
3 754 749 850
3 84 754 325
4 944 859 947 286
5 84 325 313 947 214
5 605 944 987 850 749
3 1096 214 1142
3 617 1142 1096
3 617 214 1096
3 789 247 638
4 978 909 1145 106
4 1005 375 1108 59
3 978 909 1014
3 1014 375 1108
3 247 59 1108
4 968 978 1014 375
3 1145 638 909
3 789 227 250
3 106 978 968
3 968 375 1005
3 1145 106 227
5 638 247 1108 1014 909
5 106 968 1005 250 227
3 638 247 996
3 996 789 638
3 658 515 959
3 658 485 959
3 959 515 485
3 655 267 1038
3 267 48 655
3 48 1038 655
3 990 467 1038
3 120 990 467
3 467 120 1038
3 1038 990 120
3 659 267 1195
3 1197 8 758
4 165 618 1197 8
3 773 467 1195
4 773 1091 990 467
4 1091 758 1197 103
3 1197 103 618
3 103 1091 773
3 1091 758 990
4 659 267 655 165
3 618 165 659
5 8 655 1038 990 758
5 103 773 1195 659 618
3 964 48 1038
3 964 48 120
3 1038 964 120
3 120 48 1038
3 529 48 32
4 48 964 1099 32
3 1038 239 1130
3 729 485 1130
3 515 485 732
4 729 1045 732 485
3 389 1045 729
4 1099 389 1045 213
3 1099 389 964
3 1099 32 213
3 515 239 529
3 1045 213 732
5 389 964 1038 1130 729
5 213 732 515 529 32
3 48 32 1135
3 1135 32 655
3 48 32 655
3 1135 48 655
3 1179 48 32
3 529 32 1179
3 256 89 1076
4 1076 381 1179 89
3 273 982 587
3 920 381 1179
3 587 381 1076
3 251 89 1179
3 147 794 251
4 587 982 920 381
4 251 794 256 89
3 780 147 925
3 920 982 925
3 794 51 256
3 51 780 273
4 780 147 794 51
4 925 982 273 780
5 1179 920 925 147 251
5 51 273 587 1076 256
3 89 1076 941
3 1006 941 1076
3 941 89 1006
3 89 1076 1006
3 256 89 605
3 605 256 1076
3 605 89 1076
3 966 325 119
3 966 119 1031
3 1031 325 119
3 266 1056 533
3 533 489 549
3 549 242 1182
3 998 242 1119
4 1182 242 1119 50
4 549 489 998 242
3 1056 3 535
3 3 1031 218
3 966 50 1182
3 1031 266 966
4 3 1056 266 1031
4 533 1056 535 489
5 3 218 1119 998 535
5 966 1182 549 533 266
3 858 836 1118
3 858 443 1118
3 1118 836 443
3 847 840 0
3 965 117 1106
3 327 719 344
3 1060 327 610
3 791 422 1118
3 1106 422 344
4 422 791 719 344
3 840 610 965
3 719 328 791
4 328 719 327 1060
4 847 840 965 117
5 610 327 344 1106 965
5 0 328 791 1118 847
3 26 940 154
4 196 494 175 1002
3 494 196 154
3 1002 196 1005
4 196 1005 940 154
3 943 26 417
3 734 417 723
4 940 1024 943 26
3 876 734 713
4 175 723 734 876
3 876 175 1002
3 494 175 723
5 26 417 723 494 154
5 713 876 1002 1005 1024
3 940 154 1134
3 154 26 1134
3 1134 940 26
3 724 364 299
3 724 299 1187
3 1187 364 299
3 1168 588 1015
3 1015 588 94
3 1168 94 1015
3 977 287 290
3 977 427 860
4 1149 135 295 580
3 580 295 301
3 1123 161 287
3 1120 1077 1140
3 1140 580 1149
3 290 135 295
3 427 135 1149
4 580 1140 1120 301
3 161 1120 301
5 860 1077 1140 1149 427
5 161 287 290 295 301
3 290 287 188
3 977 188 290
3 988 287 588
4 1004 201 1174 176
3 1015 201 1174
4 1015 201 673 1168
4 176 662 188 888
3 287 188 888
3 888 176 1174
3 662 176 1004
3 420 188 662
3 988 4 420
3 673 201 1004
3 4 1168 673
5 588 287 888 1174 1015
5 673 1004 662 420 4
3 1123 988 588
3 588 287 1123
3 1094 795 436
3 171 1094 436
3 795 171 436
3 483 211 506
3 506 211 145
3 483 145 506
3 914 279 379
3 361 279 914
3 914 361 379
3 361 279 379
3 832 652 1144
3 318 832 554
4 554 832 1144 1
3 172 914 567
4 914 279 628 172
4 318 628 652 832
3 628 172 652
3 585 379 730
3 554 1 730
4 1102 585 730 1
3 1102 585 567
3 1102 1 1144
4 379 585 567 914
3 279 628 318
5 172 652 1144 1102 567
5 379 279 318 554 730
3 832 652 16
3 832 16 1144
3 1144 652 16
3 832 554 1065
3 1065 832 318
3 554 318 1065
3 1144 40 832
3 711 40 1144
3 711 40 832
3 1144 711 832
3 1053 212 1098
3 1053 967 1068
3 811 297 1068
3 782 127 297
3 132 782 144
3 388 132 935
5 1098 1053 1068 297 127
5 93 479 935 132 144
4 388 132 782 127
3 1098 1053 398
3 398 212 1098
3 1053 398 1063
3 398 105 1053
3 105 1063 1053
3 105 1068 1053
3 967 105 1053
3 438 137 1141
3 191 137 1141
3 438 137 191
3 1141 438 191
3 560 438 723
3 560 76 723
3 560 438 76
3 723 438 76
3 1100 67 1135
3 363 67 920
3 920 32 1099
4 1184 120 964 17
3 964 17 1099
4 920 67 1135 32
4 1141 595 1184 137
3 17 1184 137
3 1184 120 595
3 1141 595 1100
4 363 1141 1100 67
5 363 137 17 1099 920
5 120 595 1100 1135 48
3 8 1100 67
3 1135 1100 8
3 67 8 1135
3 1050 83 1159
3 384 1159 1050
3 384 83 1050
3 177 1150 814
3 1199 1150 177
3 814 177 1199
3 1150 814 1199
3 814 66 1090
3 522 517 141
3 1175 141 202
3 1175 177 319
4 1090 66 1113 31
3 1090 31 1098
3 522 31 1113
3 1113 66 1181
5 319 1098 1090 814 177
4 814 1150 1181 66
5 141 522 1113 1181 202
3 1090 66 981
3 1090 814 981
3 814 66 981
3 1199 200 814
3 814 1199 981
3 814 200 981
4 599 1050 984 466
3 955 83 429
4 1050 153 955 83
3 609 429 650
4 839 609 650 108
3 83 1050 599
3 153 955 259
4 609 429 955 259
3 1050 153 984
3 839 609 259
4 108 343 466 1128
3 984 466 343
3 343 108 839
3 599 466 1128
3 650 108 1128
5 153 259 839 343 984
5 599 1128 650 429 83
3 713 284 734
3 734 384 284
3 284 187 723
3 723 187 734
3 284 187 734
3 723 284 734
3 1078 207 728
4 1078 207 1095 33
3 519 324 1061
3 1095 33 324
4 30 1095 324 519
4 726 1078 728 71
3 1095 30 207
3 996 617 524
3 524 519 30
3 728 71 996
3 726 71 1142
3 33 1078 726
4 519 524 617 1061
5 207 30 524 996 728
5 33 726 1142 1061 324
3 909 207 1078
3 728 207 909
3 728 1078 909
3 922 207 1095
3 124 33 1095
4 909 772 922 207
3 127 562 141
3 909 772 371
3 141 1012 371
3 562 124 721
3 704 1012 721
3 772 704 922
4 772 704 1012 371
5 1078 127 141 371 909
4 124 562 127 33
5 124 721 704 922 1095
3 9 922 207
3 207 9 1095
3 1095 922 9
3 1009 107 401
3 1009 107 1061
3 401 107 1061
3 1061 1009 401
3 401 324 519
3 401 324 1061
3 519 401 1061
3 1112 54 496
3 558 54 1112
3 496 54 558
3 496 1112 558
3 124 33 324
3 1095 124 324
3 436 330 795
4 1109 126 1075 20
3 109 20 1075
4 349 436 795 126
3 843 109 110
3 347 436 349
3 349 126 1109
3 795 126 1075
4 110 884 346 843
3 957 20 1109
4 330 436 347 884
4 957 20 109 843
3 884 110 330
3 843 346 957
3 346 884 347
5 109 1075 795 330 110
5 1109 957 346 347 349
3 922 23 772
3 815 23 922
3 772 922 815
3 772 23 815
3 995 9 1035
3 978 909 207
4 221 1035 995 58
3 871 106 978
4 106 871 221 1064
3 909 772 1145
3 871 221 1035
3 23 995 58
3 1064 106 1145
4 922 23 995 9
3 1064 221 58
5 9 1035 871 978 207
5 772 23 58 1064 1145
3 365 1018 693
4 1018 693 1115 394
3 1115 394 521
4 751 320 930 281
4 22 365 1018 768
4 320 521 1115 620
3 1115 620 693
3 620 320 751
3 365 22 992
4 992 281 919 22
3 751 281 992
3 394 1018 768
3 521 320 930
5 693 365 992 751 620
5 521 930 919 768 394
3 805 722 306
4 225 879 631 170
3 558 276 854
3 109 874 306
3 874 43 451
4 43 874 109 879
3 43 879 225
3 879 109 631
3 805 276 1172
4 1172 276 854 170
3 631 170 1172
3 225 170 854
5 451 558 854 225 43
5 631 109 306 805 1172
3 924 722 306
3 805 306 924
3 324 316 1095
4 1147 591 1188 223
3 1014 30 1095
4 1014 64 1133 30
4 316 324 401 1188
3 581 1147 591
3 1188 401 591
3 1188 223 316
4 64 581 1147 676
3 223 1147 676
3 676 64 1014
3 581 64 1133
3 519 30 1133
5 316 1095 1014 676 223
5 401 519 1133 581 591
3 324 316 9
3 1095 316 9
3 324 9 1095
3 1059 105 1068
3 675 105 1068
3 1068 1059 675
3 675 297 1068
3 811 675 1068
3 341 323 709
3 341 315 709
3 1163 36 341
3 341 1163 709
3 341 36 709
3 552 341 1034
3 908 894 986
3 1068 908 36
3 986 105 1063
3 552 57 158
4 220 1034 552 57
3 1063 220 57
4 552 341 1163 158
3 1034 220 1059
5 57 1063 986 894 158
5 1034 1059 1068 36 341
3 552 341 315
3 552 315 1034
3 1034 341 315
3 986 894 370
3 908 370 986
3 36 908 811
3 1068 36 811
3 1158 901 668
3 901 405 668
3 405 1158 668
3 1063 986 226
3 226 105 1063
3 1156 226 370
3 986 226 1156
3 370 226 986
3 370 1156 986
3 1026 972 359
4 677 797 816 152
4 974 934 948 637
3 816 359 797
4 816 359 972 157
3 816 152 157
3 974 70 637
3 70 972 157
3 974 934 1026
4 490 677 1057 948
3 1057 948 934
3 490 948 637
3 152 677 490
4 972 1026 974 70
5 797 359 1026 934 1057
5 157 152 490 637 70
3 359 203 972
3 970 359 972
3 359 203 970
3 970 203 972
3 40 924 545
3 1035 554 1
4 924 530 1144 40
3 1147 591 545
3 805 591 1188
4 1035 554 1065 223
3 1065 223 1147
3 1035 223 1188
3 1144 1 530
3 924 530 805
5 40 832 1065 1147 545
5 530 805 1188 1035 1
3 411 747 614
3 459 411 614
3 411 338 1114
3 1114 338 614
3 1114 411 614
3 411 338 614
3 411 404 243
3 701 338 1097
4 701 499 1114 338
3 941 499 1114
3 236 695 271
3 701 499 197
3 1006 197 271
4 499 941 1006 197
5 243 378 941 1114 411
5 197 701 1097 236 271
3 747 404 243
3 411 243 747
3 1104 72 146
4 1104 635 765 146
3 1139 329 244
3 72 1101 299
3 1104 635 905
3 765 244 635
3 724 329 939
3 765 146 939
3 1101 905 1003
3 1003 364 1139
4 329 939 765 244
5 72 299 724 939 146
5 244 1139 1003 905 635
3 146 1104 512
3 146 72 512
3 552 57 1112
3 158 57 1112
3 1112 552 158
3 881 159 783
3 783 881 785
3 159 785 783
3 252 192 834
3 252 192 905
3 834 252 905
3 834 192 905
4 192 252 563 439
4 837 614 1114 55
3 1114 55 1132
3 837 614 459
3 743 614 1114
3 834 55 837
3 563 439 313
3 434 313 743
3 439 138 192
3 459 434 138
5 563 313 743 1114 1132
5 138 459 837 834 192
3 963 753 624
3 473 963 753
3 473 963 624
3 753 473 624
3 551 139 473
3 473 139 624
3 624 551 473
3 624 622 777
3 139 624 622
3 777 624 139
3 622 139 777
3 622 167 527
3 182 753 527
4 622 624 753 527
4 753 963 931 182
3 931 834 963
3 101 931 182
4 167 622 777 146
3 834 635 1104
3 635 101 765
3 167 146 765
5 777 1104 834 963 624
5 527 182 101 765 167
3 551 63 705
3 705 63 947
3 705 551 947
3 551 63 947
3 700 1072 705
3 439 192 1178
3 700 382 1178
3 63 563 439
5 473 252 905 368 139
5 439 63 705 700 1178
4 563 473 551 63
3 537 63 725
3 563 537 725
3 563 63 725
3 537 63 563
3 476 895 481
3 895 101 476
3 101 481 476
3 660 167 146
3 660 146 512
3 512 167 146
3 435 167 622
3 622 435 527
3 435 167 527
3 386 228 1160
3 386 118 1160
3 118 113 82
3 529 113 1154
3 1076 381 944
3 1179 89 529
3 743 160 944
3 743 386 118
4 941 1076 944 160
5 529 1154 1165 941 89
5 743 118 82 381 944
3 1185 113 82
3 118 82 1185
3 457 1148 766
3 766 457 872
3 457 1148 872
3 872 766 1148
3 766 65 1088
3 766 65 979
3 1088 766 979
3 999 766 65
3 289 65 999
3 65 766 289
3 872 13 979
3 766 13 979
3 979 872 766
3 627 77 1161
3 1174 140 201
4 1174 140 627 77
3 140 627 168
4 186 1161 627 168
4 813 1004 1190 300
3 1161 186 1162
3 77 1174 176
3 176 1004 813
3 957 186 168
3 813 300 1162
4 1162 300 957 186
3 957 300 1190
3 1004 201 1190
5 77 176 813 1162 1161
5 168 140 201 1190 957
3 387 77 627
3 627 387 1161
3 387 77 1161
3 408 77 1174
3 1174 408 61
3 77 61 1174
3 889 567 914
3 567 172 889
3 172 914 889
3 366 151 736
3 736 366 156
3 366 151 156
3 156 151 736
3 1022 366 463
4 738 340 866 156
4 234 626 424 913
3 409 340 738
3 626 409 424
3 626 234 1042
4 409 626 1042 340
3 866 340 1042
3 366 156 866
5 34 424 409 738 971
5 234 463 366 866 1042
4 366 1022 971 156
3 463 366 1019
3 463 1022 1019
3 1019 366 1022
3 738 130 156
3 736 130 738
3 156 130 736
3 156 738 736
3 130 903 878
3 427 903 842
3 738 340 842
3 379 272 980
3 427 45 980
3 804 45 878
3 774 272 804
3 340 866 379
3 866 156 774
4 379 866 774 272
4 130 738 842 903
4 980 272 804 45
5 379 980 427 842 340
5 156 130 878 804 774
3 130 903 406
3 878 130 406
3 130 736 335
3 900 130 860
4 151 195 335 736
3 598 899 708
3 708 98 860
4 195 598 899 771
3 899 771 1143
3 195 151 771
3 335 195 598
4 441 736 130 900
5 130 335 598 708 860
5 441 151 771 1143 1097
4 708 899 1143 98
3 406 335 736
3 335 130 406
3 130 736 406
3 900 130 903
3 860 130 903
3 903 900 860
3 684 1019 769
3 648 769 684
3 1019 648 684
3 1019 769 648
4 1019 694 1116 684
3 366 1019 694
3 321 231 696
4 696 335 406 321
4 231 321 640 1116
3 231 1116 684
3 1116 640 694
3 696 335 195
3 195 151 769
5 736 406 640 694 366
5 769 195 696 231 684
4 151 366 1019 769
3 228 1160 445
3 679 228 445
3 1052 897 1067
3 897 14 1052
3 14 1067 1052
3 1052 161 897
3 1120 1052 897
3 897 161 1120
3 1117 112 199
3 1129 1117 199
3 199 112 1129
3 423 360 469
3 469 360 960
3 423 360 960
3 469 423 960
3 98 1097 701
3 338 98 701
3 253 189 423
3 253 189 625
3 423 253 625
3 912 423 598
3 912 360 598
3 598 423 360
3 1018 693 342
3 342 693 365
3 1018 342 365
3 1032 394 1115
3 1008 102 829
4 786 829 1008 304
3 102 928 342
4 693 573 928 342
3 693 573 1115
3 1032 786 304
3 928 326 573
4 326 928 102 1008
3 1008 304 326
3 885 394 1018
3 829 786 885
5 304 1032 1115 573 326
5 102 342 1018 885 829
4 1032 786 885 394
3 545 40 702
3 40 924 702
3 521 394 1032
3 521 1115 1032
3 717 306 555
3 555 306 722
3 722 717 555
3 555 249 558
3 555 249 722
3 558 555 722
3 813 497 1109
3 300 813 497
3 1109 813 300
3 497 300 1109
4 1083 143 631 79
3 412 79 1083
3 1117 47 412
3 575 143 1083
4 575 497 1109 143
4 1194 264 497 813
3 47 1194 264
3 575 497 264
4 1194 199 1117 47
3 1194 199 813
3 112 79 631
5 47 264 575 1083 412
5 112 631 1109 813 199
3 779 140 1174
3 201 1174 779
3 201 140 779
3 61 1015 201
3 201 61 1174
3 1174 1015 61
3 636 102 164
3 636 102 928
3 164 102 928
3 928 636 164
3 932 102 1008
3 829 1008 932
3 829 102 932
3 808 62 1086
3 1086 62 95
3 95 1086 808
3 95 62 808
3 62 808 202
3 1175 808 62
3 202 62 1175
3 808 496 1169
4 219 933 100 1047
3 933 219 54
4 219 57 1112 54
4 808 496 1112 62
3 57 1112 62
3 219 57 1047
3 1164 757 1169
3 202 757 704
3 704 100 1047
4 704 757 1164 100
3 933 100 1164
5 933 1164 1169 496 54
5 57 1047 704 202 62
3 1083 143 206
3 1164 7 1181
4 1083 566 820 206
3 79 1083 566
3 1181 820 566
3 787 7 945
3 820 206 945
3 879 225 1164
3 631 79 879
4 225 787 7 1164
3 143 631 170
3 787 225 170
4 1181 820 945 7
5 566 79 879 1164 1181
5 143 206 945 787 170
3 557 79 890
3 890 112 79
3 339 79 1083
3 1083 412 339
3 666 87 516
3 666 148 516
3 148 87 516
3 769 87 151
3 769 148 151
3 151 148 87
3 183 37 921
3 37 1160 921
3 37 926 921
3 1070 37 921
3 386 1165 1160
3 386 37 1160
3 740 155 1180
3 28 1180 155
3 155 28 740
3 28 1180 740
3 740 5 155
3 155 5 1111
3 1111 740 155
3 740 5 1111
3 579 468 893
3 579 1136 893
3 155 579 495
3 1111 579 155
3 495 155 1111
3 1044 11 1054
3 218 1054 1044
3 218 11 1044
3 150 1193 257
3 1044 454 257
3 1054 672 1126
4 454 262 1193 257
5 262 82 596 927 936
5 150 1126 1054 1044 257
3 672 72 1101
3 1101 1054 672
3 50 1182 270
3 660 270 1182
3 270 50 660
3 50 1182 660
3 998 257 1193
3 257 150 998
3 150 1193 998
3 1044 257 1119
3 1119 454 257
3 716 289 513
3 289 763 513
3 289 763 716
3 868 969 891
3 969 42 868
3 42 891 868
3 891 42 1057
3 1057 42 677
3 677 1057 891
3 677 42 891
4 910 670 1051 10
4 447 509 880 682
3 775 42 1152
3 1152 682 447
3 69 509 447
3 1051 69 670
3 910 670 775
4 1152 682 1057 42
5 10 891 1057 880 185
5 69 447 1152 775 670
3 359 972 568
3 568 1026 972
3 1026 359 568
3 514 123 561
3 514 123 720
3 561 514 720
3 764 514 720
3 514 862 720
3 511 431 514
3 514 431 862
3 514 511 862
3 511 431 862
3 400 123 323
3 123 514 323
3 123 514 400
3 405 237 1158
3 405 237 602
3 602 237 1158
3 602 405 1158
3 577 152 677
3 577 152 891
3 677 577 891
3 677 152 891
3 668 358 901
3 742 246 745
3 332 246 395
3 332 52 358
3 739 653 742
4 246 395 653 742
4 838 653 739 446
3 838 653 395
4 737 668 901 446
3 838 446 901
3 737 446 739
3 737 668 351
4 52 351 668 358
3 351 52 745
5 332 395 838 901 358
5 737 739 742 745 351
3 1130 1038 467
3 467 239 1130
3 1154 529 239
3 239 113 1154
3 1130 13 1154
3 239 13 1154
3 1154 1130 239
4 1081 421 852 116
4 231 852 857 184
3 852 231 421
4 1081 460 819 828
3 582 68 644
3 231 184 508
3 1081 421 828
3 116 1081 460
3 644 184 857
3 460 819 582
3 852 116 857
3 508 68 760
3 828 819 760
5 116 460 582 644 857
4 582 819 760 68
5 231 421 828 760 508
3 592 848 641
3 755 407 641
3 797 592 816
3 737 152 816
4 737 336 577 152
3 407 336 737
4 407 755 697 336
5 612 232 697 577 677
4 848 641 755 232
5 407 641 592 816 737
3 407 234 913
3 407 234 336
3 336 234 913
3 913 407 336
3 860 977 903
3 860 427 903
3 903 842 685
3 427 903 685
3 842 427 685
3 321 640 556
3 640 556 663
3 556 321 663
3 663 640 321
3 554 1065 556
3 718 556 1065
3 556 554 718
3 554 1065 718
3 1035 554 995
3 995 554 1
3 1035 1 995
3 316 9 995
3 316 9 1035
3 995 316 1035
3 951 253 189
3 951 253 295
3 295 253 189
3 951 189 295
3 580 295 951
3 628 279 951
3 409 172 914
3 409 961 685
3 91 961 643
3 628 172 643
3 361 295 135
3 1149 135 685
4 172 409 961 643
4 361 295 951 279
5 628 951 580 91 643
5 135 361 914 409 685
3 951 580 301
3 301 295 951
3 104 1029 830
3 626 234 830
4 291 807 424 190
4 291 453 873 733
3 424 190 626
4 1029 838 873 104
3 873 733 838
3 407 1029 838
4 234 407 1029 830
3 453 291 190
3 873 104 453
5 733 838 407 913 807
5 453 190 626 830 104
3 633 625 423
3 633 625 960
3 633 423 960
3 960 625 423
4 500 727 584 365
4 633 625 932 542
4 477 500 994 542
3 598 584 727
3 625 414 932
3 932 542 477
3 365 500 477
4 462 912 598 584
3 584 365 462
3 727 500 994
3 633 542 994
3 414 912 462
5 598 423 633 994 727
5 462 414 932 477 365
3 633 171 542
3 633 171 1094
3 542 171 1094
3 1094 633 542
3 22 992 256
3 794 256 992
3 256 22 794
3 22 992 794
3 1114 55 499
3 244 15 1171
3 244 837 614
4 701 205 369 1073
3 55 837 651
3 701 205 338
3 701 499 1073
3 572 369 1073
3 572 15 651
4 1171 369 572 15
3 1171 369 205
4 15 244 837 651
5 499 55 651 572 1073
5 205 1171 244 614 338
3 1132 1114 499
3 499 55 1132
3 160 941 499
3 1114 941 160
3 499 160 1114
3 848 641 547
3 547 641 592
3 848 547 592
3 755 407 1029
3 641 407 1029
3 1029 755 641
3 547 104 641
3 547 104 1029
3 641 547 1029
3 641 104 1029
3 659 267 269
3 269 267 1195
3 1195 659 269
3 714 533 1056
3 533 266 714
3 266 1056 714
3 533 714 706
3 714 2 533
3 533 2 706
3 549 489 706
3 549 533 706
3 533 489 706
3 440 194 756
3 916 440 756
3 971 194 1022
3 194 1025 1022
3 1022 971 1025
3 463 440 194
3 1022 440 194
3 463 194 1022
3 445 194 679
4 510 1033 684 886
3 510 886 513
3 507 258 508
3 508 1033 510
3 1033 681 684
3 679 258 681
5 510 513 999 507 508
5 194 679 681 684 463
3 679 445 1025
3 679 194 1025
3 1182 242 597
3 1182 549 597
3 549 242 597
3 998 242 257
3 1119 998 257
3 257 242 1119
4 579 799 1180 155
4 1089 155 740 86
3 579 155 1089
4 799 597 1182 270
3 270 799 579
3 799 597 1180
3 115 86 740
3 1044 86 1089
3 1119 115 242
5 50 1044 1089 579 270
5 242 115 740 1180 597
3 822 10 910
3 706 670 1051
3 692 670 910
4 664 998 257 357
3 489 998 664
3 357 257 822
4 357 697 10 822
3 664 357 697
3 692 549 242
5 706 1051 697 664 489
5 242 692 910 822 257
3 1157 418 691
3 114 1157 457
3 229 180 507
3 582 1148 691
3 507 65 582
3 474 180 1088
3 525 114 474
4 691 1148 457 1157
3 525 229 418
4 1157 418 525 114
5 457 114 474 1088 766
5 229 507 582 691 418
4 65 582 1148 766
3 691 546 826
3 691 546 1010
3 826 691 1010
3 1010 418 1157
3 691 418 1010
3 691 1157 1010
3 574 145 759
3 774 694 1019
3 830 510 886
3 645 211 830
3 694 574 1116
3 1033 684 1116
3 211 145 774
4 574 694 774 145
3 1033 510 73
4 510 830 645 73
3 645 73 759
5 211 774 1019 886 830
5 73 1033 1116 574 759
3 1130 729 823
3 729 485 823
3 882 457 1157
3 457 114 882
3 114 1157 882
3 1056 3 1126
3 1126 1056 535
3 535 3 1126
3 218 3 1054
3 1054 1031 3
3 3 1126 1054
3 672 3 1054
3 987 3 1031
3 1031 987 119
3 119 3 1031
3 767 294 810
3 756 230 419
3 812 294 953
3 230 21 953
3 1000 692 812
4 810 294 953 21
3 756 115 916
3 458 1000 767
3 115 1036 458
3 1036 419 692
5 419 230 953 812 692
5 115 458 767 810 916
3 767 720 561
3 1166 14 767
3 14 1155 387
4 14 1166 456 1155
3 408 1155 456
3 561 140 627
5 408 456 764 779 1174
5 14 387 627 561 767
3 720 294 561
3 294 767 561
3 810 294 1067
3 767 294 1067
3 810 767 1067
3 1067 14 1166
3 767 14 1067
3 767 1166 1067
3 777 0 622
3 622 0 840
3 840 777 622
3 870 840 0
3 847 840 870
3 847 0 870
3 476 208 1093
3 1093 476 182
3 208 182 1093
3 753 527 1093
3 527 182 1093
3 1093 753 182
3 865 548 975
3 865 548 198
3 975 548 198
3 865 198 975
3 975 28 865
3 310 28 975
3 310 28 865
3 975 310 865
3 698 334 1093
3 208 1093 334
3 208 1093 698
3 334 208 698
3 1002 139 196
3 494 196 1131
3 622 527 965
4 698 494 1131 334
3 624 396 753
3 965 334 1131
3 698 494 175
3 1002 175 396
4 965 527 1093 334
5 622 139 196 1131 965
5 396 753 1093 698 175
3 548 217 619
3 619 217 1030
3 619 548 1030
3 1111 53 495
3 1015 495 1168
3 482 12 1055
4 703 673 1055 12
3 53 902 482
3 1055 673 1168
3 703 673 201
5 937 5 61 201 703
4 1111 53 902 5
5 482 1055 1168 495 53
3 495 1111 793
3 793 53 1111
3 495 53 793
3 902 564 464
3 564 53 902
3 464 53 902
3 475 280 929
3 96 929 475
3 280 96 475
3 96 929 280
3 475 203 949
3 949 475 280
3 280 203 949
3 911 892 475
3 892 96 475
3 96 911 475
3 678 216 892
3 678 1058 892
3 970 216 869
3 216 892 869
3 970 892 216
3 570 376 263
3 570 263 1122
3 1122 376 263
3 334 698 376
3 698 376 1106
3 376 334 1106
3 1106 698 334
3 686 208 198
3 686 198 975
3 686 208 975
3 975 208 198
3 354 125 686
3 125 792 470
3 470 345 593
3 481 345 939
3 792 435 939
5 686 198 593 470 125
4 208 686 354 1093
4 470 792 939 345
5 481 939 435 1093 476
3 1136 536 1167
3 975 415 686
3 1167 534 415
3 799 579 1136
3 1180 686 799
3 938 536 495
3 865 534 938
4 534 865 975 415
4 938 536 1167 534
5 799 686 415 1167 1136
4 1180 686 975 28
5 28 865 938 495 155
3 686 125 1027
3 686 354 1027
3 1187 125 724
3 724 1187 792
3 724 125 792
3 470 125 1041
3 792 470 1041
3 1041 792 125
3 1072 1002 196
3 196 139 1072
3 494 154 1131
3 1131 196 154
3 59 1005 196
3 196 59 1002
3 59 1005 1002
3 196 154 700
3 749 524 1096
3 1108 59 524
3 700 84 1096
3 1108 51 375
4 749 524 1108 51
3 1005 375 940
3 754 84 1134
3 754 749 51
5 196 700 1096 524 59
5 754 51 375 940 1134
3 298 993 991
3 298 261 991
3 281 751 523
3 523 281 950
3 950 751 281
3 751 523 950
4 298 726 801 90
3 963 523 931
3 476 182 931
4 950 541 801 204
3 726 298 993
3 523 950 541
3 753 182 993
3 801 90 541
3 204 950 473
3 801 204 726
5 476 90 541 523 931
5 473 204 726 993 753
4 473 950 523 963
3 907 501 796
3 907 97 502
3 320 930 796
3 751 320 877
3 523 845 785
5 877 320 796 501 1007
5 281 523 785 502 97
4 523 751 877 845
3 678 493 498
3 678 352 498
3 498 493 352
3 298 90 498
3 498 90 991
3 498 298 991
3 298 90 991
3 352 255 498
3 991 352 498
3 728 71 638
4 678 798 90 498
3 798 678 1058
3 71 726 298
3 798 90 801
3 801 726 1078
5 493 638 71 298 498
5 798 801 1078 935 1058
3 498 475 678
3 678 498 892
3 678 475 892
3 702 6 545
3 581 6 702
3 545 702 581
3 545 6 581
3 207 30 1014
3 207 1095 1014
3 1014 909 207
3 978 207 1014
3 30 1014 375
3 1108 1014 30
3 375 30 1108
3 1072 214 700
3 214 705 700
3 700 196 1072
3 196 154 1072
3 136 1138 328
3 1060 328 1138
3 136 1138 1060
3 328 136 1060
3 1138 273 363
3 982 273 1138
3 363 273 982
3 363 1138 982
3 850 119 273
3 917 179 1178
3 966 179 1192
4 1138 273 850 136
3 328 293 917
4 328 1138 363 293
3 363 293 1192
3 850 136 754
3 754 325 1178
5 966 119 273 363 1192
5 136 328 917 1178 754
3 273 119 987
3 987 850 273
3 982 587 987
3 987 982 273
3 587 273 987
3 1096 605 256
3 1096 256 749
3 749 605 256
3 617 524 749
3 749 617 1096
3 617 524 1096
3 247 59 524
3 1108 247 524
3 617 247 524
3 247 996 524
3 524 519 1108
3 524 30 1108
3 1108 519 30
3 996 728 638
3 638 71 996
3 22 768 147
3 768 147 794
3 794 768 22
3 147 22 794
3 147 732 485
3 485 147 515
3 147 732 515
3 271 236 658
3 236 695 658
3 1045 729 1079
3 1079 727 584
3 365 22 500
3 1018 768 647
3 584 365 1018
3 303 727 500
3 732 647 1045
4 732 647 768 147
5 147 485 303 500 22
5 1018 647 1045 1079 584
3 729 389 1079
3 1079 1045 389
3 1099 389 128
3 1014 64 978
3 1099 213 1196
3 925 213 1045
3 64 1133 128
4 925 968 1196 213
3 978 968 1196
3 375 968 925
3 1133 30 133
3 389 133 1045
5 128 1099 1196 978 64
5 30 133 1045 925 375
4 389 133 1133 128
3 964 389 128
3 1099 128 964
3 920 67 982
3 363 67 982
3 920 363 982
3 213 32 920
3 213 1099 920
3 32 920 381
3 381 32 1179
3 1179 920 32
3 587 381 944
3 1076 587 944
3 587 286 944
3 587 987 944
3 944 859 1076
3 944 605 1076
3 1076 859 605
3 179 50 1182
3 1182 966 179
3 1100 821 191
3 1100 821 1141
3 1141 821 191
3 1100 191 1141
3 459 329 244
3 1139 244 459
3 1177 411 338
3 338 78 1177
3 1074 932 625
3 253 1074 932
3 932 253 625
3 253 1074 625
3 904 56 1074
3 1074 56 636
3 636 1074 904
3 636 56 904
3 102 932 542
4 171 633 960 642
3 171 642 347
4 164 487 1124 636
3 1074 636 1124
3 487 164 347
3 960 642 572
3 572 487 1124
4 487 572 642 347
4 102 636 1074 932
5 164 347 171 542 102
5 960 572 1124 1074 625
3 888 188 744
4 253 565 662 189
4 615 904 56 954
3 904 615 47
3 951 56 954
3 744 615 954
4 615 744 888 47
3 888 47 176
3 565 253 1074
4 951 253 1074 56
3 662 176 565
3 188 662 189
5 744 188 189 951 954
5 47 904 1074 565 176
3 573 491 164
3 573 491 928
3 928 491 164
3 573 164 928
3 699 278 1094
3 278 209 699
3 209 1094 699
3 209 589 544
3 699 589 209
3 544 209 699
3 436 330 800
3 795 330 800
3 795 436 800
3 803 717 305
3 803 305 589
3 305 717 589
3 803 620 1115
3 851 711 1075
3 861 40 306
4 711 1075 861 40
3 320 620 555
3 861 305 1075
3 851 521 1115
3 40 711 543
3 521 320 543
4 543 711 851 521
5 803 1115 851 1075 305
5 306 555 320 543 40
3 693 620 803
3 693 1115 803
3 589 342 803
3 803 44 877
3 477 209 542
4 589 342 477 209
3 500 477 342
4 608 841 994 129
3 994 542 841
3 994 129 500
3 877 608 129
3 841 608 426
3 426 44 544
5 877 803 342 500 129
4 44 426 608 877
5 841 426 544 209 542
3 589 342 693
3 693 342 803
3 693 589 803
3 620 44 877
3 877 803 620
3 126 1075 711
3 126 1075 851
3 711 126 851
3 832 318 851
3 851 318 711
3 711 318 832
3 711 851 832
3 297 127 562
3 562 127 782
3 297 782 562
3 244 15 329
3 329 244 1171
3 329 15 1171
3 574 145 828
3 759 574 828
3 506 492 574
3 145 574 492
3 492 145 506
3 145 574 506
3 615 47 1117
3 412 47 615
3 412 1117 615
3 206 1083 575
3 206 143 575
3 1049 206 339
3 1049 206 1083
3 1083 1049 339
3 339 206 1083
3 1049 301 983
3 580 301 1049
3 580 301 983
3 1049 580 983
3 904 652 628
4 349 471 573 491
3 491 264 349
4 16 649 904 652
4 264 491 164 649
3 649 164 904
3 471 349 851
3 649 16 264
4 1080 471 851 318
3 573 471 1080
3 628 318 1080
5 16 832 851 349 264
5 164 904 628 1080 573
3 56 951 279
3 56 951 628
3 279 56 628
3 56 904 652
3 652 56 628
3 56 904 628
3 1131 444 494
3 494 1131 560
3 560 444 1131
3 494 444 560
3 444 191 821
4 821 599 1084 191
3 1050 599 1084
4 284 984 372 187
3 984 284 1050
4 472 560 723 187
3 438 191 1084
3 444 560 472
3 372 187 472
3 821 599 466
3 372 984 466
4 438 560 444 191
5 438 723 284 1050 1084
5 372 466 821 444 472
3 821 191 833
3 444 191 833
3 821 444 833
3 943 26 997
3 417 26 997
3 997 943 417
3 723 417 76
3 734 76 723
3 203 949 472
3 949 472 187
3 949 187 203
3 187 472 203
3 403 224 632
3 429 403 632
3 429 224 632
3 632 83 955
3 429 955 632
3 429 83 632
3 277 748 632
3 277 748 403
3 632 277 403
4 583 1151 1121 153
3 955 153 1121
3 332 1151 583
3 583 153 1050
5 632 277 93 1121 955
5 332 583 1050 1159 413
3 609 429 224
3 609 224 650
3 650 429 224
3 650 506 609
3 650 483 609
3 650 506 483
3 609 506 483
3 626 1042 1028
3 1028 626 667
3 626 1042 667
3 728 638 909
3 1145 728 909
3 789 174 250
3 250 227 174
3 111 1198 452
4 752 174 1176 81
3 452 149 809
4 452 1198 815 149
3 1189 227 371
3 1198 371 815
3 815 149 1186
4 809 149 1186 81
3 809 81 1176
3 522 174 1176
3 1189 111 522
4 1198 371 1189 111
3 752 81 1186
3 227 174 752
5 452 809 1176 522 111
5 371 227 752 1186 815
3 808 496 451
3 808 451 1169
3 1169 496 451
3 854 316 1188
3 276 854 316
3 1188 854 276
3 316 276 1188
3 276 54 854
3 854 558 54
3 933 219 854
3 1009 401 1188
4 401 788 863 1009
3 1009 863 502
3 219 1047 502
3 788 401 324
3 863 504 788
3 1047 100 504
3 933 9 100
4 316 854 933 9
5 854 219 502 1009 1188
5 100 504 788 324 9
3 219 54 796
3 219 54 907
3 796 219 907
3 854 219 54
3 933 54 854
3 538 249 796
3 219 57 220
3 552 1034 553
3 553 657 555
3 657 222 538
3 1034 220 222
5 553 555 558 1112 552
5 222 220 219 796 538
4 1034 553 657 222
3 861 40 924
3 306 40 924
3 924 861 306
3 1075 20 861
3 1109 126 497
3 575 497 1127
4 530 1127 575 374
3 1127 530 1144
3 924 530 374
3 143 575 374
5 126 711 1144 1127 497
5 20 861 924 374 143
3 1075 109 861
3 109 20 861
3 109 874 861
3 306 109 861
3 297 675 562
3 721 297 562
3 412 405 60
3 1117 405 60
3 412 60 1117
3 1105 712 1023
3 1105 901 1023
3 901 712 1023
3 868 99 1158
3 602 99 1158
3 1158 868 602
3 283 99 712
3 283 99 733
3 712 283 733
3 983 283 1049
3 1049 283 99
3 983 99 1049
3 1049 339 1158
3 339 99 1049
3 99 1158 1049
3 173 168 1086
3 173 168 186
3 186 168 1086
3 186 173 1086
4 314 173 1086 62
4 168 173 226 1156
3 314 62 1112
3 226 173 314
3 1156 110 168
3 110 1137 451
3 1137 370 1016
4 110 1156 370 1137
5 226 314 1112 1016 370
5 168 1086 808 451 110
3 627 168 1156
3 1156 627 140
3 168 140 1156
3 1162 95 186
3 1086 95 1162
3 186 95 1086
3 186 1162 1086
3 1121 1023 358
3 1121 1023 1151
3 1121 358 1151
3 1151 1023 358
3 668 358 1023
3 901 668 1023
3 901 358 1023
3 319 314 62
3 314 173 1063
3 1053 25 1121
4 1121 1023 1105 25
3 958 398 319
3 1023 95 1105
3 173 1086 358
3 958 25 1105
4 1086 358 1023 95
5 358 1121 1053 1063 173
5 319 62 95 1105 958
3 974 637 986
3 627 1161 680
4 1161 680 934 38
3 38 1161 186
3 745 226 173
3 974 934 680
3 934 38 948
3 745 637 948
5 627 680 974 986 1156
5 186 173 745 948 38
3 637 246 742
3 637 745 742
3 540 431 612
3 612 540 797
3 540 431 797
3 540 123 568
3 359 123 568
3 540 123 359
3 568 540 359
3 540 359 816
3 540 359 797
3 816 540 797
3 509 447 953
3 561 18 953
4 680 447 953 18
3 568 18 680
3 680 447 682
4 514 431 540 123
5 514 561 953 509 511
5 568 540 612 682 680
3 739 157 972
4 739 181 867 157
3 235 949 540
4 410 962 1043 181
3 410 181 739
4 949 472 962 235
3 816 157 867
3 867 181 1043
3 962 235 1043
3 962 410 472
4 203 359 540 949
5 235 540 816 867 1043
5 472 203 972 739 410
3 816 592 448
3 797 448 816
3 875 452 1198
3 452 111 875
3 111 1198 875
3 200 403 402
3 1146 403 200
3 402 200 1146
3 981 689 1146
3 200 981 689
3 689 200 1146
3 1146 981 200
3 1146 417 689
3 689 1146 943
3 689 417 943
3 224 1199 265
3 224 1199 650
3 650 265 1199
3 265 224 650
3 814 292 1110
4 855 322 1084 178
4 576 292 1110 178
3 576 178 1084
3 632 322 1084
3 402 322 855
3 855 178 1110
3 576 292 265
4 292 814 1199 265
5 402 855 1110 814 200
5 224 265 576 1084 632
4 116 629 839 846
4 350 421 574 492
3 492 265 350
3 574 421 1081
3 839 609 629
3 629 116 1081
3 421 350 852
3 846 116 852
3 846 839 108
3 650 108 265
4 265 492 506 650
5 1081 574 506 609 629
5 265 350 852 846 108
3 1 1102 23
3 995 23 1102
3 23 1 995
3 1 1102 995
3 718 307 556
3 488 307 718
3 488 307 556
3 718 488 556
4 488 806 241 559
4 488 452 875 307
3 488 452 559
4 618 613 855 49
4 613 392 875 46
3 875 46 452
4 1173 241 1040 49
3 806 488 307
3 875 307 392
3 618 613 46
3 559 241 1040
3 613 392 855
3 618 49 1040
3 806 241 1173
3 855 49 1173
5 46 452 559 1040 618
5 307 806 1173 855 392
3 397 72 956
3 956 512 72
3 72 1101 956
3 299 72 956
3 956 233 397
3 233 183 397
3 571 249 796
3 571 538 796
3 571 501 796
3 907 571 796
3 571 377 501
3 674 571 501
3 501 377 674
3 393 798 678
4 520 528 619 849
3 750 280 991
3 619 528 750
3 528 520 929
3 849 393 520
5 90 593 619 750 991
5 475 678 393 520 929
4 750 528 929 280
3 678 393 1058
3 1058 798 393
3 1058 881 393
3 881 390 393
3 393 390 1058
3 614 244 459
3 244 837 459
3 963 834 252
3 931 252 963
3 845 1007 931
3 845 101 931
3 963 845 931
3 845 523 931
3 845 523 963
3 101 931 476
3 182 101 476
3 1002 247 59
3 396 59 1002
3 325 1178 439
3 325 192 439
3 593 470 849
3 470 345 849
3 674 345 377
3 345 481 377
3 377 1107 470
3 345 470 377
3 1107 345 377
3 1107 470 345
4 27 532 586 1103
4 846 309 27 425
4 586 600 915 353
3 629 116 333
3 309 27 532
4 629 526 915 333
3 116 846 309
3 1103 586 353
3 915 353 526
3 629 526 839
3 425 27 1103
3 425 846 839
3 915 333 600
3 600 586 532
5 526 839 425 1103 353
5 116 333 600 532 309
3 14 1155 1052
3 387 14 1052
3 1155 456 5
3 985 14 1155
3 1089 155 893
3 1089 35 86
3 740 86 883
3 883 456 1166
5 5 1155 985 893 155
5 35 1067 1166 883 86
4 456 883 740 5
3 408 240 1155
3 240 29 1155
3 5 456 408
3 1155 5 408
3 1155 985 240
3 240 14 1155
3 744 387 888
3 744 77 888
3 888 387 77
3 287 1123 744
3 287 161 744
3 888 287 744
3 287 188 744
3 409 172 340
3 914 409 340
3 340 172 914
3 409 961 842
3 685 409 842
3 738 409 842
3 409 340 842
3 626 409 961
3 424 409 961
3 961 626 424
3 694 366 774
3 366 1019 774
3 652 16 1011
3 1011 16 643
3 643 1011 652
3 643 16 652
3 961 643 1011
3 643 91 1011
3 1011 961 91
3 643 628 652
3 643 172 652
3 66 814 292
3 292 66 1110
3 1110 814 66
3 321 231 184
3 696 231 184
3 321 184 696
3 644 383 696
3 383 184 696
3 696 644 184
3 663 356 696
4 367 383 696 356
4 254 356 663 559
3 663 559 488
3 356 254 367
3 644 546 1092
4 691 806 1092 546
3 806 488 1092
3 383 367 826
3 559 241 254
3 241 806 691
5 488 1092 644 696 663
5 254 367 826 691 241
3 321 696 356
3 321 696 663
3 356 321 663
3 510 886 716
3 513 510 716
3 229 180 258
3 507 229 258
3 1143 303 899
3 727 303 899
3 1143 727 899
3 598 584 899
3 727 598 899
3 727 584 899
3 701 1073 708
3 360 290 708
3 701 205 1177
4 1177 565 906 205
3 369 205 906
3 565 253 906
3 1073 369 469
3 290 189 662
3 662 565 1177
4 360 469 1073 708
5 906 369 469 423 253
5 662 290 708 701 1177
3 360 708 598
3 899 708 360
3 899 360 598
3 1073 708 98
3 1073 98 701
3 98 708 701
3 860 708 977
3 708 98 977
3 708 360 977
3 708 290 977
3 856 837 55
3 837 651 856
3 651 55 856
3 414 406 335
4 942 367 503 304
3 696 335 383
3 942 304 1008
3 942 367 356
3 414 829 786
3 383 367 503
3 503 304 786
5 878 321 356 942 1008
5 335 383 503 786 414
3 829 625 932
3 829 414 932
3 912 406 335
3 414 335 912
3 1147 545 581
3 545 591 581
3 591 276 1188
3 1188 805 276
3 591 1188 1009
3 591 401 1009
3 825 545 1009
3 825 591 1009
3 591 545 1009
3 825 770 919
3 825 1009 863
4 898 770 919 204
4 770 825 1009 107
3 124 788 401
3 788 432 863
3 950 541 432
3 541 124 801
3 801 204 898
3 919 204 950
5 863 432 950 919 825
4 432 788 124 541
5 107 898 801 124 401
3 97 825 770
3 770 97 919
3 919 825 97
3 502 907 825
3 502 97 825
3 1009 502 825
3 502 863 825
3 620 249 320
3 249 555 320
3 249 796 320
3 930 249 320
3 620 320 877
3 751 620 877
3 477 342 928
3 102 928 477
3 342 102 477
3 542 102 477
3 102 932 477
3 477 209 1094
3 542 477 1094
3 542 209 1094
3 436 349 491
3 589 209 687
3 795 126 687
3 471 349 126
3 693 573 471
5 436 1094 477 928 491
5 471 693 589 687 126
3 127 562 517
3 141 127 517
3 1189 517 141
3 522 141 1189
3 202 1175 1012
3 202 141 1012
3 1164 7 757
3 1181 1164 757
3 757 7 1181
3 319 62 1175
3 1175 314 62
3 1063 57 314
3 314 220 57
3 57 1112 314
3 62 57 314
3 314 226 1063
3 226 173 1063
3 666 80 355
3 1140 666 355
3 355 80 1140
3 1120 355 1140
3 1140 1077 355
3 80 1140 580
3 1149 1140 80
3 580 80 1149
3 973 679 1025
3 679 1046 1025
3 1025 973 1046
3 579 155 893
3 1089 579 893
3 893 11 1089
3 1089 927 11
3 740 310 28
3 883 28 740
3 883 310 740
3 536 268 1167
3 1167 1136 268
3 1015 536 1168
3 536 495 1168
3 975 415 1027
3 1027 975 686
3 686 415 1027
3 1167 534 683
3 1167 415 683
3 683 534 415
3 1167 397 268
3 683 268 1167
3 799 597 449
3 435 270 799
3 1170 368 917
3 917 597 1182
5 622 435 799 449 0
5 146 660 1182 917 368
3 579 270 1136
3 1136 799 270
3 799 449 1180
3 1180 597 449
3 799 686 354
3 1180 354 799
3 1180 686 354
3 354 270 799
3 799 435 354
3 419 42 1152
3 1152 775 419
3 1152 756 419
3 419 230 1152
3 230 1152 682
3 230 1152 447
3 682 230 447
3 42 1152 602
3 42 1152 868
3 602 42 868
3 953 509 69
3 447 69 953
3 294 69 953
3 953 812 69
3 953 21 447
3 953 230 447
3 230 21 447
3 908 36 974
3 1026 908 974
3 1026 36 974
3 908 637 974
3 908 986 974
3 685 661 80
3 685 80 1149
3 1149 661 80
3 157 816 737
3 157 152 737
3 395 246 569
3 332 246 569
3 395 332 569
3 193 128 1079
3 389 128 1079
3 389 193 1079
3 193 128 389
3 193 1079 584
3 727 193 584
3 980 326 1008
3 45 980 326
3 1008 980 45
3 326 45 1008
3 980 272 361
3 361 980 379
3 361 272 379
3 818 581 1147
3 539 818 581
3 581 539 1147
3 1147 818 539
3 356 663 539
3 556 663 559
3 1065 223 539
3 356 254 606
3 1035 221 223
3 221 58 606
3 995 58 1186
3 559 254 1186
4 1186 254 606 58
4 1065 556 663 539
5 223 221 606 356 539
5 556 554 995 1186 559
3 663 539 818
3 539 356 818
3 818 663 356
3 189 135 295
3 295 290 189
3 135 45 980
3 980 427 135
3 361 295 980
3 980 295 135
3 361 135 980
3 1149 427 685
3 427 135 685
3 663 488 556
3 488 559 556
3 585 379 272
3 585 272 730
3 730 379 272
3 730 285 835
3 730 285 585
3 585 285 835
3 835 730 585
3 730 1 718
3 554 1 718
3 730 554 718
3 730 718 804
4 307 718 730 285
3 852 231 1116
3 804 640 1116
4 215 285 835 857
3 857 184 215
3 285 215 307
3 857 835 852
4 556 640 804 718
5 184 215 307 556 321
5 835 730 804 1116 852
3 272 804 718
3 272 804 730
3 718 272 730
3 804 45 640
3 878 804 640
3 640 45 878
3 774 272 694
3 804 774 694
3 694 272 804
3 1147 1065 539
3 539 223 1147
3 316 223 1035
3 316 1188 1035
3 871 106 676
3 978 871 676
3 676 106 978
3 871 676 1147
4 505 871 676 288
3 64 676 288
3 715 505 288
3 871 505 1048
3 6 581 64
3 942 367 818
4 581 818 942 6
3 942 6 304
3 1048 503 367
4 715 505 1048 503
3 503 304 715
5 818 1147 871 1048 367
5 288 715 304 6 64
3 676 223 871
3 223 1147 871
3 500 365 992
3 500 22 992
3 500 342 365
3 342 477 365
3 129 992 281
4 992 256 605 129
3 204 898 705
3 919 204 281
3 605 129 859
5 256 22 770 1142 1096
5 129 281 204 705 859
3 129 992 751
3 281 129 751
3 1029 830 645
3 830 104 645
3 104 1029 645
3 830 234 1042
3 830 626 1042
3 234 830 510
3 510 234 886
3 886 830 234
3 830 211 1042
3 830 645 1042
3 822 10 761
3 761 10 910
3 910 822 761
3 761 716 910
3 775 761 910
3 510 73 761
3 761 510 716
3 510 73 716
3 761 73 716
3 454 936 822
3 761 454 822
3 822 761 936
3 823 773 1130
3 823 773 467
3 823 467 1130
3 1130 773 467
3 622 527 840
3 965 527 840
3 965 622 840
3 965 117 334
3 1106 965 334
3 334 117 1106
3 938 536 793
3 938 495 793
3 793 536 495
3 793 312 938
3 312 248 793
3 312 248 938
3 312 865 534
3 938 865 312
3 534 312 938
3 619 312 528
3 849 520 1041
3 528 520 337
4 520 1041 710 337
4 39 415 1027 710
3 1027 710 1041
3 39 710 337
4 865 548 619 312
3 415 39 534
5 849 1041 1027 975 548
5 312 534 39 337 528
3 619 312 248
3 619 248 528
3 528 312 248
3 1069 198 698
3 1069 208 698
3 208 198 698
3 646 263 1069
3 376 263 480
3 480 385 484
3 833 260 484
3 260 1131 334
4 385 484 833 1043
3 698 494 1069
4 376 698 1069 263
3 646 385 1043
3 1043 833 444
5 484 260 334 376 480
4 1131 444 833 260
5 494 1069 646 1043 444
3 1122 646 263
3 263 74 1122
3 646 74 1122
3 217 1069 263
3 263 217 646
3 217 1069 646
3 1055 12 603
3 482 12 603
3 1055 482 603
3 482 341 1163
3 341 12 1163
3 1163 482 12
3 261 991 750
3 280 261 750
3 619 528 1030
3 750 619 1030
3 750 528 1030
3 344 263 376
3 344 480 376
3 480 344 719
3 344 327 480
3 327 719 480
3 812 692 670
3 1000 670 812
3 670 69 812
3 670 1051 812
3 1051 706 2
3 670 2 1051
3 692 670 775
3 910 692 775
3 1178 700 84
3 382 84 1178
3 214 1096 700
3 214 84 700
3 298 71 993
3 993 726 71
3 1142 726 898
3 726 71 898
3 271 251 89
3 1006 251 89
3 271 89 1006
3 251 239 529
3 529 515 251
3 251 89 529
3 1179 251 529
3 515 251 794
3 147 794 515
3 251 147 515
3 768 394 647
3 394 1018 647
3 647 107 770
3 647 107 768
3 768 107 770
3 768 647 770
3 790 120 964
3 790 120 128
3 128 120 964
3 964 790 128
3 676 288 790
3 399 17 964
4 399 1064 752 17
4 990 288 790 120
3 221 871 505
3 990 120 1184
3 106 1064 399
3 1064 221 752
3 752 17 1184
3 505 288 990
5 106 399 964 790 676
5 221 505 990 1184 752
3 1014 676 978
3 676 64 978
3 790 676 64
3 288 64 790
3 964 399 1099
3 399 17 1099
3 1196 213 399
3 399 1196 1099
3 399 213 1099
3 1024 380 943
3 997 399 17
4 997 399 1196 26
3 940 26 1196
3 1176 81 380
4 1024 380 1176 88
3 1176 88 174
3 1064 399 1196
3 752 17 81
3 752 174 1064
5 380 81 17 997 943
5 88 174 1064 1196 940
3 809 149 1125
3 452 149 1125
3 809 452 1125
3 488 452 149
3 1102 585 1020
3 23 815 149
3 1020 815 1198
3 875 307 285
4 815 1020 1102 23
5 1 718 488 149 23
5 1020 1198 875 285 585
3 488 149 559
3 559 452 149
3 1100 8 1197
3 758 8 1100
3 758 1197 1100
3 614 160 1114
3 1114 743 160
3 944 160 286
3 286 944 743
3 286 160 743
3 743 118 434
3 434 386 118
3 382 179 917
3 382 1178 917
3 382 368 917
3 1170 382 917
3 1182 917 179
3 597 179 1182
3 266 134 836
3 266 134 714
3 836 266 714
3 179 134 966
3 134 1192 966
3 1031 266 134
3 966 266 134
3 1031 134 966
3 67 1135 134
4 1135 134 266 655
5 655 32 381 1126 1056
5 982 67 134 1031 987
3 1135 134 1192
3 134 67 1192
3 1192 1135 67
3 484 327 1060
3 1060 484 610
3 484 327 610
3 327 484 385
3 327 484 480
3 385 327 480
3 1084 178 599
4 8 946 821 1100
3 165 8 946
3 618 613 1197
3 1084 191 322
3 821 599 946
3 855 322 613
3 49 618 165
3 855 49 178
5 322 613 1197 1100 191
5 49 165 946 599 178
3 1084 1050 83
3 599 83 1084
3 338 205 1177
3 1177 701 338
3 642 171 856
3 960 611 633
3 725 197 1132
3 197 817 469
3 469 960 642
4 817 537 725 197
3 817 537 611
4 960 611 817 469
5 642 469 197 1132 856
5 537 699 1094 633 611
3 436 347 642
3 347 171 436
3 171 642 436
3 856 642 651
3 642 171 651
3 843 109 874
3 874 843 110
3 110 109 874
3 843 110 1156
3 168 110 843
3 168 1156 843
3 491 436 347
3 349 347 491
3 349 126 497
3 1109 349 497
3 491 264 497
3 349 264 497
3 497 491 349
3 904 615 649
3 649 16 1127
3 1127 465 206
4 465 1127 16 1011
3 983 465 1011
4 465 983 1049 206
4 954 339 1049 301
3 954 339 615
3 954 56 301
5 983 301 56 652 1011
5 206 1127 649 615 339
3 636 164 649
3 649 264 1194
3 1004 813 1194
4 75 1124 906 1190
3 1124 636 906
3 487 164 491
3 1190 906 1004
3 75 1190 300
3 1124 75 487
5 1194 649 636 906 1004
5 75 487 491 497 300
3 649 636 904
3 636 164 904
3 649 615 47
3 904 47 649
3 264 47 649
3 47 1194 649
3 305 687 589
3 305 209 589
3 1075 795 687
3 687 126 1075
3 861 687 1075
3 687 305 1075
3 451 110 874
3 110 1137 874
3 1016 800 330
3 1137 800 330
3 1016 330 1137
3 894 370 1137
3 894 370 1016
3 1137 894 1016
4 346 603 1055 75
3 884 110 1137
3 1055 75 673
3 703 673 779
3 843 346 75
3 603 346 884
5 12 894 1137 884 603
5 673 779 1156 843 75
3 471 126 851
3 851 349 126
3 693 471 1115
3 1115 573 471
3 471 851 521
3 1115 851 471
3 521 471 1115
3 702 543 711
3 40 711 702
3 543 40 702
3 784 543 1032
3 702 97 543
3 647 391 1032
4 1061 391 647 107
4 543 784 6 702
3 1061 391 133
3 6 784 133
5 97 770 647 1032 543
5 545 1009 1061 133 6
4 391 1032 784 133
3 543 320 930
3 543 521 930
3 784 543 521
3 1032 543 521
3 784 521 1032
3 930 702 543
3 543 97 930
3 470 1041 520
3 470 1041 849
3 520 470 849
3 929 520 337
3 528 337 929
3 520 337 783
3 783 520 881
3 520 337 881
3 881 849 520
3 520 393 881
3 337 96 929
3 337 282 929
3 518 390 132
3 1153 132 518
3 144 132 518
3 132 782 518
3 390 132 935
3 388 132 390
3 390 388 935
3 1107 856 278
3 856 317 1107
3 317 278 1107
3 317 1107 538
3 538 317 657
3 317 1107 657
3 1041 317 710
3 710 337 282
3 1017 571 538
3 302 282 1017
3 501 302 783
5 470 377 501 783 520
4 1107 470 1041 317
5 282 1017 538 317 710
3 694 574 421
3 694 421 1116
3 1116 574 421
3 1116 852 421
3 421 231 1116
3 684 231 1033
3 231 1116 1033
3 694 640 804
3 694 1116 804
3 1127 497 264
3 575 264 1127
3 264 16 1127
3 1127 649 264
3 1127 465 575
3 1127 206 575
3 575 465 206
4 348 643 1011 238
3 1011 238 465
3 16 1127 530
3 643 348 889
3 889 331 1020
4 1066 348 889 331
3 1066 348 238
3 530 374 1020
4 1020 374 1172 331
3 575 374 1172
3 1066 331 1172
5 16 530 1020 889 643
5 1066 238 465 575 1172
3 91 983 465
3 1011 983 91
3 465 91 1011
3 890 566 1083
3 667 566 820
3 291 190 890
4 667 566 890 190
3 424 190 667
3 465 206 820
5 283 291 890 1083 1049
5 424 667 820 465 91
3 79 1083 890
3 566 79 890
3 667 566 1028
3 820 566 1028
3 820 667 1028
3 1150 820 566
3 1181 820 1150
3 1181 566 1150
3 890 177 566
3 566 177 1150
3 1150 890 566
3 412 339 954
3 954 301 1120
3 1140 92 1120
3 1082 80 237
4 405 237 1082 60
3 1082 60 92
5 80 580 1049 1158 237
5 412 60 92 1120 954
3 412 339 615
3 954 412 615
3 301 161 954
3 161 1120 954
3 301 56 951
3 301 954 951
3 161 744 615
3 954 744 161
3 615 161 954
3 967 25 1121
3 1121 1053 967
3 25 1121 153
3 153 583 296
3 1151 583 569
3 873 733 712
3 1105 25 416
3 291 733 416
4 453 569 583 296
3 569 453 873
3 453 291 296
5 569 1151 1023 712 873
5 153 296 291 416 25
3 955 429 958
3 429 25 955
3 25 958 955
3 25 1121 955
3 153 25 955
3 398 122 319
3 122 958 319
3 319 177 122
3 1175 122 319
3 177 122 224
3 224 177 1199
3 177 122 1199
3 609 259 1028
3 483 1028 609
3 483 259 609
3 952 259 955
3 153 955 952
3 259 153 952
3 890 190 557
3 890 291 557
3 291 190 557
3 952 667 190
3 557 122 958
5 224 609 1028 566 177
5 557 958 955 952 190
3 952 190 296
3 190 667 296
3 626 424 667
3 626 190 667
3 371 1189 1145
3 371 227 1145
3 909 371 1145
3 1145 772 371
3 772 371 1198
3 1198 772 815
3 772 371 815
3 1012 371 1189
3 371 141 1189
3 1189 1012 141
3 1125 689 380
4 1125 689 1146 46
3 875 46 1125
4 689 981 1090 380
3 31 1090 380
3 392 245 875
3 613 46 1146
3 1113 31 245
4 392 245 1113 131
3 66 1113 131
3 613 392 131
5 31 245 875 1125 380
5 131 66 981 1146 613
3 689 380 1024
3 1024 689 943
3 689 380 943
3 1125 689 809
3 809 689 380
3 1125 380 809
3 212 1098 1090
3 212 31 1090
3 945 7 238
3 238 7 787
3 238 945 787
3 945 483 1028
3 945 238 1011
3 211 1042 340
3 172 643 348
3 348 238 506
4 945 483 506 238
5 626 961 1011 945 1028
5 211 340 172 348 506
3 820 483 1028
3 945 483 820
3 1028 945 820
3 820 465 945
3 465 206 945
3 465 1011 945
3 465 238 945
3 1169 688 95
3 1169 95 808
3 808 688 95
3 688 95 1023
3 1023 688 1105
3 688 95 1105
3 502 219 907
3 219 1047 907
3 504 220 1047
3 220 1059 1047
3 220 57 1047
3 220 219 1047
3 401 124 324
3 124 788 324
3 562 124 788
3 721 562 788
3 721 124 788
3 863 721 788
3 721 504 788
3 785 432 863
3 785 432 788
3 788 785 863
3 950 432 523
3 432 541 523
3 432 785 523
3 845 432 523
3 432 393 541
3 541 432 798
3 541 393 798
3 989 199 1117
3 60 989 199
3 199 60 1117
3 1117 989 60
3 1161 680 18
3 1161 18 627
3 18 680 627
3 627 561 18
3 140 18 627
3 953 18 294
3 294 953 561
3 294 18 561
3 1052 38 1161
4 478 897 1052 38
3 92 897 478
3 680 447 934
3 21 810 92
3 478 38 934
5 294 1067 1052 1161 18
5 92 478 934 447 21
3 680 18 1026
3 680 568 1026
3 1162 1161 38
3 186 38 1162
3 1052 38 387
3 1161 1052 387
3 387 38 1161
3 888 47 1194
3 897 478 989
3 1071 199 1194
3 1071 478 38
4 478 1071 199 989
5 161 897 989 1117 615
5 1071 38 387 888 1194
3 358 52 1151
3 358 332 1151
3 226 52 173
3 52 745 173
3 1086 358 52
3 52 358 173
3 1086 52 173
3 46 1125 758
3 433 137 1184
3 417 76 433
3 758 595 1141
3 809 595 1184
4 809 595 758 1125
3 1146 46 402
3 402 76 438
5 433 1184 809 689 417
4 438 137 433 76
5 758 1141 438 402 46
3 452 46 1125
3 1125 875 452
3 1125 758 1197
3 1197 1125 46
3 758 46 1197
3 1102 567 1020
3 1020 585 567
3 530 1144 1102
3 530 1 1102
3 1144 1127 16
3 530 16 1144
3 911 590 776
3 776 671 590
3 590 1037 776
3 590 400 776
3 1104 834 905
3 834 635 905
3 837 765 635
3 765 244 837
3 635 244 837
3 635 55 837
3 837 834 635
3 635 481 765
3 481 101 765
3 939 329 792
3 939 724 792
3 724 329 792
3 481 345 765
3 939 345 765
3 939 481 765
3 167 146 939
3 765 167 939
3 792 167 939
3 939 435 167
3 71 996 993
3 654 71 993
3 654 624 753
3 654 396 753
3 654 993 753
3 654 182 753
3 325 313 439
3 325 119 439
3 63 947 286
3 63 947 313
3 286 63 313
3 439 63 313
3 63 563 313
3 434 286 743
3 743 313 286
3 1101 192 1003
3 1003 905 192
3 672 596 1101
3 1003 672 1101
3 308 24 1103
3 1103 24 27
3 27 24 308
3 27 1103 308
3 308 262 1193
3 24 308 262
3 262 24 1193
3 1193 308 24
4 311 887 460 664
3 998 664 311
4 262 308 882 455
4 309 882 457 887
3 308 882 309
3 309 887 311
3 357 257 454
3 357 664 460
5 311 998 1193 308 309
5 454 455 457 460 357
3 578 467 773
3 578 1195 773
3 24 578 150
3 1193 578 24
3 150 24 1193
3 578 24 923
3 923 24 773
3 578 24 773
3 923 578 773
3 269 1021 578
3 1021 578 1195
3 1195 1021 269
3 578 269 1195
4 578 1021 1103 24
4 85 308 24 923
3 114 85 308
4 114 1040 634 85
3 1040 114 241
3 634 85 923
4 269 1173 827 1021
3 1021 827 1103
3 1040 49 634
3 1173 241 827
3 49 1173 269
5 241 114 308 1103 827
5 269 578 923 634 49
3 864 533 489
3 311 864 533
3 533 311 489
3 311 864 489
3 532 27 864
3 1103 586 1021
4 533 864 532 714
5 24 150 489 864 27
5 1021 1195 1056 714 586
3 641 311 664
4 104 547 690 669
3 759 669 104
3 887 460 1081
3 828 362 1081
3 864 311 887
3 664 460 819
3 759 828 819
3 690 547 864
3 690 669 362
4 864 547 641 311
5 664 641 104 759 819
5 362 690 864 887 1081
3 311 664 489
3 998 311 489
3 641 311 755
3 664 311 755
3 664 641 755
3 774 145 866
3 774 211 866
3 211 145 866
3 211 1042 866
3 340 211 866
3 866 379 914
3 379 340 914
3 914 866 340
3 366 156 774
3 866 366 774
3 492 350 889
3 567 442 585
3 421 350 442
4 442 567 889 350
5 145 492 889 914 866
5 272 694 421 442 585
3 889 643 172
3 348 172 889
3 506 238 492
3 506 348 492
3 348 238 492
3 292 265 492
3 492 292 350
3 292 265 350
3 348 889 350
3 348 889 492
3 350 348 492
3 769 41 771
3 769 648 771
3 899 771 41
3 826 771 195
3 598 195 912
3 746 418 437
3 462 437 584
3 1010 41 418
3 885 462 912
3 885 746 715
3 1010 715 826
4 1010 715 746 418
5 41 899 584 437 418
5 195 912 885 715 826
4 437 462 885 746
3 1143 771 41
3 899 41 1143
3 696 195 383
3 383 335 195
3 195 771 383
3 826 195 383
3 769 151 771
3 769 195 771
3 598 335 912
3 335 195 912
3 546 68 582
3 546 644 582
3 1148 691 546
3 546 691 582
3 1148 546 582
3 68 65 507
3 68 582 507
3 582 65 68
3 231 184 1033
3 508 231 1033
3 68 508 507
3 258 68 507
3 73 510 508
3 1033 73 508
3 1033 648 684
3 684 681 648
3 681 679 1046
3 681 258 1046
3 795 687 800
3 1191 795 800
3 800 373 1191
3 450 373 800
3 450 373 1191
3 800 450 1191
3 552 158 1191
3 163 158 552
3 163 1191 552
3 853 169 482
4 330 1183 373 800
3 169 1183 330
4 1183 275 853 169
3 1183 275 373
3 275 853 315
5 330 169 482 1163 1016
5 552 1191 373 275 315
3 271 658 611
3 959 841 994
3 992 129 994
3 605 129 608
3 841 608 611
4 611 658 959 841
5 992 994 959 515 794
5 605 89 271 611 608
3 658 611 817
3 817 658 271
3 611 271 817
3 841 611 960
3 633 960 841
3 633 611 841
3 499 197 725
3 725 499 1132
3 499 197 1132
3 817 469 1073
3 1073 817 197
3 469 197 1073
3 701 197 1073
3 1073 499 197
3 817 197 1006
3 271 197 817
3 271 1006 817
3 304 786 784
3 1032 304 784
3 784 1032 786
3 1018 584 462
3 462 365 1018
3 77 1174 888
3 176 77 888
3 176 47 1194
3 1194 888 176
3 1194 1004 176
3 813 176 1194
3 874 43 1169
3 1169 874 451
3 451 43 1169
3 43 1169 1164
3 757 43 1164
3 1140 897 1120
3 897 92 1120
3 989 897 92
3 478 92 989
3 926 37 976
3 1046 926 976
3 926 148 976
3 926 781 976
3 148 976 516
3 148 976 486
3 486 148 516
3 681 648 1046
3 976 681 1046
3 976 648 1046
3 86 1089 916
3 86 35 916
3 115 86 883
3 740 115 883
3 756 86 916
3 916 115 86
3 1089 1044 11
3 86 11 1089
3 767 458 1166
3 1166 1000 458
3 1166 883 458
3 458 456 1166
3 883 456 458
3 125 1027 710
3 1027 19 415
3 19 1187 142
4 450 1171 918 373
3 142 918 373
3 918 724 1171
3 710 39 802
3 802 450 1171
3 707 450 373
3 415 39 707
5 710 125 724 1171 802
4 707 450 802 39
5 373 142 19 415 707
3 1041 1027 125
3 710 125 1041
3 831 317 1041
3 710 317 831
3 710 1041 831
3 39 710 282
3 337 39 282
3 630 78 428
3 630 420 428
3 420 78 428
3 906 205 1124
3 142 630 169
3 1177 142 205
3 78 1177 565
3 1190 906 565
3 603 428 1055
4 603 428 630 169
3 1055 75 1190
3 169 603 346
3 346 75 1124
5 78 428 1055 1190 565
5 169 142 205 1124 346
3 415 1027 683
3 415 19 683
3 19 1187 630
3 142 19 630
3 1187 956 299
3 299 19 1187
3 630 428 683
3 428 19 630
3 19 683 630
3 637 974 742
3 742 70 974
3 637 70 742
3 70 972 739
3 157 70 739
3 70 742 653
3 653 70 739
3 70 742 739
3 869 70 970
3 384 284 984
3 569 372 984
4 623 395 569 372
3 372 187 623
3 623 395 653
4 742 616 869 70
5 246 616 384 984 569
5 70 653 623 187 970
3 970 869 972
3 869 70 972
3 970 70 972
3 661 602 237
3 741 237 661
3 973 162 486
3 486 162 741
3 486 973 741
3 661 516 741
3 741 516 486
3 661 486 741
3 738 842 741
5 355 80 685 903 900
5 87 516 741 738 736
3 842 162 738
3 162 741 738
3 984 384 1050
3 384 284 1050
3 583 296 952
3 296 153 952
3 952 583 153
3 583 332 569
3 332 1151 569
3 1050 583 984
3 583 153 984
3 367 356 606
3 367 254 606
3 823 210 1079
3 729 1079 823
3 729 210 823
3 979 823 210
4 823 773 923 210
3 308 85 882
3 85 923 210
5 1130 773 24 262 1154
5 210 85 882 872 979
3 210 180 1088
3 1088 474 210
3 1088 823 210
3 979 210 1088
3 437 193 474
3 437 193 525
3 474 437 525
3 288 790 437
3 288 790 746
3 746 437 790
3 437 288 746
3 525 418 746
3 437 418 525
3 437 746 525
3 474 210 923
3 923 773 1091
3 990 288 1091
5 128 120 467 823 1079
4 128 193 437 790
5 288 437 474 923 1091
3 462 193 584
3 584 437 193
3 462 437 193
3 715 505 746
3 715 288 746
3 746 505 288
3 525 114 85
3 474 114 85
3 525 85 474
3 114 85 882
3 308 114 882
3 210 85 474
3 85 923 474
3 223 1035 871
3 223 221 871
3 606 58 1048
3 606 221 1048
3 221 58 1048
3 1048 871 221
3 505 221 1048
3 838 653 873
3 157 739 446
3 1029 838 446
4 867 600 690 448
3 739 181 653
3 669 104 873
3 867 157 448
3 690 448 547
3 600 690 669
3 181 867 600
5 157 448 547 1029 446
5 181 600 669 873 653
3 873 712 838
3 838 733 712
3 838 395 873
3 873 653 395
3 901 446 712
3 737 336 446
3 152 737 668
5 283 34 336 446 712
5 668 1158 868 891 152
3 712 901 838
3 712 446 838
3 446 157 737
3 157 739 737
3 407 336 446
3 737 407 446
3 838 407 446
3 407 1029 446
3 994 727 303
3 500 303 994
3 303 959 841
3 841 303 994
3 994 959 303
3 994 633 841
3 633 542 841
3 500 129 992
3 500 994 992
3 104 669 645
3 759 104 645
3 285 215 1092
4 215 425 531 1092
3 835 131 285
3 292 1110 442
3 857 835 442
4 827 576 1128 531
4 1110 442 835 131
3 131 1110 178
3 827 531 1092
3 425 215 857
3 827 576 178
3 1128 531 425
3 576 292 1128
5 827 178 131 285 1092
5 425 1128 292 442 857
3 576 178 599
3 1084 576 599
3 1081 574 828
3 574 421 828
3 460 116 887
3 116 1081 887
3 828 333 1081
3 1081 362 333
3 215 1092 546
3 215 1092 644
3 546 215 644
3 215 184 644
3 215 857 644
3 307 215 1092
3 307 285 1092
3 882 309 27
3 806 691 1157
3 846 309 887
3 1092 531 806
3 425 27 531
3 425 215 846
5 215 846 887 1148 546
5 531 806 1157 882 27
3 1092 488 307
3 806 307 1092
3 750 235 949
3 280 235 949
3 949 750 280
3 750 235 280
3 949 540 431
3 235 949 431
3 540 235 431
3 422 344 592
3 422 344 848
3 592 422 848
3 848 232 1118
3 422 232 848
3 422 1118 848
3 791 422 443
3 1118 791 443
3 443 422 1118
3 344 422 376
3 1106 344 376
3 791 665 719
3 480 448 867
3 443 353 586
4 353 443 791 665
3 665 353 915
3 592 448 690
3 867 600 915
3 600 586 690
5 480 719 665 915 867
5 443 422 592 690 586
3 610 136 1060
3 610 430 136
3 1060 430 136
3 26 997 430
3 1134 997 26
3 997 430 1134
3 430 26 1134
3 484 833 610
3 484 260 610
3 610 260 833
3 334 260 965
3 260 1131 965
3 154 1134 1131
3 260 154 1131
3 1131 260 1134
3 965 610 260
3 840 260 965
3 732 147 780
3 732 147 925
3 780 732 925
3 732 213 925
3 732 1045 925
3 982 925 213
3 213 925 920
3 982 213 920
3 749 51 794
3 256 794 749
3 256 51 749
3 780 273 850
3 273 51 850
3 850 780 51
3 780 51 1108
3 375 51 780
3 375 1108 780
3 541 90 798
3 541 801 798
3 33 1078 801
3 726 33 801
3 541 124 33
3 541 33 801
3 801 124 33
3 473 204 551
3 204 950 551
3 551 473 950
3 898 801 726
3 726 204 898
3 204 898 551
3 705 204 551
3 950 919 281
3 281 204 950
3 394 1032 647
3 394 391 647
3 1032 391 394
3 732 647 391
3 1045 647 391
3 732 391 1045
3 1061 391 519
5 749 617 107 768 794
5 391 732 780 1108 519
3 128 64 790
3 64 1133 790
3 790 128 1133
3 64 6 1133
3 1133 581 6
3 17 1184 433
3 137 17 433
3 997 399 433
3 997 17 433
3 433 399 17
3 417 76 997
3 433 417 997
3 433 76 997
3 433 136 1138
3 137 136 1138
3 1138 433 137
3 433 136 137
3 1196 26 968
3 968 925 780
3 430 136 850
5 982 1138 433 399 213
4 430 997 433 136
5 26 968 780 850 430
3 1196 978 106
3 968 106 1196
3 940 1005 968
3 940 375 968
3 1196 940 968
3 940 26 968
3 375 968 780
3 925 375 780
3 149 23 1186
3 1186 815 23
3 1186 995 23
3 58 23 1186
3 149 1186 254
3 149 1186 559
3 254 149 559
3 595 120 990
3 595 1184 990
3 758 595 1100
3 1141 758 1100
3 81 809 595
3 1184 809 81
3 595 81 1184
3 634 606 254
4 634 606 1048 103
3 634 103 1197
3 58 1186 81
3 1048 103 1091
3 1091 758 595
5 634 254 149 1125 1197
5 58 1048 1091 595 81
3 634 606 1040
3 634 254 1040
3 1040 606 254
3 328 293 1170
3 917 328 1170
3 791 443 1192
3 443 293 791
3 293 1192 791
3 719 328 293
3 791 328 293
3 719 293 791
3 67 363 293
3 639 327 719
4 484 946 639 327
3 946 484 821
3 946 8 639
5 821 1141 1138 1060 484
5 8 67 293 719 639
3 1192 363 67
3 293 67 1192
3 639 166 659
3 165 659 166
3 166 165 639
3 165 659 639
3 166 639 327
3 719 639 166
3 327 166 719
3 833 484 946
4 410 526 621 623
4 639 343 621 166
3 1043 181 385
3 526 410 181
3 1043 833 962
3 623 410 962
3 639 343 946
3 623 621 343
3 621 166 526
5 385 327 166 526 181
5 343 946 833 962 623
3 821 484 833
3 821 946 833
3 165 8 639
3 946 165 639
3 906 369 1124
3 369 205 1124
3 906 565 1074
3 906 253 1074
3 906 636 1074
3 906 1124 1074
3 347 164 491
3 491 487 347
3 469 960 572
3 642 469 572
3 369 572 487
3 1124 572 369
3 487 369 1124
3 469 369 572
3 469 1073 572
3 572 15 642
3 642 572 651
3 642 15 651
3 957 20 300
3 300 20 1109
3 1109 957 300
3 957 186 843
3 843 186 168
3 957 168 843
3 603 169 853
3 482 169 603
3 482 853 603
3 482 53 853
3 53 902 853
3 918 373 1183
3 1171 369 918
3 884 330 1183
3 15 1171 450
3 487 347 884
5 15 450 800 436 642
5 487 884 1183 918 369
3 630 169 1183
3 169 142 1183
3 1183 630 142
3 1183 918 142
3 373 142 1183
3 918 329 1171
3 1171 724 329
3 1171 205 918
3 918 369 205
3 205 1177 918
3 205 142 918
3 594 326 928
3 573 326 594
3 573 928 594
3 594 361 279
4 594 361 980 326
5 980 295 253 932 1008
5 56 279 594 928 636
3 1001 671 1017
3 671 590 1017
3 671 590 1001
3 1017 538 1001
3 1001 571 538
3 739 410 653
3 410 181 653
3 416 122 958
3 958 557 416
3 416 1105 958
3 416 25 958
3 688 1129 1105
3 688 416 1105
3 291 733 557
3 416 291 557
3 629 333 952
3 333 259 629
3 259 952 629
3 629 609 259
3 839 259 629
3 1081 629 333
3 333 116 1081
3 380 81 809
3 380 1176 809
3 250 88 1176
3 1090 380 1176
5 277 255 1024 689 200
5 493 250 1176 1090 479
3 174 31 1176
3 1176 522 31
3 174 1176 250
3 174 88 250
3 1176 1090 31
3 380 31 1176
3 245 111 1189
3 245 111 522
3 1189 245 522
3 1012 504 704
3 504 721 704
3 757 704 1012
3 704 202 1012
3 1012 757 202
3 682 680 934
3 682 447 934
3 974 680 1026
3 1026 934 680
3 813 1194 1071
3 813 199 1071
3 1071 478 1162
3 1071 38 1162
3 1162 478 38
3 1162 300 1071
3 1162 813 1071
3 813 300 1071
3 1071 688 1129
3 199 1071 688
3 688 199 1129
3 1129 1071 199
3 879 109 20
3 879 43 1129
4 688 1071 1162 95
5 95 1169 874 843 186
5 1129 879 20 300 1071
3 668 152 351
3 152 737 351
3 351 60 405
3 351 60 668
3 405 60 668
3 405 351 668
3 889 331 567
3 1020 889 567
3 567 331 1020
3 331 1020 815
3 1198 1020 331
3 815 331 1198
3 317 831 657
3 553 317 657
3 657 553 831
3 163 553 552
3 1034 163 552
3 1034 553 163
3 553 305 717
3 553 163 717
3 717 657 553
3 555 553 717
3 607 604 713
3 607 261 713
3 607 876 734
3 607 876 713
3 734 607 713
3 607 396 876
3 876 654 396
3 1030 607 750
3 1030 261 750
3 750 607 261
3 175 876 217
3 723 175 560
3 217 1030 844
3 844 235 962
3 560 472 962
5 187 949 750 607 734
4 235 750 1030 844
5 560 175 217 844 962
3 698 175 1069
3 1069 494 175
3 1069 876 175
3 217 175 1069
3 396 1002 876
3 396 175 876
3 723 494 560
3 494 175 560
3 1003 439 192
3 192 138 1003
3 459 138 1139
3 1139 434 138
3 118 1185 434
3 138 118 434
3 1139 1003 138
3 364 138 1139
3 27 309 308
3 882 27 308
3 311 309 864
3 309 887 864
3 309 27 864
3 532 309 864
3 454 357 822
3 454 257 822
3 697 357 755
3 357 822 760
3 645 73 760
5 336 234 510 761 10
4 760 822 761 73
5 1029 645 760 357 755
3 697 664 755
3 664 357 755
3 392 245 111
3 875 245 111
3 392 111 875
3 392 131 835
3 285 835 392
3 285 131 392
3 875 285 392
3 392 307 285
3 402 46 613
3 402 1146 613
3 618 46 1197
3 1197 613 46
3 1110 442 350
3 292 1110 350
3 442 292 350
3 852 835 442
3 857 442 852
3 567 442 835
3 585 567 835
3 585 442 835
3 442 421 852
3 442 350 852
3 1148 819 460
3 582 460 1148
3 819 582 1148
3 460 357 819
3 819 664 357
3 681 229 258
3 229 1062 258
3 601 41 1143
3 1143 1062 41
3 1062 1010 418
3 418 41 1062
3 418 229 1062
3 1062 525 418
3 608 129 859
3 608 605 859
3 877 129 751
3 751 608 129
3 877 608 751
3 326 1008 942
3 326 304 942
3 818 367 356
3 942 356 818
3 818 594 942
3 818 594 326
3 818 326 942
3 942 594 326
3 784 6 942
3 1080 471 594
4 818 594 1080 539
3 318 1080 539
5 711 318 539 581 702
5 471 594 942 784 521
3 304 6 784
3 304 942 784
3 462 394 1018
3 1018 885 462
3 885 394 462
3 885 829 414
3 786 414 885
3 462 414 885
3 414 912 885
3 786 746 715
3 885 715 786
3 885 746 786
3 565 176 1004
3 1004 662 565
3 189 188 290
3 188 662 290
3 188 78 662
3 662 420 78
3 78 1177 662
3 565 78 662
3 1004 906 565
3 1190 565 1004
3 75 1190 957
3 300 75 957
3 330 110 1137
3 1137 884 330
3 330 169 884
3 169 1183 884
3 225 43 1164
3 1164 879 43
3 112 79 879
3 631 112 879
3 879 20 631
3 631 109 20
3 112 43 879
3 112 1129 879
3 237 80 661
3 237 1082 661
3 989 60 1082
3 237 230 1082
3 682 1057 948
3 948 490 989
4 60 351 490 989
3 677 490 351
5 42 602 405 351 677
5 1082 230 682 948 989
3 1082 810 21
3 92 21 1082
3 92 60 989
3 92 1082 989
3 237 21 1082
3 1082 230 21
3 458 115 883
3 115 1036 883
3 692 419 775
3 692 1036 775
3 1036 549 242
3 692 242 1036
3 242 115 1036
3 242 1119 1036
3 461 458 1000
3 1000 656 461
3 656 458 461
3 117 847 310
3 117 847 656
3 310 117 656
3 656 461 1106
3 461 117 656
3 117 1106 656
3 656 312 865
5 217 263 570 248 619
4 312 656 461 248
5 198 698 1106 656 865
3 312 310 865
3 310 656 312
3 865 656 310
3 420 988 428
3 420 4 428
3 603 428 4
3 603 4 1055
3 1055 428 4
3 1167 4 536
3 550 275 1183
3 793 275 853
3 534 938 550
5 4 536 793 853 603
5 550 1183 630 683 534
3 1168 1167 536
3 536 4 1168
3 569 372 583
3 583 569 984
3 583 372 984
3 1010 715 503
3 826 715 503
3 1010 503 826
3 1048 503 606
3 1048 367 606
3 606 503 367
3 503 383 826
3 503 367 826
3 1040 114 1157
3 634 85 103
3 1048 103 505
5 503 606 1040 1157 1010
5 85 525 746 505 103
3 715 304 786
3 715 503 786
3 227 106 1064
3 227 1145 1064
3 399 106 1196
3 1196 1064 106
3 395 569 453
3 362 296 453
3 526 410 915
3 623 395 410
3 372 623 621
3 621 526 629
3 362 333 915
5 583 372 621 629 952
5 453 395 410 915 362
3 873 569 395
3 453 395 873
3 453 296 669
3 453 362 669
3 296 291 190
3 453 190 296
3 453 104 669
3 453 873 669
3 322 83 1084
3 1084 632 83
3 322 191 438
3 322 1084 438
3 438 402 322
3 322 76 438
3 1040 559 254
3 254 241 1040
3 691 241 1157
3 1157 806 241
3 1157 1040 241
3 241 114 1157
3 511 235 431
3 235 844 511
3 235 844 431
3 844 385 1043
3 844 646 1043
3 217 1030 646
3 1030 844 646
3 844 217 646
3 430 1134 754
3 430 84 754
3 850 430 754
3 430 136 754
3 850 749 51
3 754 51 850
3 325 84 1178
3 1178 754 84
3 133 30 519
3 133 1133 519
3 391 389 1045
3 391 133 1045
3 389 133 391
3 519 391 133
3 1061 133 519
3 1133 784 6
3 133 6 1133
3 784 133 1133
3 103 85 923
3 923 634 103
3 618 1197 634
3 618 103 634
3 466 343 639
3 1021 827 531
3 665 269 1021
4 665 269 659 166
3 621 166 665
3 343 108 621
3 827 576 1173
3 659 269 1173
3 108 1128 531
3 1128 466 576
5 1021 531 108 621 665
5 466 639 659 1173 576
3 791 665 166
3 791 166 719
3 719 665 166
3 373 275 550
3 373 1183 550
3 853 793 53
3 275 53 853
3 315 275 1037
3 1037 853 275
3 1037 550 275
3 590 275 1037
3 590 550 1037
3 573 471 594
3 1080 573 594
3 1080 628 279
3 318 279 1080
3 594 361 1080
3 594 279 1080
3 1080 361 279
3 1065 539 1080
5 45 326 818 663 640
5 272 718 1065 1080 361
3 539 318 1065
3 318 1080 1065
3 671 282 1017
3 671 302 1017
3 782 132 783
3 302 132 782
3 302 783 782
3 302 1017 782
3 302 297 782
3 783 501 159
3 302 159 783
3 448 157 816
3 448 867 816
3 385 1043 867
3 385 181 867
3 448 385 867
3 867 480 385
3 526 181 915
3 915 410 181
3 844 235 1043
3 962 844 1043
3 1043 444 962
3 962 833 444
3 962 560 444
3 472 444 962
3 245 31 522
3 245 1113 522
3 7 1181 66
3 7 1181 1113
3 66 7 1113
3 787 245 1113
3 7 787 245
3 245 7 1113
3 1113 787 7
3 1110 131 1113
4 245 787 1066 111
3 1066 111 331
3 1066 348 787
5 111 392 835 567 331
5 350 348 787 1113 1110
3 66 1113 1110
3 131 66 1110
3 504 1047 704
3 504 100 704
3 922 9 933
3 100 9 922
3 100 933 922
3 772 704 100
3 922 704 100
3 772 100 922
3 1164 100 225
3 1066 111 1198
3 787 225 1066
5 7 245 1189 1012 757
5 100 772 1198 1066 225
3 225 1164 933
3 225 100 933
3 682 1057 934
3 948 682 934
3 934 478 948
3 478 38 948
3 331 111 1198
3 1198 1066 331
3 787 348 238
3 1066 238 787
3 1172 276 374
3 374 276 805
3 374 1172 805
3 805 530 374
3 924 374 805
3 1020 374 1102
3 1020 530 1102
3 530 374 1102
3 170 1172 331
3 854 170 933
5 995 1102 374 276 316
5 331 170 933 922 815
3 374 143 1172
3 1172 575 143
3 1172 631 143
3 170 143 1172
3 787 170 1066
3 1066 225 170
3 170 1172 1066
3 331 170 1066
3 854 225 933
3 225 170 933
3 450 163 1191
3 1191 802 450
3 802 163 450
3 710 39 831
3 802 710 831
3 802 39 831
3 831 651 15
3 802 651 15
3 831 15 802
3 450 15 802
3 15 1171 802
3 1001 657 538
3 538 222 1001
3 657 222 1001
3 222 220 1059
3 1059 1034 222
3 315 1037 1034
3 315 222 1034
3 1034 222 1037
3 1059 1001 222
3 675 222 1059
3 887 846 116
3 309 116 887
3 846 116 857
3 852 846 857
3 73 68 508
3 760 68 73
3 73 760 508
3 759 828 760
3 819 759 760
3 357 822 819
3 819 760 822
3 760 357 819
3 759 73 760
3 759 645 760
3 947 426 859
3 947 608 859
3 608 426 859
3 608 426 947
3 817 537 426
5 286 63 725 499 160
5 859 426 817 1006 1076
4 947 426 537 63
3 817 426 611
3 611 537 426
3 611 608 426
3 841 426 611
3 537 44 544
3 426 44 537
3 537 426 544
3 1004 673 1190
3 673 201 1190
3 1190 1055 673
3 673 75 1190
3 4 1168 1055
3 673 4 1055
3 703 201 779
3 779 673 201
3 843 75 957
3 957 346 75
3 884 603 169
3 346 169 884
3 347 346 487
3 346 884 487
3 346 75 487
3 1124 346 487
3 472 187 623
3 472 372 623
3 653 623 410
3 410 395 653
3 472 410 623
3 472 962 623
3 821 466 946
3 946 599 466
3 343 466 372
3 984 343 372
3 466 343 946
3 639 466 946
3 1064 58 752
3 752 221 58
3 58 1186 752
3 81 58 752
3 81 17 1184
3 1184 752 81
3 227 174 1064
3 752 227 1064
3 402 322 613
3 855 402 613
3 131 1110 855
3 178 131 855
3 613 131 855
3 855 392 131
3 1103 827 531
3 1021 531 1103
3 806 531 827
3 806 1092 827
3 103 1091 923
3 773 103 923
3 505 288 1091
3 990 505 1091
3 505 103 1091
3 1091 1048 505
3 990 758 595
3 1091 595 990
3 443 353 836
3 586 353 836
3 586 443 836
3 665 269 353
3 353 269 1021
3 1021 665 353
5 165 166 791 1192 1135
5 836 353 269 267 266
3 1021 586 353
3 1103 353 1021
3 526 915 665
3 526 353 665
3 547 448 592
3 547 690 592
3 532 864 547
3 547 532 690
3 532 864 690
3 478 989 490
3 478 989 948
3 490 478 948
3 351 52 490
5 199 688 1023 668 60
5 52 490 478 1162 1086
3 490 52 745
3 490 351 745
3 490 948 745
3 637 490 745
3 152 677 351
3 490 152 351
3 550 450 373
3 707 450 550
3 707 373 550
3 534 415 707
3 534 39 707
3 671 39 282
3 39 707 671
3 39 707 282
3 550 534 707
3 534 938 707
3 623 343 372
3 343 621 372
3 526 166 665
3 665 621 526
3 629 621 839
3 621 526 839
3 1040 618 634
3 618 49 634
3 659 618 49
3 165 49 659
3 621 343 839
3 621 108 839
3 531 27 1103
3 531 425 1103
3 108 839 425
3 846 108 425
3 846 215 857
3 846 425 857
3 362 669 600
3 690 362 600
3 915 867 181
3 600 181 915
3 915 362 600
3 362 333 600
3 690 586 532
3 600 532 690
3 806 241 827
3 1173 806 827
3 1173 855 178
3 178 49 1173
3 827 178 1173
3 1173 576 178
3 269 49 659
3 49 1173 659
3 531 108 425
3 108 1128 425
3 576 466 599
3 576 1128 599
3 1128 292 265
3 576 265 1128
3 265 108 1128
3 1128 650 265
5 359 123 400 216 970
5 568 972 869 1153 323
5 560 76 997 1134 1131
5 862 911 475 949 431
5 563 537 44 845 963
5 354 1180 870 840 527
5 36 974 742 413 144
5 117 310 975 208 334
5 312 310 740 1111 793
5 528 1030 646 1122 564
5 191 833 610 136 137
5 483 820 1150 1199 650
5 292 66 7 238 492
5 33 541 393 390 388
5 562 782 783 785 788
5 765 837 856 1107 345
5 329 792 1041 831 15
5 2 185 755 311 533
5 532 836 1118 848 547
5 73 68 65 289 716
5 648 1019 1022 1025 1046
5 601 658 817 1073 98
5 303 841 960 360 899
5 162 486 148 151 156
5 458 456 902 564 461
5 235 280 96 762 511
5 193 462 394 391 389
5 786 784 1133 790 746
5 39 831 657 1001 671
5 1148 819 822 936 872
5 551 947 608 751 950
5 163 1034 1037 550 450
17 0 1 2 3 4 5 6 7 8 9 10 11 12 13 14 15 16
4 17 18 19 20
4 21 22 23 24
17 25 26 27 28 29 30 31 32 33 34 35 36 37 38 39 40 41
17 42 43 44 45 46 47 48 49 50 51 52 53 54 55 56 57 58
4 59 60 61 62
17 17 63 64 65 66 67 68 69 70 71 72 73 74 75 76 77 78
4 63 79 80 81
4 64 82 83 84
17 18 65 82 85 86 87 88 89 90 91 92 93 94 95 96 97 98
4 99 100 101 102
4 85 103 104 105
4 106 107 108 109
4 110 111 112 113
4 114 115 116 117
4 118 119 120 121
17 122 123 124 125 126 127 128 129 130 131 132 133 134 135 136 137 138
4 139 140 141 142
4 143 144 145 146
17 147 148 149 150 151 152 153 154 155 156 157 158 159 160 161 162 163
17 164 165 166 167 168 169 170 171 172 173 174 175 176 177 178 179 180
17 181 182 183 184 185 186 187 188 189 190 191 192 193 194 195 196 197
4 181 198 199 200
4 201 202 203 204
4 205 206 207 208
4 209 210 211 212
4 213 214 215 216
17 118 217 218 219 220 221 222 223 224 225 226 227 228 229 230 231 232
4 217 233 234 235
4 218 236 237 238
4 219 239 240 241
4 242 243 244 245
17 213 246 247 248 249 250 251 252 253 254 255 256 257 258 259 260 261
4 262 263 264 265
17 266 267 268 269 270 271 272 273 274 275 276 277 278 279 280 281 282
4 283 284 285 286
4 287 288 289 290
17 139 291 292 293 294 295 296 297 298 299 300 301 302 303 304 305 306
17 307 308 309 310 311 312 313 314 315 316 317 318 319 320 321 322 323
4 324 325 326 327
17 328 329 330 331 332 333 334 335 336 337 338 339 340 341 342 343 344
17 283 345 346 347 348 349 350 351 352 353 354 355 356 357 358 359 360
4 361 362 363 364
4 365 366 367 368
4 369 370 371 372
4 373 374 375 376
4 377 378 379 380
17 377 381 382 383 384 385 386 387 388 389 390 391 392 393 394 395 396
4 381 397 398 399
17 114 143 147 369 373 400 401 402 403 404 405 406 407 408 409 410 411
4 412 413 414 415
4 416 417 418 419
4 420 421 422 423
4 86 424 425 426
4 427 428 429 430
4 87 431 432 433
4 434 435 436 437
17 88 416 431 434 438 439 440 441 442 443 444 445 446 447 448 449 450
4 451 452 453 454
4 455 456 457 458
4 328 459 460 461
4 462 463 464 465
4 329 466 467 468
17 412 469 470 471 472 473 474 475 476 477 478 479 480 481 482 483 484
4 485 486 487 488
4 489 490 491 492
4 493 494 495 496
4 497 498 499 500
4 501 502 503 504
4 505 506 507 508
17 21 25 509 510 511 512 513 514 515 516 517 518 519 520 521 522 523
17 0 524 525 526 527 528 529 530 531 532 533 534 535 536 537 538 539
4 524 540 541 542
4 291 543 544 545
4 400 546 547 548
4 525 549 550 551
4 552 553 554 555
4 556 557 558 559
4 560 561 562 563
4 564 565 566 567
17 324 568 569 570 571 572 573 574 575 576 577 578 579 580 581 582 583
4 568 584 585 586
17 201 587 588 589 590 591 592 593 594 595 596 597 598 599 600 601 602
4 603 604 605 606
4 587 607 608 609
4 610 611 612 613
4 614 615 616 617
4 618 619 620 621
4 246 622 623 624
4 382 625 626 627
4 628 629 630 631
17 526 632 633 634 635 636 637 638 639 640 641 642 643 644 645 646 647
4 26 648 649 650
17 365 651 652 653 654 655 656 657 658 659 660 661 662 663 664 665 666
4 247 667 668 669
4 122 670 671 672
4 673 674 675 676
4 677 678 679 680
4 681 682 683 684
17 27 209 685 686 687 688 689 690 691 692 693 694 695 696 697 698 699
17 700 701 702 703 704 705 706 707 708 709 710 711 712 713 714 715 716
4 700 717 718 719
4 651 720 721 722
4 723 724 725 726
4 727 728 729 730
4 731 732 733 734
4 632 735 736 737
17 614 738 739 740 741 742 743 744 745 746 747 748 749 750 751 752 753
17 123 287 292 670 754 755 756 757 758 759 760 761 762 763 764 765 766
4 754 767 768 769
4 124 755 770 771
17 89 420 424 610 738 772 773 774 775 776 777 778 779 780 781 782 783
4 739 772 784 785
4 786 787 788 789
17 90 103 307 786 790 791 792 793 794 795 796 797 798 799 800 801 802
4 91 790 803 804
4 805 806 807 808
4 809 810 811 812
17 59 66 79 805 809 813 814 815 816 817 818 819 820 821 822 823 824
17 787 791 825 826 827 828 829 830 831 832 833 834 835 836 837 838 839
4 813 840 841 842
4 843 844 845 846
4 756 847 848 849
4 850 851 852 853
17 825 850 854 855 856 857 858 859 860 861 862 863 864 865 866 867 868
4 854 869 870 871
17 489 872 873 874 875 876 877 878 879 880 881 882 883 884 885 886 887
4 872 888 889 890
4 873 891 892 893
4 894 895 896 897
4 701 898 899 900
4 901 902 903 904
4 905 906 907 908
17 462 901 909 910 911 912 913 914 915 916 917 918 919 920 921 922 923
4 909 924 925 926
4 927 928 929 930
4 931 932 933 934
17 427 438 564 935 936 937 938 939 940 941 942 943 944 945 946 947 948
4 949 950 951 952
17 615 740 953 954 955 956 957 958 959 960 961 962 963 964 965 966 967
4 953 968 969 970
4 954 971 972 973
4 92 974 975 976
17 977 978 979 980 981 982 983 984 985 986 987 988 989 990 991 992 993
4 977 994 995 996
17 60 810 814 826 997 998 999 1000 1001 1002 1003 1004 1005 1006 1007 1008 1009
4 997 1010 1011 1012
17 463 910 1013 1014 1015 1016 1017 1018 1019 1020 1021 1022 1023 1024 1025 1026 1027
4 1028 1029 1030 1031
4 1013 1032 1033 1034
17 998 1010 1035 1036 1037 1038 1039 1040 1041 1042 1043 1044 1045 1046 1047 1048 1049
4 999 1035 1050 1051
4 1036 1052 1053 1054
4 164 1055 1056 1057
4 1058 1059 1060 1061
4 308 1062 1063 1064
17 309 325 569 806 815 1062 1065 1066 1067 1068 1069 1070 1071 1072 1073 1074 1075
4 1065 1076 1077 1078
17 1014 1028 1032 1066 1079 1080 1081 1082 1083 1084 1085 1086 1087 1088 1089 1090 1091
4 1092 1093 1094 1095
4 1079 1096 1097 1098
4 1067 1080 1099 1100
4 827 1000 1101 1102
4 1081 1103 1104 1105
4 828 1106 1107 1108
4 1109 1110 1111 1112
17 330 1092 1113 1114 1115 1116 1117 1118 1119 1120 1121 1122 1123 1124 1125 1126 1127
4 182 1128 1129 1130
4 1131 1132 1133 1134
4 345 1135 1136 1137
4 165 1138 1139 1140
4 166 1141 1142 1143
4 1015 1144 1145 1146
4 509 1147 1148 1149
4 702 1150 1151 1152
17 978 1153 1154 1155 1156 1157 1158 1159 1160 1161 1162 1163 1164 1165 1166 1167 1168
4 911 1169 1170 1171
4 401 1172 1173 1174
4 402 1175 1176 1177
4 1178 1179 1180 1181
4 633 1182 1183 1184
4 874 1185 1186 1187
4 1188 1189 1190 1191
4 469 1192 1193 1194
4 42 1195 1196 1197
4 331 1198 1199 1200
4 332 1201 1202 1203
4 1204 1205 1206 1207
17 1208 1209 1210 1211 1212 1213 1214 1215 1216 1217 1218 1219 1220 1221 1222 1223 1224
17 652 1225 1226 1227 1228 1229 1230 1231 1232 1233 1234 1235 1236 1237 1238 1239 1240
4 1241 1242 1243 1244
4 333 1113 1245 1246
4 1082 1247 1248 1249
17 439 1250 1251 1252 1253 1254 1255 1256 1257 1258 1259 1260 1261 1262 1263 1264 1265
17 421 470 485 773 1001 1192 1266 1267 1268 1269 1270 1271 1272 1273 1274 1275 1276
4 440 935 1277 1278
4 471 1266 1279 1280
4 1281 1282 1283 1284
4 1285 1286 1287 1288
4 1289 1290 1291 1292
4 1293 1294 1295 1296
17 829 1083 1096 1103 1106 1188 1281 1289 1297 1298 1299 1300 1301 1302 1303 1304 1305
17 510 1306 1307 1308 1309 1310 1311 1312 1313 1314 1315 1316 1317 1318 1319 1320 1321
4 1306 1322 1323 1324
4 1325 1326 1327 1328
4 703 1329 1330 1331
4 1307 1332 1333 1334
4 148 1335 1336 1337
4 1338 1339 1340 1341
17 501 527 1342 1343 1344 1345 1346 1347 1348 1349 1350 1351 1352 1353 1354 1355 1356
4 1357 1358 1359 1360
17 167 497 1138 1308 1325 1361 1362 1363 1364 1365 1366 1367 1368 1369 1370 1371 1372
17 149 505 1373 1374 1375 1376 1377 1378 1379 1380 1381 1382 1383 1384 1385 1386 1387
4 1361 1388 1389 1390
4 1373 1391 1392 1393
4 1309 1362 1394 1395
17 634 1396 1397 1398 1399 1400 1401 1402 1403 1404 1405 1406 1407 1408 1409 1410 1411
4 528 1412 1413 1414
4 635 1396 1415 1416
4 1397 1417 1418 1419
4 1342 1420 1421 1422
4 168 1363 1423 1424
17 183 556 1128 1425 1426 1427 1428 1429 1430 1431 1432 1433 1434 1435 1436 1437 1438
4 184 1425 1439 1440
4 169 1441 1442 1443
4 1444 1445 1446 1447
17 855 1444 1448 1449 1450 1451 1452 1453 1454 1455 1456 1457 1458 1459 1460 1461 1462
4 1 1463 1464 1465
17 220 529 540 1466 1467 1468 1469 1470 1471 1472 1473 1474 1475 1476 1477 1478 1479
4 530 1466 1480 1481
4 472 1482 1483 1484
4 875 1485 1486 1487
4 1488 1489 1490 1491
17 451 876 1485 1488 1492 1493 1494 1495 1496 1497 1498 1499 1500 1501 1502 1503 1504
4 1505 1506 1507 1508
17 473 877 1505 1509 1510 1511 1512 1513 1514 1515 1516 1517 1518 1519 1520 1521 1522
4 1523 1524 1525 1526
4 878 1509 1527 1528
17 1529 1530 1531 1532 1533 1534 1535 1536 1537 1538 1539 1540 1541 1542 1543 1544 1545
4 1546 1547 1548 1549
4 1529 1550 1551 1552
4 570 1553 1554 1555
17 571 1109 1131 1556 1557 1558 1559 1560 1561 1562 1563 1564 1565 1566 1567 1568 1569
4 185 1570 1571 1572
17 170 202 588 1441 1573 1574 1575 1576 1577 1578 1579 1580 1581 1582 1583 1584 1585
17 628 1398 1417 1586 1587 1588 1589 1590 1591 1592 1593 1594 1595 1596 1597 1598 1599
4 1586 1600 1601 1602
4 741 1603 1604 1605
4 792 1606 1607 1608
17 43 67 955 971 1609 1610 1611 1612 1613 1614 1615 1616 1617 1618 1619 1620 1621
4 956 1609 1622 1623
17 793 957 1606 1624 1625 1626 1627 1628 1629 1630 1631 1632 1633 1634 1635 1636 1637
4 958 1624 1638 1639
4 1225 1640 1641 1642
4 1208 1643 1644 1645
4 1646 1647 1648 1649
17 1646 1650 1651 1652 1653 1654 1655 1656 1657 1658 1659 1660 1661 1662 1663 1664 1665
4 1650 1666 1667 1668
4 1651 1669 1670 1671
4 1672 1673 1674 1675
17 221 233 236 248 378 383 511 622 1676 1677 1678 1679 1680 1681 1682 1683 1684
4 249 1676 1685 1686
4 685 1687 1688 1689
4 384 1677 1690 1691
4 1692 1693 1694 1695
4 1696 1697 1698 1699
17 205 1506 1510 1523 1700 1701 1702 1703 1704 1705 1706 1707 1708 1709 1710 1711 1712
4 1700 1713 1714 1715
4 1399 1716 1717 1718
4 1719 1720 1721 1722
17 210 222 686 979 994 1719 1723 1724 1725 1726 1727 1728 1729 1730 1731 1732 1733
4 1723 1734 1735 1736
4 250 1737 1738 1739
17 1740 1741 1742 1743 1744 1745 1746 1747 1748 1749 1750 1751 1752 1753 1754 1755 1756
4 636 1400 1757 1758
4 1759 1760 1761 1762
17 2 560 1763 1764 1765 1766 1767 1768 1769 1770 1771 1772 1773 1774 1775 1776 1777
4 1763 1778 1779 1780
17 242 687 1764 1778 1781 1782 1783 1784 1785 1786 1787 1788 1789 1790 1791 1792 1793
4 1781 1794 1795 1796
4 1797 1798 1799 1800
4 1765 1801 1802 1803
4 1804 1805 1806 1807
4 1766 1782 1808 1809
17 1810 1811 1812 1813 1814 1815 1816 1817 1818 1819 1820 1821 1822 1823 1824 1825 1826
4 1827 1828 1829 1830
17 1467 1783 1794 1827 1831 1832 1833 1834 1835 1836 1837 1838 1839 1840 1841 1842 1843
17 262 677 1844 1845 1846 1847 1848 1849 1850 1851 1852 1853 1854 1855 1856 1857 1858
17 266 366 653 1859 1860 1861 1862 1863 1864 1865 1866 1867 1868 1869 1870 1871 1872
4 267 1859 1873 1874
17 1767 1801 1875 1876 1877 1878 1879 1880 1881 1882 1883 1884 1885 1886 1887 1888 1889
4 1875 1890 1891 1892
4 688 1893 1894 1895
4 512 1678 1896 1897
4 513 1310 1898 1899
4 704 1900 1901 1902
17 385 689 705 723 1893 1900 1903 1904 1905 1906 1907 1908 1909 1910 1911 1912 1913
4 1903 1914 1915 1916
4 706 1904 1917 1918
4 386 1905 1919 1920
4 1153 1921 1922 1923
4 387 1906 1924 1925
4 1926 1927 1928 1929
17 731 1930 1931 1932 1933 1934 1935 1936 1937 1938 1939 1940 1941 1942 1943 1944 1945
4 1946 1947 1948 1949
17 268 1652 1669 1672 1876 1950 1951 1952 1953 1954 1955 1956 1957 1958 1959 1960 1961
4 742 774 1962 1963
4 1964 1965 1966 1967
17 413 417 435 441 474 959 1964 1968 1969 1970 1971 1972 1973 1974 1975 1976 1977
4 960 1968 1978 1979
17 572 743 830 1603 1980 1981 1982 1983 1984 1985 1986 1987 1988 1989 1990 1991 1992
4 573 1980 1993 1994
4 1907 1995 1996 1997
4 293 1998 1999 2000
4 2001 2002 2003 2004
17 757 775 847 856 2001 2005 2006 2007 2008 2009 2010 2011 2012 2013 2014 2015 2016
4 2017 2018 2019 2020
4 3 2021 2022 2023
4 2024 2025 2026 2027
17 603 758 1981 2017 2024 2028 2029 2030 2031 2032 2033 2034 2035 2036 2037 2038 2039
4 2040 2041 2042 2043
17 4 574 584 589 607 843 2002 2005 2021 2040 2044 2045 2046 2047 2048 2049 2050
4 2051 2052 2053 2054
4 294 2055 2056 2057
4 310 2058 2059 2060
4 2028 2061 2062 2063
4 831 1297 2064 2065
17 611 776 879 888 1189 1298 1530 1546 2066 2067 2068 2069 2070 2071 2072 2073 2074
4 1299 2066 2075 2076
4 2077 2078 2079 2080
4 1267 2081 2082 2083
4 1300 2084 2085 2086
4 1301 2087 2088 2089
17 1625 2090 2091 2092 2093 2094 2095 2096 2097 2098 2099 2100 2101 2102 2103 2104 2105
4 2090 2106 2107 2108
4 68 2109 2110 2111
4 1653 2112 2113 2114
4 2115 2116 2117 2118
17 334 466 927 1198 1204 2119 2120 2121 2122 2123 2124 2125 2126 2127 2128 2129 2130
4 2119 2131 2132 2133
4 2134 2135 2136 2137
17 44 2120 2134 2138 2139 2140 2141 2142 2143 2144 2145 2146 2147 2148 2149 2150 2151
4 45 2138 2152 2153
17 361 931 961 968 2154 2155 2156 2157 2158 2159 2160 2161 2162 2163 2164 2165 2166
4 2154 2167 2168 2169
4 2155 2170 2171 2172
4 2173 2174 2175 2176
17 949 2115 2156 2167 2173 2177 2178 2179 2180 2181 2182 2183 2184 2185 2186 2187 2188
4 1002 1268 2189 2190
4 1037 2191 2192 2193
4 69 2194 2195 2196
4 1154 2197 2198 2199
4 2200 2201 2202 2203
4 962 1969 2204 2205
4 46 2206 2207 2208
4 47 2209 2210 2211
4 1844 2212 2213 2214
17 1845 2212 2215 2216 2217 2218 2219 2220 2221 2222 2223 2224 2225 2226 2227 2228 2229
4 269 1950 2230 2231
4 1846 2215 2232 2233
4 654 2234 2235 2236
4 270 2237 2238 2239
4 2240 2241 2242 2243
17 618 1155 2197 2240 2244 2245 2246 2247 2248 2249 2250 2251 2252 2253 2254 2255 2256
4 2091 2257 2258 2259
4 1626 2260 2261 2262
4 2263 2264 2265 2266
4 2216 2267 2268 2269
4 2270 2271 2272 2273
4 980 2274 2275 2276
17 981 1804 2274 2277 2278 2279 2280 2281 2282 2283 2284 2285 2286 2287 2288 2289 2290
17 1860 2244 2291 2292 2293 2294 2295 2296 2297 2298 2299 2300 2301 2302 2303 2304 2305
4 982 1156 2306 2307
4 1157 2245 2308 2309
4 93 2310 2311 2312
4 442 2313 2314 2315
4 832 1003 2316 2317
4 94 777 2318 2319
4 778 1269 2320 2321
4 2322 2323 2324 2325
4 2326 2327 2328 2329
4 816 1068 2330 2331
4 817 2332 2333 2334
4 1069 2335 2336 2337
17 851 857 880 891 1070 1076 1093 1114 1185 1285 2335 2338 2339 2340 2341 2342 2343
4 575 1071 2344 2345
4 2346 2347 2348 2349
4 2338 2350 2351 2352
4 1115 2339 2353 2354
4 1116 2355 2356 2357
4 335 2358 2359 2360
4 2361 2362 2363 2364
17 171 336 459 727 1058 1141 2361 2365 2366 2367 2368 2369 2370 2371 2372 2373 2374
4 1930 2375 2376 2377
4 707 2378 2379 2380
4 1311 1364 2381 2382
4 2383 2384 2385 2386
4 1312 2387 2388 2389
4 2390 2391 2392 2393
4 2394 2395 2396 2397
17 388 2398 2399 2400 2401 2402 2403 2404 2405 2406 2407 2408 2409 2410 2411 2412 2413
4 881 1511 2414 2415
4 882 2067 2416 2417
4 475 2418 2419 2420
17 1250 2421 2422 2423 2424 2425 2426 2427 2428 2429 2430 2431 2432 2433 2434 2435 2436
17 106 284 346 455 732 1931 2394 2437 2438 2439 2440 2441 2442 2443 2444 2445 2446
4 2447 2448 2449 2450
4 48 1610 2451 2452
4 2139 2453 2454 2455
4 2456 2457 2458 2459
4 2460 2461 2462 2463
4 1951 2464 2465 2466
4 1831 2467 2468 2469
4 2470 2471 2472 2473
17 912 1169 1611 1647 1654 2474 2475 2476 2477 2478 2479 2480 2481 2482 2483 2484 2485
4 1612 2474 2486 2487
17 905 1205 2121 2447 2488 2489 2490 2491 2492 2493 2494 2495 2496 2497 2498 2499 2500
4 2501 2502 2503 2504
17 49 2209 2501 2505 2506 2507 2508 2509 2510 2511 2512 2513 2514 2515 2516 2517 2518
4 2519 2520 2521 2522
4 2523 2524 2525 2526
17 1965 1970 2006 2527 2528 2529 2530 2531 2532 2533 2534 2535 2536 2537 2538 2539 2540
4 2007 2527 2541 2542
4 1971 2543 2544 2545
4 2437 2546 2547 2548
4 2438 2549 2550 2551
4 2552 2553 2554 2555
4 1492 2556 2557 2558
4 1556 2559 2560 2561
4 186 2562 2563 2564
4 1557 2565 2566 2567
4 1016 1084 2568 2569
4 1017 2570 2571 2572
4 337 2573 2574 2575
17 99 338 486 1085 1247 1251 1270 2573 2576 2577 2578 2579 2580 2581 2582 2583 2584
4 1086 2576 2585 2586
4 1558 2587 2588 2589
4 1559 2590 2591 2592
17 1110 1117 1560 2322 2346 2587 2593 2594 2595 2596 2597 2598 2599 2600 2601 2602 2603
17 1059 1426 1561 2365 2565 2590 2604 2605 2606 2607 2608 2609 2610 2611 2612 2613 2614
17 936 1271 2077 2081 2615 2616 2617 2618 2619 2620 2621 2622 2623 2624 2625 2626 2627
4 1252 2628 2629 2630
4 2615 2631 2632 2633
17 100 1209 2177 2577 2634 2635 2636 2637 2638 2639 2640 2641 2642 2643 2644 2645 2646
4 476 1512 2647 2648
4 2616 2649 2650 2651
4 1562 2652 2653 2654
4 576 1563 2655 2656
4 858 2340 2657 2658
4 859 2659 2660 2661
17 1018 1118 1144 1365 1427 2662 2663 2664 2665 2666 2667 2668 2669 2670 2671 2672 2673
17 70 708 1326 1329 1366 2092 2106 2109 2257 2674 2675 2676 2677 2678 2679 2680 2681
4 1367 2674 2682 2683
4 2662 2684 2685 2686
4 2675 2687 2688 2689
4 590 2690 2691 2692
4 1573 2693 2694 2695
4 1343 2696 2697 2698
4 2029 2699 2700 2701
4 2702 2703 2704 2705
4 2706 2707 2708 2709
4 2710 2711 2712 2713
17 5 1587 2025 2030 2699 2710 2714 2715 2716 2717 2718 2719 2720 2721 2722 2723 2724
4 1344 2725 2726 2727
17 110 818 840 1313 1322 1627 2260 2728 2729 2730 2731 2732 2733 2734 2735 2736 2737
4 2728 2738 2739 2740
4 1374 2741 2742 2743
4 2744 2745 2746 2747
4 637 2748 2749 2750
4 150 2751 2752 2753
4 151 403 2754 2755
4 638 2756 2757 2758
4 172 2759 2760 2761
4 2762 2763 2764 2765
4 2766 2767 2768 2769
17 295 311 502 1338 1345 2055 2696 2766 2770 2771 2772 2773 2774 2775 2776 2777 2778
17 819 2323 2332 2593 2706 2779 2780 2781 2782 2783 2784 2785 2786 2787 2788 2789 2790
4 312 2770 2791 2792
4 313 2793 2794 2795
4 2771 2796 2797 2798
4 6 2714 2799 2800
4 1588 2715 2801 2802
4 1589 2803 2804 2805
17 591 1448 1468 1590 1600 2803 2806 2807 2808 2809 2810 2811 2812 2813 2814 2815 2816
4 531 1346 2817 2818
4 2819 2820 2821 2822
17 1347 1420 2018 2031 2823 2824 2825 2826 2827 2828 2829 2830 2831 2832 2833 2834 2835
17 28 140 263 271 296 648 673 1847 2819 2836 2837 2838 2839 2840 2841 2842 2843
4 404 2844 2845 2846
4 2847 2848 2849 2850
4 532 639 2851 2852
17 119 144 223 239 405 1768 2823 2844 2847 2853 2854 2855 2856 2857 2858 2859 2860
4 640 2861 2862 2863
4 2864 2865 2866 2867
4 1769 1877 2868 2869
4 1469 1832 2870 2871
4 1470 2872 2873 2874
4 7 2044 2875 2876
4 592 2806 2877 2878
4 2879 2880 2881 2882
4 2883 2884 2885 2886
17 187 577 1449 1553 2879 2883 2887 2888 2889 2890 2891 2892 2893 2894 2895 2896 2897
4 1450 2887 2898 2899
4 1531 2900 2901 2902
4 1451 2903 2904 2905
4 2807 2906 2907 2908
4 1471 2808 2909 2910
4 8 1770 2911 2912
4 1771 2913 2914 2915
4 1772 2853 2916 2917
4 2918 2919 2920 2921
4 1513 2922 2923 2924
4 477 1972 2925 2926
17 565 937 1514 1848 2505 2918 2922 2927 2928 2929 2930 2931 2932 2933 2934 2935 2936
4 1515 2927 2937 2938
17 1472 1516 1878 2872 2939 2940 2941 2942 2943 2944 2945 2946 2947 2948 2949 2950 2951
4 1517 2939 2952 2953
4 1701 2954 2955 2956
4 1518 1702 2957 2958
4 1532 2959 2960 2961
4 1533 2068 2962 2963
4 860 1452 2964 2965
4 1453 2966 2967 2968
4 578 1564 2969 2970
4 2971 2972 2973 2974
4 744 1982 2975 2976
4 745 963 2977 2978
4 2979 2980 2981 2982
4 2983 2984 2985 2986
17 2263 2502 2506 2519 2979 2987 2988 2989 2990 2991 2992 2993 2994 2995 2996 2997 2998
17 1628 2470 2983 2999 3000 3001 3002 3003 3004 3005 3006 3007 3008 3009 3010 3011 3012
4 3013 3014 3015 3016
4 1226 3017 3018 3019
4 125 3020 3021 3022
4 1810 3023 3024 3025
4 126 3026 3027 3028
17 127 655 1849 2234 3026 3029 3030 3031 3032 3033 3034 3035 3036 3037 3038 3039 3040
4 1850 3029 3041 3042
17 128 2507 3020 3043 3044 3045 3046 3047 3048 3049 3050 3051 3052 3053 3054 3055 3056
4 3043 3057 3058 3059
4 129 3044 3060 3061
4 3030 3062 3063 3064
4 3065 3066 3067 3068
4 1679 3069 3070 3071
4 2528 3072 3073 3074
4 1210 2634 3075 3076
4 3077 3078 3079 3080
4 2246 3081 3082 3083
4 2247 2291 3084 3085
4 3086 3087 3088 3089
4 3090 3091 3092 3093
17 1655 1666 3013 3065 3094 3095 3096 3097 3098 3099 3100 3101 3102 3103 3104 3105 3106
4 2475 3107 3108 3109
4 3094 3110 3111 3112
4 3113 3114 3115 3116
17 1696 1740 1759 3117 3118 3119 3120 3121 3122 3123 3124 3125 3126 3127 3128 3129 3130
4 3117 3131 3132 3133
4 1591 3134 3135 3136
4 1401 1592 3137 3138
4 3139 3140 3141 3142
4 251 3143 3144 3145
4 1741 3146 3147 3148
4 1402 3149 3150 3151
17 374 389 397 406 625 1175 1403 1716 1742 3146 3149 3152 3153 3154 3155 3156 3157
4 1743 3158 3159 3160
4 3161 3162 3163 3164
4 1211 3165 3166 3167
4 224 1473 3168 3169
4 225 1474 3170 3171
17 226 3172 3173 3174 3175 3176 3177 3178 3179 3180 3181 3182 3183 3184 3185 3186 3187
4 2277 3188 3189 3190
4 3191 3192 3193 3194
4 272 1861 3195 3196
17 29 1879 1890 2278 3191 3197 3198 3199 3200 3201 3202 3203 3204 3205 3206 3207 3208
4 273 3209 3210 3211
4 2279 3197 3212 3213
17 130 274 1805 1908 1995 2237 2280 3209 3214 3215 3216 3217 3218 3219 3220 3221 3222
4 3031 3223 3224 3225
17 619 1673 1811 1952 2248 3032 3062 3223 3226 3227 3228 3229 3230 3231 3232 3233 3234
4 1812 3226 3235 3236
4 656 1862 3237 3238
4 30 690 3239 3240
4 1158 3241 3242 3243
4 1159 3244 3245 3246
4 913 3247 3248 3249
4 1160 3250 3251 3252
4 914 3253 3254 3255
4 1161 3256 3257 3258
4 3259 3260 3261 3262
17 657 720 1926 2270 2281 3188 3259 3263 3264 3265 3266 3267 3268 3269 3270 3271 3272
4 2093 3273 3274 3275
4 3276 3277 3278 3279
4 3280 3281 3282 3283
4 2398 3284 3285 3286
17 252 691 1687 2271 3263 3280 3287 3288 3289 3290 3291 3292 3293 3294 3295 3296 3297
17 390 1927 1932 2094 3260 3264 3273 3298 3299 3300 3301 3302 3303 3304 3305 3306 3307
4 391 2399 3308 3309
4 347 3310 3311 3312
4 3313 3314 3315 3316
4 1933 3317 3318 3319
17 348 709 728 1135 2366 2378 2383 3310 3313 3320 3321 3322 3323 3324 3325 3326 3327
17 1934 1946 3139 3317 3328 3329 3330 3331 3332 3333 3334 3335 3336 3337 3338 3339 3340
4 349 2439 3341 3342
4 3172 3343 3344 3345
4 1404 3346 3347 3348
4 3349 3350 3351 3352
4 1405 3353 3354 3355
4 3356 3357 3358 3359
17 253 1406 1737 3143 3346 3356 3360 3361 3362 3363 3364 3365 3366 3367 3368 3369 3370
17 1744 2421 3077 3161 3371 3372 3373 3374 3375 3376 3377 3378 3379 3380 3381 3382 3383
4 3384 3385 3386 3387
4 3388 3389 3390 3391
17 3392 3393 3394 3395 3396 3397 3398 3399 3400 3401 3402 3403 3404 3405 3406 3407 3408
4 314 1072 3409 3410
4 833 1983 3411 3412
4 794 834 3413 3414
4 131 3214 3415 3416
4 31 2836 3417 3418
4 132 3419 3420 3421
17 297 543 641 1357 2744 2848 2854 2861 3422 3423 3424 3425 3426 3427 3428 3429 3430
4 2855 3422 3431 3432
4 152 3433 3434 3435
4 2008 2529 3436 3437
4 759 2032 3438 3439
4 298 760 3440 3441
4 2824 3442 3443 3444
4 2033 2825 3445 3446
4 9 533 3447 3448
4 579 2045 3449 3450
4 299 2772 3451 3452
4 300 761 3453 3454
4 3455 3456 3457 3458
17 3371 3459 3460 3461 3462 3463 3464 3465 3466 3467 3468 3469 3470 3471 3472 3473 3474
4 71 2676 3475 3476
17 1029 1038 1052 1087 2326 2594 2677 2687 3477 3478 3479 3480 3481 3482 3483 3484 3485
4 72 820 3486 3487
4 2678 3477 3488 3489
4 1039 3478 3490 3491
4 73 3492 3493 3494
4 74 1613 3495 3496
4 1629 2999 3497 3498
4 2476 3499 3500 3501
4 915 2477 3502 3503
4 2122 2140 3504 3505
4 2123 3506 3507 3508
4 2178 2635 3509 3510
4 3511 3512 3513 3514
4 2478 3515 3516 3517
4 1656 2479 3518 3519
4 3360 3520 3521 3522
4 2179 3523 3524 3525
4 1253 3526 3527 3528
17 1254 2628 3392 3526 3529 3530 3531 3532 3533 3534 3535 3536 3537 3538 3539 3540 3541
4 3529 3542 3543 3544
4 339 2578 3545 3546
4 1272 2617 3547 3548
4 938 3549 3550 3551
4 2508 3552 3553 3554
17 50 2200 2206 2530 3000 3555 3556 3557 3558 3559 3560 3561 3562 3563 3564 3565 3566
4 2157 3567 3568 3569
4 3555 3570 3571 3572
4 964 2158 3573 3574
4 51 3556 3575 3576
4 2531 3577 3578 3579
17 52 950 1195 2180 2217 3530 3542 3580 3581 3582 3583 3584 3585 3586 3587 3588 3589
4 53 2509 3590 3591
4 54 3580 3592 3593
4 1880 1953 3594 3595
4 275 1954 3596 3597
4 1881 3198 3598 3599
4 276 3600 3601 3602
17 681 1797 2826 3199 3603 3604 3605 3606 3607 3608 3609 3610 3611 3612 3613 3614 3615
4 3603 3616 3617 3618
4 277 2837 3619 3620
4 3200 3604 3621 3622
4 133 3033 3623 3624
4 278 2838 3625 3626
4 1851 2839 3627 3628
4 2218 3629 3630 3631
4 2510 2987 3632 3633
4 3045 3634 3635 3636
17 1227 1640 1813 2219 3014 3046 3057 3095 3629 3634 3637 3638 3639 3640 3641 3642 3643
4 692 1784 3644 3645
4 227 1724 3646 3647
4 693 1725 3648 3649
4 2292 3650 3651 3652
4 694 3287 3653 3654
4 695 1909 3655 3656
4 2282 3265 3657 3658
4 3266 3288 3659 3660
4 1040 3661 3662 3663
4 75 1614 3664 3665
4 1615 3666 3667 3668
4 1004 3669 3670 3671
4 2595 3479 3672 3673
4 1073 1088 3674 3675
4 1428 3676 3677 3678
4 821 2779 3679 3680
4 822 2729 3681 3682
4 2780 3683 3684 3685
4 2781 3686 3687 3688
4 315 795 3689 3690
17 188 198 316 593 604 2034 2058 2061 2347 2596 2690 3691 3692 3693 3694 3695 3696
4 2597 2782 3697 3698
4 2598 3691 3699 3700
4 2783 3701 3702 3703
4 317 3692 3704 3705
4 340 2367 3706 3707
4 1019 2663 3708 3709
4 2368 3710 3711 3712
4 1020 3713 3714 3715
4 2369 3320 3716 3717
4 1368 2664 3718 3719
4 2665 3720 3721 3722
4 710 3723 3724 3725
4 392 3298 3726 3727
4 916 3728 3729 3730
4 1935 2440 3731 3732
4 2400 3733 3734 3735
4 3736 3737 3738 3739
4 939 2928 3740 3741
4 3742 3743 3744 3745
4 2141 3746 3747 3748
4 3749 3750 3751 3752
17 1833 1955 2460 2464 3531 3753 3754 3755 3756 3757 3758 3759 3760 3761 3762 3763 3764
4 3753 3765 3766 3767
4 55 1616 3768 3769
4 56 2142 3770 3771
4 2480 3772 3773 3774
4 1617 2481 3775 3776
4 3532 3754 3777 3778
4 1657 3779 3780 3781
4 3782 3783 3784 3785
4 1658 3786 3787 3788
17 2181 2422 2456 3388 3523 3782 3789 3790 3791 3792 3793 3794 3795 3796 3797 3798 3799
4 3789 3800 3801 3802
4 2143 3803 3804 3805
4 2144 3806 3807 3808
4 1956 3755 3809 3810
4 1882 1957 3811 3812
4 1834 3813 3814 3815
17 1883 3581 3749 3816 3817 3818 3819 3820 3821 3822 3823 3824 3825 3826 3827 3828 3829
4 1884 3816 3830 3831
4 1852 2929 3832 3833
4 2511 3047 3834 3835
17 10 678 682 1445 1454 1463 1853 2523 2903 3605 3836 3837 3838 3839 3840 3841 3842
4 1854 3836 3843 3844
4 2488 3845 3846 3847
4 2124 2489 3848 3849
4 2636 3850 3851 3852
4 1212 2637 3853 3854
4 2604 3855 3856 3857
4 341 1119 3858 3859
4 3860 3861 3862 3863
4 1120 3864 3865 3866
4 3867 3868 3869 3870
4 2716 3871 3872 3873
4 1574 3874 3875 3876
4 2784 3877 3878 3879
4 1375 3880 3881 3882
4 2785 3883 3884 3885
17 1358 2702 2786 3423 3683 3883 3886 3887 3888 3889 3890 3891 3892 3893 3894 3895 3896
4 3886 3897 3898 3899
4 1348 3900 3901 3902
17 350 2717 2762 3113 3903 3904 3905 3906 3907 3908 3909 3910 3911 3912 3913 3914 3915
4 351 3916 3917 3918
4 3903 3919 3920 3921
4 2730 3922 3923 3924
4 1314 3925 3926 3927
4 642 3424 3928 3929
4 3425 3930 3931 3932
4 352 3904 3933 3934
4 1575 3935 3936 3937
4 1429 2666 3938 3939
4 173 2370 3940 3941
4 1430 2605 3942 3943
4 2371 2606 3944 3945
4 594 2046 3946 3947
4 1455 2809 3948 3949
4 2827 2856 3950 3951
4 11 1773 3952 3953
4 478 3954 3955 3956
4 479 1519 3957 3958
4 1534 2069 3959 3960
4 1535 3961 3962 3963
4 1855 2930 3964 3965
4 3966 3967 3968 3969
4 3970 3971 3972 3973
17 1703 1835 3813 3817 3970 3974 3975 3976 3977 3978 3979 3980 3981 3982 3983 3984 3985
4 1885 2940 3986 3987
4 3818 3974 3988 3989
4 1704 3975 3990 3991
4 2941 3992 3993 3994
17 629 1593 3134 3173 3976 3995 3996 3997 3998 3999 4000 4001 4002 4003 4004 4005 4006
4 3174 4007 4008 4009
17 1659 3175 3343 3384 3389 3393 3783 3786 3790 4010 4011 4012 4013 4014 4015 4016 4017
4 3394 4010 4018 4019
4 1493 4020 4021 4022
4 779 2009 4023 4024
4 2070 4025 4026 4027
4 780 2071 4028 4029
4 580 2888 4030 4031
4 595 3693 4032 4033
4 189 3694 4034 4035
4 190 4036 4037 4038
4 191 2889 4039 4040
4 1565 4041 4042 4043
17 493 861 869 1524 1536 1566 1705 2652 2659 2900 2954 2959 4041 4044 4045 4046 4047
4 4044 4048 4049 4050
4 1576 4051 4052 4053
4 3905 4054 4055 4056
17 1494 2971 3118 3361 3395 4020 4057 4058 4059 4060 4061 4062 4063 4064 4065 4066 4067
4 1745 3119 4068 4069
4 2532 3557 4070 4071
17 288 762 767 1228 2520 2988 3017 4072 4073 4074 4075 4076 4077 4078 4079 4080 4081
4 2989 4082 4083 4084
4 1229 4072 4085 4086
4 1814 4087 4088 4089
4 3267 4090 4091 4092
4 1815 3637 4093 4094
4 1816 3227 4095 4096
4 3096 4097 4098 4099
17 3001 3086 3090 3097 3110 3511 4100 4101 4102 4103 4104 4105 4106 4107 4108 4109 4110
17 2095 2241 2249 2990 3098 4097 4111 4112 4113 4114 4115 4116 4117 4118 4119 4120 4121
4 3099 4111 4122 4123
4 3002 4100 4124 4125
4 2250 4112 4126 4127
4 1230 3638 4128 4129
4 1817 3639 4130 4131
4 658 3034 4132 4133
4 659 3268 4134 4135
4 660 4136 4137 4138
4 3269 4139 4140 4141
17 711 717 898 1818 2731 3270 3922 4090 4139 4142 4143 4144 4145 4146 4147 4148 4149
4 3100 3640 4150 4151
4 2220 3641 4152 4153
4 3035 4154 4155 4156
4 3036 4157 4158 4159
17 279 1798 2864 3600 3606 3616 3966 4160 4161 4162 4163 4164 4165 4166 4167 4168 4169
4 1856 3037 4170 4171
4 4160 4172 4173 4174
4 280 4161 4175 4176
4 3887 4177 4178 4179
4 3426 3888 4180 4181
4 153 4182 4183 4184
4 301 3427 4185 4186
4 154 1376 4187 4188
4 155 407 4189 4190
4 514 1680 4191 4192
4 1681 4193 4194 4195
4 1231 4196 4197 4198
4 134 4199 4200 4201
17 32 135 156 3419 3455 3889 4177 4182 4199 4202 4203 4204 4205 4206 4207 4208 4209
4 2638 4210 4211 4212
4 2423 3791 4213 4214
4 2182 2639 4215 4216
4 2183 3792 4217 4218
4 2251 3228 4219 4220
4 3101 4101 4221 4222
4 4102 4223 4224 4225
17 3229 3512 4103 4223 4226 4227 4228 4229 4230 4231 4232 4233 4234 4235 4236 4237 4238
4 4104 4239 4240 4241
17 906 917 924 2293 2490 3087 3253 4105 4239 4242 4243 4244 4245 4246 4247 4248 4249
4 2294 4242 4250 4251
4 4243 4252 4253 4254
4 2295 4255 4256 4257
4 983 4258 4259 4260
17 1041 1162 1618 2390 3091 3241 3256 3666 4106 4261 4262 4263 4264 4265 4266 4267 4268
4 4107 4261 4269 4270
4 1619 4262 4271 4272
4 3003 4108 4273 4274
4 3004 4275 4276 4277
4 254 3289 4278 4279
17 1163 2491 3152 3244 3281 3290 4280 4281 4282 4283 4284 4285 4286 4287 4288 4289 4290
4 255 4291 4292 4293
4 3153 4280 4294 4295
4 256 3291 4296 4297
4 984 1726 4298 4299
4 257 4300 4301 4302
4 1213 4303 4304 4305
4 1746 4306 4307 4308
4 4244 4309 4310 4311
17 258 985 1214 1747 3158 4245 4252 4258 4291 4300 4303 4306 4309 4312 4313 4314 4315
4 1215 4312 4316 4317
4 2492 4246 4318 4319
4 228 3176 4320 4321
4 1785 1836 4322 4323
4 3177 4324 4325 4326
4 1786 4327 4328 4329
17 1727 1734 3349 3396 4330 4331 4332 4333 4334 4335 4336 4337 4338 4339 4340 4341 4342
4 3995 4343 4344 4345
4 4330 4346 4347 4348
4 229 1728 4349 4350
4 2296 4351 4352 4353
17 1216 1643 2125 2482 3165 3499 3506 3515 4226 4354 4355 4356 4357 4358 4359 4360 4361
4 4354 4362 4363 4364
4 2297 4247 4365 4366
4 4227 4355 4367 4368
4 986 4369 4370 4371
4 3292 4372 4373 4374
4 33 3201 4375 4376
4 34 696 4377 4378
4 2283 3215 4379 4380
4 3202 3607 4381 4382
4 1787 4383 4384 4385
4 35 3203 4386 4387
4 3608 4388 4389 4390
4 2828 3609 4391 4392
4 302 2840 4393 4394
4 303 4395 4396 4397
4 4398 4399 4400 4401
4 3299 4402 4403 4404
4 712 2679 4405 4406
4 3321 4407 4408 4409
17 1042 2191 2667 2684 3300 3322 3720 4402 4407 4410 4411 4412 4413 4414 4415 4416 4417
4 713 3323 4418 4419
4 2096 3301 4420 4421
4 4410 4422 4423 4424
17 76 2194 2252 3005 3081 3492 4275 4398 4411 4422 4425 4426 4427 4428 4429 4430 4431
4 393 2401 4432 4433
4 394 3302 4434 4435
4 3293 4436 4437 4438
17 1407 1692 1706 3353 4331 4346 4439 4440 4441 4442 4443 4444 4445 4446 4447 4448 4449
4 3397 4332 4450 4451
4 4439 4452 4453 4454
4 1660 4011 4455 4456
4 1661 1958 4457 4458
4 3230 4228 4459 4460
4 157 1377 4461 4462
4 515 1315 4463 4464
4 1984 2035 4465 4466
4 1985 4467 4468 4469
4 763 2010 4470 4471
4 764 2036 4472 4473
4 1986 4474 4475 4476
4 2773 4477 4478 4479
4 1987 2037 4480 4481
4 318 2774 4482 4483
4 12 534 4484 4485
4 13 2718 4486 4487
4 1349 2829 4488 4489
4 862 1456 4490 4491
4 1457 4492 4493 4494
4 2011 2047 4495 4496
4 863 2012 4497 4498
4 581 1988 4499 4500
4 835 864 4501 4502
4 4503 4504 4505 4506
4 4507 4508 4509 4510
17 894 1286 1293 2341 2350 2607 4507 4511 4512 4513 4514 4515 4516 4517 4518 4519 4520
4 883 1495 4521 4522
4 884 4523 4524 4525
4 4526 4527 4528 4529
4 4530 4531 4532 4533
17 3398 4503 4526 4530 4534 4535 4536 4537 4538 4539 4540 4541 4542 4543 4544 4545 4546
4 4547 4548 4549 4550
17 490 885 1132 1241 1567 2559 3459 4504 4523 4531 4534 4547 4551 4552 4553 4554 4555
17 1217 2424 2552 4511 4556 4557 4558 4559 4560 4561 4562 4563 4564 4565 4566 4567 4568
4 2608 4512 4569 4570
4 4556 4571 4572 4573
4 2640 4574 4575 4576
4 2126 4356 4577 4578
4 2145 4579 4580 4581
4 2127 2146 4582 4583
17 1662 2112 2147 2641 3078 3372 3779 3806 4210 4574 4579 4584 4585 4586 4587 4588 4589
4 4229 4357 4590 4591
4 4358 4592 4593 4594
4 3373 4595 4596 4597
4 4584 4598 4599 4600
4 443 1255 4601 4602
17 1256 2159 2512 3552 4603 4604 4605 4606 4607 4608 4609 4610 4611 4612 4613 4614 4615
4 2160 4603 4616 4617
4 2184 3582 4618 4619
4 1257 4604 4620 4621
4 2161 2185 4622 4623
4 2162 4605 4624 4625
4 1258 2425 4626 4627
4 2618 4628 4629 4630
4 2619 4631 4632 4633
4 1259 2426 4634 4635
4 1260 2579 4636 4637
4 2580 2642 4638 4639
4 1261 2581 4640 4641
4 1273 2582 4642 4643
4 661 1232 4644 4645
4 4646 4647 4648 4649
4 662 4650 4651 4652
17 663 724 1316 1910 1914 3925 4136 4646 4650 4653 4654 4655 4656 4657 4658 4659 4660
17 480 1482 1537 1550 2524 3048 3837 3954 3961 4661 4662 4663 4664 4665 4666 4667 4668
4 4661 4669 4670 4671
4 4073 4672 4673 4674
4 4074 4675 4676 4677
4 4075 4678 4679 4680
4 1973 2533 4681 4682
4 1974 4683 4684 4685
4 2221 4686 4687 4688
4 2513 2931 4689 4690
4 1630 2097 4691 4692
4 3006 4425 4693 4694
4 2098 4113 4695 4696
4 1863 4697 4698 4699
4 987 2284 4700 4701
4 1043 4263 4702 4703
4 4412 4426 4704 4705
4 1005 1274 4706 4707
4 95 444 4708 4709
4 1006 4710 4711 4712
4 445 4713 4714 4715
4 1089 3480 4716 4717
4 2599 3481 4718 4719
4 1121 2668 4720 4721
4 1122 2600 4722 4723
4 1369 2669 4724 4725
4 3482 4726 4727 4728
17 319 746 2793 3890 4729 4730 4731 4732 4733 4734 4735 4736 4737 4738 4739 4740 4741
4 3891 4729 4742 4743
4 4202 4744 4745 4746
4 3892 4203 4747 4748
4 747 4749 4750 4751
17 748 3558 4114 4142 4749 4752 4753 4754 4755 4756 4757 4758 4759 4760 4761 4762 4763
4 320 4730 4764 4765
4 749 4731 4766 4767
4 321 796 4768 4769
4 797 4770 4771 4772
4 1936 4773 4774 4775
4 1937 3328 4776 4777
4 2402 4778 4779 4780
17 643 735 1178 1182 2403 3120 3733 4778 4781 4782 4783 4784 4785 4786 4787 4788 4789
4 4781 4790 4791 4792
4 918 1021 4793 4794
4 1022 4795 4796 4797
4 1044 4798 4799 4800
17 96 362 919 974 1045 2135 2148 2163 2170 2310 2453 3661 3728 4798 4801 4802 4803
4 920 4801 4804 4805
4 3121 4782 4806 4807
4 4281 4808 4809 4810
4 3154 4282 4811 4812
4 1748 3155 4813 4814
4 3533 3756 4815 4816
4 940 4817 4818 4819
17 481 1290 1294 1302 2087 2418 3867 4508 4513 4527 4535 4820 4821 4822 4823 4824 4825
4 941 2620 4826 4827
4 482 4820 4828 4829
4 942 4830 4831 4832
4 4833 4834 4835 4836
4 4606 4837 4838 4839
17 943 1489 1496 3736 3868 3971 3977 4817 4821 4830 4833 4840 4841 4842 4843 4844 4845
4 4607 4846 4847 4848
4 3819 4849 4850 4851
4 2621 4852 4853 4854
4 4536 4822 4855 4856
4 4823 4840 4857 4858
4 1837 3757 4859 4860
4 3758 4861 4862 4863
4 3820 3978 4864 4865
17 2404 2493 2553 3329 4557 4866 4867 4868 4869 4870 4871 4872 4873 4874 4875 4876 4877
4 2494 4283 4878 4879
4 2405 4866 4880 4881
17 342 902 921 1164 1201 1921 2358 2395 2406 2441 3247 3250 4882 4883 4884 4885 4886
4 2407 4882 4887 4888
4 2408 4867 4889 4890
4 2442 4883 4891 4892
4 2495 4868 4893 4894
4 2514 2932 4895 4896
4 4662 4897 4898 4899
4 2515 3049 4900 4901
4 3050 4663 4902 4903
4 1218 4558 4904 4905
17 3362 3793 4906 4907 4908 4909 4910 4911 4912 4913 4914 4915 4916 4917 4918 4919 4920
4 3363 4057 4921 4922
4 2427 3374 4923 4924
4 2428 4559 4925 4926
4 1219 4560 4927 4928
4 3534 4929 4930 4931
4 2429 3794 4932 4933
4 3795 4906 4934 4935
17 895 2622 2649 3460 3535 4514 4628 4907 4929 4936 4937 4938 4939 4940 4941 4942 4943
4 3399 3536 4944 4945
4 4946 4947 4948 4949
4 3330 4950 4951 4952
4 353 4953 4954 4955
4 174 4956 4957 4958
4 1577 4959 4960 4961
4 175 1578 4962 4963
17 354 1579 3461 3935 4869 4953 4959 4964 4965 4966 4967 4968 4969 4970 4971 4972 4973
4 596 4974 4975 4976
4 4977 4978 4979 4980
4 3906 4981 4982 4983
4 2719 3907 4984 4985
4 597 4986 4987 4988
4 598 1580 4989 4990
4 1538 4991 4992 4993
4 1520 2942 4994 4995
4 1539 4996 4997 4998
4 1540 4999 5000 5001
4 1541 5002 5003 5004
4 2810 5005 5006 5007
4 2830 2857 5008 5009
4 1774 2858 5010 5011
4 3610 5012 5013 5014
4 2831 5015 5016 5017
4 2832 3611 5018 5019
4 14 3838 5020 5021
4 3612 3839 5022 5023
4 4162 5024 5025 5026
4 2933 5027 5028 5029
17 561 1542 1775 2811 2906 2913 2919 2934 3967 4163 4991 4999 5005 5027 5030 5031 5032
4 2943 5033 5034 5035
4 1886 3821 5036 5037
4 1707 4440 5038 5039
4 3996 5040 5041 5042
4 4441 5043 5044 5045
4 5046 5047 5048 5049
17 1543 2884 2890 2944 3992 3997 4977 4996 5002 5040 5046 5050 5051 5052 5053 5054 5055
4 1475 2945 5056 5057
4 1476 2812 5058 5059
4 3998 5050 5060 5061
4 2946 5051 5062 5063
4 3178 4012 5064 5065
4 1838 3759 5066 5067
4 3760 5068 5069 5070
4 1708 3979 5071 5072
4 1709 4442 5073 5074
4 4443 5075 5076 5077
17 1497 3179 3761 4007 4444 4452 4861 5068 5075 5078 5079 5080 5081 5082 5083 5084 5085
4 5078 5086 5087 5088
4 192 2891 5089 5090
4 193 5091 5092 5093
4 1581 5094 5095 5096
17 206 1582 1710 1713 2880 2892 2972 4051 4058 5094 5097 5098 5099 5100 5101 5102 5103
4 2893 5097 5104 5105
4 5106 5107 5108 5109
4 5098 5110 5111 5112
17 3331 3908 4054 5099 5110 5113 5114 5115 5116 5117 5118 5119 5120 5121 5122 5123 5124
4 5100 5113 5125 5126
4 4059 5101 5127 5128
4 3559 4752 5129 5130
4 3007 3560 5131 5132
4 2991 4115 5133 5134
4 2992 4116 5135 5136
4 2993 4076 5137 5138
4 2994 5139 5140 5141
4 2534 3561 5142 5143
4 2535 5144 5145 5146
4 1819 5147 5148 5149
4 2099 5150 5151 5152
4 4653 5153 5154 5155
4 1317 2732 5156 5157
17 1820 2536 2995 3023 4082 4647 4654 4732 5139 5144 5158 5159 5160 5161 5162 5163 5164
4 4753 5165 5166 5167
4 4733 5158 5168 5169
4 750 4734 5170 5171
4 2537 5159 5172 5173
4 751 4754 5174 5175
4 2222 5176 5177 5178
17 2223 2264 2267 2471 2483 2980 2984 2996 3008 3107 3742 3772 5176 5179 5180 5181 5182
4 516 5183 5184 5185
4 36 4204 5186 5187
4 3332 4870 5188 5189
4 988 4313 5190 5191
4 3294 4284 5192 5193
4 989 1165 5194 5195
4 1166 4285 5196 5197
4 1220 5198 5199 5200
4 1749 3375 5201 5202
4 3376 3462 5203 5204
4 3180 3999 5205 5206
17 115 214 259 408 535 546 549 667 1412 3350 4000 4333 4343 5207 5208 5209 5210
4 230 3181 5211 5212
4 4001 5207 5213 5214
4 4334 5208 5215 5216
4 3182 5217 5218 5219
4 697 1788 5220 5221
4 2285 5222 5223 5224
4 3324 4413 5225 5226
4 1938 3303 5227 5228
4 2253 4427 5229 5230
4 4428 5231 5232 5233
4 2100 5234 5235 5236
4 5237 5238 5239 5240
17 990 1821 1864 2101 3276 4087 4369 4697 5147 5150 5234 5237 5241 5242 5243 5244 5245
4 2409 4884 5246 5247
4 5248 5249 5250 5251
4 4230 5252 5253 5254
4 4013 5255 5256 5257
4 1233 5258 5259 5260
4 3216 5261 5262 5263
4 664 1234 5264 5265
4 136 3217 5266 5267
4 536 644 5268 5269
4 1594 5270 5271 5272
4 537 1350 5273 5274
4 1351 5275 5276 5277
17 1352 1595 1760 3122 3140 3333 4946 5270 5275 5278 5279 5280 5281 5282 5283 5284 5285
4 2720 3909 5286 5287
4 1353 5278 5288 5289
4 1596 2721 5290 5291
4 1597 5279 5292 5293
4 865 2013 5294 5295
4 781 2014 5296 5297
4 836 866 5298 5299
4 837 1989 5300 5301
4 4515 4936 5302 5303
4 4516 4561 5304 5305
4 3463 4551 5306 5307
4 2609 4517 5308 5309
17 456 2443 2448 2496 2549 2610 2643 3845 3850 3855 3860 5310 5311 5312 5313 5314 5315
4 2611 5310 5316 5317
4 4335 5318 5319 5320
4 4908 5321 5322 5323
4 3400 4014 5324 5325
4 4336 4445 5326 5327
4 3401 4060 5328 5329
4 4909 5330 5331 5332
4 3796 4910 5333 5334
4 4585 5335 5336 5337
4 3377 4586 5338 5339
4 2430 5340 5341 5342
4 4518 4562 5343 5344
4 446 1262 5345 5346
4 447 944 5347 5348
4 1263 4608 5349 5350
4 945 2623 5351 5352
4 3840 4664 5353 5354
4 3051 5355 5356 5357
4 2224 3583 5358 5359
4 3584 3822 5360 5361
4 5362 5363 5364 5365
17 2865 3038 3066 3102 3750 3823 4154 4157 4164 4172 5362 5366 5367 5368 5369 5370 5371
4 3824 5366 5372 5373
4 2225 5374 5375 5376
4 2226 3585 5377 5378
4 2516 4609 5379 5380
4 4610 5381 5382 5383
4 1631 3009 5384 5385
4 3010 3562 5386 5387
4 965 1632 5388 5389
4 3563 4755 5390 5391
4 4117 4756 5392 5393
4 2102 4118 5394 5395
4 1822 4143 5396 5397
4 4655 5160 5398 5399
4 1865 2298 5400 5401
4 2254 2299 5402 5403
4 1866 5241 5404 5405
4 991 5242 5406 5407
4 1046 4264 5408 5409
17 1023 1939 2362 2372 2391 3710 3713 4265 5248 5410 5411 5412 5413 5414 5415 5416 5417
4 1047 4414 5418 5419
4 4266 5410 5420 5421
4 1024 5411 5422 5423
4 1431 2670 5424 5425
4 1123 2671 5426 5427
4 1432 2612 5428 5429
4 1124 2601 5430 5431
4 1433 5432 5433 5434
4 1434 5435 5436 5437
4 176 5438 5439 5440
17 177 552 1354 2703 2725 2759 2763 3893 3897 3900 3910 3919 5438 5441 5442 5443 5444
4 5441 5445 5446 5447
4 798 1633 5448 5449
4 4757 5450 5451 5452
17 799 1378 2787 3686 3877 4656 4758 4770 5153 5165 5450 5453 5454 5455 5456 5457 5458
4 800 5453 5459 5460
4 4783 5461 5462 5463
4 4611 5464 5465 5466
4 3825 5467 5468 5469
4 3537 3586 5470 5471
17 2624 2631 3826 4537 4612 4837 4849 4852 5079 5086 5464 5467 5472 5473 5474 5475 5476
4 3587 3827 5477 5478
4 1477 1839 5479 5480
4 3980 4002 5481 5482
17 1221 3464 4286 4784 4808 5114 5198 5461 5483 5484 5485 5486 5487 5488 5489 5490 5491
4 4287 5483 5492 5493
4 1222 5484 5494 5495
4 2497 4288 5496 5497
4 2498 4871 5498 5499
4 1408 3364 5500 5501
4 3123 4061 5502 5503
4 1409 4446 5504 5505
4 3402 3538 5506 5507
4 3539 4937 5508 5509
4 4538 5472 5510 5511
4 355 5512 5513 5514
4 356 3911 5515 5516
4 5280 5517 5518 5519
4 599 2813 5520 5521
4 2894 5052 5522 5523
4 1458 2814 5524 5525
4 1459 2895 5526 5527
4 1887 2947 5528 5529
4 2948 5530 5531 5532
4 4165 5030 5533 5534
4 4166 5535 5536 5537
4 4539 5473 5538 5539
4 1498 5080 5540 5541
17 1750 4540 4911 5106 5115 5542 5543 5544 5545 5546 5547 5548 5549 5550 5551 5552 5553
4 4964 5554 5555 5556
4 4657 5454 5557 5558
4 1379 5455 5559 5560
4 1318 4658 5561 5562
4 1380 5563 5564 5565
4 3103 5367 5566 5567
4 1663 3104 5568 5569
4 5179 5570 5571 5572
17 2149 2457 2461 3743 3746 3762 3765 3797 3800 3803 5180 5363 5368 5570 5573 5574 5575
4 5369 5573 5576 5577
4 158 4205 5578 5579
4 159 5580 5581 5582
4 37 517 5583 5584
4 38 4206 5585 5586
4 3334 4872 5587 5588
4 3335 5116 5589 5590
4 357 4965 5591 5592
4 5117 5485 5593 5594
4 3336 5281 5595 5596
4 3912 5118 5597 5598
4 3124 5282 5599 5600
4 1729 4337 5601 5602
4 1730 5603 5604 5605
4 5606 5607 5608 5609
17 4231 4338 4587 4598 4912 5252 5318 5321 5330 5335 5606 5610 5611 5612 5613 5614 5615
4 4339 5610 5616 5617
4 2286 3204 5618 5619
4 3205 5620 5621 5622
4 1789 5623 5624 5625
17 1790 2287 2300 3183 3650 4324 4327 5217 5222 5607 5611 5623 5626 5627 5628 5629 5630
4 2288 5626 5631 5632
4 1940 5412 5633 5634
4 3304 4415 5635 5636
4 5612 5627 5637 5638
4 4232 5613 5639 5640
4 1867 5641 5642 5643
4 1959 3231 5644 5645
4 4233 5646 5647 5648
17 1828 1840 1868 2467 3192 3206 3385 4015 4234 5255 5620 5641 5646 5649 5650 5651 5652
4 3232 4235 5653 5654
4 1869 2301 5655 5656
4 2302 5628 5657 5658
4 4236 5649 5659 5660
4 1870 5650 5661 5662
4 1235 5663 5664 5665
4 4735 5666 5667 5668
4 1236 5669 5670 5671
4 4736 5161 5672 5673
4 3218 5674 5675 5676
4 1911 3219 5677 5678
4 518 5679 5680 5681
4 39 519 5682 5683
4 3465 4938 5684 5685
4 2431 3378 5686 5687
4 2432 5688 5689 5690
4 2433 4563 5691 5692
4 5311 5693 5694 5695
4 2644 5312 5696 5697
4 5698 5699 5700 5701
17 1460 1547 1975 2051 2072 2543 2966 4025 4077 4492 4675 4683 5698 5702 5703 5704 5705
4 4078 5702 5706 5707
4 3052 4665 5708 5709
4 3053 5710 5711 5712
4 1634 2103 5713 5714
4 4144 4759 5715 5716
4 1635 2733 5717 5718
4 2734 4145 5719 5720
4 1823 4146 5721 5722
4 4147 4760 5723 5724
4 1824 5162 5725 5726
4 4119 4761 5727 5728
4 3125 4785 5729 5730
4 4786 5486 5731 5732
4 3337 5119 5733 5734
4 3126 4062 5735 5736
4 1751 3127 5737 5738
4 5120 5542 5739 5740
4 1841 3981 5741 5742
4 3184 5081 5743 5744
4 3982 4003 5745 5746
4 3185 4004 5747 5748
4 3365 4063 5749 5750
4 3366 4913 5751 5752
4 3403 4340 5753 5754
4 4541 5543 5755 5756
4 4914 4939 5757 5758
4 1499 4841 5759 5760
4 3983 4842 5761 5762
4 5082 5474 5763 5764
4 1500 5083 5765 5766
4 4966 5767 5768 5769
4 5544 5770 5771 5772
17 194 452 494 1501 2556 4036 4045 4048 4967 5091 5107 5545 5554 5767 5770 5773 5774
4 3466 4552 5775 5776
4 3467 4968 5777 5778
4 4873 4969 5779 5780
4 4564 5781 5782 5783
4 5413 5784 5785 5786
17 2410 3277 3284 3295 4372 4399 4429 4436 5231 5238 5243 5249 5414 5784 5787 5788 5789
4 2411 5787 5790 5791
4 1941 3305 5792 5793
4 1942 5415 5794 5795
4 4737 5796 5797 5798
4 3894 4738 5799 5800
4 1381 5801 5802 5803
4 1382 5456 5804 5805
4 5121 5487 5806 5807
4 5122 5546 5808 5809
4 3468 5488 5810 5811
4 3404 4542 5812 5813
4 1502 4064 5814 5815
4 1752 5547 5816 5817
4 3469 4940 5818 5819
4 3379 3470 5820 5821
4 4915 4941 5822 5823
4 4565 4874 5824 5825
4 4875 4970 5826 5827
4 3471 5489 5828 5829
4 3472 4971 5830 5831
4 3405 4543 5832 5833
4 3406 4065 5834 5835
4 4916 5548 5836 5837
4 4544 5549 5838 5839
4 4917 5550 5840 5841
4 1753 5551 5842 5843
4 3367 4918 5844 5845
4 1754 3380 5846 5847
12 107 285 457 460 729 733 1060 1142 2363 2373 2396 2444
12 83 97 425 432 616 803 966 969 972 975 1638 1978
12 852 1077 1094 1097 1107 1186 1282 1287 1291 1303 2075 2342
12 491 495 870 886 889 892 1486 1525 1527 2653 2960 4046
12 211 237 698 1682 1685 1688 1690 1894 1896 3069 3239 3644
12 22 1150 1172 1335 1947 2375 2387 2756 3314 4790 5848 5849
12 414 418 422 426 612 782 1962 1966 1976 1979 2544 4023
12 585 605 608 844 2003 2019 2022 2026 2038 2048 3438 4465
12 487 1104 1190 1193 1275 1304 2064 2082 2084 2088 2189 2320
12 61 1007 1030 1033 1050 1090 1099 1101 1105 2190 2585 3669
12 111 841 1323 1327 1330 2110 2258 2261 2680 2735 3488 5719
12 714 718 1151 1319 1324 1331 1898 1901 2379 2381 2388 3926
12 893 1111 1133 1568 2336 2343 2351 2353 2591 2654 2655 2657
12 503 1359 2704 2767 2775 2791 2796 3451 3684 3895 4178 4742
12 409 547 645 1173 1176 1183 1415 2754 2757 2845 2851 2862
12 562 679 683 1464 2525 2904 2907 2920 3841 3968 5000 5031
12 15 1465 2799 2804 2815 2875 2877 2908 2909 2911 3447 3948
12 1478 1480 1776 1779 2868 2870 2873 2910 2912 2914 2916 3168
12 120 538 550 1481 2817 2846 2849 2852 2859 2917 3950 4484
12 1490 1507 1521 2414 2647 2937 2952 3737 3869 3972 4818 4843
12 1598 1601 1697 2801 3114 3135 3137 4978 4986 5043 5292 5850
12 907 1167 2306 2308 3088 3251 3254 3257 4248 4250 4310 5196
17 160 646 1320 1332 1336 1948 2384 2389 2748 2751 2758 3315 3325 3338 4950 5848 5851
12 215 548 1410 1413 1416 1418 3150 3347 3351 3354 4344 5209
12 807 838 1074 1078 1100 1102 1108 2344 3409 3411 3413 4501
12 289 671 674 765 845 848 2052 3439 3440 3442 5710 5852
12 62 823 842 1031 2327 2330 2333 3483 3486 3489 3490 3672
12 77 80 84 1607 1636 1639 2111 2262 3493 3495 3497 4691
12 464 467 903 922 925 928 1206 2128 3502 3504 3507 4804
12 1170 2484 2486 3092 3108 3111 3513 3516 3518 4109 4240 4273
12 57 2152 2164 2168 2171 2210 2451 3567 3573 3575 3592 4624
12 281 3193 3195 3207 3210 3212 3596 3598 3601 3619 3621 4375
12 137 141 672 675 2841 3060 3415 3417 3420 3623 3625 3627
12 721 725 1912 1917 1924 1928 1996 3271 3655 3657 3659 4140
12 19 78 1011 1048 2192 2195 3475 3487 3491 3662 3664 4702
12 973 976 1620 2172 2452 2454 3663 3665 3667 3729 3775 4802
12 326 1063 1075 1112 2331 2337 2348 2602 3673 3674 3697 4722
12 81 104 801 808 811 824 1608 3414 3679 3681 3689 5459
12 322 1064 2788 2792 3680 3685 3687 3690 3698 3701 3704 4764
12 199 557 1339 2062 2691 2693 3695 3699 3702 3705 3871 5853
12 343 465 468 1025 1245 2359 2568 2570 2574 3706 3708 3714
12 498 1136 1139 1370 2380 2382 2385 2682 3326 3716 3718 4408
12 370 379 395 398 1147 1179 1919 3308 3723 3726 4773 5854
12 923 1171 2392 3093 3248 3255 3258 3668 3730 4267 4793 5408
12 1670 1674 1960 2230 2866 3067 3594 3751 3809 4158 5370 5576
12 58 1196 2207 2268 2472 2981 3590 3744 3768 3770 3773 5181
12 1648 2150 2455 2485 3500 3503 3505 3747 3771 3774 3776 4580
12 951 2116 2136 2151 2153 2169 2186 3509 3804 3807 4217 4582
12 1795 1842 1888 1891 2468 2869 2871 3811 3814 3830 3986 4859
12 1857 2213 3041 3054 3058 3061 3628 3832 3834 3843 4902 5355
12 344 458 461 1199 1202 2449 3545 3851 3856 3858 3861 5313
17 558 1340 1435 1583 2694 2707 2711 2722 2768 2776 2789 3703 3872 3874 5435 5853 5855
12 2324 2328 2334 2708 2738 2790 3676 3878 3880 3884 5445 5856
12 506 553 1388 2726 2760 3898 3916 3920 3930 5442 5517 5857
12 504 544 1355 1360 1421 2727 2818 2850 3428 3928 3931 5276
12 2374 2672 3707 3709 3711 3717 3719 3721 3938 3940 3944 5426
12 415 483 613 1191 1194 1548 2073 2416 2419 3955 3957 3959
12 2949 2953 3815 3973 3984 3987 3988 3990 3993 5033 5056 5481
12 853 867 871 890 2074 2076 2962 2964 4026 4028 4497 5298
12 327 582 586 606 1993 2059 2349 2969 3696 4030 4032 4034
12 195 1129 1569 2560 2562 2566 2588 2970 4035 4037 4039 4042
12 1554 2660 2885 2896 2898 2901 2955 4040 4043 4047 4049 5104
12 207 1693 2881 2973 3131 4052 4974 4981 5047 5102 5125 5858
12 1641 2265 2521 2997 3015 3630 3632 3635 3642 4083 4093 5135
12 2272 3189 3261 3272 3278 4088 4091 4134 4370 4698 5151 5244
12 665 1825 3024 3235 3237 4089 4130 4132 4135 4137 4644 5396
12 3027 3039 3042 3059 3063 3643 4128 4131 4133 4150 4152 4155
12 282 1873 2231 2235 2238 3040 3224 3624 3626 4159 4170 4175
12 264 680 1858 2232 3617 3964 3969 4167 4171 4173 4176 5024
12 142 304 1998 3421 3452 3453 3456 4179 4183 4185 4207 5585
12 161 2745 2752 2755 2863 3429 3431 3433 4180 4184 4186 4187
12 116 145 234 371 375 380 410 623 1683 4189 4191 4193
12 1667 1675 3064 3068 3105 3233 4095 4098 4151 4219 4221 4459
12 2255 2309 3082 3084 3089 4110 4124 4126 4220 4222 4224 4269
12 1720 3159 3162 3357 4253 4255 4259 4301 4304 4314 4362 5859
12 1621 1622 2473 2487 3011 3496 3498 3769 4271 4274 4276 5386
12 216 260 376 624 626 3144 3147 3151 3156 4278 4292 4294
12 212 261 668 1686 1721 1731 1735 1738 4296 4298 4302 4349
12 231 238 240 243 1780 1791 3169 3645 3646 4320 4322 4328
17 1722 1732 2303 3163 3358 3368 3381 3520 4256 4351 4359 4363 4592 4595 5603 5859 5860
12 926 3166 3508 3517 4241 4249 4254 4318 4360 4364 4365 4367
12 1168 1922 2198 3242 3245 3285 4373 4400 5194 5239 5250 5788
12 265 649 2820 2842 3613 3618 3620 3622 4388 4391 4393 5022
17 162 244 305 1684 1792 1999 3070 3434 3614 4194 4383 4389 4395 5012 5580 5861 5862
12 306 545 1422 2056 2833 3441 3443 3445 4392 4394 4396 5008
12 2107 2193 2681 2683 2685 2688 3476 4403 4405 4409 4416 4423
12 715 899 1918 1929 3274 3306 3724 3727 4404 4406 4418 5227
12 396 627 1689 1691 1925 3282 3296 3660 4279 4432 4434 4437
12 1664 1668 2113 3514 3519 4237 4455 4457 4460 4590 5253 5647
12 766 768 770 3454 3457 3577 4196 4467 4470 4472 4477 5863
17 1237 1990 2538 2777 2797 3072 3458 3578 4197 4208 4468 4474 4478 4744 5669 5863 5864
12 323 1604 1991 1994 2060 2794 3410 3412 4475 4480 4482 4768
12 1341 2039 2057 2063 2697 2700 2778 3446 4473 4479 4481 4483
12 1446 1461 2041 2049 2876 3449 3946 3949 4490 4493 4495 5526
12 849 2015 2053 2541 2545 4024 4027 4494 4496 4498 4676 5703
12 583 868 1555 2345 2656 2658 2661 3450 4491 4499 4502 5294
12 887 1187 1292 2415 2417 2420 3870 4509 4521 4524 4528 4824
17 108 178 196 1055 1242 1570 2445 2546 2563 4548 4553 4566 4571 4956 5781 5865 5866
12 109 1056 1061 2564 2567 2613 3942 4549 4569 4572 5316 5865
12 101 1200 2129 2131 2645 3510 3848 3852 3853 4575 4577 4583
12 1644 2114 3079 3501 4361 4576 4578 4581 4588 4591 4593 4599
12 363 433 436 448 932 970 2165 2313 4601 4616 4622 5347
12 1264 2174 2187 3524 3527 4215 4602 4618 4620 4623 4634 4640
12 488 1248 2085 2355 2583 3546 3862 4631 4636 4638 5688 5867
12 102 2132 2175 2571 2575 2584 2586 3670 4641 4642 4713 5868
17 428 933 946 2166 2201 3549 3564 3568 3570 4079 4666 4669 4672 4678 4897 5869 5870
12 429 437 934 1977 2204 2925 3571 4670 4679 4681 4684 5869
12 367 1806 1871 2289 3190 3196 3213 4699 4700 5400 5631 5661
12 2196 3083 3243 4268 4270 4272 4277 4401 4430 4703 4704 5420
12 20 98 105 812 1008 1012 2311 2316 2318 4706 4708 4710
12 419 423 449 1276 1277 1279 3547 4643 4707 4709 4714 5345
17 450 929 1009 1026 2117 2130 2133 2176 2188 2314 2572 3671 4711 4715 4795 5868 5871
12 1091 1095 1098 1125 1246 1249 2356 2569 3675 4716 4720 4723
12 1053 1145 2673 2686 2689 3484 4717 4718 4721 4724 4726 5424
12 112 554 1328 1371 1389 1394 1423 2741 4725 4727 5432 5872
12 617 752 784 788 802 804 1605 4750 4766 4769 4771 5448
17 23 372 411 520 716 1148 1152 1174 1180 1943 2376 3725 4774 4787 4791 5849 5854
12 364 930 2118 2137 2312 2315 4712 4796 4799 4803 4805 5871
12 399 1177 1181 1184 1717 3157 3734 4788 4806 4811 4813 5462
12 430 484 566 947 1278 1280 1483 2648 2926 4819 4826 4828
12 1295 2078 2083 2089 2625 2650 4825 4827 4829 4853 4855 4857
12 3752 3763 3766 3810 3828 3831 4815 4860 4862 4864 5360 5468
12 2412 3246 3283 3286 3735 4289 4433 4812 4878 4880 4887 5492
12 904 908 1203 1207 2450 2499 3252 4879 4885 4888 4891 4893
12 2446 2547 2550 2554 3341 3731 4876 4889 4892 4894 5587 5779
12 2202 2211 2503 2517 3550 3553 3569 4673 4895 4898 4900 5870
12 567 1484 2526 2921 2923 2935 3833 3962 4667 4896 4899 4903
12 2458 3390 3525 3528 3540 3543 3777 3798 4930 4932 4934 4944
12 499 1333 1391 2386 2746 2749 2753 4947 4951 5512 5851 5873
12 179 286 358 1137 1140 1143 2761 3917 3933 4954 4957 4962
12 1584 2764 3875 3913 3934 3936 4053 4055 4963 4982 4984 4989
12 600 609 2027 2692 2723 2800 2802 2878 3873 4985 4987 4990
12 1522 1528 1544 2924 2957 2961 3958 3960 3963 4992 4994 4997
12 1462 1545 1551 2899 2902 2905 2963 2965 2967 5001 5003 5524
12 146 241 245 2860 3432 3435 4195 4397 5009 5010 5013 5861
12 563 684 1777 1799 1802 1808 3615 3952 4381 5011 5014 5018
12 16 2020 2023 2834 3951 3953 4485 4486 4488 5015 5019 5020
12 2936 2938 3738 3740 3965 4689 4846 5025 5028 5374 5530 5874
12 3829 3989 4686 4834 4850 5034 5036 5372 5381 5477 5535 5875
12 3136 3355 4005 4345 4347 4447 5038 5041 5044 5076 5205 5745
12 208 1711 2886 2956 2958 3991 3994 4998 5039 5042 5048 5053
17 601 1694 1698 3115 3128 3132 3914 4448 4975 4979 4983 4988 5045 5049 5054 5850 5858
12 2462 2465 3386 3391 3764 3778 3787 4016 4018 5064 5066 5069
12 453 1487 1491 1503 1508 1526 1712 1714 4021 5071 5073 5765
12 3407 4008 4019 4450 4453 5070 5084 5087 5328 5506 5540 5812
12 197 200 203 1439 1442 1571 1585 2695 4960 5089 5092 5095
12 454 1715 4050 5093 5096 5103 5105 5108 5111 5127 5555 5773
12 2985 3012 4120 4122 4125 4127 4693 4695 5131 5133 5384 5392
12 2203 2208 2504 2982 2998 3565 5129 5132 5134 5137 5140 5142
12 769 2539 2542 3579 4080 4085 4677 4680 4682 5138 5143 5145
12 753 1963 1967 2540 2975 2977 3073 3436 4070 5170 5172 5174
12 4200 4209 4745 4747 5183 5186 5258 5578 5666 5674 5801 5876
12 992 2273 2275 3297 3653 4297 4299 4371 4374 5190 5192 5195
12 4290 4293 4295 4307 4311 4315 4316 4809 5191 5193 5197 5496
12 1223 1645 3075 3080 3164 3382 4305 4923 4927 5199 5201 5203
12 117 121 232 235 551 669 3170 4350 5210 5211 5213 5215
12 3186 3344 4009 4341 4348 4451 5206 5212 5216 5218 5319 5601
12 699 2276 2290 3648 3654 3656 3658 4377 4379 5220 5223 5618
12 730 734 1944 2377 3311 3316 3318 3327 4419 5225 5228 5633
12 2104 2108 3494 4420 4424 4431 4692 4694 4696 5229 5232 5235
12 1923 2360 2364 2393 2397 3249 3715 4886 5246 5251 5416 5794
12 138 771 1238 3018 3021 3028 4129 4198 4201 5259 5264 5266
12 368 666 722 1807 1997 2236 2239 3220 4651 5261 5265 5267
12 539 541 630 1414 1419 1599 2805 3448 5268 5271 5273 5290
12 647 736 1757 1761 2750 3141 3929 4948 5269 5272 5277 5283
12 1356 2698 2701 2712 2724 3901 4487 4489 5274 5286 5288 5291
12 1992 2004 2016 2976 3437 4466 4469 4471 4500 5295 5296 5300
12 783 785 789 839 2065 2317 2319 2321 4029 5297 5299 5301
12 1134 2352 4505 4510 4519 4525 4550 4554 4570 5302 5304 5306
12 3345 3784 4017 4456 5254 5256 5320 5322 5324 5336 5614 5637
12 3780 3785 3799 3801 3808 4211 4213 4218 4589 5333 5337 5338
12 896 1283 1288 1296 2079 3864 4520 5308 5340 5343 5693 5877
12 1265 2626 2629 2632 3548 4626 4629 4632 4637 5346 5349 5351
12 948 3551 3554 3741 4613 4617 4831 4838 4847 5348 5350 5352
12 1447 2042 2821 3842 3844 5016 5021 5023 5353 5356 5699 5878
12 952 1197 2459 3544 3588 3745 3767 3805 5358 5361 5364 5574
12 2227 2233 4153 4156 4174 4687 5177 5359 5365 5371 5373 5566
12 2214 2228 2269 2518 3591 3631 3633 3835 4690 5375 5377 5379
12 967 1623 2205 2978 3566 3572 3574 3576 4071 5387 5388 5390
12 719 726 3923 3927 4138 4141 4148 4659 5154 5397 5398 5723
12 993 995 2304 2307 3651 4251 4257 4260 4701 5401 5402 5406
12 620 2199 2242 2256 5148 5230 5236 5240 5245 5403 5404 5407
12 1027 1034 1049 1051 1054 1146 4794 4797 4800 5409 5418 5422
12 559 1130 1436 2325 2589 2603 3677 3700 4719 5425 5428 5430
12 1126 2354 2592 2614 3857 3859 3865 3945 5309 5427 5429 5431
12 180 1057 1424 1437 1440 1443 3939 3941 3943 5433 5436 5439
17 113 555 1383 1438 2329 2736 2739 2742 3485 3678 3881 4728 5434 5443 5446 5856 5872
12 2705 2709 2713 2765 2769 3876 3902 5437 5440 5444 5447 5855
12 2737 2740 3682 3879 3924 5155 5156 5451 5457 5460 5559 5717
12 3589 3593 4614 4619 4621 4625 5378 5380 5382 5465 5470 5478
12 542 631 1479 3171 4006 5057 5058 5060 5214 5479 5482 5747
12 1224 2500 3167 3846 3849 3854 4317 4319 4904 5494 5497 5498
12 1695 2974 4022 4066 4449 4454 5074 5326 5329 5502 5504 5749
12 1411 1699 1718 1758 1762 3129 3138 4068 4807 5500 5503 5505
12 2630 2633 3541 4816 5088 5466 5469 5471 5475 5507 5508 5510
17 359 500 507 1372 1384 1390 1392 2747 3430 3918 3932 4949 5284 5513 5518 5857 5873
12 1602 2816 4980 5004 5006 5055 5059 5061 5062 5520 5522 5525
12 204 602 2882 2897 3947 4031 4033 4976 5090 5521 5523 5527
12 2874 2915 2950 4993 4995 5007 5029 5032 5063 5528 5531 5533
12 1800 1803 1889 2867 3595 3599 3602 4168 5037 5529 5534 5536
17 2229 2951 3739 4169 4615 4688 4835 4844 4848 5026 5035 5376 5383 5532 5537 5874 5875
12 1915 4648 4652 4660 5262 5557 5561 5563 5663 5679 5796 5879
12 1321 1334 1385 1393 1395 2743 4461 4463 5157 5560 5562 5564
12 2266 2986 3016 3106 3109 3112 4123 5178 5182 5567 5568 5571
12 1649 1665 1671 2463 3748 3781 3788 3802 5569 5572 5575 5577
12 24 163 521 1337 4190 4192 4462 4464 5184 5579 5581 5583
12 40 650 2000 3071 3240 4384 4386 4390 5582 5584 5586 5862
12 360 3312 3319 3339 3342 4952 5514 5515 5588 5589 5591 5595
12 3937 4056 4972 5112 5123 5556 5590 5592 5593 5777 5808 5826
12 3116 3915 3921 5285 5287 5289 5293 5516 5519 5596 5597 5599
12 996 1733 3647 3649 3652 4329 5219 5224 5602 5604 5608 5629
12 3521 4352 4594 4596 4600 5331 5605 5609 5615 5616 5639 5860
12 1793 1796 1809 1892 3208 4382 4385 4387 5221 5619 5621 5624
12 3712 3722 4417 4705 5226 5417 5419 5421 5423 5634 5635 5785
12 1961 2466 2469 3194 3387 3597 3812 4458 5642 5644 5648 5651
12 621 1872 1874 3225 3234 3236 3238 5405 5643 5645 5653 5655
12 2305 3085 4225 4238 4353 4366 4368 5640 5654 5656 5657 5659
12 1829 4325 5257 5622 5625 5630 5632 5638 5652 5658 5660 5662
12 1239 1642 3025 4084 4086 4645 4649 5146 5163 5664 5670 5672
12 2795 2798 3074 4476 4739 4743 4746 5171 5667 5671 5673 5864
12 41 3211 3221 3416 3418 4376 4378 4380 5187 5675 5677 5682
12 522 1149 1895 1897 1899 1902 1913 1916 1920 5678 5680 5683
12 897 2434 4627 4630 4925 4931 4933 4942 5341 5684 5686 5822
17 1127 1284 1305 2080 2086 2357 2435 2627 3863 3866 4633 5314 5342 5689 5694 5867 5877
12 2436 2646 3076 4212 4214 4216 4635 4639 4924 5690 5691 5696
12 2551 2555 3847 4567 4573 4905 5315 5317 5344 5692 5695 5697
12 1549 1552 2968 3956 4668 4671 4685 5354 5700 5704 5706 5708
17 676 846 2043 2050 2054 2822 2835 2843 3055 3444 5017 5357 5701 5705 5711 5852 5878
12 290 2522 3019 3022 3056 3636 4081 4674 4901 5707 5709 5712
12 1637 4751 4762 5385 5389 5391 5393 5449 5452 5713 5715 5718
12 900 2105 2259 3275 4092 4149 5152 5394 5714 5716 5720 5721
12 1826 2243 4094 4096 4099 4121 5136 5149 5395 5722 5725 5727
12 4763 5130 5141 5164 5166 5168 5173 5175 5399 5724 5726 5728
12 737 1949 3142 3340 4776 4779 4789 4792 5188 5729 5731 5733
12 3130 3133 5124 5126 5598 5600 5730 5734 5735 5737 5739 5806
12 1830 1843 3187 4321 4323 4326 5065 5067 5480 5741 5743 5748
12 1736 1739 3348 3352 3369 3522 4342 5327 5617 5750 5751 5753
12 2651 4506 4545 4856 4943 5303 5509 5511 5755 5757 5818 5832
12 4832 4836 4839 4845 4851 4854 4858 5476 5538 5759 5761 5763
12 3985 4863 4865 5072 5077 5085 5742 5744 5746 5762 5764 5766
12 492 496 1243 2557 2561 4038 4532 4555 5768 5771 5774 5775
12 1244 1572 2548 4955 4958 4961 4973 5769 5780 5782 5830 5866
12 3262 3279 3307 4421 4435 4438 5233 5636 5786 5789 5790 5792
12 1945 2413 3309 3732 4775 4777 4780 4890 5247 5791 5793 5795
17 523 1240 1386 3222 4740 5185 5260 5263 5565 5665 5668 5676 5681 5797 5802 5876 5879
12 3688 4741 4765 4767 4772 5167 5169 5458 5558 5798 5799 5804
12 508 1387 3882 3885 3896 3899 4181 4188 4748 5800 5803 5805
12 1755 4308 4810 4814 5200 5202 5463 5490 5738 5807 5810 5816
12 1504 2558 4522 4529 4533 4546 5539 5541 5760 5813 5814 5838
12 3473 5552 5756 5772 5776 5778 5809 5811 5817 5819 5820 5840
12 4877 4881 5189 5491 5493 5495 5499 5594 5732 5824 5827 5828
12 3474 4568 4926 4928 5204 5305 5307 5685 5783 5825 5829 5831
12 3408 4919 4935 4945 5323 5325 5752 5754 5758 5833 5834 5836
12 4067 4921 5109 5128 5553 5736 5740 5815 5835 5837 5839 5842
12 3383 4597 4920 5332 5334 5339 5687 5821 5823 5841 5844 5846
12 1756 3145 3148 3160 3359 3370 4069 4922 5501 5843 5845 5847
